#! /opt/homebrew/Cellar/icarus-verilog/13.0/bin/vvp
:ivl_version "13.0 (stable)" "(v13_0)";
:ivl_delay_selection "TYPICAL";
:vpi_time_precision - 12;
:vpi_module "/opt/homebrew/Cellar/icarus-verilog/13.0/lib/ivl/system.vpi";
:vpi_module "/opt/homebrew/Cellar/icarus-verilog/13.0/lib/ivl/vhdl_sys.vpi";
:vpi_module "/opt/homebrew/Cellar/icarus-verilog/13.0/lib/ivl/vhdl_textio.vpi";
:vpi_module "/opt/homebrew/Cellar/icarus-verilog/13.0/lib/ivl/v2005_math.vpi";
:vpi_module "/opt/homebrew/Cellar/icarus-verilog/13.0/lib/ivl/va_math.vpi";
:vpi_module "/opt/homebrew/Cellar/icarus-verilog/13.0/lib/ivl/v2009.vpi";
S_0x102b4a010 .scope package, "$unit" "$unit" 2 1;
 .timescale 0 0;
S_0x102b432d0 .scope module, "picorv32_axi" "picorv32_axi" 3 2517;
 .timescale -9 -12;
    .port_info 0 /INPUT 1 "clk";
    .port_info 1 /INPUT 1 "resetn";
    .port_info 2 /OUTPUT 1 "trap";
    .port_info 3 /OUTPUT 1 "mem_axi_awvalid";
    .port_info 4 /INPUT 1 "mem_axi_awready";
    .port_info 5 /OUTPUT 32 "mem_axi_awaddr";
    .port_info 6 /OUTPUT 3 "mem_axi_awprot";
    .port_info 7 /OUTPUT 1 "mem_axi_wvalid";
    .port_info 8 /INPUT 1 "mem_axi_wready";
    .port_info 9 /OUTPUT 32 "mem_axi_wdata";
    .port_info 10 /OUTPUT 4 "mem_axi_wstrb";
    .port_info 11 /INPUT 1 "mem_axi_bvalid";
    .port_info 12 /OUTPUT 1 "mem_axi_bready";
    .port_info 13 /OUTPUT 1 "mem_axi_arvalid";
    .port_info 14 /INPUT 1 "mem_axi_arready";
    .port_info 15 /OUTPUT 32 "mem_axi_araddr";
    .port_info 16 /OUTPUT 3 "mem_axi_arprot";
    .port_info 17 /INPUT 1 "mem_axi_rvalid";
    .port_info 18 /OUTPUT 1 "mem_axi_rready";
    .port_info 19 /INPUT 32 "mem_axi_rdata";
    .port_info 20 /OUTPUT 1 "pcpi_valid";
    .port_info 21 /OUTPUT 32 "pcpi_insn";
    .port_info 22 /OUTPUT 32 "pcpi_rs1";
    .port_info 23 /OUTPUT 32 "pcpi_rs2";
    .port_info 24 /INPUT 1 "pcpi_wr";
    .port_info 25 /INPUT 32 "pcpi_rd";
    .port_info 26 /INPUT 1 "pcpi_wait";
    .port_info 27 /INPUT 1 "pcpi_ready";
    .port_info 28 /INPUT 32 "irq";
    .port_info 29 /OUTPUT 32 "eoi";
    .port_info 30 /OUTPUT 1 "trace_valid";
    .port_info 31 /OUTPUT 36 "trace_data";
P_0x102b515d0 .param/l "BARREL_SHIFTER" 0 3 2523, C4<0>;
P_0x102b51610 .param/l "CATCH_ILLINSN" 0 3 2528, C4<1>;
P_0x102b51650 .param/l "CATCH_MISALIGN" 0 3 2527, C4<1>;
P_0x102b51690 .param/l "COMPRESSED_ISA" 0 3 2526, C4<0>;
P_0x102b516d0 .param/l "ENABLE_COUNTERS" 0 3 2518, C4<1>;
P_0x102b51710 .param/l "ENABLE_COUNTERS64" 0 3 2519, C4<1>;
P_0x102b51750 .param/l "ENABLE_DIV" 0 3 2532, C4<0>;
P_0x102b51790 .param/l "ENABLE_FAST_MUL" 0 3 2531, C4<0>;
P_0x102b517d0 .param/l "ENABLE_IRQ" 0 3 2533, C4<0>;
P_0x102b51810 .param/l "ENABLE_IRQ_QREGS" 0 3 2534, C4<1>;
P_0x102b51850 .param/l "ENABLE_IRQ_TIMER" 0 3 2535, C4<1>;
P_0x102b51890 .param/l "ENABLE_MUL" 0 3 2530, C4<0>;
P_0x102b518d0 .param/l "ENABLE_PCPI" 0 3 2529, C4<0>;
P_0x102b51910 .param/l "ENABLE_REGS_16_31" 0 3 2520, C4<1>;
P_0x102b51950 .param/l "ENABLE_REGS_DUALPORT" 0 3 2521, C4<1>;
P_0x102b51990 .param/l "ENABLE_TRACE" 0 3 2536, C4<0>;
P_0x102b519d0 .param/l "LATCHED_IRQ" 0 3 2539, C4<11111111111111111111111111111111>;
P_0x102b51a10 .param/l "MASKED_IRQ" 0 3 2538, C4<00000000000000000000000000000000>;
P_0x102b51a50 .param/l "PROGADDR_IRQ" 0 3 2541, C4<00000000000000000000000000010000>;
P_0x102b51a90 .param/l "PROGADDR_RESET" 0 3 2540, C4<00000000000000000000000000000000>;
P_0x102b51ad0 .param/l "REGS_INIT_ZERO" 0 3 2537, C4<0>;
P_0x102b51b10 .param/l "STACKADDR" 0 3 2542, C4<11111111111111111111111111111111>;
P_0x102b51b50 .param/l "TWO_CYCLE_ALU" 0 3 2525, C4<0>;
P_0x102b51b90 .param/l "TWO_CYCLE_COMPARE" 0 3 2524, C4<0>;
P_0x102b51bd0 .param/l "TWO_STAGE_SHIFT" 0 3 2522, C4<1>;
o0x8bb444310 .functor BUFZ 1, c4<z>; HiZ drive
v0x8bb20d860_0 .net "clk", 0 0, o0x8bb444310;  0 drivers
v0x8bb20d900_0 .net "eoi", 31 0, v0x8bb207480_0;  1 drivers
o0x8bb447130 .functor BUFZ 32, c4<zzzzzzzzzzzzzzzzzzzzzzzzzzzzzzzz>; HiZ drive
v0x8bb20d9a0_0 .net "irq", 31 0, o0x8bb447130;  0 drivers
v0x8bb20da40_0 .net "mem_addr", 31 0, v0x8bb20a8a0_0;  1 drivers
v0x8bb20dae0_0 .net "mem_axi_araddr", 31 0, L_0x8bac91f10;  1 drivers
v0x8bb20db80_0 .net "mem_axi_arprot", 2 0, L_0x8badd0960;  1 drivers
o0x8bb4443d0 .functor BUFZ 1, c4<z>; HiZ drive
v0x8bb20dc20_0 .net "mem_axi_arready", 0 0, o0x8bb4443d0;  0 drivers
v0x8bb20dcc0_0 .net "mem_axi_arvalid", 0 0, L_0x8bb0f75d0;  1 drivers
v0x8bb20dd60_0 .net "mem_axi_awaddr", 31 0, L_0x8bac91ea0;  1 drivers
L_0x8bb478010 .functor BUFT 1, C4<000>, C4<0>, C4<0>, C4<0>;
v0x8bb20de00_0 .net "mem_axi_awprot", 2 0, L_0x8bb478010;  1 drivers
o0x8bb444490 .functor BUFZ 1, c4<z>; HiZ drive
v0x8bb20dea0_0 .net "mem_axi_awready", 0 0, o0x8bb444490;  0 drivers
v0x8bb20df40_0 .net "mem_axi_awvalid", 0 0, L_0x8bb0f74f0;  1 drivers
v0x8bb20dfe0_0 .net "mem_axi_bready", 0 0, L_0x8bb0f7330;  1 drivers
o0x8bb444520 .functor BUFZ 1, c4<z>; HiZ drive
v0x8bb20e080_0 .net "mem_axi_bvalid", 0 0, o0x8bb444520;  0 drivers
o0x8bb444550 .functor BUFZ 32, c4<zzzzzzzzzzzzzzzzzzzzzzzzzzzzzzzz>; HiZ drive
v0x8bb20e120_0 .net "mem_axi_rdata", 31 0, o0x8bb444550;  0 drivers
v0x8bb20e1c0_0 .net "mem_axi_rready", 0 0, L_0x8bb0f72c0;  1 drivers
o0x8bb4445b0 .functor BUFZ 1, c4<z>; HiZ drive
v0x8bb20e260_0 .net "mem_axi_rvalid", 0 0, o0x8bb4445b0;  0 drivers
v0x8bb20e300_0 .net "mem_axi_wdata", 31 0, L_0x8bac91f80;  1 drivers
o0x8bb444610 .functor BUFZ 1, c4<z>; HiZ drive
v0x8bb20e3a0_0 .net "mem_axi_wready", 0 0, o0x8bb444610;  0 drivers
v0x8bb20e440_0 .net "mem_axi_wstrb", 3 0, L_0x8bac91ff0;  1 drivers
v0x8bb20e4e0_0 .net "mem_axi_wvalid", 0 0, L_0x8bb0f6840;  1 drivers
v0x8bb20e580_0 .net "mem_instr", 0 0, v0x8bb20ad00_0;  1 drivers
v0x8bb20e620_0 .net "mem_rdata", 31 0, L_0x8bac92060;  1 drivers
v0x8bb20e6c0_0 .net "mem_ready", 0 0, L_0x8bb0f68b0;  1 drivers
v0x8bb20e760_0 .net "mem_valid", 0 0, v0x8bb20b840_0;  1 drivers
v0x8bb20e800_0 .net "mem_wdata", 31 0, v0x8bb20b8e0_0;  1 drivers
v0x8bb20e8a0_0 .net "mem_wstrb", 3 0, v0x8bb20ba20_0;  1 drivers
v0x8bb20e940_0 .net "pcpi_insn", 31 0, v0x8bb20c0a0_0;  1 drivers
o0x8bb447eb0 .functor BUFZ 32, c4<zzzzzzzzzzzzzzzzzzzzzzzzzzzzzzzz>; HiZ drive
v0x8bb20e9e0_0 .net "pcpi_rd", 31 0, o0x8bb447eb0;  0 drivers
o0x8bb447ee0 .functor BUFZ 1, c4<z>; HiZ drive
v0x8bb20ea80_0 .net "pcpi_ready", 0 0, o0x8bb447ee0;  0 drivers
v0x8bb20eb20_0 .net "pcpi_rs1", 31 0, L_0x8bac923e0;  1 drivers
v0x8bb20ebc0_0 .net "pcpi_rs2", 31 0, L_0x8bac92450;  1 drivers
v0x8bb20ec60_0 .net "pcpi_valid", 0 0, v0x8bb20c960_0;  1 drivers
o0x8bb447fd0 .functor BUFZ 1, c4<z>; HiZ drive
v0x8bb20ed00_0 .net "pcpi_wait", 0 0, o0x8bb447fd0;  0 drivers
o0x8bb448000 .functor BUFZ 1, c4<z>; HiZ drive
v0x8bb20eda0_0 .net "pcpi_wr", 0 0, o0x8bb448000;  0 drivers
o0x8bb4447c0 .functor BUFZ 1, c4<z>; HiZ drive
v0x8bb20ee40_0 .net "resetn", 0 0, o0x8bb4447c0;  0 drivers
v0x8bb20eee0_0 .net "trace_data", 35 0, v0x8bb20d680_0;  1 drivers
v0x8bb20ef80_0 .net "trace_valid", 0 0, v0x8bb20d720_0;  1 drivers
v0x8bb20f020_0 .net "trap", 0 0, v0x8bb20d7c0_0;  1 drivers
S_0x102b43c30 .scope module, "axi_adapter" "picorv32_axi_adapter" 3 2619, 3 2731 0, S_0x102b432d0;
 .timescale -9 -12;
    .port_info 0 /INPUT 1 "clk";
    .port_info 1 /INPUT 1 "resetn";
    .port_info 2 /OUTPUT 1 "mem_axi_awvalid";
    .port_info 3 /INPUT 1 "mem_axi_awready";
    .port_info 4 /OUTPUT 32 "mem_axi_awaddr";
    .port_info 5 /OUTPUT 3 "mem_axi_awprot";
    .port_info 6 /OUTPUT 1 "mem_axi_wvalid";
    .port_info 7 /INPUT 1 "mem_axi_wready";
    .port_info 8 /OUTPUT 32 "mem_axi_wdata";
    .port_info 9 /OUTPUT 4 "mem_axi_wstrb";
    .port_info 10 /INPUT 1 "mem_axi_bvalid";
    .port_info 11 /OUTPUT 1 "mem_axi_bready";
    .port_info 12 /OUTPUT 1 "mem_axi_arvalid";
    .port_info 13 /INPUT 1 "mem_axi_arready";
    .port_info 14 /OUTPUT 32 "mem_axi_araddr";
    .port_info 15 /OUTPUT 3 "mem_axi_arprot";
    .port_info 16 /INPUT 1 "mem_axi_rvalid";
    .port_info 17 /OUTPUT 1 "mem_axi_rready";
    .port_info 18 /INPUT 32 "mem_axi_rdata";
    .port_info 19 /INPUT 1 "mem_valid";
    .port_info 20 /INPUT 1 "mem_instr";
    .port_info 21 /OUTPUT 1 "mem_ready";
    .port_info 22 /INPUT 32 "mem_addr";
    .port_info 23 /INPUT 32 "mem_wdata";
    .port_info 24 /INPUT 4 "mem_wstrb";
    .port_info 25 /OUTPUT 32 "mem_rdata";
L_0x8bb0f7480 .functor AND 1, v0x8bb20b840_0, L_0x8bad80d20, C4<1>, C4<1>;
L_0x8bb0f74f0 .functor AND 1, L_0x8bb0f7480, L_0x8bad80dc0, C4<1>, C4<1>;
L_0x8bac91ea0 .functor BUFZ 32, v0x8bb20a8a0_0, C4<00000000000000000000000000000000>, C4<00000000000000000000000000000000>, C4<00000000000000000000000000000000>;
L_0x8bb0f7560 .functor AND 1, v0x8bb20b840_0, L_0x8bad80e60, C4<1>, C4<1>;
L_0x8bb0f75d0 .functor AND 1, L_0x8bb0f7560, L_0x8bad80f00, C4<1>, C4<1>;
L_0x8bac91f10 .functor BUFZ 32, v0x8bb20a8a0_0, C4<00000000000000000000000000000000>, C4<00000000000000000000000000000000>, C4<00000000000000000000000000000000>;
L_0x8bb0f67d0 .functor AND 1, v0x8bb20b840_0, L_0x8bad80fa0, C4<1>, C4<1>;
L_0x8bb0f6840 .functor AND 1, L_0x8bb0f67d0, L_0x8bad81040, C4<1>, C4<1>;
L_0x8bac91f80 .functor BUFZ 32, v0x8bb20b8e0_0, C4<00000000000000000000000000000000>, C4<00000000000000000000000000000000>, C4<00000000000000000000000000000000>;
L_0x8bac91ff0 .functor BUFZ 4, v0x8bb20ba20_0, C4<0000>, C4<0000>, C4<0000>;
L_0x8bb0f68b0 .functor OR 1, o0x8bb444520, o0x8bb4445b0, C4<0>, C4<0>;
L_0x8bb0f7330 .functor AND 1, v0x8bb20b840_0, L_0x8bad810e0, C4<1>, C4<1>;
L_0x8bb0f72c0 .functor AND 1, v0x8bb20b840_0, L_0x8bad81180, C4<1>, C4<1>;
L_0x8bac92060 .functor BUFZ 32, o0x8bb444550, C4<00000000000000000000000000000000>, C4<00000000000000000000000000000000>, C4<00000000000000000000000000000000>;
v0x8bb1a1360_0 .net *"_ivl_1", 0 0, L_0x8bad80d20;  1 drivers
v0x8bb1a1400_0 .net *"_ivl_13", 0 0, L_0x8bad80e60;  1 drivers
v0x8bb1a14a0_0 .net *"_ivl_15", 0 0, L_0x8bb0f7560;  1 drivers
v0x8bb1a1540_0 .net *"_ivl_17", 0 0, L_0x8bad80f00;  1 drivers
L_0x8bb478058 .functor BUFT 1, C4<100>, C4<0>, C4<0>, C4<0>;
v0x8bb1a15e0_0 .net/2u *"_ivl_22", 2 0, L_0x8bb478058;  1 drivers
L_0x8bb4780a0 .functor BUFT 1, C4<000>, C4<0>, C4<0>, C4<0>;
v0x8bb1a1680_0 .net/2u *"_ivl_24", 2 0, L_0x8bb4780a0;  1 drivers
v0x8bb1a1720_0 .net *"_ivl_29", 0 0, L_0x8bad80fa0;  1 drivers
v0x8bb1a17c0_0 .net *"_ivl_3", 0 0, L_0x8bb0f7480;  1 drivers
v0x8bb1a1860_0 .net *"_ivl_31", 0 0, L_0x8bb0f67d0;  1 drivers
v0x8bb1a1900_0 .net *"_ivl_33", 0 0, L_0x8bad81040;  1 drivers
v0x8bb1a19a0_0 .net *"_ivl_43", 0 0, L_0x8bad810e0;  1 drivers
v0x8bb1a1a40_0 .net *"_ivl_47", 0 0, L_0x8bad81180;  1 drivers
v0x8bb1a1ae0_0 .net *"_ivl_5", 0 0, L_0x8bad80dc0;  1 drivers
v0x8bb1a1b80_0 .var "ack_arvalid", 0 0;
v0x8bb1a1c20_0 .var "ack_awvalid", 0 0;
v0x8bb1a1cc0_0 .var "ack_wvalid", 0 0;
v0x8bb1a1d60_0 .net "clk", 0 0, o0x8bb444310;  alias, 0 drivers
v0x8bb1a1e00_0 .net "mem_addr", 31 0, v0x8bb20a8a0_0;  alias, 1 drivers
v0x8bb1a1ea0_0 .net "mem_axi_araddr", 31 0, L_0x8bac91f10;  alias, 1 drivers
v0x8bb1a1f40_0 .net "mem_axi_arprot", 2 0, L_0x8badd0960;  alias, 1 drivers
v0x8bb1a1fe0_0 .net "mem_axi_arready", 0 0, o0x8bb4443d0;  alias, 0 drivers
v0x8bb1a2080_0 .net "mem_axi_arvalid", 0 0, L_0x8bb0f75d0;  alias, 1 drivers
v0x8bb1a2120_0 .net "mem_axi_awaddr", 31 0, L_0x8bac91ea0;  alias, 1 drivers
v0x8bb1a21c0_0 .net "mem_axi_awprot", 2 0, L_0x8bb478010;  alias, 1 drivers
v0x8bb1a2260_0 .net "mem_axi_awready", 0 0, o0x8bb444490;  alias, 0 drivers
v0x8bb1a2300_0 .net "mem_axi_awvalid", 0 0, L_0x8bb0f74f0;  alias, 1 drivers
v0x8bb1a23a0_0 .net "mem_axi_bready", 0 0, L_0x8bb0f7330;  alias, 1 drivers
v0x8bb1a2440_0 .net "mem_axi_bvalid", 0 0, o0x8bb444520;  alias, 0 drivers
v0x8bb1a24e0_0 .net "mem_axi_rdata", 31 0, o0x8bb444550;  alias, 0 drivers
v0x8bb1a2580_0 .net "mem_axi_rready", 0 0, L_0x8bb0f72c0;  alias, 1 drivers
v0x8bb1a2620_0 .net "mem_axi_rvalid", 0 0, o0x8bb4445b0;  alias, 0 drivers
v0x8bb1a26c0_0 .net "mem_axi_wdata", 31 0, L_0x8bac91f80;  alias, 1 drivers
v0x8bb1a2760_0 .net "mem_axi_wready", 0 0, o0x8bb444610;  alias, 0 drivers
v0x8bb1a2800_0 .net "mem_axi_wstrb", 3 0, L_0x8bac91ff0;  alias, 1 drivers
v0x8bb1a28a0_0 .net "mem_axi_wvalid", 0 0, L_0x8bb0f6840;  alias, 1 drivers
v0x8bb1a2940_0 .net "mem_instr", 0 0, v0x8bb20ad00_0;  alias, 1 drivers
v0x8bb1a29e0_0 .net "mem_rdata", 31 0, L_0x8bac92060;  alias, 1 drivers
v0x8bb1a2a80_0 .net "mem_ready", 0 0, L_0x8bb0f68b0;  alias, 1 drivers
v0x8bb1a2b20_0 .net "mem_valid", 0 0, v0x8bb20b840_0;  alias, 1 drivers
v0x8bb1a2bc0_0 .net "mem_wdata", 31 0, v0x8bb20b8e0_0;  alias, 1 drivers
v0x8bb1a2c60_0 .net "mem_wstrb", 3 0, v0x8bb20ba20_0;  alias, 1 drivers
v0x8bb1a2d00_0 .net "resetn", 0 0, o0x8bb4447c0;  alias, 0 drivers
v0x8bb1a2da0_0 .var "xfer_done", 0 0;
E_0x8bb1e4400 .event posedge, v0x8bb1a1d60_0;
L_0x8bad80d20 .reduce/or v0x8bb20ba20_0;
L_0x8bad80dc0 .reduce/nor v0x8bb1a1c20_0;
L_0x8bad80e60 .reduce/nor v0x8bb20ba20_0;
L_0x8bad80f00 .reduce/nor v0x8bb1a1b80_0;
L_0x8badd0960 .functor MUXZ 3, L_0x8bb4780a0, L_0x8bb478058, v0x8bb20ad00_0, C4<>;
L_0x8bad80fa0 .reduce/or v0x8bb20ba20_0;
L_0x8bad81040 .reduce/nor v0x8bb1a1cc0_0;
L_0x8bad810e0 .reduce/or v0x8bb20ba20_0;
L_0x8bad81180 .reduce/nor v0x8bb20ba20_0;
S_0x102b3ac70 .scope module, "picorv32_core" "picorv32" 3 2674, 3 62 0, S_0x102b432d0;
 .timescale -9 -12;
    .port_info 0 /INPUT 1 "clk";
    .port_info 1 /INPUT 1 "resetn";
    .port_info 2 /OUTPUT 1 "trap";
    .port_info 3 /OUTPUT 1 "mem_valid";
    .port_info 4 /OUTPUT 1 "mem_instr";
    .port_info 5 /INPUT 1 "mem_ready";
    .port_info 6 /OUTPUT 32 "mem_addr";
    .port_info 7 /OUTPUT 32 "mem_wdata";
    .port_info 8 /OUTPUT 4 "mem_wstrb";
    .port_info 9 /INPUT 32 "mem_rdata";
    .port_info 10 /OUTPUT 1 "mem_la_read";
    .port_info 11 /OUTPUT 1 "mem_la_write";
    .port_info 12 /OUTPUT 32 "mem_la_addr";
    .port_info 13 /OUTPUT 32 "mem_la_wdata";
    .port_info 14 /OUTPUT 4 "mem_la_wstrb";
    .port_info 15 /OUTPUT 1 "pcpi_valid";
    .port_info 16 /OUTPUT 32 "pcpi_insn";
    .port_info 17 /OUTPUT 32 "pcpi_rs1";
    .port_info 18 /OUTPUT 32 "pcpi_rs2";
    .port_info 19 /INPUT 1 "pcpi_wr";
    .port_info 20 /INPUT 32 "pcpi_rd";
    .port_info 21 /INPUT 1 "pcpi_wait";
    .port_info 22 /INPUT 1 "pcpi_ready";
    .port_info 23 /INPUT 32 "irq";
    .port_info 24 /OUTPUT 32 "eoi";
    .port_info 25 /OUTPUT 1 "trace_valid";
    .port_info 26 /OUTPUT 36 "trace_data";
P_0x102b523d0 .param/l "BARREL_SHIFTER" 0 3 69, C4<0>;
P_0x102b52410 .param/l "CATCH_ILLINSN" 0 3 74, C4<1>;
P_0x102b52450 .param/l "CATCH_MISALIGN" 0 3 73, C4<1>;
P_0x102b52490 .param/l "COMPRESSED_ISA" 0 3 72, C4<0>;
P_0x102b524d0 .param/l "ENABLE_COUNTERS" 0 3 63, C4<1>;
P_0x102b52510 .param/l "ENABLE_COUNTERS64" 0 3 64, C4<1>;
P_0x102b52550 .param/l "ENABLE_DIV" 0 3 78, C4<0>;
P_0x102b52590 .param/l "ENABLE_FAST_MUL" 0 3 77, C4<0>;
P_0x102b525d0 .param/l "ENABLE_IRQ" 0 3 79, C4<0>;
P_0x102b52610 .param/l "ENABLE_IRQ_QREGS" 0 3 80, C4<1>;
P_0x102b52650 .param/l "ENABLE_IRQ_TIMER" 0 3 81, C4<1>;
P_0x102b52690 .param/l "ENABLE_MUL" 0 3 76, C4<0>;
P_0x102b526d0 .param/l "ENABLE_PCPI" 0 3 75, C4<0>;
P_0x102b52710 .param/l "ENABLE_REGS_16_31" 0 3 65, C4<1>;
P_0x102b52750 .param/l "ENABLE_REGS_DUALPORT" 0 3 66, C4<1>;
P_0x102b52790 .param/l "ENABLE_TRACE" 0 3 82, C4<0>;
P_0x102b527d0 .param/l "LATCHED_IRQ" 0 3 85, C4<11111111111111111111111111111111>;
P_0x102b52810 .param/l "LATCHED_MEM_RDATA" 0 3 67, C4<0>;
P_0x102b52850 .param/l "MASKED_IRQ" 0 3 84, C4<00000000000000000000000000000000>;
P_0x102b52890 .param/l "PROGADDR_IRQ" 0 3 87, C4<00000000000000000000000000010000>;
P_0x102b528d0 .param/l "PROGADDR_RESET" 0 3 86, C4<00000000000000000000000000000000>;
P_0x102b52910 .param/l "REGS_INIT_ZERO" 0 3 83, C4<0>;
P_0x102b52950 .param/l "STACKADDR" 0 3 88, C4<11111111111111111111111111111111>;
P_0x102b52990 .param/l "TRACE_ADDR" 1 3 172, C4<001000000000000000000000000000000000>;
P_0x102b529d0 .param/l "TRACE_BRANCH" 1 3 171, C4<000100000000000000000000000000000000>;
P_0x102b52a10 .param/l "TRACE_IRQ" 1 3 173, C4<100000000000000000000000000000000000>;
P_0x102b52a50 .param/l "TWO_CYCLE_ALU" 0 3 71, C4<0>;
P_0x102b52a90 .param/l "TWO_CYCLE_COMPARE" 0 3 70, C4<0>;
P_0x102b52ad0 .param/l "TWO_STAGE_SHIFT" 0 3 68, C4<1>;
P_0x102b52b10 .param/l "WITH_PCPI" 1 3 169, C4<0>;
P_0x102b52b50 .param/l "cpu_state_exec" 1 3 1176, C4<00001000>;
P_0x102b52b90 .param/l "cpu_state_fetch" 1 3 1173, C4<01000000>;
P_0x102b52bd0 .param/l "cpu_state_ld_rs1" 1 3 1174, C4<00100000>;
P_0x102b52c10 .param/l "cpu_state_ld_rs2" 1 3 1175, C4<00010000>;
P_0x102b52c50 .param/l "cpu_state_ldmem" 1 3 1179, C4<00000001>;
P_0x102b52c90 .param/l "cpu_state_shift" 1 3 1177, C4<00000100>;
P_0x102b52cd0 .param/l "cpu_state_stmem" 1 3 1178, C4<00000010>;
P_0x102b52d10 .param/l "cpu_state_trap" 1 3 1172, C4<10000000>;
P_0x102b52d50 .param/l "irq_buserror" 1 3 163, +C4<00000000000000000000000000000010>;
P_0x102b52d90 .param/l "irq_ebreak" 1 3 162, +C4<00000000000000000000000000000001>;
P_0x102b52dd0 .param/l "irq_timer" 1 3 161, +C4<00000000000000000000000000000000>;
P_0x102b52e10 .param/l "irqregs_offset" 1 3 165, +C4<00000000000000000000000000100000>;
P_0x102b52e50 .param/l "regfile_size" 1 3 166, +C4<00000000000000000000000000100000>;
P_0x102b52e90 .param/l "regindex_bits" 1 3 167, +C4<00000000000000000000000000000101>;
L_0x8bac920d0 .functor BUFZ 1, v0x8bb20b840_0, C4<0>, C4<0>, C4<0>;
L_0x8bac92140 .functor BUFZ 1, v0x8bb20ad00_0, C4<0>, C4<0>, C4<0>;
L_0x8bac921b0 .functor BUFZ 1, L_0x8bb0f68b0, C4<0>, C4<0>, C4<0>;
L_0x8bac92220 .functor BUFZ 32, v0x8bb20a8a0_0, C4<00000000000000000000000000000000>, C4<00000000000000000000000000000000>, C4<00000000000000000000000000000000>;
L_0x8bac92290 .functor BUFZ 32, v0x8bb20b8e0_0, C4<00000000000000000000000000000000>, C4<00000000000000000000000000000000>, C4<00000000000000000000000000000000>;
L_0x8bac92300 .functor BUFZ 4, v0x8bb20ba20_0, C4<0000>, C4<0000>, C4<0000>;
L_0x8bac92370 .functor BUFZ 32, L_0x8bac92060, C4<00000000000000000000000000000000>, C4<00000000000000000000000000000000>, C4<00000000000000000000000000000000>;
L_0x8bac923e0 .functor BUFZ 32, v0x8bb20d040_0, C4<00000000000000000000000000000000>, C4<00000000000000000000000000000000>, C4<00000000000000000000000000000000>;
L_0x8bac92450 .functor BUFZ 32, v0x8bb20d0e0_0, C4<00000000000000000000000000000000>, C4<00000000000000000000000000000000>, C4<00000000000000000000000000000000>;
L_0x8bb0f6990 .functor AND 1, v0x8bb20b840_0, L_0x8bb0f68b0, C4<1>, C4<1>;
L_0x8bb4783b8 .functor BUFT 1, C4<0>, C4<0>, C4<0>, C4<0>;
L_0x8bb0f6a00 .functor AND 1, L_0x8bb4783b8, v0x8bb20ab20_0, C4<1>, C4<1>;
L_0x8bb0f6b50 .functor OR 1, L_0x8bb0f6990, L_0x8bb0f6a00, C4<0>, C4<0>;
L_0x8bb0f6c30 .functor AND 1, L_0x8bb0f6b50, L_0x8bad81360, C4<1>, C4<1>;
L_0x8bb0f6d10 .functor OR 1, v0x8bb20ab20_0, v0x8bb20aa80_0, C4<0>, C4<0>;
L_0x8bb0f6df0 .functor OR 1, L_0x8bb0f6d10, v0x8bb20abc0_0, C4<0>, C4<0>;
L_0x8bb0f6ca0 .functor AND 1, L_0x8bb0f6c30, L_0x8bb0f6df0, C4<1>, C4<1>;
L_0x8bb0f6ed0 .functor AND 1, L_0x8bad81400, v0x8bb20ab20_0, C4<1>, C4<1>;
L_0x8bb0f7020 .functor OR 1, L_0x8bb0f6ca0, L_0x8bb0f6ed0, C4<0>, C4<0>;
L_0x8bb0f7170 .functor AND 1, o0x8bb4447c0, L_0x8bb0f7020, C4<1>, C4<1>;
L_0x8bb0f5ff0 .functor AND 1, L_0x8bad81540, L_0x8bb0f6b50, C4<1>, C4<1>;
L_0x8bb0f60d0 .functor OR 1, L_0x8bad814a0, L_0x8bb0f5ff0, C4<0>, C4<0>;
L_0x8bb0f6140 .functor AND 1, L_0x8bb0f7170, L_0x8bb0f60d0, C4<1>, C4<1>;
L_0x8bb0f61b0 .functor AND 1, o0x8bb4447c0, L_0x8bad815e0, C4<1>, C4<1>;
L_0x8bb0f6290 .functor AND 1, L_0x8bb0f61b0, v0x8bb20abc0_0, C4<1>, C4<1>;
L_0x8bb0f6370 .functor AND 1, L_0x8bad81680, L_0x8bad81720, C4<1>, C4<1>;
L_0x8bb0f64c0 .functor OR 1, v0x8bb20ab20_0, v0x8bb20a9e0_0, C4<0>, C4<0>;
L_0x8bb0f6610 .functor OR 1, L_0x8bb0f64c0, v0x8bb20aa80_0, C4<0>, C4<0>;
L_0x8bb0f5730 .functor AND 1, L_0x8bb0f6370, L_0x8bb0f6610, C4<1>, C4<1>;
L_0x8bb478400 .functor BUFT 1, C4<0>, C4<0>, C4<0>, C4<0>;
L_0x8bb0f5810 .functor OR 1, L_0x8bb0f5730, L_0x8bb478400, C4<0>, C4<0>;
L_0x8bb0f5880 .functor AND 1, o0x8bb4447c0, L_0x8bb0f5810, C4<1>, C4<1>;
L_0x8bb0f58f0 .functor OR 1, v0x8bb20a9e0_0, v0x8bb20ab20_0, C4<0>, C4<0>;
L_0x8bb4784d8 .functor BUFT 1, C4<0>, C4<0>, C4<0>, C4<0>;
L_0x8bb0f59d0 .functor OR 1, L_0x8bb0f6b50, L_0x8bb4784d8, C4<0>, C4<0>;
L_0x8bac924c0 .functor BUFZ 32, L_0x8badd0aa0, C4<00000000000000000000000000000000>, C4<00000000000000000000000000000000>, C4<00000000000000000000000000000000>;
L_0x8bb478520 .functor BUFT 1, C4<1>, C4<0>, C4<0>, C4<0>;
L_0x8bb0f5ab0 .functor AND 1, L_0x8bb478520, L_0x8bad81ae0, C4<1>, C4<1>;
L_0x8bb0f5c00 .functor AND 1, v0x8bb20a6c0_0, v0x8bb20a260_0, C4<1>, C4<1>;
L_0x8bb478568 .functor BUFT 1, C4<11111111111111111111111111111110>, C4<0>, C4<0>, C4<0>;
L_0x8bb0f5d50 .functor AND 32, v0x8bb20d180_0, L_0x8bb478568, C4<11111111111111111111111111111111>, C4<11111111111111111111111111111111>;
L_0x8bb0f5e30 .functor AND 1, L_0x8bad87520, v0x8bb2072a0_0, C4<1>, C4<1>;
L_0x8bb4785f8 .functor BUFT 1, C4<1>, C4<0>, C4<0>, C4<0>;
L_0x8bb0f7640 .functor AND 1, L_0x8bb0f5e30, L_0x8bb4785f8, C4<1>, C4<1>;
v0x8bb1a2e40_0 .net *"_ivl_100", 31 0, L_0x8bad81860;  1 drivers
v0x8bb1a2ee0_0 .net *"_ivl_103", 29 0, L_0x8bb237020;  1 drivers
L_0x8bb478490 .functor BUFT 1, C4<00>, C4<0>, C4<0>, C4<0>;
v0x8bb1a2f80_0 .net/2u *"_ivl_104", 1 0, L_0x8bb478490;  1 drivers
v0x8bb1a3020_0 .net *"_ivl_106", 31 0, L_0x8bad81900;  1 drivers
v0x8bb1a30c0_0 .net/2u *"_ivl_110", 0 0, L_0x8bb4784d8;  1 drivers
v0x8bb1a3160_0 .net *"_ivl_113", 0 0, L_0x8bb0f59d0;  1 drivers
v0x8bb1a3200_0 .net/2u *"_ivl_118", 0 0, L_0x8bb478520;  1 drivers
v0x8bb1a32a0_0 .net *"_ivl_120", 47 0, L_0x8bad81a40;  1 drivers
v0x8bb1a3340_0 .net *"_ivl_123", 0 0, L_0x8bad81ae0;  1 drivers
v0x8bb1a33e0_0 .net *"_ivl_126", 3 0, L_0x8bad81b80;  1 drivers
v0x8bb1a3480_0 .net *"_ivl_131", 0 0, L_0x8bb0f5c00;  1 drivers
v0x8bb1a3520_0 .net/2u *"_ivl_132", 31 0, L_0x8bb478568;  1 drivers
v0x8bb1a35c0_0 .net *"_ivl_134", 31 0, L_0x8bb0f5d50;  1 drivers
L_0x8bb4785b0 .functor BUFT 1, C4<01000000>, C4<0>, C4<0>, C4<0>;
v0x8bb1a3660_0 .net/2u *"_ivl_138", 7 0, L_0x8bb4785b0;  1 drivers
v0x8bb1a3700_0 .net *"_ivl_140", 0 0, L_0x8bad87520;  1 drivers
v0x8bb1a37a0_0 .net *"_ivl_143", 0 0, L_0x8bb0f5e30;  1 drivers
v0x8bb1a3840_0 .net/2u *"_ivl_144", 0 0, L_0x8bb4785f8;  1 drivers
v0x8bb1a38e0_0 .net *"_ivl_25", 0 0, L_0x8bb0f6990;  1 drivers
v0x8bb1a3980_0 .net *"_ivl_27", 0 0, L_0x8bb0f6a00;  1 drivers
v0x8bb1a3a20_0 .net *"_ivl_30", 3 0, L_0x8bad81220;  1 drivers
v0x8bb1a3ac0_0 .net *"_ivl_35", 0 0, L_0x8bad81360;  1 drivers
v0x8bb1a3b60_0 .net *"_ivl_37", 0 0, L_0x8bb0f6c30;  1 drivers
v0x8bb1a3c00_0 .net *"_ivl_39", 0 0, L_0x8bb0f6d10;  1 drivers
v0x8bb1a3ca0_0 .net *"_ivl_41", 0 0, L_0x8bb0f6df0;  1 drivers
v0x8bb1a3d40_0 .net *"_ivl_43", 0 0, L_0x8bb0f6ca0;  1 drivers
v0x8bb1a3de0_0 .net *"_ivl_45", 0 0, L_0x8bad81400;  1 drivers
v0x8bb1a3e80_0 .net *"_ivl_47", 0 0, L_0x8bb0f6ed0;  1 drivers
v0x8bb1a3f20_0 .net *"_ivl_49", 0 0, L_0x8bb0f7020;  1 drivers
v0x8bb204000_0 .net *"_ivl_51", 0 0, L_0x8bb0f7170;  1 drivers
v0x8bb2040a0_0 .net *"_ivl_53", 0 0, L_0x8bad814a0;  1 drivers
v0x8bb204140_0 .net *"_ivl_55", 1 0, L_0x8bb236ee0;  1 drivers
v0x8bb2041e0_0 .net *"_ivl_57", 0 0, L_0x8bad81540;  1 drivers
v0x8bb204280_0 .net *"_ivl_59", 0 0, L_0x8bb0f5ff0;  1 drivers
v0x8bb204320_0 .net *"_ivl_61", 0 0, L_0x8bb0f60d0;  1 drivers
v0x8bb2043c0_0 .net *"_ivl_65", 0 0, L_0x8bad815e0;  1 drivers
v0x8bb204460_0 .net *"_ivl_67", 0 0, L_0x8bb0f61b0;  1 drivers
v0x8bb204500_0 .net *"_ivl_71", 0 0, L_0x8bad81680;  1 drivers
v0x8bb2045a0_0 .net *"_ivl_73", 0 0, L_0x8bad81720;  1 drivers
v0x8bb204640_0 .net *"_ivl_75", 0 0, L_0x8bb0f6370;  1 drivers
v0x8bb2046e0_0 .net *"_ivl_77", 0 0, L_0x8bb0f64c0;  1 drivers
v0x8bb204780_0 .net *"_ivl_79", 0 0, L_0x8bb0f6610;  1 drivers
v0x8bb204820_0 .net *"_ivl_81", 0 0, L_0x8bb0f5730;  1 drivers
v0x8bb2048c0_0 .net/2u *"_ivl_82", 0 0, L_0x8bb478400;  1 drivers
v0x8bb204960_0 .net *"_ivl_85", 0 0, L_0x8bb0f5810;  1 drivers
v0x8bb204a00_0 .net *"_ivl_89", 0 0, L_0x8bb0f58f0;  1 drivers
v0x8bb204aa0_0 .net *"_ivl_91", 29 0, L_0x8bb236f80;  1 drivers
L_0x8bb4792a0 .functor BUFT 1, C4<000000000000000000000000000000>, C4<0>, C4<0>, C4<0>;
v0x8bb204b40_0 .net *"_ivl_92", 29 0, L_0x8bb4792a0;  1 drivers
v0x8bb204be0_0 .net *"_ivl_96", 29 0, L_0x8bad817c0;  1 drivers
L_0x8bb478448 .functor BUFT 1, C4<00>, C4<0>, C4<0>, C4<0>;
v0x8bb204c80_0 .net/2u *"_ivl_98", 1 0, L_0x8bb478448;  1 drivers
v0x8bb204d20_0 .var "alu_add_sub", 31 0;
v0x8bb204dc0_0 .var "alu_eq", 0 0;
v0x8bb204e60_0 .var "alu_lts", 0 0;
v0x8bb204f00_0 .var "alu_ltu", 0 0;
v0x8bb204fa0_0 .var "alu_out", 31 0;
v0x8bb205040_0 .var "alu_out_0", 0 0;
v0x8bb2050e0_0 .var "alu_out_0_q", 0 0;
v0x8bb205180_0 .var "alu_out_q", 31 0;
v0x8bb205220_0 .var "alu_shl", 31 0;
v0x8bb2052c0_0 .var "alu_shr", 31 0;
v0x8bb205360_0 .var "alu_wait", 0 0;
v0x8bb205400_0 .var "alu_wait_2", 0 0;
v0x8bb2054a0_0 .var "cached_ascii_instr", 63 0;
v0x8bb205540_0 .var "cached_insn_imm", 31 0;
v0x8bb2055e0_0 .var "cached_insn_opcode", 31 0;
v0x8bb205680_0 .var "cached_insn_rd", 4 0;
v0x8bb205720_0 .var "cached_insn_rs1", 4 0;
v0x8bb2057c0_0 .var "cached_insn_rs2", 4 0;
v0x8bb205860_0 .var "clear_prefetched_high_word", 0 0;
v0x8bb205900_0 .var "clear_prefetched_high_word_q", 0 0;
v0x8bb2059a0_0 .net "clk", 0 0, o0x8bb444310;  alias, 0 drivers
v0x8bb205a40_0 .var "compressed_instr", 0 0;
v0x8bb205ae0_0 .var "count_cycle", 63 0;
v0x8bb205b80_0 .var "count_instr", 63 0;
v0x8bb205c20_0 .var "cpu_state", 7 0;
v0x8bb205cc0 .array "cpuregs", 31 0, 31 0;
v0x8bb205d60_0 .var "cpuregs_rs1", 31 0;
v0x8bb205e00_0 .var "cpuregs_rs2", 31 0;
v0x8bb205ea0_0 .var "cpuregs_wrdata", 31 0;
v0x8bb205f40_0 .var "cpuregs_write", 0 0;
v0x8bb205fe0_0 .var "current_pc", 31 0;
v0x8bb206080_0 .var "dbg_ascii_instr", 63 0;
v0x8bb206120_0 .var "dbg_ascii_state", 127 0;
v0x8bb2061c0_0 .var "dbg_insn_addr", 31 0;
v0x8bb206260_0 .var "dbg_insn_imm", 31 0;
v0x8bb206300_0 .var "dbg_insn_opcode", 31 0;
v0x8bb2063a0_0 .var "dbg_insn_rd", 4 0;
v0x8bb206440_0 .var "dbg_insn_rs1", 4 0;
v0x8bb2064e0_0 .var "dbg_insn_rs2", 4 0;
v0x8bb206580_0 .net "dbg_mem_addr", 31 0, L_0x8bac92220;  1 drivers
v0x8bb206620_0 .net "dbg_mem_instr", 0 0, L_0x8bac92140;  1 drivers
v0x8bb2066c0_0 .net "dbg_mem_rdata", 31 0, L_0x8bac92370;  1 drivers
v0x8bb206760_0 .net "dbg_mem_ready", 0 0, L_0x8bac921b0;  1 drivers
v0x8bb206800_0 .net "dbg_mem_valid", 0 0, L_0x8bac920d0;  1 drivers
v0x8bb2068a0_0 .net "dbg_mem_wdata", 31 0, L_0x8bac92290;  1 drivers
v0x8bb206940_0 .net "dbg_mem_wstrb", 3 0, L_0x8bac92300;  1 drivers
v0x8bb2069e0_0 .var "dbg_next", 0 0;
v0x8bb206a80_0 .var "dbg_rs1val", 31 0;
v0x8bb206b20_0 .var "dbg_rs1val_valid", 0 0;
v0x8bb206bc0_0 .var "dbg_rs2val", 31 0;
v0x8bb206c60_0 .var "dbg_rs2val_valid", 0 0;
v0x8bb206d00_0 .var "dbg_valid_insn", 0 0;
v0x8bb206da0_0 .var "decoded_imm", 31 0;
v0x8bb206e40_0 .var "decoded_imm_j", 31 0;
v0x8bb206ee0_0 .var "decoded_rd", 4 0;
v0x8bb206f80_0 .var "decoded_rs", 4 0;
v0x8bb207020_0 .var "decoded_rs1", 4 0;
v0x8bb2070c0_0 .var "decoded_rs2", 4 0;
v0x8bb207160_0 .var "decoder_pseudo_trigger", 0 0;
v0x8bb207200_0 .var "decoder_pseudo_trigger_q", 0 0;
v0x8bb2072a0_0 .var "decoder_trigger", 0 0;
v0x8bb207340_0 .var "decoder_trigger_q", 0 0;
v0x8bb2073e0_0 .var "do_waitirq", 0 0;
v0x8bb207480_0 .var "eoi", 31 0;
v0x8bb207520_0 .var "instr_add", 0 0;
v0x8bb2075c0_0 .var "instr_addi", 0 0;
v0x8bb207660_0 .var "instr_and", 0 0;
v0x8bb207700_0 .var "instr_andi", 0 0;
v0x8bb2077a0_0 .var "instr_auipc", 0 0;
v0x8bb207840_0 .var "instr_beq", 0 0;
v0x8bb2078e0_0 .var "instr_bge", 0 0;
v0x8bb207980_0 .var "instr_bgeu", 0 0;
v0x8bb207a20_0 .var "instr_blt", 0 0;
v0x8bb207ac0_0 .var "instr_bltu", 0 0;
v0x8bb207b60_0 .var "instr_bne", 0 0;
v0x8bb207c00_0 .var "instr_ecall_ebreak", 0 0;
v0x8bb207ca0_0 .var "instr_fence", 0 0;
v0x8bb207d40_0 .var "instr_getq", 0 0;
v0x8bb207de0_0 .var "instr_jal", 0 0;
v0x8bb207e80_0 .var "instr_jalr", 0 0;
v0x8bb207f20_0 .var "instr_lb", 0 0;
v0x8bb208000_0 .var "instr_lbu", 0 0;
v0x8bb2080a0_0 .var "instr_lh", 0 0;
v0x8bb208140_0 .var "instr_lhu", 0 0;
v0x8bb2081e0_0 .var "instr_lui", 0 0;
v0x8bb208280_0 .var "instr_lw", 0 0;
v0x8bb208320_0 .var "instr_maskirq", 0 0;
v0x8bb2083c0_0 .var "instr_or", 0 0;
v0x8bb208460_0 .var "instr_ori", 0 0;
v0x8bb208500_0 .var "instr_rdcycle", 0 0;
v0x8bb2085a0_0 .var "instr_rdcycleh", 0 0;
v0x8bb208640_0 .var "instr_rdinstr", 0 0;
v0x8bb2086e0_0 .var "instr_rdinstrh", 0 0;
v0x8bb208780_0 .var "instr_retirq", 0 0;
v0x8bb208820_0 .var "instr_sb", 0 0;
v0x8bb2088c0_0 .var "instr_setq", 0 0;
v0x8bb208960_0 .var "instr_sh", 0 0;
v0x8bb208a00_0 .var "instr_sll", 0 0;
v0x8bb208aa0_0 .var "instr_slli", 0 0;
v0x8bb208b40_0 .var "instr_slt", 0 0;
v0x8bb208be0_0 .var "instr_slti", 0 0;
v0x8bb208c80_0 .var "instr_sltiu", 0 0;
v0x8bb208d20_0 .var "instr_sltu", 0 0;
v0x8bb208dc0_0 .var "instr_sra", 0 0;
v0x8bb208e60_0 .var "instr_srai", 0 0;
v0x8bb208f00_0 .var "instr_srl", 0 0;
v0x8bb208fa0_0 .var "instr_srli", 0 0;
v0x8bb209040_0 .var "instr_sub", 0 0;
v0x8bb2090e0_0 .var "instr_sw", 0 0;
v0x8bb209180_0 .var "instr_timer", 0 0;
v0x8bb209220_0 .net "instr_trap", 0 0, L_0x8bb0f5ab0;  1 drivers
v0x8bb2092c0_0 .var "instr_waitirq", 0 0;
v0x8bb209360_0 .var "instr_xor", 0 0;
v0x8bb209400_0 .var "instr_xori", 0 0;
v0x8bb2094a0_0 .net "irq", 31 0, o0x8bb447130;  alias, 0 drivers
v0x8bb209540_0 .var "irq_active", 0 0;
v0x8bb2095e0_0 .var "irq_delay", 0 0;
v0x8bb209680_0 .var "irq_mask", 31 0;
v0x8bb209720_0 .var "irq_pending", 31 0;
v0x8bb2097c0_0 .var "irq_state", 1 0;
v0x8bb209860_0 .var "is_alu_reg_imm", 0 0;
v0x8bb209900_0 .var "is_alu_reg_reg", 0 0;
v0x8bb2099a0_0 .var "is_beq_bne_blt_bge_bltu_bgeu", 0 0;
v0x8bb209a40_0 .var "is_compare", 0 0;
v0x8bb209ae0_0 .var "is_jalr_addi_slti_sltiu_xori_ori_andi", 0 0;
v0x8bb209b80_0 .var "is_lb_lh_lw_lbu_lhu", 0 0;
v0x8bb209c20_0 .var "is_lbu_lhu_lw", 0 0;
v0x8bb209cc0_0 .var "is_lui_auipc_jal", 0 0;
v0x8bb209d60_0 .var "is_lui_auipc_jal_jalr_addi_add_sub", 0 0;
v0x8bb209e00_0 .net "is_rdcycle_rdcycleh_rdinstr_rdinstrh", 0 0, L_0x8bad81c20;  1 drivers
v0x8bb209ea0_0 .var "is_sb_sh_sw", 0 0;
v0x8bb209f40_0 .var "is_sll_srl_sra", 0 0;
v0x8bb209fe0_0 .var "is_slli_srli_srai", 0 0;
v0x8bb20a080_0 .var "is_slti_blt_slt", 0 0;
v0x8bb20a120_0 .var "is_sltiu_bltu_sltu", 0 0;
v0x8bb20a1c0_0 .var "last_mem_valid", 0 0;
v0x8bb20a260_0 .var "latched_branch", 0 0;
v0x8bb20a300_0 .var "latched_compr", 0 0;
v0x8bb20a3a0_0 .var "latched_is_lb", 0 0;
v0x8bb20a440_0 .var "latched_is_lh", 0 0;
v0x8bb20a4e0_0 .var "latched_is_lu", 0 0;
v0x8bb20a580_0 .var "latched_rd", 4 0;
v0x8bb20a620_0 .var "latched_stalu", 0 0;
v0x8bb20a6c0_0 .var "latched_store", 0 0;
v0x8bb20a760_0 .var "latched_trace", 0 0;
v0x8bb20a800_0 .net "launch_next_insn", 0 0, L_0x8bb0f7640;  1 drivers
v0x8bb20a8a0_0 .var "mem_addr", 31 0;
v0x8bb20a940_0 .net "mem_busy", 0 0, L_0x8bad812c0;  1 drivers
v0x8bb20a9e0_0 .var "mem_do_prefetch", 0 0;
v0x8bb20aa80_0 .var "mem_do_rdata", 0 0;
v0x8bb20ab20_0 .var "mem_do_rinst", 0 0;
v0x8bb20abc0_0 .var "mem_do_wdata", 0 0;
v0x8bb20ac60_0 .net "mem_done", 0 0, L_0x8bb0f6140;  1 drivers
v0x8bb20ad00_0 .var "mem_instr", 0 0;
v0x8bb20ada0_0 .net "mem_la_addr", 31 0, L_0x8badd0a00;  1 drivers
L_0x8bb478328 .functor BUFT 1, C4<0>, C4<0>, C4<0>, C4<0>;
v0x8bb20ae40_0 .net "mem_la_firstword", 0 0, L_0x8bb478328;  1 drivers
v0x8bb20aee0_0 .var "mem_la_firstword_reg", 0 0;
L_0x8bb478370 .functor BUFT 1, C4<0>, C4<0>, C4<0>, C4<0>;
v0x8bb20af80_0 .net "mem_la_firstword_xfer", 0 0, L_0x8bb478370;  1 drivers
v0x8bb20b020_0 .net "mem_la_read", 0 0, L_0x8bb0f5880;  1 drivers
v0x8bb20b0c0_0 .var "mem_la_secondword", 0 0;
v0x8bb20b160_0 .net "mem_la_use_prefetched_high_word", 0 0, L_0x8bb4783b8;  1 drivers
v0x8bb20b200_0 .var "mem_la_wdata", 31 0;
v0x8bb20b2a0_0 .net "mem_la_write", 0 0, L_0x8bb0f6290;  1 drivers
v0x8bb20b340_0 .var "mem_la_wstrb", 3 0;
v0x8bb20b3e0_0 .net "mem_rdata", 31 0, L_0x8bac92060;  alias, 1 drivers
v0x8bb20b480_0 .net "mem_rdata_latched", 31 0, L_0x8bac924c0;  1 drivers
v0x8bb20b520_0 .net "mem_rdata_latched_noshuffle", 31 0, L_0x8badd0aa0;  1 drivers
v0x8bb20b5c0_0 .var "mem_rdata_q", 31 0;
v0x8bb20b660_0 .var "mem_rdata_word", 31 0;
v0x8bb20b700_0 .net "mem_ready", 0 0, L_0x8bb0f68b0;  alias, 1 drivers
v0x8bb20b7a0_0 .var "mem_state", 1 0;
v0x8bb20b840_0 .var "mem_valid", 0 0;
v0x8bb20b8e0_0 .var "mem_wdata", 31 0;
v0x8bb20b980_0 .var "mem_wordsize", 1 0;
v0x8bb20ba20_0 .var "mem_wstrb", 3 0;
v0x8bb20bac0_0 .net "mem_xfer", 0 0, L_0x8bb0f6b50;  1 drivers
v0x8bb20bb60_0 .var "new_ascii_instr", 63 0;
v0x8bb20bc00_0 .var "next_insn_opcode", 31 0;
v0x8bb20bca0_0 .var "next_irq_pending", 31 0;
v0x8bb20bd40_0 .net "next_pc", 31 0, L_0x8badd0b40;  1 drivers
L_0x8bb478250 .functor BUFT 1, C4<xxxxxxxxxxxxxxxxxxxxxxxxxxxxxxxx>, C4<0>, C4<0>, C4<0>;
v0x8bb20bde0_0 .net "pcpi_div_rd", 31 0, L_0x8bb478250;  1 drivers
L_0x8bb4782e0 .functor BUFT 1, C4<0>, C4<0>, C4<0>, C4<0>;
v0x8bb20be80_0 .net "pcpi_div_ready", 0 0, L_0x8bb4782e0;  1 drivers
L_0x8bb478298 .functor BUFT 1, C4<0>, C4<0>, C4<0>, C4<0>;
v0x8bb20bf20_0 .net "pcpi_div_wait", 0 0, L_0x8bb478298;  1 drivers
L_0x8bb478208 .functor BUFT 1, C4<0>, C4<0>, C4<0>, C4<0>;
v0x8bb20c000_0 .net "pcpi_div_wr", 0 0, L_0x8bb478208;  1 drivers
v0x8bb20c0a0_0 .var "pcpi_insn", 31 0;
v0x8bb20c140_0 .var "pcpi_int_rd", 31 0;
v0x8bb20c1e0_0 .var "pcpi_int_ready", 0 0;
v0x8bb20c280_0 .var "pcpi_int_wait", 0 0;
v0x8bb20c320_0 .var "pcpi_int_wr", 0 0;
L_0x8bb478130 .functor BUFT 1, C4<xxxxxxxxxxxxxxxxxxxxxxxxxxxxxxxx>, C4<0>, C4<0>, C4<0>;
v0x8bb20c3c0_0 .net "pcpi_mul_rd", 31 0, L_0x8bb478130;  1 drivers
L_0x8bb4781c0 .functor BUFT 1, C4<0>, C4<0>, C4<0>, C4<0>;
v0x8bb20c460_0 .net "pcpi_mul_ready", 0 0, L_0x8bb4781c0;  1 drivers
L_0x8bb478178 .functor BUFT 1, C4<0>, C4<0>, C4<0>, C4<0>;
v0x8bb20c500_0 .net "pcpi_mul_wait", 0 0, L_0x8bb478178;  1 drivers
L_0x8bb4780e8 .functor BUFT 1, C4<0>, C4<0>, C4<0>, C4<0>;
v0x8bb20c5a0_0 .net "pcpi_mul_wr", 0 0, L_0x8bb4780e8;  1 drivers
v0x8bb20c640_0 .net "pcpi_rd", 31 0, o0x8bb447eb0;  alias, 0 drivers
v0x8bb20c6e0_0 .net "pcpi_ready", 0 0, o0x8bb447ee0;  alias, 0 drivers
v0x8bb20c780_0 .net "pcpi_rs1", 31 0, L_0x8bac923e0;  alias, 1 drivers
v0x8bb20c820_0 .net "pcpi_rs2", 31 0, L_0x8bac92450;  alias, 1 drivers
v0x8bb20c8c0_0 .var "pcpi_timeout", 0 0;
v0x8bb20c960_0 .var "pcpi_valid", 0 0;
v0x8bb20ca00_0 .net "pcpi_wait", 0 0, o0x8bb447fd0;  alias, 0 drivers
v0x8bb20caa0_0 .net "pcpi_wr", 0 0, o0x8bb448000;  alias, 0 drivers
v0x8bb20cb40_0 .var "prefetched_high_word", 0 0;
v0x8bb20cbe0_0 .var "q_ascii_instr", 63 0;
v0x8bb20cc80_0 .var "q_insn_imm", 31 0;
v0x8bb20cd20_0 .var "q_insn_opcode", 31 0;
v0x8bb20cdc0_0 .var "q_insn_rd", 4 0;
v0x8bb20ce60_0 .var "q_insn_rs1", 4 0;
v0x8bb20cf00_0 .var "q_insn_rs2", 4 0;
v0x8bb20cfa0_0 .var "reg_next_pc", 31 0;
v0x8bb20d040_0 .var "reg_op1", 31 0;
v0x8bb20d0e0_0 .var "reg_op2", 31 0;
v0x8bb20d180_0 .var "reg_out", 31 0;
v0x8bb20d220_0 .var "reg_pc", 31 0;
v0x8bb20d2c0_0 .var "reg_sh", 4 0;
v0x8bb20d360_0 .net "resetn", 0 0, o0x8bb4447c0;  alias, 0 drivers
v0x8bb20d400_0 .var "set_mem_do_rdata", 0 0;
v0x8bb20d4a0_0 .var "set_mem_do_rinst", 0 0;
v0x8bb20d540_0 .var "set_mem_do_wdata", 0 0;
v0x8bb20d5e0_0 .var "timer", 31 0;
v0x8bb20d680_0 .var "trace_data", 35 0;
v0x8bb20d720_0 .var "trace_valid", 0 0;
v0x8bb20d7c0_0 .var "trap", 0 0;
v0x8bb205cc0_0 .array/port v0x8bb205cc0, 0;
v0x8bb205cc0_1 .array/port v0x8bb205cc0, 1;
v0x8bb205cc0_2 .array/port v0x8bb205cc0, 2;
E_0x8bb1e4440/0 .event anyedge, v0x8bb207020_0, v0x8bb205cc0_0, v0x8bb205cc0_1, v0x8bb205cc0_2;
v0x8bb205cc0_3 .array/port v0x8bb205cc0, 3;
v0x8bb205cc0_4 .array/port v0x8bb205cc0, 4;
v0x8bb205cc0_5 .array/port v0x8bb205cc0, 5;
v0x8bb205cc0_6 .array/port v0x8bb205cc0, 6;
E_0x8bb1e4440/1 .event anyedge, v0x8bb205cc0_3, v0x8bb205cc0_4, v0x8bb205cc0_5, v0x8bb205cc0_6;
v0x8bb205cc0_7 .array/port v0x8bb205cc0, 7;
v0x8bb205cc0_8 .array/port v0x8bb205cc0, 8;
v0x8bb205cc0_9 .array/port v0x8bb205cc0, 9;
v0x8bb205cc0_10 .array/port v0x8bb205cc0, 10;
E_0x8bb1e4440/2 .event anyedge, v0x8bb205cc0_7, v0x8bb205cc0_8, v0x8bb205cc0_9, v0x8bb205cc0_10;
v0x8bb205cc0_11 .array/port v0x8bb205cc0, 11;
v0x8bb205cc0_12 .array/port v0x8bb205cc0, 12;
v0x8bb205cc0_13 .array/port v0x8bb205cc0, 13;
v0x8bb205cc0_14 .array/port v0x8bb205cc0, 14;
E_0x8bb1e4440/3 .event anyedge, v0x8bb205cc0_11, v0x8bb205cc0_12, v0x8bb205cc0_13, v0x8bb205cc0_14;
v0x8bb205cc0_15 .array/port v0x8bb205cc0, 15;
v0x8bb205cc0_16 .array/port v0x8bb205cc0, 16;
v0x8bb205cc0_17 .array/port v0x8bb205cc0, 17;
v0x8bb205cc0_18 .array/port v0x8bb205cc0, 18;
E_0x8bb1e4440/4 .event anyedge, v0x8bb205cc0_15, v0x8bb205cc0_16, v0x8bb205cc0_17, v0x8bb205cc0_18;
v0x8bb205cc0_19 .array/port v0x8bb205cc0, 19;
v0x8bb205cc0_20 .array/port v0x8bb205cc0, 20;
v0x8bb205cc0_21 .array/port v0x8bb205cc0, 21;
v0x8bb205cc0_22 .array/port v0x8bb205cc0, 22;
E_0x8bb1e4440/5 .event anyedge, v0x8bb205cc0_19, v0x8bb205cc0_20, v0x8bb205cc0_21, v0x8bb205cc0_22;
v0x8bb205cc0_23 .array/port v0x8bb205cc0, 23;
v0x8bb205cc0_24 .array/port v0x8bb205cc0, 24;
v0x8bb205cc0_25 .array/port v0x8bb205cc0, 25;
v0x8bb205cc0_26 .array/port v0x8bb205cc0, 26;
E_0x8bb1e4440/6 .event anyedge, v0x8bb205cc0_23, v0x8bb205cc0_24, v0x8bb205cc0_25, v0x8bb205cc0_26;
v0x8bb205cc0_27 .array/port v0x8bb205cc0, 27;
v0x8bb205cc0_28 .array/port v0x8bb205cc0, 28;
v0x8bb205cc0_29 .array/port v0x8bb205cc0, 29;
v0x8bb205cc0_30 .array/port v0x8bb205cc0, 30;
E_0x8bb1e4440/7 .event anyedge, v0x8bb205cc0_27, v0x8bb205cc0_28, v0x8bb205cc0_29, v0x8bb205cc0_30;
v0x8bb205cc0_31 .array/port v0x8bb205cc0, 31;
E_0x8bb1e4440/8 .event anyedge, v0x8bb205cc0_31, v0x8bb2070c0_0;
E_0x8bb1e4440 .event/or E_0x8bb1e4440/0, E_0x8bb1e4440/1, E_0x8bb1e4440/2, E_0x8bb1e4440/3, E_0x8bb1e4440/4, E_0x8bb1e4440/5, E_0x8bb1e4440/6, E_0x8bb1e4440/7, E_0x8bb1e4440/8;
E_0x8bb1e4480/0 .event anyedge, v0x8bb205c20_0, v0x8bb20d220_0, v0x8bb20a300_0, v0x8bb20a260_0;
E_0x8bb1e4480/1 .event anyedge, v0x8bb20a620_0, v0x8bb205180_0, v0x8bb20d180_0, v0x8bb20a6c0_0;
E_0x8bb1e4480/2 .event anyedge, v0x8bb20cfa0_0, v0x8bb209720_0, v0x8bb209680_0;
E_0x8bb1e4480 .event/or E_0x8bb1e4480/0, E_0x8bb1e4480/1, E_0x8bb1e4480/2;
E_0x8bb1e44c0/0 .event anyedge, v0x8bb205900_0, v0x8bb20cb40_0, v0x8bb20a260_0, v0x8bb2097c0_0;
E_0x8bb1e44c0/1 .event anyedge, v0x8bb1a2d00_0;
E_0x8bb1e44c0 .event/or E_0x8bb1e44c0/0, E_0x8bb1e44c0/1;
E_0x8bb1e4500/0 .event anyedge, v0x8bb204dc0_0, v0x8bb207840_0, v0x8bb207b60_0, v0x8bb204e60_0;
E_0x8bb1e4500/1 .event anyedge, v0x8bb2078e0_0, v0x8bb204f00_0, v0x8bb207980_0, v0x8bb20a080_0;
E_0x8bb1e4500/2 .event anyedge, v0x8bb20a120_0, v0x8bb204d20_0, v0x8bb209d60_0, v0x8bb205040_0;
E_0x8bb1e4500/3 .event anyedge, v0x8bb209a40_0, v0x8bb20d040_0, v0x8bb20d0e0_0, v0x8bb209400_0;
E_0x8bb1e4500/4 .event anyedge, v0x8bb209360_0, v0x8bb208460_0, v0x8bb2083c0_0, v0x8bb207700_0;
E_0x8bb1e4500/5 .event anyedge, v0x8bb207660_0, v0x8bb205220_0, v0x8bb2052c0_0;
E_0x8bb1e4500 .event/or E_0x8bb1e4500/0, E_0x8bb1e4500/1, E_0x8bb1e4500/2, E_0x8bb1e4500/3, E_0x8bb1e4500/4, E_0x8bb1e4500/5;
E_0x8bb1e4540 .event anyedge, v0x8bb205c20_0;
E_0x8bb1e4580/0 .event anyedge, v0x8bb20cbe0_0, v0x8bb20cc80_0, v0x8bb20cd20_0, v0x8bb20ce60_0;
E_0x8bb1e4580/1 .event anyedge, v0x8bb20cf00_0, v0x8bb20cdc0_0, v0x8bb2069e0_0, v0x8bb207200_0;
E_0x8bb1e4580/2 .event anyedge, v0x8bb2054a0_0, v0x8bb205540_0, v0x8bb2055e0_0, v0x8bb205720_0;
E_0x8bb1e4580/3 .event anyedge, v0x8bb2057c0_0, v0x8bb205680_0, v0x8bb20bb60_0, v0x8bb20bc00_0;
E_0x8bb1e4580/4 .event anyedge, v0x8bb206da0_0, v0x8bb207020_0, v0x8bb2070c0_0, v0x8bb206ee0_0;
E_0x8bb1e4580 .event/or E_0x8bb1e4580/0, E_0x8bb1e4580/1, E_0x8bb1e4580/2, E_0x8bb1e4580/3, E_0x8bb1e4580/4;
E_0x8bb1e45c0/0 .event anyedge, v0x8bb2081e0_0, v0x8bb2077a0_0, v0x8bb207de0_0, v0x8bb207e80_0;
E_0x8bb1e45c0/1 .event anyedge, v0x8bb207840_0, v0x8bb207b60_0, v0x8bb207a20_0, v0x8bb2078e0_0;
E_0x8bb1e45c0/2 .event anyedge, v0x8bb207ac0_0, v0x8bb207980_0, v0x8bb207f20_0, v0x8bb2080a0_0;
E_0x8bb1e45c0/3 .event anyedge, v0x8bb208280_0, v0x8bb208000_0, v0x8bb208140_0, v0x8bb208820_0;
E_0x8bb1e45c0/4 .event anyedge, v0x8bb208960_0, v0x8bb2090e0_0, v0x8bb2075c0_0, v0x8bb208be0_0;
E_0x8bb1e45c0/5 .event anyedge, v0x8bb208c80_0, v0x8bb209400_0, v0x8bb208460_0, v0x8bb207700_0;
E_0x8bb1e45c0/6 .event anyedge, v0x8bb208aa0_0, v0x8bb208fa0_0, v0x8bb208e60_0, v0x8bb207520_0;
E_0x8bb1e45c0/7 .event anyedge, v0x8bb209040_0, v0x8bb208a00_0, v0x8bb208b40_0, v0x8bb208d20_0;
E_0x8bb1e45c0/8 .event anyedge, v0x8bb209360_0, v0x8bb208f00_0, v0x8bb208dc0_0, v0x8bb2083c0_0;
E_0x8bb1e45c0/9 .event anyedge, v0x8bb207660_0, v0x8bb208500_0, v0x8bb2085a0_0, v0x8bb208640_0;
E_0x8bb1e45c0/10 .event anyedge, v0x8bb2086e0_0, v0x8bb207ca0_0, v0x8bb207d40_0, v0x8bb2088c0_0;
E_0x8bb1e45c0/11 .event anyedge, v0x8bb208780_0, v0x8bb208320_0, v0x8bb2092c0_0, v0x8bb209180_0;
E_0x8bb1e45c0 .event/or E_0x8bb1e45c0/0, E_0x8bb1e45c0/1, E_0x8bb1e45c0/2, E_0x8bb1e45c0/3, E_0x8bb1e45c0/4, E_0x8bb1e45c0/5, E_0x8bb1e45c0/6, E_0x8bb1e45c0/7, E_0x8bb1e45c0/8, E_0x8bb1e45c0/9, E_0x8bb1e45c0/10, E_0x8bb1e45c0/11;
E_0x8bb1e4600 .event anyedge, v0x8bb20b980_0, v0x8bb20d0e0_0, v0x8bb1a29e0_0, v0x8bb20d040_0;
E_0x8bb1e4640 .event anyedge, v0x8bb20c5a0_0, v0x8bb20c3c0_0, v0x8bb20c000_0, v0x8bb20bde0_0;
L_0x8bad81220 .concat [ 1 1 1 1], v0x8bb20abc0_0, v0x8bb20aa80_0, v0x8bb20ab20_0, v0x8bb20a9e0_0;
L_0x8bad812c0 .reduce/or L_0x8bad81220;
L_0x8bad81360 .reduce/or v0x8bb20b7a0_0;
L_0x8bad81400 .reduce/and v0x8bb20b7a0_0;
L_0x8bad814a0 .reduce/nor L_0x8bb478328;
L_0x8bb236ee0 .part L_0x8bac924c0, 0, 2;
L_0x8bad81540 .reduce/nand L_0x8bb236ee0;
L_0x8bad815e0 .reduce/nor v0x8bb20b7a0_0;
L_0x8bad81680 .reduce/nor L_0x8bb4783b8;
L_0x8bad81720 .reduce/nor v0x8bb20b7a0_0;
L_0x8bb236f80 .part L_0x8badd0b40, 2, 30;
L_0x8bad817c0 .arith/sum 30, L_0x8bb236f80, L_0x8bb4792a0;
L_0x8bad81860 .concat [ 2 30 0 0], L_0x8bb478448, L_0x8bad817c0;
L_0x8bb237020 .part v0x8bb20d040_0, 2, 30;
L_0x8bad81900 .concat [ 2 30 0 0], L_0x8bb478490, L_0x8bb237020;
L_0x8badd0a00 .functor MUXZ 32, L_0x8bad81900, L_0x8bad81860, L_0x8bb0f58f0, C4<>;
L_0x8badd0aa0 .functor MUXZ 32, v0x8bb20b5c0_0, L_0x8bac92060, L_0x8bb0f59d0, C4<>;
LS_0x8bad81a40_0_0 .concat [ 1 1 1 1], v0x8bb209180_0, v0x8bb2092c0_0, v0x8bb208320_0, v0x8bb208780_0;
LS_0x8bad81a40_0_4 .concat [ 1 1 1 1], v0x8bb2088c0_0, v0x8bb207d40_0, v0x8bb207ca0_0, v0x8bb2086e0_0;
LS_0x8bad81a40_0_8 .concat [ 1 1 1 1], v0x8bb208640_0, v0x8bb2085a0_0, v0x8bb208500_0, v0x8bb207660_0;
LS_0x8bad81a40_0_12 .concat [ 1 1 1 1], v0x8bb2083c0_0, v0x8bb208dc0_0, v0x8bb208f00_0, v0x8bb209360_0;
LS_0x8bad81a40_0_16 .concat [ 1 1 1 1], v0x8bb208d20_0, v0x8bb208b40_0, v0x8bb208a00_0, v0x8bb209040_0;
LS_0x8bad81a40_0_20 .concat [ 1 1 1 1], v0x8bb207520_0, v0x8bb208e60_0, v0x8bb208fa0_0, v0x8bb208aa0_0;
LS_0x8bad81a40_0_24 .concat [ 1 1 1 1], v0x8bb207700_0, v0x8bb208460_0, v0x8bb209400_0, v0x8bb208c80_0;
LS_0x8bad81a40_0_28 .concat [ 1 1 1 1], v0x8bb208be0_0, v0x8bb2075c0_0, v0x8bb2090e0_0, v0x8bb208960_0;
LS_0x8bad81a40_0_32 .concat [ 1 1 1 1], v0x8bb208820_0, v0x8bb208140_0, v0x8bb208000_0, v0x8bb208280_0;
LS_0x8bad81a40_0_36 .concat [ 1 1 1 1], v0x8bb2080a0_0, v0x8bb207f20_0, v0x8bb207980_0, v0x8bb207ac0_0;
LS_0x8bad81a40_0_40 .concat [ 1 1 1 1], v0x8bb2078e0_0, v0x8bb207a20_0, v0x8bb207b60_0, v0x8bb207840_0;
LS_0x8bad81a40_0_44 .concat [ 1 1 1 1], v0x8bb207e80_0, v0x8bb207de0_0, v0x8bb2077a0_0, v0x8bb2081e0_0;
LS_0x8bad81a40_1_0 .concat [ 4 4 4 4], LS_0x8bad81a40_0_0, LS_0x8bad81a40_0_4, LS_0x8bad81a40_0_8, LS_0x8bad81a40_0_12;
LS_0x8bad81a40_1_4 .concat [ 4 4 4 4], LS_0x8bad81a40_0_16, LS_0x8bad81a40_0_20, LS_0x8bad81a40_0_24, LS_0x8bad81a40_0_28;
LS_0x8bad81a40_1_8 .concat [ 4 4 4 4], LS_0x8bad81a40_0_32, LS_0x8bad81a40_0_36, LS_0x8bad81a40_0_40, LS_0x8bad81a40_0_44;
L_0x8bad81a40 .concat [ 16 16 16 0], LS_0x8bad81a40_1_0, LS_0x8bad81a40_1_4, LS_0x8bad81a40_1_8;
L_0x8bad81ae0 .reduce/nor L_0x8bad81a40;
L_0x8bad81b80 .concat [ 1 1 1 1], v0x8bb2086e0_0, v0x8bb208640_0, v0x8bb2085a0_0, v0x8bb208500_0;
L_0x8bad81c20 .reduce/or L_0x8bad81b80;
L_0x8badd0b40 .functor MUXZ 32, v0x8bb20cfa0_0, L_0x8bb0f5d50, L_0x8bb0f5c00, C4<>;
L_0x8bad87520 .cmp/eq 8, v0x8bb205c20_0, L_0x8bb4785b0;
S_0x102b37c30 .scope task, "empty_statement" "empty_statement" 3 214, 3 214 0, S_0x102b3ac70;
 .timescale -9 -12;
TD_picorv32_axi.picorv32_core.empty_statement ;
    %end;
S_0x102b3adf0 .scope generate, "genblk1" "genblk1" 3 285, 3 285 0, S_0x102b3ac70;
 .timescale -9 -12;
S_0x8bae20000 .scope generate, "genblk2" "genblk2" 3 305, 3 305 0, S_0x102b3ac70;
 .timescale -9 -12;
S_0x8bae20180 .scope generate, "genblk3" "genblk3" 3 1229, 3 1229 0, S_0x102b3ac70;
 .timescale -9 -12;
E_0x8bb1e4680/0 .event anyedge, v0x8bb209040_0, v0x8bb20d040_0, v0x8bb20d0e0_0, v0x8bb208dc0_0;
E_0x8bb1e4680/1 .event anyedge, v0x8bb208e60_0;
E_0x8bb1e4680 .event/or E_0x8bb1e4680/0, E_0x8bb1e4680/1;
S_0x102b454b0 .scope module, "picorv32_regs" "picorv32_regs" 3 2174;
 .timescale -9 -12;
    .port_info 0 /INPUT 1 "clk";
    .port_info 1 /INPUT 1 "wen";
    .port_info 2 /INPUT 6 "waddr";
    .port_info 3 /INPUT 6 "raddr1";
    .port_info 4 /INPUT 6 "raddr2";
    .port_info 5 /INPUT 32 "wdata";
    .port_info 6 /OUTPUT 32 "rdata1";
    .port_info 7 /OUTPUT 32 "rdata2";
L_0x8bb0f76b0 .functor NOT 5, L_0x8bb237160, C4<00000>, C4<00000>, C4<00000>;
L_0x8bac92530 .functor BUFZ 32, L_0x8bb2370c0, C4<00000000000000000000000000000000>, C4<00000000000000000000000000000000>, C4<00000000000000000000000000000000>;
L_0x8bb0f7720 .functor NOT 5, L_0x8bb2372a0, C4<00000>, C4<00000>, C4<00000>;
L_0x8bac925a0 .functor BUFZ 32, L_0x8bb237200, C4<00000000000000000000000000000000>, C4<00000000000000000000000000000000>, C4<00000000000000000000000000000000>;
v0x8bb20f0c0_0 .net *"_ivl_0", 31 0, L_0x8bb2370c0;  1 drivers
v0x8bb20f160_0 .net *"_ivl_12", 31 0, L_0x8bb237200;  1 drivers
v0x8bb20f200_0 .net *"_ivl_15", 4 0, L_0x8bb2372a0;  1 drivers
v0x8bb20f2a0_0 .net *"_ivl_16", 4 0, L_0x8bb0f7720;  1 drivers
v0x8bb20f340_0 .net *"_ivl_18", 6 0, L_0x8bad81cc0;  1 drivers
L_0x8bb478688 .functor BUFT 1, C4<00>, C4<0>, C4<0>, C4<0>;
v0x8bb20f3e0_0 .net *"_ivl_21", 1 0, L_0x8bb478688;  1 drivers
v0x8bb20f480_0 .net *"_ivl_3", 4 0, L_0x8bb237160;  1 drivers
v0x8bb20f520_0 .net *"_ivl_4", 4 0, L_0x8bb0f76b0;  1 drivers
v0x8bb20f5c0_0 .net *"_ivl_6", 6 0, L_0x8bad819a0;  1 drivers
L_0x8bb478640 .functor BUFT 1, C4<00>, C4<0>, C4<0>, C4<0>;
v0x8bb20f660_0 .net *"_ivl_9", 1 0, L_0x8bb478640;  1 drivers
o0x8bb4490e0 .functor BUFZ 1, c4<z>; HiZ drive
v0x8bb20f700_0 .net "clk", 0 0, o0x8bb4490e0;  0 drivers
o0x8bb449110 .functor BUFZ 6, c4<zzzzzz>; HiZ drive
v0x8bb20f7a0_0 .net "raddr1", 5 0, o0x8bb449110;  0 drivers
o0x8bb449140 .functor BUFZ 6, c4<zzzzzz>; HiZ drive
v0x8bb20f840_0 .net "raddr2", 5 0, o0x8bb449140;  0 drivers
v0x8bb20f8e0_0 .net "rdata1", 31 0, L_0x8bac92530;  1 drivers
v0x8bb20f980_0 .net "rdata2", 31 0, L_0x8bac925a0;  1 drivers
v0x8bb20fa20 .array "regs", 30 0, 31 0;
o0x8bb4491d0 .functor BUFZ 6, c4<zzzzzz>; HiZ drive
v0x8bb20fac0_0 .net "waddr", 5 0, o0x8bb4491d0;  0 drivers
o0x8bb449200 .functor BUFZ 32, c4<zzzzzzzzzzzzzzzzzzzzzzzzzzzzzzzz>; HiZ drive
v0x8bb20fb60_0 .net "wdata", 31 0, o0x8bb449200;  0 drivers
o0x8bb449230 .functor BUFZ 1, c4<z>; HiZ drive
v0x8bb20fc00_0 .net "wen", 0 0, o0x8bb449230;  0 drivers
E_0x8bb1e4900 .event posedge, v0x8bb20f700_0;
L_0x8bb2370c0 .array/port v0x8bb20fa20, L_0x8bad819a0;
L_0x8bb237160 .part o0x8bb449110, 0, 5;
L_0x8bad819a0 .concat [ 5 2 0 0], L_0x8bb0f76b0, L_0x8bb478640;
L_0x8bb237200 .array/port v0x8bb20fa20, L_0x8bad81cc0;
L_0x8bb2372a0 .part o0x8bb449140, 0, 5;
L_0x8bad81cc0 .concat [ 5 2 0 0], L_0x8bb0f7720, L_0x8bb478688;
S_0x102b45630 .scope module, "picorv32_wb" "picorv32_wb" 3 2815;
 .timescale -9 -12;
    .port_info 0 /OUTPUT 1 "trap";
    .port_info 1 /INPUT 1 "wb_rst_i";
    .port_info 2 /INPUT 1 "wb_clk_i";
    .port_info 3 /OUTPUT 32 "wbm_adr_o";
    .port_info 4 /OUTPUT 32 "wbm_dat_o";
    .port_info 5 /INPUT 32 "wbm_dat_i";
    .port_info 6 /OUTPUT 1 "wbm_we_o";
    .port_info 7 /OUTPUT 4 "wbm_sel_o";
    .port_info 8 /OUTPUT 1 "wbm_stb_o";
    .port_info 9 /INPUT 1 "wbm_ack_i";
    .port_info 10 /OUTPUT 1 "wbm_cyc_o";
    .port_info 11 /OUTPUT 1 "pcpi_valid";
    .port_info 12 /OUTPUT 32 "pcpi_insn";
    .port_info 13 /OUTPUT 32 "pcpi_rs1";
    .port_info 14 /OUTPUT 32 "pcpi_rs2";
    .port_info 15 /INPUT 1 "pcpi_wr";
    .port_info 16 /INPUT 32 "pcpi_rd";
    .port_info 17 /INPUT 1 "pcpi_wait";
    .port_info 18 /INPUT 1 "pcpi_ready";
    .port_info 19 /INPUT 32 "irq";
    .port_info 20 /OUTPUT 32 "eoi";
    .port_info 21 /OUTPUT 1 "trace_valid";
    .port_info 22 /OUTPUT 36 "trace_data";
    .port_info 23 /OUTPUT 1 "mem_instr";
P_0x102b51cd0 .param/l "BARREL_SHIFTER" 0 3 2821, C4<0>;
P_0x102b51d10 .param/l "CATCH_ILLINSN" 0 3 2826, C4<1>;
P_0x102b51d50 .param/l "CATCH_MISALIGN" 0 3 2825, C4<1>;
P_0x102b51d90 .param/l "COMPRESSED_ISA" 0 3 2824, C4<0>;
P_0x102b51dd0 .param/l "ENABLE_COUNTERS" 0 3 2816, C4<1>;
P_0x102b51e10 .param/l "ENABLE_COUNTERS64" 0 3 2817, C4<1>;
P_0x102b51e50 .param/l "ENABLE_DIV" 0 3 2830, C4<0>;
P_0x102b51e90 .param/l "ENABLE_FAST_MUL" 0 3 2829, C4<0>;
P_0x102b51ed0 .param/l "ENABLE_IRQ" 0 3 2831, C4<0>;
P_0x102b51f10 .param/l "ENABLE_IRQ_QREGS" 0 3 2832, C4<1>;
P_0x102b51f50 .param/l "ENABLE_IRQ_TIMER" 0 3 2833, C4<1>;
P_0x102b51f90 .param/l "ENABLE_MUL" 0 3 2828, C4<0>;
P_0x102b51fd0 .param/l "ENABLE_PCPI" 0 3 2827, C4<0>;
P_0x102b52010 .param/l "ENABLE_REGS_16_31" 0 3 2818, C4<1>;
P_0x102b52050 .param/l "ENABLE_REGS_DUALPORT" 0 3 2819, C4<1>;
P_0x102b52090 .param/l "ENABLE_TRACE" 0 3 2834, C4<0>;
P_0x102b520d0 .param/l "IDLE" 1 3 2989, C4<00>;
P_0x102b52110 .param/l "LATCHED_IRQ" 0 3 2837, C4<11111111111111111111111111111111>;
P_0x102b52150 .param/l "MASKED_IRQ" 0 3 2836, C4<00000000000000000000000000000000>;
P_0x102b52190 .param/l "PROGADDR_IRQ" 0 3 2839, C4<00000000000000000000000000010000>;
P_0x102b521d0 .param/l "PROGADDR_RESET" 0 3 2838, C4<00000000000000000000000000000000>;
P_0x102b52210 .param/l "REGS_INIT_ZERO" 0 3 2835, C4<0>;
P_0x102b52250 .param/l "STACKADDR" 0 3 2840, C4<11111111111111111111111111111111>;
P_0x102b52290 .param/l "TWO_CYCLE_ALU" 0 3 2823, C4<0>;
P_0x102b522d0 .param/l "TWO_CYCLE_COMPARE" 0 3 2822, C4<0>;
P_0x102b52310 .param/l "TWO_STAGE_SHIFT" 0 3 2820, C4<1>;
P_0x102b52350 .param/l "WBEND" 1 3 2991, C4<10>;
P_0x102b52390 .param/l "WBSTART" 1 3 2990, C4<01>;
o0x8bb44d2e0 .functor BUFZ 1, c4<z>; HiZ drive
L_0x8bac92610 .functor BUFZ 1, o0x8bb44d2e0, C4<0>, C4<0>, C4<0>;
o0x8bb44d310 .functor BUFZ 1, c4<z>; HiZ drive
L_0x8bb0f7790 .functor NOT 1, o0x8bb44d310, C4<0>, C4<0>, C4<0>;
L_0x8bb238460 .functor OR 1, L_0x8bb237520, L_0x8bb2375c0, C4<0>, C4<0>;
L_0x8bb2384d0 .functor OR 1, L_0x8bb238460, L_0x8bb237660, C4<0>, C4<0>;
L_0x8bb238540 .functor OR 1, L_0x8bb2384d0, L_0x8bb237700, C4<0>, C4<0>;
v0x8bb2226c0_0 .net *"_ivl_11", 0 0, L_0x8bb237660;  1 drivers
v0x8bb222760_0 .net *"_ivl_12", 0 0, L_0x8bb2384d0;  1 drivers
v0x8bb222800_0 .net *"_ivl_15", 0 0, L_0x8bb237700;  1 drivers
v0x8bb2228a0_0 .net *"_ivl_5", 0 0, L_0x8bb237520;  1 drivers
v0x8bb222940_0 .net *"_ivl_7", 0 0, L_0x8bb2375c0;  1 drivers
v0x8bb2229e0_0 .net *"_ivl_8", 0 0, L_0x8bb238460;  1 drivers
v0x8bb222a80_0 .net "clk", 0 0, L_0x8bac92610;  1 drivers
v0x8bb222b20_0 .net "eoi", 31 0, v0x8bb21c320_0;  1 drivers
o0x8bb44b840 .functor BUFZ 32, c4<zzzzzzzzzzzzzzzzzzzzzzzzzzzzzzzz>; HiZ drive
v0x8bb222bc0_0 .net "irq", 31 0, o0x8bb44b840;  0 drivers
v0x8bb222c60_0 .net "mem_addr", 31 0, v0x8bb21f700_0;  1 drivers
v0x8bb222d00_0 .net "mem_instr", 0 0, v0x8bb21fb60_0;  1 drivers
v0x8bb222da0_0 .var "mem_rdata", 31 0;
v0x8bb222e40_0 .var "mem_ready", 0 0;
v0x8bb222ee0_0 .net "mem_valid", 0 0, v0x8bb2206e0_0;  1 drivers
v0x8bb222f80_0 .net "mem_wdata", 31 0, v0x8bb220780_0;  1 drivers
v0x8bb223020_0 .net "mem_wstrb", 3 0, v0x8bb2208c0_0;  1 drivers
v0x8bb2230c0_0 .net "pcpi_insn", 31 0, v0x8bb220f00_0;  1 drivers
o0x8bb44c710 .functor BUFZ 32, c4<zzzzzzzzzzzzzzzzzzzzzzzzzzzzzzzz>; HiZ drive
v0x8bb223160_0 .net "pcpi_rd", 31 0, o0x8bb44c710;  0 drivers
o0x8bb44c740 .functor BUFZ 1, c4<z>; HiZ drive
v0x8bb223200_0 .net "pcpi_ready", 0 0, o0x8bb44c740;  0 drivers
v0x8bb2232a0_0 .net "pcpi_rs1", 31 0, L_0x8bac92990;  1 drivers
v0x8bb223340_0 .net "pcpi_rs2", 31 0, L_0x8bac92a00;  1 drivers
v0x8bb2233e0_0 .net "pcpi_valid", 0 0, v0x8bb2217c0_0;  1 drivers
o0x8bb44c830 .functor BUFZ 1, c4<z>; HiZ drive
v0x8bb223480_0 .net "pcpi_wait", 0 0, o0x8bb44c830;  0 drivers
o0x8bb44c860 .functor BUFZ 1, c4<z>; HiZ drive
v0x8bb223520_0 .net "pcpi_wr", 0 0, o0x8bb44c860;  0 drivers
v0x8bb2235c0_0 .net "resetn", 0 0, L_0x8bb0f7790;  1 drivers
v0x8bb223660_0 .var "state", 1 0;
v0x8bb223700_0 .net "trace_data", 35 0, v0x8bb2224e0_0;  1 drivers
v0x8bb2237a0_0 .net "trace_valid", 0 0, v0x8bb222580_0;  1 drivers
v0x8bb223840_0 .net "trap", 0 0, v0x8bb222620_0;  1 drivers
v0x8bb2238e0_0 .net "wb_clk_i", 0 0, o0x8bb44d2e0;  0 drivers
v0x8bb223980_0 .net "wb_rst_i", 0 0, o0x8bb44d310;  0 drivers
o0x8bb44d340 .functor BUFZ 1, c4<z>; HiZ drive
v0x8bb223a20_0 .net "wbm_ack_i", 0 0, o0x8bb44d340;  0 drivers
v0x8bb223ac0_0 .var "wbm_adr_o", 31 0;
v0x8bb223b60_0 .var "wbm_cyc_o", 0 0;
o0x8bb44d3d0 .functor BUFZ 32, c4<zzzzzzzzzzzzzzzzzzzzzzzzzzzzzzzz>; HiZ drive
v0x8bb223c00_0 .net "wbm_dat_i", 31 0, o0x8bb44d3d0;  0 drivers
v0x8bb223ca0_0 .var "wbm_dat_o", 31 0;
v0x8bb223d40_0 .var "wbm_sel_o", 3 0;
v0x8bb223de0_0 .var "wbm_stb_o", 0 0;
v0x8bb223e80_0 .var "wbm_we_o", 0 0;
v0x8bb223f20_0 .net "we", 0 0, L_0x8bb238540;  1 drivers
E_0x8bb1e4940 .event posedge, v0x8bb2238e0_0;
L_0x8bb237520 .part v0x8bb2208c0_0, 0, 1;
L_0x8bb2375c0 .part v0x8bb2208c0_0, 1, 1;
L_0x8bb237660 .part v0x8bb2208c0_0, 2, 1;
L_0x8bb237700 .part v0x8bb2208c0_0, 3, 1;
S_0x8bae20300 .scope module, "picorv32_core" "picorv32" 3 2938, 3 62 0, S_0x102b45630;
 .timescale -9 -12;
    .port_info 0 /INPUT 1 "clk";
    .port_info 1 /INPUT 1 "resetn";
    .port_info 2 /OUTPUT 1 "trap";
    .port_info 3 /OUTPUT 1 "mem_valid";
    .port_info 4 /OUTPUT 1 "mem_instr";
    .port_info 5 /INPUT 1 "mem_ready";
    .port_info 6 /OUTPUT 32 "mem_addr";
    .port_info 7 /OUTPUT 32 "mem_wdata";
    .port_info 8 /OUTPUT 4 "mem_wstrb";
    .port_info 9 /INPUT 32 "mem_rdata";
    .port_info 10 /OUTPUT 1 "mem_la_read";
    .port_info 11 /OUTPUT 1 "mem_la_write";
    .port_info 12 /OUTPUT 32 "mem_la_addr";
    .port_info 13 /OUTPUT 32 "mem_la_wdata";
    .port_info 14 /OUTPUT 4 "mem_la_wstrb";
    .port_info 15 /OUTPUT 1 "pcpi_valid";
    .port_info 16 /OUTPUT 32 "pcpi_insn";
    .port_info 17 /OUTPUT 32 "pcpi_rs1";
    .port_info 18 /OUTPUT 32 "pcpi_rs2";
    .port_info 19 /INPUT 1 "pcpi_wr";
    .port_info 20 /INPUT 32 "pcpi_rd";
    .port_info 21 /INPUT 1 "pcpi_wait";
    .port_info 22 /INPUT 1 "pcpi_ready";
    .port_info 23 /INPUT 32 "irq";
    .port_info 24 /OUTPUT 32 "eoi";
    .port_info 25 /OUTPUT 1 "trace_valid";
    .port_info 26 /OUTPUT 36 "trace_data";
P_0x8bae24000 .param/l "BARREL_SHIFTER" 0 3 69, C4<0>;
P_0x8bae24040 .param/l "CATCH_ILLINSN" 0 3 74, C4<1>;
P_0x8bae24080 .param/l "CATCH_MISALIGN" 0 3 73, C4<1>;
P_0x8bae240c0 .param/l "COMPRESSED_ISA" 0 3 72, C4<0>;
P_0x8bae24100 .param/l "ENABLE_COUNTERS" 0 3 63, C4<1>;
P_0x8bae24140 .param/l "ENABLE_COUNTERS64" 0 3 64, C4<1>;
P_0x8bae24180 .param/l "ENABLE_DIV" 0 3 78, C4<0>;
P_0x8bae241c0 .param/l "ENABLE_FAST_MUL" 0 3 77, C4<0>;
P_0x8bae24200 .param/l "ENABLE_IRQ" 0 3 79, C4<0>;
P_0x8bae24240 .param/l "ENABLE_IRQ_QREGS" 0 3 80, C4<1>;
P_0x8bae24280 .param/l "ENABLE_IRQ_TIMER" 0 3 81, C4<1>;
P_0x8bae242c0 .param/l "ENABLE_MUL" 0 3 76, C4<0>;
P_0x8bae24300 .param/l "ENABLE_PCPI" 0 3 75, C4<0>;
P_0x8bae24340 .param/l "ENABLE_REGS_16_31" 0 3 65, C4<1>;
P_0x8bae24380 .param/l "ENABLE_REGS_DUALPORT" 0 3 66, C4<1>;
P_0x8bae243c0 .param/l "ENABLE_TRACE" 0 3 82, C4<0>;
P_0x8bae24400 .param/l "LATCHED_IRQ" 0 3 85, C4<11111111111111111111111111111111>;
P_0x8bae24440 .param/l "LATCHED_MEM_RDATA" 0 3 67, C4<0>;
P_0x8bae24480 .param/l "MASKED_IRQ" 0 3 84, C4<00000000000000000000000000000000>;
P_0x8bae244c0 .param/l "PROGADDR_IRQ" 0 3 87, C4<00000000000000000000000000010000>;
P_0x8bae24500 .param/l "PROGADDR_RESET" 0 3 86, C4<00000000000000000000000000000000>;
P_0x8bae24540 .param/l "REGS_INIT_ZERO" 0 3 83, C4<0>;
P_0x8bae24580 .param/l "STACKADDR" 0 3 88, C4<11111111111111111111111111111111>;
P_0x8bae245c0 .param/l "TRACE_ADDR" 1 3 172, C4<001000000000000000000000000000000000>;
P_0x8bae24600 .param/l "TRACE_BRANCH" 1 3 171, C4<000100000000000000000000000000000000>;
P_0x8bae24640 .param/l "TRACE_IRQ" 1 3 173, C4<100000000000000000000000000000000000>;
P_0x8bae24680 .param/l "TWO_CYCLE_ALU" 0 3 71, C4<0>;
P_0x8bae246c0 .param/l "TWO_CYCLE_COMPARE" 0 3 70, C4<0>;
P_0x8bae24700 .param/l "TWO_STAGE_SHIFT" 0 3 68, C4<1>;
P_0x8bae24740 .param/l "WITH_PCPI" 1 3 169, C4<0>;
P_0x8bae24780 .param/l "cpu_state_exec" 1 3 1176, C4<00001000>;
P_0x8bae247c0 .param/l "cpu_state_fetch" 1 3 1173, C4<01000000>;
P_0x8bae24800 .param/l "cpu_state_ld_rs1" 1 3 1174, C4<00100000>;
P_0x8bae24840 .param/l "cpu_state_ld_rs2" 1 3 1175, C4<00010000>;
P_0x8bae24880 .param/l "cpu_state_ldmem" 1 3 1179, C4<00000001>;
P_0x8bae248c0 .param/l "cpu_state_shift" 1 3 1177, C4<00000100>;
P_0x8bae24900 .param/l "cpu_state_stmem" 1 3 1178, C4<00000010>;
P_0x8bae24940 .param/l "cpu_state_trap" 1 3 1172, C4<10000000>;
P_0x8bae24980 .param/l "irq_buserror" 1 3 163, +C4<00000000000000000000000000000010>;
P_0x8bae249c0 .param/l "irq_ebreak" 1 3 162, +C4<00000000000000000000000000000001>;
P_0x8bae24a00 .param/l "irq_timer" 1 3 161, +C4<00000000000000000000000000000000>;
P_0x8bae24a40 .param/l "irqregs_offset" 1 3 165, +C4<00000000000000000000000000100000>;
P_0x8bae24a80 .param/l "regfile_size" 1 3 166, +C4<00000000000000000000000000100000>;
P_0x8bae24ac0 .param/l "regindex_bits" 1 3 167, +C4<00000000000000000000000000000101>;
L_0x8bac92680 .functor BUFZ 1, v0x8bb2206e0_0, C4<0>, C4<0>, C4<0>;
L_0x8bac926f0 .functor BUFZ 1, v0x8bb21fb60_0, C4<0>, C4<0>, C4<0>;
L_0x8bac92760 .functor BUFZ 1, v0x8bb222e40_0, C4<0>, C4<0>, C4<0>;
L_0x8bac927d0 .functor BUFZ 32, v0x8bb21f700_0, C4<00000000000000000000000000000000>, C4<00000000000000000000000000000000>, C4<00000000000000000000000000000000>;
L_0x8bac92840 .functor BUFZ 32, v0x8bb220780_0, C4<00000000000000000000000000000000>, C4<00000000000000000000000000000000>, C4<00000000000000000000000000000000>;
L_0x8bac928b0 .functor BUFZ 4, v0x8bb2208c0_0, C4<0000>, C4<0000>, C4<0000>;
L_0x8bac92920 .functor BUFZ 32, v0x8bb222da0_0, C4<00000000000000000000000000000000>, C4<00000000000000000000000000000000>, C4<00000000000000000000000000000000>;
L_0x8bac92990 .functor BUFZ 32, v0x8bb221ea0_0, C4<00000000000000000000000000000000>, C4<00000000000000000000000000000000>, C4<00000000000000000000000000000000>;
L_0x8bac92a00 .functor BUFZ 32, v0x8bb221f40_0, C4<00000000000000000000000000000000>, C4<00000000000000000000000000000000>, C4<00000000000000000000000000000000>;
L_0x8bb0f7800 .functor AND 1, v0x8bb2206e0_0, v0x8bb222e40_0, C4<1>, C4<1>;
L_0x8bb4789a0 .functor BUFT 1, C4<0>, C4<0>, C4<0>, C4<0>;
L_0x8bb0f7870 .functor AND 1, L_0x8bb4789a0, v0x8bb21f980_0, C4<1>, C4<1>;
L_0x8bb0f78e0 .functor OR 1, L_0x8bb0f7800, L_0x8bb0f7870, C4<0>, C4<0>;
L_0x8bb0f7950 .functor AND 1, L_0x8bb0f78e0, L_0x8bad81ea0, C4<1>, C4<1>;
L_0x8bb0f7a30 .functor OR 1, v0x8bb21f980_0, v0x8bb21f8e0_0, C4<0>, C4<0>;
L_0x8bb0f7aa0 .functor OR 1, L_0x8bb0f7a30, v0x8bb21fa20_0, C4<0>, C4<0>;
L_0x8bb0f79c0 .functor AND 1, L_0x8bb0f7950, L_0x8bb0f7aa0, C4<1>, C4<1>;
L_0x8bb0f7b10 .functor AND 1, L_0x8bad81f40, v0x8bb21f980_0, C4<1>, C4<1>;
L_0x8bb0f7b80 .functor OR 1, L_0x8bb0f79c0, L_0x8bb0f7b10, C4<0>, C4<0>;
L_0x8bb0f7bf0 .functor AND 1, L_0x8bb0f7790, L_0x8bb0f7b80, C4<1>, C4<1>;
L_0x8bb0f7c60 .functor AND 1, L_0x8bad82080, L_0x8bb0f78e0, C4<1>, C4<1>;
L_0x8bb0f7cd0 .functor OR 1, L_0x8bad81fe0, L_0x8bb0f7c60, C4<0>, C4<0>;
L_0x8bb0f7d40 .functor AND 1, L_0x8bb0f7bf0, L_0x8bb0f7cd0, C4<1>, C4<1>;
L_0x8bb0f7db0 .functor AND 1, L_0x8bb0f7790, L_0x8bad82120, C4<1>, C4<1>;
L_0x8bb0f7e20 .functor AND 1, L_0x8bb0f7db0, v0x8bb21fa20_0, C4<1>, C4<1>;
L_0x8bb0f7e90 .functor AND 1, L_0x8bad821c0, L_0x8bad82260, C4<1>, C4<1>;
L_0x8bb0f7f00 .functor OR 1, v0x8bb21f980_0, v0x8bb21f840_0, C4<0>, C4<0>;
L_0x8bb0f7f70 .functor OR 1, L_0x8bb0f7f00, v0x8bb21f8e0_0, C4<0>, C4<0>;
L_0x8bb238000 .functor AND 1, L_0x8bb0f7e90, L_0x8bb0f7f70, C4<1>, C4<1>;
L_0x8bb4789e8 .functor BUFT 1, C4<0>, C4<0>, C4<0>, C4<0>;
L_0x8bb238070 .functor OR 1, L_0x8bb238000, L_0x8bb4789e8, C4<0>, C4<0>;
L_0x8bb2380e0 .functor AND 1, L_0x8bb0f7790, L_0x8bb238070, C4<1>, C4<1>;
L_0x8bb238150 .functor OR 1, v0x8bb21f840_0, v0x8bb21f980_0, C4<0>, C4<0>;
L_0x8bb478ac0 .functor BUFT 1, C4<0>, C4<0>, C4<0>, C4<0>;
L_0x8bb2381c0 .functor OR 1, L_0x8bb0f78e0, L_0x8bb478ac0, C4<0>, C4<0>;
L_0x8bac92a70 .functor BUFZ 32, L_0x8badd0c80, C4<00000000000000000000000000000000>, C4<00000000000000000000000000000000>, C4<00000000000000000000000000000000>;
L_0x8bb478b08 .functor BUFT 1, C4<1>, C4<0>, C4<0>, C4<0>;
L_0x8bb238230 .functor AND 1, L_0x8bb478b08, L_0x8bad82620, C4<1>, C4<1>;
L_0x8bb2382a0 .functor AND 1, v0x8bb21f520_0, v0x8bb21f0c0_0, C4<1>, C4<1>;
L_0x8bb478b50 .functor BUFT 1, C4<11111111111111111111111111111110>, C4<0>, C4<0>, C4<0>;
L_0x8bb238310 .functor AND 32, v0x8bb221fe0_0, L_0x8bb478b50, C4<11111111111111111111111111111111>, C4<11111111111111111111111111111111>;
L_0x8bb238380 .functor AND 1, L_0x8bad875c0, v0x8bb21c140_0, C4<1>, C4<1>;
L_0x8bb478be0 .functor BUFT 1, C4<1>, C4<0>, C4<0>, C4<0>;
L_0x8bb2383f0 .functor AND 1, L_0x8bb238380, L_0x8bb478be0, C4<1>, C4<1>;
v0x8bb20fca0_0 .net *"_ivl_100", 31 0, L_0x8bad823a0;  1 drivers
v0x8bb20fd40_0 .net *"_ivl_103", 29 0, L_0x8bb237480;  1 drivers
L_0x8bb478a78 .functor BUFT 1, C4<00>, C4<0>, C4<0>, C4<0>;
v0x8bb20fde0_0 .net/2u *"_ivl_104", 1 0, L_0x8bb478a78;  1 drivers
v0x8bb20fe80_0 .net *"_ivl_106", 31 0, L_0x8bad82440;  1 drivers
v0x8bb20ff20_0 .net/2u *"_ivl_110", 0 0, L_0x8bb478ac0;  1 drivers
v0x8bb214000_0 .net *"_ivl_113", 0 0, L_0x8bb2381c0;  1 drivers
v0x8bb2140a0_0 .net/2u *"_ivl_118", 0 0, L_0x8bb478b08;  1 drivers
v0x8bb214140_0 .net *"_ivl_120", 47 0, L_0x8bad82580;  1 drivers
v0x8bb2141e0_0 .net *"_ivl_123", 0 0, L_0x8bad82620;  1 drivers
v0x8bb214280_0 .net *"_ivl_126", 3 0, L_0x8bad826c0;  1 drivers
v0x8bb214320_0 .net *"_ivl_131", 0 0, L_0x8bb2382a0;  1 drivers
v0x8bb2143c0_0 .net/2u *"_ivl_132", 31 0, L_0x8bb478b50;  1 drivers
v0x8bb214460_0 .net *"_ivl_134", 31 0, L_0x8bb238310;  1 drivers
L_0x8bb478b98 .functor BUFT 1, C4<01000000>, C4<0>, C4<0>, C4<0>;
v0x8bb214500_0 .net/2u *"_ivl_138", 7 0, L_0x8bb478b98;  1 drivers
v0x8bb2145a0_0 .net *"_ivl_140", 0 0, L_0x8bad875c0;  1 drivers
v0x8bb214640_0 .net *"_ivl_143", 0 0, L_0x8bb238380;  1 drivers
v0x8bb2146e0_0 .net/2u *"_ivl_144", 0 0, L_0x8bb478be0;  1 drivers
v0x8bb214780_0 .net *"_ivl_25", 0 0, L_0x8bb0f7800;  1 drivers
v0x8bb214820_0 .net *"_ivl_27", 0 0, L_0x8bb0f7870;  1 drivers
v0x8bb2148c0_0 .net *"_ivl_30", 3 0, L_0x8bad81d60;  1 drivers
v0x8bb214960_0 .net *"_ivl_35", 0 0, L_0x8bad81ea0;  1 drivers
v0x8bb214a00_0 .net *"_ivl_37", 0 0, L_0x8bb0f7950;  1 drivers
v0x8bb214aa0_0 .net *"_ivl_39", 0 0, L_0x8bb0f7a30;  1 drivers
v0x8bb214b40_0 .net *"_ivl_41", 0 0, L_0x8bb0f7aa0;  1 drivers
v0x8bb214be0_0 .net *"_ivl_43", 0 0, L_0x8bb0f79c0;  1 drivers
v0x8bb214c80_0 .net *"_ivl_45", 0 0, L_0x8bad81f40;  1 drivers
v0x8bb214d20_0 .net *"_ivl_47", 0 0, L_0x8bb0f7b10;  1 drivers
v0x8bb214dc0_0 .net *"_ivl_49", 0 0, L_0x8bb0f7b80;  1 drivers
v0x8bb214e60_0 .net *"_ivl_51", 0 0, L_0x8bb0f7bf0;  1 drivers
v0x8bb214f00_0 .net *"_ivl_53", 0 0, L_0x8bad81fe0;  1 drivers
v0x8bb214fa0_0 .net *"_ivl_55", 1 0, L_0x8bb237340;  1 drivers
v0x8bb215040_0 .net *"_ivl_57", 0 0, L_0x8bad82080;  1 drivers
v0x8bb2150e0_0 .net *"_ivl_59", 0 0, L_0x8bb0f7c60;  1 drivers
v0x8bb215180_0 .net *"_ivl_61", 0 0, L_0x8bb0f7cd0;  1 drivers
v0x8bb215220_0 .net *"_ivl_65", 0 0, L_0x8bad82120;  1 drivers
v0x8bb2152c0_0 .net *"_ivl_67", 0 0, L_0x8bb0f7db0;  1 drivers
v0x8bb215360_0 .net *"_ivl_71", 0 0, L_0x8bad821c0;  1 drivers
v0x8bb215400_0 .net *"_ivl_73", 0 0, L_0x8bad82260;  1 drivers
v0x8bb2154a0_0 .net *"_ivl_75", 0 0, L_0x8bb0f7e90;  1 drivers
v0x8bb215540_0 .net *"_ivl_77", 0 0, L_0x8bb0f7f00;  1 drivers
v0x8bb2155e0_0 .net *"_ivl_79", 0 0, L_0x8bb0f7f70;  1 drivers
v0x8bb215680_0 .net *"_ivl_81", 0 0, L_0x8bb238000;  1 drivers
v0x8bb215720_0 .net/2u *"_ivl_82", 0 0, L_0x8bb4789e8;  1 drivers
v0x8bb2157c0_0 .net *"_ivl_85", 0 0, L_0x8bb238070;  1 drivers
v0x8bb215860_0 .net *"_ivl_89", 0 0, L_0x8bb238150;  1 drivers
v0x8bb215900_0 .net *"_ivl_91", 29 0, L_0x8bb2373e0;  1 drivers
L_0x8bb4792e8 .functor BUFT 1, C4<000000000000000000000000000000>, C4<0>, C4<0>, C4<0>;
v0x8bb2159a0_0 .net *"_ivl_92", 29 0, L_0x8bb4792e8;  1 drivers
v0x8bb215a40_0 .net *"_ivl_96", 29 0, L_0x8bad82300;  1 drivers
L_0x8bb478a30 .functor BUFT 1, C4<00>, C4<0>, C4<0>, C4<0>;
v0x8bb215ae0_0 .net/2u *"_ivl_98", 1 0, L_0x8bb478a30;  1 drivers
v0x8bb215b80_0 .var "alu_add_sub", 31 0;
v0x8bb215c20_0 .var "alu_eq", 0 0;
v0x8bb215cc0_0 .var "alu_lts", 0 0;
v0x8bb215d60_0 .var "alu_ltu", 0 0;
v0x8bb215e00_0 .var "alu_out", 31 0;
v0x8bb215ea0_0 .var "alu_out_0", 0 0;
v0x8bb215f40_0 .var "alu_out_0_q", 0 0;
v0x8bb215fe0_0 .var "alu_out_q", 31 0;
v0x8bb216080_0 .var "alu_shl", 31 0;
v0x8bb216120_0 .var "alu_shr", 31 0;
v0x8bb2161c0_0 .var "alu_wait", 0 0;
v0x8bb216260_0 .var "alu_wait_2", 0 0;
v0x8bb216300_0 .var "cached_ascii_instr", 63 0;
v0x8bb2163a0_0 .var "cached_insn_imm", 31 0;
v0x8bb216440_0 .var "cached_insn_opcode", 31 0;
v0x8bb2164e0_0 .var "cached_insn_rd", 4 0;
v0x8bb216580_0 .var "cached_insn_rs1", 4 0;
v0x8bb216620_0 .var "cached_insn_rs2", 4 0;
v0x8bb2166c0_0 .var "clear_prefetched_high_word", 0 0;
v0x8bb216760_0 .var "clear_prefetched_high_word_q", 0 0;
v0x8bb216800_0 .net "clk", 0 0, L_0x8bac92610;  alias, 1 drivers
v0x8bb2168a0_0 .var "compressed_instr", 0 0;
v0x8bb216940_0 .var "count_cycle", 63 0;
v0x8bb2169e0_0 .var "count_instr", 63 0;
v0x8bb216a80_0 .var "cpu_state", 7 0;
v0x8bb216b20 .array "cpuregs", 31 0, 31 0;
v0x8bb216bc0_0 .var "cpuregs_rs1", 31 0;
v0x8bb216c60_0 .var "cpuregs_rs2", 31 0;
v0x8bb216d00_0 .var "cpuregs_wrdata", 31 0;
v0x8bb216da0_0 .var "cpuregs_write", 0 0;
v0x8bb216e40_0 .var "current_pc", 31 0;
v0x8bb216ee0_0 .var "dbg_ascii_instr", 63 0;
v0x8bb216f80_0 .var "dbg_ascii_state", 127 0;
v0x8bb217020_0 .var "dbg_insn_addr", 31 0;
v0x8bb2170c0_0 .var "dbg_insn_imm", 31 0;
v0x8bb217160_0 .var "dbg_insn_opcode", 31 0;
v0x8bb217200_0 .var "dbg_insn_rd", 4 0;
v0x8bb2172a0_0 .var "dbg_insn_rs1", 4 0;
v0x8bb217340_0 .var "dbg_insn_rs2", 4 0;
v0x8bb2173e0_0 .net "dbg_mem_addr", 31 0, L_0x8bac927d0;  1 drivers
v0x8bb217480_0 .net "dbg_mem_instr", 0 0, L_0x8bac926f0;  1 drivers
v0x8bb217520_0 .net "dbg_mem_rdata", 31 0, L_0x8bac92920;  1 drivers
v0x8bb2175c0_0 .net "dbg_mem_ready", 0 0, L_0x8bac92760;  1 drivers
v0x8bb217660_0 .net "dbg_mem_valid", 0 0, L_0x8bac92680;  1 drivers
v0x8bb217700_0 .net "dbg_mem_wdata", 31 0, L_0x8bac92840;  1 drivers
v0x8bb2177a0_0 .net "dbg_mem_wstrb", 3 0, L_0x8bac928b0;  1 drivers
v0x8bb217840_0 .var "dbg_next", 0 0;
v0x8bb2178e0_0 .var "dbg_rs1val", 31 0;
v0x8bb217980_0 .var "dbg_rs1val_valid", 0 0;
v0x8bb217a20_0 .var "dbg_rs2val", 31 0;
v0x8bb217ac0_0 .var "dbg_rs2val_valid", 0 0;
v0x8bb217b60_0 .var "dbg_valid_insn", 0 0;
v0x8bb217c00_0 .var "decoded_imm", 31 0;
v0x8bb217ca0_0 .var "decoded_imm_j", 31 0;
v0x8bb217d40_0 .var "decoded_rd", 4 0;
v0x8bb217de0_0 .var "decoded_rs", 4 0;
v0x8bb217e80_0 .var "decoded_rs1", 4 0;
v0x8bb217f20_0 .var "decoded_rs2", 4 0;
v0x8bb21c000_0 .var "decoder_pseudo_trigger", 0 0;
v0x8bb21c0a0_0 .var "decoder_pseudo_trigger_q", 0 0;
v0x8bb21c140_0 .var "decoder_trigger", 0 0;
v0x8bb21c1e0_0 .var "decoder_trigger_q", 0 0;
v0x8bb21c280_0 .var "do_waitirq", 0 0;
v0x8bb21c320_0 .var "eoi", 31 0;
v0x8bb21c3c0_0 .var "instr_add", 0 0;
v0x8bb21c460_0 .var "instr_addi", 0 0;
v0x8bb21c500_0 .var "instr_and", 0 0;
v0x8bb21c5a0_0 .var "instr_andi", 0 0;
v0x8bb21c640_0 .var "instr_auipc", 0 0;
v0x8bb21c6e0_0 .var "instr_beq", 0 0;
v0x8bb21c780_0 .var "instr_bge", 0 0;
v0x8bb21c820_0 .var "instr_bgeu", 0 0;
v0x8bb21c8c0_0 .var "instr_blt", 0 0;
v0x8bb21c960_0 .var "instr_bltu", 0 0;
v0x8bb21ca00_0 .var "instr_bne", 0 0;
v0x8bb21caa0_0 .var "instr_ecall_ebreak", 0 0;
v0x8bb21cb40_0 .var "instr_fence", 0 0;
v0x8bb21cbe0_0 .var "instr_getq", 0 0;
v0x8bb21cc80_0 .var "instr_jal", 0 0;
v0x8bb21cd20_0 .var "instr_jalr", 0 0;
v0x8bb21cdc0_0 .var "instr_lb", 0 0;
v0x8bb21ce60_0 .var "instr_lbu", 0 0;
v0x8bb21cf00_0 .var "instr_lh", 0 0;
v0x8bb21cfa0_0 .var "instr_lhu", 0 0;
v0x8bb21d040_0 .var "instr_lui", 0 0;
v0x8bb21d0e0_0 .var "instr_lw", 0 0;
v0x8bb21d180_0 .var "instr_maskirq", 0 0;
v0x8bb21d220_0 .var "instr_or", 0 0;
v0x8bb21d2c0_0 .var "instr_ori", 0 0;
v0x8bb21d360_0 .var "instr_rdcycle", 0 0;
v0x8bb21d400_0 .var "instr_rdcycleh", 0 0;
v0x8bb21d4a0_0 .var "instr_rdinstr", 0 0;
v0x8bb21d540_0 .var "instr_rdinstrh", 0 0;
v0x8bb21d5e0_0 .var "instr_retirq", 0 0;
v0x8bb21d680_0 .var "instr_sb", 0 0;
v0x8bb21d720_0 .var "instr_setq", 0 0;
v0x8bb21d7c0_0 .var "instr_sh", 0 0;
v0x8bb21d860_0 .var "instr_sll", 0 0;
v0x8bb21d900_0 .var "instr_slli", 0 0;
v0x8bb21d9a0_0 .var "instr_slt", 0 0;
v0x8bb21da40_0 .var "instr_slti", 0 0;
v0x8bb21dae0_0 .var "instr_sltiu", 0 0;
v0x8bb21db80_0 .var "instr_sltu", 0 0;
v0x8bb21dc20_0 .var "instr_sra", 0 0;
v0x8bb21dcc0_0 .var "instr_srai", 0 0;
v0x8bb21dd60_0 .var "instr_srl", 0 0;
v0x8bb21de00_0 .var "instr_srli", 0 0;
v0x8bb21dea0_0 .var "instr_sub", 0 0;
v0x8bb21df40_0 .var "instr_sw", 0 0;
v0x8bb21dfe0_0 .var "instr_timer", 0 0;
v0x8bb21e080_0 .net "instr_trap", 0 0, L_0x8bb238230;  1 drivers
v0x8bb21e120_0 .var "instr_waitirq", 0 0;
v0x8bb21e1c0_0 .var "instr_xor", 0 0;
v0x8bb21e260_0 .var "instr_xori", 0 0;
v0x8bb21e300_0 .net "irq", 31 0, o0x8bb44b840;  alias, 0 drivers
v0x8bb21e3a0_0 .var "irq_active", 0 0;
v0x8bb21e440_0 .var "irq_delay", 0 0;
v0x8bb21e4e0_0 .var "irq_mask", 31 0;
v0x8bb21e580_0 .var "irq_pending", 31 0;
v0x8bb21e620_0 .var "irq_state", 1 0;
v0x8bb21e6c0_0 .var "is_alu_reg_imm", 0 0;
v0x8bb21e760_0 .var "is_alu_reg_reg", 0 0;
v0x8bb21e800_0 .var "is_beq_bne_blt_bge_bltu_bgeu", 0 0;
v0x8bb21e8a0_0 .var "is_compare", 0 0;
v0x8bb21e940_0 .var "is_jalr_addi_slti_sltiu_xori_ori_andi", 0 0;
v0x8bb21e9e0_0 .var "is_lb_lh_lw_lbu_lhu", 0 0;
v0x8bb21ea80_0 .var "is_lbu_lhu_lw", 0 0;
v0x8bb21eb20_0 .var "is_lui_auipc_jal", 0 0;
v0x8bb21ebc0_0 .var "is_lui_auipc_jal_jalr_addi_add_sub", 0 0;
v0x8bb21ec60_0 .net "is_rdcycle_rdcycleh_rdinstr_rdinstrh", 0 0, L_0x8bad82760;  1 drivers
v0x8bb21ed00_0 .var "is_sb_sh_sw", 0 0;
v0x8bb21eda0_0 .var "is_sll_srl_sra", 0 0;
v0x8bb21ee40_0 .var "is_slli_srli_srai", 0 0;
v0x8bb21eee0_0 .var "is_slti_blt_slt", 0 0;
v0x8bb21ef80_0 .var "is_sltiu_bltu_sltu", 0 0;
v0x8bb21f020_0 .var "last_mem_valid", 0 0;
v0x8bb21f0c0_0 .var "latched_branch", 0 0;
v0x8bb21f160_0 .var "latched_compr", 0 0;
v0x8bb21f200_0 .var "latched_is_lb", 0 0;
v0x8bb21f2a0_0 .var "latched_is_lh", 0 0;
v0x8bb21f340_0 .var "latched_is_lu", 0 0;
v0x8bb21f3e0_0 .var "latched_rd", 4 0;
v0x8bb21f480_0 .var "latched_stalu", 0 0;
v0x8bb21f520_0 .var "latched_store", 0 0;
v0x8bb21f5c0_0 .var "latched_trace", 0 0;
v0x8bb21f660_0 .net "launch_next_insn", 0 0, L_0x8bb2383f0;  1 drivers
v0x8bb21f700_0 .var "mem_addr", 31 0;
v0x8bb21f7a0_0 .net "mem_busy", 0 0, L_0x8bad81e00;  1 drivers
v0x8bb21f840_0 .var "mem_do_prefetch", 0 0;
v0x8bb21f8e0_0 .var "mem_do_rdata", 0 0;
v0x8bb21f980_0 .var "mem_do_rinst", 0 0;
v0x8bb21fa20_0 .var "mem_do_wdata", 0 0;
v0x8bb21fac0_0 .net "mem_done", 0 0, L_0x8bb0f7d40;  1 drivers
v0x8bb21fb60_0 .var "mem_instr", 0 0;
v0x8bb21fc00_0 .net "mem_la_addr", 31 0, L_0x8badd0be0;  1 drivers
L_0x8bb478910 .functor BUFT 1, C4<0>, C4<0>, C4<0>, C4<0>;
v0x8bb21fca0_0 .net "mem_la_firstword", 0 0, L_0x8bb478910;  1 drivers
v0x8bb21fd40_0 .var "mem_la_firstword_reg", 0 0;
L_0x8bb478958 .functor BUFT 1, C4<0>, C4<0>, C4<0>, C4<0>;
v0x8bb21fde0_0 .net "mem_la_firstword_xfer", 0 0, L_0x8bb478958;  1 drivers
v0x8bb21fe80_0 .net "mem_la_read", 0 0, L_0x8bb2380e0;  1 drivers
v0x8bb21ff20_0 .var "mem_la_secondword", 0 0;
v0x8bb220000_0 .net "mem_la_use_prefetched_high_word", 0 0, L_0x8bb4789a0;  1 drivers
v0x8bb2200a0_0 .var "mem_la_wdata", 31 0;
v0x8bb220140_0 .net "mem_la_write", 0 0, L_0x8bb0f7e20;  1 drivers
v0x8bb2201e0_0 .var "mem_la_wstrb", 3 0;
v0x8bb220280_0 .net "mem_rdata", 31 0, v0x8bb222da0_0;  1 drivers
v0x8bb220320_0 .net "mem_rdata_latched", 31 0, L_0x8bac92a70;  1 drivers
v0x8bb2203c0_0 .net "mem_rdata_latched_noshuffle", 31 0, L_0x8badd0c80;  1 drivers
v0x8bb220460_0 .var "mem_rdata_q", 31 0;
v0x8bb220500_0 .var "mem_rdata_word", 31 0;
v0x8bb2205a0_0 .net "mem_ready", 0 0, v0x8bb222e40_0;  1 drivers
v0x8bb220640_0 .var "mem_state", 1 0;
v0x8bb2206e0_0 .var "mem_valid", 0 0;
v0x8bb220780_0 .var "mem_wdata", 31 0;
v0x8bb220820_0 .var "mem_wordsize", 1 0;
v0x8bb2208c0_0 .var "mem_wstrb", 3 0;
v0x8bb220960_0 .net "mem_xfer", 0 0, L_0x8bb0f78e0;  1 drivers
v0x8bb220a00_0 .var "new_ascii_instr", 63 0;
v0x8bb220aa0_0 .var "next_insn_opcode", 31 0;
v0x8bb220b40_0 .var "next_irq_pending", 31 0;
v0x8bb220be0_0 .net "next_pc", 31 0, L_0x8badd0d20;  1 drivers
L_0x8bb478838 .functor BUFT 1, C4<xxxxxxxxxxxxxxxxxxxxxxxxxxxxxxxx>, C4<0>, C4<0>, C4<0>;
v0x8bb220c80_0 .net "pcpi_div_rd", 31 0, L_0x8bb478838;  1 drivers
L_0x8bb4788c8 .functor BUFT 1, C4<0>, C4<0>, C4<0>, C4<0>;
v0x8bb220d20_0 .net "pcpi_div_ready", 0 0, L_0x8bb4788c8;  1 drivers
L_0x8bb478880 .functor BUFT 1, C4<0>, C4<0>, C4<0>, C4<0>;
v0x8bb220dc0_0 .net "pcpi_div_wait", 0 0, L_0x8bb478880;  1 drivers
L_0x8bb4787f0 .functor BUFT 1, C4<0>, C4<0>, C4<0>, C4<0>;
v0x8bb220e60_0 .net "pcpi_div_wr", 0 0, L_0x8bb4787f0;  1 drivers
v0x8bb220f00_0 .var "pcpi_insn", 31 0;
v0x8bb220fa0_0 .var "pcpi_int_rd", 31 0;
v0x8bb221040_0 .var "pcpi_int_ready", 0 0;
v0x8bb2210e0_0 .var "pcpi_int_wait", 0 0;
v0x8bb221180_0 .var "pcpi_int_wr", 0 0;
L_0x8bb478718 .functor BUFT 1, C4<xxxxxxxxxxxxxxxxxxxxxxxxxxxxxxxx>, C4<0>, C4<0>, C4<0>;
v0x8bb221220_0 .net "pcpi_mul_rd", 31 0, L_0x8bb478718;  1 drivers
L_0x8bb4787a8 .functor BUFT 1, C4<0>, C4<0>, C4<0>, C4<0>;
v0x8bb2212c0_0 .net "pcpi_mul_ready", 0 0, L_0x8bb4787a8;  1 drivers
L_0x8bb478760 .functor BUFT 1, C4<0>, C4<0>, C4<0>, C4<0>;
v0x8bb221360_0 .net "pcpi_mul_wait", 0 0, L_0x8bb478760;  1 drivers
L_0x8bb4786d0 .functor BUFT 1, C4<0>, C4<0>, C4<0>, C4<0>;
v0x8bb221400_0 .net "pcpi_mul_wr", 0 0, L_0x8bb4786d0;  1 drivers
v0x8bb2214a0_0 .net "pcpi_rd", 31 0, o0x8bb44c710;  alias, 0 drivers
v0x8bb221540_0 .net "pcpi_ready", 0 0, o0x8bb44c740;  alias, 0 drivers
v0x8bb2215e0_0 .net "pcpi_rs1", 31 0, L_0x8bac92990;  alias, 1 drivers
v0x8bb221680_0 .net "pcpi_rs2", 31 0, L_0x8bac92a00;  alias, 1 drivers
v0x8bb221720_0 .var "pcpi_timeout", 0 0;
v0x8bb2217c0_0 .var "pcpi_valid", 0 0;
v0x8bb221860_0 .net "pcpi_wait", 0 0, o0x8bb44c830;  alias, 0 drivers
v0x8bb221900_0 .net "pcpi_wr", 0 0, o0x8bb44c860;  alias, 0 drivers
v0x8bb2219a0_0 .var "prefetched_high_word", 0 0;
v0x8bb221a40_0 .var "q_ascii_instr", 63 0;
v0x8bb221ae0_0 .var "q_insn_imm", 31 0;
v0x8bb221b80_0 .var "q_insn_opcode", 31 0;
v0x8bb221c20_0 .var "q_insn_rd", 4 0;
v0x8bb221cc0_0 .var "q_insn_rs1", 4 0;
v0x8bb221d60_0 .var "q_insn_rs2", 4 0;
v0x8bb221e00_0 .var "reg_next_pc", 31 0;
v0x8bb221ea0_0 .var "reg_op1", 31 0;
v0x8bb221f40_0 .var "reg_op2", 31 0;
v0x8bb221fe0_0 .var "reg_out", 31 0;
v0x8bb222080_0 .var "reg_pc", 31 0;
v0x8bb222120_0 .var "reg_sh", 4 0;
v0x8bb2221c0_0 .net "resetn", 0 0, L_0x8bb0f7790;  alias, 1 drivers
v0x8bb222260_0 .var "set_mem_do_rdata", 0 0;
v0x8bb222300_0 .var "set_mem_do_rinst", 0 0;
v0x8bb2223a0_0 .var "set_mem_do_wdata", 0 0;
v0x8bb222440_0 .var "timer", 31 0;
v0x8bb2224e0_0 .var "trace_data", 35 0;
v0x8bb222580_0 .var "trace_valid", 0 0;
v0x8bb222620_0 .var "trap", 0 0;
E_0x8bb1e4980 .event posedge, v0x8bb216800_0;
v0x8bb216b20_0 .array/port v0x8bb216b20, 0;
v0x8bb216b20_1 .array/port v0x8bb216b20, 1;
v0x8bb216b20_2 .array/port v0x8bb216b20, 2;
E_0x8bb1e49c0/0 .event anyedge, v0x8bb217e80_0, v0x8bb216b20_0, v0x8bb216b20_1, v0x8bb216b20_2;
v0x8bb216b20_3 .array/port v0x8bb216b20, 3;
v0x8bb216b20_4 .array/port v0x8bb216b20, 4;
v0x8bb216b20_5 .array/port v0x8bb216b20, 5;
v0x8bb216b20_6 .array/port v0x8bb216b20, 6;
E_0x8bb1e49c0/1 .event anyedge, v0x8bb216b20_3, v0x8bb216b20_4, v0x8bb216b20_5, v0x8bb216b20_6;
v0x8bb216b20_7 .array/port v0x8bb216b20, 7;
v0x8bb216b20_8 .array/port v0x8bb216b20, 8;
v0x8bb216b20_9 .array/port v0x8bb216b20, 9;
v0x8bb216b20_10 .array/port v0x8bb216b20, 10;
E_0x8bb1e49c0/2 .event anyedge, v0x8bb216b20_7, v0x8bb216b20_8, v0x8bb216b20_9, v0x8bb216b20_10;
v0x8bb216b20_11 .array/port v0x8bb216b20, 11;
v0x8bb216b20_12 .array/port v0x8bb216b20, 12;
v0x8bb216b20_13 .array/port v0x8bb216b20, 13;
v0x8bb216b20_14 .array/port v0x8bb216b20, 14;
E_0x8bb1e49c0/3 .event anyedge, v0x8bb216b20_11, v0x8bb216b20_12, v0x8bb216b20_13, v0x8bb216b20_14;
v0x8bb216b20_15 .array/port v0x8bb216b20, 15;
v0x8bb216b20_16 .array/port v0x8bb216b20, 16;
v0x8bb216b20_17 .array/port v0x8bb216b20, 17;
v0x8bb216b20_18 .array/port v0x8bb216b20, 18;
E_0x8bb1e49c0/4 .event anyedge, v0x8bb216b20_15, v0x8bb216b20_16, v0x8bb216b20_17, v0x8bb216b20_18;
v0x8bb216b20_19 .array/port v0x8bb216b20, 19;
v0x8bb216b20_20 .array/port v0x8bb216b20, 20;
v0x8bb216b20_21 .array/port v0x8bb216b20, 21;
v0x8bb216b20_22 .array/port v0x8bb216b20, 22;
E_0x8bb1e49c0/5 .event anyedge, v0x8bb216b20_19, v0x8bb216b20_20, v0x8bb216b20_21, v0x8bb216b20_22;
v0x8bb216b20_23 .array/port v0x8bb216b20, 23;
v0x8bb216b20_24 .array/port v0x8bb216b20, 24;
v0x8bb216b20_25 .array/port v0x8bb216b20, 25;
v0x8bb216b20_26 .array/port v0x8bb216b20, 26;
E_0x8bb1e49c0/6 .event anyedge, v0x8bb216b20_23, v0x8bb216b20_24, v0x8bb216b20_25, v0x8bb216b20_26;
v0x8bb216b20_27 .array/port v0x8bb216b20, 27;
v0x8bb216b20_28 .array/port v0x8bb216b20, 28;
v0x8bb216b20_29 .array/port v0x8bb216b20, 29;
v0x8bb216b20_30 .array/port v0x8bb216b20, 30;
E_0x8bb1e49c0/7 .event anyedge, v0x8bb216b20_27, v0x8bb216b20_28, v0x8bb216b20_29, v0x8bb216b20_30;
v0x8bb216b20_31 .array/port v0x8bb216b20, 31;
E_0x8bb1e49c0/8 .event anyedge, v0x8bb216b20_31, v0x8bb217f20_0;
E_0x8bb1e49c0 .event/or E_0x8bb1e49c0/0, E_0x8bb1e49c0/1, E_0x8bb1e49c0/2, E_0x8bb1e49c0/3, E_0x8bb1e49c0/4, E_0x8bb1e49c0/5, E_0x8bb1e49c0/6, E_0x8bb1e49c0/7, E_0x8bb1e49c0/8;
E_0x8bb1e4a00/0 .event anyedge, v0x8bb216a80_0, v0x8bb222080_0, v0x8bb21f160_0, v0x8bb21f0c0_0;
E_0x8bb1e4a00/1 .event anyedge, v0x8bb21f480_0, v0x8bb215fe0_0, v0x8bb221fe0_0, v0x8bb21f520_0;
E_0x8bb1e4a00/2 .event anyedge, v0x8bb221e00_0, v0x8bb21e580_0, v0x8bb21e4e0_0;
E_0x8bb1e4a00 .event/or E_0x8bb1e4a00/0, E_0x8bb1e4a00/1, E_0x8bb1e4a00/2;
E_0x8bb1e4a40/0 .event anyedge, v0x8bb216760_0, v0x8bb2219a0_0, v0x8bb21f0c0_0, v0x8bb21e620_0;
E_0x8bb1e4a40/1 .event anyedge, v0x8bb2221c0_0;
E_0x8bb1e4a40 .event/or E_0x8bb1e4a40/0, E_0x8bb1e4a40/1;
E_0x8bb1e4a80/0 .event anyedge, v0x8bb215c20_0, v0x8bb21c6e0_0, v0x8bb21ca00_0, v0x8bb215cc0_0;
E_0x8bb1e4a80/1 .event anyedge, v0x8bb21c780_0, v0x8bb215d60_0, v0x8bb21c820_0, v0x8bb21eee0_0;
E_0x8bb1e4a80/2 .event anyedge, v0x8bb21ef80_0, v0x8bb215b80_0, v0x8bb21ebc0_0, v0x8bb215ea0_0;
E_0x8bb1e4a80/3 .event anyedge, v0x8bb21e8a0_0, v0x8bb221ea0_0, v0x8bb221f40_0, v0x8bb21e260_0;
E_0x8bb1e4a80/4 .event anyedge, v0x8bb21e1c0_0, v0x8bb21d2c0_0, v0x8bb21d220_0, v0x8bb21c5a0_0;
E_0x8bb1e4a80/5 .event anyedge, v0x8bb21c500_0, v0x8bb216080_0, v0x8bb216120_0;
E_0x8bb1e4a80 .event/or E_0x8bb1e4a80/0, E_0x8bb1e4a80/1, E_0x8bb1e4a80/2, E_0x8bb1e4a80/3, E_0x8bb1e4a80/4, E_0x8bb1e4a80/5;
E_0x8bb1e4ac0 .event anyedge, v0x8bb216a80_0;
E_0x8bb1e4b00/0 .event anyedge, v0x8bb221a40_0, v0x8bb221ae0_0, v0x8bb221b80_0, v0x8bb221cc0_0;
E_0x8bb1e4b00/1 .event anyedge, v0x8bb221d60_0, v0x8bb221c20_0, v0x8bb217840_0, v0x8bb21c0a0_0;
E_0x8bb1e4b00/2 .event anyedge, v0x8bb216300_0, v0x8bb2163a0_0, v0x8bb216440_0, v0x8bb216580_0;
E_0x8bb1e4b00/3 .event anyedge, v0x8bb216620_0, v0x8bb2164e0_0, v0x8bb220a00_0, v0x8bb220aa0_0;
E_0x8bb1e4b00/4 .event anyedge, v0x8bb217c00_0, v0x8bb217e80_0, v0x8bb217f20_0, v0x8bb217d40_0;
E_0x8bb1e4b00 .event/or E_0x8bb1e4b00/0, E_0x8bb1e4b00/1, E_0x8bb1e4b00/2, E_0x8bb1e4b00/3, E_0x8bb1e4b00/4;
E_0x8bb1e4b40/0 .event anyedge, v0x8bb21d040_0, v0x8bb21c640_0, v0x8bb21cc80_0, v0x8bb21cd20_0;
E_0x8bb1e4b40/1 .event anyedge, v0x8bb21c6e0_0, v0x8bb21ca00_0, v0x8bb21c8c0_0, v0x8bb21c780_0;
E_0x8bb1e4b40/2 .event anyedge, v0x8bb21c960_0, v0x8bb21c820_0, v0x8bb21cdc0_0, v0x8bb21cf00_0;
E_0x8bb1e4b40/3 .event anyedge, v0x8bb21d0e0_0, v0x8bb21ce60_0, v0x8bb21cfa0_0, v0x8bb21d680_0;
E_0x8bb1e4b40/4 .event anyedge, v0x8bb21d7c0_0, v0x8bb21df40_0, v0x8bb21c460_0, v0x8bb21da40_0;
E_0x8bb1e4b40/5 .event anyedge, v0x8bb21dae0_0, v0x8bb21e260_0, v0x8bb21d2c0_0, v0x8bb21c5a0_0;
E_0x8bb1e4b40/6 .event anyedge, v0x8bb21d900_0, v0x8bb21de00_0, v0x8bb21dcc0_0, v0x8bb21c3c0_0;
E_0x8bb1e4b40/7 .event anyedge, v0x8bb21dea0_0, v0x8bb21d860_0, v0x8bb21d9a0_0, v0x8bb21db80_0;
E_0x8bb1e4b40/8 .event anyedge, v0x8bb21e1c0_0, v0x8bb21dd60_0, v0x8bb21dc20_0, v0x8bb21d220_0;
E_0x8bb1e4b40/9 .event anyedge, v0x8bb21c500_0, v0x8bb21d360_0, v0x8bb21d400_0, v0x8bb21d4a0_0;
E_0x8bb1e4b40/10 .event anyedge, v0x8bb21d540_0, v0x8bb21cb40_0, v0x8bb21cbe0_0, v0x8bb21d720_0;
E_0x8bb1e4b40/11 .event anyedge, v0x8bb21d5e0_0, v0x8bb21d180_0, v0x8bb21e120_0, v0x8bb21dfe0_0;
E_0x8bb1e4b40 .event/or E_0x8bb1e4b40/0, E_0x8bb1e4b40/1, E_0x8bb1e4b40/2, E_0x8bb1e4b40/3, E_0x8bb1e4b40/4, E_0x8bb1e4b40/5, E_0x8bb1e4b40/6, E_0x8bb1e4b40/7, E_0x8bb1e4b40/8, E_0x8bb1e4b40/9, E_0x8bb1e4b40/10, E_0x8bb1e4b40/11;
E_0x8bb1e4b80 .event anyedge, v0x8bb220820_0, v0x8bb221f40_0, v0x8bb220280_0, v0x8bb221ea0_0;
E_0x8bb1e4bc0 .event anyedge, v0x8bb221400_0, v0x8bb221220_0, v0x8bb220e60_0, v0x8bb220c80_0;
L_0x8bad81d60 .concat [ 1 1 1 1], v0x8bb21fa20_0, v0x8bb21f8e0_0, v0x8bb21f980_0, v0x8bb21f840_0;
L_0x8bad81e00 .reduce/or L_0x8bad81d60;
L_0x8bad81ea0 .reduce/or v0x8bb220640_0;
L_0x8bad81f40 .reduce/and v0x8bb220640_0;
L_0x8bad81fe0 .reduce/nor L_0x8bb478910;
L_0x8bb237340 .part L_0x8bac92a70, 0, 2;
L_0x8bad82080 .reduce/nand L_0x8bb237340;
L_0x8bad82120 .reduce/nor v0x8bb220640_0;
L_0x8bad821c0 .reduce/nor L_0x8bb4789a0;
L_0x8bad82260 .reduce/nor v0x8bb220640_0;
L_0x8bb2373e0 .part L_0x8badd0d20, 2, 30;
L_0x8bad82300 .arith/sum 30, L_0x8bb2373e0, L_0x8bb4792e8;
L_0x8bad823a0 .concat [ 2 30 0 0], L_0x8bb478a30, L_0x8bad82300;
L_0x8bb237480 .part v0x8bb221ea0_0, 2, 30;
L_0x8bad82440 .concat [ 2 30 0 0], L_0x8bb478a78, L_0x8bb237480;
L_0x8badd0be0 .functor MUXZ 32, L_0x8bad82440, L_0x8bad823a0, L_0x8bb238150, C4<>;
L_0x8badd0c80 .functor MUXZ 32, v0x8bb220460_0, v0x8bb222da0_0, L_0x8bb2381c0, C4<>;
LS_0x8bad82580_0_0 .concat [ 1 1 1 1], v0x8bb21dfe0_0, v0x8bb21e120_0, v0x8bb21d180_0, v0x8bb21d5e0_0;
LS_0x8bad82580_0_4 .concat [ 1 1 1 1], v0x8bb21d720_0, v0x8bb21cbe0_0, v0x8bb21cb40_0, v0x8bb21d540_0;
LS_0x8bad82580_0_8 .concat [ 1 1 1 1], v0x8bb21d4a0_0, v0x8bb21d400_0, v0x8bb21d360_0, v0x8bb21c500_0;
LS_0x8bad82580_0_12 .concat [ 1 1 1 1], v0x8bb21d220_0, v0x8bb21dc20_0, v0x8bb21dd60_0, v0x8bb21e1c0_0;
LS_0x8bad82580_0_16 .concat [ 1 1 1 1], v0x8bb21db80_0, v0x8bb21d9a0_0, v0x8bb21d860_0, v0x8bb21dea0_0;
LS_0x8bad82580_0_20 .concat [ 1 1 1 1], v0x8bb21c3c0_0, v0x8bb21dcc0_0, v0x8bb21de00_0, v0x8bb21d900_0;
LS_0x8bad82580_0_24 .concat [ 1 1 1 1], v0x8bb21c5a0_0, v0x8bb21d2c0_0, v0x8bb21e260_0, v0x8bb21dae0_0;
LS_0x8bad82580_0_28 .concat [ 1 1 1 1], v0x8bb21da40_0, v0x8bb21c460_0, v0x8bb21df40_0, v0x8bb21d7c0_0;
LS_0x8bad82580_0_32 .concat [ 1 1 1 1], v0x8bb21d680_0, v0x8bb21cfa0_0, v0x8bb21ce60_0, v0x8bb21d0e0_0;
LS_0x8bad82580_0_36 .concat [ 1 1 1 1], v0x8bb21cf00_0, v0x8bb21cdc0_0, v0x8bb21c820_0, v0x8bb21c960_0;
LS_0x8bad82580_0_40 .concat [ 1 1 1 1], v0x8bb21c780_0, v0x8bb21c8c0_0, v0x8bb21ca00_0, v0x8bb21c6e0_0;
LS_0x8bad82580_0_44 .concat [ 1 1 1 1], v0x8bb21cd20_0, v0x8bb21cc80_0, v0x8bb21c640_0, v0x8bb21d040_0;
LS_0x8bad82580_1_0 .concat [ 4 4 4 4], LS_0x8bad82580_0_0, LS_0x8bad82580_0_4, LS_0x8bad82580_0_8, LS_0x8bad82580_0_12;
LS_0x8bad82580_1_4 .concat [ 4 4 4 4], LS_0x8bad82580_0_16, LS_0x8bad82580_0_20, LS_0x8bad82580_0_24, LS_0x8bad82580_0_28;
LS_0x8bad82580_1_8 .concat [ 4 4 4 4], LS_0x8bad82580_0_32, LS_0x8bad82580_0_36, LS_0x8bad82580_0_40, LS_0x8bad82580_0_44;
L_0x8bad82580 .concat [ 16 16 16 0], LS_0x8bad82580_1_0, LS_0x8bad82580_1_4, LS_0x8bad82580_1_8;
L_0x8bad82620 .reduce/nor L_0x8bad82580;
L_0x8bad826c0 .concat [ 1 1 1 1], v0x8bb21d540_0, v0x8bb21d4a0_0, v0x8bb21d400_0, v0x8bb21d360_0;
L_0x8bad82760 .reduce/or L_0x8bad826c0;
L_0x8badd0d20 .functor MUXZ 32, v0x8bb221e00_0, L_0x8bb238310, L_0x8bb2382a0, C4<>;
L_0x8bad875c0 .cmp/eq 8, v0x8bb216a80_0, L_0x8bb478b98;
S_0x8bae20600 .scope task, "empty_statement" "empty_statement" 3 214, 3 214 0, S_0x8bae20300;
 .timescale -9 -12;
TD_picorv32_wb.picorv32_core.empty_statement ;
    %end;
S_0x8bae20780 .scope generate, "genblk1" "genblk1" 3 285, 3 285 0, S_0x8bae20300;
 .timescale -9 -12;
S_0x8bae20900 .scope generate, "genblk2" "genblk2" 3 305, 3 305 0, S_0x8bae20300;
 .timescale -9 -12;
S_0x8bae20a80 .scope generate, "genblk3" "genblk3" 3 1229, 3 1229 0, S_0x8bae20300;
 .timescale -9 -12;
E_0x8bb1e4c00/0 .event anyedge, v0x8bb21dea0_0, v0x8bb221ea0_0, v0x8bb221f40_0, v0x8bb21dc20_0;
E_0x8bb1e4c00/1 .event anyedge, v0x8bb21dcc0_0;
E_0x8bb1e4c00 .event/or E_0x8bb1e4c00/0, E_0x8bb1e4c00/1;
S_0x102b44590 .scope module, "tb_loader" "tb_loader" 4 23;
 .timescale -9 -12;
P_0x8bb1e8f80 .param/l "CPB" 1 4 26, +C4<00000000000000000000000011101010>;
v0x8bb236440_0 .var "ack", 7 0;
v0x8bb2364e0 .array "body", 63 0, 7 0;
v0x8bb236580_0 .var/i "body_len", 31 0;
v0x8bb236620_0 .var "btn", 1 0;
v0x8bb2366c0_0 .var "clk", 0 0;
v0x8bb236760_0 .var "crc", 15 0;
v0x8bb236800_0 .net "gpio_out", 31 0, L_0x8bac92fb0;  1 drivers
v0x8bb2368a0_0 .var/i "j", 31 0;
v0x8bb236940_0 .var "last_byte", 7 0;
v0x8bb2369e0_0 .var/i "prev_count", 31 0;
v0x8bb236a80 .array "prog", 3 0, 31 0;
v0x8bb236b20_0 .var "resetn", 0 0;
v0x8bb236bc0_0 .var/i "ri", 31 0;
v0x8bb236c60_0 .var "rx", 0 0;
v0x8bb236d00_0 .var/i "rx_count", 31 0;
v0x8bb236da0_0 .net "tx", 0 0, v0x8bb234960_0;  1 drivers
v0x8bb236e40_0 .var/i "w", 31 0;
E_0x8bb1e4c40 .event negedge, v0x8bb234960_0;
S_0x8bae20c00 .scope function.vec4.s16, "crc16_next" "crc16_next" 4 48, 4 48 0, S_0x102b44590;
 .timescale -9 -12;
v0x8bb224000_0 .var "b", 7 0;
v0x8bb2240a0_0 .var "c", 15 0;
; Variable crc16_next is vec4 return value of scope S_0x8bae20c00
v0x8bb2241e0_0 .var "crc_in", 15 0;
v0x8bb224280_0 .var/i "i", 31 0;
TD_tb_loader.crc16_next ;
    %load/vec4 v0x8bb2241e0_0;
    %load/vec4 v0x8bb224000_0;
    %pad/u 16;
    %ix/load 4, 8, 0;
    %flag_set/imm 4, 0;
    %shiftl 4;
    %xor;
    %store/vec4 v0x8bb2240a0_0, 0, 16;
    %pushi/vec4 0, 0, 32;
    %store/vec4 v0x8bb224280_0, 0, 32;
T_2.0 ; Top of for-loop
    %load/vec4 v0x8bb224280_0;
    %cmpi/s 8, 0, 32;
	  %jmp/0xz T_2.1, 5;
    %load/vec4 v0x8bb2240a0_0;
    %parti/s 1, 15, 5;
    %flag_set/vec4 8;
    %jmp/0 T_2.3, 8;
    %load/vec4 v0x8bb2240a0_0;
    %ix/load 4, 1, 0;
    %flag_set/imm 4, 0;
    %shiftl 4;
    %pushi/vec4 4129, 0, 16;
    %xor;
    %jmp/1 T_2.4, 8;
T_2.3 ; End of true expr.
    %load/vec4 v0x8bb2240a0_0;
    %ix/load 4, 1, 0;
    %flag_set/imm 4, 0;
    %shiftl 4;
    %jmp/0 T_2.4, 8;
 ; End of false expr.
    %blend;
T_2.4;
    %store/vec4 v0x8bb2240a0_0, 0, 16;
T_2.2 ; for-loop step statement
    %load/vec4 v0x8bb224280_0;
    %addi 1, 0, 32;
    %store/vec4 v0x8bb224280_0, 0, 32;
    %jmp T_2.0;
T_2.1 ; for-loop exit label
    %load/vec4 v0x8bb2240a0_0;
    %ret/vec4 0, 0, 16;  Assign to crc16_next (store_vec4_to_lval)
    %end;
S_0x8bae20d80 .scope module, "dut" "soc_loader" 4 38, 5 28 0, S_0x102b44590;
 .timescale -9 -12;
    .port_info 0 /INPUT 1 "clk";
    .port_info 1 /INPUT 1 "resetn";
    .port_info 2 /INPUT 1 "uart_rx_pin";
    .port_info 3 /OUTPUT 1 "uart_tx_pin";
    .port_info 4 /INPUT 2 "btn_in";
    .port_info 5 /OUTPUT 32 "gpio_out";
P_0x8bacc0000 .param/l "CLOCKS_PER_BIT" 0 5 29, +C4<00000000000000000000000011101010>;
P_0x8bacc0040 .param/l "MEM_WORDS" 1 5 139, +C4<00000000000000000000100000000000>;
L_0x8bb2385b0 .functor NOT 1, v0x8bb2333e0_0, C4<0>, C4<0>, C4<0>;
L_0x8bb238620 .functor AND 1, v0x8bb236b20_0, L_0x8bb2385b0, C4<1>, C4<1>;
L_0x8bac92fb0 .functor BUFZ 32, v0x8bb235b80_0, C4<00000000000000000000000000000000>, C4<00000000000000000000000000000000>, C4<00000000000000000000000000000000>;
v0x8bb234aa0_0 .net *"_ivl_0", 0 0, L_0x8bb2385b0;  1 drivers
L_0x8bb4791c8 .functor BUFT 1, C4<0000000000000000>, C4<0>, C4<0>, C4<0>;
v0x8bb234b40_0 .net/2u *"_ivl_10", 15 0, L_0x8bb4791c8;  1 drivers
v0x8bb234be0_0 .net *"_ivl_15", 15 0, L_0x8bb237a20;  1 drivers
L_0x8bb479210 .functor BUFT 1, C4<0001000000000000>, C4<0>, C4<0>, C4<0>;
v0x8bb234c80_0 .net/2u *"_ivl_16", 15 0, L_0x8bb479210;  1 drivers
v0x8bb234d20_0 .net *"_ivl_9", 15 0, L_0x8bb237980;  1 drivers
v0x8bb234dc0_0 .net "btn_in", 1 0, v0x8bb236620_0;  1 drivers
v0x8bb234e60_0 .net "clk", 0 0, v0x8bb2366c0_0;  1 drivers
v0x8bb234f00_0 .net "cpu_resetn", 0 0, L_0x8bb238620;  1 drivers
v0x8bb234fa0_0 .net "cpu_word_addr", 10 0, L_0x8bb237ac0;  1 drivers
v0x8bb235040_0 .net "gpio_out", 31 0, L_0x8bac92fb0;  alias, 1 drivers
v0x8bb2350e0_0 .net "is_bram", 0 0, L_0x8bad87700;  1 drivers
v0x8bb235180_0 .net "is_io", 0 0, L_0x8bad877a0;  1 drivers
v0x8bb235220_0 .var/i "k", 31 0;
v0x8bb2352c0_0 .net "ld_mem_waddr", 10 0, v0x8bb233480_0;  1 drivers
v0x8bb235360_0 .net "ld_mem_wdata", 31 0, v0x8bb233520_0;  1 drivers
v0x8bb235400_0 .net "ld_mem_we", 0 0, v0x8bb2335c0_0;  1 drivers
v0x8bb2354a0_0 .net "ld_tx_data", 7 0, v0x8bb233ac0_0;  1 drivers
v0x8bb235540_0 .net "ld_tx_send", 0 0, v0x8bb233b60_0;  1 drivers
v0x8bb2355e0_0 .net "loading", 0 0, v0x8bb2333e0_0;  1 drivers
v0x8bb235680 .array "mem", 2047 0, 31 0;
v0x8bb235720_0 .net "mem_addr", 31 0, v0x8bb22fd40_0;  1 drivers
v0x8bb2357c0_0 .net "mem_instr", 0 0, v0x8bb2301e0_0;  1 drivers
v0x8bb235860_0 .var "mem_rdata", 31 0;
v0x8bb235900_0 .var "mem_ready", 0 0;
v0x8bb2359a0_0 .net "mem_valid", 0 0, v0x8bb230d20_0;  1 drivers
v0x8bb235a40_0 .net "mem_wdata", 31 0, v0x8bb230dc0_0;  1 drivers
v0x8bb235ae0_0 .net "mem_wstrb", 3 0, v0x8bb230f00_0;  1 drivers
v0x8bb235b80_0 .var "r_gpio_out", 31 0;
v0x8bb235c20_0 .var "r_uart_data", 7 0;
v0x8bb235cc0_0 .var "r_uart_valid", 0 0;
v0x8bb235d60_0 .net "resetn", 0 0, v0x8bb236b20_0;  1 drivers
v0x8bb235e00_0 .net "rx_data", 7 0, v0x8bb233e80_0;  1 drivers
v0x8bb235ea0_0 .net "rx_valid", 0 0, v0x8bb234320_0;  1 drivers
v0x8bb235f40_0 .net "tx_busy", 0 0, L_0x8bad84c80;  1 drivers
v0x8bb235fe0_0 .net "tx_data", 7 0, L_0x8badd1040;  1 drivers
v0x8bb236080_0 .net "tx_valid", 0 0, L_0x8badd0fa0;  1 drivers
v0x8bb236120_0 .net "uart_rx_pin", 0 0, v0x8bb236c60_0;  1 drivers
v0x8bb2361c0_0 .net "uart_tx_pin", 0 0, v0x8bb234960_0;  alias, 1 drivers
L_0x8bb237980 .part v0x8bb22fd40_0, 16, 16;
L_0x8bad87700 .cmp/eq 16, L_0x8bb237980, L_0x8bb4791c8;
L_0x8bb237a20 .part v0x8bb22fd40_0, 16, 16;
L_0x8bad877a0 .cmp/eq 16, L_0x8bb237a20, L_0x8bb479210;
L_0x8bb237ac0 .part v0x8bb22fd40_0, 2, 11;
L_0x8badd0fa0 .functor MUXZ 1, v0x8bb235cc0_0, v0x8bb233b60_0, v0x8bb2333e0_0, C4<>;
L_0x8badd1040 .functor MUXZ 8, v0x8bb235c20_0, v0x8bb233ac0_0, v0x8bb2333e0_0, C4<>;
S_0x8bae20f00 .scope module, "cpu" "picorv32" 5 108, 3 62 0, S_0x8bae20d80;
 .timescale -9 -12;
    .port_info 0 /INPUT 1 "clk";
    .port_info 1 /INPUT 1 "resetn";
    .port_info 2 /OUTPUT 1 "trap";
    .port_info 3 /OUTPUT 1 "mem_valid";
    .port_info 4 /OUTPUT 1 "mem_instr";
    .port_info 5 /INPUT 1 "mem_ready";
    .port_info 6 /OUTPUT 32 "mem_addr";
    .port_info 7 /OUTPUT 32 "mem_wdata";
    .port_info 8 /OUTPUT 4 "mem_wstrb";
    .port_info 9 /INPUT 32 "mem_rdata";
    .port_info 10 /OUTPUT 1 "mem_la_read";
    .port_info 11 /OUTPUT 1 "mem_la_write";
    .port_info 12 /OUTPUT 32 "mem_la_addr";
    .port_info 13 /OUTPUT 32 "mem_la_wdata";
    .port_info 14 /OUTPUT 4 "mem_la_wstrb";
    .port_info 15 /OUTPUT 1 "pcpi_valid";
    .port_info 16 /OUTPUT 32 "pcpi_insn";
    .port_info 17 /OUTPUT 32 "pcpi_rs1";
    .port_info 18 /OUTPUT 32 "pcpi_rs2";
    .port_info 19 /INPUT 1 "pcpi_wr";
    .port_info 20 /INPUT 32 "pcpi_rd";
    .port_info 21 /INPUT 1 "pcpi_wait";
    .port_info 22 /INPUT 1 "pcpi_ready";
    .port_info 23 /INPUT 32 "irq";
    .port_info 24 /OUTPUT 32 "eoi";
    .port_info 25 /OUTPUT 1 "trace_valid";
    .port_info 26 /OUTPUT 36 "trace_data";
P_0x8bae24c00 .param/l "BARREL_SHIFTER" 0 3 69, C4<0>;
P_0x8bae24c40 .param/l "CATCH_ILLINSN" 0 3 74, C4<1>;
P_0x8bae24c80 .param/l "CATCH_MISALIGN" 0 3 73, C4<1>;
P_0x8bae24cc0 .param/l "COMPRESSED_ISA" 0 3 72, C4<0>;
P_0x8bae24d00 .param/l "ENABLE_COUNTERS" 0 3 63, C4<0>;
P_0x8bae24d40 .param/l "ENABLE_COUNTERS64" 0 3 64, C4<0>;
P_0x8bae24d80 .param/l "ENABLE_DIV" 0 3 78, C4<0>;
P_0x8bae24dc0 .param/l "ENABLE_FAST_MUL" 0 3 77, C4<0>;
P_0x8bae24e00 .param/l "ENABLE_IRQ" 0 3 79, C4<0>;
P_0x8bae24e40 .param/l "ENABLE_IRQ_QREGS" 0 3 80, C4<1>;
P_0x8bae24e80 .param/l "ENABLE_IRQ_TIMER" 0 3 81, C4<1>;
P_0x8bae24ec0 .param/l "ENABLE_MUL" 0 3 76, C4<0>;
P_0x8bae24f00 .param/l "ENABLE_PCPI" 0 3 75, C4<0>;
P_0x8bae24f40 .param/l "ENABLE_REGS_16_31" 0 3 65, C4<1>;
P_0x8bae24f80 .param/l "ENABLE_REGS_DUALPORT" 0 3 66, C4<1>;
P_0x8bae24fc0 .param/l "ENABLE_TRACE" 0 3 82, C4<0>;
P_0x8bae25000 .param/l "LATCHED_IRQ" 0 3 85, C4<11111111111111111111111111111111>;
P_0x8bae25040 .param/l "LATCHED_MEM_RDATA" 0 3 67, C4<0>;
P_0x8bae25080 .param/l "MASKED_IRQ" 0 3 84, C4<00000000000000000000000000000000>;
P_0x8bae250c0 .param/l "PROGADDR_IRQ" 0 3 87, C4<00000000000000000000000000010000>;
P_0x8bae25100 .param/l "PROGADDR_RESET" 0 3 86, C4<00000000000000000000000000000000>;
P_0x8bae25140 .param/l "REGS_INIT_ZERO" 0 3 83, C4<0>;
P_0x8bae25180 .param/l "STACKADDR" 0 3 88, C4<00000000000000000001111111110000>;
P_0x8bae251c0 .param/l "TRACE_ADDR" 1 3 172, C4<001000000000000000000000000000000000>;
P_0x8bae25200 .param/l "TRACE_BRANCH" 1 3 171, C4<000100000000000000000000000000000000>;
P_0x8bae25240 .param/l "TRACE_IRQ" 1 3 173, C4<100000000000000000000000000000000000>;
P_0x8bae25280 .param/l "TWO_CYCLE_ALU" 0 3 71, C4<0>;
P_0x8bae252c0 .param/l "TWO_CYCLE_COMPARE" 0 3 70, C4<0>;
P_0x8bae25300 .param/l "TWO_STAGE_SHIFT" 0 3 68, C4<1>;
P_0x8bae25340 .param/l "WITH_PCPI" 1 3 169, C4<0>;
P_0x8bae25380 .param/l "cpu_state_exec" 1 3 1176, C4<00001000>;
P_0x8bae253c0 .param/l "cpu_state_fetch" 1 3 1173, C4<01000000>;
P_0x8bae25400 .param/l "cpu_state_ld_rs1" 1 3 1174, C4<00100000>;
P_0x8bae25440 .param/l "cpu_state_ld_rs2" 1 3 1175, C4<00010000>;
P_0x8bae25480 .param/l "cpu_state_ldmem" 1 3 1179, C4<00000001>;
P_0x8bae254c0 .param/l "cpu_state_shift" 1 3 1177, C4<00000100>;
P_0x8bae25500 .param/l "cpu_state_stmem" 1 3 1178, C4<00000010>;
P_0x8bae25540 .param/l "cpu_state_trap" 1 3 1172, C4<10000000>;
P_0x8bae25580 .param/l "irq_buserror" 1 3 163, +C4<00000000000000000000000000000010>;
P_0x8bae255c0 .param/l "irq_ebreak" 1 3 162, +C4<00000000000000000000000000000001>;
P_0x8bae25600 .param/l "irq_timer" 1 3 161, +C4<00000000000000000000000000000000>;
P_0x8bae25640 .param/l "irqregs_offset" 1 3 165, +C4<00000000000000000000000000100000>;
P_0x8bae25680 .param/l "regfile_size" 1 3 166, +C4<00000000000000000000000000100000>;
P_0x8bae256c0 .param/l "regindex_bits" 1 3 167, +C4<00000000000000000000000000000101>;
L_0x8bac92b50 .functor BUFZ 1, v0x8bb230d20_0, C4<0>, C4<0>, C4<0>;
L_0x8bac92bc0 .functor BUFZ 1, v0x8bb2301e0_0, C4<0>, C4<0>, C4<0>;
L_0x8bac92c30 .functor BUFZ 1, v0x8bb235900_0, C4<0>, C4<0>, C4<0>;
L_0x8bac92ca0 .functor BUFZ 32, v0x8bb22fd40_0, C4<00000000000000000000000000000000>, C4<00000000000000000000000000000000>, C4<00000000000000000000000000000000>;
L_0x8bac92d10 .functor BUFZ 32, v0x8bb230dc0_0, C4<00000000000000000000000000000000>, C4<00000000000000000000000000000000>, C4<00000000000000000000000000000000>;
L_0x8bac92d80 .functor BUFZ 4, v0x8bb230f00_0, C4<0000>, C4<0000>, C4<0000>;
L_0x8bac92df0 .functor BUFZ 32, v0x8bb235860_0, C4<00000000000000000000000000000000>, C4<00000000000000000000000000000000>, C4<00000000000000000000000000000000>;
L_0x8bac92e60 .functor BUFZ 32, v0x8bb2324e0_0, C4<00000000000000000000000000000000>, C4<00000000000000000000000000000000>, C4<00000000000000000000000000000000>;
L_0x8bac92ed0 .functor BUFZ 32, v0x8bb232580_0, C4<00000000000000000000000000000000>, C4<00000000000000000000000000000000>, C4<00000000000000000000000000000000>;
L_0x8bb238690 .functor AND 1, v0x8bb230d20_0, v0x8bb235900_0, C4<1>, C4<1>;
L_0x8bb478ef8 .functor BUFT 1, C4<0>, C4<0>, C4<0>, C4<0>;
L_0x8bb238700 .functor AND 1, L_0x8bb478ef8, v0x8bb230000_0, C4<1>, C4<1>;
L_0x8bb238770 .functor OR 1, L_0x8bb238690, L_0x8bb238700, C4<0>, C4<0>;
L_0x8bb2387e0 .functor AND 1, L_0x8bb238770, L_0x8bad828a0, C4<1>, C4<1>;
L_0x8bb2388c0 .functor OR 1, v0x8bb230000_0, v0x8bb22ff20_0, C4<0>, C4<0>;
L_0x8bb238930 .functor OR 1, L_0x8bb2388c0, v0x8bb2300a0_0, C4<0>, C4<0>;
L_0x8bb238850 .functor AND 1, L_0x8bb2387e0, L_0x8bb238930, C4<1>, C4<1>;
L_0x8bb2389a0 .functor AND 1, L_0x8bad82940, v0x8bb230000_0, C4<1>, C4<1>;
L_0x8bb238a10 .functor OR 1, L_0x8bb238850, L_0x8bb2389a0, C4<0>, C4<0>;
L_0x8bb238a80 .functor AND 1, L_0x8bb238620, L_0x8bb238a10, C4<1>, C4<1>;
L_0x8bb238af0 .functor AND 1, L_0x8bad82a80, L_0x8bb238770, C4<1>, C4<1>;
L_0x8bb238b60 .functor OR 1, L_0x8bad829e0, L_0x8bb238af0, C4<0>, C4<0>;
L_0x8bb238bd0 .functor AND 1, L_0x8bb238a80, L_0x8bb238b60, C4<1>, C4<1>;
L_0x8bb238c40 .functor AND 1, L_0x8bb238620, L_0x8bad82b20, C4<1>, C4<1>;
L_0x8bb238cb0 .functor AND 1, L_0x8bb238c40, v0x8bb2300a0_0, C4<1>, C4<1>;
L_0x8bb238d20 .functor AND 1, L_0x8bad82bc0, L_0x8bad82c60, C4<1>, C4<1>;
L_0x8bb238d90 .functor OR 1, v0x8bb230000_0, v0x8bb22fe80_0, C4<0>, C4<0>;
L_0x8bb238e00 .functor OR 1, L_0x8bb238d90, v0x8bb22ff20_0, C4<0>, C4<0>;
L_0x8bb238e70 .functor AND 1, L_0x8bb238d20, L_0x8bb238e00, C4<1>, C4<1>;
L_0x8bb478f40 .functor BUFT 1, C4<0>, C4<0>, C4<0>, C4<0>;
L_0x8bb238ee0 .functor OR 1, L_0x8bb238e70, L_0x8bb478f40, C4<0>, C4<0>;
L_0x8bb238f50 .functor AND 1, L_0x8bb238620, L_0x8bb238ee0, C4<1>, C4<1>;
L_0x8bb238fc0 .functor OR 1, v0x8bb22fe80_0, v0x8bb230000_0, C4<0>, C4<0>;
L_0x8bb479018 .functor BUFT 1, C4<0>, C4<0>, C4<0>, C4<0>;
L_0x8bb239030 .functor OR 1, L_0x8bb238770, L_0x8bb479018, C4<0>, C4<0>;
L_0x8bac92f40 .functor BUFZ 32, L_0x8badd0e60, C4<00000000000000000000000000000000>, C4<00000000000000000000000000000000>, C4<00000000000000000000000000000000>;
L_0x8bb479060 .functor BUFT 1, C4<1>, C4<0>, C4<0>, C4<0>;
L_0x8bb2390a0 .functor AND 1, L_0x8bb479060, L_0x8bad83020, C4<1>, C4<1>;
L_0x8bb239110 .functor AND 1, v0x8bb22fb60_0, v0x8bb22f700_0, C4<1>, C4<1>;
L_0x8bb4790a8 .functor BUFT 1, C4<11111111111111111111111111111110>, C4<0>, C4<0>, C4<0>;
L_0x8bb239180 .functor AND 32, v0x8bb232620_0, L_0x8bb4790a8, C4<11111111111111111111111111111111>, C4<11111111111111111111111111111111>;
L_0x8bb2391f0 .functor AND 1, L_0x8bad87660, v0x8bb22c780_0, C4<1>, C4<1>;
L_0x8bb479138 .functor BUFT 1, C4<1>, C4<0>, C4<0>, C4<0>;
L_0x8bb239260 .functor AND 1, L_0x8bb2391f0, L_0x8bb479138, C4<1>, C4<1>;
v0x8bb224320_0 .net *"_ivl_100", 31 0, L_0x8bad82da0;  1 drivers
v0x8bb2243c0_0 .net *"_ivl_103", 29 0, L_0x8bb2378e0;  1 drivers
L_0x8bb478fd0 .functor BUFT 1, C4<00>, C4<0>, C4<0>, C4<0>;
v0x8bb224460_0 .net/2u *"_ivl_104", 1 0, L_0x8bb478fd0;  1 drivers
v0x8bb224500_0 .net *"_ivl_106", 31 0, L_0x8bad82e40;  1 drivers
v0x8bb2245a0_0 .net/2u *"_ivl_110", 0 0, L_0x8bb479018;  1 drivers
v0x8bb224640_0 .net *"_ivl_113", 0 0, L_0x8bb239030;  1 drivers
v0x8bb2246e0_0 .net/2u *"_ivl_118", 0 0, L_0x8bb479060;  1 drivers
v0x8bb224780_0 .net *"_ivl_120", 47 0, L_0x8bad82f80;  1 drivers
v0x8bb224820_0 .net *"_ivl_123", 0 0, L_0x8bad83020;  1 drivers
v0x8bb2248c0_0 .net *"_ivl_126", 3 0, L_0x8bad830c0;  1 drivers
v0x8bb224960_0 .net *"_ivl_131", 0 0, L_0x8bb239110;  1 drivers
v0x8bb224a00_0 .net/2u *"_ivl_132", 31 0, L_0x8bb4790a8;  1 drivers
v0x8bb224aa0_0 .net *"_ivl_134", 31 0, L_0x8bb239180;  1 drivers
L_0x8bb4790f0 .functor BUFT 1, C4<01000000>, C4<0>, C4<0>, C4<0>;
v0x8bb224b40_0 .net/2u *"_ivl_138", 7 0, L_0x8bb4790f0;  1 drivers
v0x8bb224be0_0 .net *"_ivl_140", 0 0, L_0x8bad87660;  1 drivers
v0x8bb224c80_0 .net *"_ivl_143", 0 0, L_0x8bb2391f0;  1 drivers
v0x8bb224d20_0 .net/2u *"_ivl_144", 0 0, L_0x8bb479138;  1 drivers
v0x8bb224dc0_0 .net *"_ivl_25", 0 0, L_0x8bb238690;  1 drivers
v0x8bb224e60_0 .net *"_ivl_27", 0 0, L_0x8bb238700;  1 drivers
v0x8bb224f00_0 .net *"_ivl_30", 3 0, L_0x8bad824e0;  1 drivers
v0x8bb224fa0_0 .net *"_ivl_35", 0 0, L_0x8bad828a0;  1 drivers
v0x8bb225040_0 .net *"_ivl_37", 0 0, L_0x8bb2387e0;  1 drivers
v0x8bb2250e0_0 .net *"_ivl_39", 0 0, L_0x8bb2388c0;  1 drivers
v0x8bb225180_0 .net *"_ivl_41", 0 0, L_0x8bb238930;  1 drivers
v0x8bb225220_0 .net *"_ivl_43", 0 0, L_0x8bb238850;  1 drivers
v0x8bb2252c0_0 .net *"_ivl_45", 0 0, L_0x8bad82940;  1 drivers
v0x8bb225360_0 .net *"_ivl_47", 0 0, L_0x8bb2389a0;  1 drivers
v0x8bb225400_0 .net *"_ivl_49", 0 0, L_0x8bb238a10;  1 drivers
v0x8bb2254a0_0 .net *"_ivl_51", 0 0, L_0x8bb238a80;  1 drivers
v0x8bb225540_0 .net *"_ivl_53", 0 0, L_0x8bad829e0;  1 drivers
v0x8bb2255e0_0 .net *"_ivl_55", 1 0, L_0x8bb2377a0;  1 drivers
v0x8bb225680_0 .net *"_ivl_57", 0 0, L_0x8bad82a80;  1 drivers
v0x8bb225720_0 .net *"_ivl_59", 0 0, L_0x8bb238af0;  1 drivers
v0x8bb2257c0_0 .net *"_ivl_61", 0 0, L_0x8bb238b60;  1 drivers
v0x8bb225860_0 .net *"_ivl_65", 0 0, L_0x8bad82b20;  1 drivers
v0x8bb225900_0 .net *"_ivl_67", 0 0, L_0x8bb238c40;  1 drivers
v0x8bb2259a0_0 .net *"_ivl_71", 0 0, L_0x8bad82bc0;  1 drivers
v0x8bb225a40_0 .net *"_ivl_73", 0 0, L_0x8bad82c60;  1 drivers
v0x8bb225ae0_0 .net *"_ivl_75", 0 0, L_0x8bb238d20;  1 drivers
v0x8bb225b80_0 .net *"_ivl_77", 0 0, L_0x8bb238d90;  1 drivers
v0x8bb225c20_0 .net *"_ivl_79", 0 0, L_0x8bb238e00;  1 drivers
v0x8bb225cc0_0 .net *"_ivl_81", 0 0, L_0x8bb238e70;  1 drivers
v0x8bb225d60_0 .net/2u *"_ivl_82", 0 0, L_0x8bb478f40;  1 drivers
v0x8bb225e00_0 .net *"_ivl_85", 0 0, L_0x8bb238ee0;  1 drivers
v0x8bb225ea0_0 .net *"_ivl_89", 0 0, L_0x8bb238fc0;  1 drivers
v0x8bb225f40_0 .net *"_ivl_91", 29 0, L_0x8bb237840;  1 drivers
L_0x8bb479330 .functor BUFT 1, C4<000000000000000000000000000000>, C4<0>, C4<0>, C4<0>;
v0x8bb225fe0_0 .net *"_ivl_92", 29 0, L_0x8bb479330;  1 drivers
v0x8bb226080_0 .net *"_ivl_96", 29 0, L_0x8bad82d00;  1 drivers
L_0x8bb478f88 .functor BUFT 1, C4<00>, C4<0>, C4<0>, C4<0>;
v0x8bb226120_0 .net/2u *"_ivl_98", 1 0, L_0x8bb478f88;  1 drivers
v0x8bb2261c0_0 .var "alu_add_sub", 31 0;
v0x8bb226260_0 .var "alu_eq", 0 0;
v0x8bb226300_0 .var "alu_lts", 0 0;
v0x8bb2263a0_0 .var "alu_ltu", 0 0;
v0x8bb226440_0 .var "alu_out", 31 0;
v0x8bb2264e0_0 .var "alu_out_0", 0 0;
v0x8bb226580_0 .var "alu_out_0_q", 0 0;
v0x8bb226620_0 .var "alu_out_q", 31 0;
v0x8bb2266c0_0 .var "alu_shl", 31 0;
v0x8bb226760_0 .var "alu_shr", 31 0;
v0x8bb226800_0 .var "alu_wait", 0 0;
v0x8bb2268a0_0 .var "alu_wait_2", 0 0;
v0x8bb226940_0 .var "cached_ascii_instr", 63 0;
v0x8bb2269e0_0 .var "cached_insn_imm", 31 0;
v0x8bb226a80_0 .var "cached_insn_opcode", 31 0;
v0x8bb226b20_0 .var "cached_insn_rd", 4 0;
v0x8bb226bc0_0 .var "cached_insn_rs1", 4 0;
v0x8bb226c60_0 .var "cached_insn_rs2", 4 0;
v0x8bb226d00_0 .var "clear_prefetched_high_word", 0 0;
v0x8bb226da0_0 .var "clear_prefetched_high_word_q", 0 0;
v0x8bb226e40_0 .net "clk", 0 0, v0x8bb2366c0_0;  alias, 1 drivers
v0x8bb226ee0_0 .var "compressed_instr", 0 0;
v0x8bb226f80_0 .var "count_cycle", 63 0;
v0x8bb227020_0 .var "count_instr", 63 0;
v0x8bb2270c0_0 .var "cpu_state", 7 0;
v0x8bb227160 .array "cpuregs", 31 0, 31 0;
v0x8bb227200_0 .var "cpuregs_rs1", 31 0;
v0x8bb2272a0_0 .var "cpuregs_rs2", 31 0;
v0x8bb227340_0 .var "cpuregs_wrdata", 31 0;
v0x8bb2273e0_0 .var "cpuregs_write", 0 0;
v0x8bb227480_0 .var "current_pc", 31 0;
v0x8bb227520_0 .var "dbg_ascii_instr", 63 0;
v0x8bb2275c0_0 .var "dbg_ascii_state", 127 0;
v0x8bb227660_0 .var "dbg_insn_addr", 31 0;
v0x8bb227700_0 .var "dbg_insn_imm", 31 0;
v0x8bb2277a0_0 .var "dbg_insn_opcode", 31 0;
v0x8bb227840_0 .var "dbg_insn_rd", 4 0;
v0x8bb2278e0_0 .var "dbg_insn_rs1", 4 0;
v0x8bb227980_0 .var "dbg_insn_rs2", 4 0;
v0x8bb227a20_0 .net "dbg_mem_addr", 31 0, L_0x8bac92ca0;  1 drivers
v0x8bb227ac0_0 .net "dbg_mem_instr", 0 0, L_0x8bac92bc0;  1 drivers
v0x8bb227b60_0 .net "dbg_mem_rdata", 31 0, L_0x8bac92df0;  1 drivers
v0x8bb227c00_0 .net "dbg_mem_ready", 0 0, L_0x8bac92c30;  1 drivers
v0x8bb227ca0_0 .net "dbg_mem_valid", 0 0, L_0x8bac92b50;  1 drivers
v0x8bb227d40_0 .net "dbg_mem_wdata", 31 0, L_0x8bac92d10;  1 drivers
v0x8bb227de0_0 .net "dbg_mem_wstrb", 3 0, L_0x8bac92d80;  1 drivers
v0x8bb227e80_0 .var "dbg_next", 0 0;
v0x8bb227f20_0 .var "dbg_rs1val", 31 0;
v0x8bb22c000_0 .var "dbg_rs1val_valid", 0 0;
v0x8bb22c0a0_0 .var "dbg_rs2val", 31 0;
v0x8bb22c140_0 .var "dbg_rs2val_valid", 0 0;
v0x8bb22c1e0_0 .var "dbg_valid_insn", 0 0;
v0x8bb22c280_0 .var "decoded_imm", 31 0;
v0x8bb22c320_0 .var "decoded_imm_j", 31 0;
v0x8bb22c3c0_0 .var "decoded_rd", 4 0;
v0x8bb22c460_0 .var "decoded_rs", 4 0;
v0x8bb22c500_0 .var "decoded_rs1", 4 0;
v0x8bb22c5a0_0 .var "decoded_rs2", 4 0;
v0x8bb22c640_0 .var "decoder_pseudo_trigger", 0 0;
v0x8bb22c6e0_0 .var "decoder_pseudo_trigger_q", 0 0;
v0x8bb22c780_0 .var "decoder_trigger", 0 0;
v0x8bb22c820_0 .var "decoder_trigger_q", 0 0;
v0x8bb22c8c0_0 .var "do_waitirq", 0 0;
v0x8bb22c960_0 .var "eoi", 31 0;
v0x8bb22ca00_0 .var "instr_add", 0 0;
v0x8bb22caa0_0 .var "instr_addi", 0 0;
v0x8bb22cb40_0 .var "instr_and", 0 0;
v0x8bb22cbe0_0 .var "instr_andi", 0 0;
v0x8bb22cc80_0 .var "instr_auipc", 0 0;
v0x8bb22cd20_0 .var "instr_beq", 0 0;
v0x8bb22cdc0_0 .var "instr_bge", 0 0;
v0x8bb22ce60_0 .var "instr_bgeu", 0 0;
v0x8bb22cf00_0 .var "instr_blt", 0 0;
v0x8bb22cfa0_0 .var "instr_bltu", 0 0;
v0x8bb22d040_0 .var "instr_bne", 0 0;
v0x8bb22d0e0_0 .var "instr_ecall_ebreak", 0 0;
v0x8bb22d180_0 .var "instr_fence", 0 0;
v0x8bb22d220_0 .var "instr_getq", 0 0;
v0x8bb22d2c0_0 .var "instr_jal", 0 0;
v0x8bb22d360_0 .var "instr_jalr", 0 0;
v0x8bb22d400_0 .var "instr_lb", 0 0;
v0x8bb22d4a0_0 .var "instr_lbu", 0 0;
v0x8bb22d540_0 .var "instr_lh", 0 0;
v0x8bb22d5e0_0 .var "instr_lhu", 0 0;
v0x8bb22d680_0 .var "instr_lui", 0 0;
v0x8bb22d720_0 .var "instr_lw", 0 0;
v0x8bb22d7c0_0 .var "instr_maskirq", 0 0;
v0x8bb22d860_0 .var "instr_or", 0 0;
v0x8bb22d900_0 .var "instr_ori", 0 0;
v0x8bb22d9a0_0 .var "instr_rdcycle", 0 0;
v0x8bb22da40_0 .var "instr_rdcycleh", 0 0;
v0x8bb22dae0_0 .var "instr_rdinstr", 0 0;
v0x8bb22db80_0 .var "instr_rdinstrh", 0 0;
v0x8bb22dc20_0 .var "instr_retirq", 0 0;
v0x8bb22dcc0_0 .var "instr_sb", 0 0;
v0x8bb22dd60_0 .var "instr_setq", 0 0;
v0x8bb22de00_0 .var "instr_sh", 0 0;
v0x8bb22dea0_0 .var "instr_sll", 0 0;
v0x8bb22df40_0 .var "instr_slli", 0 0;
v0x8bb22dfe0_0 .var "instr_slt", 0 0;
v0x8bb22e080_0 .var "instr_slti", 0 0;
v0x8bb22e120_0 .var "instr_sltiu", 0 0;
v0x8bb22e1c0_0 .var "instr_sltu", 0 0;
v0x8bb22e260_0 .var "instr_sra", 0 0;
v0x8bb22e300_0 .var "instr_srai", 0 0;
v0x8bb22e3a0_0 .var "instr_srl", 0 0;
v0x8bb22e440_0 .var "instr_srli", 0 0;
v0x8bb22e4e0_0 .var "instr_sub", 0 0;
v0x8bb22e580_0 .var "instr_sw", 0 0;
v0x8bb22e620_0 .var "instr_timer", 0 0;
v0x8bb22e6c0_0 .net "instr_trap", 0 0, L_0x8bb2390a0;  1 drivers
v0x8bb22e760_0 .var "instr_waitirq", 0 0;
v0x8bb22e800_0 .var "instr_xor", 0 0;
v0x8bb22e8a0_0 .var "instr_xori", 0 0;
L_0x8bb479180 .functor BUFT 1, C4<00000000000000000000000000000000>, C4<0>, C4<0>, C4<0>;
v0x8bb22e940_0 .net "irq", 31 0, L_0x8bb479180;  1 drivers
v0x8bb22e9e0_0 .var "irq_active", 0 0;
v0x8bb22ea80_0 .var "irq_delay", 0 0;
v0x8bb22eb20_0 .var "irq_mask", 31 0;
v0x8bb22ebc0_0 .var "irq_pending", 31 0;
v0x8bb22ec60_0 .var "irq_state", 1 0;
v0x8bb22ed00_0 .var "is_alu_reg_imm", 0 0;
v0x8bb22eda0_0 .var "is_alu_reg_reg", 0 0;
v0x8bb22ee40_0 .var "is_beq_bne_blt_bge_bltu_bgeu", 0 0;
v0x8bb22eee0_0 .var "is_compare", 0 0;
v0x8bb22ef80_0 .var "is_jalr_addi_slti_sltiu_xori_ori_andi", 0 0;
v0x8bb22f020_0 .var "is_lb_lh_lw_lbu_lhu", 0 0;
v0x8bb22f0c0_0 .var "is_lbu_lhu_lw", 0 0;
v0x8bb22f160_0 .var "is_lui_auipc_jal", 0 0;
v0x8bb22f200_0 .var "is_lui_auipc_jal_jalr_addi_add_sub", 0 0;
v0x8bb22f2a0_0 .net "is_rdcycle_rdcycleh_rdinstr_rdinstrh", 0 0, L_0x8bad83160;  1 drivers
v0x8bb22f340_0 .var "is_sb_sh_sw", 0 0;
v0x8bb22f3e0_0 .var "is_sll_srl_sra", 0 0;
v0x8bb22f480_0 .var "is_slli_srli_srai", 0 0;
v0x8bb22f520_0 .var "is_slti_blt_slt", 0 0;
v0x8bb22f5c0_0 .var "is_sltiu_bltu_sltu", 0 0;
v0x8bb22f660_0 .var "last_mem_valid", 0 0;
v0x8bb22f700_0 .var "latched_branch", 0 0;
v0x8bb22f7a0_0 .var "latched_compr", 0 0;
v0x8bb22f840_0 .var "latched_is_lb", 0 0;
v0x8bb22f8e0_0 .var "latched_is_lh", 0 0;
v0x8bb22f980_0 .var "latched_is_lu", 0 0;
v0x8bb22fa20_0 .var "latched_rd", 4 0;
v0x8bb22fac0_0 .var "latched_stalu", 0 0;
v0x8bb22fb60_0 .var "latched_store", 0 0;
v0x8bb22fc00_0 .var "latched_trace", 0 0;
v0x8bb22fca0_0 .net "launch_next_insn", 0 0, L_0x8bb239260;  1 drivers
v0x8bb22fd40_0 .var "mem_addr", 31 0;
v0x8bb22fde0_0 .net "mem_busy", 0 0, L_0x8bad82800;  1 drivers
v0x8bb22fe80_0 .var "mem_do_prefetch", 0 0;
v0x8bb22ff20_0 .var "mem_do_rdata", 0 0;
v0x8bb230000_0 .var "mem_do_rinst", 0 0;
v0x8bb2300a0_0 .var "mem_do_wdata", 0 0;
v0x8bb230140_0 .net "mem_done", 0 0, L_0x8bb238bd0;  1 drivers
v0x8bb2301e0_0 .var "mem_instr", 0 0;
v0x8bb230280_0 .net "mem_la_addr", 31 0, L_0x8badd0dc0;  1 drivers
L_0x8bb478e68 .functor BUFT 1, C4<0>, C4<0>, C4<0>, C4<0>;
v0x8bb230320_0 .net "mem_la_firstword", 0 0, L_0x8bb478e68;  1 drivers
v0x8bb2303c0_0 .var "mem_la_firstword_reg", 0 0;
L_0x8bb478eb0 .functor BUFT 1, C4<0>, C4<0>, C4<0>, C4<0>;
v0x8bb230460_0 .net "mem_la_firstword_xfer", 0 0, L_0x8bb478eb0;  1 drivers
v0x8bb230500_0 .net "mem_la_read", 0 0, L_0x8bb238f50;  1 drivers
v0x8bb2305a0_0 .var "mem_la_secondword", 0 0;
v0x8bb230640_0 .net "mem_la_use_prefetched_high_word", 0 0, L_0x8bb478ef8;  1 drivers
v0x8bb2306e0_0 .var "mem_la_wdata", 31 0;
v0x8bb230780_0 .net "mem_la_write", 0 0, L_0x8bb238cb0;  1 drivers
v0x8bb230820_0 .var "mem_la_wstrb", 3 0;
v0x8bb2308c0_0 .net "mem_rdata", 31 0, v0x8bb235860_0;  1 drivers
v0x8bb230960_0 .net "mem_rdata_latched", 31 0, L_0x8bac92f40;  1 drivers
v0x8bb230a00_0 .net "mem_rdata_latched_noshuffle", 31 0, L_0x8badd0e60;  1 drivers
v0x8bb230aa0_0 .var "mem_rdata_q", 31 0;
v0x8bb230b40_0 .var "mem_rdata_word", 31 0;
v0x8bb230be0_0 .net "mem_ready", 0 0, v0x8bb235900_0;  1 drivers
v0x8bb230c80_0 .var "mem_state", 1 0;
v0x8bb230d20_0 .var "mem_valid", 0 0;
v0x8bb230dc0_0 .var "mem_wdata", 31 0;
v0x8bb230e60_0 .var "mem_wordsize", 1 0;
v0x8bb230f00_0 .var "mem_wstrb", 3 0;
v0x8bb230fa0_0 .net "mem_xfer", 0 0, L_0x8bb238770;  1 drivers
v0x8bb231040_0 .var "new_ascii_instr", 63 0;
v0x8bb2310e0_0 .var "next_insn_opcode", 31 0;
v0x8bb231180_0 .var "next_irq_pending", 31 0;
v0x8bb231220_0 .net "next_pc", 31 0, L_0x8badd0f00;  1 drivers
L_0x8bb478d90 .functor BUFT 1, C4<xxxxxxxxxxxxxxxxxxxxxxxxxxxxxxxx>, C4<0>, C4<0>, C4<0>;
v0x8bb2312c0_0 .net "pcpi_div_rd", 31 0, L_0x8bb478d90;  1 drivers
L_0x8bb478e20 .functor BUFT 1, C4<0>, C4<0>, C4<0>, C4<0>;
v0x8bb231360_0 .net "pcpi_div_ready", 0 0, L_0x8bb478e20;  1 drivers
L_0x8bb478dd8 .functor BUFT 1, C4<0>, C4<0>, C4<0>, C4<0>;
v0x8bb231400_0 .net "pcpi_div_wait", 0 0, L_0x8bb478dd8;  1 drivers
L_0x8bb478d48 .functor BUFT 1, C4<0>, C4<0>, C4<0>, C4<0>;
v0x8bb2314a0_0 .net "pcpi_div_wr", 0 0, L_0x8bb478d48;  1 drivers
v0x8bb231540_0 .var "pcpi_insn", 31 0;
v0x8bb2315e0_0 .var "pcpi_int_rd", 31 0;
v0x8bb231680_0 .var "pcpi_int_ready", 0 0;
v0x8bb231720_0 .var "pcpi_int_wait", 0 0;
v0x8bb2317c0_0 .var "pcpi_int_wr", 0 0;
L_0x8bb478c70 .functor BUFT 1, C4<xxxxxxxxxxxxxxxxxxxxxxxxxxxxxxxx>, C4<0>, C4<0>, C4<0>;
v0x8bb231860_0 .net "pcpi_mul_rd", 31 0, L_0x8bb478c70;  1 drivers
L_0x8bb478d00 .functor BUFT 1, C4<0>, C4<0>, C4<0>, C4<0>;
v0x8bb231900_0 .net "pcpi_mul_ready", 0 0, L_0x8bb478d00;  1 drivers
L_0x8bb478cb8 .functor BUFT 1, C4<0>, C4<0>, C4<0>, C4<0>;
v0x8bb2319a0_0 .net "pcpi_mul_wait", 0 0, L_0x8bb478cb8;  1 drivers
L_0x8bb478c28 .functor BUFT 1, C4<0>, C4<0>, C4<0>, C4<0>;
v0x8bb231a40_0 .net "pcpi_mul_wr", 0 0, L_0x8bb478c28;  1 drivers
o0x8bb450d90 .functor BUFZ 32, c4<zzzzzzzzzzzzzzzzzzzzzzzzzzzzzzzz>; HiZ drive
v0x8bb231ae0_0 .net "pcpi_rd", 31 0, o0x8bb450d90;  0 drivers
o0x8bb450dc0 .functor BUFZ 1, c4<z>; HiZ drive
v0x8bb231b80_0 .net "pcpi_ready", 0 0, o0x8bb450dc0;  0 drivers
v0x8bb231c20_0 .net "pcpi_rs1", 31 0, L_0x8bac92e60;  1 drivers
v0x8bb231cc0_0 .net "pcpi_rs2", 31 0, L_0x8bac92ed0;  1 drivers
v0x8bb231d60_0 .var "pcpi_timeout", 0 0;
v0x8bb231e00_0 .var "pcpi_valid", 0 0;
o0x8bb450eb0 .functor BUFZ 1, c4<z>; HiZ drive
v0x8bb231ea0_0 .net "pcpi_wait", 0 0, o0x8bb450eb0;  0 drivers
o0x8bb450ee0 .functor BUFZ 1, c4<z>; HiZ drive
v0x8bb231f40_0 .net "pcpi_wr", 0 0, o0x8bb450ee0;  0 drivers
v0x8bb231fe0_0 .var "prefetched_high_word", 0 0;
v0x8bb232080_0 .var "q_ascii_instr", 63 0;
v0x8bb232120_0 .var "q_insn_imm", 31 0;
v0x8bb2321c0_0 .var "q_insn_opcode", 31 0;
v0x8bb232260_0 .var "q_insn_rd", 4 0;
v0x8bb232300_0 .var "q_insn_rs1", 4 0;
v0x8bb2323a0_0 .var "q_insn_rs2", 4 0;
v0x8bb232440_0 .var "reg_next_pc", 31 0;
v0x8bb2324e0_0 .var "reg_op1", 31 0;
v0x8bb232580_0 .var "reg_op2", 31 0;
v0x8bb232620_0 .var "reg_out", 31 0;
v0x8bb2326c0_0 .var "reg_pc", 31 0;
v0x8bb232760_0 .var "reg_sh", 4 0;
v0x8bb232800_0 .net "resetn", 0 0, L_0x8bb238620;  alias, 1 drivers
v0x8bb2328a0_0 .var "set_mem_do_rdata", 0 0;
v0x8bb232940_0 .var "set_mem_do_rinst", 0 0;
v0x8bb2329e0_0 .var "set_mem_do_wdata", 0 0;
v0x8bb232a80_0 .var "timer", 31 0;
v0x8bb232b20_0 .var "trace_data", 35 0;
v0x8bb232bc0_0 .var "trace_valid", 0 0;
v0x8bb232c60_0 .var "trap", 0 0;
E_0x8bb1e4c80 .event posedge, v0x8bb226e40_0;
v0x8bb227160_0 .array/port v0x8bb227160, 0;
v0x8bb227160_1 .array/port v0x8bb227160, 1;
v0x8bb227160_2 .array/port v0x8bb227160, 2;
E_0x8bb1e4cc0/0 .event anyedge, v0x8bb22c500_0, v0x8bb227160_0, v0x8bb227160_1, v0x8bb227160_2;
v0x8bb227160_3 .array/port v0x8bb227160, 3;
v0x8bb227160_4 .array/port v0x8bb227160, 4;
v0x8bb227160_5 .array/port v0x8bb227160, 5;
v0x8bb227160_6 .array/port v0x8bb227160, 6;
E_0x8bb1e4cc0/1 .event anyedge, v0x8bb227160_3, v0x8bb227160_4, v0x8bb227160_5, v0x8bb227160_6;
v0x8bb227160_7 .array/port v0x8bb227160, 7;
v0x8bb227160_8 .array/port v0x8bb227160, 8;
v0x8bb227160_9 .array/port v0x8bb227160, 9;
v0x8bb227160_10 .array/port v0x8bb227160, 10;
E_0x8bb1e4cc0/2 .event anyedge, v0x8bb227160_7, v0x8bb227160_8, v0x8bb227160_9, v0x8bb227160_10;
v0x8bb227160_11 .array/port v0x8bb227160, 11;
v0x8bb227160_12 .array/port v0x8bb227160, 12;
v0x8bb227160_13 .array/port v0x8bb227160, 13;
v0x8bb227160_14 .array/port v0x8bb227160, 14;
E_0x8bb1e4cc0/3 .event anyedge, v0x8bb227160_11, v0x8bb227160_12, v0x8bb227160_13, v0x8bb227160_14;
v0x8bb227160_15 .array/port v0x8bb227160, 15;
v0x8bb227160_16 .array/port v0x8bb227160, 16;
v0x8bb227160_17 .array/port v0x8bb227160, 17;
v0x8bb227160_18 .array/port v0x8bb227160, 18;
E_0x8bb1e4cc0/4 .event anyedge, v0x8bb227160_15, v0x8bb227160_16, v0x8bb227160_17, v0x8bb227160_18;
v0x8bb227160_19 .array/port v0x8bb227160, 19;
v0x8bb227160_20 .array/port v0x8bb227160, 20;
v0x8bb227160_21 .array/port v0x8bb227160, 21;
v0x8bb227160_22 .array/port v0x8bb227160, 22;
E_0x8bb1e4cc0/5 .event anyedge, v0x8bb227160_19, v0x8bb227160_20, v0x8bb227160_21, v0x8bb227160_22;
v0x8bb227160_23 .array/port v0x8bb227160, 23;
v0x8bb227160_24 .array/port v0x8bb227160, 24;
v0x8bb227160_25 .array/port v0x8bb227160, 25;
v0x8bb227160_26 .array/port v0x8bb227160, 26;
E_0x8bb1e4cc0/6 .event anyedge, v0x8bb227160_23, v0x8bb227160_24, v0x8bb227160_25, v0x8bb227160_26;
v0x8bb227160_27 .array/port v0x8bb227160, 27;
v0x8bb227160_28 .array/port v0x8bb227160, 28;
v0x8bb227160_29 .array/port v0x8bb227160, 29;
v0x8bb227160_30 .array/port v0x8bb227160, 30;
E_0x8bb1e4cc0/7 .event anyedge, v0x8bb227160_27, v0x8bb227160_28, v0x8bb227160_29, v0x8bb227160_30;
v0x8bb227160_31 .array/port v0x8bb227160, 31;
E_0x8bb1e4cc0/8 .event anyedge, v0x8bb227160_31, v0x8bb22c5a0_0;
E_0x8bb1e4cc0 .event/or E_0x8bb1e4cc0/0, E_0x8bb1e4cc0/1, E_0x8bb1e4cc0/2, E_0x8bb1e4cc0/3, E_0x8bb1e4cc0/4, E_0x8bb1e4cc0/5, E_0x8bb1e4cc0/6, E_0x8bb1e4cc0/7, E_0x8bb1e4cc0/8;
E_0x8bb1e4d00/0 .event anyedge, v0x8bb2270c0_0, v0x8bb2326c0_0, v0x8bb22f7a0_0, v0x8bb22f700_0;
E_0x8bb1e4d00/1 .event anyedge, v0x8bb22fac0_0, v0x8bb226620_0, v0x8bb232620_0, v0x8bb22fb60_0;
E_0x8bb1e4d00/2 .event anyedge, v0x8bb232440_0, v0x8bb22ebc0_0, v0x8bb22eb20_0;
E_0x8bb1e4d00 .event/or E_0x8bb1e4d00/0, E_0x8bb1e4d00/1, E_0x8bb1e4d00/2;
E_0x8bb1e4d40/0 .event anyedge, v0x8bb226da0_0, v0x8bb231fe0_0, v0x8bb22f700_0, v0x8bb22ec60_0;
E_0x8bb1e4d40/1 .event anyedge, v0x8bb232800_0;
E_0x8bb1e4d40 .event/or E_0x8bb1e4d40/0, E_0x8bb1e4d40/1;
E_0x8bb1e4d80/0 .event anyedge, v0x8bb226260_0, v0x8bb22cd20_0, v0x8bb22d040_0, v0x8bb226300_0;
E_0x8bb1e4d80/1 .event anyedge, v0x8bb22cdc0_0, v0x8bb2263a0_0, v0x8bb22ce60_0, v0x8bb22f520_0;
E_0x8bb1e4d80/2 .event anyedge, v0x8bb22f5c0_0, v0x8bb2261c0_0, v0x8bb22f200_0, v0x8bb2264e0_0;
E_0x8bb1e4d80/3 .event anyedge, v0x8bb22eee0_0, v0x8bb2324e0_0, v0x8bb232580_0, v0x8bb22e8a0_0;
E_0x8bb1e4d80/4 .event anyedge, v0x8bb22e800_0, v0x8bb22d900_0, v0x8bb22d860_0, v0x8bb22cbe0_0;
E_0x8bb1e4d80/5 .event anyedge, v0x8bb22cb40_0, v0x8bb2266c0_0, v0x8bb226760_0;
E_0x8bb1e4d80 .event/or E_0x8bb1e4d80/0, E_0x8bb1e4d80/1, E_0x8bb1e4d80/2, E_0x8bb1e4d80/3, E_0x8bb1e4d80/4, E_0x8bb1e4d80/5;
E_0x8bb1e4dc0 .event anyedge, v0x8bb2270c0_0;
E_0x8bb1e4e00/0 .event anyedge, v0x8bb232080_0, v0x8bb232120_0, v0x8bb2321c0_0, v0x8bb232300_0;
E_0x8bb1e4e00/1 .event anyedge, v0x8bb2323a0_0, v0x8bb232260_0, v0x8bb227e80_0, v0x8bb22c6e0_0;
E_0x8bb1e4e00/2 .event anyedge, v0x8bb226940_0, v0x8bb2269e0_0, v0x8bb226a80_0, v0x8bb226bc0_0;
E_0x8bb1e4e00/3 .event anyedge, v0x8bb226c60_0, v0x8bb226b20_0, v0x8bb231040_0, v0x8bb2310e0_0;
E_0x8bb1e4e00/4 .event anyedge, v0x8bb22c280_0, v0x8bb22c500_0, v0x8bb22c5a0_0, v0x8bb22c3c0_0;
E_0x8bb1e4e00 .event/or E_0x8bb1e4e00/0, E_0x8bb1e4e00/1, E_0x8bb1e4e00/2, E_0x8bb1e4e00/3, E_0x8bb1e4e00/4;
E_0x8bb1e4e40/0 .event anyedge, v0x8bb22d680_0, v0x8bb22cc80_0, v0x8bb22d2c0_0, v0x8bb22d360_0;
E_0x8bb1e4e40/1 .event anyedge, v0x8bb22cd20_0, v0x8bb22d040_0, v0x8bb22cf00_0, v0x8bb22cdc0_0;
E_0x8bb1e4e40/2 .event anyedge, v0x8bb22cfa0_0, v0x8bb22ce60_0, v0x8bb22d400_0, v0x8bb22d540_0;
E_0x8bb1e4e40/3 .event anyedge, v0x8bb22d720_0, v0x8bb22d4a0_0, v0x8bb22d5e0_0, v0x8bb22dcc0_0;
E_0x8bb1e4e40/4 .event anyedge, v0x8bb22de00_0, v0x8bb22e580_0, v0x8bb22caa0_0, v0x8bb22e080_0;
E_0x8bb1e4e40/5 .event anyedge, v0x8bb22e120_0, v0x8bb22e8a0_0, v0x8bb22d900_0, v0x8bb22cbe0_0;
E_0x8bb1e4e40/6 .event anyedge, v0x8bb22df40_0, v0x8bb22e440_0, v0x8bb22e300_0, v0x8bb22ca00_0;
E_0x8bb1e4e40/7 .event anyedge, v0x8bb22e4e0_0, v0x8bb22dea0_0, v0x8bb22dfe0_0, v0x8bb22e1c0_0;
E_0x8bb1e4e40/8 .event anyedge, v0x8bb22e800_0, v0x8bb22e3a0_0, v0x8bb22e260_0, v0x8bb22d860_0;
E_0x8bb1e4e40/9 .event anyedge, v0x8bb22cb40_0, v0x8bb22d9a0_0, v0x8bb22da40_0, v0x8bb22dae0_0;
E_0x8bb1e4e40/10 .event anyedge, v0x8bb22db80_0, v0x8bb22d180_0, v0x8bb22d220_0, v0x8bb22dd60_0;
E_0x8bb1e4e40/11 .event anyedge, v0x8bb22dc20_0, v0x8bb22d7c0_0, v0x8bb22e760_0, v0x8bb22e620_0;
E_0x8bb1e4e40 .event/or E_0x8bb1e4e40/0, E_0x8bb1e4e40/1, E_0x8bb1e4e40/2, E_0x8bb1e4e40/3, E_0x8bb1e4e40/4, E_0x8bb1e4e40/5, E_0x8bb1e4e40/6, E_0x8bb1e4e40/7, E_0x8bb1e4e40/8, E_0x8bb1e4e40/9, E_0x8bb1e4e40/10, E_0x8bb1e4e40/11;
E_0x8bb1e4e80 .event anyedge, v0x8bb230e60_0, v0x8bb232580_0, v0x8bb2308c0_0, v0x8bb2324e0_0;
E_0x8bb1e4ec0 .event anyedge, v0x8bb231a40_0, v0x8bb231860_0, v0x8bb2314a0_0, v0x8bb2312c0_0;
L_0x8bad824e0 .concat [ 1 1 1 1], v0x8bb2300a0_0, v0x8bb22ff20_0, v0x8bb230000_0, v0x8bb22fe80_0;
L_0x8bad82800 .reduce/or L_0x8bad824e0;
L_0x8bad828a0 .reduce/or v0x8bb230c80_0;
L_0x8bad82940 .reduce/and v0x8bb230c80_0;
L_0x8bad829e0 .reduce/nor L_0x8bb478e68;
L_0x8bb2377a0 .part L_0x8bac92f40, 0, 2;
L_0x8bad82a80 .reduce/nand L_0x8bb2377a0;
L_0x8bad82b20 .reduce/nor v0x8bb230c80_0;
L_0x8bad82bc0 .reduce/nor L_0x8bb478ef8;
L_0x8bad82c60 .reduce/nor v0x8bb230c80_0;
L_0x8bb237840 .part L_0x8badd0f00, 2, 30;
L_0x8bad82d00 .arith/sum 30, L_0x8bb237840, L_0x8bb479330;
L_0x8bad82da0 .concat [ 2 30 0 0], L_0x8bb478f88, L_0x8bad82d00;
L_0x8bb2378e0 .part v0x8bb2324e0_0, 2, 30;
L_0x8bad82e40 .concat [ 2 30 0 0], L_0x8bb478fd0, L_0x8bb2378e0;
L_0x8badd0dc0 .functor MUXZ 32, L_0x8bad82e40, L_0x8bad82da0, L_0x8bb238fc0, C4<>;
L_0x8badd0e60 .functor MUXZ 32, v0x8bb230aa0_0, v0x8bb235860_0, L_0x8bb239030, C4<>;
LS_0x8bad82f80_0_0 .concat [ 1 1 1 1], v0x8bb22e620_0, v0x8bb22e760_0, v0x8bb22d7c0_0, v0x8bb22dc20_0;
LS_0x8bad82f80_0_4 .concat [ 1 1 1 1], v0x8bb22dd60_0, v0x8bb22d220_0, v0x8bb22d180_0, v0x8bb22db80_0;
LS_0x8bad82f80_0_8 .concat [ 1 1 1 1], v0x8bb22dae0_0, v0x8bb22da40_0, v0x8bb22d9a0_0, v0x8bb22cb40_0;
LS_0x8bad82f80_0_12 .concat [ 1 1 1 1], v0x8bb22d860_0, v0x8bb22e260_0, v0x8bb22e3a0_0, v0x8bb22e800_0;
LS_0x8bad82f80_0_16 .concat [ 1 1 1 1], v0x8bb22e1c0_0, v0x8bb22dfe0_0, v0x8bb22dea0_0, v0x8bb22e4e0_0;
LS_0x8bad82f80_0_20 .concat [ 1 1 1 1], v0x8bb22ca00_0, v0x8bb22e300_0, v0x8bb22e440_0, v0x8bb22df40_0;
LS_0x8bad82f80_0_24 .concat [ 1 1 1 1], v0x8bb22cbe0_0, v0x8bb22d900_0, v0x8bb22e8a0_0, v0x8bb22e120_0;
LS_0x8bad82f80_0_28 .concat [ 1 1 1 1], v0x8bb22e080_0, v0x8bb22caa0_0, v0x8bb22e580_0, v0x8bb22de00_0;
LS_0x8bad82f80_0_32 .concat [ 1 1 1 1], v0x8bb22dcc0_0, v0x8bb22d5e0_0, v0x8bb22d4a0_0, v0x8bb22d720_0;
LS_0x8bad82f80_0_36 .concat [ 1 1 1 1], v0x8bb22d540_0, v0x8bb22d400_0, v0x8bb22ce60_0, v0x8bb22cfa0_0;
LS_0x8bad82f80_0_40 .concat [ 1 1 1 1], v0x8bb22cdc0_0, v0x8bb22cf00_0, v0x8bb22d040_0, v0x8bb22cd20_0;
LS_0x8bad82f80_0_44 .concat [ 1 1 1 1], v0x8bb22d360_0, v0x8bb22d2c0_0, v0x8bb22cc80_0, v0x8bb22d680_0;
LS_0x8bad82f80_1_0 .concat [ 4 4 4 4], LS_0x8bad82f80_0_0, LS_0x8bad82f80_0_4, LS_0x8bad82f80_0_8, LS_0x8bad82f80_0_12;
LS_0x8bad82f80_1_4 .concat [ 4 4 4 4], LS_0x8bad82f80_0_16, LS_0x8bad82f80_0_20, LS_0x8bad82f80_0_24, LS_0x8bad82f80_0_28;
LS_0x8bad82f80_1_8 .concat [ 4 4 4 4], LS_0x8bad82f80_0_32, LS_0x8bad82f80_0_36, LS_0x8bad82f80_0_40, LS_0x8bad82f80_0_44;
L_0x8bad82f80 .concat [ 16 16 16 0], LS_0x8bad82f80_1_0, LS_0x8bad82f80_1_4, LS_0x8bad82f80_1_8;
L_0x8bad83020 .reduce/nor L_0x8bad82f80;
L_0x8bad830c0 .concat [ 1 1 1 1], v0x8bb22db80_0, v0x8bb22dae0_0, v0x8bb22da40_0, v0x8bb22d9a0_0;
L_0x8bad83160 .reduce/or L_0x8bad830c0;
L_0x8badd0f00 .functor MUXZ 32, v0x8bb232440_0, L_0x8bb239180, L_0x8bb239110, C4<>;
L_0x8bad87660 .cmp/eq 8, v0x8bb2270c0_0, L_0x8bb4790f0;
S_0x8bae21200 .scope task, "empty_statement" "empty_statement" 3 214, 3 214 0, S_0x8bae20f00;
 .timescale -9 -12;
TD_tb_loader.dut.cpu.empty_statement ;
    %end;
S_0x8bae21380 .scope generate, "genblk1" "genblk1" 3 285, 3 285 0, S_0x8bae20f00;
 .timescale -9 -12;
S_0x8bae21500 .scope generate, "genblk2" "genblk2" 3 305, 3 305 0, S_0x8bae20f00;
 .timescale -9 -12;
S_0x8bae21680 .scope generate, "genblk3" "genblk3" 3 1229, 3 1229 0, S_0x8bae20f00;
 .timescale -9 -12;
E_0x8bb1e4f00/0 .event anyedge, v0x8bb22e4e0_0, v0x8bb2324e0_0, v0x8bb232580_0, v0x8bb22e260_0;
E_0x8bb1e4f00/1 .event anyedge, v0x8bb22e300_0;
E_0x8bb1e4f00 .event/or E_0x8bb1e4f00/0, E_0x8bb1e4f00/1;
S_0x8bae21800 .scope module, "loader_i" "loader" 5 64, 6 23 0, S_0x8bae20d80;
 .timescale -9 -12;
    .port_info 0 /INPUT 1 "clk";
    .port_info 1 /INPUT 1 "resetn";
    .port_info 2 /INPUT 1 "rx_valid";
    .port_info 3 /INPUT 8 "rx_data";
    .port_info 4 /OUTPUT 1 "tx_send";
    .port_info 5 /OUTPUT 8 "tx_data";
    .port_info 6 /INPUT 1 "tx_busy";
    .port_info 7 /OUTPUT 1 "mem_we";
    .port_info 8 /OUTPUT 11 "mem_waddr";
    .port_info 9 /OUTPUT 32 "mem_wdata";
    .port_info 10 /OUTPUT 1 "loading";
P_0x102b39ad0 .param/l "ACK" 1 6 49, C4<01111001>;
P_0x102b39b10 .param/l "CMD_RUN" 1 6 48, C4<00000010>;
P_0x102b39b50 .param/l "CMD_WRITE" 1 6 47, C4<00000001>;
P_0x102b39b90 .param/l "NAK" 1 6 50, C4<01101110>;
P_0x102b39bd0 .param/l "SYNC" 1 6 46, C4<01111110>;
P_0x102b39c10 .param/l "S_ADDR_H" 1 6 56, C4<0011>;
P_0x102b39c50 .param/l "S_ADDR_L" 1 6 55, C4<0010>;
P_0x102b39c90 .param/l "S_CHECK" 1 6 61, C4<1000>;
P_0x102b39cd0 .param/l "S_CMD" 1 6 54, C4<0001>;
P_0x102b39d10 .param/l "S_CRC_H" 1 6 59, C4<0110>;
P_0x102b39d50 .param/l "S_CRC_L" 1 6 60, C4<0111>;
P_0x102b39d90 .param/l "S_DATA" 1 6 58, C4<0101>;
P_0x102b39dd0 .param/l "S_NWORDS" 1 6 57, C4<0100>;
P_0x102b39e10 .param/l "S_RUN" 1 6 63, C4<1010>;
P_0x102b39e50 .param/l "S_SYNC" 1 6 53, C4<0000>;
P_0x102b39e90 .param/l "S_WAITTX" 1 6 62, C4<1001>;
v0x8bb233020_0 .var "addr", 10 0;
v0x8bb2330c0_0 .var "byte_in_word", 1 0;
v0x8bb233160_0 .net "clk", 0 0, v0x8bb2366c0_0;  alias, 1 drivers
v0x8bb233200_0 .var "cmd", 7 0;
v0x8bb2332a0_0 .var "crc", 15 0;
v0x8bb233340_0 .var "cur_word", 31 0;
v0x8bb2333e0_0 .var "loading", 0 0;
v0x8bb233480_0 .var "mem_waddr", 10 0;
v0x8bb233520_0 .var "mem_wdata", 31 0;
v0x8bb2335c0_0 .var "mem_we", 0 0;
v0x8bb233660_0 .var "nwords", 7 0;
v0x8bb233700_0 .net "resetn", 0 0, v0x8bb236b20_0;  alias, 1 drivers
v0x8bb2337a0_0 .var "rx_crc", 15 0;
v0x8bb233840_0 .net "rx_data", 7 0, v0x8bb233e80_0;  alias, 1 drivers
v0x8bb2338e0_0 .net "rx_valid", 0 0, v0x8bb234320_0;  alias, 1 drivers
v0x8bb233980_0 .var "state", 3 0;
v0x8bb233a20_0 .net "tx_busy", 0 0, L_0x8bad84c80;  alias, 1 drivers
v0x8bb233ac0_0 .var "tx_data", 7 0;
v0x8bb233b60_0 .var "tx_send", 0 0;
v0x8bb233c00_0 .var "word_count", 7 0;
S_0x8bae21b00 .scope function.vec4.s16, "crc16_next" "crc16_next" 6 77, 6 77 0, S_0x8bae21800;
 .timescale -9 -12;
v0x8bb232d00_0 .var "b", 7 0;
v0x8bb232da0_0 .var "c", 15 0;
; Variable crc16_next is vec4 return value of scope S_0x8bae21b00
v0x8bb232ee0_0 .var "crc_in", 15 0;
v0x8bb232f80_0 .var/i "i", 31 0;
TD_tb_loader.dut.loader_i.crc16_next ;
    %load/vec4 v0x8bb232ee0_0;
    %load/vec4 v0x8bb232d00_0;
    %pad/u 16;
    %ix/load 4, 8, 0;
    %flag_set/imm 4, 0;
    %shiftl 4;
    %xor;
    %store/vec4 v0x8bb232da0_0, 0, 16;
    %pushi/vec4 0, 0, 32;
    %store/vec4 v0x8bb232f80_0, 0, 32;
T_4.5 ; Top of for-loop
    %load/vec4 v0x8bb232f80_0;
    %cmpi/s 8, 0, 32;
	  %jmp/0xz T_4.6, 5;
    %load/vec4 v0x8bb232da0_0;
    %parti/s 1, 15, 5;
    %flag_set/vec4 8;
    %jmp/0xz  T_4.8, 8;
    %load/vec4 v0x8bb232da0_0;
    %ix/load 4, 1, 0;
    %flag_set/imm 4, 0;
    %shiftl 4;
    %pushi/vec4 4129, 0, 16;
    %xor;
    %store/vec4 v0x8bb232da0_0, 0, 16;
    %jmp T_4.9;
T_4.8 ;
    %load/vec4 v0x8bb232da0_0;
    %ix/load 4, 1, 0;
    %flag_set/imm 4, 0;
    %shiftl 4;
    %store/vec4 v0x8bb232da0_0, 0, 16;
T_4.9 ;
T_4.7 ; for-loop step statement
    %load/vec4 v0x8bb232f80_0;
    %addi 1, 0, 32;
    %store/vec4 v0x8bb232f80_0, 0, 32;
    %jmp T_4.5;
T_4.6 ; for-loop exit label
    %load/vec4 v0x8bb232da0_0;
    %ret/vec4 0, 0, 16;  Assign to crc16_next (store_vec4_to_lval)
    %end;
S_0x8bae21c80 .scope module, "rx_i" "uart_rx" 5 45, 7 14 0, S_0x8bae20d80;
 .timescale -9 -12;
    .port_info 0 /INPUT 1 "clk";
    .port_info 1 /INPUT 1 "resetn";
    .port_info 2 /INPUT 1 "rx";
    .port_info 3 /OUTPUT 8 "data";
    .port_info 4 /OUTPUT 1 "valid";
P_0x8bb162a80 .param/l "CLOCKS_PER_BIT" 0 7 15, +C4<00000000000000000000000011101010>;
P_0x8bb162ac0 .param/l "DATA" 1 7 34, C4<10>;
P_0x8bb162b00 .param/l "IDLE" 1 7 32, C4<00>;
P_0x8bb162b40 .param/l "START" 1 7 33, C4<01>;
P_0x8bb162b80 .param/l "STOP" 1 7 35, C4<11>;
L_0x8bac92ae0 .functor BUFZ 1, v0x8bb2341e0_0, C4<0>, C4<0>, C4<0>;
v0x8bb233ca0_0 .var "bit_index", 2 0;
v0x8bb233d40_0 .net "clk", 0 0, v0x8bb2366c0_0;  alias, 1 drivers
v0x8bb233de0_0 .var "clk_count", 15 0;
v0x8bb233e80_0 .var "data", 7 0;
v0x8bb233f20_0 .net "resetn", 0 0, v0x8bb236b20_0;  alias, 1 drivers
v0x8bb234000_0 .net "rx", 0 0, v0x8bb236c60_0;  alias, 1 drivers
v0x8bb2340a0_0 .net "rx_in", 0 0, L_0x8bac92ae0;  1 drivers
v0x8bb234140_0 .var "rx_sync_0", 0 0;
v0x8bb2341e0_0 .var "rx_sync_1", 0 0;
v0x8bb234280_0 .var "state", 1 0;
v0x8bb234320_0 .var "valid", 0 0;
S_0x8bae21e00 .scope module, "tx_i" "uart_tx" 5 217, 8 11 0, S_0x8bae20d80;
 .timescale -9 -12;
    .port_info 0 /INPUT 1 "clk";
    .port_info 1 /INPUT 1 "resetn";
    .port_info 2 /INPUT 1 "valid";
    .port_info 3 /INPUT 8 "data";
    .port_info 4 /OUTPUT 1 "tx";
    .port_info 5 /OUTPUT 1 "busy";
P_0x8bb162bc0 .param/l "CLOCKS_PER_BIT" 0 8 12, +C4<00000000000000000000000011101010>;
P_0x8bb162c00 .param/l "DATA" 1 8 24, C4<10>;
P_0x8bb162c40 .param/l "IDLE" 1 8 22, C4<00>;
P_0x8bb162c80 .param/l "START" 1 8 23, C4<01>;
P_0x8bb162cc0 .param/l "STOP" 1 8 25, C4<11>;
L_0x8bb479258 .functor BUFT 1, C4<00>, C4<0>, C4<0>, C4<0>;
v0x8bb2343c0_0 .net/2u *"_ivl_0", 1 0, L_0x8bb479258;  1 drivers
v0x8bb234460_0 .var "bit_index", 2 0;
v0x8bb234500_0 .net "busy", 0 0, L_0x8bad84c80;  alias, 1 drivers
v0x8bb2345a0_0 .net "clk", 0 0, v0x8bb2366c0_0;  alias, 1 drivers
v0x8bb234640_0 .var "clk_count", 15 0;
v0x8bb2346e0_0 .net "data", 7 0, L_0x8badd1040;  alias, 1 drivers
v0x8bb234780_0 .net "resetn", 0 0, v0x8bb236b20_0;  alias, 1 drivers
v0x8bb234820_0 .var "shift", 7 0;
v0x8bb2348c0_0 .var "state", 1 0;
v0x8bb234960_0 .var "tx", 0 0;
v0x8bb234a00_0 .net "valid", 0 0, L_0x8badd0fa0;  alias, 1 drivers
L_0x8bad84c80 .cmp/ne 2, v0x8bb2348c0_0, L_0x8bb479258;
S_0x8bae21f80 .scope task, "uart_send_byte" "uart_send_byte" 4 62, 4 62 0, S_0x102b44590;
 .timescale -9 -12;
v0x8bb236260_0 .var "b", 7 0;
v0x8bb236300_0 .var/i "i", 31 0;
TD_tb_loader.uart_send_byte ;
    %pushi/vec4 0, 0, 1;
    %store/vec4 v0x8bb236c60_0, 0, 1;
    %pushi/vec4 234, 0, 32;
T_5.10 %dup/vec4;
    %cmpi/s 0, 0, 32;
    %jmp/1xz T_5.11, 5;
    %jmp/1 T_5.11, 4;
    %subi 1, 0, 32;
    %wait E_0x8bb1e4c80;
    %jmp T_5.10;
T_5.11 ;
    %pop/vec4 1;
    %pushi/vec4 0, 0, 32;
    %store/vec4 v0x8bb236300_0, 0, 32;
T_5.12 ; Top of for-loop
    %load/vec4 v0x8bb236300_0;
    %cmpi/s 8, 0, 32;
	  %jmp/0xz T_5.13, 5;
    %load/vec4 v0x8bb236260_0;
    %load/vec4 v0x8bb236300_0;
    %part/s 1;
    %store/vec4 v0x8bb236c60_0, 0, 1;
    %pushi/vec4 234, 0, 32;
T_5.15 %dup/vec4;
    %cmpi/s 0, 0, 32;
    %jmp/1xz T_5.16, 5;
    %jmp/1 T_5.16, 4;
    %subi 1, 0, 32;
    %wait E_0x8bb1e4c80;
    %jmp T_5.15;
T_5.16 ;
    %pop/vec4 1;
T_5.14 ; for-loop step statement
    %load/vec4 v0x8bb236300_0;
    %addi 1, 0, 32;
    %store/vec4 v0x8bb236300_0, 0, 32;
    %jmp T_5.12;
T_5.13 ; for-loop exit label
    %pushi/vec4 1, 0, 1;
    %store/vec4 v0x8bb236c60_0, 0, 1;
    %pushi/vec4 234, 0, 32;
T_5.17 %dup/vec4;
    %cmpi/s 0, 0, 32;
    %jmp/1xz T_5.18, 5;
    %jmp/1 T_5.18, 4;
    %subi 1, 0, 32;
    %wait E_0x8bb1e4c80;
    %jmp T_5.17;
T_5.18 ;
    %pop/vec4 1;
    %end;
S_0x8bae22100 .scope task, "wait_byte" "wait_byte" 4 97, 4 97 0, S_0x102b44590;
 .timescale -9 -12;
v0x8bb2363a0_0 .var "b", 7 0;
E_0x8bb1e5040 .event anyedge, v0x8bb236d00_0, v0x8bb2369e0_0;
TD_tb_loader.wait_byte ;
T_6.19 ;
    %load/vec4 v0x8bb2369e0_0;
    %load/vec4 v0x8bb236d00_0;
    %cmp/s;
    %flag_get/vec4 5;
    %cmpi/ne 1, 0, 1;
    %jmp/0xz T_6.20, 6;
    %wait E_0x8bb1e5040;
    %jmp T_6.19;
T_6.20 ;
    %load/vec4 v0x8bb236d00_0;
    %store/vec4 v0x8bb2369e0_0, 0, 32;
    %load/vec4 v0x8bb236940_0;
    %store/vec4 v0x8bb2363a0_0, 0, 8;
    %end;
    .scope S_0x102b43c30;
T_7 ;
    %wait E_0x8bb1e4400;
    %load/vec4 v0x8bb1a2d00_0;
    %nor/r;
    %flag_set/vec4 8;
    %jmp/0xz  T_7.0, 8;
    %pushi/vec4 0, 0, 1;
    %assign/vec4 v0x8bb1a1c20_0, 0;
    %jmp T_7.1;
T_7.0 ;
    %load/vec4 v0x8bb1a2b20_0;
    %flag_set/vec4 8;
    %flag_get/vec4 8;
    %jmp/0 T_7.2, 8;
    %load/vec4 v0x8bb1a2a80_0;
    %and;
T_7.2;
    %assign/vec4 v0x8bb1a2da0_0, 0;
    %load/vec4 v0x8bb1a2260_0;
    %flag_set/vec4 9;
    %flag_get/vec4 9;
    %jmp/0 T_7.5, 9;
    %load/vec4 v0x8bb1a2300_0;
    %and;
T_7.5;
    %flag_set/vec4 8;
    %jmp/0xz  T_7.3, 8;
    %pushi/vec4 1, 0, 1;
    %assign/vec4 v0x8bb1a1c20_0, 0;
T_7.3 ;
    %load/vec4 v0x8bb1a1fe0_0;
    %flag_set/vec4 9;
    %flag_get/vec4 9;
    %jmp/0 T_7.8, 9;
    %load/vec4 v0x8bb1a2080_0;
    %and;
T_7.8;
    %flag_set/vec4 8;
    %jmp/0xz  T_7.6, 8;
    %pushi/vec4 1, 0, 1;
    %assign/vec4 v0x8bb1a1b80_0, 0;
T_7.6 ;
    %load/vec4 v0x8bb1a2760_0;
    %flag_set/vec4 9;
    %flag_get/vec4 9;
    %jmp/0 T_7.11, 9;
    %load/vec4 v0x8bb1a28a0_0;
    %and;
T_7.11;
    %flag_set/vec4 8;
    %jmp/0xz  T_7.9, 8;
    %pushi/vec4 1, 0, 1;
    %assign/vec4 v0x8bb1a1cc0_0, 0;
T_7.9 ;
    %load/vec4 v0x8bb1a2da0_0;
    %flag_set/vec4 8;
    %jmp/1 T_7.14, 8;
    %load/vec4 v0x8bb1a2b20_0;
    %nor/r;
    %flag_set/vec4 9;
    %flag_or 8, 9;
T_7.14;
    %jmp/0xz  T_7.12, 8;
    %pushi/vec4 0, 0, 1;
    %assign/vec4 v0x8bb1a1c20_0, 0;
    %pushi/vec4 0, 0, 1;
    %assign/vec4 v0x8bb1a1b80_0, 0;
    %pushi/vec4 0, 0, 1;
    %assign/vec4 v0x8bb1a1cc0_0, 0;
T_7.12 ;
T_7.1 ;
    %jmp T_7;
    .thread T_7;
    .scope S_0x8bae20180;
T_8 ;
    %wait E_0x8bb1e4680;
    %load/vec4 v0x8bb209040_0;
    %flag_set/vec4 8;
    %jmp/0 T_8.0, 8;
    %load/vec4 v0x8bb20d040_0;
    %load/vec4 v0x8bb20d0e0_0;
    %sub;
    %jmp/1 T_8.1, 8;
T_8.0 ; End of true expr.
    %load/vec4 v0x8bb20d040_0;
    %load/vec4 v0x8bb20d0e0_0;
    %add;
    %jmp/0 T_8.1, 8;
 ; End of false expr.
    %blend;
T_8.1;
    %store/vec4 v0x8bb204d20_0, 0, 32;
    %load/vec4 v0x8bb20d040_0;
    %load/vec4 v0x8bb20d0e0_0;
    %cmp/e;
    %flag_get/vec4 4;
    %store/vec4 v0x8bb204dc0_0, 0, 1;
    %load/vec4 v0x8bb20d040_0;
    %load/vec4 v0x8bb20d0e0_0;
    %cmp/s;
    %flag_get/vec4 5;
    %store/vec4 v0x8bb204e60_0, 0, 1;
    %load/vec4 v0x8bb20d040_0;
    %load/vec4 v0x8bb20d0e0_0;
    %cmp/u;
    %flag_get/vec4 5;
    %store/vec4 v0x8bb204f00_0, 0, 1;
    %load/vec4 v0x8bb20d040_0;
    %load/vec4 v0x8bb20d0e0_0;
    %parti/s 5, 0, 2;
    %ix/vec4 4;
    %shiftl 4;
    %store/vec4 v0x8bb205220_0, 0, 32;
    %load/vec4 v0x8bb208dc0_0;
    %flag_set/vec4 8;
    %jmp/1 T_8.4, 8;
    %load/vec4 v0x8bb208e60_0;
    %flag_set/vec4 9;
    %flag_or 8, 9;
T_8.4;
    %jmp/0 T_8.2, 8;
    %load/vec4 v0x8bb20d040_0;
    %parti/s 1, 31, 6;
    %jmp/1 T_8.3, 8;
T_8.2 ; End of true expr.
    %pushi/vec4 0, 0, 1;
    %jmp/0 T_8.3, 8;
 ; End of false expr.
    %blend;
T_8.3;
    %load/vec4 v0x8bb20d040_0;
    %concat/vec4; draw_concat_vec4
    %load/vec4 v0x8bb20d0e0_0;
    %parti/s 5, 0, 2;
    %ix/vec4 4;
    %shiftr/s 4;
    %pad/s 32;
    %store/vec4 v0x8bb2052c0_0, 0, 32;
    %jmp T_8;
    .thread T_8, $push;
    .scope S_0x102b3ac70;
T_9 ;
    %end;
    .thread T_9;
    .scope S_0x102b3ac70;
T_10 ;
    %wait E_0x8bb1e4640;
    %pushi/vec4 0, 0, 1;
    %store/vec4 v0x8bb20c320_0, 0, 1;
    %pushi/vec4 4294967295, 4294967295, 32;
    %store/vec4 v0x8bb20c140_0, 0, 32;
    %pushi/vec4 0, 0, 1;
    %store/vec4 v0x8bb20c280_0, 0, 1;
    %pushi/vec4 0, 0, 1;
    %store/vec4 v0x8bb20c1e0_0, 0, 1;
    %pushi/vec4 1, 0, 1;
    %dup/vec4;
    %pushi/vec4 0, 0, 1;
    %cmp/u;
    %jmp/1 T_10.0, 6;
    %dup/vec4;
    %pushi/vec4 0, 0, 1;
    %cmp/u;
    %jmp/1 T_10.1, 6;
    %dup/vec4;
    %pushi/vec4 0, 0, 1;
    %cmp/u;
    %jmp/1 T_10.2, 6;
    %jmp T_10.3;
T_10.0 ;
    %pushi/vec4 0, 0, 1;
    %store/vec4 v0x8bb20c320_0, 0, 1;
    %pushi/vec4 0, 0, 32;
    %store/vec4 v0x8bb20c140_0, 0, 32;
    %jmp T_10.3;
T_10.1 ;
    %load/vec4 v0x8bb20c5a0_0;
    %store/vec4 v0x8bb20c320_0, 0, 1;
    %load/vec4 v0x8bb20c3c0_0;
    %store/vec4 v0x8bb20c140_0, 0, 32;
    %jmp T_10.3;
T_10.2 ;
    %load/vec4 v0x8bb20c000_0;
    %store/vec4 v0x8bb20c320_0, 0, 1;
    %load/vec4 v0x8bb20bde0_0;
    %store/vec4 v0x8bb20c140_0, 0, 32;
    %jmp T_10.3;
T_10.3 ;
    %pop/vec4 1;
    %jmp T_10;
    .thread T_10, $push;
    .scope S_0x102b3ac70;
T_11 ;
    %wait E_0x8bb1e4400;
    %load/vec4 v0x8bb20d360_0;
    %nor/r;
    %flag_set/vec4 8;
    %jmp/0xz  T_11.0, 8;
    %pushi/vec4 0, 0, 1;
    %assign/vec4 v0x8bb20aee0_0, 0;
    %pushi/vec4 0, 0, 1;
    %assign/vec4 v0x8bb20a1c0_0, 0;
    %jmp T_11.1;
T_11.0 ;
    %load/vec4 v0x8bb20a1c0_0;
    %nor/r;
    %flag_set/vec4 8;
    %jmp/0xz  T_11.2, 8;
    %load/vec4 v0x8bb20ae40_0;
    %assign/vec4 v0x8bb20aee0_0, 0;
T_11.2 ;
    %load/vec4 v0x8bb20b840_0;
    %flag_set/vec4 8;
    %flag_get/vec4 8;
    %jmp/0 T_11.4, 8;
    %load/vec4 v0x8bb20b700_0;
    %nor/r;
    %and;
T_11.4;
    %assign/vec4 v0x8bb20a1c0_0, 0;
T_11.1 ;
    %jmp T_11;
    .thread T_11;
    .scope S_0x102b3ac70;
T_12 ;
    %wait E_0x8bb1e4600;
    %load/vec4 v0x8bb20b980_0;
    %dup/vec4;
    %pushi/vec4 0, 0, 2;
    %cmp/u;
    %jmp/1 T_12.0, 6;
    %dup/vec4;
    %pushi/vec4 1, 0, 2;
    %cmp/u;
    %jmp/1 T_12.1, 6;
    %dup/vec4;
    %pushi/vec4 2, 0, 2;
    %cmp/u;
    %jmp/1 T_12.2, 6;
    %jmp T_12.3;
T_12.0 ;
    %load/vec4 v0x8bb20d0e0_0;
    %store/vec4 v0x8bb20b200_0, 0, 32;
    %pushi/vec4 15, 0, 4;
    %store/vec4 v0x8bb20b340_0, 0, 4;
    %load/vec4 v0x8bb20b3e0_0;
    %store/vec4 v0x8bb20b660_0, 0, 32;
    %jmp T_12.3;
T_12.1 ;
    %load/vec4 v0x8bb20d0e0_0;
    %parti/s 16, 0, 2;
    %replicate 2;
    %store/vec4 v0x8bb20b200_0, 0, 32;
    %load/vec4 v0x8bb20d040_0;
    %parti/s 1, 1, 2;
    %flag_set/vec4 8;
    %jmp/0 T_12.4, 8;
    %pushi/vec4 12, 0, 4;
    %jmp/1 T_12.5, 8;
T_12.4 ; End of true expr.
    %pushi/vec4 3, 0, 4;
    %jmp/0 T_12.5, 8;
 ; End of false expr.
    %blend;
T_12.5;
    %store/vec4 v0x8bb20b340_0, 0, 4;
    %load/vec4 v0x8bb20d040_0;
    %parti/s 1, 1, 2;
    %dup/vec4;
    %pushi/vec4 0, 0, 1;
    %cmp/u;
    %jmp/1 T_12.6, 6;
    %dup/vec4;
    %pushi/vec4 1, 0, 1;
    %cmp/u;
    %jmp/1 T_12.7, 6;
    %jmp T_12.8;
T_12.6 ;
    %pushi/vec4 0, 0, 16;
    %load/vec4 v0x8bb20b3e0_0;
    %parti/s 16, 0, 2;
    %concat/vec4; draw_concat_vec4
    %store/vec4 v0x8bb20b660_0, 0, 32;
    %jmp T_12.8;
T_12.7 ;
    %pushi/vec4 0, 0, 16;
    %load/vec4 v0x8bb20b3e0_0;
    %parti/s 16, 16, 6;
    %concat/vec4; draw_concat_vec4
    %store/vec4 v0x8bb20b660_0, 0, 32;
    %jmp T_12.8;
T_12.8 ;
    %pop/vec4 1;
    %jmp T_12.3;
T_12.2 ;
    %load/vec4 v0x8bb20d0e0_0;
    %parti/s 8, 0, 2;
    %replicate 4;
    %store/vec4 v0x8bb20b200_0, 0, 32;
    %pushi/vec4 1, 0, 4;
    %load/vec4 v0x8bb20d040_0;
    %parti/s 2, 0, 2;
    %ix/vec4 4;
    %shiftl 4;
    %store/vec4 v0x8bb20b340_0, 0, 4;
    %load/vec4 v0x8bb20d040_0;
    %parti/s 2, 0, 2;
    %dup/vec4;
    %pushi/vec4 0, 0, 2;
    %cmp/u;
    %jmp/1 T_12.9, 6;
    %dup/vec4;
    %pushi/vec4 1, 0, 2;
    %cmp/u;
    %jmp/1 T_12.10, 6;
    %dup/vec4;
    %pushi/vec4 2, 0, 2;
    %cmp/u;
    %jmp/1 T_12.11, 6;
    %dup/vec4;
    %pushi/vec4 3, 0, 2;
    %cmp/u;
    %jmp/1 T_12.12, 6;
    %jmp T_12.13;
T_12.9 ;
    %pushi/vec4 0, 0, 24;
    %load/vec4 v0x8bb20b3e0_0;
    %parti/s 8, 0, 2;
    %concat/vec4; draw_concat_vec4
    %store/vec4 v0x8bb20b660_0, 0, 32;
    %jmp T_12.13;
T_12.10 ;
    %pushi/vec4 0, 0, 24;
    %load/vec4 v0x8bb20b3e0_0;
    %parti/s 8, 8, 5;
    %concat/vec4; draw_concat_vec4
    %store/vec4 v0x8bb20b660_0, 0, 32;
    %jmp T_12.13;
T_12.11 ;
    %pushi/vec4 0, 0, 24;
    %load/vec4 v0x8bb20b3e0_0;
    %parti/s 8, 16, 6;
    %concat/vec4; draw_concat_vec4
    %store/vec4 v0x8bb20b660_0, 0, 32;
    %jmp T_12.13;
T_12.12 ;
    %pushi/vec4 0, 0, 24;
    %load/vec4 v0x8bb20b3e0_0;
    %parti/s 8, 24, 6;
    %concat/vec4; draw_concat_vec4
    %store/vec4 v0x8bb20b660_0, 0, 32;
    %jmp T_12.13;
T_12.13 ;
    %pop/vec4 1;
    %jmp T_12.3;
T_12.3 ;
    %pop/vec4 1;
    %jmp T_12;
    .thread T_12, $push;
    .scope S_0x102b3ac70;
T_13 ;
    %wait E_0x8bb1e4400;
    %load/vec4 v0x8bb20bac0_0;
    %flag_set/vec4 8;
    %jmp/0xz  T_13.0, 8;
    %load/vec4 v0x8bb20b3e0_0;
    %assign/vec4 v0x8bb20b5c0_0, 0;
    %load/vec4 v0x8bb20b3e0_0;
    %assign/vec4 v0x8bb20bc00_0, 0;
T_13.0 ;
    %jmp T_13;
    .thread T_13;
    .scope S_0x102b3ac70;
T_14 ;
    %wait E_0x8bb1e4400;
    %load/vec4 v0x8bb20d360_0;
    %flag_set/vec4 9;
    %flag_get/vec4 9;
    %jmp/0 T_14.2, 9;
    %load/vec4 v0x8bb20d7c0_0;
    %nor/r;
    %and;
T_14.2;
    %flag_set/vec4 8;
    %jmp/0xz  T_14.0, 8;
    %load/vec4 v0x8bb20a9e0_0;
    %flag_set/vec4 8;
    %jmp/1 T_14.6, 8;
    %load/vec4 v0x8bb20ab20_0;
    %flag_set/vec4 9;
    %flag_or 8, 9;
T_14.6;
    %jmp/1 T_14.5, 8;
    %load/vec4 v0x8bb20aa80_0;
    %flag_set/vec4 9;
    %flag_or 8, 9;
T_14.5;
    %jmp/0xz  T_14.3, 8;
    %fork TD_picorv32_axi.picorv32_core.empty_statement, S_0x102b37c30;
    %join;
T_14.3 ;
    %load/vec4 v0x8bb20a9e0_0;
    %flag_set/vec4 8;
    %jmp/1 T_14.9, 8;
    %load/vec4 v0x8bb20ab20_0;
    %flag_set/vec4 9;
    %flag_or 8, 9;
T_14.9;
    %jmp/0xz  T_14.7, 8;
    %fork TD_picorv32_axi.picorv32_core.empty_statement, S_0x102b37c30;
    %join;
T_14.7 ;
    %load/vec4 v0x8bb20aa80_0;
    %flag_set/vec4 8;
    %jmp/0xz  T_14.10, 8;
    %fork TD_picorv32_axi.picorv32_core.empty_statement, S_0x102b37c30;
    %join;
T_14.10 ;
    %load/vec4 v0x8bb20abc0_0;
    %flag_set/vec4 8;
    %jmp/0xz  T_14.12, 8;
    %fork TD_picorv32_axi.picorv32_core.empty_statement, S_0x102b37c30;
    %join;
T_14.12 ;
    %load/vec4 v0x8bb20b7a0_0;
    %pad/u 32;
    %cmpi/e 2, 0, 32;
    %jmp/1 T_14.16, 4;
    %flag_mov 8, 4;
    %load/vec4 v0x8bb20b7a0_0;
    %pad/u 32;
    %cmpi/e 3, 0, 32;
    %flag_or 4, 8;
T_14.16;
    %jmp/0xz  T_14.14, 4;
    %fork TD_picorv32_axi.picorv32_core.empty_statement, S_0x102b37c30;
    %join;
T_14.14 ;
T_14.0 ;
    %jmp T_14;
    .thread T_14;
    .scope S_0x102b3ac70;
T_15 ;
    %wait E_0x8bb1e4400;
    %load/vec4 v0x8bb20d360_0;
    %nor/r;
    %flag_set/vec4 8;
    %jmp/1 T_15.2, 8;
    %load/vec4 v0x8bb20d7c0_0;
    %flag_set/vec4 9;
    %flag_or 8, 9;
T_15.2;
    %jmp/0xz  T_15.0, 8;
    %load/vec4 v0x8bb20d360_0;
    %nor/r;
    %flag_set/vec4 8;
    %jmp/0xz  T_15.3, 8;
    %pushi/vec4 0, 0, 2;
    %assign/vec4 v0x8bb20b7a0_0, 0;
T_15.3 ;
    %load/vec4 v0x8bb20d360_0;
    %nor/r;
    %flag_set/vec4 8;
    %jmp/1 T_15.7, 8;
    %load/vec4 v0x8bb20b700_0;
    %flag_set/vec4 9;
    %flag_or 8, 9;
T_15.7;
    %jmp/0xz  T_15.5, 8;
    %pushi/vec4 0, 0, 1;
    %assign/vec4 v0x8bb20b840_0, 0;
T_15.5 ;
    %pushi/vec4 0, 0, 1;
    %assign/vec4 v0x8bb20b0c0_0, 0;
    %pushi/vec4 0, 0, 1;
    %assign/vec4 v0x8bb20cb40_0, 0;
    %jmp T_15.1;
T_15.0 ;
    %load/vec4 v0x8bb20b020_0;
    %flag_set/vec4 8;
    %jmp/1 T_15.10, 8;
    %load/vec4 v0x8bb20b2a0_0;
    %flag_set/vec4 9;
    %flag_or 8, 9;
T_15.10;
    %jmp/0xz  T_15.8, 8;
    %load/vec4 v0x8bb20ada0_0;
    %assign/vec4 v0x8bb20a8a0_0, 0;
    %load/vec4 v0x8bb20b340_0;
    %load/vec4 v0x8bb20b2a0_0;
    %replicate 4;
    %and;
    %assign/vec4 v0x8bb20ba20_0, 0;
T_15.8 ;
    %load/vec4 v0x8bb20b2a0_0;
    %flag_set/vec4 8;
    %jmp/0xz  T_15.11, 8;
    %load/vec4 v0x8bb20b200_0;
    %assign/vec4 v0x8bb20b8e0_0, 0;
T_15.11 ;
    %load/vec4 v0x8bb20b7a0_0;
    %dup/vec4;
    %pushi/vec4 0, 0, 2;
    %cmp/u;
    %jmp/1 T_15.13, 6;
    %dup/vec4;
    %pushi/vec4 1, 0, 2;
    %cmp/u;
    %jmp/1 T_15.14, 6;
    %dup/vec4;
    %pushi/vec4 2, 0, 2;
    %cmp/u;
    %jmp/1 T_15.15, 6;
    %dup/vec4;
    %pushi/vec4 3, 0, 2;
    %cmp/u;
    %jmp/1 T_15.16, 6;
    %jmp T_15.17;
T_15.13 ;
    %load/vec4 v0x8bb20a9e0_0;
    %flag_set/vec4 8;
    %jmp/1 T_15.21, 8;
    %load/vec4 v0x8bb20ab20_0;
    %flag_set/vec4 9;
    %flag_or 8, 9;
T_15.21;
    %jmp/1 T_15.20, 8;
    %load/vec4 v0x8bb20aa80_0;
    %flag_set/vec4 9;
    %flag_or 8, 9;
T_15.20;
    %jmp/0xz  T_15.18, 8;
    %load/vec4 v0x8bb20b160_0;
    %nor/r;
    %assign/vec4 v0x8bb20b840_0, 0;
    %load/vec4 v0x8bb20a9e0_0;
    %flag_set/vec4 8;
    %flag_get/vec4 8;
    %jmp/1 T_15.22, 8;
    %load/vec4 v0x8bb20ab20_0;
    %or;
T_15.22;
    %assign/vec4 v0x8bb20ad00_0, 0;
    %pushi/vec4 0, 0, 4;
    %assign/vec4 v0x8bb20ba20_0, 0;
    %pushi/vec4 1, 0, 2;
    %assign/vec4 v0x8bb20b7a0_0, 0;
T_15.18 ;
    %load/vec4 v0x8bb20abc0_0;
    %flag_set/vec4 8;
    %jmp/0xz  T_15.23, 8;
    %pushi/vec4 1, 0, 1;
    %assign/vec4 v0x8bb20b840_0, 0;
    %pushi/vec4 0, 0, 1;
    %assign/vec4 v0x8bb20ad00_0, 0;
    %pushi/vec4 2, 0, 2;
    %assign/vec4 v0x8bb20b7a0_0, 0;
T_15.23 ;
    %jmp T_15.17;
T_15.14 ;
    %fork TD_picorv32_axi.picorv32_core.empty_statement, S_0x102b37c30;
    %join;
    %fork TD_picorv32_axi.picorv32_core.empty_statement, S_0x102b37c30;
    %join;
    %fork TD_picorv32_axi.picorv32_core.empty_statement, S_0x102b37c30;
    %join;
    %fork TD_picorv32_axi.picorv32_core.empty_statement, S_0x102b37c30;
    %join;
    %load/vec4 v0x8bb20bac0_0;
    %flag_set/vec4 8;
    %jmp/0xz  T_15.25, 8;
    %pushi/vec4 0, 0, 1;
    %assign/vec4 v0x8bb20b840_0, 0;
    %pushi/vec4 0, 0, 1;
    %assign/vec4 v0x8bb20b0c0_0, 0;
    %load/vec4 v0x8bb20ab20_0;
    %flag_set/vec4 8;
    %jmp/1 T_15.29, 8;
    %load/vec4 v0x8bb20aa80_0;
    %flag_set/vec4 9;
    %flag_or 8, 9;
T_15.29;
    %jmp/0 T_15.27, 8;
    %pushi/vec4 0, 0, 3;
    %jmp/1 T_15.28, 8;
T_15.27 ; End of true expr.
    %pushi/vec4 3, 0, 3;
    %jmp/0 T_15.28, 8;
 ; End of false expr.
    %blend;
T_15.28;
    %pad/s 2;
    %assign/vec4 v0x8bb20b7a0_0, 0;
T_15.25 ;
    %jmp T_15.17;
T_15.15 ;
    %fork TD_picorv32_axi.picorv32_core.empty_statement, S_0x102b37c30;
    %join;
    %fork TD_picorv32_axi.picorv32_core.empty_statement, S_0x102b37c30;
    %join;
    %load/vec4 v0x8bb20bac0_0;
    %flag_set/vec4 8;
    %jmp/0xz  T_15.30, 8;
    %pushi/vec4 0, 0, 1;
    %assign/vec4 v0x8bb20b840_0, 0;
    %pushi/vec4 0, 0, 2;
    %assign/vec4 v0x8bb20b7a0_0, 0;
T_15.30 ;
    %jmp T_15.17;
T_15.16 ;
    %fork TD_picorv32_axi.picorv32_core.empty_statement, S_0x102b37c30;
    %join;
    %fork TD_picorv32_axi.picorv32_core.empty_statement, S_0x102b37c30;
    %join;
    %load/vec4 v0x8bb20ab20_0;
    %flag_set/vec4 8;
    %jmp/0xz  T_15.32, 8;
    %pushi/vec4 0, 0, 2;
    %assign/vec4 v0x8bb20b7a0_0, 0;
T_15.32 ;
    %jmp T_15.17;
T_15.17 ;
    %pop/vec4 1;
T_15.1 ;
    %load/vec4 v0x8bb205860_0;
    %flag_set/vec4 8;
    %jmp/0xz  T_15.34, 8;
    %pushi/vec4 0, 0, 1;
    %assign/vec4 v0x8bb20cb40_0, 0;
T_15.34 ;
    %jmp T_15;
    .thread T_15;
    .scope S_0x102b3ac70;
T_16 ;
    %wait E_0x8bb1e45c0;
    %pushi/vec4 0, 0, 32; draw_string_vec4
    %pushi/vec4 0, 0, 32; draw_string_vec4
    %concat/vec4; draw_string_vec4
    %store/vec4 v0x8bb20bb60_0, 0, 64;
    %load/vec4 v0x8bb2081e0_0;
    %flag_set/vec4 8;
    %jmp/0xz  T_16.0, 8;
    %pushi/vec4 0, 0, 32; draw_string_vec4
    %pushi/vec4 7107945, 0, 32; draw_string_vec4
    %concat/vec4; draw_string_vec4
    %store/vec4 v0x8bb20bb60_0, 0, 64;
T_16.0 ;
    %load/vec4 v0x8bb2077a0_0;
    %flag_set/vec4 8;
    %jmp/0xz  T_16.2, 8;
    %pushi/vec4 97, 0, 32; draw_string_vec4
    %pushi/vec4 1969844323, 0, 32; draw_string_vec4
    %concat/vec4; draw_string_vec4
    %store/vec4 v0x8bb20bb60_0, 0, 64;
T_16.2 ;
    %load/vec4 v0x8bb207de0_0;
    %flag_set/vec4 8;
    %jmp/0xz  T_16.4, 8;
    %pushi/vec4 0, 0, 32; draw_string_vec4
    %pushi/vec4 6971756, 0, 32; draw_string_vec4
    %concat/vec4; draw_string_vec4
    %store/vec4 v0x8bb20bb60_0, 0, 64;
T_16.4 ;
    %load/vec4 v0x8bb207e80_0;
    %flag_set/vec4 8;
    %jmp/0xz  T_16.6, 8;
    %pushi/vec4 0, 0, 32; draw_string_vec4
    %pushi/vec4 1784769650, 0, 32; draw_string_vec4
    %concat/vec4; draw_string_vec4
    %store/vec4 v0x8bb20bb60_0, 0, 64;
T_16.6 ;
    %load/vec4 v0x8bb207840_0;
    %flag_set/vec4 8;
    %jmp/0xz  T_16.8, 8;
    %pushi/vec4 0, 0, 32; draw_string_vec4
    %pushi/vec4 6448497, 0, 32; draw_string_vec4
    %concat/vec4; draw_string_vec4
    %store/vec4 v0x8bb20bb60_0, 0, 64;
T_16.8 ;
    %load/vec4 v0x8bb207b60_0;
    %flag_set/vec4 8;
    %jmp/0xz  T_16.10, 8;
    %pushi/vec4 0, 0, 32; draw_string_vec4
    %pushi/vec4 6450789, 0, 32; draw_string_vec4
    %concat/vec4; draw_string_vec4
    %store/vec4 v0x8bb20bb60_0, 0, 64;
T_16.10 ;
    %load/vec4 v0x8bb207a20_0;
    %flag_set/vec4 8;
    %jmp/0xz  T_16.12, 8;
    %pushi/vec4 0, 0, 32; draw_string_vec4
    %pushi/vec4 6450292, 0, 32; draw_string_vec4
    %concat/vec4; draw_string_vec4
    %store/vec4 v0x8bb20bb60_0, 0, 64;
T_16.12 ;
    %load/vec4 v0x8bb2078e0_0;
    %flag_set/vec4 8;
    %jmp/0xz  T_16.14, 8;
    %pushi/vec4 0, 0, 32; draw_string_vec4
    %pushi/vec4 6448997, 0, 32; draw_string_vec4
    %concat/vec4; draw_string_vec4
    %store/vec4 v0x8bb20bb60_0, 0, 64;
T_16.14 ;
    %load/vec4 v0x8bb207ac0_0;
    %flag_set/vec4 8;
    %jmp/0xz  T_16.16, 8;
    %pushi/vec4 0, 0, 32; draw_string_vec4
    %pushi/vec4 1651274869, 0, 32; draw_string_vec4
    %concat/vec4; draw_string_vec4
    %store/vec4 v0x8bb20bb60_0, 0, 64;
T_16.16 ;
    %load/vec4 v0x8bb207980_0;
    %flag_set/vec4 8;
    %jmp/0xz  T_16.18, 8;
    %pushi/vec4 0, 0, 32; draw_string_vec4
    %pushi/vec4 1650943349, 0, 32; draw_string_vec4
    %concat/vec4; draw_string_vec4
    %store/vec4 v0x8bb20bb60_0, 0, 64;
T_16.18 ;
    %load/vec4 v0x8bb207f20_0;
    %flag_set/vec4 8;
    %jmp/0xz  T_16.20, 8;
    %pushi/vec4 0, 0, 32; draw_string_vec4
    %pushi/vec4 27746, 0, 32; draw_string_vec4
    %concat/vec4; draw_string_vec4
    %store/vec4 v0x8bb20bb60_0, 0, 64;
T_16.20 ;
    %load/vec4 v0x8bb2080a0_0;
    %flag_set/vec4 8;
    %jmp/0xz  T_16.22, 8;
    %pushi/vec4 0, 0, 32; draw_string_vec4
    %pushi/vec4 27752, 0, 32; draw_string_vec4
    %concat/vec4; draw_string_vec4
    %store/vec4 v0x8bb20bb60_0, 0, 64;
T_16.22 ;
    %load/vec4 v0x8bb208280_0;
    %flag_set/vec4 8;
    %jmp/0xz  T_16.24, 8;
    %pushi/vec4 0, 0, 32; draw_string_vec4
    %pushi/vec4 27767, 0, 32; draw_string_vec4
    %concat/vec4; draw_string_vec4
    %store/vec4 v0x8bb20bb60_0, 0, 64;
T_16.24 ;
    %load/vec4 v0x8bb208000_0;
    %flag_set/vec4 8;
    %jmp/0xz  T_16.26, 8;
    %pushi/vec4 0, 0, 32; draw_string_vec4
    %pushi/vec4 7103093, 0, 32; draw_string_vec4
    %concat/vec4; draw_string_vec4
    %store/vec4 v0x8bb20bb60_0, 0, 64;
T_16.26 ;
    %load/vec4 v0x8bb208140_0;
    %flag_set/vec4 8;
    %jmp/0xz  T_16.28, 8;
    %pushi/vec4 0, 0, 32; draw_string_vec4
    %pushi/vec4 7104629, 0, 32; draw_string_vec4
    %concat/vec4; draw_string_vec4
    %store/vec4 v0x8bb20bb60_0, 0, 64;
T_16.28 ;
    %load/vec4 v0x8bb208820_0;
    %flag_set/vec4 8;
    %jmp/0xz  T_16.30, 8;
    %pushi/vec4 0, 0, 32; draw_string_vec4
    %pushi/vec4 29538, 0, 32; draw_string_vec4
    %concat/vec4; draw_string_vec4
    %store/vec4 v0x8bb20bb60_0, 0, 64;
T_16.30 ;
    %load/vec4 v0x8bb208960_0;
    %flag_set/vec4 8;
    %jmp/0xz  T_16.32, 8;
    %pushi/vec4 0, 0, 32; draw_string_vec4
    %pushi/vec4 29544, 0, 32; draw_string_vec4
    %concat/vec4; draw_string_vec4
    %store/vec4 v0x8bb20bb60_0, 0, 64;
T_16.32 ;
    %load/vec4 v0x8bb2090e0_0;
    %flag_set/vec4 8;
    %jmp/0xz  T_16.34, 8;
    %pushi/vec4 0, 0, 32; draw_string_vec4
    %pushi/vec4 29559, 0, 32; draw_string_vec4
    %concat/vec4; draw_string_vec4
    %store/vec4 v0x8bb20bb60_0, 0, 64;
T_16.34 ;
    %load/vec4 v0x8bb2075c0_0;
    %flag_set/vec4 8;
    %jmp/0xz  T_16.36, 8;
    %pushi/vec4 0, 0, 32; draw_string_vec4
    %pushi/vec4 1633969257, 0, 32; draw_string_vec4
    %concat/vec4; draw_string_vec4
    %store/vec4 v0x8bb20bb60_0, 0, 64;
T_16.36 ;
    %load/vec4 v0x8bb208be0_0;
    %flag_set/vec4 8;
    %jmp/0xz  T_16.38, 8;
    %pushi/vec4 0, 0, 32; draw_string_vec4
    %pushi/vec4 1936487529, 0, 32; draw_string_vec4
    %concat/vec4; draw_string_vec4
    %store/vec4 v0x8bb20bb60_0, 0, 64;
T_16.38 ;
    %load/vec4 v0x8bb208c80_0;
    %flag_set/vec4 8;
    %jmp/0xz  T_16.40, 8;
    %pushi/vec4 115, 0, 32; draw_string_vec4
    %pushi/vec4 1819568501, 0, 32; draw_string_vec4
    %concat/vec4; draw_string_vec4
    %store/vec4 v0x8bb20bb60_0, 0, 64;
T_16.40 ;
    %load/vec4 v0x8bb209400_0;
    %flag_set/vec4 8;
    %jmp/0xz  T_16.42, 8;
    %pushi/vec4 0, 0, 32; draw_string_vec4
    %pushi/vec4 2020569705, 0, 32; draw_string_vec4
    %concat/vec4; draw_string_vec4
    %store/vec4 v0x8bb20bb60_0, 0, 64;
T_16.42 ;
    %load/vec4 v0x8bb208460_0;
    %flag_set/vec4 8;
    %jmp/0xz  T_16.44, 8;
    %pushi/vec4 0, 0, 32; draw_string_vec4
    %pushi/vec4 7303785, 0, 32; draw_string_vec4
    %concat/vec4; draw_string_vec4
    %store/vec4 v0x8bb20bb60_0, 0, 64;
T_16.44 ;
    %load/vec4 v0x8bb207700_0;
    %flag_set/vec4 8;
    %jmp/0xz  T_16.46, 8;
    %pushi/vec4 0, 0, 32; draw_string_vec4
    %pushi/vec4 1634624617, 0, 32; draw_string_vec4
    %concat/vec4; draw_string_vec4
    %store/vec4 v0x8bb20bb60_0, 0, 64;
T_16.46 ;
    %load/vec4 v0x8bb208aa0_0;
    %flag_set/vec4 8;
    %jmp/0xz  T_16.48, 8;
    %pushi/vec4 0, 0, 32; draw_string_vec4
    %pushi/vec4 1936485481, 0, 32; draw_string_vec4
    %concat/vec4; draw_string_vec4
    %store/vec4 v0x8bb20bb60_0, 0, 64;
T_16.48 ;
    %load/vec4 v0x8bb208fa0_0;
    %flag_set/vec4 8;
    %jmp/0xz  T_16.50, 8;
    %pushi/vec4 0, 0, 32; draw_string_vec4
    %pushi/vec4 1936878697, 0, 32; draw_string_vec4
    %concat/vec4; draw_string_vec4
    %store/vec4 v0x8bb20bb60_0, 0, 64;
T_16.50 ;
    %load/vec4 v0x8bb208e60_0;
    %flag_set/vec4 8;
    %jmp/0xz  T_16.52, 8;
    %pushi/vec4 0, 0, 32; draw_string_vec4
    %pushi/vec4 1936875881, 0, 32; draw_string_vec4
    %concat/vec4; draw_string_vec4
    %store/vec4 v0x8bb20bb60_0, 0, 64;
T_16.52 ;
    %load/vec4 v0x8bb207520_0;
    %flag_set/vec4 8;
    %jmp/0xz  T_16.54, 8;
    %pushi/vec4 0, 0, 32; draw_string_vec4
    %pushi/vec4 6382692, 0, 32; draw_string_vec4
    %concat/vec4; draw_string_vec4
    %store/vec4 v0x8bb20bb60_0, 0, 64;
T_16.54 ;
    %load/vec4 v0x8bb209040_0;
    %flag_set/vec4 8;
    %jmp/0xz  T_16.56, 8;
    %pushi/vec4 0, 0, 32; draw_string_vec4
    %pushi/vec4 7566690, 0, 32; draw_string_vec4
    %concat/vec4; draw_string_vec4
    %store/vec4 v0x8bb20bb60_0, 0, 64;
T_16.56 ;
    %load/vec4 v0x8bb208a00_0;
    %flag_set/vec4 8;
    %jmp/0xz  T_16.58, 8;
    %pushi/vec4 0, 0, 32; draw_string_vec4
    %pushi/vec4 7564396, 0, 32; draw_string_vec4
    %concat/vec4; draw_string_vec4
    %store/vec4 v0x8bb20bb60_0, 0, 64;
T_16.58 ;
    %load/vec4 v0x8bb208b40_0;
    %flag_set/vec4 8;
    %jmp/0xz  T_16.60, 8;
    %pushi/vec4 0, 0, 32; draw_string_vec4
    %pushi/vec4 7564404, 0, 32; draw_string_vec4
    %concat/vec4; draw_string_vec4
    %store/vec4 v0x8bb20bb60_0, 0, 64;
T_16.60 ;
    %load/vec4 v0x8bb208d20_0;
    %flag_set/vec4 8;
    %jmp/0xz  T_16.62, 8;
    %pushi/vec4 0, 0, 32; draw_string_vec4
    %pushi/vec4 1936487541, 0, 32; draw_string_vec4
    %concat/vec4; draw_string_vec4
    %store/vec4 v0x8bb20bb60_0, 0, 64;
T_16.62 ;
    %load/vec4 v0x8bb209360_0;
    %flag_set/vec4 8;
    %jmp/0xz  T_16.64, 8;
    %pushi/vec4 0, 0, 32; draw_string_vec4
    %pushi/vec4 7892850, 0, 32; draw_string_vec4
    %concat/vec4; draw_string_vec4
    %store/vec4 v0x8bb20bb60_0, 0, 64;
T_16.64 ;
    %load/vec4 v0x8bb208f00_0;
    %flag_set/vec4 8;
    %jmp/0xz  T_16.66, 8;
    %pushi/vec4 0, 0, 32; draw_string_vec4
    %pushi/vec4 7565932, 0, 32; draw_string_vec4
    %concat/vec4; draw_string_vec4
    %store/vec4 v0x8bb20bb60_0, 0, 64;
T_16.66 ;
    %load/vec4 v0x8bb208dc0_0;
    %flag_set/vec4 8;
    %jmp/0xz  T_16.68, 8;
    %pushi/vec4 0, 0, 32; draw_string_vec4
    %pushi/vec4 7565921, 0, 32; draw_string_vec4
    %concat/vec4; draw_string_vec4
    %store/vec4 v0x8bb20bb60_0, 0, 64;
T_16.68 ;
    %load/vec4 v0x8bb2083c0_0;
    %flag_set/vec4 8;
    %jmp/0xz  T_16.70, 8;
    %pushi/vec4 0, 0, 32; draw_string_vec4
    %pushi/vec4 28530, 0, 32; draw_string_vec4
    %concat/vec4; draw_string_vec4
    %store/vec4 v0x8bb20bb60_0, 0, 64;
T_16.70 ;
    %load/vec4 v0x8bb207660_0;
    %flag_set/vec4 8;
    %jmp/0xz  T_16.72, 8;
    %pushi/vec4 0, 0, 32; draw_string_vec4
    %pushi/vec4 6385252, 0, 32; draw_string_vec4
    %concat/vec4; draw_string_vec4
    %store/vec4 v0x8bb20bb60_0, 0, 64;
T_16.72 ;
    %load/vec4 v0x8bb208500_0;
    %flag_set/vec4 8;
    %jmp/0xz  T_16.74, 8;
    %pushi/vec4 7496803, 0, 32; draw_string_vec4
    %pushi/vec4 2036558949, 0, 32; draw_string_vec4
    %concat/vec4; draw_string_vec4
    %store/vec4 v0x8bb20bb60_0, 0, 64;
T_16.74 ;
    %load/vec4 v0x8bb2085a0_0;
    %flag_set/vec4 8;
    %jmp/0xz  T_16.76, 8;
    %pushi/vec4 1919181689, 0, 32; draw_string_vec4
    %pushi/vec4 1668048232, 0, 32; draw_string_vec4
    %concat/vec4; draw_string_vec4
    %store/vec4 v0x8bb20bb60_0, 0, 64;
T_16.76 ;
    %load/vec4 v0x8bb208640_0;
    %flag_set/vec4 8;
    %jmp/0xz  T_16.78, 8;
    %pushi/vec4 7496809, 0, 32; draw_string_vec4
    %pushi/vec4 1853060210, 0, 32; draw_string_vec4
    %concat/vec4; draw_string_vec4
    %store/vec4 v0x8bb20bb60_0, 0, 64;
T_16.78 ;
    %load/vec4 v0x8bb2086e0_0;
    %flag_set/vec4 8;
    %jmp/0xz  T_16.80, 8;
    %pushi/vec4 1919183214, 0, 32; draw_string_vec4
    %pushi/vec4 1937011304, 0, 32; draw_string_vec4
    %concat/vec4; draw_string_vec4
    %store/vec4 v0x8bb20bb60_0, 0, 64;
T_16.80 ;
    %load/vec4 v0x8bb207ca0_0;
    %flag_set/vec4 8;
    %jmp/0xz  T_16.82, 8;
    %pushi/vec4 102, 0, 32; draw_string_vec4
    %pushi/vec4 1701733221, 0, 32; draw_string_vec4
    %concat/vec4; draw_string_vec4
    %store/vec4 v0x8bb20bb60_0, 0, 64;
T_16.82 ;
    %load/vec4 v0x8bb207d40_0;
    %flag_set/vec4 8;
    %jmp/0xz  T_16.84, 8;
    %pushi/vec4 0, 0, 32; draw_string_vec4
    %pushi/vec4 1734702193, 0, 32; draw_string_vec4
    %concat/vec4; draw_string_vec4
    %store/vec4 v0x8bb20bb60_0, 0, 64;
T_16.84 ;
    %load/vec4 v0x8bb2088c0_0;
    %flag_set/vec4 8;
    %jmp/0xz  T_16.86, 8;
    %pushi/vec4 0, 0, 32; draw_string_vec4
    %pushi/vec4 1936028785, 0, 32; draw_string_vec4
    %concat/vec4; draw_string_vec4
    %store/vec4 v0x8bb20bb60_0, 0, 64;
T_16.86 ;
    %load/vec4 v0x8bb208780_0;
    %flag_set/vec4 8;
    %jmp/0xz  T_16.88, 8;
    %pushi/vec4 29285, 0, 32; draw_string_vec4
    %pushi/vec4 1953067633, 0, 32; draw_string_vec4
    %concat/vec4; draw_string_vec4
    %store/vec4 v0x8bb20bb60_0, 0, 64;
T_16.88 ;
    %load/vec4 v0x8bb208320_0;
    %flag_set/vec4 8;
    %jmp/0xz  T_16.90, 8;
    %pushi/vec4 7168371, 0, 32; draw_string_vec4
    %pushi/vec4 1802072689, 0, 32; draw_string_vec4
    %concat/vec4; draw_string_vec4
    %store/vec4 v0x8bb20bb60_0, 0, 64;
T_16.90 ;
    %load/vec4 v0x8bb2092c0_0;
    %flag_set/vec4 8;
    %jmp/0xz  T_16.92, 8;
    %pushi/vec4 7823721, 0, 32; draw_string_vec4
    %pushi/vec4 1953067633, 0, 32; draw_string_vec4
    %concat/vec4; draw_string_vec4
    %store/vec4 v0x8bb20bb60_0, 0, 64;
T_16.92 ;
    %load/vec4 v0x8bb209180_0;
    %flag_set/vec4 8;
    %jmp/0xz  T_16.94, 8;
    %pushi/vec4 116, 0, 32; draw_string_vec4
    %pushi/vec4 1768777074, 0, 32; draw_string_vec4
    %concat/vec4; draw_string_vec4
    %store/vec4 v0x8bb20bb60_0, 0, 64;
T_16.94 ;
    %jmp T_16;
    .thread T_16, $push;
    .scope S_0x102b3ac70;
T_17 ;
    %wait E_0x8bb1e4400;
    %load/vec4 v0x8bb206080_0;
    %assign/vec4 v0x8bb20cbe0_0, 0;
    %load/vec4 v0x8bb206260_0;
    %assign/vec4 v0x8bb20cc80_0, 0;
    %load/vec4 v0x8bb206300_0;
    %assign/vec4 v0x8bb20cd20_0, 0;
    %load/vec4 v0x8bb206440_0;
    %assign/vec4 v0x8bb20ce60_0, 0;
    %load/vec4 v0x8bb2064e0_0;
    %assign/vec4 v0x8bb20cf00_0, 0;
    %load/vec4 v0x8bb2063a0_0;
    %assign/vec4 v0x8bb20cdc0_0, 0;
    %load/vec4 v0x8bb20a800_0;
    %assign/vec4 v0x8bb2069e0_0, 0;
    %load/vec4 v0x8bb20d360_0;
    %nor/r;
    %flag_set/vec4 8;
    %jmp/1 T_17.2, 8;
    %load/vec4 v0x8bb20d7c0_0;
    %flag_set/vec4 9;
    %flag_or 8, 9;
T_17.2;
    %jmp/0xz  T_17.0, 8;
    %pushi/vec4 0, 0, 1;
    %assign/vec4 v0x8bb206d00_0, 0;
    %jmp T_17.1;
T_17.0 ;
    %load/vec4 v0x8bb20a800_0;
    %flag_set/vec4 8;
    %jmp/0xz  T_17.3, 8;
    %pushi/vec4 1, 0, 1;
    %assign/vec4 v0x8bb206d00_0, 0;
T_17.3 ;
T_17.1 ;
    %load/vec4 v0x8bb207340_0;
    %flag_set/vec4 8;
    %jmp/0xz  T_17.5, 8;
    %load/vec4 v0x8bb20bb60_0;
    %assign/vec4 v0x8bb2054a0_0, 0;
    %load/vec4 v0x8bb206da0_0;
    %assign/vec4 v0x8bb205540_0, 0;
    %load/vec4 v0x8bb20bc00_0;
    %parti/s 2, 0, 2;
    %and/r;
    %flag_set/vec4 8;
    %jmp/0xz  T_17.7, 8;
    %load/vec4 v0x8bb20bc00_0;
    %assign/vec4 v0x8bb2055e0_0, 0;
    %jmp T_17.8;
T_17.7 ;
    %pushi/vec4 0, 0, 16;
    %load/vec4 v0x8bb20bc00_0;
    %parti/s 16, 0, 2;
    %concat/vec4; draw_concat_vec4
    %assign/vec4 v0x8bb2055e0_0, 0;
T_17.8 ;
    %load/vec4 v0x8bb207020_0;
    %assign/vec4 v0x8bb205720_0, 0;
    %load/vec4 v0x8bb2070c0_0;
    %assign/vec4 v0x8bb2057c0_0, 0;
    %load/vec4 v0x8bb206ee0_0;
    %assign/vec4 v0x8bb205680_0, 0;
T_17.5 ;
    %load/vec4 v0x8bb20a800_0;
    %flag_set/vec4 8;
    %jmp/0xz  T_17.9, 8;
    %load/vec4 v0x8bb20bd40_0;
    %assign/vec4 v0x8bb2061c0_0, 0;
T_17.9 ;
    %jmp T_17;
    .thread T_17;
    .scope S_0x102b3ac70;
T_18 ;
    %wait E_0x8bb1e4580;
    %load/vec4 v0x8bb20cbe0_0;
    %store/vec4 v0x8bb206080_0, 0, 64;
    %load/vec4 v0x8bb20cc80_0;
    %store/vec4 v0x8bb206260_0, 0, 32;
    %load/vec4 v0x8bb20cd20_0;
    %store/vec4 v0x8bb206300_0, 0, 32;
    %load/vec4 v0x8bb20ce60_0;
    %store/vec4 v0x8bb206440_0, 0, 5;
    %load/vec4 v0x8bb20cf00_0;
    %store/vec4 v0x8bb2064e0_0, 0, 5;
    %load/vec4 v0x8bb20cdc0_0;
    %store/vec4 v0x8bb2063a0_0, 0, 5;
    %load/vec4 v0x8bb2069e0_0;
    %flag_set/vec4 8;
    %jmp/0xz  T_18.0, 8;
    %load/vec4 v0x8bb207200_0;
    %flag_set/vec4 8;
    %jmp/0xz  T_18.2, 8;
    %load/vec4 v0x8bb2054a0_0;
    %store/vec4 v0x8bb206080_0, 0, 64;
    %load/vec4 v0x8bb205540_0;
    %store/vec4 v0x8bb206260_0, 0, 32;
    %load/vec4 v0x8bb2055e0_0;
    %store/vec4 v0x8bb206300_0, 0, 32;
    %load/vec4 v0x8bb205720_0;
    %store/vec4 v0x8bb206440_0, 0, 5;
    %load/vec4 v0x8bb2057c0_0;
    %store/vec4 v0x8bb2064e0_0, 0, 5;
    %load/vec4 v0x8bb205680_0;
    %store/vec4 v0x8bb2063a0_0, 0, 5;
    %jmp T_18.3;
T_18.2 ;
    %load/vec4 v0x8bb20bb60_0;
    %store/vec4 v0x8bb206080_0, 0, 64;
    %load/vec4 v0x8bb20bc00_0;
    %parti/s 2, 0, 2;
    %and/r;
    %flag_set/vec4 8;
    %jmp/0xz  T_18.4, 8;
    %load/vec4 v0x8bb20bc00_0;
    %store/vec4 v0x8bb206300_0, 0, 32;
    %jmp T_18.5;
T_18.4 ;
    %pushi/vec4 0, 0, 16;
    %load/vec4 v0x8bb20bc00_0;
    %parti/s 16, 0, 2;
    %concat/vec4; draw_concat_vec4
    %store/vec4 v0x8bb206300_0, 0, 32;
T_18.5 ;
    %load/vec4 v0x8bb206da0_0;
    %store/vec4 v0x8bb206260_0, 0, 32;
    %load/vec4 v0x8bb207020_0;
    %store/vec4 v0x8bb206440_0, 0, 5;
    %load/vec4 v0x8bb2070c0_0;
    %store/vec4 v0x8bb2064e0_0, 0, 5;
    %load/vec4 v0x8bb206ee0_0;
    %store/vec4 v0x8bb2063a0_0, 0, 5;
T_18.3 ;
T_18.0 ;
    %jmp T_18;
    .thread T_18, $push;
    .scope S_0x102b3ac70;
T_19 ;
    %wait E_0x8bb1e4400;
    %load/vec4 v0x8bb2081e0_0;
    %load/vec4 v0x8bb2077a0_0;
    %concat/vec4; draw_concat_vec4
    %load/vec4 v0x8bb207de0_0;
    %concat/vec4; draw_concat_vec4
    %or/r;
    %assign/vec4 v0x8bb209cc0_0, 0;
    %load/vec4 v0x8bb2081e0_0;
    %load/vec4 v0x8bb2077a0_0;
    %concat/vec4; draw_concat_vec4
    %load/vec4 v0x8bb207de0_0;
    %concat/vec4; draw_concat_vec4
    %load/vec4 v0x8bb207e80_0;
    %concat/vec4; draw_concat_vec4
    %load/vec4 v0x8bb2075c0_0;
    %concat/vec4; draw_concat_vec4
    %load/vec4 v0x8bb207520_0;
    %concat/vec4; draw_concat_vec4
    %load/vec4 v0x8bb209040_0;
    %concat/vec4; draw_concat_vec4
    %or/r;
    %assign/vec4 v0x8bb209d60_0, 0;
    %load/vec4 v0x8bb208be0_0;
    %load/vec4 v0x8bb207a20_0;
    %concat/vec4; draw_concat_vec4
    %load/vec4 v0x8bb208b40_0;
    %concat/vec4; draw_concat_vec4
    %or/r;
    %assign/vec4 v0x8bb20a080_0, 0;
    %load/vec4 v0x8bb208c80_0;
    %load/vec4 v0x8bb207ac0_0;
    %concat/vec4; draw_concat_vec4
    %load/vec4 v0x8bb208d20_0;
    %concat/vec4; draw_concat_vec4
    %or/r;
    %assign/vec4 v0x8bb20a120_0, 0;
    %load/vec4 v0x8bb208000_0;
    %load/vec4 v0x8bb208140_0;
    %concat/vec4; draw_concat_vec4
    %load/vec4 v0x8bb208280_0;
    %concat/vec4; draw_concat_vec4
    %or/r;
    %assign/vec4 v0x8bb209c20_0, 0;
    %load/vec4 v0x8bb2099a0_0;
    %load/vec4 v0x8bb208be0_0;
    %concat/vec4; draw_concat_vec4
    %load/vec4 v0x8bb208b40_0;
    %concat/vec4; draw_concat_vec4
    %load/vec4 v0x8bb208c80_0;
    %concat/vec4; draw_concat_vec4
    %load/vec4 v0x8bb208d20_0;
    %concat/vec4; draw_concat_vec4
    %or/r;
    %assign/vec4 v0x8bb209a40_0, 0;
    %load/vec4 v0x8bb20ab20_0;
    %flag_set/vec4 9;
    %flag_get/vec4 9;
    %jmp/0 T_19.2, 9;
    %load/vec4 v0x8bb20ac60_0;
    %and;
T_19.2;
    %flag_set/vec4 8;
    %jmp/0xz  T_19.0, 8;
    %load/vec4 v0x8bb20b480_0;
    %parti/s 7, 0, 2;
    %pushi/vec4 55, 0, 7;
    %cmp/e;
    %flag_get/vec4 4;
    %assign/vec4 v0x8bb2081e0_0, 0;
    %load/vec4 v0x8bb20b480_0;
    %parti/s 7, 0, 2;
    %pushi/vec4 23, 0, 7;
    %cmp/e;
    %flag_get/vec4 4;
    %assign/vec4 v0x8bb2077a0_0, 0;
    %load/vec4 v0x8bb20b480_0;
    %parti/s 7, 0, 2;
    %pushi/vec4 111, 0, 7;
    %cmp/e;
    %flag_get/vec4 4;
    %assign/vec4 v0x8bb207de0_0, 0;
    %load/vec4 v0x8bb20b480_0;
    %parti/s 7, 0, 2;
    %cmpi/e 103, 0, 7;
    %flag_get/vec4 4;
    %jmp/0 T_19.3, 4;
    %load/vec4 v0x8bb20b480_0;
    %parti/s 3, 12, 5;
    %pushi/vec4 0, 0, 3;
    %cmp/e;
    %flag_get/vec4 4;
    %and;
T_19.3;
    %assign/vec4 v0x8bb207e80_0, 0;
    %load/vec4 v0x8bb20b480_0;
    %parti/s 7, 0, 2;
    %cmpi/e 11, 0, 7;
    %flag_get/vec4 4;
    %jmp/0 T_19.5, 4;
    %load/vec4 v0x8bb20b480_0;
    %parti/s 7, 25, 6;
    %pushi/vec4 2, 0, 7;
    %cmp/e;
    %flag_get/vec4 4;
    %and;
T_19.5;
    %flag_set/vec4 8;
    %flag_get/vec4 8;
    %jmp/0 T_19.4, 8;
    %pushi/vec4 0, 0, 1;
    %and;
T_19.4;
    %assign/vec4 v0x8bb208780_0, 0;
    %load/vec4 v0x8bb20b480_0;
    %parti/s 7, 0, 2;
    %cmpi/e 11, 0, 7;
    %flag_get/vec4 4;
    %jmp/0 T_19.7, 4;
    %load/vec4 v0x8bb20b480_0;
    %parti/s 7, 25, 6;
    %pushi/vec4 4, 0, 7;
    %cmp/e;
    %flag_get/vec4 4;
    %and;
T_19.7;
    %flag_set/vec4 8;
    %flag_get/vec4 8;
    %jmp/0 T_19.6, 8;
    %pushi/vec4 0, 0, 1;
    %and;
T_19.6;
    %assign/vec4 v0x8bb2092c0_0, 0;
    %load/vec4 v0x8bb20b480_0;
    %parti/s 7, 0, 2;
    %pushi/vec4 99, 0, 7;
    %cmp/e;
    %flag_get/vec4 4;
    %assign/vec4 v0x8bb2099a0_0, 0;
    %load/vec4 v0x8bb20b480_0;
    %parti/s 7, 0, 2;
    %pushi/vec4 3, 0, 7;
    %cmp/e;
    %flag_get/vec4 4;
    %assign/vec4 v0x8bb209b80_0, 0;
    %load/vec4 v0x8bb20b480_0;
    %parti/s 7, 0, 2;
    %pushi/vec4 35, 0, 7;
    %cmp/e;
    %flag_get/vec4 4;
    %assign/vec4 v0x8bb209ea0_0, 0;
    %load/vec4 v0x8bb20b480_0;
    %parti/s 7, 0, 2;
    %pushi/vec4 19, 0, 7;
    %cmp/e;
    %flag_get/vec4 4;
    %assign/vec4 v0x8bb209860_0, 0;
    %load/vec4 v0x8bb20b480_0;
    %parti/s 7, 0, 2;
    %pushi/vec4 51, 0, 7;
    %cmp/e;
    %flag_get/vec4 4;
    %assign/vec4 v0x8bb209900_0, 0;
    %load/vec4 v0x8bb20b480_0;
    %parti/s 20, 12, 5;
    %concati/vec4 0, 0, 1;
    %pad/s 32;
    %split/vec4 1;
    %ix/load 5, 0, 0;
    %ix/load 4, 0, 0;
    %flag_set/imm 4, 0;
    %assign/vec4/off/d v0x8bb206e40_0, 4, 5;
    %split/vec4 8;
    %ix/load 5, 0, 0;
    %ix/load 4, 12, 0;
    %flag_set/imm 4, 0;
    %assign/vec4/off/d v0x8bb206e40_0, 4, 5;
    %split/vec4 1;
    %ix/load 5, 0, 0;
    %ix/load 4, 11, 0;
    %flag_set/imm 4, 0;
    %assign/vec4/off/d v0x8bb206e40_0, 4, 5;
    %split/vec4 10;
    %ix/load 5, 0, 0;
    %ix/load 4, 1, 0;
    %flag_set/imm 4, 0;
    %assign/vec4/off/d v0x8bb206e40_0, 4, 5;
    %ix/load 5, 0, 0;
    %ix/load 4, 20, 0;
    %flag_set/imm 4, 0;
    %assign/vec4/off/d v0x8bb206e40_0, 4, 5;
    %load/vec4 v0x8bb20b480_0;
    %parti/s 5, 7, 4;
    %assign/vec4 v0x8bb206ee0_0, 0;
    %load/vec4 v0x8bb20b480_0;
    %parti/s 5, 15, 5;
    %assign/vec4 v0x8bb207020_0, 0;
    %load/vec4 v0x8bb20b480_0;
    %parti/s 5, 20, 6;
    %assign/vec4 v0x8bb2070c0_0, 0;
    %load/vec4 v0x8bb20b480_0;
    %parti/s 7, 0, 2;
    %cmpi/e 11, 0, 7;
    %flag_get/vec4 4;
    %jmp/0 T_19.12, 4;
    %load/vec4 v0x8bb20b480_0;
    %parti/s 7, 25, 6;
    %pushi/vec4 0, 0, 7;
    %cmp/e;
    %flag_get/vec4 4;
    %and;
T_19.12;
    %flag_set/vec4 10;
    %flag_get/vec4 10;
    %jmp/0 T_19.11, 10;
    %pushi/vec4 0, 0, 1;
    %and;
T_19.11;
    %flag_set/vec4 9;
    %flag_get/vec4 9;
    %jmp/0 T_19.10, 9;
    %pushi/vec4 1, 0, 1;
    %and;
T_19.10;
    %flag_set/vec4 8;
    %jmp/0xz  T_19.8, 8;
    %pushi/vec4 1, 0, 1;
    %ix/load 5, 0, 0;
    %ix/load 4, 4, 0;
    %flag_set/imm 4, 0;
    %assign/vec4/off/d v0x8bb207020_0, 4, 5;
T_19.8 ;
    %load/vec4 v0x8bb20b480_0;
    %parti/s 7, 0, 2;
    %cmpi/e 11, 0, 7;
    %flag_get/vec4 4;
    %jmp/0 T_19.16, 4;
    %load/vec4 v0x8bb20b480_0;
    %parti/s 7, 25, 6;
    %pushi/vec4 2, 0, 7;
    %cmp/e;
    %flag_get/vec4 4;
    %and;
T_19.16;
    %flag_set/vec4 9;
    %flag_get/vec4 9;
    %jmp/0 T_19.15, 9;
    %pushi/vec4 0, 0, 1;
    %and;
T_19.15;
    %flag_set/vec4 8;
    %jmp/0xz  T_19.13, 8;
    %pushi/vec4 0, 0, 5;
    %assign/vec4 v0x8bb207020_0, 0;
T_19.13 ;
    %pushi/vec4 0, 0, 1;
    %assign/vec4 v0x8bb205a40_0, 0;
T_19.0 ;
    %load/vec4 v0x8bb2072a0_0;
    %flag_set/vec4 9;
    %flag_get/vec4 9;
    %jmp/0 T_19.19, 9;
    %load/vec4 v0x8bb207160_0;
    %nor/r;
    %and;
T_19.19;
    %flag_set/vec4 8;
    %jmp/0xz  T_19.17, 8;
    %pushi/vec4 4294967295, 4294967295, 32;
    %assign/vec4 v0x8bb20c0a0_0, 0;
    %load/vec4 v0x8bb2099a0_0;
    %flag_set/vec4 8;
    %flag_get/vec4 8;
    %jmp/0 T_19.20, 8;
    %load/vec4 v0x8bb20b5c0_0;
    %parti/s 3, 12, 5;
    %pushi/vec4 0, 0, 3;
    %cmp/e;
    %flag_get/vec4 4;
    %and;
T_19.20;
    %assign/vec4 v0x8bb207840_0, 0;
    %load/vec4 v0x8bb2099a0_0;
    %flag_set/vec4 8;
    %flag_get/vec4 8;
    %jmp/0 T_19.21, 8;
    %load/vec4 v0x8bb20b5c0_0;
    %parti/s 3, 12, 5;
    %pushi/vec4 1, 0, 3;
    %cmp/e;
    %flag_get/vec4 4;
    %and;
T_19.21;
    %assign/vec4 v0x8bb207b60_0, 0;
    %load/vec4 v0x8bb2099a0_0;
    %flag_set/vec4 8;
    %flag_get/vec4 8;
    %jmp/0 T_19.22, 8;
    %load/vec4 v0x8bb20b5c0_0;
    %parti/s 3, 12, 5;
    %pushi/vec4 4, 0, 3;
    %cmp/e;
    %flag_get/vec4 4;
    %and;
T_19.22;
    %assign/vec4 v0x8bb207a20_0, 0;
    %load/vec4 v0x8bb2099a0_0;
    %flag_set/vec4 8;
    %flag_get/vec4 8;
    %jmp/0 T_19.23, 8;
    %load/vec4 v0x8bb20b5c0_0;
    %parti/s 3, 12, 5;
    %pushi/vec4 5, 0, 3;
    %cmp/e;
    %flag_get/vec4 4;
    %and;
T_19.23;
    %assign/vec4 v0x8bb2078e0_0, 0;
    %load/vec4 v0x8bb2099a0_0;
    %flag_set/vec4 8;
    %flag_get/vec4 8;
    %jmp/0 T_19.24, 8;
    %load/vec4 v0x8bb20b5c0_0;
    %parti/s 3, 12, 5;
    %pushi/vec4 6, 0, 3;
    %cmp/e;
    %flag_get/vec4 4;
    %and;
T_19.24;
    %assign/vec4 v0x8bb207ac0_0, 0;
    %load/vec4 v0x8bb2099a0_0;
    %flag_set/vec4 8;
    %flag_get/vec4 8;
    %jmp/0 T_19.25, 8;
    %load/vec4 v0x8bb20b5c0_0;
    %parti/s 3, 12, 5;
    %pushi/vec4 7, 0, 3;
    %cmp/e;
    %flag_get/vec4 4;
    %and;
T_19.25;
    %assign/vec4 v0x8bb207980_0, 0;
    %load/vec4 v0x8bb209b80_0;
    %flag_set/vec4 8;
    %flag_get/vec4 8;
    %jmp/0 T_19.26, 8;
    %load/vec4 v0x8bb20b5c0_0;
    %parti/s 3, 12, 5;
    %pushi/vec4 0, 0, 3;
    %cmp/e;
    %flag_get/vec4 4;
    %and;
T_19.26;
    %assign/vec4 v0x8bb207f20_0, 0;
    %load/vec4 v0x8bb209b80_0;
    %flag_set/vec4 8;
    %flag_get/vec4 8;
    %jmp/0 T_19.27, 8;
    %load/vec4 v0x8bb20b5c0_0;
    %parti/s 3, 12, 5;
    %pushi/vec4 1, 0, 3;
    %cmp/e;
    %flag_get/vec4 4;
    %and;
T_19.27;
    %assign/vec4 v0x8bb2080a0_0, 0;
    %load/vec4 v0x8bb209b80_0;
    %flag_set/vec4 8;
    %flag_get/vec4 8;
    %jmp/0 T_19.28, 8;
    %load/vec4 v0x8bb20b5c0_0;
    %parti/s 3, 12, 5;
    %pushi/vec4 2, 0, 3;
    %cmp/e;
    %flag_get/vec4 4;
    %and;
T_19.28;
    %assign/vec4 v0x8bb208280_0, 0;
    %load/vec4 v0x8bb209b80_0;
    %flag_set/vec4 8;
    %flag_get/vec4 8;
    %jmp/0 T_19.29, 8;
    %load/vec4 v0x8bb20b5c0_0;
    %parti/s 3, 12, 5;
    %pushi/vec4 4, 0, 3;
    %cmp/e;
    %flag_get/vec4 4;
    %and;
T_19.29;
    %assign/vec4 v0x8bb208000_0, 0;
    %load/vec4 v0x8bb209b80_0;
    %flag_set/vec4 8;
    %flag_get/vec4 8;
    %jmp/0 T_19.30, 8;
    %load/vec4 v0x8bb20b5c0_0;
    %parti/s 3, 12, 5;
    %pushi/vec4 5, 0, 3;
    %cmp/e;
    %flag_get/vec4 4;
    %and;
T_19.30;
    %assign/vec4 v0x8bb208140_0, 0;
    %load/vec4 v0x8bb209ea0_0;
    %flag_set/vec4 8;
    %flag_get/vec4 8;
    %jmp/0 T_19.31, 8;
    %load/vec4 v0x8bb20b5c0_0;
    %parti/s 3, 12, 5;
    %pushi/vec4 0, 0, 3;
    %cmp/e;
    %flag_get/vec4 4;
    %and;
T_19.31;
    %assign/vec4 v0x8bb208820_0, 0;
    %load/vec4 v0x8bb209ea0_0;
    %flag_set/vec4 8;
    %flag_get/vec4 8;
    %jmp/0 T_19.32, 8;
    %load/vec4 v0x8bb20b5c0_0;
    %parti/s 3, 12, 5;
    %pushi/vec4 1, 0, 3;
    %cmp/e;
    %flag_get/vec4 4;
    %and;
T_19.32;
    %assign/vec4 v0x8bb208960_0, 0;
    %load/vec4 v0x8bb209ea0_0;
    %flag_set/vec4 8;
    %flag_get/vec4 8;
    %jmp/0 T_19.33, 8;
    %load/vec4 v0x8bb20b5c0_0;
    %parti/s 3, 12, 5;
    %pushi/vec4 2, 0, 3;
    %cmp/e;
    %flag_get/vec4 4;
    %and;
T_19.33;
    %assign/vec4 v0x8bb2090e0_0, 0;
    %load/vec4 v0x8bb209860_0;
    %flag_set/vec4 8;
    %flag_get/vec4 8;
    %jmp/0 T_19.34, 8;
    %load/vec4 v0x8bb20b5c0_0;
    %parti/s 3, 12, 5;
    %pushi/vec4 0, 0, 3;
    %cmp/e;
    %flag_get/vec4 4;
    %and;
T_19.34;
    %assign/vec4 v0x8bb2075c0_0, 0;
    %load/vec4 v0x8bb209860_0;
    %flag_set/vec4 8;
    %flag_get/vec4 8;
    %jmp/0 T_19.35, 8;
    %load/vec4 v0x8bb20b5c0_0;
    %parti/s 3, 12, 5;
    %pushi/vec4 2, 0, 3;
    %cmp/e;
    %flag_get/vec4 4;
    %and;
T_19.35;
    %assign/vec4 v0x8bb208be0_0, 0;
    %load/vec4 v0x8bb209860_0;
    %flag_set/vec4 8;
    %flag_get/vec4 8;
    %jmp/0 T_19.36, 8;
    %load/vec4 v0x8bb20b5c0_0;
    %parti/s 3, 12, 5;
    %pushi/vec4 3, 0, 3;
    %cmp/e;
    %flag_get/vec4 4;
    %and;
T_19.36;
    %assign/vec4 v0x8bb208c80_0, 0;
    %load/vec4 v0x8bb209860_0;
    %flag_set/vec4 8;
    %flag_get/vec4 8;
    %jmp/0 T_19.37, 8;
    %load/vec4 v0x8bb20b5c0_0;
    %parti/s 3, 12, 5;
    %pushi/vec4 4, 0, 3;
    %cmp/e;
    %flag_get/vec4 4;
    %and;
T_19.37;
    %assign/vec4 v0x8bb209400_0, 0;
    %load/vec4 v0x8bb209860_0;
    %flag_set/vec4 8;
    %flag_get/vec4 8;
    %jmp/0 T_19.38, 8;
    %load/vec4 v0x8bb20b5c0_0;
    %parti/s 3, 12, 5;
    %pushi/vec4 6, 0, 3;
    %cmp/e;
    %flag_get/vec4 4;
    %and;
T_19.38;
    %assign/vec4 v0x8bb208460_0, 0;
    %load/vec4 v0x8bb209860_0;
    %flag_set/vec4 8;
    %flag_get/vec4 8;
    %jmp/0 T_19.39, 8;
    %load/vec4 v0x8bb20b5c0_0;
    %parti/s 3, 12, 5;
    %pushi/vec4 7, 0, 3;
    %cmp/e;
    %flag_get/vec4 4;
    %and;
T_19.39;
    %assign/vec4 v0x8bb207700_0, 0;
    %load/vec4 v0x8bb209860_0;
    %flag_set/vec4 9;
    %flag_get/vec4 9;
    %jmp/0 T_19.41, 9;
    %load/vec4 v0x8bb20b5c0_0;
    %parti/s 3, 12, 5;
    %pushi/vec4 1, 0, 3;
    %cmp/e;
    %flag_get/vec4 4;
    %and;
T_19.41;
    %flag_set/vec4 8;
    %flag_get/vec4 8;
    %jmp/0 T_19.40, 8;
    %load/vec4 v0x8bb20b5c0_0;
    %parti/s 7, 25, 6;
    %pushi/vec4 0, 0, 7;
    %cmp/e;
    %flag_get/vec4 4;
    %and;
T_19.40;
    %assign/vec4 v0x8bb208aa0_0, 0;
    %load/vec4 v0x8bb209860_0;
    %flag_set/vec4 9;
    %flag_get/vec4 9;
    %jmp/0 T_19.43, 9;
    %load/vec4 v0x8bb20b5c0_0;
    %parti/s 3, 12, 5;
    %pushi/vec4 5, 0, 3;
    %cmp/e;
    %flag_get/vec4 4;
    %and;
T_19.43;
    %flag_set/vec4 8;
    %flag_get/vec4 8;
    %jmp/0 T_19.42, 8;
    %load/vec4 v0x8bb20b5c0_0;
    %parti/s 7, 25, 6;
    %pushi/vec4 0, 0, 7;
    %cmp/e;
    %flag_get/vec4 4;
    %and;
T_19.42;
    %assign/vec4 v0x8bb208fa0_0, 0;
    %load/vec4 v0x8bb209860_0;
    %flag_set/vec4 9;
    %flag_get/vec4 9;
    %jmp/0 T_19.45, 9;
    %load/vec4 v0x8bb20b5c0_0;
    %parti/s 3, 12, 5;
    %pushi/vec4 5, 0, 3;
    %cmp/e;
    %flag_get/vec4 4;
    %and;
T_19.45;
    %flag_set/vec4 8;
    %flag_get/vec4 8;
    %jmp/0 T_19.44, 8;
    %load/vec4 v0x8bb20b5c0_0;
    %parti/s 7, 25, 6;
    %pushi/vec4 32, 0, 7;
    %cmp/e;
    %flag_get/vec4 4;
    %and;
T_19.44;
    %assign/vec4 v0x8bb208e60_0, 0;
    %load/vec4 v0x8bb209900_0;
    %flag_set/vec4 9;
    %flag_get/vec4 9;
    %jmp/0 T_19.47, 9;
    %load/vec4 v0x8bb20b5c0_0;
    %parti/s 3, 12, 5;
    %pushi/vec4 0, 0, 3;
    %cmp/e;
    %flag_get/vec4 4;
    %and;
T_19.47;
    %flag_set/vec4 8;
    %flag_get/vec4 8;
    %jmp/0 T_19.46, 8;
    %load/vec4 v0x8bb20b5c0_0;
    %parti/s 7, 25, 6;
    %pushi/vec4 0, 0, 7;
    %cmp/e;
    %flag_get/vec4 4;
    %and;
T_19.46;
    %assign/vec4 v0x8bb207520_0, 0;
    %load/vec4 v0x8bb209900_0;
    %flag_set/vec4 9;
    %flag_get/vec4 9;
    %jmp/0 T_19.49, 9;
    %load/vec4 v0x8bb20b5c0_0;
    %parti/s 3, 12, 5;
    %pushi/vec4 0, 0, 3;
    %cmp/e;
    %flag_get/vec4 4;
    %and;
T_19.49;
    %flag_set/vec4 8;
    %flag_get/vec4 8;
    %jmp/0 T_19.48, 8;
    %load/vec4 v0x8bb20b5c0_0;
    %parti/s 7, 25, 6;
    %pushi/vec4 32, 0, 7;
    %cmp/e;
    %flag_get/vec4 4;
    %and;
T_19.48;
    %assign/vec4 v0x8bb209040_0, 0;
    %load/vec4 v0x8bb209900_0;
    %flag_set/vec4 9;
    %flag_get/vec4 9;
    %jmp/0 T_19.51, 9;
    %load/vec4 v0x8bb20b5c0_0;
    %parti/s 3, 12, 5;
    %pushi/vec4 1, 0, 3;
    %cmp/e;
    %flag_get/vec4 4;
    %and;
T_19.51;
    %flag_set/vec4 8;
    %flag_get/vec4 8;
    %jmp/0 T_19.50, 8;
    %load/vec4 v0x8bb20b5c0_0;
    %parti/s 7, 25, 6;
    %pushi/vec4 0, 0, 7;
    %cmp/e;
    %flag_get/vec4 4;
    %and;
T_19.50;
    %assign/vec4 v0x8bb208a00_0, 0;
    %load/vec4 v0x8bb209900_0;
    %flag_set/vec4 9;
    %flag_get/vec4 9;
    %jmp/0 T_19.53, 9;
    %load/vec4 v0x8bb20b5c0_0;
    %parti/s 3, 12, 5;
    %pushi/vec4 2, 0, 3;
    %cmp/e;
    %flag_get/vec4 4;
    %and;
T_19.53;
    %flag_set/vec4 8;
    %flag_get/vec4 8;
    %jmp/0 T_19.52, 8;
    %load/vec4 v0x8bb20b5c0_0;
    %parti/s 7, 25, 6;
    %pushi/vec4 0, 0, 7;
    %cmp/e;
    %flag_get/vec4 4;
    %and;
T_19.52;
    %assign/vec4 v0x8bb208b40_0, 0;
    %load/vec4 v0x8bb209900_0;
    %flag_set/vec4 9;
    %flag_get/vec4 9;
    %jmp/0 T_19.55, 9;
    %load/vec4 v0x8bb20b5c0_0;
    %parti/s 3, 12, 5;
    %pushi/vec4 3, 0, 3;
    %cmp/e;
    %flag_get/vec4 4;
    %and;
T_19.55;
    %flag_set/vec4 8;
    %flag_get/vec4 8;
    %jmp/0 T_19.54, 8;
    %load/vec4 v0x8bb20b5c0_0;
    %parti/s 7, 25, 6;
    %pushi/vec4 0, 0, 7;
    %cmp/e;
    %flag_get/vec4 4;
    %and;
T_19.54;
    %assign/vec4 v0x8bb208d20_0, 0;
    %load/vec4 v0x8bb209900_0;
    %flag_set/vec4 9;
    %flag_get/vec4 9;
    %jmp/0 T_19.57, 9;
    %load/vec4 v0x8bb20b5c0_0;
    %parti/s 3, 12, 5;
    %pushi/vec4 4, 0, 3;
    %cmp/e;
    %flag_get/vec4 4;
    %and;
T_19.57;
    %flag_set/vec4 8;
    %flag_get/vec4 8;
    %jmp/0 T_19.56, 8;
    %load/vec4 v0x8bb20b5c0_0;
    %parti/s 7, 25, 6;
    %pushi/vec4 0, 0, 7;
    %cmp/e;
    %flag_get/vec4 4;
    %and;
T_19.56;
    %assign/vec4 v0x8bb209360_0, 0;
    %load/vec4 v0x8bb209900_0;
    %flag_set/vec4 9;
    %flag_get/vec4 9;
    %jmp/0 T_19.59, 9;
    %load/vec4 v0x8bb20b5c0_0;
    %parti/s 3, 12, 5;
    %pushi/vec4 5, 0, 3;
    %cmp/e;
    %flag_get/vec4 4;
    %and;
T_19.59;
    %flag_set/vec4 8;
    %flag_get/vec4 8;
    %jmp/0 T_19.58, 8;
    %load/vec4 v0x8bb20b5c0_0;
    %parti/s 7, 25, 6;
    %pushi/vec4 0, 0, 7;
    %cmp/e;
    %flag_get/vec4 4;
    %and;
T_19.58;
    %assign/vec4 v0x8bb208f00_0, 0;
    %load/vec4 v0x8bb209900_0;
    %flag_set/vec4 9;
    %flag_get/vec4 9;
    %jmp/0 T_19.61, 9;
    %load/vec4 v0x8bb20b5c0_0;
    %parti/s 3, 12, 5;
    %pushi/vec4 5, 0, 3;
    %cmp/e;
    %flag_get/vec4 4;
    %and;
T_19.61;
    %flag_set/vec4 8;
    %flag_get/vec4 8;
    %jmp/0 T_19.60, 8;
    %load/vec4 v0x8bb20b5c0_0;
    %parti/s 7, 25, 6;
    %pushi/vec4 32, 0, 7;
    %cmp/e;
    %flag_get/vec4 4;
    %and;
T_19.60;
    %assign/vec4 v0x8bb208dc0_0, 0;
    %load/vec4 v0x8bb209900_0;
    %flag_set/vec4 9;
    %flag_get/vec4 9;
    %jmp/0 T_19.63, 9;
    %load/vec4 v0x8bb20b5c0_0;
    %parti/s 3, 12, 5;
    %pushi/vec4 6, 0, 3;
    %cmp/e;
    %flag_get/vec4 4;
    %and;
T_19.63;
    %flag_set/vec4 8;
    %flag_get/vec4 8;
    %jmp/0 T_19.62, 8;
    %load/vec4 v0x8bb20b5c0_0;
    %parti/s 7, 25, 6;
    %pushi/vec4 0, 0, 7;
    %cmp/e;
    %flag_get/vec4 4;
    %and;
T_19.62;
    %assign/vec4 v0x8bb2083c0_0, 0;
    %load/vec4 v0x8bb209900_0;
    %flag_set/vec4 9;
    %flag_get/vec4 9;
    %jmp/0 T_19.65, 9;
    %load/vec4 v0x8bb20b5c0_0;
    %parti/s 3, 12, 5;
    %pushi/vec4 7, 0, 3;
    %cmp/e;
    %flag_get/vec4 4;
    %and;
T_19.65;
    %flag_set/vec4 8;
    %flag_get/vec4 8;
    %jmp/0 T_19.64, 8;
    %load/vec4 v0x8bb20b5c0_0;
    %parti/s 7, 25, 6;
    %pushi/vec4 0, 0, 7;
    %cmp/e;
    %flag_get/vec4 4;
    %and;
T_19.64;
    %assign/vec4 v0x8bb207660_0, 0;
    %load/vec4 v0x8bb20b5c0_0;
    %parti/s 7, 0, 2;
    %cmpi/e 115, 0, 7;
    %flag_get/vec4 4;
    %jmp/0 T_19.68, 4;
    %load/vec4 v0x8bb20b5c0_0;
    %parti/s 20, 12, 5;
    %pad/u 32;
    %pushi/vec4 786434, 0, 32;
    %cmp/e;
    %flag_get/vec4 4;
    %and;
T_19.68;
    %flag_set/vec4 8;
    %jmp/1 T_19.67, 8;
    %load/vec4 v0x8bb20b5c0_0;
    %parti/s 7, 0, 2;
    %cmpi/e 115, 0, 7;
    %flag_get/vec4 4;
    %jmp/0 T_19.69, 4;
    %load/vec4 v0x8bb20b5c0_0;
    %parti/s 20, 12, 5;
    %pad/u 32;
    %pushi/vec4 786690, 0, 32;
    %cmp/e;
    %flag_get/vec4 4;
    %and;
T_19.69;
    %flag_set/vec4 9;
    %flag_or 8, 9;
T_19.67;
    %flag_get/vec4 8;
    %jmp/0 T_19.66, 8;
    %pushi/vec4 1, 0, 1;
    %and;
T_19.66;
    %assign/vec4 v0x8bb208500_0, 0;
    %load/vec4 v0x8bb20b5c0_0;
    %parti/s 7, 0, 2;
    %cmpi/e 115, 0, 7;
    %flag_get/vec4 4;
    %jmp/0 T_19.73, 4;
    %load/vec4 v0x8bb20b5c0_0;
    %parti/s 20, 12, 5;
    %pad/u 32;
    %pushi/vec4 819202, 0, 32;
    %cmp/e;
    %flag_get/vec4 4;
    %and;
T_19.73;
    %flag_set/vec4 9;
    %jmp/1 T_19.72, 9;
    %load/vec4 v0x8bb20b5c0_0;
    %parti/s 7, 0, 2;
    %cmpi/e 115, 0, 7;
    %flag_get/vec4 4;
    %jmp/0 T_19.74, 4;
    %load/vec4 v0x8bb20b5c0_0;
    %parti/s 20, 12, 5;
    %pad/u 32;
    %pushi/vec4 819458, 0, 32;
    %cmp/e;
    %flag_get/vec4 4;
    %and;
T_19.74;
    %flag_set/vec4 10;
    %flag_or 9, 10;
T_19.72;
    %flag_get/vec4 9;
    %jmp/0 T_19.71, 9;
    %pushi/vec4 1, 0, 1;
    %and;
T_19.71;
    %flag_set/vec4 8;
    %flag_get/vec4 8;
    %jmp/0 T_19.70, 8;
    %pushi/vec4 1, 0, 1;
    %and;
T_19.70;
    %assign/vec4 v0x8bb2085a0_0, 0;
    %load/vec4 v0x8bb20b5c0_0;
    %parti/s 7, 0, 2;
    %cmpi/e 115, 0, 7;
    %flag_get/vec4 4;
    %jmp/0 T_19.76, 4;
    %load/vec4 v0x8bb20b5c0_0;
    %parti/s 20, 12, 5;
    %pad/u 32;
    %pushi/vec4 786946, 0, 32;
    %cmp/e;
    %flag_get/vec4 4;
    %and;
T_19.76;
    %flag_set/vec4 8;
    %flag_get/vec4 8;
    %jmp/0 T_19.75, 8;
    %pushi/vec4 1, 0, 1;
    %and;
T_19.75;
    %assign/vec4 v0x8bb208640_0, 0;
    %load/vec4 v0x8bb20b5c0_0;
    %parti/s 7, 0, 2;
    %cmpi/e 115, 0, 7;
    %flag_get/vec4 4;
    %jmp/0 T_19.79, 4;
    %load/vec4 v0x8bb20b5c0_0;
    %parti/s 20, 12, 5;
    %pad/u 32;
    %pushi/vec4 819714, 0, 32;
    %cmp/e;
    %flag_get/vec4 4;
    %and;
T_19.79;
    %flag_set/vec4 9;
    %flag_get/vec4 9;
    %jmp/0 T_19.78, 9;
    %pushi/vec4 1, 0, 1;
    %and;
T_19.78;
    %flag_set/vec4 8;
    %flag_get/vec4 8;
    %jmp/0 T_19.77, 8;
    %pushi/vec4 1, 0, 1;
    %and;
T_19.77;
    %assign/vec4 v0x8bb2086e0_0, 0;
    %load/vec4 v0x8bb20b5c0_0;
    %parti/s 7, 0, 2;
    %cmpi/e 115, 0, 7;
    %flag_get/vec4 4;
    %jmp/0 T_19.82, 4;
    %load/vec4 v0x8bb20b5c0_0;
    %parti/s 11, 21, 6;
    %nor/r;
    %and;
T_19.82;
    %flag_set/vec4 9;
    %flag_get/vec4 9;
    %jmp/0 T_19.81, 9;
    %load/vec4 v0x8bb20b5c0_0;
    %parti/s 13, 7, 4;
    %nor/r;
    %and;
T_19.81;
    %flag_set/vec4 8;
    %flag_get/vec4 8;
    %jmp/1 T_19.80, 8;
    %pushi/vec4 0, 0, 1;
    %or;
T_19.80;
    %assign/vec4 v0x8bb207c00_0, 0;
    %load/vec4 v0x8bb20b5c0_0;
    %parti/s 7, 0, 2;
    %cmpi/e 15, 0, 7;
    %flag_get/vec4 4;
    %jmp/0 T_19.83, 4;
    %load/vec4 v0x8bb20b5c0_0;
    %parti/s 3, 12, 5;
    %nor/r;
    %and;
T_19.83;
    %assign/vec4 v0x8bb207ca0_0, 0;
    %load/vec4 v0x8bb20b5c0_0;
    %parti/s 7, 0, 2;
    %cmpi/e 11, 0, 7;
    %flag_get/vec4 4;
    %jmp/0 T_19.86, 4;
    %load/vec4 v0x8bb20b5c0_0;
    %parti/s 7, 25, 6;
    %pushi/vec4 0, 0, 7;
    %cmp/e;
    %flag_get/vec4 4;
    %and;
T_19.86;
    %flag_set/vec4 9;
    %flag_get/vec4 9;
    %jmp/0 T_19.85, 9;
    %pushi/vec4 0, 0, 1;
    %and;
T_19.85;
    %flag_set/vec4 8;
    %flag_get/vec4 8;
    %jmp/0 T_19.84, 8;
    %pushi/vec4 1, 0, 1;
    %and;
T_19.84;
    %assign/vec4 v0x8bb207d40_0, 0;
    %load/vec4 v0x8bb20b5c0_0;
    %parti/s 7, 0, 2;
    %cmpi/e 11, 0, 7;
    %flag_get/vec4 4;
    %jmp/0 T_19.89, 4;
    %load/vec4 v0x8bb20b5c0_0;
    %parti/s 7, 25, 6;
    %pushi/vec4 1, 0, 7;
    %cmp/e;
    %flag_get/vec4 4;
    %and;
T_19.89;
    %flag_set/vec4 9;
    %flag_get/vec4 9;
    %jmp/0 T_19.88, 9;
    %pushi/vec4 0, 0, 1;
    %and;
T_19.88;
    %flag_set/vec4 8;
    %flag_get/vec4 8;
    %jmp/0 T_19.87, 8;
    %pushi/vec4 1, 0, 1;
    %and;
T_19.87;
    %assign/vec4 v0x8bb2088c0_0, 0;
    %load/vec4 v0x8bb20b5c0_0;
    %parti/s 7, 0, 2;
    %cmpi/e 11, 0, 7;
    %flag_get/vec4 4;
    %jmp/0 T_19.91, 4;
    %load/vec4 v0x8bb20b5c0_0;
    %parti/s 7, 25, 6;
    %pushi/vec4 3, 0, 7;
    %cmp/e;
    %flag_get/vec4 4;
    %and;
T_19.91;
    %flag_set/vec4 8;
    %flag_get/vec4 8;
    %jmp/0 T_19.90, 8;
    %pushi/vec4 0, 0, 1;
    %and;
T_19.90;
    %assign/vec4 v0x8bb208320_0, 0;
    %load/vec4 v0x8bb20b5c0_0;
    %parti/s 7, 0, 2;
    %cmpi/e 11, 0, 7;
    %flag_get/vec4 4;
    %jmp/0 T_19.94, 4;
    %load/vec4 v0x8bb20b5c0_0;
    %parti/s 7, 25, 6;
    %pushi/vec4 5, 0, 7;
    %cmp/e;
    %flag_get/vec4 4;
    %and;
T_19.94;
    %flag_set/vec4 9;
    %flag_get/vec4 9;
    %jmp/0 T_19.93, 9;
    %pushi/vec4 0, 0, 1;
    %and;
T_19.93;
    %flag_set/vec4 8;
    %flag_get/vec4 8;
    %jmp/0 T_19.92, 8;
    %pushi/vec4 1, 0, 1;
    %and;
T_19.92;
    %assign/vec4 v0x8bb209180_0, 0;
    %load/vec4 v0x8bb209860_0;
    %flag_set/vec4 8;
    %flag_get/vec4 8;
    %jmp/0 T_19.95, 8;
    %load/vec4 v0x8bb20b5c0_0;
    %parti/s 3, 12, 5;
    %cmpi/e 1, 0, 3;
    %flag_get/vec4 4;
    %jmp/0 T_19.96, 4;
    %load/vec4 v0x8bb20b5c0_0;
    %parti/s 7, 25, 6;
    %pushi/vec4 0, 0, 7;
    %cmp/e;
    %flag_get/vec4 4;
    %and;
T_19.96;
    %load/vec4 v0x8bb20b5c0_0;
    %parti/s 3, 12, 5;
    %cmpi/e 5, 0, 3;
    %flag_get/vec4 4;
    %jmp/0 T_19.97, 4;
    %load/vec4 v0x8bb20b5c0_0;
    %parti/s 7, 25, 6;
    %pushi/vec4 0, 0, 7;
    %cmp/e;
    %flag_get/vec4 4;
    %and;
T_19.97;
    %concat/vec4; draw_concat_vec4
    %load/vec4 v0x8bb20b5c0_0;
    %parti/s 3, 12, 5;
    %cmpi/e 5, 0, 3;
    %flag_get/vec4 4;
    %jmp/0 T_19.98, 4;
    %load/vec4 v0x8bb20b5c0_0;
    %parti/s 7, 25, 6;
    %pushi/vec4 32, 0, 7;
    %cmp/e;
    %flag_get/vec4 4;
    %and;
T_19.98;
    %concat/vec4; draw_concat_vec4
    %or/r;
    %and;
T_19.95;
    %assign/vec4 v0x8bb209fe0_0, 0;
    %load/vec4 v0x8bb207e80_0;
    %flag_set/vec4 8;
    %flag_get/vec4 8;
    %jmp/1 T_19.99, 8;
    %load/vec4 v0x8bb209860_0;
    %flag_set/vec4 8;
    %flag_get/vec4 8;
    %jmp/0 T_19.100, 8;
    %load/vec4 v0x8bb20b5c0_0;
    %parti/s 3, 12, 5;
    %pushi/vec4 0, 0, 3;
    %cmp/e;
    %flag_get/vec4 4;
    %load/vec4 v0x8bb20b5c0_0;
    %parti/s 3, 12, 5;
    %pushi/vec4 2, 0, 3;
    %cmp/e;
    %flag_get/vec4 4;
    %concat/vec4; draw_concat_vec4
    %load/vec4 v0x8bb20b5c0_0;
    %parti/s 3, 12, 5;
    %pushi/vec4 3, 0, 3;
    %cmp/e;
    %flag_get/vec4 4;
    %concat/vec4; draw_concat_vec4
    %load/vec4 v0x8bb20b5c0_0;
    %parti/s 3, 12, 5;
    %pushi/vec4 4, 0, 3;
    %cmp/e;
    %flag_get/vec4 4;
    %concat/vec4; draw_concat_vec4
    %load/vec4 v0x8bb20b5c0_0;
    %parti/s 3, 12, 5;
    %pushi/vec4 6, 0, 3;
    %cmp/e;
    %flag_get/vec4 4;
    %concat/vec4; draw_concat_vec4
    %load/vec4 v0x8bb20b5c0_0;
    %parti/s 3, 12, 5;
    %pushi/vec4 7, 0, 3;
    %cmp/e;
    %flag_get/vec4 4;
    %concat/vec4; draw_concat_vec4
    %or/r;
    %and;
T_19.100;
    %or;
T_19.99;
    %assign/vec4 v0x8bb209ae0_0, 0;
    %load/vec4 v0x8bb209900_0;
    %flag_set/vec4 8;
    %flag_get/vec4 8;
    %jmp/0 T_19.101, 8;
    %load/vec4 v0x8bb20b5c0_0;
    %parti/s 3, 12, 5;
    %cmpi/e 1, 0, 3;
    %flag_get/vec4 4;
    %jmp/0 T_19.102, 4;
    %load/vec4 v0x8bb20b5c0_0;
    %parti/s 7, 25, 6;
    %pushi/vec4 0, 0, 7;
    %cmp/e;
    %flag_get/vec4 4;
    %and;
T_19.102;
    %load/vec4 v0x8bb20b5c0_0;
    %parti/s 3, 12, 5;
    %cmpi/e 5, 0, 3;
    %flag_get/vec4 4;
    %jmp/0 T_19.103, 4;
    %load/vec4 v0x8bb20b5c0_0;
    %parti/s 7, 25, 6;
    %pushi/vec4 0, 0, 7;
    %cmp/e;
    %flag_get/vec4 4;
    %and;
T_19.103;
    %concat/vec4; draw_concat_vec4
    %load/vec4 v0x8bb20b5c0_0;
    %parti/s 3, 12, 5;
    %cmpi/e 5, 0, 3;
    %flag_get/vec4 4;
    %jmp/0 T_19.104, 4;
    %load/vec4 v0x8bb20b5c0_0;
    %parti/s 7, 25, 6;
    %pushi/vec4 32, 0, 7;
    %cmp/e;
    %flag_get/vec4 4;
    %and;
T_19.104;
    %concat/vec4; draw_concat_vec4
    %or/r;
    %and;
T_19.101;
    %assign/vec4 v0x8bb209f40_0, 0;
    %pushi/vec4 0, 0, 1;
    %assign/vec4 v0x8bb209d60_0, 0;
    %pushi/vec4 0, 0, 1;
    %assign/vec4 v0x8bb209a40_0, 0;
    %pushi/vec4 1, 0, 1;
    %dup/vec4;
    %load/vec4 v0x8bb207de0_0;
    %cmp/u;
    %jmp/1 T_19.105, 6;
    %dup/vec4;
    %load/vec4 v0x8bb2081e0_0;
    %load/vec4 v0x8bb2077a0_0;
    %concat/vec4; draw_concat_vec4
    %or/r;
    %cmp/u;
    %jmp/1 T_19.106, 6;
    %dup/vec4;
    %load/vec4 v0x8bb207e80_0;
    %load/vec4 v0x8bb209b80_0;
    %concat/vec4; draw_concat_vec4
    %load/vec4 v0x8bb209860_0;
    %concat/vec4; draw_concat_vec4
    %or/r;
    %cmp/u;
    %jmp/1 T_19.107, 6;
    %dup/vec4;
    %load/vec4 v0x8bb2099a0_0;
    %cmp/u;
    %jmp/1 T_19.108, 6;
    %dup/vec4;
    %load/vec4 v0x8bb209ea0_0;
    %cmp/u;
    %jmp/1 T_19.109, 6;
    %pushi/vec4 1, 1, 32;
    %assign/vec4 v0x8bb206da0_0, 0;
    %jmp T_19.111;
T_19.105 ;
    %load/vec4 v0x8bb206e40_0;
    %assign/vec4 v0x8bb206da0_0, 0;
    %jmp T_19.111;
T_19.106 ;
    %load/vec4 v0x8bb20b5c0_0;
    %parti/s 20, 12, 5;
    %pad/u 32;
    %ix/load 4, 12, 0;
    %flag_set/imm 4, 0;
    %shiftl 4;
    %assign/vec4 v0x8bb206da0_0, 0;
    %jmp T_19.111;
T_19.107 ;
    %load/vec4 v0x8bb20b5c0_0;
    %parti/s 12, 20, 6;
    %pad/s 32;
    %assign/vec4 v0x8bb206da0_0, 0;
    %jmp T_19.111;
T_19.108 ;
    %load/vec4 v0x8bb20b5c0_0;
    %parti/s 1, 31, 6;
    %load/vec4 v0x8bb20b5c0_0;
    %parti/s 1, 7, 4;
    %concat/vec4; draw_concat_vec4
    %load/vec4 v0x8bb20b5c0_0;
    %parti/s 6, 25, 6;
    %concat/vec4; draw_concat_vec4
    %load/vec4 v0x8bb20b5c0_0;
    %parti/s 4, 8, 5;
    %concat/vec4; draw_concat_vec4
    %concati/vec4 0, 0, 1;
    %pad/s 32;
    %assign/vec4 v0x8bb206da0_0, 0;
    %jmp T_19.111;
T_19.109 ;
    %load/vec4 v0x8bb20b5c0_0;
    %parti/s 7, 25, 6;
    %load/vec4 v0x8bb20b5c0_0;
    %parti/s 5, 7, 4;
    %concat/vec4; draw_concat_vec4
    %pad/s 32;
    %assign/vec4 v0x8bb206da0_0, 0;
    %jmp T_19.111;
T_19.111 ;
    %pop/vec4 1;
T_19.17 ;
    %load/vec4 v0x8bb20d360_0;
    %nor/r;
    %flag_set/vec4 8;
    %jmp/0xz  T_19.112, 8;
    %pushi/vec4 0, 0, 1;
    %assign/vec4 v0x8bb2099a0_0, 0;
    %pushi/vec4 0, 0, 1;
    %assign/vec4 v0x8bb209a40_0, 0;
    %pushi/vec4 0, 0, 1;
    %assign/vec4 v0x8bb207840_0, 0;
    %pushi/vec4 0, 0, 1;
    %assign/vec4 v0x8bb207b60_0, 0;
    %pushi/vec4 0, 0, 1;
    %assign/vec4 v0x8bb207a20_0, 0;
    %pushi/vec4 0, 0, 1;
    %assign/vec4 v0x8bb2078e0_0, 0;
    %pushi/vec4 0, 0, 1;
    %assign/vec4 v0x8bb207ac0_0, 0;
    %pushi/vec4 0, 0, 1;
    %assign/vec4 v0x8bb207980_0, 0;
    %pushi/vec4 0, 0, 1;
    %assign/vec4 v0x8bb2075c0_0, 0;
    %pushi/vec4 0, 0, 1;
    %assign/vec4 v0x8bb208be0_0, 0;
    %pushi/vec4 0, 0, 1;
    %assign/vec4 v0x8bb208c80_0, 0;
    %pushi/vec4 0, 0, 1;
    %assign/vec4 v0x8bb209400_0, 0;
    %pushi/vec4 0, 0, 1;
    %assign/vec4 v0x8bb208460_0, 0;
    %pushi/vec4 0, 0, 1;
    %assign/vec4 v0x8bb207700_0, 0;
    %pushi/vec4 0, 0, 1;
    %assign/vec4 v0x8bb207520_0, 0;
    %pushi/vec4 0, 0, 1;
    %assign/vec4 v0x8bb209040_0, 0;
    %pushi/vec4 0, 0, 1;
    %assign/vec4 v0x8bb208a00_0, 0;
    %pushi/vec4 0, 0, 1;
    %assign/vec4 v0x8bb208b40_0, 0;
    %pushi/vec4 0, 0, 1;
    %assign/vec4 v0x8bb208d20_0, 0;
    %pushi/vec4 0, 0, 1;
    %assign/vec4 v0x8bb209360_0, 0;
    %pushi/vec4 0, 0, 1;
    %assign/vec4 v0x8bb208f00_0, 0;
    %pushi/vec4 0, 0, 1;
    %assign/vec4 v0x8bb208dc0_0, 0;
    %pushi/vec4 0, 0, 1;
    %assign/vec4 v0x8bb2083c0_0, 0;
    %pushi/vec4 0, 0, 1;
    %assign/vec4 v0x8bb207660_0, 0;
    %pushi/vec4 0, 0, 1;
    %assign/vec4 v0x8bb207ca0_0, 0;
T_19.112 ;
    %jmp T_19;
    .thread T_19;
    .scope S_0x102b3ac70;
T_20 ;
    %wait E_0x8bb1e4540;
    %pushi/vec4 0, 0, 32; draw_string_vec4
    %pushi/vec4 0, 0, 32; draw_string_vec4
    %concat/vec4; draw_string_vec4
    %pushi/vec4 0, 0, 32; draw_string_vec4
    %concat/vec4; draw_string_vec4
    %pushi/vec4 0, 0, 32; draw_string_vec4
    %concat/vec4; draw_string_vec4
    %store/vec4 v0x8bb206120_0, 0, 128;
    %load/vec4 v0x8bb205c20_0;
    %cmpi/e 128, 0, 8;
    %jmp/0xz  T_20.0, 4;
    %pushi/vec4 0, 0, 32; draw_string_vec4
    %pushi/vec4 0, 0, 32; draw_string_vec4
    %concat/vec4; draw_string_vec4
    %pushi/vec4 0, 0, 32; draw_string_vec4
    %concat/vec4; draw_string_vec4
    %pushi/vec4 1953653104, 0, 32; draw_string_vec4
    %concat/vec4; draw_string_vec4
    %store/vec4 v0x8bb206120_0, 0, 128;
T_20.0 ;
    %load/vec4 v0x8bb205c20_0;
    %cmpi/e 64, 0, 8;
    %jmp/0xz  T_20.2, 4;
    %pushi/vec4 0, 0, 32; draw_string_vec4
    %pushi/vec4 0, 0, 32; draw_string_vec4
    %concat/vec4; draw_string_vec4
    %pushi/vec4 102, 0, 32; draw_string_vec4
    %concat/vec4; draw_string_vec4
    %pushi/vec4 1702126440, 0, 32; draw_string_vec4
    %concat/vec4; draw_string_vec4
    %store/vec4 v0x8bb206120_0, 0, 128;
T_20.2 ;
    %load/vec4 v0x8bb205c20_0;
    %cmpi/e 32, 0, 8;
    %jmp/0xz  T_20.4, 4;
    %pushi/vec4 0, 0, 32; draw_string_vec4
    %pushi/vec4 0, 0, 32; draw_string_vec4
    %concat/vec4; draw_string_vec4
    %pushi/vec4 27748, 0, 32; draw_string_vec4
    %concat/vec4; draw_string_vec4
    %pushi/vec4 1601336113, 0, 32; draw_string_vec4
    %concat/vec4; draw_string_vec4
    %store/vec4 v0x8bb206120_0, 0, 128;
T_20.4 ;
    %load/vec4 v0x8bb205c20_0;
    %cmpi/e 16, 0, 8;
    %jmp/0xz  T_20.6, 4;
    %pushi/vec4 0, 0, 32; draw_string_vec4
    %pushi/vec4 0, 0, 32; draw_string_vec4
    %concat/vec4; draw_string_vec4
    %pushi/vec4 27748, 0, 32; draw_string_vec4
    %concat/vec4; draw_string_vec4
    %pushi/vec4 1601336114, 0, 32; draw_string_vec4
    %concat/vec4; draw_string_vec4
    %store/vec4 v0x8bb206120_0, 0, 128;
T_20.6 ;
    %load/vec4 v0x8bb205c20_0;
    %cmpi/e 8, 0, 8;
    %jmp/0xz  T_20.8, 4;
    %pushi/vec4 0, 0, 32; draw_string_vec4
    %pushi/vec4 0, 0, 32; draw_string_vec4
    %concat/vec4; draw_string_vec4
    %pushi/vec4 0, 0, 32; draw_string_vec4
    %concat/vec4; draw_string_vec4
    %pushi/vec4 1702389091, 0, 32; draw_string_vec4
    %concat/vec4; draw_string_vec4
    %store/vec4 v0x8bb206120_0, 0, 128;
T_20.8 ;
    %load/vec4 v0x8bb205c20_0;
    %cmpi/e 4, 0, 8;
    %jmp/0xz  T_20.10, 4;
    %pushi/vec4 0, 0, 32; draw_string_vec4
    %pushi/vec4 0, 0, 32; draw_string_vec4
    %concat/vec4; draw_string_vec4
    %pushi/vec4 115, 0, 32; draw_string_vec4
    %concat/vec4; draw_string_vec4
    %pushi/vec4 1751737972, 0, 32; draw_string_vec4
    %concat/vec4; draw_string_vec4
    %store/vec4 v0x8bb206120_0, 0, 128;
T_20.10 ;
    %load/vec4 v0x8bb205c20_0;
    %cmpi/e 2, 0, 8;
    %jmp/0xz  T_20.12, 4;
    %pushi/vec4 0, 0, 32; draw_string_vec4
    %pushi/vec4 0, 0, 32; draw_string_vec4
    %concat/vec4; draw_string_vec4
    %pushi/vec4 115, 0, 32; draw_string_vec4
    %concat/vec4; draw_string_vec4
    %pushi/vec4 1953326445, 0, 32; draw_string_vec4
    %concat/vec4; draw_string_vec4
    %store/vec4 v0x8bb206120_0, 0, 128;
T_20.12 ;
    %load/vec4 v0x8bb205c20_0;
    %cmpi/e 1, 0, 8;
    %jmp/0xz  T_20.14, 4;
    %pushi/vec4 0, 0, 32; draw_string_vec4
    %pushi/vec4 0, 0, 32; draw_string_vec4
    %concat/vec4; draw_string_vec4
    %pushi/vec4 108, 0, 32; draw_string_vec4
    %concat/vec4; draw_string_vec4
    %pushi/vec4 1684890989, 0, 32; draw_string_vec4
    %concat/vec4; draw_string_vec4
    %store/vec4 v0x8bb206120_0, 0, 128;
T_20.14 ;
    %jmp T_20;
    .thread T_20, $push;
    .scope S_0x102b3ac70;
T_21 ;
    %wait E_0x8bb1e4500;
    %pushi/vec4 1, 1, 1;
    %store/vec4 v0x8bb205040_0, 0, 1;
    %pushi/vec4 1, 0, 1;
    %dup/vec4;
    %load/vec4 v0x8bb207840_0;
    %cmp/u;
    %jmp/1 T_21.0, 6;
    %dup/vec4;
    %load/vec4 v0x8bb207b60_0;
    %cmp/u;
    %jmp/1 T_21.1, 6;
    %dup/vec4;
    %load/vec4 v0x8bb2078e0_0;
    %cmp/u;
    %jmp/1 T_21.2, 6;
    %dup/vec4;
    %load/vec4 v0x8bb207980_0;
    %cmp/u;
    %jmp/1 T_21.3, 6;
    %dup/vec4;
    %load/vec4 v0x8bb20a080_0;
    %flag_set/vec4 8;
    %flag_get/vec4 8;
    %jmp/0 T_21.7, 8;
    %pushi/vec4 1, 0, 1;
    %and;
T_21.7;
    %cmp/u;
    %jmp/1 T_21.4, 6;
    %dup/vec4;
    %load/vec4 v0x8bb20a120_0;
    %flag_set/vec4 8;
    %flag_get/vec4 8;
    %jmp/0 T_21.8, 8;
    %pushi/vec4 1, 0, 1;
    %and;
T_21.8;
    %cmp/u;
    %jmp/1 T_21.5, 6;
    %jmp T_21.6;
T_21.0 ;
    %load/vec4 v0x8bb204dc0_0;
    %store/vec4 v0x8bb205040_0, 0, 1;
    %jmp T_21.6;
T_21.1 ;
    %load/vec4 v0x8bb204dc0_0;
    %nor/r;
    %store/vec4 v0x8bb205040_0, 0, 1;
    %jmp T_21.6;
T_21.2 ;
    %load/vec4 v0x8bb204e60_0;
    %nor/r;
    %store/vec4 v0x8bb205040_0, 0, 1;
    %jmp T_21.6;
T_21.3 ;
    %load/vec4 v0x8bb204f00_0;
    %nor/r;
    %store/vec4 v0x8bb205040_0, 0, 1;
    %jmp T_21.6;
T_21.4 ;
    %load/vec4 v0x8bb204e60_0;
    %store/vec4 v0x8bb205040_0, 0, 1;
    %jmp T_21.6;
T_21.5 ;
    %load/vec4 v0x8bb204f00_0;
    %store/vec4 v0x8bb205040_0, 0, 1;
    %jmp T_21.6;
T_21.6 ;
    %pop/vec4 1;
    %pushi/vec4 4294967295, 4294967295, 32;
    %store/vec4 v0x8bb204fa0_0, 0, 32;
    %pushi/vec4 1, 0, 1;
    %dup/vec4;
    %load/vec4 v0x8bb209d60_0;
    %cmp/u;
    %jmp/1 T_21.9, 6;
    %dup/vec4;
    %load/vec4 v0x8bb209a40_0;
    %cmp/u;
    %jmp/1 T_21.10, 6;
    %dup/vec4;
    %load/vec4 v0x8bb209400_0;
    %flag_set/vec4 8;
    %flag_get/vec4 8;
    %jmp/1 T_21.17, 8;
    %load/vec4 v0x8bb209360_0;
    %or;
T_21.17;
    %cmp/u;
    %jmp/1 T_21.11, 6;
    %dup/vec4;
    %load/vec4 v0x8bb208460_0;
    %flag_set/vec4 8;
    %flag_get/vec4 8;
    %jmp/1 T_21.18, 8;
    %load/vec4 v0x8bb2083c0_0;
    %or;
T_21.18;
    %cmp/u;
    %jmp/1 T_21.12, 6;
    %dup/vec4;
    %load/vec4 v0x8bb207700_0;
    %flag_set/vec4 8;
    %flag_get/vec4 8;
    %jmp/1 T_21.19, 8;
    %load/vec4 v0x8bb207660_0;
    %or;
T_21.19;
    %cmp/u;
    %jmp/1 T_21.13, 6;
    %dup/vec4;
    %pushi/vec4 0, 0, 1;
    %cmp/u;
    %jmp/1 T_21.14, 6;
    %dup/vec4;
    %pushi/vec4 0, 0, 1;
    %cmp/u;
    %jmp/1 T_21.15, 6;
    %jmp T_21.16;
T_21.9 ;
    %load/vec4 v0x8bb204d20_0;
    %store/vec4 v0x8bb204fa0_0, 0, 32;
    %jmp T_21.16;
T_21.10 ;
    %load/vec4 v0x8bb205040_0;
    %pad/u 32;
    %store/vec4 v0x8bb204fa0_0, 0, 32;
    %jmp T_21.16;
T_21.11 ;
    %load/vec4 v0x8bb20d040_0;
    %load/vec4 v0x8bb20d0e0_0;
    %xor;
    %store/vec4 v0x8bb204fa0_0, 0, 32;
    %jmp T_21.16;
T_21.12 ;
    %load/vec4 v0x8bb20d040_0;
    %load/vec4 v0x8bb20d0e0_0;
    %or;
    %store/vec4 v0x8bb204fa0_0, 0, 32;
    %jmp T_21.16;
T_21.13 ;
    %load/vec4 v0x8bb20d040_0;
    %load/vec4 v0x8bb20d0e0_0;
    %and;
    %store/vec4 v0x8bb204fa0_0, 0, 32;
    %jmp T_21.16;
T_21.14 ;
    %load/vec4 v0x8bb205220_0;
    %store/vec4 v0x8bb204fa0_0, 0, 32;
    %jmp T_21.16;
T_21.15 ;
    %load/vec4 v0x8bb2052c0_0;
    %store/vec4 v0x8bb204fa0_0, 0, 32;
    %jmp T_21.16;
T_21.16 ;
    %pop/vec4 1;
    %jmp T_21;
    .thread T_21, $push;
    .scope S_0x102b3ac70;
T_22 ;
    %wait E_0x8bb1e4400;
    %load/vec4 v0x8bb205860_0;
    %assign/vec4 v0x8bb205900_0, 0;
    %jmp T_22;
    .thread T_22;
    .scope S_0x102b3ac70;
T_23 ;
    %wait E_0x8bb1e44c0;
    %load/vec4 v0x8bb205900_0;
    %store/vec4 v0x8bb205860_0, 0, 1;
    %load/vec4 v0x8bb20cb40_0;
    %nor/r;
    %flag_set/vec4 8;
    %jmp/0xz  T_23.0, 8;
    %pushi/vec4 0, 0, 1;
    %store/vec4 v0x8bb205860_0, 0, 1;
T_23.0 ;
    %load/vec4 v0x8bb20a260_0;
    %flag_set/vec4 8;
    %jmp/1 T_23.5, 8;
    %load/vec4 v0x8bb2097c0_0;
    %cmpi/ne 0, 0, 2;
    %flag_or 8, 4;
T_23.5;
    %jmp/1 T_23.4, 8;
    %load/vec4 v0x8bb20d360_0;
    %nor/r;
    %flag_set/vec4 9;
    %flag_or 8, 9;
T_23.4;
    %jmp/0xz  T_23.2, 8;
    %pushi/vec4 0, 0, 1;
    %store/vec4 v0x8bb205860_0, 0, 1;
T_23.2 ;
    %jmp T_23;
    .thread T_23, $push;
    .scope S_0x102b3ac70;
T_24 ;
    %wait E_0x8bb1e4480;
    %pushi/vec4 0, 0, 1;
    %store/vec4 v0x8bb205f40_0, 0, 1;
    %pushi/vec4 4294967295, 4294967295, 32;
    %store/vec4 v0x8bb205ea0_0, 0, 32;
    %load/vec4 v0x8bb205c20_0;
    %cmpi/e 64, 0, 8;
    %jmp/0xz  T_24.0, 4;
    %pushi/vec4 1, 0, 1;
    %dup/vec4;
    %load/vec4 v0x8bb20a260_0;
    %cmp/u;
    %jmp/1 T_24.2, 6;
    %dup/vec4;
    %load/vec4 v0x8bb20a6c0_0;
    %flag_set/vec4 8;
    %flag_get/vec4 8;
    %jmp/0 T_24.7, 8;
    %load/vec4 v0x8bb20a260_0;
    %nor/r;
    %and;
T_24.7;
    %cmp/u;
    %jmp/1 T_24.3, 6;
    %dup/vec4;
    %pushi/vec4 0, 0, 1;
    %cmp/u;
    %jmp/1 T_24.4, 6;
    %dup/vec4;
    %pushi/vec4 0, 0, 1;
    %cmp/u;
    %jmp/1 T_24.5, 6;
    %jmp T_24.6;
T_24.2 ;
    %load/vec4 v0x8bb20d220_0;
    %load/vec4 v0x8bb20a300_0;
    %flag_set/vec4 8;
    %jmp/0 T_24.8, 8;
    %pushi/vec4 2, 0, 32;
    %jmp/1 T_24.9, 8;
T_24.8 ; End of true expr.
    %pushi/vec4 4, 0, 32;
    %jmp/0 T_24.9, 8;
 ; End of false expr.
    %blend;
T_24.9;
    %add;
    %store/vec4 v0x8bb205ea0_0, 0, 32;
    %pushi/vec4 1, 0, 1;
    %store/vec4 v0x8bb205f40_0, 0, 1;
    %jmp T_24.6;
T_24.3 ;
    %load/vec4 v0x8bb20a620_0;
    %flag_set/vec4 8;
    %jmp/0 T_24.10, 8;
    %load/vec4 v0x8bb205180_0;
    %jmp/1 T_24.11, 8;
T_24.10 ; End of true expr.
    %load/vec4 v0x8bb20d180_0;
    %jmp/0 T_24.11, 8;
 ; End of false expr.
    %blend;
T_24.11;
    %store/vec4 v0x8bb205ea0_0, 0, 32;
    %pushi/vec4 1, 0, 1;
    %store/vec4 v0x8bb205f40_0, 0, 1;
    %jmp T_24.6;
T_24.4 ;
    %load/vec4 v0x8bb20cfa0_0;
    %load/vec4 v0x8bb20a300_0;
    %pad/u 32;
    %or;
    %store/vec4 v0x8bb205ea0_0, 0, 32;
    %pushi/vec4 1, 0, 1;
    %store/vec4 v0x8bb205f40_0, 0, 1;
    %jmp T_24.6;
T_24.5 ;
    %load/vec4 v0x8bb209720_0;
    %load/vec4 v0x8bb209680_0;
    %inv;
    %and;
    %store/vec4 v0x8bb205ea0_0, 0, 32;
    %pushi/vec4 1, 0, 1;
    %store/vec4 v0x8bb205f40_0, 0, 1;
    %jmp T_24.6;
T_24.6 ;
    %pop/vec4 1;
T_24.0 ;
    %jmp T_24;
    .thread T_24, $push;
    .scope S_0x102b3ac70;
T_25 ;
    %wait E_0x8bb1e4400;
    %load/vec4 v0x8bb20d360_0;
    %flag_set/vec4 10;
    %flag_get/vec4 10;
    %jmp/0 T_25.3, 10;
    %load/vec4 v0x8bb205f40_0;
    %and;
T_25.3;
    %flag_set/vec4 9;
    %flag_get/vec4 9;
    %jmp/0 T_25.2, 9;
    %load/vec4 v0x8bb20a580_0;
    %pushi/vec4 0, 0, 5;
    %cmp/ne;
    %flag_get/vec4 4;
    %and;
T_25.2;
    %flag_set/vec4 8;
    %jmp/0xz  T_25.0, 8;
    %load/vec4 v0x8bb205ea0_0;
    %load/vec4 v0x8bb20a580_0;
    %pad/u 7;
    %ix/vec4 3;
    %ix/load 4, 0, 0; Constant delay
    %assign/vec4/a/d v0x8bb205cc0, 0, 4;
T_25.0 ;
    %jmp T_25;
    .thread T_25;
    .scope S_0x102b3ac70;
T_26 ;
    %wait E_0x8bb1e4440;
    %pushi/vec4 31, 31, 5;
    %store/vec4 v0x8bb206f80_0, 0, 5;
    %load/vec4 v0x8bb207020_0;
    %cmpi/ne 0, 0, 5;
    %flag_mov 8, 4;
    %jmp/0 T_26.0, 8;
    %load/vec4 v0x8bb207020_0;
    %pad/u 7;
    %ix/vec4 4;
    %load/vec4a v0x8bb205cc0, 4;
    %jmp/1 T_26.1, 8;
T_26.0 ; End of true expr.
    %pushi/vec4 0, 0, 32;
    %jmp/0 T_26.1, 8;
 ; End of false expr.
    %blend;
T_26.1;
    %store/vec4 v0x8bb205d60_0, 0, 32;
    %load/vec4 v0x8bb2070c0_0;
    %cmpi/ne 0, 0, 5;
    %flag_mov 8, 4;
    %jmp/0 T_26.2, 8;
    %load/vec4 v0x8bb2070c0_0;
    %pad/u 7;
    %ix/vec4 4;
    %load/vec4a v0x8bb205cc0, 4;
    %jmp/1 T_26.3, 8;
T_26.2 ; End of true expr.
    %pushi/vec4 0, 0, 32;
    %jmp/0 T_26.3, 8;
 ; End of false expr.
    %blend;
T_26.3;
    %store/vec4 v0x8bb205e00_0, 0, 32;
    %jmp T_26;
    .thread T_26, $push;
    .scope S_0x102b3ac70;
T_27 ;
    %wait E_0x8bb1e4400;
    %pushi/vec4 0, 0, 1;
    %assign/vec4 v0x8bb20d7c0_0, 0;
    %pushi/vec4 31, 31, 5;
    %assign/vec4 v0x8bb20d2c0_0, 0;
    %pushi/vec4 4294967295, 4294967295, 32;
    %assign/vec4 v0x8bb20d180_0, 0;
    %pushi/vec4 0, 0, 1;
    %store/vec4 v0x8bb20d4a0_0, 0, 1;
    %pushi/vec4 0, 0, 1;
    %store/vec4 v0x8bb20d400_0, 0, 1;
    %pushi/vec4 0, 0, 1;
    %store/vec4 v0x8bb20d540_0, 0, 1;
    %load/vec4 v0x8bb205040_0;
    %assign/vec4 v0x8bb2050e0_0, 0;
    %load/vec4 v0x8bb204fa0_0;
    %assign/vec4 v0x8bb205180_0, 0;
    %pushi/vec4 0, 0, 1;
    %assign/vec4 v0x8bb205360_0, 0;
    %pushi/vec4 0, 0, 1;
    %assign/vec4 v0x8bb205400_0, 0;
    %load/vec4 v0x8bb20a800_0;
    %flag_set/vec4 8;
    %jmp/0xz  T_27.0, 8;
    %pushi/vec4 4294967295, 4294967295, 32;
    %assign/vec4 v0x8bb206a80_0, 0;
    %pushi/vec4 4294967295, 4294967295, 32;
    %assign/vec4 v0x8bb206bc0_0, 0;
    %pushi/vec4 0, 0, 1;
    %assign/vec4 v0x8bb206b20_0, 0;
    %pushi/vec4 0, 0, 1;
    %assign/vec4 v0x8bb206c60_0, 0;
T_27.0 ;
    %load/vec4 v0x8bb20d360_0;
    %flag_set/vec4 8;
    %jmp/0 T_27.2, 8;
    %load/vec4 v0x8bb205ae0_0;
    %addi 1, 0, 64;
    %jmp/1 T_27.3, 8;
T_27.2 ; End of true expr.
    %pushi/vec4 0, 0, 64;
    %jmp/0 T_27.3, 8;
 ; End of false expr.
    %blend;
T_27.3;
    %assign/vec4 v0x8bb205ae0_0, 0;
    %pushi/vec4 4294967295, 4294967295, 32;
    %store/vec4 v0x8bb20bca0_0, 0, 32;
    %load/vec4 v0x8bb20ab20_0;
    %flag_set/vec4 8;
    %flag_get/vec4 8;
    %jmp/0 T_27.4, 8;
    %load/vec4 v0x8bb20ac60_0;
    %and;
T_27.4;
    %assign/vec4 v0x8bb2072a0_0, 0;
    %load/vec4 v0x8bb2072a0_0;
    %assign/vec4 v0x8bb207340_0, 0;
    %pushi/vec4 0, 0, 1;
    %assign/vec4 v0x8bb207160_0, 0;
    %load/vec4 v0x8bb207160_0;
    %assign/vec4 v0x8bb207200_0, 0;
    %pushi/vec4 0, 0, 1;
    %assign/vec4 v0x8bb2073e0_0, 0;
    %pushi/vec4 0, 0, 1;
    %assign/vec4 v0x8bb20d720_0, 0;
    %pushi/vec4 4294967295, 4294967295, 32;
    %concati/vec4 15, 15, 4;
    %assign/vec4 v0x8bb20d680_0, 0;
    %load/vec4 v0x8bb20d360_0;
    %nor/r;
    %flag_set/vec4 8;
    %jmp/0xz  T_27.5, 8;
    %pushi/vec4 0, 0, 32;
    %assign/vec4 v0x8bb20d220_0, 0;
    %pushi/vec4 0, 0, 32;
    %assign/vec4 v0x8bb20cfa0_0, 0;
    %pushi/vec4 0, 0, 64;
    %assign/vec4 v0x8bb205b80_0, 0;
    %pushi/vec4 0, 0, 1;
    %assign/vec4 v0x8bb20a6c0_0, 0;
    %pushi/vec4 0, 0, 1;
    %assign/vec4 v0x8bb20a620_0, 0;
    %pushi/vec4 0, 0, 1;
    %assign/vec4 v0x8bb20a260_0, 0;
    %pushi/vec4 0, 0, 1;
    %assign/vec4 v0x8bb20a760_0, 0;
    %pushi/vec4 0, 0, 1;
    %assign/vec4 v0x8bb20a4e0_0, 0;
    %pushi/vec4 0, 0, 1;
    %assign/vec4 v0x8bb20a440_0, 0;
    %pushi/vec4 0, 0, 1;
    %assign/vec4 v0x8bb20a3a0_0, 0;
    %pushi/vec4 0, 0, 1;
    %assign/vec4 v0x8bb20c960_0, 0;
    %pushi/vec4 0, 0, 1;
    %assign/vec4 v0x8bb20c8c0_0, 0;
    %pushi/vec4 0, 0, 1;
    %assign/vec4 v0x8bb209540_0, 0;
    %pushi/vec4 0, 0, 1;
    %assign/vec4 v0x8bb2095e0_0, 0;
    %pushi/vec4 4294967295, 0, 32;
    %assign/vec4 v0x8bb209680_0, 0;
    %pushi/vec4 0, 0, 32;
    %store/vec4 v0x8bb20bca0_0, 0, 32;
    %pushi/vec4 0, 0, 2;
    %assign/vec4 v0x8bb2097c0_0, 0;
    %pushi/vec4 0, 0, 32;
    %assign/vec4 v0x8bb207480_0, 0;
    %pushi/vec4 0, 0, 32;
    %assign/vec4 v0x8bb20d5e0_0, 0;
    %pushi/vec4 64, 0, 8;
    %assign/vec4 v0x8bb205c20_0, 0;
    %jmp T_27.6;
T_27.5 ;
    %load/vec4 v0x8bb205c20_0;
    %dup/vec4;
    %pushi/vec4 128, 0, 8;
    %cmp/u;
    %jmp/1 T_27.7, 6;
    %dup/vec4;
    %pushi/vec4 64, 0, 8;
    %cmp/u;
    %jmp/1 T_27.8, 6;
    %dup/vec4;
    %pushi/vec4 32, 0, 8;
    %cmp/u;
    %jmp/1 T_27.9, 6;
    %dup/vec4;
    %pushi/vec4 16, 0, 8;
    %cmp/u;
    %jmp/1 T_27.10, 6;
    %dup/vec4;
    %pushi/vec4 8, 0, 8;
    %cmp/u;
    %jmp/1 T_27.11, 6;
    %dup/vec4;
    %pushi/vec4 4, 0, 8;
    %cmp/u;
    %jmp/1 T_27.12, 6;
    %dup/vec4;
    %pushi/vec4 2, 0, 8;
    %cmp/u;
    %jmp/1 T_27.13, 6;
    %dup/vec4;
    %pushi/vec4 1, 0, 8;
    %cmp/u;
    %jmp/1 T_27.14, 6;
    %jmp T_27.15;
T_27.7 ;
    %pushi/vec4 1, 0, 1;
    %assign/vec4 v0x8bb20d7c0_0, 0;
    %jmp T_27.15;
T_27.8 ;
    %load/vec4 v0x8bb2072a0_0;
    %nor/r;
    %flag_set/vec4 8;
    %flag_get/vec4 8;
    %jmp/0 T_27.16, 8;
    %load/vec4 v0x8bb2073e0_0;
    %nor/r;
    %and;
T_27.16;
    %assign/vec4 v0x8bb20ab20_0, 0;
    %pushi/vec4 0, 0, 2;
    %assign/vec4 v0x8bb20b980_0, 0;
    %load/vec4 v0x8bb20cfa0_0;
    %store/vec4 v0x8bb205fe0_0, 0, 32;
    %pushi/vec4 1, 0, 1;
    %dup/vec4;
    %load/vec4 v0x8bb20a260_0;
    %cmp/u;
    %jmp/1 T_27.17, 6;
    %dup/vec4;
    %load/vec4 v0x8bb20a6c0_0;
    %flag_set/vec4 8;
    %flag_get/vec4 8;
    %jmp/0 T_27.22, 8;
    %load/vec4 v0x8bb20a260_0;
    %nor/r;
    %and;
T_27.22;
    %cmp/u;
    %jmp/1 T_27.18, 6;
    %dup/vec4;
    %pushi/vec4 0, 0, 1;
    %cmp/u;
    %jmp/1 T_27.19, 6;
    %dup/vec4;
    %pushi/vec4 0, 0, 1;
    %cmp/u;
    %jmp/1 T_27.20, 6;
    %jmp T_27.21;
T_27.17 ;
    %load/vec4 v0x8bb20a6c0_0;
    %flag_set/vec4 8;
    %jmp/0 T_27.23, 8;
    %load/vec4 v0x8bb20a620_0;
    %flag_set/vec4 9;
    %jmp/0 T_27.25, 9;
    %load/vec4 v0x8bb205180_0;
    %jmp/1 T_27.26, 9;
T_27.25 ; End of true expr.
    %load/vec4 v0x8bb20d180_0;
    %jmp/0 T_27.26, 9;
 ; End of false expr.
    %blend;
T_27.26;
    %pushi/vec4 4294967294, 0, 32;
    %and;
    %jmp/1 T_27.24, 8;
T_27.23 ; End of true expr.
    %load/vec4 v0x8bb20cfa0_0;
    %jmp/0 T_27.24, 8;
 ; End of false expr.
    %blend;
T_27.24;
    %store/vec4 v0x8bb205fe0_0, 0, 32;
    %jmp T_27.21;
T_27.18 ;
    %jmp T_27.21;
T_27.19 ;
    %pushi/vec4 16, 0, 32;
    %store/vec4 v0x8bb205fe0_0, 0, 32;
    %pushi/vec4 1, 0, 1;
    %assign/vec4 v0x8bb209540_0, 0;
    %pushi/vec4 1, 0, 1;
    %assign/vec4 v0x8bb20ab20_0, 0;
    %jmp T_27.21;
T_27.20 ;
    %load/vec4 v0x8bb209720_0;
    %load/vec4 v0x8bb209680_0;
    %inv;
    %and;
    %assign/vec4 v0x8bb207480_0, 0;
    %load/vec4 v0x8bb20bca0_0;
    %load/vec4 v0x8bb209680_0;
    %and;
    %store/vec4 v0x8bb20bca0_0, 0, 32;
    %jmp T_27.21;
T_27.21 ;
    %pop/vec4 1;
    %load/vec4 v0x8bb205fe0_0;
    %assign/vec4 v0x8bb20d220_0, 0;
    %load/vec4 v0x8bb205fe0_0;
    %assign/vec4 v0x8bb20cfa0_0, 0;
    %pushi/vec4 0, 0, 1;
    %assign/vec4 v0x8bb20a6c0_0, 0;
    %pushi/vec4 0, 0, 1;
    %assign/vec4 v0x8bb20a620_0, 0;
    %pushi/vec4 0, 0, 1;
    %assign/vec4 v0x8bb20a260_0, 0;
    %pushi/vec4 0, 0, 1;
    %assign/vec4 v0x8bb20a4e0_0, 0;
    %pushi/vec4 0, 0, 1;
    %assign/vec4 v0x8bb20a440_0, 0;
    %pushi/vec4 0, 0, 1;
    %assign/vec4 v0x8bb20a3a0_0, 0;
    %load/vec4 v0x8bb206ee0_0;
    %assign/vec4 v0x8bb20a580_0, 0;
    %load/vec4 v0x8bb205a40_0;
    %assign/vec4 v0x8bb20a300_0, 0;
    %load/vec4 v0x8bb2072a0_0;
    %flag_set/vec4 8;
    %jmp/0xz  T_27.27, 8;
    %load/vec4 v0x8bb209540_0;
    %assign/vec4 v0x8bb2095e0_0, 0;
    %load/vec4 v0x8bb205fe0_0;
    %load/vec4 v0x8bb205a40_0;
    %flag_set/vec4 8;
    %jmp/0 T_27.29, 8;
    %pushi/vec4 2, 0, 32;
    %jmp/1 T_27.30, 8;
T_27.29 ; End of true expr.
    %pushi/vec4 4, 0, 32;
    %jmp/0 T_27.30, 8;
 ; End of false expr.
    %blend;
T_27.30;
    %add;
    %assign/vec4 v0x8bb20cfa0_0, 0;
    %load/vec4 v0x8bb205b80_0;
    %addi 1, 0, 64;
    %assign/vec4 v0x8bb205b80_0, 0;
    %load/vec4 v0x8bb207de0_0;
    %flag_set/vec4 8;
    %jmp/0xz  T_27.31, 8;
    %pushi/vec4 1, 0, 1;
    %assign/vec4 v0x8bb20ab20_0, 0;
    %load/vec4 v0x8bb205fe0_0;
    %load/vec4 v0x8bb206e40_0;
    %add;
    %assign/vec4 v0x8bb20cfa0_0, 0;
    %pushi/vec4 1, 0, 1;
    %assign/vec4 v0x8bb20a260_0, 0;
    %jmp T_27.32;
T_27.31 ;
    %pushi/vec4 0, 0, 1;
    %assign/vec4 v0x8bb20ab20_0, 0;
    %load/vec4 v0x8bb207e80_0;
    %nor/r;
    %flag_set/vec4 8;
    %flag_get/vec4 8;
    %jmp/0 T_27.33, 8;
    %load/vec4 v0x8bb208780_0;
    %nor/r;
    %and;
T_27.33;
    %assign/vec4 v0x8bb20a9e0_0, 0;
    %pushi/vec4 32, 0, 8;
    %assign/vec4 v0x8bb205c20_0, 0;
T_27.32 ;
T_27.27 ;
    %jmp T_27.15;
T_27.9 ;
    %pushi/vec4 4294967295, 4294967295, 32;
    %assign/vec4 v0x8bb20d040_0, 0;
    %pushi/vec4 4294967295, 4294967295, 32;
    %assign/vec4 v0x8bb20d0e0_0, 0;
    %pushi/vec4 1, 0, 1;
    %dup/vec4;
    %pushi/vec4 1, 0, 1;
    %flag_set/vec4 8;
    %flag_get/vec4 8;
    %jmp/0 T_27.48, 8;
    %load/vec4 v0x8bb209220_0;
    %and;
T_27.48;
    %cmp/u;
    %jmp/1 T_27.34, 6;
    %dup/vec4;
    %pushi/vec4 1, 0, 1;
    %flag_set/vec4 8;
    %flag_get/vec4 8;
    %jmp/0 T_27.49, 8;
    %load/vec4 v0x8bb209e00_0;
    %and;
T_27.49;
    %cmp/u;
    %jmp/1 T_27.35, 6;
    %dup/vec4;
    %load/vec4 v0x8bb209cc0_0;
    %cmp/u;
    %jmp/1 T_27.36, 6;
    %dup/vec4;
    %pushi/vec4 0, 0, 1;
    %cmp/u;
    %jmp/1 T_27.37, 6;
    %dup/vec4;
    %pushi/vec4 0, 0, 1;
    %cmp/u;
    %jmp/1 T_27.38, 6;
    %dup/vec4;
    %pushi/vec4 0, 0, 1;
    %cmp/u;
    %jmp/1 T_27.39, 6;
    %dup/vec4;
    %pushi/vec4 0, 0, 1;
    %cmp/u;
    %jmp/1 T_27.40, 6;
    %dup/vec4;
    %pushi/vec4 0, 0, 1;
    %cmp/u;
    %jmp/1 T_27.41, 6;
    %dup/vec4;
    %load/vec4 v0x8bb209b80_0;
    %flag_set/vec4 8;
    %flag_get/vec4 8;
    %jmp/0 T_27.50, 8;
    %load/vec4 v0x8bb209220_0;
    %nor/r;
    %and;
T_27.50;
    %cmp/u;
    %jmp/1 T_27.42, 6;
    %dup/vec4;
    %load/vec4 v0x8bb209fe0_0;
    %flag_set/vec4 8;
    %flag_get/vec4 8;
    %jmp/0 T_27.51, 8;
    %pushi/vec4 1, 0, 1;
    %and;
T_27.51;
    %cmp/u;
    %jmp/1 T_27.43, 6;
    %dup/vec4;
    %load/vec4 v0x8bb209ae0_0;
    %cmp/u;
    %jmp/1 T_27.44, 6;
    %dup/vec4;
    %load/vec4 v0x8bb209fe0_0;
    %flag_set/vec4 8;
    %flag_get/vec4 8;
    %jmp/0 T_27.52, 8;
    %pushi/vec4 0, 0, 1;
    %and;
T_27.52;
    %cmp/u;
    %jmp/1 T_27.45, 6;
    %load/vec4 v0x8bb205d60_0;
    %assign/vec4 v0x8bb20d040_0, 0;
    %load/vec4 v0x8bb205d60_0;
    %assign/vec4 v0x8bb206a80_0, 0;
    %pushi/vec4 1, 0, 1;
    %assign/vec4 v0x8bb206b20_0, 0;
    %load/vec4 v0x8bb205e00_0;
    %pad/u 5;
    %assign/vec4 v0x8bb20d2c0_0, 0;
    %load/vec4 v0x8bb205e00_0;
    %assign/vec4 v0x8bb20d0e0_0, 0;
    %load/vec4 v0x8bb205e00_0;
    %assign/vec4 v0x8bb206bc0_0, 0;
    %pushi/vec4 1, 0, 1;
    %assign/vec4 v0x8bb206c60_0, 0;
    %pushi/vec4 1, 0, 1;
    %dup/vec4;
    %load/vec4 v0x8bb209ea0_0;
    %cmp/u;
    %jmp/1 T_27.53, 6;
    %dup/vec4;
    %load/vec4 v0x8bb209f40_0;
    %flag_set/vec4 8;
    %flag_get/vec4 8;
    %jmp/0 T_27.57, 8;
    %pushi/vec4 1, 0, 1;
    %and;
T_27.57;
    %cmp/u;
    %jmp/1 T_27.54, 6;
    %load/vec4 v0x8bb20a9e0_0;
    %assign/vec4 v0x8bb20ab20_0, 0;
    %pushi/vec4 8, 0, 8;
    %assign/vec4 v0x8bb205c20_0, 0;
    %jmp T_27.56;
T_27.53 ;
    %pushi/vec4 2, 0, 8;
    %assign/vec4 v0x8bb205c20_0, 0;
    %pushi/vec4 1, 0, 1;
    %assign/vec4 v0x8bb20ab20_0, 0;
    %jmp T_27.56;
T_27.54 ;
    %pushi/vec4 4, 0, 8;
    %assign/vec4 v0x8bb205c20_0, 0;
    %jmp T_27.56;
T_27.56 ;
    %pop/vec4 1;
    %jmp T_27.47;
T_27.34 ;
    %pushi/vec4 128, 0, 8;
    %assign/vec4 v0x8bb205c20_0, 0;
    %jmp T_27.47;
T_27.35 ;
    %pushi/vec4 1, 0, 1;
    %dup/vec4;
    %load/vec4 v0x8bb208500_0;
    %cmp/u;
    %jmp/1 T_27.58, 6;
    %dup/vec4;
    %load/vec4 v0x8bb2085a0_0;
    %flag_set/vec4 8;
    %flag_get/vec4 8;
    %jmp/0 T_27.63, 8;
    %pushi/vec4 1, 0, 1;
    %and;
T_27.63;
    %cmp/u;
    %jmp/1 T_27.59, 6;
    %dup/vec4;
    %load/vec4 v0x8bb208640_0;
    %cmp/u;
    %jmp/1 T_27.60, 6;
    %dup/vec4;
    %load/vec4 v0x8bb2086e0_0;
    %flag_set/vec4 8;
    %flag_get/vec4 8;
    %jmp/0 T_27.64, 8;
    %pushi/vec4 1, 0, 1;
    %and;
T_27.64;
    %cmp/u;
    %jmp/1 T_27.61, 6;
    %jmp T_27.62;
T_27.58 ;
    %load/vec4 v0x8bb205ae0_0;
    %parti/s 32, 0, 2;
    %assign/vec4 v0x8bb20d180_0, 0;
    %jmp T_27.62;
T_27.59 ;
    %load/vec4 v0x8bb205ae0_0;
    %parti/s 32, 32, 7;
    %assign/vec4 v0x8bb20d180_0, 0;
    %jmp T_27.62;
T_27.60 ;
    %load/vec4 v0x8bb205b80_0;
    %parti/s 32, 0, 2;
    %assign/vec4 v0x8bb20d180_0, 0;
    %jmp T_27.62;
T_27.61 ;
    %load/vec4 v0x8bb205b80_0;
    %parti/s 32, 32, 7;
    %assign/vec4 v0x8bb20d180_0, 0;
    %jmp T_27.62;
T_27.62 ;
    %pop/vec4 1;
    %pushi/vec4 1, 0, 1;
    %assign/vec4 v0x8bb20a6c0_0, 0;
    %pushi/vec4 64, 0, 8;
    %assign/vec4 v0x8bb205c20_0, 0;
    %jmp T_27.47;
T_27.36 ;
    %load/vec4 v0x8bb2081e0_0;
    %flag_set/vec4 8;
    %jmp/0 T_27.65, 8;
    %pushi/vec4 0, 0, 32;
    %jmp/1 T_27.66, 8;
T_27.65 ; End of true expr.
    %load/vec4 v0x8bb20d220_0;
    %jmp/0 T_27.66, 8;
 ; End of false expr.
    %blend;
T_27.66;
    %assign/vec4 v0x8bb20d040_0, 0;
    %load/vec4 v0x8bb206da0_0;
    %assign/vec4 v0x8bb20d0e0_0, 0;
    %load/vec4 v0x8bb20a9e0_0;
    %assign/vec4 v0x8bb20ab20_0, 0;
    %pushi/vec4 8, 0, 8;
    %assign/vec4 v0x8bb205c20_0, 0;
    %jmp T_27.47;
T_27.37 ;
    %load/vec4 v0x8bb205d60_0;
    %assign/vec4 v0x8bb20d180_0, 0;
    %load/vec4 v0x8bb205d60_0;
    %assign/vec4 v0x8bb206a80_0, 0;
    %pushi/vec4 1, 0, 1;
    %assign/vec4 v0x8bb206b20_0, 0;
    %pushi/vec4 1, 0, 1;
    %assign/vec4 v0x8bb20a6c0_0, 0;
    %pushi/vec4 64, 0, 8;
    %assign/vec4 v0x8bb205c20_0, 0;
    %jmp T_27.47;
T_27.38 ;
    %load/vec4 v0x8bb205d60_0;
    %assign/vec4 v0x8bb20d180_0, 0;
    %load/vec4 v0x8bb205d60_0;
    %assign/vec4 v0x8bb206a80_0, 0;
    %pushi/vec4 1, 0, 1;
    %assign/vec4 v0x8bb206b20_0, 0;
    %load/vec4 v0x8bb20a580_0;
    %pad/u 32;
    %pushi/vec4 32, 0, 32;
    %or;
    %pad/u 5;
    %assign/vec4 v0x8bb20a580_0, 0;
    %pushi/vec4 1, 0, 1;
    %assign/vec4 v0x8bb20a6c0_0, 0;
    %pushi/vec4 64, 0, 8;
    %assign/vec4 v0x8bb205c20_0, 0;
    %jmp T_27.47;
T_27.39 ;
    %pushi/vec4 0, 0, 32;
    %assign/vec4 v0x8bb207480_0, 0;
    %pushi/vec4 0, 0, 1;
    %assign/vec4 v0x8bb209540_0, 0;
    %pushi/vec4 1, 0, 1;
    %assign/vec4 v0x8bb20a260_0, 0;
    %pushi/vec4 1, 0, 1;
    %assign/vec4 v0x8bb20a6c0_0, 0;
    %load/vec4 v0x8bb205d60_0;
    %pushi/vec4 4294967294, 0, 32;
    %and;
    %assign/vec4 v0x8bb20d180_0, 0;
    %load/vec4 v0x8bb205d60_0;
    %assign/vec4 v0x8bb206a80_0, 0;
    %pushi/vec4 1, 0, 1;
    %assign/vec4 v0x8bb206b20_0, 0;
    %pushi/vec4 64, 0, 8;
    %assign/vec4 v0x8bb205c20_0, 0;
    %jmp T_27.47;
T_27.40 ;
    %pushi/vec4 1, 0, 1;
    %assign/vec4 v0x8bb20a6c0_0, 0;
    %load/vec4 v0x8bb209680_0;
    %assign/vec4 v0x8bb20d180_0, 0;
    %load/vec4 v0x8bb205d60_0;
    %pushi/vec4 0, 0, 32;
    %or;
    %assign/vec4 v0x8bb209680_0, 0;
    %load/vec4 v0x8bb205d60_0;
    %assign/vec4 v0x8bb206a80_0, 0;
    %pushi/vec4 1, 0, 1;
    %assign/vec4 v0x8bb206b20_0, 0;
    %pushi/vec4 64, 0, 8;
    %assign/vec4 v0x8bb205c20_0, 0;
    %jmp T_27.47;
T_27.41 ;
    %pushi/vec4 1, 0, 1;
    %assign/vec4 v0x8bb20a6c0_0, 0;
    %load/vec4 v0x8bb20d5e0_0;
    %assign/vec4 v0x8bb20d180_0, 0;
    %load/vec4 v0x8bb205d60_0;
    %assign/vec4 v0x8bb20d5e0_0, 0;
    %load/vec4 v0x8bb205d60_0;
    %assign/vec4 v0x8bb206a80_0, 0;
    %pushi/vec4 1, 0, 1;
    %assign/vec4 v0x8bb206b20_0, 0;
    %pushi/vec4 64, 0, 8;
    %assign/vec4 v0x8bb205c20_0, 0;
    %jmp T_27.47;
T_27.42 ;
    %load/vec4 v0x8bb205d60_0;
    %assign/vec4 v0x8bb20d040_0, 0;
    %load/vec4 v0x8bb205d60_0;
    %assign/vec4 v0x8bb206a80_0, 0;
    %pushi/vec4 1, 0, 1;
    %assign/vec4 v0x8bb206b20_0, 0;
    %pushi/vec4 1, 0, 8;
    %assign/vec4 v0x8bb205c20_0, 0;
    %pushi/vec4 1, 0, 1;
    %assign/vec4 v0x8bb20ab20_0, 0;
    %jmp T_27.47;
T_27.43 ;
    %load/vec4 v0x8bb205d60_0;
    %assign/vec4 v0x8bb20d040_0, 0;
    %load/vec4 v0x8bb205d60_0;
    %assign/vec4 v0x8bb206a80_0, 0;
    %pushi/vec4 1, 0, 1;
    %assign/vec4 v0x8bb206b20_0, 0;
    %load/vec4 v0x8bb2070c0_0;
    %assign/vec4 v0x8bb20d2c0_0, 0;
    %pushi/vec4 4, 0, 8;
    %assign/vec4 v0x8bb205c20_0, 0;
    %jmp T_27.47;
T_27.44 ;
    %load/vec4 v0x8bb205d60_0;
    %assign/vec4 v0x8bb20d040_0, 0;
    %load/vec4 v0x8bb205d60_0;
    %assign/vec4 v0x8bb206a80_0, 0;
    %pushi/vec4 1, 0, 1;
    %assign/vec4 v0x8bb206b20_0, 0;
    %load/vec4 v0x8bb209fe0_0;
    %flag_set/vec4 9;
    %flag_get/vec4 9;
    %jmp/0 T_27.69, 9;
    %pushi/vec4 0, 0, 1;
    %and;
T_27.69;
    %flag_set/vec4 8;
    %jmp/0 T_27.67, 8;
    %load/vec4 v0x8bb2070c0_0;
    %pad/u 32;
    %jmp/1 T_27.68, 8;
T_27.67 ; End of true expr.
    %load/vec4 v0x8bb206da0_0;
    %jmp/0 T_27.68, 8;
 ; End of false expr.
    %blend;
T_27.68;
    %assign/vec4 v0x8bb20d0e0_0, 0;
    %load/vec4 v0x8bb20a9e0_0;
    %assign/vec4 v0x8bb20ab20_0, 0;
    %pushi/vec4 8, 0, 8;
    %assign/vec4 v0x8bb205c20_0, 0;
    %jmp T_27.47;
T_27.45 ;
    %load/vec4 v0x8bb205d60_0;
    %assign/vec4 v0x8bb20d040_0, 0;
    %load/vec4 v0x8bb205d60_0;
    %assign/vec4 v0x8bb206a80_0, 0;
    %pushi/vec4 1, 0, 1;
    %assign/vec4 v0x8bb206b20_0, 0;
    %load/vec4 v0x8bb209fe0_0;
    %flag_set/vec4 9;
    %flag_get/vec4 9;
    %jmp/0 T_27.72, 9;
    %pushi/vec4 0, 0, 1;
    %and;
T_27.72;
    %flag_set/vec4 8;
    %jmp/0 T_27.70, 8;
    %load/vec4 v0x8bb2070c0_0;
    %pad/u 32;
    %jmp/1 T_27.71, 8;
T_27.70 ; End of true expr.
    %load/vec4 v0x8bb206da0_0;
    %jmp/0 T_27.71, 8;
 ; End of false expr.
    %blend;
T_27.71;
    %assign/vec4 v0x8bb20d0e0_0, 0;
    %load/vec4 v0x8bb20a9e0_0;
    %assign/vec4 v0x8bb20ab20_0, 0;
    %pushi/vec4 8, 0, 8;
    %assign/vec4 v0x8bb205c20_0, 0;
    %jmp T_27.47;
T_27.47 ;
    %pop/vec4 1;
    %jmp T_27.15;
T_27.10 ;
    %load/vec4 v0x8bb205e00_0;
    %pad/u 5;
    %assign/vec4 v0x8bb20d2c0_0, 0;
    %load/vec4 v0x8bb205e00_0;
    %assign/vec4 v0x8bb20d0e0_0, 0;
    %load/vec4 v0x8bb205e00_0;
    %assign/vec4 v0x8bb206bc0_0, 0;
    %pushi/vec4 1, 0, 1;
    %assign/vec4 v0x8bb206c60_0, 0;
    %pushi/vec4 1, 0, 1;
    %dup/vec4;
    %pushi/vec4 0, 0, 1;
    %cmp/u;
    %jmp/1 T_27.73, 6;
    %dup/vec4;
    %load/vec4 v0x8bb209ea0_0;
    %cmp/u;
    %jmp/1 T_27.74, 6;
    %dup/vec4;
    %load/vec4 v0x8bb209f40_0;
    %flag_set/vec4 8;
    %flag_get/vec4 8;
    %jmp/0 T_27.78, 8;
    %pushi/vec4 1, 0, 1;
    %and;
T_27.78;
    %cmp/u;
    %jmp/1 T_27.75, 6;
    %load/vec4 v0x8bb20a9e0_0;
    %assign/vec4 v0x8bb20ab20_0, 0;
    %pushi/vec4 8, 0, 8;
    %assign/vec4 v0x8bb205c20_0, 0;
    %jmp T_27.77;
T_27.73 ;
    %pushi/vec4 1, 0, 1;
    %assign/vec4 v0x8bb20c960_0, 0;
    %load/vec4 v0x8bb20c1e0_0;
    %flag_set/vec4 8;
    %jmp/0xz  T_27.79, 8;
    %pushi/vec4 1, 0, 1;
    %assign/vec4 v0x8bb20ab20_0, 0;
    %pushi/vec4 0, 0, 1;
    %assign/vec4 v0x8bb20c960_0, 0;
    %load/vec4 v0x8bb20c140_0;
    %assign/vec4 v0x8bb20d180_0, 0;
    %load/vec4 v0x8bb20c320_0;
    %assign/vec4 v0x8bb20a6c0_0, 0;
    %pushi/vec4 64, 0, 8;
    %assign/vec4 v0x8bb205c20_0, 0;
    %jmp T_27.80;
T_27.79 ;
    %pushi/vec4 1, 0, 1;
    %flag_set/vec4 9;
    %flag_get/vec4 9;
    %jmp/0 T_27.83, 9;
    %load/vec4 v0x8bb20c8c0_0;
    %flag_set/vec4 9;
    %flag_get/vec4 9;
    %jmp/1 T_27.84, 9;
    %load/vec4 v0x8bb207c00_0;
    %or;
T_27.84;
    %and;
T_27.83;
    %flag_set/vec4 8;
    %jmp/0xz  T_27.81, 8;
    %pushi/vec4 0, 0, 1;
    %assign/vec4 v0x8bb20c960_0, 0;
    %pushi/vec4 128, 0, 8;
    %assign/vec4 v0x8bb205c20_0, 0;
T_27.81 ;
T_27.80 ;
    %jmp T_27.77;
T_27.74 ;
    %pushi/vec4 2, 0, 8;
    %assign/vec4 v0x8bb205c20_0, 0;
    %pushi/vec4 1, 0, 1;
    %assign/vec4 v0x8bb20ab20_0, 0;
    %jmp T_27.77;
T_27.75 ;
    %pushi/vec4 4, 0, 8;
    %assign/vec4 v0x8bb205c20_0, 0;
    %jmp T_27.77;
T_27.77 ;
    %pop/vec4 1;
    %jmp T_27.15;
T_27.11 ;
    %load/vec4 v0x8bb20d220_0;
    %load/vec4 v0x8bb206da0_0;
    %add;
    %assign/vec4 v0x8bb20d180_0, 0;
    %load/vec4 v0x8bb2099a0_0;
    %flag_set/vec4 8;
    %jmp/0xz  T_27.85, 8;
    %pushi/vec4 0, 0, 5;
    %assign/vec4 v0x8bb20a580_0, 0;
    %load/vec4 v0x8bb205040_0;
    %assign/vec4 v0x8bb20a6c0_0, 0;
    %load/vec4 v0x8bb205040_0;
    %assign/vec4 v0x8bb20a260_0, 0;
    %load/vec4 v0x8bb20ac60_0;
    %flag_set/vec4 8;
    %jmp/0xz  T_27.87, 8;
    %pushi/vec4 64, 0, 8;
    %assign/vec4 v0x8bb205c20_0, 0;
T_27.87 ;
    %load/vec4 v0x8bb205040_0;
    %flag_set/vec4 8;
    %jmp/0xz  T_27.89, 8;
    %pushi/vec4 0, 0, 1;
    %assign/vec4 v0x8bb2072a0_0, 0;
    %pushi/vec4 1, 0, 1;
    %store/vec4 v0x8bb20d4a0_0, 0, 1;
T_27.89 ;
    %jmp T_27.86;
T_27.85 ;
    %load/vec4 v0x8bb207e80_0;
    %assign/vec4 v0x8bb20a260_0, 0;
    %pushi/vec4 1, 0, 1;
    %assign/vec4 v0x8bb20a6c0_0, 0;
    %pushi/vec4 1, 0, 1;
    %assign/vec4 v0x8bb20a620_0, 0;
    %pushi/vec4 64, 0, 8;
    %assign/vec4 v0x8bb205c20_0, 0;
T_27.86 ;
    %jmp T_27.15;
T_27.12 ;
    %pushi/vec4 1, 0, 1;
    %assign/vec4 v0x8bb20a6c0_0, 0;
    %load/vec4 v0x8bb20d2c0_0;
    %pad/u 32;
    %cmpi/e 0, 0, 32;
    %jmp/0xz  T_27.91, 4;
    %load/vec4 v0x8bb20d040_0;
    %assign/vec4 v0x8bb20d180_0, 0;
    %load/vec4 v0x8bb20a9e0_0;
    %assign/vec4 v0x8bb20ab20_0, 0;
    %pushi/vec4 64, 0, 8;
    %assign/vec4 v0x8bb205c20_0, 0;
    %jmp T_27.92;
T_27.91 ;
    %pushi/vec4 1, 0, 1;
    %flag_set/vec4 9;
    %flag_get/vec4 9;
    %jmp/0 T_27.95, 9;
    %pushi/vec4 4, 0, 32;
    %load/vec4 v0x8bb20d2c0_0;
    %pad/u 32;
    %cmp/u;
    %flag_get/vec4 4;
    %flag_get/vec4 5;
    %or;
    %and;
T_27.95;
    %flag_set/vec4 8;
    %jmp/0xz  T_27.93, 8;
    %pushi/vec4 1, 0, 1;
    %dup/vec4;
    %load/vec4 v0x8bb208aa0_0;
    %flag_set/vec4 8;
    %flag_get/vec4 8;
    %jmp/1 T_27.100, 8;
    %load/vec4 v0x8bb208a00_0;
    %or;
T_27.100;
    %cmp/u;
    %jmp/1 T_27.96, 6;
    %dup/vec4;
    %load/vec4 v0x8bb208fa0_0;
    %flag_set/vec4 8;
    %flag_get/vec4 8;
    %jmp/1 T_27.101, 8;
    %load/vec4 v0x8bb208f00_0;
    %or;
T_27.101;
    %cmp/u;
    %jmp/1 T_27.97, 6;
    %dup/vec4;
    %load/vec4 v0x8bb208e60_0;
    %flag_set/vec4 8;
    %flag_get/vec4 8;
    %jmp/1 T_27.102, 8;
    %load/vec4 v0x8bb208dc0_0;
    %or;
T_27.102;
    %cmp/u;
    %jmp/1 T_27.98, 6;
    %jmp T_27.99;
T_27.96 ;
    %load/vec4 v0x8bb20d040_0;
    %ix/load 4, 4, 0;
    %flag_set/imm 4, 0;
    %shiftl 4;
    %assign/vec4 v0x8bb20d040_0, 0;
    %jmp T_27.99;
T_27.97 ;
    %load/vec4 v0x8bb20d040_0;
    %ix/load 4, 4, 0;
    %flag_set/imm 4, 0;
    %shiftr 4;
    %assign/vec4 v0x8bb20d040_0, 0;
    %jmp T_27.99;
T_27.98 ;
    %load/vec4 v0x8bb20d040_0;
    %ix/load 4, 4, 0;
    %flag_set/imm 4, 0;
    %shiftr/s 4;
    %assign/vec4 v0x8bb20d040_0, 0;
    %jmp T_27.99;
T_27.99 ;
    %pop/vec4 1;
    %load/vec4 v0x8bb20d2c0_0;
    %subi 4, 0, 5;
    %assign/vec4 v0x8bb20d2c0_0, 0;
    %jmp T_27.94;
T_27.93 ;
    %pushi/vec4 1, 0, 1;
    %dup/vec4;
    %load/vec4 v0x8bb208aa0_0;
    %flag_set/vec4 8;
    %flag_get/vec4 8;
    %jmp/1 T_27.107, 8;
    %load/vec4 v0x8bb208a00_0;
    %or;
T_27.107;
    %cmp/u;
    %jmp/1 T_27.103, 6;
    %dup/vec4;
    %load/vec4 v0x8bb208fa0_0;
    %flag_set/vec4 8;
    %flag_get/vec4 8;
    %jmp/1 T_27.108, 8;
    %load/vec4 v0x8bb208f00_0;
    %or;
T_27.108;
    %cmp/u;
    %jmp/1 T_27.104, 6;
    %dup/vec4;
    %load/vec4 v0x8bb208e60_0;
    %flag_set/vec4 8;
    %flag_get/vec4 8;
    %jmp/1 T_27.109, 8;
    %load/vec4 v0x8bb208dc0_0;
    %or;
T_27.109;
    %cmp/u;
    %jmp/1 T_27.105, 6;
    %jmp T_27.106;
T_27.103 ;
    %load/vec4 v0x8bb20d040_0;
    %ix/load 4, 1, 0;
    %flag_set/imm 4, 0;
    %shiftl 4;
    %assign/vec4 v0x8bb20d040_0, 0;
    %jmp T_27.106;
T_27.104 ;
    %load/vec4 v0x8bb20d040_0;
    %ix/load 4, 1, 0;
    %flag_set/imm 4, 0;
    %shiftr 4;
    %assign/vec4 v0x8bb20d040_0, 0;
    %jmp T_27.106;
T_27.105 ;
    %load/vec4 v0x8bb20d040_0;
    %ix/load 4, 1, 0;
    %flag_set/imm 4, 0;
    %shiftr/s 4;
    %assign/vec4 v0x8bb20d040_0, 0;
    %jmp T_27.106;
T_27.106 ;
    %pop/vec4 1;
    %load/vec4 v0x8bb20d2c0_0;
    %subi 1, 0, 5;
    %assign/vec4 v0x8bb20d2c0_0, 0;
T_27.94 ;
T_27.92 ;
    %jmp T_27.15;
T_27.13 ;
    %load/vec4 v0x8bb20a9e0_0;
    %nor/r;
    %flag_set/vec4 8;
    %jmp/1 T_27.112, 8;
    %load/vec4 v0x8bb20ac60_0;
    %flag_set/vec4 9;
    %flag_or 8, 9;
T_27.112;
    %jmp/0xz  T_27.110, 8;
    %load/vec4 v0x8bb20abc0_0;
    %nor/r;
    %flag_set/vec4 8;
    %jmp/0xz  T_27.113, 8;
    %pushi/vec4 1, 0, 1;
    %dup/vec4;
    %load/vec4 v0x8bb208820_0;
    %cmp/u;
    %jmp/1 T_27.115, 6;
    %dup/vec4;
    %load/vec4 v0x8bb208960_0;
    %cmp/u;
    %jmp/1 T_27.116, 6;
    %dup/vec4;
    %load/vec4 v0x8bb2090e0_0;
    %cmp/u;
    %jmp/1 T_27.117, 6;
    %jmp T_27.118;
T_27.115 ;
    %pushi/vec4 2, 0, 2;
    %assign/vec4 v0x8bb20b980_0, 0;
    %jmp T_27.118;
T_27.116 ;
    %pushi/vec4 1, 0, 2;
    %assign/vec4 v0x8bb20b980_0, 0;
    %jmp T_27.118;
T_27.117 ;
    %pushi/vec4 0, 0, 2;
    %assign/vec4 v0x8bb20b980_0, 0;
    %jmp T_27.118;
T_27.118 ;
    %pop/vec4 1;
    %load/vec4 v0x8bb20d040_0;
    %load/vec4 v0x8bb206da0_0;
    %add;
    %assign/vec4 v0x8bb20d040_0, 0;
    %pushi/vec4 1, 0, 1;
    %store/vec4 v0x8bb20d540_0, 0, 1;
T_27.113 ;
    %load/vec4 v0x8bb20a9e0_0;
    %nor/r;
    %flag_set/vec4 9;
    %flag_get/vec4 9;
    %jmp/0 T_27.121, 9;
    %load/vec4 v0x8bb20ac60_0;
    %and;
T_27.121;
    %flag_set/vec4 8;
    %jmp/0xz  T_27.119, 8;
    %pushi/vec4 64, 0, 8;
    %assign/vec4 v0x8bb205c20_0, 0;
    %pushi/vec4 1, 0, 1;
    %assign/vec4 v0x8bb2072a0_0, 0;
    %pushi/vec4 1, 0, 1;
    %assign/vec4 v0x8bb207160_0, 0;
T_27.119 ;
T_27.110 ;
    %jmp T_27.15;
T_27.14 ;
    %pushi/vec4 1, 0, 1;
    %assign/vec4 v0x8bb20a6c0_0, 0;
    %load/vec4 v0x8bb20a9e0_0;
    %nor/r;
    %flag_set/vec4 8;
    %jmp/1 T_27.124, 8;
    %load/vec4 v0x8bb20ac60_0;
    %flag_set/vec4 9;
    %flag_or 8, 9;
T_27.124;
    %jmp/0xz  T_27.122, 8;
    %load/vec4 v0x8bb20aa80_0;
    %nor/r;
    %flag_set/vec4 8;
    %jmp/0xz  T_27.125, 8;
    %pushi/vec4 1, 0, 1;
    %dup/vec4;
    %load/vec4 v0x8bb207f20_0;
    %flag_set/vec4 8;
    %flag_get/vec4 8;
    %jmp/1 T_27.131, 8;
    %load/vec4 v0x8bb208000_0;
    %or;
T_27.131;
    %cmp/u;
    %jmp/1 T_27.127, 6;
    %dup/vec4;
    %load/vec4 v0x8bb2080a0_0;
    %flag_set/vec4 8;
    %flag_get/vec4 8;
    %jmp/1 T_27.132, 8;
    %load/vec4 v0x8bb208140_0;
    %or;
T_27.132;
    %cmp/u;
    %jmp/1 T_27.128, 6;
    %dup/vec4;
    %load/vec4 v0x8bb208280_0;
    %cmp/u;
    %jmp/1 T_27.129, 6;
    %jmp T_27.130;
T_27.127 ;
    %pushi/vec4 2, 0, 2;
    %assign/vec4 v0x8bb20b980_0, 0;
    %jmp T_27.130;
T_27.128 ;
    %pushi/vec4 1, 0, 2;
    %assign/vec4 v0x8bb20b980_0, 0;
    %jmp T_27.130;
T_27.129 ;
    %pushi/vec4 0, 0, 2;
    %assign/vec4 v0x8bb20b980_0, 0;
    %jmp T_27.130;
T_27.130 ;
    %pop/vec4 1;
    %load/vec4 v0x8bb209c20_0;
    %assign/vec4 v0x8bb20a4e0_0, 0;
    %load/vec4 v0x8bb2080a0_0;
    %assign/vec4 v0x8bb20a440_0, 0;
    %load/vec4 v0x8bb207f20_0;
    %assign/vec4 v0x8bb20a3a0_0, 0;
    %load/vec4 v0x8bb20d040_0;
    %load/vec4 v0x8bb206da0_0;
    %add;
    %assign/vec4 v0x8bb20d040_0, 0;
    %pushi/vec4 1, 0, 1;
    %store/vec4 v0x8bb20d400_0, 0, 1;
T_27.125 ;
    %load/vec4 v0x8bb20a9e0_0;
    %nor/r;
    %flag_set/vec4 9;
    %flag_get/vec4 9;
    %jmp/0 T_27.135, 9;
    %load/vec4 v0x8bb20ac60_0;
    %and;
T_27.135;
    %flag_set/vec4 8;
    %jmp/0xz  T_27.133, 8;
    %pushi/vec4 1, 0, 1;
    %dup/vec4;
    %load/vec4 v0x8bb20a4e0_0;
    %cmp/u;
    %jmp/1 T_27.136, 6;
    %dup/vec4;
    %load/vec4 v0x8bb20a440_0;
    %cmp/u;
    %jmp/1 T_27.137, 6;
    %dup/vec4;
    %load/vec4 v0x8bb20a3a0_0;
    %cmp/u;
    %jmp/1 T_27.138, 6;
    %jmp T_27.139;
T_27.136 ;
    %load/vec4 v0x8bb20b660_0;
    %assign/vec4 v0x8bb20d180_0, 0;
    %jmp T_27.139;
T_27.137 ;
    %load/vec4 v0x8bb20b660_0;
    %parti/s 16, 0, 2;
    %pad/s 32;
    %assign/vec4 v0x8bb20d180_0, 0;
    %jmp T_27.139;
T_27.138 ;
    %load/vec4 v0x8bb20b660_0;
    %parti/s 8, 0, 2;
    %pad/s 32;
    %assign/vec4 v0x8bb20d180_0, 0;
    %jmp T_27.139;
T_27.139 ;
    %pop/vec4 1;
    %pushi/vec4 1, 0, 1;
    %assign/vec4 v0x8bb2072a0_0, 0;
    %pushi/vec4 1, 0, 1;
    %assign/vec4 v0x8bb207160_0, 0;
    %pushi/vec4 64, 0, 8;
    %assign/vec4 v0x8bb205c20_0, 0;
T_27.133 ;
T_27.122 ;
    %jmp T_27.15;
T_27.15 ;
    %pop/vec4 1;
T_27.6 ;
    %pushi/vec4 1, 0, 1;
    %flag_set/vec4 10;
    %flag_get/vec4 10;
    %jmp/0 T_27.143, 10;
    %load/vec4 v0x8bb20d360_0;
    %and;
T_27.143;
    %flag_set/vec4 9;
    %flag_get/vec4 9;
    %jmp/0 T_27.142, 9;
    %load/vec4 v0x8bb20aa80_0;
    %flag_set/vec4 9;
    %flag_get/vec4 9;
    %jmp/1 T_27.144, 9;
    %load/vec4 v0x8bb20abc0_0;
    %or;
T_27.144;
    %and;
T_27.142;
    %flag_set/vec4 8;
    %jmp/0xz  T_27.140, 8;
    %load/vec4 v0x8bb20b980_0;
    %pad/u 32;
    %cmpi/e 0, 0, 32;
    %flag_get/vec4 4;
    %jmp/0 T_27.147, 4;
    %load/vec4 v0x8bb20d040_0;
    %parti/s 2, 0, 2;
    %pad/u 32;
    %pushi/vec4 0, 0, 32;
    %cmp/ne;
    %flag_get/vec4 4;
    %and;
T_27.147;
    %flag_set/vec4 8;
    %jmp/0xz  T_27.145, 8;
    %pushi/vec4 128, 0, 8;
    %assign/vec4 v0x8bb205c20_0, 0;
T_27.145 ;
    %load/vec4 v0x8bb20b980_0;
    %pad/u 32;
    %cmpi/e 1, 0, 32;
    %flag_get/vec4 4;
    %jmp/0 T_27.150, 4;
    %load/vec4 v0x8bb20d040_0;
    %parti/s 1, 0, 2;
    %pad/u 32;
    %pushi/vec4 0, 0, 32;
    %cmp/ne;
    %flag_get/vec4 4;
    %and;
T_27.150;
    %flag_set/vec4 8;
    %jmp/0xz  T_27.148, 8;
    %pushi/vec4 128, 0, 8;
    %assign/vec4 v0x8bb205c20_0, 0;
T_27.148 ;
T_27.140 ;
    %pushi/vec4 1, 0, 1;
    %flag_set/vec4 11;
    %flag_get/vec4 11;
    %jmp/0 T_27.155, 11;
    %load/vec4 v0x8bb20d360_0;
    %and;
T_27.155;
    %flag_set/vec4 10;
    %flag_get/vec4 10;
    %jmp/0 T_27.154, 10;
    %load/vec4 v0x8bb20ab20_0;
    %and;
T_27.154;
    %flag_set/vec4 9;
    %flag_get/vec4 9;
    %jmp/0 T_27.153, 9;
    %load/vec4 v0x8bb20d220_0;
    %parti/s 2, 0, 2;
    %or/r;
    %and;
T_27.153;
    %flag_set/vec4 8;
    %jmp/0xz  T_27.151, 8;
    %pushi/vec4 128, 0, 8;
    %assign/vec4 v0x8bb205c20_0, 0;
T_27.151 ;
    %load/vec4 v0x8bb20d360_0;
    %nor/r;
    %flag_set/vec4 8;
    %jmp/1 T_27.158, 8;
    %load/vec4 v0x8bb20ac60_0;
    %flag_set/vec4 9;
    %flag_or 8, 9;
T_27.158;
    %jmp/0xz  T_27.156, 8;
    %pushi/vec4 0, 0, 1;
    %assign/vec4 v0x8bb20a9e0_0, 0;
    %pushi/vec4 0, 0, 1;
    %assign/vec4 v0x8bb20ab20_0, 0;
    %pushi/vec4 0, 0, 1;
    %assign/vec4 v0x8bb20aa80_0, 0;
    %pushi/vec4 0, 0, 1;
    %assign/vec4 v0x8bb20abc0_0, 0;
T_27.156 ;
    %load/vec4 v0x8bb20d4a0_0;
    %flag_set/vec4 8;
    %jmp/0xz  T_27.159, 8;
    %pushi/vec4 1, 0, 1;
    %assign/vec4 v0x8bb20ab20_0, 0;
T_27.159 ;
    %load/vec4 v0x8bb20d400_0;
    %flag_set/vec4 8;
    %jmp/0xz  T_27.161, 8;
    %pushi/vec4 1, 0, 1;
    %assign/vec4 v0x8bb20aa80_0, 0;
T_27.161 ;
    %load/vec4 v0x8bb20d540_0;
    %flag_set/vec4 8;
    %jmp/0xz  T_27.163, 8;
    %pushi/vec4 1, 0, 1;
    %assign/vec4 v0x8bb20abc0_0, 0;
T_27.163 ;
    %load/vec4 v0x8bb20bca0_0;
    %pushi/vec4 4294967295, 0, 32;
    %and;
    %assign/vec4 v0x8bb209720_0, 0;
    %pushi/vec4 4294967295, 4294967295, 32;
    %store/vec4 v0x8bb205fe0_0, 0, 32;
    %jmp T_27;
    .thread T_27;
    .scope S_0x102b454b0;
T_28 ;
    %wait E_0x8bb1e4900;
    %load/vec4 v0x8bb20fc00_0;
    %flag_set/vec4 8;
    %jmp/0xz  T_28.0, 8;
    %load/vec4 v0x8bb20fb60_0;
    %load/vec4 v0x8bb20fac0_0;
    %parti/s 5, 0, 2;
    %inv;
    %pad/u 7;
    %ix/vec4 3;
    %ix/load 4, 0, 0; Constant delay
    %assign/vec4/a/d v0x8bb20fa20, 0, 4;
T_28.0 ;
    %jmp T_28;
    .thread T_28;
    .scope S_0x8bae20a80;
T_29 ;
    %wait E_0x8bb1e4c00;
    %load/vec4 v0x8bb21dea0_0;
    %flag_set/vec4 8;
    %jmp/0 T_29.0, 8;
    %load/vec4 v0x8bb221ea0_0;
    %load/vec4 v0x8bb221f40_0;
    %sub;
    %jmp/1 T_29.1, 8;
T_29.0 ; End of true expr.
    %load/vec4 v0x8bb221ea0_0;
    %load/vec4 v0x8bb221f40_0;
    %add;
    %jmp/0 T_29.1, 8;
 ; End of false expr.
    %blend;
T_29.1;
    %store/vec4 v0x8bb215b80_0, 0, 32;
    %load/vec4 v0x8bb221ea0_0;
    %load/vec4 v0x8bb221f40_0;
    %cmp/e;
    %flag_get/vec4 4;
    %store/vec4 v0x8bb215c20_0, 0, 1;
    %load/vec4 v0x8bb221ea0_0;
    %load/vec4 v0x8bb221f40_0;
    %cmp/s;
    %flag_get/vec4 5;
    %store/vec4 v0x8bb215cc0_0, 0, 1;
    %load/vec4 v0x8bb221ea0_0;
    %load/vec4 v0x8bb221f40_0;
    %cmp/u;
    %flag_get/vec4 5;
    %store/vec4 v0x8bb215d60_0, 0, 1;
    %load/vec4 v0x8bb221ea0_0;
    %load/vec4 v0x8bb221f40_0;
    %parti/s 5, 0, 2;
    %ix/vec4 4;
    %shiftl 4;
    %store/vec4 v0x8bb216080_0, 0, 32;
    %load/vec4 v0x8bb21dc20_0;
    %flag_set/vec4 8;
    %jmp/1 T_29.4, 8;
    %load/vec4 v0x8bb21dcc0_0;
    %flag_set/vec4 9;
    %flag_or 8, 9;
T_29.4;
    %jmp/0 T_29.2, 8;
    %load/vec4 v0x8bb221ea0_0;
    %parti/s 1, 31, 6;
    %jmp/1 T_29.3, 8;
T_29.2 ; End of true expr.
    %pushi/vec4 0, 0, 1;
    %jmp/0 T_29.3, 8;
 ; End of false expr.
    %blend;
T_29.3;
    %load/vec4 v0x8bb221ea0_0;
    %concat/vec4; draw_concat_vec4
    %load/vec4 v0x8bb221f40_0;
    %parti/s 5, 0, 2;
    %ix/vec4 4;
    %shiftr/s 4;
    %pad/s 32;
    %store/vec4 v0x8bb216120_0, 0, 32;
    %jmp T_29;
    .thread T_29, $push;
    .scope S_0x8bae20300;
T_30 ;
    %end;
    .thread T_30;
    .scope S_0x8bae20300;
T_31 ;
    %wait E_0x8bb1e4bc0;
    %pushi/vec4 0, 0, 1;
    %store/vec4 v0x8bb221180_0, 0, 1;
    %pushi/vec4 4294967295, 4294967295, 32;
    %store/vec4 v0x8bb220fa0_0, 0, 32;
    %pushi/vec4 0, 0, 1;
    %store/vec4 v0x8bb2210e0_0, 0, 1;
    %pushi/vec4 0, 0, 1;
    %store/vec4 v0x8bb221040_0, 0, 1;
    %pushi/vec4 1, 0, 1;
    %dup/vec4;
    %pushi/vec4 0, 0, 1;
    %cmp/u;
    %jmp/1 T_31.0, 6;
    %dup/vec4;
    %pushi/vec4 0, 0, 1;
    %cmp/u;
    %jmp/1 T_31.1, 6;
    %dup/vec4;
    %pushi/vec4 0, 0, 1;
    %cmp/u;
    %jmp/1 T_31.2, 6;
    %jmp T_31.3;
T_31.0 ;
    %pushi/vec4 0, 0, 1;
    %store/vec4 v0x8bb221180_0, 0, 1;
    %pushi/vec4 0, 0, 32;
    %store/vec4 v0x8bb220fa0_0, 0, 32;
    %jmp T_31.3;
T_31.1 ;
    %load/vec4 v0x8bb221400_0;
    %store/vec4 v0x8bb221180_0, 0, 1;
    %load/vec4 v0x8bb221220_0;
    %store/vec4 v0x8bb220fa0_0, 0, 32;
    %jmp T_31.3;
T_31.2 ;
    %load/vec4 v0x8bb220e60_0;
    %store/vec4 v0x8bb221180_0, 0, 1;
    %load/vec4 v0x8bb220c80_0;
    %store/vec4 v0x8bb220fa0_0, 0, 32;
    %jmp T_31.3;
T_31.3 ;
    %pop/vec4 1;
    %jmp T_31;
    .thread T_31, $push;
    .scope S_0x8bae20300;
T_32 ;
    %wait E_0x8bb1e4980;
    %load/vec4 v0x8bb2221c0_0;
    %nor/r;
    %flag_set/vec4 8;
    %jmp/0xz  T_32.0, 8;
    %pushi/vec4 0, 0, 1;
    %assign/vec4 v0x8bb21fd40_0, 0;
    %pushi/vec4 0, 0, 1;
    %assign/vec4 v0x8bb21f020_0, 0;
    %jmp T_32.1;
T_32.0 ;
    %load/vec4 v0x8bb21f020_0;
    %nor/r;
    %flag_set/vec4 8;
    %jmp/0xz  T_32.2, 8;
    %load/vec4 v0x8bb21fca0_0;
    %assign/vec4 v0x8bb21fd40_0, 0;
T_32.2 ;
    %load/vec4 v0x8bb2206e0_0;
    %flag_set/vec4 8;
    %flag_get/vec4 8;
    %jmp/0 T_32.4, 8;
    %load/vec4 v0x8bb2205a0_0;
    %nor/r;
    %and;
T_32.4;
    %assign/vec4 v0x8bb21f020_0, 0;
T_32.1 ;
    %jmp T_32;
    .thread T_32;
    .scope S_0x8bae20300;
T_33 ;
    %wait E_0x8bb1e4b80;
    %load/vec4 v0x8bb220820_0;
    %dup/vec4;
    %pushi/vec4 0, 0, 2;
    %cmp/u;
    %jmp/1 T_33.0, 6;
    %dup/vec4;
    %pushi/vec4 1, 0, 2;
    %cmp/u;
    %jmp/1 T_33.1, 6;
    %dup/vec4;
    %pushi/vec4 2, 0, 2;
    %cmp/u;
    %jmp/1 T_33.2, 6;
    %jmp T_33.3;
T_33.0 ;
    %load/vec4 v0x8bb221f40_0;
    %store/vec4 v0x8bb2200a0_0, 0, 32;
    %pushi/vec4 15, 0, 4;
    %store/vec4 v0x8bb2201e0_0, 0, 4;
    %load/vec4 v0x8bb220280_0;
    %store/vec4 v0x8bb220500_0, 0, 32;
    %jmp T_33.3;
T_33.1 ;
    %load/vec4 v0x8bb221f40_0;
    %parti/s 16, 0, 2;
    %replicate 2;
    %store/vec4 v0x8bb2200a0_0, 0, 32;
    %load/vec4 v0x8bb221ea0_0;
    %parti/s 1, 1, 2;
    %flag_set/vec4 8;
    %jmp/0 T_33.4, 8;
    %pushi/vec4 12, 0, 4;
    %jmp/1 T_33.5, 8;
T_33.4 ; End of true expr.
    %pushi/vec4 3, 0, 4;
    %jmp/0 T_33.5, 8;
 ; End of false expr.
    %blend;
T_33.5;
    %store/vec4 v0x8bb2201e0_0, 0, 4;
    %load/vec4 v0x8bb221ea0_0;
    %parti/s 1, 1, 2;
    %dup/vec4;
    %pushi/vec4 0, 0, 1;
    %cmp/u;
    %jmp/1 T_33.6, 6;
    %dup/vec4;
    %pushi/vec4 1, 0, 1;
    %cmp/u;
    %jmp/1 T_33.7, 6;
    %jmp T_33.8;
T_33.6 ;
    %pushi/vec4 0, 0, 16;
    %load/vec4 v0x8bb220280_0;
    %parti/s 16, 0, 2;
    %concat/vec4; draw_concat_vec4
    %store/vec4 v0x8bb220500_0, 0, 32;
    %jmp T_33.8;
T_33.7 ;
    %pushi/vec4 0, 0, 16;
    %load/vec4 v0x8bb220280_0;
    %parti/s 16, 16, 6;
    %concat/vec4; draw_concat_vec4
    %store/vec4 v0x8bb220500_0, 0, 32;
    %jmp T_33.8;
T_33.8 ;
    %pop/vec4 1;
    %jmp T_33.3;
T_33.2 ;
    %load/vec4 v0x8bb221f40_0;
    %parti/s 8, 0, 2;
    %replicate 4;
    %store/vec4 v0x8bb2200a0_0, 0, 32;
    %pushi/vec4 1, 0, 4;
    %load/vec4 v0x8bb221ea0_0;
    %parti/s 2, 0, 2;
    %ix/vec4 4;
    %shiftl 4;
    %store/vec4 v0x8bb2201e0_0, 0, 4;
    %load/vec4 v0x8bb221ea0_0;
    %parti/s 2, 0, 2;
    %dup/vec4;
    %pushi/vec4 0, 0, 2;
    %cmp/u;
    %jmp/1 T_33.9, 6;
    %dup/vec4;
    %pushi/vec4 1, 0, 2;
    %cmp/u;
    %jmp/1 T_33.10, 6;
    %dup/vec4;
    %pushi/vec4 2, 0, 2;
    %cmp/u;
    %jmp/1 T_33.11, 6;
    %dup/vec4;
    %pushi/vec4 3, 0, 2;
    %cmp/u;
    %jmp/1 T_33.12, 6;
    %jmp T_33.13;
T_33.9 ;
    %pushi/vec4 0, 0, 24;
    %load/vec4 v0x8bb220280_0;
    %parti/s 8, 0, 2;
    %concat/vec4; draw_concat_vec4
    %store/vec4 v0x8bb220500_0, 0, 32;
    %jmp T_33.13;
T_33.10 ;
    %pushi/vec4 0, 0, 24;
    %load/vec4 v0x8bb220280_0;
    %parti/s 8, 8, 5;
    %concat/vec4; draw_concat_vec4
    %store/vec4 v0x8bb220500_0, 0, 32;
    %jmp T_33.13;
T_33.11 ;
    %pushi/vec4 0, 0, 24;
    %load/vec4 v0x8bb220280_0;
    %parti/s 8, 16, 6;
    %concat/vec4; draw_concat_vec4
    %store/vec4 v0x8bb220500_0, 0, 32;
    %jmp T_33.13;
T_33.12 ;
    %pushi/vec4 0, 0, 24;
    %load/vec4 v0x8bb220280_0;
    %parti/s 8, 24, 6;
    %concat/vec4; draw_concat_vec4
    %store/vec4 v0x8bb220500_0, 0, 32;
    %jmp T_33.13;
T_33.13 ;
    %pop/vec4 1;
    %jmp T_33.3;
T_33.3 ;
    %pop/vec4 1;
    %jmp T_33;
    .thread T_33, $push;
    .scope S_0x8bae20300;
T_34 ;
    %wait E_0x8bb1e4980;
    %load/vec4 v0x8bb220960_0;
    %flag_set/vec4 8;
    %jmp/0xz  T_34.0, 8;
    %load/vec4 v0x8bb220280_0;
    %assign/vec4 v0x8bb220460_0, 0;
    %load/vec4 v0x8bb220280_0;
    %assign/vec4 v0x8bb220aa0_0, 0;
T_34.0 ;
    %jmp T_34;
    .thread T_34;
    .scope S_0x8bae20300;
T_35 ;
    %wait E_0x8bb1e4980;
    %load/vec4 v0x8bb2221c0_0;
    %flag_set/vec4 9;
    %flag_get/vec4 9;
    %jmp/0 T_35.2, 9;
    %load/vec4 v0x8bb222620_0;
    %nor/r;
    %and;
T_35.2;
    %flag_set/vec4 8;
    %jmp/0xz  T_35.0, 8;
    %load/vec4 v0x8bb21f840_0;
    %flag_set/vec4 8;
    %jmp/1 T_35.6, 8;
    %load/vec4 v0x8bb21f980_0;
    %flag_set/vec4 9;
    %flag_or 8, 9;
T_35.6;
    %jmp/1 T_35.5, 8;
    %load/vec4 v0x8bb21f8e0_0;
    %flag_set/vec4 9;
    %flag_or 8, 9;
T_35.5;
    %jmp/0xz  T_35.3, 8;
    %fork TD_picorv32_wb.picorv32_core.empty_statement, S_0x8bae20600;
    %join;
T_35.3 ;
    %load/vec4 v0x8bb21f840_0;
    %flag_set/vec4 8;
    %jmp/1 T_35.9, 8;
    %load/vec4 v0x8bb21f980_0;
    %flag_set/vec4 9;
    %flag_or 8, 9;
T_35.9;
    %jmp/0xz  T_35.7, 8;
    %fork TD_picorv32_wb.picorv32_core.empty_statement, S_0x8bae20600;
    %join;
T_35.7 ;
    %load/vec4 v0x8bb21f8e0_0;
    %flag_set/vec4 8;
    %jmp/0xz  T_35.10, 8;
    %fork TD_picorv32_wb.picorv32_core.empty_statement, S_0x8bae20600;
    %join;
T_35.10 ;
    %load/vec4 v0x8bb21fa20_0;
    %flag_set/vec4 8;
    %jmp/0xz  T_35.12, 8;
    %fork TD_picorv32_wb.picorv32_core.empty_statement, S_0x8bae20600;
    %join;
T_35.12 ;
    %load/vec4 v0x8bb220640_0;
    %pad/u 32;
    %cmpi/e 2, 0, 32;
    %jmp/1 T_35.16, 4;
    %flag_mov 8, 4;
    %load/vec4 v0x8bb220640_0;
    %pad/u 32;
    %cmpi/e 3, 0, 32;
    %flag_or 4, 8;
T_35.16;
    %jmp/0xz  T_35.14, 4;
    %fork TD_picorv32_wb.picorv32_core.empty_statement, S_0x8bae20600;
    %join;
T_35.14 ;
T_35.0 ;
    %jmp T_35;
    .thread T_35;
    .scope S_0x8bae20300;
T_36 ;
    %wait E_0x8bb1e4980;
    %load/vec4 v0x8bb2221c0_0;
    %nor/r;
    %flag_set/vec4 8;
    %jmp/1 T_36.2, 8;
    %load/vec4 v0x8bb222620_0;
    %flag_set/vec4 9;
    %flag_or 8, 9;
T_36.2;
    %jmp/0xz  T_36.0, 8;
    %load/vec4 v0x8bb2221c0_0;
    %nor/r;
    %flag_set/vec4 8;
    %jmp/0xz  T_36.3, 8;
    %pushi/vec4 0, 0, 2;
    %assign/vec4 v0x8bb220640_0, 0;
T_36.3 ;
    %load/vec4 v0x8bb2221c0_0;
    %nor/r;
    %flag_set/vec4 8;
    %jmp/1 T_36.7, 8;
    %load/vec4 v0x8bb2205a0_0;
    %flag_set/vec4 9;
    %flag_or 8, 9;
T_36.7;
    %jmp/0xz  T_36.5, 8;
    %pushi/vec4 0, 0, 1;
    %assign/vec4 v0x8bb2206e0_0, 0;
T_36.5 ;
    %pushi/vec4 0, 0, 1;
    %assign/vec4 v0x8bb21ff20_0, 0;
    %pushi/vec4 0, 0, 1;
    %assign/vec4 v0x8bb2219a0_0, 0;
    %jmp T_36.1;
T_36.0 ;
    %load/vec4 v0x8bb21fe80_0;
    %flag_set/vec4 8;
    %jmp/1 T_36.10, 8;
    %load/vec4 v0x8bb220140_0;
    %flag_set/vec4 9;
    %flag_or 8, 9;
T_36.10;
    %jmp/0xz  T_36.8, 8;
    %load/vec4 v0x8bb21fc00_0;
    %assign/vec4 v0x8bb21f700_0, 0;
    %load/vec4 v0x8bb2201e0_0;
    %load/vec4 v0x8bb220140_0;
    %replicate 4;
    %and;
    %assign/vec4 v0x8bb2208c0_0, 0;
T_36.8 ;
    %load/vec4 v0x8bb220140_0;
    %flag_set/vec4 8;
    %jmp/0xz  T_36.11, 8;
    %load/vec4 v0x8bb2200a0_0;
    %assign/vec4 v0x8bb220780_0, 0;
T_36.11 ;
    %load/vec4 v0x8bb220640_0;
    %dup/vec4;
    %pushi/vec4 0, 0, 2;
    %cmp/u;
    %jmp/1 T_36.13, 6;
    %dup/vec4;
    %pushi/vec4 1, 0, 2;
    %cmp/u;
    %jmp/1 T_36.14, 6;
    %dup/vec4;
    %pushi/vec4 2, 0, 2;
    %cmp/u;
    %jmp/1 T_36.15, 6;
    %dup/vec4;
    %pushi/vec4 3, 0, 2;
    %cmp/u;
    %jmp/1 T_36.16, 6;
    %jmp T_36.17;
T_36.13 ;
    %load/vec4 v0x8bb21f840_0;
    %flag_set/vec4 8;
    %jmp/1 T_36.21, 8;
    %load/vec4 v0x8bb21f980_0;
    %flag_set/vec4 9;
    %flag_or 8, 9;
T_36.21;
    %jmp/1 T_36.20, 8;
    %load/vec4 v0x8bb21f8e0_0;
    %flag_set/vec4 9;
    %flag_or 8, 9;
T_36.20;
    %jmp/0xz  T_36.18, 8;
    %load/vec4 v0x8bb220000_0;
    %nor/r;
    %assign/vec4 v0x8bb2206e0_0, 0;
    %load/vec4 v0x8bb21f840_0;
    %flag_set/vec4 8;
    %flag_get/vec4 8;
    %jmp/1 T_36.22, 8;
    %load/vec4 v0x8bb21f980_0;
    %or;
T_36.22;
    %assign/vec4 v0x8bb21fb60_0, 0;
    %pushi/vec4 0, 0, 4;
    %assign/vec4 v0x8bb2208c0_0, 0;
    %pushi/vec4 1, 0, 2;
    %assign/vec4 v0x8bb220640_0, 0;
T_36.18 ;
    %load/vec4 v0x8bb21fa20_0;
    %flag_set/vec4 8;
    %jmp/0xz  T_36.23, 8;
    %pushi/vec4 1, 0, 1;
    %assign/vec4 v0x8bb2206e0_0, 0;
    %pushi/vec4 0, 0, 1;
    %assign/vec4 v0x8bb21fb60_0, 0;
    %pushi/vec4 2, 0, 2;
    %assign/vec4 v0x8bb220640_0, 0;
T_36.23 ;
    %jmp T_36.17;
T_36.14 ;
    %fork TD_picorv32_wb.picorv32_core.empty_statement, S_0x8bae20600;
    %join;
    %fork TD_picorv32_wb.picorv32_core.empty_statement, S_0x8bae20600;
    %join;
    %fork TD_picorv32_wb.picorv32_core.empty_statement, S_0x8bae20600;
    %join;
    %fork TD_picorv32_wb.picorv32_core.empty_statement, S_0x8bae20600;
    %join;
    %load/vec4 v0x8bb220960_0;
    %flag_set/vec4 8;
    %jmp/0xz  T_36.25, 8;
    %pushi/vec4 0, 0, 1;
    %assign/vec4 v0x8bb2206e0_0, 0;
    %pushi/vec4 0, 0, 1;
    %assign/vec4 v0x8bb21ff20_0, 0;
    %load/vec4 v0x8bb21f980_0;
    %flag_set/vec4 8;
    %jmp/1 T_36.29, 8;
    %load/vec4 v0x8bb21f8e0_0;
    %flag_set/vec4 9;
    %flag_or 8, 9;
T_36.29;
    %jmp/0 T_36.27, 8;
    %pushi/vec4 0, 0, 3;
    %jmp/1 T_36.28, 8;
T_36.27 ; End of true expr.
    %pushi/vec4 3, 0, 3;
    %jmp/0 T_36.28, 8;
 ; End of false expr.
    %blend;
T_36.28;
    %pad/s 2;
    %assign/vec4 v0x8bb220640_0, 0;
T_36.25 ;
    %jmp T_36.17;
T_36.15 ;
    %fork TD_picorv32_wb.picorv32_core.empty_statement, S_0x8bae20600;
    %join;
    %fork TD_picorv32_wb.picorv32_core.empty_statement, S_0x8bae20600;
    %join;
    %load/vec4 v0x8bb220960_0;
    %flag_set/vec4 8;
    %jmp/0xz  T_36.30, 8;
    %pushi/vec4 0, 0, 1;
    %assign/vec4 v0x8bb2206e0_0, 0;
    %pushi/vec4 0, 0, 2;
    %assign/vec4 v0x8bb220640_0, 0;
T_36.30 ;
    %jmp T_36.17;
T_36.16 ;
    %fork TD_picorv32_wb.picorv32_core.empty_statement, S_0x8bae20600;
    %join;
    %fork TD_picorv32_wb.picorv32_core.empty_statement, S_0x8bae20600;
    %join;
    %load/vec4 v0x8bb21f980_0;
    %flag_set/vec4 8;
    %jmp/0xz  T_36.32, 8;
    %pushi/vec4 0, 0, 2;
    %assign/vec4 v0x8bb220640_0, 0;
T_36.32 ;
    %jmp T_36.17;
T_36.17 ;
    %pop/vec4 1;
T_36.1 ;
    %load/vec4 v0x8bb2166c0_0;
    %flag_set/vec4 8;
    %jmp/0xz  T_36.34, 8;
    %pushi/vec4 0, 0, 1;
    %assign/vec4 v0x8bb2219a0_0, 0;
T_36.34 ;
    %jmp T_36;
    .thread T_36;
    .scope S_0x8bae20300;
T_37 ;
    %wait E_0x8bb1e4b40;
    %pushi/vec4 0, 0, 32; draw_string_vec4
    %pushi/vec4 0, 0, 32; draw_string_vec4
    %concat/vec4; draw_string_vec4
    %store/vec4 v0x8bb220a00_0, 0, 64;
    %load/vec4 v0x8bb21d040_0;
    %flag_set/vec4 8;
    %jmp/0xz  T_37.0, 8;
    %pushi/vec4 0, 0, 32; draw_string_vec4
    %pushi/vec4 7107945, 0, 32; draw_string_vec4
    %concat/vec4; draw_string_vec4
    %store/vec4 v0x8bb220a00_0, 0, 64;
T_37.0 ;
    %load/vec4 v0x8bb21c640_0;
    %flag_set/vec4 8;
    %jmp/0xz  T_37.2, 8;
    %pushi/vec4 97, 0, 32; draw_string_vec4
    %pushi/vec4 1969844323, 0, 32; draw_string_vec4
    %concat/vec4; draw_string_vec4
    %store/vec4 v0x8bb220a00_0, 0, 64;
T_37.2 ;
    %load/vec4 v0x8bb21cc80_0;
    %flag_set/vec4 8;
    %jmp/0xz  T_37.4, 8;
    %pushi/vec4 0, 0, 32; draw_string_vec4
    %pushi/vec4 6971756, 0, 32; draw_string_vec4
    %concat/vec4; draw_string_vec4
    %store/vec4 v0x8bb220a00_0, 0, 64;
T_37.4 ;
    %load/vec4 v0x8bb21cd20_0;
    %flag_set/vec4 8;
    %jmp/0xz  T_37.6, 8;
    %pushi/vec4 0, 0, 32; draw_string_vec4
    %pushi/vec4 1784769650, 0, 32; draw_string_vec4
    %concat/vec4; draw_string_vec4
    %store/vec4 v0x8bb220a00_0, 0, 64;
T_37.6 ;
    %load/vec4 v0x8bb21c6e0_0;
    %flag_set/vec4 8;
    %jmp/0xz  T_37.8, 8;
    %pushi/vec4 0, 0, 32; draw_string_vec4
    %pushi/vec4 6448497, 0, 32; draw_string_vec4
    %concat/vec4; draw_string_vec4
    %store/vec4 v0x8bb220a00_0, 0, 64;
T_37.8 ;
    %load/vec4 v0x8bb21ca00_0;
    %flag_set/vec4 8;
    %jmp/0xz  T_37.10, 8;
    %pushi/vec4 0, 0, 32; draw_string_vec4
    %pushi/vec4 6450789, 0, 32; draw_string_vec4
    %concat/vec4; draw_string_vec4
    %store/vec4 v0x8bb220a00_0, 0, 64;
T_37.10 ;
    %load/vec4 v0x8bb21c8c0_0;
    %flag_set/vec4 8;
    %jmp/0xz  T_37.12, 8;
    %pushi/vec4 0, 0, 32; draw_string_vec4
    %pushi/vec4 6450292, 0, 32; draw_string_vec4
    %concat/vec4; draw_string_vec4
    %store/vec4 v0x8bb220a00_0, 0, 64;
T_37.12 ;
    %load/vec4 v0x8bb21c780_0;
    %flag_set/vec4 8;
    %jmp/0xz  T_37.14, 8;
    %pushi/vec4 0, 0, 32; draw_string_vec4
    %pushi/vec4 6448997, 0, 32; draw_string_vec4
    %concat/vec4; draw_string_vec4
    %store/vec4 v0x8bb220a00_0, 0, 64;
T_37.14 ;
    %load/vec4 v0x8bb21c960_0;
    %flag_set/vec4 8;
    %jmp/0xz  T_37.16, 8;
    %pushi/vec4 0, 0, 32; draw_string_vec4
    %pushi/vec4 1651274869, 0, 32; draw_string_vec4
    %concat/vec4; draw_string_vec4
    %store/vec4 v0x8bb220a00_0, 0, 64;
T_37.16 ;
    %load/vec4 v0x8bb21c820_0;
    %flag_set/vec4 8;
    %jmp/0xz  T_37.18, 8;
    %pushi/vec4 0, 0, 32; draw_string_vec4
    %pushi/vec4 1650943349, 0, 32; draw_string_vec4
    %concat/vec4; draw_string_vec4
    %store/vec4 v0x8bb220a00_0, 0, 64;
T_37.18 ;
    %load/vec4 v0x8bb21cdc0_0;
    %flag_set/vec4 8;
    %jmp/0xz  T_37.20, 8;
    %pushi/vec4 0, 0, 32; draw_string_vec4
    %pushi/vec4 27746, 0, 32; draw_string_vec4
    %concat/vec4; draw_string_vec4
    %store/vec4 v0x8bb220a00_0, 0, 64;
T_37.20 ;
    %load/vec4 v0x8bb21cf00_0;
    %flag_set/vec4 8;
    %jmp/0xz  T_37.22, 8;
    %pushi/vec4 0, 0, 32; draw_string_vec4
    %pushi/vec4 27752, 0, 32; draw_string_vec4
    %concat/vec4; draw_string_vec4
    %store/vec4 v0x8bb220a00_0, 0, 64;
T_37.22 ;
    %load/vec4 v0x8bb21d0e0_0;
    %flag_set/vec4 8;
    %jmp/0xz  T_37.24, 8;
    %pushi/vec4 0, 0, 32; draw_string_vec4
    %pushi/vec4 27767, 0, 32; draw_string_vec4
    %concat/vec4; draw_string_vec4
    %store/vec4 v0x8bb220a00_0, 0, 64;
T_37.24 ;
    %load/vec4 v0x8bb21ce60_0;
    %flag_set/vec4 8;
    %jmp/0xz  T_37.26, 8;
    %pushi/vec4 0, 0, 32; draw_string_vec4
    %pushi/vec4 7103093, 0, 32; draw_string_vec4
    %concat/vec4; draw_string_vec4
    %store/vec4 v0x8bb220a00_0, 0, 64;
T_37.26 ;
    %load/vec4 v0x8bb21cfa0_0;
    %flag_set/vec4 8;
    %jmp/0xz  T_37.28, 8;
    %pushi/vec4 0, 0, 32; draw_string_vec4
    %pushi/vec4 7104629, 0, 32; draw_string_vec4
    %concat/vec4; draw_string_vec4
    %store/vec4 v0x8bb220a00_0, 0, 64;
T_37.28 ;
    %load/vec4 v0x8bb21d680_0;
    %flag_set/vec4 8;
    %jmp/0xz  T_37.30, 8;
    %pushi/vec4 0, 0, 32; draw_string_vec4
    %pushi/vec4 29538, 0, 32; draw_string_vec4
    %concat/vec4; draw_string_vec4
    %store/vec4 v0x8bb220a00_0, 0, 64;
T_37.30 ;
    %load/vec4 v0x8bb21d7c0_0;
    %flag_set/vec4 8;
    %jmp/0xz  T_37.32, 8;
    %pushi/vec4 0, 0, 32; draw_string_vec4
    %pushi/vec4 29544, 0, 32; draw_string_vec4
    %concat/vec4; draw_string_vec4
    %store/vec4 v0x8bb220a00_0, 0, 64;
T_37.32 ;
    %load/vec4 v0x8bb21df40_0;
    %flag_set/vec4 8;
    %jmp/0xz  T_37.34, 8;
    %pushi/vec4 0, 0, 32; draw_string_vec4
    %pushi/vec4 29559, 0, 32; draw_string_vec4
    %concat/vec4; draw_string_vec4
    %store/vec4 v0x8bb220a00_0, 0, 64;
T_37.34 ;
    %load/vec4 v0x8bb21c460_0;
    %flag_set/vec4 8;
    %jmp/0xz  T_37.36, 8;
    %pushi/vec4 0, 0, 32; draw_string_vec4
    %pushi/vec4 1633969257, 0, 32; draw_string_vec4
    %concat/vec4; draw_string_vec4
    %store/vec4 v0x8bb220a00_0, 0, 64;
T_37.36 ;
    %load/vec4 v0x8bb21da40_0;
    %flag_set/vec4 8;
    %jmp/0xz  T_37.38, 8;
    %pushi/vec4 0, 0, 32; draw_string_vec4
    %pushi/vec4 1936487529, 0, 32; draw_string_vec4
    %concat/vec4; draw_string_vec4
    %store/vec4 v0x8bb220a00_0, 0, 64;
T_37.38 ;
    %load/vec4 v0x8bb21dae0_0;
    %flag_set/vec4 8;
    %jmp/0xz  T_37.40, 8;
    %pushi/vec4 115, 0, 32; draw_string_vec4
    %pushi/vec4 1819568501, 0, 32; draw_string_vec4
    %concat/vec4; draw_string_vec4
    %store/vec4 v0x8bb220a00_0, 0, 64;
T_37.40 ;
    %load/vec4 v0x8bb21e260_0;
    %flag_set/vec4 8;
    %jmp/0xz  T_37.42, 8;
    %pushi/vec4 0, 0, 32; draw_string_vec4
    %pushi/vec4 2020569705, 0, 32; draw_string_vec4
    %concat/vec4; draw_string_vec4
    %store/vec4 v0x8bb220a00_0, 0, 64;
T_37.42 ;
    %load/vec4 v0x8bb21d2c0_0;
    %flag_set/vec4 8;
    %jmp/0xz  T_37.44, 8;
    %pushi/vec4 0, 0, 32; draw_string_vec4
    %pushi/vec4 7303785, 0, 32; draw_string_vec4
    %concat/vec4; draw_string_vec4
    %store/vec4 v0x8bb220a00_0, 0, 64;
T_37.44 ;
    %load/vec4 v0x8bb21c5a0_0;
    %flag_set/vec4 8;
    %jmp/0xz  T_37.46, 8;
    %pushi/vec4 0, 0, 32; draw_string_vec4
    %pushi/vec4 1634624617, 0, 32; draw_string_vec4
    %concat/vec4; draw_string_vec4
    %store/vec4 v0x8bb220a00_0, 0, 64;
T_37.46 ;
    %load/vec4 v0x8bb21d900_0;
    %flag_set/vec4 8;
    %jmp/0xz  T_37.48, 8;
    %pushi/vec4 0, 0, 32; draw_string_vec4
    %pushi/vec4 1936485481, 0, 32; draw_string_vec4
    %concat/vec4; draw_string_vec4
    %store/vec4 v0x8bb220a00_0, 0, 64;
T_37.48 ;
    %load/vec4 v0x8bb21de00_0;
    %flag_set/vec4 8;
    %jmp/0xz  T_37.50, 8;
    %pushi/vec4 0, 0, 32; draw_string_vec4
    %pushi/vec4 1936878697, 0, 32; draw_string_vec4
    %concat/vec4; draw_string_vec4
    %store/vec4 v0x8bb220a00_0, 0, 64;
T_37.50 ;
    %load/vec4 v0x8bb21dcc0_0;
    %flag_set/vec4 8;
    %jmp/0xz  T_37.52, 8;
    %pushi/vec4 0, 0, 32; draw_string_vec4
    %pushi/vec4 1936875881, 0, 32; draw_string_vec4
    %concat/vec4; draw_string_vec4
    %store/vec4 v0x8bb220a00_0, 0, 64;
T_37.52 ;
    %load/vec4 v0x8bb21c3c0_0;
    %flag_set/vec4 8;
    %jmp/0xz  T_37.54, 8;
    %pushi/vec4 0, 0, 32; draw_string_vec4
    %pushi/vec4 6382692, 0, 32; draw_string_vec4
    %concat/vec4; draw_string_vec4
    %store/vec4 v0x8bb220a00_0, 0, 64;
T_37.54 ;
    %load/vec4 v0x8bb21dea0_0;
    %flag_set/vec4 8;
    %jmp/0xz  T_37.56, 8;
    %pushi/vec4 0, 0, 32; draw_string_vec4
    %pushi/vec4 7566690, 0, 32; draw_string_vec4
    %concat/vec4; draw_string_vec4
    %store/vec4 v0x8bb220a00_0, 0, 64;
T_37.56 ;
    %load/vec4 v0x8bb21d860_0;
    %flag_set/vec4 8;
    %jmp/0xz  T_37.58, 8;
    %pushi/vec4 0, 0, 32; draw_string_vec4
    %pushi/vec4 7564396, 0, 32; draw_string_vec4
    %concat/vec4; draw_string_vec4
    %store/vec4 v0x8bb220a00_0, 0, 64;
T_37.58 ;
    %load/vec4 v0x8bb21d9a0_0;
    %flag_set/vec4 8;
    %jmp/0xz  T_37.60, 8;
    %pushi/vec4 0, 0, 32; draw_string_vec4
    %pushi/vec4 7564404, 0, 32; draw_string_vec4
    %concat/vec4; draw_string_vec4
    %store/vec4 v0x8bb220a00_0, 0, 64;
T_37.60 ;
    %load/vec4 v0x8bb21db80_0;
    %flag_set/vec4 8;
    %jmp/0xz  T_37.62, 8;
    %pushi/vec4 0, 0, 32; draw_string_vec4
    %pushi/vec4 1936487541, 0, 32; draw_string_vec4
    %concat/vec4; draw_string_vec4
    %store/vec4 v0x8bb220a00_0, 0, 64;
T_37.62 ;
    %load/vec4 v0x8bb21e1c0_0;
    %flag_set/vec4 8;
    %jmp/0xz  T_37.64, 8;
    %pushi/vec4 0, 0, 32; draw_string_vec4
    %pushi/vec4 7892850, 0, 32; draw_string_vec4
    %concat/vec4; draw_string_vec4
    %store/vec4 v0x8bb220a00_0, 0, 64;
T_37.64 ;
    %load/vec4 v0x8bb21dd60_0;
    %flag_set/vec4 8;
    %jmp/0xz  T_37.66, 8;
    %pushi/vec4 0, 0, 32; draw_string_vec4
    %pushi/vec4 7565932, 0, 32; draw_string_vec4
    %concat/vec4; draw_string_vec4
    %store/vec4 v0x8bb220a00_0, 0, 64;
T_37.66 ;
    %load/vec4 v0x8bb21dc20_0;
    %flag_set/vec4 8;
    %jmp/0xz  T_37.68, 8;
    %pushi/vec4 0, 0, 32; draw_string_vec4
    %pushi/vec4 7565921, 0, 32; draw_string_vec4
    %concat/vec4; draw_string_vec4
    %store/vec4 v0x8bb220a00_0, 0, 64;
T_37.68 ;
    %load/vec4 v0x8bb21d220_0;
    %flag_set/vec4 8;
    %jmp/0xz  T_37.70, 8;
    %pushi/vec4 0, 0, 32; draw_string_vec4
    %pushi/vec4 28530, 0, 32; draw_string_vec4
    %concat/vec4; draw_string_vec4
    %store/vec4 v0x8bb220a00_0, 0, 64;
T_37.70 ;
    %load/vec4 v0x8bb21c500_0;
    %flag_set/vec4 8;
    %jmp/0xz  T_37.72, 8;
    %pushi/vec4 0, 0, 32; draw_string_vec4
    %pushi/vec4 6385252, 0, 32; draw_string_vec4
    %concat/vec4; draw_string_vec4
    %store/vec4 v0x8bb220a00_0, 0, 64;
T_37.72 ;
    %load/vec4 v0x8bb21d360_0;
    %flag_set/vec4 8;
    %jmp/0xz  T_37.74, 8;
    %pushi/vec4 7496803, 0, 32; draw_string_vec4
    %pushi/vec4 2036558949, 0, 32; draw_string_vec4
    %concat/vec4; draw_string_vec4
    %store/vec4 v0x8bb220a00_0, 0, 64;
T_37.74 ;
    %load/vec4 v0x8bb21d400_0;
    %flag_set/vec4 8;
    %jmp/0xz  T_37.76, 8;
    %pushi/vec4 1919181689, 0, 32; draw_string_vec4
    %pushi/vec4 1668048232, 0, 32; draw_string_vec4
    %concat/vec4; draw_string_vec4
    %store/vec4 v0x8bb220a00_0, 0, 64;
T_37.76 ;
    %load/vec4 v0x8bb21d4a0_0;
    %flag_set/vec4 8;
    %jmp/0xz  T_37.78, 8;
    %pushi/vec4 7496809, 0, 32; draw_string_vec4
    %pushi/vec4 1853060210, 0, 32; draw_string_vec4
    %concat/vec4; draw_string_vec4
    %store/vec4 v0x8bb220a00_0, 0, 64;
T_37.78 ;
    %load/vec4 v0x8bb21d540_0;
    %flag_set/vec4 8;
    %jmp/0xz  T_37.80, 8;
    %pushi/vec4 1919183214, 0, 32; draw_string_vec4
    %pushi/vec4 1937011304, 0, 32; draw_string_vec4
    %concat/vec4; draw_string_vec4
    %store/vec4 v0x8bb220a00_0, 0, 64;
T_37.80 ;
    %load/vec4 v0x8bb21cb40_0;
    %flag_set/vec4 8;
    %jmp/0xz  T_37.82, 8;
    %pushi/vec4 102, 0, 32; draw_string_vec4
    %pushi/vec4 1701733221, 0, 32; draw_string_vec4
    %concat/vec4; draw_string_vec4
    %store/vec4 v0x8bb220a00_0, 0, 64;
T_37.82 ;
    %load/vec4 v0x8bb21cbe0_0;
    %flag_set/vec4 8;
    %jmp/0xz  T_37.84, 8;
    %pushi/vec4 0, 0, 32; draw_string_vec4
    %pushi/vec4 1734702193, 0, 32; draw_string_vec4
    %concat/vec4; draw_string_vec4
    %store/vec4 v0x8bb220a00_0, 0, 64;
T_37.84 ;
    %load/vec4 v0x8bb21d720_0;
    %flag_set/vec4 8;
    %jmp/0xz  T_37.86, 8;
    %pushi/vec4 0, 0, 32; draw_string_vec4
    %pushi/vec4 1936028785, 0, 32; draw_string_vec4
    %concat/vec4; draw_string_vec4
    %store/vec4 v0x8bb220a00_0, 0, 64;
T_37.86 ;
    %load/vec4 v0x8bb21d5e0_0;
    %flag_set/vec4 8;
    %jmp/0xz  T_37.88, 8;
    %pushi/vec4 29285, 0, 32; draw_string_vec4
    %pushi/vec4 1953067633, 0, 32; draw_string_vec4
    %concat/vec4; draw_string_vec4
    %store/vec4 v0x8bb220a00_0, 0, 64;
T_37.88 ;
    %load/vec4 v0x8bb21d180_0;
    %flag_set/vec4 8;
    %jmp/0xz  T_37.90, 8;
    %pushi/vec4 7168371, 0, 32; draw_string_vec4
    %pushi/vec4 1802072689, 0, 32; draw_string_vec4
    %concat/vec4; draw_string_vec4
    %store/vec4 v0x8bb220a00_0, 0, 64;
T_37.90 ;
    %load/vec4 v0x8bb21e120_0;
    %flag_set/vec4 8;
    %jmp/0xz  T_37.92, 8;
    %pushi/vec4 7823721, 0, 32; draw_string_vec4
    %pushi/vec4 1953067633, 0, 32; draw_string_vec4
    %concat/vec4; draw_string_vec4
    %store/vec4 v0x8bb220a00_0, 0, 64;
T_37.92 ;
    %load/vec4 v0x8bb21dfe0_0;
    %flag_set/vec4 8;
    %jmp/0xz  T_37.94, 8;
    %pushi/vec4 116, 0, 32; draw_string_vec4
    %pushi/vec4 1768777074, 0, 32; draw_string_vec4
    %concat/vec4; draw_string_vec4
    %store/vec4 v0x8bb220a00_0, 0, 64;
T_37.94 ;
    %jmp T_37;
    .thread T_37, $push;
    .scope S_0x8bae20300;
T_38 ;
    %wait E_0x8bb1e4980;
    %load/vec4 v0x8bb216ee0_0;
    %assign/vec4 v0x8bb221a40_0, 0;
    %load/vec4 v0x8bb2170c0_0;
    %assign/vec4 v0x8bb221ae0_0, 0;
    %load/vec4 v0x8bb217160_0;
    %assign/vec4 v0x8bb221b80_0, 0;
    %load/vec4 v0x8bb2172a0_0;
    %assign/vec4 v0x8bb221cc0_0, 0;
    %load/vec4 v0x8bb217340_0;
    %assign/vec4 v0x8bb221d60_0, 0;
    %load/vec4 v0x8bb217200_0;
    %assign/vec4 v0x8bb221c20_0, 0;
    %load/vec4 v0x8bb21f660_0;
    %assign/vec4 v0x8bb217840_0, 0;
    %load/vec4 v0x8bb2221c0_0;
    %nor/r;
    %flag_set/vec4 8;
    %jmp/1 T_38.2, 8;
    %load/vec4 v0x8bb222620_0;
    %flag_set/vec4 9;
    %flag_or 8, 9;
T_38.2;
    %jmp/0xz  T_38.0, 8;
    %pushi/vec4 0, 0, 1;
    %assign/vec4 v0x8bb217b60_0, 0;
    %jmp T_38.1;
T_38.0 ;
    %load/vec4 v0x8bb21f660_0;
    %flag_set/vec4 8;
    %jmp/0xz  T_38.3, 8;
    %pushi/vec4 1, 0, 1;
    %assign/vec4 v0x8bb217b60_0, 0;
T_38.3 ;
T_38.1 ;
    %load/vec4 v0x8bb21c1e0_0;
    %flag_set/vec4 8;
    %jmp/0xz  T_38.5, 8;
    %load/vec4 v0x8bb220a00_0;
    %assign/vec4 v0x8bb216300_0, 0;
    %load/vec4 v0x8bb217c00_0;
    %assign/vec4 v0x8bb2163a0_0, 0;
    %load/vec4 v0x8bb220aa0_0;
    %parti/s 2, 0, 2;
    %and/r;
    %flag_set/vec4 8;
    %jmp/0xz  T_38.7, 8;
    %load/vec4 v0x8bb220aa0_0;
    %assign/vec4 v0x8bb216440_0, 0;
    %jmp T_38.8;
T_38.7 ;
    %pushi/vec4 0, 0, 16;
    %load/vec4 v0x8bb220aa0_0;
    %parti/s 16, 0, 2;
    %concat/vec4; draw_concat_vec4
    %assign/vec4 v0x8bb216440_0, 0;
T_38.8 ;
    %load/vec4 v0x8bb217e80_0;
    %assign/vec4 v0x8bb216580_0, 0;
    %load/vec4 v0x8bb217f20_0;
    %assign/vec4 v0x8bb216620_0, 0;
    %load/vec4 v0x8bb217d40_0;
    %assign/vec4 v0x8bb2164e0_0, 0;
T_38.5 ;
    %load/vec4 v0x8bb21f660_0;
    %flag_set/vec4 8;
    %jmp/0xz  T_38.9, 8;
    %load/vec4 v0x8bb220be0_0;
    %assign/vec4 v0x8bb217020_0, 0;
T_38.9 ;
    %jmp T_38;
    .thread T_38;
    .scope S_0x8bae20300;
T_39 ;
    %wait E_0x8bb1e4b00;
    %load/vec4 v0x8bb221a40_0;
    %store/vec4 v0x8bb216ee0_0, 0, 64;
    %load/vec4 v0x8bb221ae0_0;
    %store/vec4 v0x8bb2170c0_0, 0, 32;
    %load/vec4 v0x8bb221b80_0;
    %store/vec4 v0x8bb217160_0, 0, 32;
    %load/vec4 v0x8bb221cc0_0;
    %store/vec4 v0x8bb2172a0_0, 0, 5;
    %load/vec4 v0x8bb221d60_0;
    %store/vec4 v0x8bb217340_0, 0, 5;
    %load/vec4 v0x8bb221c20_0;
    %store/vec4 v0x8bb217200_0, 0, 5;
    %load/vec4 v0x8bb217840_0;
    %flag_set/vec4 8;
    %jmp/0xz  T_39.0, 8;
    %load/vec4 v0x8bb21c0a0_0;
    %flag_set/vec4 8;
    %jmp/0xz  T_39.2, 8;
    %load/vec4 v0x8bb216300_0;
    %store/vec4 v0x8bb216ee0_0, 0, 64;
    %load/vec4 v0x8bb2163a0_0;
    %store/vec4 v0x8bb2170c0_0, 0, 32;
    %load/vec4 v0x8bb216440_0;
    %store/vec4 v0x8bb217160_0, 0, 32;
    %load/vec4 v0x8bb216580_0;
    %store/vec4 v0x8bb2172a0_0, 0, 5;
    %load/vec4 v0x8bb216620_0;
    %store/vec4 v0x8bb217340_0, 0, 5;
    %load/vec4 v0x8bb2164e0_0;
    %store/vec4 v0x8bb217200_0, 0, 5;
    %jmp T_39.3;
T_39.2 ;
    %load/vec4 v0x8bb220a00_0;
    %store/vec4 v0x8bb216ee0_0, 0, 64;
    %load/vec4 v0x8bb220aa0_0;
    %parti/s 2, 0, 2;
    %and/r;
    %flag_set/vec4 8;
    %jmp/0xz  T_39.4, 8;
    %load/vec4 v0x8bb220aa0_0;
    %store/vec4 v0x8bb217160_0, 0, 32;
    %jmp T_39.5;
T_39.4 ;
    %pushi/vec4 0, 0, 16;
    %load/vec4 v0x8bb220aa0_0;
    %parti/s 16, 0, 2;
    %concat/vec4; draw_concat_vec4
    %store/vec4 v0x8bb217160_0, 0, 32;
T_39.5 ;
    %load/vec4 v0x8bb217c00_0;
    %store/vec4 v0x8bb2170c0_0, 0, 32;
    %load/vec4 v0x8bb217e80_0;
    %store/vec4 v0x8bb2172a0_0, 0, 5;
    %load/vec4 v0x8bb217f20_0;
    %store/vec4 v0x8bb217340_0, 0, 5;
    %load/vec4 v0x8bb217d40_0;
    %store/vec4 v0x8bb217200_0, 0, 5;
T_39.3 ;
T_39.0 ;
    %jmp T_39;
    .thread T_39, $push;
    .scope S_0x8bae20300;
T_40 ;
    %wait E_0x8bb1e4980;
    %load/vec4 v0x8bb21d040_0;
    %load/vec4 v0x8bb21c640_0;
    %concat/vec4; draw_concat_vec4
    %load/vec4 v0x8bb21cc80_0;
    %concat/vec4; draw_concat_vec4
    %or/r;
    %assign/vec4 v0x8bb21eb20_0, 0;
    %load/vec4 v0x8bb21d040_0;
    %load/vec4 v0x8bb21c640_0;
    %concat/vec4; draw_concat_vec4
    %load/vec4 v0x8bb21cc80_0;
    %concat/vec4; draw_concat_vec4
    %load/vec4 v0x8bb21cd20_0;
    %concat/vec4; draw_concat_vec4
    %load/vec4 v0x8bb21c460_0;
    %concat/vec4; draw_concat_vec4
    %load/vec4 v0x8bb21c3c0_0;
    %concat/vec4; draw_concat_vec4
    %load/vec4 v0x8bb21dea0_0;
    %concat/vec4; draw_concat_vec4
    %or/r;
    %assign/vec4 v0x8bb21ebc0_0, 0;
    %load/vec4 v0x8bb21da40_0;
    %load/vec4 v0x8bb21c8c0_0;
    %concat/vec4; draw_concat_vec4
    %load/vec4 v0x8bb21d9a0_0;
    %concat/vec4; draw_concat_vec4
    %or/r;
    %assign/vec4 v0x8bb21eee0_0, 0;
    %load/vec4 v0x8bb21dae0_0;
    %load/vec4 v0x8bb21c960_0;
    %concat/vec4; draw_concat_vec4
    %load/vec4 v0x8bb21db80_0;
    %concat/vec4; draw_concat_vec4
    %or/r;
    %assign/vec4 v0x8bb21ef80_0, 0;
    %load/vec4 v0x8bb21ce60_0;
    %load/vec4 v0x8bb21cfa0_0;
    %concat/vec4; draw_concat_vec4
    %load/vec4 v0x8bb21d0e0_0;
    %concat/vec4; draw_concat_vec4
    %or/r;
    %assign/vec4 v0x8bb21ea80_0, 0;
    %load/vec4 v0x8bb21e800_0;
    %load/vec4 v0x8bb21da40_0;
    %concat/vec4; draw_concat_vec4
    %load/vec4 v0x8bb21d9a0_0;
    %concat/vec4; draw_concat_vec4
    %load/vec4 v0x8bb21dae0_0;
    %concat/vec4; draw_concat_vec4
    %load/vec4 v0x8bb21db80_0;
    %concat/vec4; draw_concat_vec4
    %or/r;
    %assign/vec4 v0x8bb21e8a0_0, 0;
    %load/vec4 v0x8bb21f980_0;
    %flag_set/vec4 9;
    %flag_get/vec4 9;
    %jmp/0 T_40.2, 9;
    %load/vec4 v0x8bb21fac0_0;
    %and;
T_40.2;
    %flag_set/vec4 8;
    %jmp/0xz  T_40.0, 8;
    %load/vec4 v0x8bb220320_0;
    %parti/s 7, 0, 2;
    %pushi/vec4 55, 0, 7;
    %cmp/e;
    %flag_get/vec4 4;
    %assign/vec4 v0x8bb21d040_0, 0;
    %load/vec4 v0x8bb220320_0;
    %parti/s 7, 0, 2;
    %pushi/vec4 23, 0, 7;
    %cmp/e;
    %flag_get/vec4 4;
    %assign/vec4 v0x8bb21c640_0, 0;
    %load/vec4 v0x8bb220320_0;
    %parti/s 7, 0, 2;
    %pushi/vec4 111, 0, 7;
    %cmp/e;
    %flag_get/vec4 4;
    %assign/vec4 v0x8bb21cc80_0, 0;
    %load/vec4 v0x8bb220320_0;
    %parti/s 7, 0, 2;
    %cmpi/e 103, 0, 7;
    %flag_get/vec4 4;
    %jmp/0 T_40.3, 4;
    %load/vec4 v0x8bb220320_0;
    %parti/s 3, 12, 5;
    %pushi/vec4 0, 0, 3;
    %cmp/e;
    %flag_get/vec4 4;
    %and;
T_40.3;
    %assign/vec4 v0x8bb21cd20_0, 0;
    %load/vec4 v0x8bb220320_0;
    %parti/s 7, 0, 2;
    %cmpi/e 11, 0, 7;
    %flag_get/vec4 4;
    %jmp/0 T_40.5, 4;
    %load/vec4 v0x8bb220320_0;
    %parti/s 7, 25, 6;
    %pushi/vec4 2, 0, 7;
    %cmp/e;
    %flag_get/vec4 4;
    %and;
T_40.5;
    %flag_set/vec4 8;
    %flag_get/vec4 8;
    %jmp/0 T_40.4, 8;
    %pushi/vec4 0, 0, 1;
    %and;
T_40.4;
    %assign/vec4 v0x8bb21d5e0_0, 0;
    %load/vec4 v0x8bb220320_0;
    %parti/s 7, 0, 2;
    %cmpi/e 11, 0, 7;
    %flag_get/vec4 4;
    %jmp/0 T_40.7, 4;
    %load/vec4 v0x8bb220320_0;
    %parti/s 7, 25, 6;
    %pushi/vec4 4, 0, 7;
    %cmp/e;
    %flag_get/vec4 4;
    %and;
T_40.7;
    %flag_set/vec4 8;
    %flag_get/vec4 8;
    %jmp/0 T_40.6, 8;
    %pushi/vec4 0, 0, 1;
    %and;
T_40.6;
    %assign/vec4 v0x8bb21e120_0, 0;
    %load/vec4 v0x8bb220320_0;
    %parti/s 7, 0, 2;
    %pushi/vec4 99, 0, 7;
    %cmp/e;
    %flag_get/vec4 4;
    %assign/vec4 v0x8bb21e800_0, 0;
    %load/vec4 v0x8bb220320_0;
    %parti/s 7, 0, 2;
    %pushi/vec4 3, 0, 7;
    %cmp/e;
    %flag_get/vec4 4;
    %assign/vec4 v0x8bb21e9e0_0, 0;
    %load/vec4 v0x8bb220320_0;
    %parti/s 7, 0, 2;
    %pushi/vec4 35, 0, 7;
    %cmp/e;
    %flag_get/vec4 4;
    %assign/vec4 v0x8bb21ed00_0, 0;
    %load/vec4 v0x8bb220320_0;
    %parti/s 7, 0, 2;
    %pushi/vec4 19, 0, 7;
    %cmp/e;
    %flag_get/vec4 4;
    %assign/vec4 v0x8bb21e6c0_0, 0;
    %load/vec4 v0x8bb220320_0;
    %parti/s 7, 0, 2;
    %pushi/vec4 51, 0, 7;
    %cmp/e;
    %flag_get/vec4 4;
    %assign/vec4 v0x8bb21e760_0, 0;
    %load/vec4 v0x8bb220320_0;
    %parti/s 20, 12, 5;
    %concati/vec4 0, 0, 1;
    %pad/s 32;
    %split/vec4 1;
    %ix/load 5, 0, 0;
    %ix/load 4, 0, 0;
    %flag_set/imm 4, 0;
    %assign/vec4/off/d v0x8bb217ca0_0, 4, 5;
    %split/vec4 8;
    %ix/load 5, 0, 0;
    %ix/load 4, 12, 0;
    %flag_set/imm 4, 0;
    %assign/vec4/off/d v0x8bb217ca0_0, 4, 5;
    %split/vec4 1;
    %ix/load 5, 0, 0;
    %ix/load 4, 11, 0;
    %flag_set/imm 4, 0;
    %assign/vec4/off/d v0x8bb217ca0_0, 4, 5;
    %split/vec4 10;
    %ix/load 5, 0, 0;
    %ix/load 4, 1, 0;
    %flag_set/imm 4, 0;
    %assign/vec4/off/d v0x8bb217ca0_0, 4, 5;
    %ix/load 5, 0, 0;
    %ix/load 4, 20, 0;
    %flag_set/imm 4, 0;
    %assign/vec4/off/d v0x8bb217ca0_0, 4, 5;
    %load/vec4 v0x8bb220320_0;
    %parti/s 5, 7, 4;
    %assign/vec4 v0x8bb217d40_0, 0;
    %load/vec4 v0x8bb220320_0;
    %parti/s 5, 15, 5;
    %assign/vec4 v0x8bb217e80_0, 0;
    %load/vec4 v0x8bb220320_0;
    %parti/s 5, 20, 6;
    %assign/vec4 v0x8bb217f20_0, 0;
    %load/vec4 v0x8bb220320_0;
    %parti/s 7, 0, 2;
    %cmpi/e 11, 0, 7;
    %flag_get/vec4 4;
    %jmp/0 T_40.12, 4;
    %load/vec4 v0x8bb220320_0;
    %parti/s 7, 25, 6;
    %pushi/vec4 0, 0, 7;
    %cmp/e;
    %flag_get/vec4 4;
    %and;
T_40.12;
    %flag_set/vec4 10;
    %flag_get/vec4 10;
    %jmp/0 T_40.11, 10;
    %pushi/vec4 0, 0, 1;
    %and;
T_40.11;
    %flag_set/vec4 9;
    %flag_get/vec4 9;
    %jmp/0 T_40.10, 9;
    %pushi/vec4 1, 0, 1;
    %and;
T_40.10;
    %flag_set/vec4 8;
    %jmp/0xz  T_40.8, 8;
    %pushi/vec4 1, 0, 1;
    %ix/load 5, 0, 0;
    %ix/load 4, 4, 0;
    %flag_set/imm 4, 0;
    %assign/vec4/off/d v0x8bb217e80_0, 4, 5;
T_40.8 ;
    %load/vec4 v0x8bb220320_0;
    %parti/s 7, 0, 2;
    %cmpi/e 11, 0, 7;
    %flag_get/vec4 4;
    %jmp/0 T_40.16, 4;
    %load/vec4 v0x8bb220320_0;
    %parti/s 7, 25, 6;
    %pushi/vec4 2, 0, 7;
    %cmp/e;
    %flag_get/vec4 4;
    %and;
T_40.16;
    %flag_set/vec4 9;
    %flag_get/vec4 9;
    %jmp/0 T_40.15, 9;
    %pushi/vec4 0, 0, 1;
    %and;
T_40.15;
    %flag_set/vec4 8;
    %jmp/0xz  T_40.13, 8;
    %pushi/vec4 0, 0, 5;
    %assign/vec4 v0x8bb217e80_0, 0;
T_40.13 ;
    %pushi/vec4 0, 0, 1;
    %assign/vec4 v0x8bb2168a0_0, 0;
T_40.0 ;
    %load/vec4 v0x8bb21c140_0;
    %flag_set/vec4 9;
    %flag_get/vec4 9;
    %jmp/0 T_40.19, 9;
    %load/vec4 v0x8bb21c000_0;
    %nor/r;
    %and;
T_40.19;
    %flag_set/vec4 8;
    %jmp/0xz  T_40.17, 8;
    %pushi/vec4 4294967295, 4294967295, 32;
    %assign/vec4 v0x8bb220f00_0, 0;
    %load/vec4 v0x8bb21e800_0;
    %flag_set/vec4 8;
    %flag_get/vec4 8;
    %jmp/0 T_40.20, 8;
    %load/vec4 v0x8bb220460_0;
    %parti/s 3, 12, 5;
    %pushi/vec4 0, 0, 3;
    %cmp/e;
    %flag_get/vec4 4;
    %and;
T_40.20;
    %assign/vec4 v0x8bb21c6e0_0, 0;
    %load/vec4 v0x8bb21e800_0;
    %flag_set/vec4 8;
    %flag_get/vec4 8;
    %jmp/0 T_40.21, 8;
    %load/vec4 v0x8bb220460_0;
    %parti/s 3, 12, 5;
    %pushi/vec4 1, 0, 3;
    %cmp/e;
    %flag_get/vec4 4;
    %and;
T_40.21;
    %assign/vec4 v0x8bb21ca00_0, 0;
    %load/vec4 v0x8bb21e800_0;
    %flag_set/vec4 8;
    %flag_get/vec4 8;
    %jmp/0 T_40.22, 8;
    %load/vec4 v0x8bb220460_0;
    %parti/s 3, 12, 5;
    %pushi/vec4 4, 0, 3;
    %cmp/e;
    %flag_get/vec4 4;
    %and;
T_40.22;
    %assign/vec4 v0x8bb21c8c0_0, 0;
    %load/vec4 v0x8bb21e800_0;
    %flag_set/vec4 8;
    %flag_get/vec4 8;
    %jmp/0 T_40.23, 8;
    %load/vec4 v0x8bb220460_0;
    %parti/s 3, 12, 5;
    %pushi/vec4 5, 0, 3;
    %cmp/e;
    %flag_get/vec4 4;
    %and;
T_40.23;
    %assign/vec4 v0x8bb21c780_0, 0;
    %load/vec4 v0x8bb21e800_0;
    %flag_set/vec4 8;
    %flag_get/vec4 8;
    %jmp/0 T_40.24, 8;
    %load/vec4 v0x8bb220460_0;
    %parti/s 3, 12, 5;
    %pushi/vec4 6, 0, 3;
    %cmp/e;
    %flag_get/vec4 4;
    %and;
T_40.24;
    %assign/vec4 v0x8bb21c960_0, 0;
    %load/vec4 v0x8bb21e800_0;
    %flag_set/vec4 8;
    %flag_get/vec4 8;
    %jmp/0 T_40.25, 8;
    %load/vec4 v0x8bb220460_0;
    %parti/s 3, 12, 5;
    %pushi/vec4 7, 0, 3;
    %cmp/e;
    %flag_get/vec4 4;
    %and;
T_40.25;
    %assign/vec4 v0x8bb21c820_0, 0;
    %load/vec4 v0x8bb21e9e0_0;
    %flag_set/vec4 8;
    %flag_get/vec4 8;
    %jmp/0 T_40.26, 8;
    %load/vec4 v0x8bb220460_0;
    %parti/s 3, 12, 5;
    %pushi/vec4 0, 0, 3;
    %cmp/e;
    %flag_get/vec4 4;
    %and;
T_40.26;
    %assign/vec4 v0x8bb21cdc0_0, 0;
    %load/vec4 v0x8bb21e9e0_0;
    %flag_set/vec4 8;
    %flag_get/vec4 8;
    %jmp/0 T_40.27, 8;
    %load/vec4 v0x8bb220460_0;
    %parti/s 3, 12, 5;
    %pushi/vec4 1, 0, 3;
    %cmp/e;
    %flag_get/vec4 4;
    %and;
T_40.27;
    %assign/vec4 v0x8bb21cf00_0, 0;
    %load/vec4 v0x8bb21e9e0_0;
    %flag_set/vec4 8;
    %flag_get/vec4 8;
    %jmp/0 T_40.28, 8;
    %load/vec4 v0x8bb220460_0;
    %parti/s 3, 12, 5;
    %pushi/vec4 2, 0, 3;
    %cmp/e;
    %flag_get/vec4 4;
    %and;
T_40.28;
    %assign/vec4 v0x8bb21d0e0_0, 0;
    %load/vec4 v0x8bb21e9e0_0;
    %flag_set/vec4 8;
    %flag_get/vec4 8;
    %jmp/0 T_40.29, 8;
    %load/vec4 v0x8bb220460_0;
    %parti/s 3, 12, 5;
    %pushi/vec4 4, 0, 3;
    %cmp/e;
    %flag_get/vec4 4;
    %and;
T_40.29;
    %assign/vec4 v0x8bb21ce60_0, 0;
    %load/vec4 v0x8bb21e9e0_0;
    %flag_set/vec4 8;
    %flag_get/vec4 8;
    %jmp/0 T_40.30, 8;
    %load/vec4 v0x8bb220460_0;
    %parti/s 3, 12, 5;
    %pushi/vec4 5, 0, 3;
    %cmp/e;
    %flag_get/vec4 4;
    %and;
T_40.30;
    %assign/vec4 v0x8bb21cfa0_0, 0;
    %load/vec4 v0x8bb21ed00_0;
    %flag_set/vec4 8;
    %flag_get/vec4 8;
    %jmp/0 T_40.31, 8;
    %load/vec4 v0x8bb220460_0;
    %parti/s 3, 12, 5;
    %pushi/vec4 0, 0, 3;
    %cmp/e;
    %flag_get/vec4 4;
    %and;
T_40.31;
    %assign/vec4 v0x8bb21d680_0, 0;
    %load/vec4 v0x8bb21ed00_0;
    %flag_set/vec4 8;
    %flag_get/vec4 8;
    %jmp/0 T_40.32, 8;
    %load/vec4 v0x8bb220460_0;
    %parti/s 3, 12, 5;
    %pushi/vec4 1, 0, 3;
    %cmp/e;
    %flag_get/vec4 4;
    %and;
T_40.32;
    %assign/vec4 v0x8bb21d7c0_0, 0;
    %load/vec4 v0x8bb21ed00_0;
    %flag_set/vec4 8;
    %flag_get/vec4 8;
    %jmp/0 T_40.33, 8;
    %load/vec4 v0x8bb220460_0;
    %parti/s 3, 12, 5;
    %pushi/vec4 2, 0, 3;
    %cmp/e;
    %flag_get/vec4 4;
    %and;
T_40.33;
    %assign/vec4 v0x8bb21df40_0, 0;
    %load/vec4 v0x8bb21e6c0_0;
    %flag_set/vec4 8;
    %flag_get/vec4 8;
    %jmp/0 T_40.34, 8;
    %load/vec4 v0x8bb220460_0;
    %parti/s 3, 12, 5;
    %pushi/vec4 0, 0, 3;
    %cmp/e;
    %flag_get/vec4 4;
    %and;
T_40.34;
    %assign/vec4 v0x8bb21c460_0, 0;
    %load/vec4 v0x8bb21e6c0_0;
    %flag_set/vec4 8;
    %flag_get/vec4 8;
    %jmp/0 T_40.35, 8;
    %load/vec4 v0x8bb220460_0;
    %parti/s 3, 12, 5;
    %pushi/vec4 2, 0, 3;
    %cmp/e;
    %flag_get/vec4 4;
    %and;
T_40.35;
    %assign/vec4 v0x8bb21da40_0, 0;
    %load/vec4 v0x8bb21e6c0_0;
    %flag_set/vec4 8;
    %flag_get/vec4 8;
    %jmp/0 T_40.36, 8;
    %load/vec4 v0x8bb220460_0;
    %parti/s 3, 12, 5;
    %pushi/vec4 3, 0, 3;
    %cmp/e;
    %flag_get/vec4 4;
    %and;
T_40.36;
    %assign/vec4 v0x8bb21dae0_0, 0;
    %load/vec4 v0x8bb21e6c0_0;
    %flag_set/vec4 8;
    %flag_get/vec4 8;
    %jmp/0 T_40.37, 8;
    %load/vec4 v0x8bb220460_0;
    %parti/s 3, 12, 5;
    %pushi/vec4 4, 0, 3;
    %cmp/e;
    %flag_get/vec4 4;
    %and;
T_40.37;
    %assign/vec4 v0x8bb21e260_0, 0;
    %load/vec4 v0x8bb21e6c0_0;
    %flag_set/vec4 8;
    %flag_get/vec4 8;
    %jmp/0 T_40.38, 8;
    %load/vec4 v0x8bb220460_0;
    %parti/s 3, 12, 5;
    %pushi/vec4 6, 0, 3;
    %cmp/e;
    %flag_get/vec4 4;
    %and;
T_40.38;
    %assign/vec4 v0x8bb21d2c0_0, 0;
    %load/vec4 v0x8bb21e6c0_0;
    %flag_set/vec4 8;
    %flag_get/vec4 8;
    %jmp/0 T_40.39, 8;
    %load/vec4 v0x8bb220460_0;
    %parti/s 3, 12, 5;
    %pushi/vec4 7, 0, 3;
    %cmp/e;
    %flag_get/vec4 4;
    %and;
T_40.39;
    %assign/vec4 v0x8bb21c5a0_0, 0;
    %load/vec4 v0x8bb21e6c0_0;
    %flag_set/vec4 9;
    %flag_get/vec4 9;
    %jmp/0 T_40.41, 9;
    %load/vec4 v0x8bb220460_0;
    %parti/s 3, 12, 5;
    %pushi/vec4 1, 0, 3;
    %cmp/e;
    %flag_get/vec4 4;
    %and;
T_40.41;
    %flag_set/vec4 8;
    %flag_get/vec4 8;
    %jmp/0 T_40.40, 8;
    %load/vec4 v0x8bb220460_0;
    %parti/s 7, 25, 6;
    %pushi/vec4 0, 0, 7;
    %cmp/e;
    %flag_get/vec4 4;
    %and;
T_40.40;
    %assign/vec4 v0x8bb21d900_0, 0;
    %load/vec4 v0x8bb21e6c0_0;
    %flag_set/vec4 9;
    %flag_get/vec4 9;
    %jmp/0 T_40.43, 9;
    %load/vec4 v0x8bb220460_0;
    %parti/s 3, 12, 5;
    %pushi/vec4 5, 0, 3;
    %cmp/e;
    %flag_get/vec4 4;
    %and;
T_40.43;
    %flag_set/vec4 8;
    %flag_get/vec4 8;
    %jmp/0 T_40.42, 8;
    %load/vec4 v0x8bb220460_0;
    %parti/s 7, 25, 6;
    %pushi/vec4 0, 0, 7;
    %cmp/e;
    %flag_get/vec4 4;
    %and;
T_40.42;
    %assign/vec4 v0x8bb21de00_0, 0;
    %load/vec4 v0x8bb21e6c0_0;
    %flag_set/vec4 9;
    %flag_get/vec4 9;
    %jmp/0 T_40.45, 9;
    %load/vec4 v0x8bb220460_0;
    %parti/s 3, 12, 5;
    %pushi/vec4 5, 0, 3;
    %cmp/e;
    %flag_get/vec4 4;
    %and;
T_40.45;
    %flag_set/vec4 8;
    %flag_get/vec4 8;
    %jmp/0 T_40.44, 8;
    %load/vec4 v0x8bb220460_0;
    %parti/s 7, 25, 6;
    %pushi/vec4 32, 0, 7;
    %cmp/e;
    %flag_get/vec4 4;
    %and;
T_40.44;
    %assign/vec4 v0x8bb21dcc0_0, 0;
    %load/vec4 v0x8bb21e760_0;
    %flag_set/vec4 9;
    %flag_get/vec4 9;
    %jmp/0 T_40.47, 9;
    %load/vec4 v0x8bb220460_0;
    %parti/s 3, 12, 5;
    %pushi/vec4 0, 0, 3;
    %cmp/e;
    %flag_get/vec4 4;
    %and;
T_40.47;
    %flag_set/vec4 8;
    %flag_get/vec4 8;
    %jmp/0 T_40.46, 8;
    %load/vec4 v0x8bb220460_0;
    %parti/s 7, 25, 6;
    %pushi/vec4 0, 0, 7;
    %cmp/e;
    %flag_get/vec4 4;
    %and;
T_40.46;
    %assign/vec4 v0x8bb21c3c0_0, 0;
    %load/vec4 v0x8bb21e760_0;
    %flag_set/vec4 9;
    %flag_get/vec4 9;
    %jmp/0 T_40.49, 9;
    %load/vec4 v0x8bb220460_0;
    %parti/s 3, 12, 5;
    %pushi/vec4 0, 0, 3;
    %cmp/e;
    %flag_get/vec4 4;
    %and;
T_40.49;
    %flag_set/vec4 8;
    %flag_get/vec4 8;
    %jmp/0 T_40.48, 8;
    %load/vec4 v0x8bb220460_0;
    %parti/s 7, 25, 6;
    %pushi/vec4 32, 0, 7;
    %cmp/e;
    %flag_get/vec4 4;
    %and;
T_40.48;
    %assign/vec4 v0x8bb21dea0_0, 0;
    %load/vec4 v0x8bb21e760_0;
    %flag_set/vec4 9;
    %flag_get/vec4 9;
    %jmp/0 T_40.51, 9;
    %load/vec4 v0x8bb220460_0;
    %parti/s 3, 12, 5;
    %pushi/vec4 1, 0, 3;
    %cmp/e;
    %flag_get/vec4 4;
    %and;
T_40.51;
    %flag_set/vec4 8;
    %flag_get/vec4 8;
    %jmp/0 T_40.50, 8;
    %load/vec4 v0x8bb220460_0;
    %parti/s 7, 25, 6;
    %pushi/vec4 0, 0, 7;
    %cmp/e;
    %flag_get/vec4 4;
    %and;
T_40.50;
    %assign/vec4 v0x8bb21d860_0, 0;
    %load/vec4 v0x8bb21e760_0;
    %flag_set/vec4 9;
    %flag_get/vec4 9;
    %jmp/0 T_40.53, 9;
    %load/vec4 v0x8bb220460_0;
    %parti/s 3, 12, 5;
    %pushi/vec4 2, 0, 3;
    %cmp/e;
    %flag_get/vec4 4;
    %and;
T_40.53;
    %flag_set/vec4 8;
    %flag_get/vec4 8;
    %jmp/0 T_40.52, 8;
    %load/vec4 v0x8bb220460_0;
    %parti/s 7, 25, 6;
    %pushi/vec4 0, 0, 7;
    %cmp/e;
    %flag_get/vec4 4;
    %and;
T_40.52;
    %assign/vec4 v0x8bb21d9a0_0, 0;
    %load/vec4 v0x8bb21e760_0;
    %flag_set/vec4 9;
    %flag_get/vec4 9;
    %jmp/0 T_40.55, 9;
    %load/vec4 v0x8bb220460_0;
    %parti/s 3, 12, 5;
    %pushi/vec4 3, 0, 3;
    %cmp/e;
    %flag_get/vec4 4;
    %and;
T_40.55;
    %flag_set/vec4 8;
    %flag_get/vec4 8;
    %jmp/0 T_40.54, 8;
    %load/vec4 v0x8bb220460_0;
    %parti/s 7, 25, 6;
    %pushi/vec4 0, 0, 7;
    %cmp/e;
    %flag_get/vec4 4;
    %and;
T_40.54;
    %assign/vec4 v0x8bb21db80_0, 0;
    %load/vec4 v0x8bb21e760_0;
    %flag_set/vec4 9;
    %flag_get/vec4 9;
    %jmp/0 T_40.57, 9;
    %load/vec4 v0x8bb220460_0;
    %parti/s 3, 12, 5;
    %pushi/vec4 4, 0, 3;
    %cmp/e;
    %flag_get/vec4 4;
    %and;
T_40.57;
    %flag_set/vec4 8;
    %flag_get/vec4 8;
    %jmp/0 T_40.56, 8;
    %load/vec4 v0x8bb220460_0;
    %parti/s 7, 25, 6;
    %pushi/vec4 0, 0, 7;
    %cmp/e;
    %flag_get/vec4 4;
    %and;
T_40.56;
    %assign/vec4 v0x8bb21e1c0_0, 0;
    %load/vec4 v0x8bb21e760_0;
    %flag_set/vec4 9;
    %flag_get/vec4 9;
    %jmp/0 T_40.59, 9;
    %load/vec4 v0x8bb220460_0;
    %parti/s 3, 12, 5;
    %pushi/vec4 5, 0, 3;
    %cmp/e;
    %flag_get/vec4 4;
    %and;
T_40.59;
    %flag_set/vec4 8;
    %flag_get/vec4 8;
    %jmp/0 T_40.58, 8;
    %load/vec4 v0x8bb220460_0;
    %parti/s 7, 25, 6;
    %pushi/vec4 0, 0, 7;
    %cmp/e;
    %flag_get/vec4 4;
    %and;
T_40.58;
    %assign/vec4 v0x8bb21dd60_0, 0;
    %load/vec4 v0x8bb21e760_0;
    %flag_set/vec4 9;
    %flag_get/vec4 9;
    %jmp/0 T_40.61, 9;
    %load/vec4 v0x8bb220460_0;
    %parti/s 3, 12, 5;
    %pushi/vec4 5, 0, 3;
    %cmp/e;
    %flag_get/vec4 4;
    %and;
T_40.61;
    %flag_set/vec4 8;
    %flag_get/vec4 8;
    %jmp/0 T_40.60, 8;
    %load/vec4 v0x8bb220460_0;
    %parti/s 7, 25, 6;
    %pushi/vec4 32, 0, 7;
    %cmp/e;
    %flag_get/vec4 4;
    %and;
T_40.60;
    %assign/vec4 v0x8bb21dc20_0, 0;
    %load/vec4 v0x8bb21e760_0;
    %flag_set/vec4 9;
    %flag_get/vec4 9;
    %jmp/0 T_40.63, 9;
    %load/vec4 v0x8bb220460_0;
    %parti/s 3, 12, 5;
    %pushi/vec4 6, 0, 3;
    %cmp/e;
    %flag_get/vec4 4;
    %and;
T_40.63;
    %flag_set/vec4 8;
    %flag_get/vec4 8;
    %jmp/0 T_40.62, 8;
    %load/vec4 v0x8bb220460_0;
    %parti/s 7, 25, 6;
    %pushi/vec4 0, 0, 7;
    %cmp/e;
    %flag_get/vec4 4;
    %and;
T_40.62;
    %assign/vec4 v0x8bb21d220_0, 0;
    %load/vec4 v0x8bb21e760_0;
    %flag_set/vec4 9;
    %flag_get/vec4 9;
    %jmp/0 T_40.65, 9;
    %load/vec4 v0x8bb220460_0;
    %parti/s 3, 12, 5;
    %pushi/vec4 7, 0, 3;
    %cmp/e;
    %flag_get/vec4 4;
    %and;
T_40.65;
    %flag_set/vec4 8;
    %flag_get/vec4 8;
    %jmp/0 T_40.64, 8;
    %load/vec4 v0x8bb220460_0;
    %parti/s 7, 25, 6;
    %pushi/vec4 0, 0, 7;
    %cmp/e;
    %flag_get/vec4 4;
    %and;
T_40.64;
    %assign/vec4 v0x8bb21c500_0, 0;
    %load/vec4 v0x8bb220460_0;
    %parti/s 7, 0, 2;
    %cmpi/e 115, 0, 7;
    %flag_get/vec4 4;
    %jmp/0 T_40.68, 4;
    %load/vec4 v0x8bb220460_0;
    %parti/s 20, 12, 5;
    %pad/u 32;
    %pushi/vec4 786434, 0, 32;
    %cmp/e;
    %flag_get/vec4 4;
    %and;
T_40.68;
    %flag_set/vec4 8;
    %jmp/1 T_40.67, 8;
    %load/vec4 v0x8bb220460_0;
    %parti/s 7, 0, 2;
    %cmpi/e 115, 0, 7;
    %flag_get/vec4 4;
    %jmp/0 T_40.69, 4;
    %load/vec4 v0x8bb220460_0;
    %parti/s 20, 12, 5;
    %pad/u 32;
    %pushi/vec4 786690, 0, 32;
    %cmp/e;
    %flag_get/vec4 4;
    %and;
T_40.69;
    %flag_set/vec4 9;
    %flag_or 8, 9;
T_40.67;
    %flag_get/vec4 8;
    %jmp/0 T_40.66, 8;
    %pushi/vec4 1, 0, 1;
    %and;
T_40.66;
    %assign/vec4 v0x8bb21d360_0, 0;
    %load/vec4 v0x8bb220460_0;
    %parti/s 7, 0, 2;
    %cmpi/e 115, 0, 7;
    %flag_get/vec4 4;
    %jmp/0 T_40.73, 4;
    %load/vec4 v0x8bb220460_0;
    %parti/s 20, 12, 5;
    %pad/u 32;
    %pushi/vec4 819202, 0, 32;
    %cmp/e;
    %flag_get/vec4 4;
    %and;
T_40.73;
    %flag_set/vec4 9;
    %jmp/1 T_40.72, 9;
    %load/vec4 v0x8bb220460_0;
    %parti/s 7, 0, 2;
    %cmpi/e 115, 0, 7;
    %flag_get/vec4 4;
    %jmp/0 T_40.74, 4;
    %load/vec4 v0x8bb220460_0;
    %parti/s 20, 12, 5;
    %pad/u 32;
    %pushi/vec4 819458, 0, 32;
    %cmp/e;
    %flag_get/vec4 4;
    %and;
T_40.74;
    %flag_set/vec4 10;
    %flag_or 9, 10;
T_40.72;
    %flag_get/vec4 9;
    %jmp/0 T_40.71, 9;
    %pushi/vec4 1, 0, 1;
    %and;
T_40.71;
    %flag_set/vec4 8;
    %flag_get/vec4 8;
    %jmp/0 T_40.70, 8;
    %pushi/vec4 1, 0, 1;
    %and;
T_40.70;
    %assign/vec4 v0x8bb21d400_0, 0;
    %load/vec4 v0x8bb220460_0;
    %parti/s 7, 0, 2;
    %cmpi/e 115, 0, 7;
    %flag_get/vec4 4;
    %jmp/0 T_40.76, 4;
    %load/vec4 v0x8bb220460_0;
    %parti/s 20, 12, 5;
    %pad/u 32;
    %pushi/vec4 786946, 0, 32;
    %cmp/e;
    %flag_get/vec4 4;
    %and;
T_40.76;
    %flag_set/vec4 8;
    %flag_get/vec4 8;
    %jmp/0 T_40.75, 8;
    %pushi/vec4 1, 0, 1;
    %and;
T_40.75;
    %assign/vec4 v0x8bb21d4a0_0, 0;
    %load/vec4 v0x8bb220460_0;
    %parti/s 7, 0, 2;
    %cmpi/e 115, 0, 7;
    %flag_get/vec4 4;
    %jmp/0 T_40.79, 4;
    %load/vec4 v0x8bb220460_0;
    %parti/s 20, 12, 5;
    %pad/u 32;
    %pushi/vec4 819714, 0, 32;
    %cmp/e;
    %flag_get/vec4 4;
    %and;
T_40.79;
    %flag_set/vec4 9;
    %flag_get/vec4 9;
    %jmp/0 T_40.78, 9;
    %pushi/vec4 1, 0, 1;
    %and;
T_40.78;
    %flag_set/vec4 8;
    %flag_get/vec4 8;
    %jmp/0 T_40.77, 8;
    %pushi/vec4 1, 0, 1;
    %and;
T_40.77;
    %assign/vec4 v0x8bb21d540_0, 0;
    %load/vec4 v0x8bb220460_0;
    %parti/s 7, 0, 2;
    %cmpi/e 115, 0, 7;
    %flag_get/vec4 4;
    %jmp/0 T_40.82, 4;
    %load/vec4 v0x8bb220460_0;
    %parti/s 11, 21, 6;
    %nor/r;
    %and;
T_40.82;
    %flag_set/vec4 9;
    %flag_get/vec4 9;
    %jmp/0 T_40.81, 9;
    %load/vec4 v0x8bb220460_0;
    %parti/s 13, 7, 4;
    %nor/r;
    %and;
T_40.81;
    %flag_set/vec4 8;
    %flag_get/vec4 8;
    %jmp/1 T_40.80, 8;
    %pushi/vec4 0, 0, 1;
    %or;
T_40.80;
    %assign/vec4 v0x8bb21caa0_0, 0;
    %load/vec4 v0x8bb220460_0;
    %parti/s 7, 0, 2;
    %cmpi/e 15, 0, 7;
    %flag_get/vec4 4;
    %jmp/0 T_40.83, 4;
    %load/vec4 v0x8bb220460_0;
    %parti/s 3, 12, 5;
    %nor/r;
    %and;
T_40.83;
    %assign/vec4 v0x8bb21cb40_0, 0;
    %load/vec4 v0x8bb220460_0;
    %parti/s 7, 0, 2;
    %cmpi/e 11, 0, 7;
    %flag_get/vec4 4;
    %jmp/0 T_40.86, 4;
    %load/vec4 v0x8bb220460_0;
    %parti/s 7, 25, 6;
    %pushi/vec4 0, 0, 7;
    %cmp/e;
    %flag_get/vec4 4;
    %and;
T_40.86;
    %flag_set/vec4 9;
    %flag_get/vec4 9;
    %jmp/0 T_40.85, 9;
    %pushi/vec4 0, 0, 1;
    %and;
T_40.85;
    %flag_set/vec4 8;
    %flag_get/vec4 8;
    %jmp/0 T_40.84, 8;
    %pushi/vec4 1, 0, 1;
    %and;
T_40.84;
    %assign/vec4 v0x8bb21cbe0_0, 0;
    %load/vec4 v0x8bb220460_0;
    %parti/s 7, 0, 2;
    %cmpi/e 11, 0, 7;
    %flag_get/vec4 4;
    %jmp/0 T_40.89, 4;
    %load/vec4 v0x8bb220460_0;
    %parti/s 7, 25, 6;
    %pushi/vec4 1, 0, 7;
    %cmp/e;
    %flag_get/vec4 4;
    %and;
T_40.89;
    %flag_set/vec4 9;
    %flag_get/vec4 9;
    %jmp/0 T_40.88, 9;
    %pushi/vec4 0, 0, 1;
    %and;
T_40.88;
    %flag_set/vec4 8;
    %flag_get/vec4 8;
    %jmp/0 T_40.87, 8;
    %pushi/vec4 1, 0, 1;
    %and;
T_40.87;
    %assign/vec4 v0x8bb21d720_0, 0;
    %load/vec4 v0x8bb220460_0;
    %parti/s 7, 0, 2;
    %cmpi/e 11, 0, 7;
    %flag_get/vec4 4;
    %jmp/0 T_40.91, 4;
    %load/vec4 v0x8bb220460_0;
    %parti/s 7, 25, 6;
    %pushi/vec4 3, 0, 7;
    %cmp/e;
    %flag_get/vec4 4;
    %and;
T_40.91;
    %flag_set/vec4 8;
    %flag_get/vec4 8;
    %jmp/0 T_40.90, 8;
    %pushi/vec4 0, 0, 1;
    %and;
T_40.90;
    %assign/vec4 v0x8bb21d180_0, 0;
    %load/vec4 v0x8bb220460_0;
    %parti/s 7, 0, 2;
    %cmpi/e 11, 0, 7;
    %flag_get/vec4 4;
    %jmp/0 T_40.94, 4;
    %load/vec4 v0x8bb220460_0;
    %parti/s 7, 25, 6;
    %pushi/vec4 5, 0, 7;
    %cmp/e;
    %flag_get/vec4 4;
    %and;
T_40.94;
    %flag_set/vec4 9;
    %flag_get/vec4 9;
    %jmp/0 T_40.93, 9;
    %pushi/vec4 0, 0, 1;
    %and;
T_40.93;
    %flag_set/vec4 8;
    %flag_get/vec4 8;
    %jmp/0 T_40.92, 8;
    %pushi/vec4 1, 0, 1;
    %and;
T_40.92;
    %assign/vec4 v0x8bb21dfe0_0, 0;
    %load/vec4 v0x8bb21e6c0_0;
    %flag_set/vec4 8;
    %flag_get/vec4 8;
    %jmp/0 T_40.95, 8;
    %load/vec4 v0x8bb220460_0;
    %parti/s 3, 12, 5;
    %cmpi/e 1, 0, 3;
    %flag_get/vec4 4;
    %jmp/0 T_40.96, 4;
    %load/vec4 v0x8bb220460_0;
    %parti/s 7, 25, 6;
    %pushi/vec4 0, 0, 7;
    %cmp/e;
    %flag_get/vec4 4;
    %and;
T_40.96;
    %load/vec4 v0x8bb220460_0;
    %parti/s 3, 12, 5;
    %cmpi/e 5, 0, 3;
    %flag_get/vec4 4;
    %jmp/0 T_40.97, 4;
    %load/vec4 v0x8bb220460_0;
    %parti/s 7, 25, 6;
    %pushi/vec4 0, 0, 7;
    %cmp/e;
    %flag_get/vec4 4;
    %and;
T_40.97;
    %concat/vec4; draw_concat_vec4
    %load/vec4 v0x8bb220460_0;
    %parti/s 3, 12, 5;
    %cmpi/e 5, 0, 3;
    %flag_get/vec4 4;
    %jmp/0 T_40.98, 4;
    %load/vec4 v0x8bb220460_0;
    %parti/s 7, 25, 6;
    %pushi/vec4 32, 0, 7;
    %cmp/e;
    %flag_get/vec4 4;
    %and;
T_40.98;
    %concat/vec4; draw_concat_vec4
    %or/r;
    %and;
T_40.95;
    %assign/vec4 v0x8bb21ee40_0, 0;
    %load/vec4 v0x8bb21cd20_0;
    %flag_set/vec4 8;
    %flag_get/vec4 8;
    %jmp/1 T_40.99, 8;
    %load/vec4 v0x8bb21e6c0_0;
    %flag_set/vec4 8;
    %flag_get/vec4 8;
    %jmp/0 T_40.100, 8;
    %load/vec4 v0x8bb220460_0;
    %parti/s 3, 12, 5;
    %pushi/vec4 0, 0, 3;
    %cmp/e;
    %flag_get/vec4 4;
    %load/vec4 v0x8bb220460_0;
    %parti/s 3, 12, 5;
    %pushi/vec4 2, 0, 3;
    %cmp/e;
    %flag_get/vec4 4;
    %concat/vec4; draw_concat_vec4
    %load/vec4 v0x8bb220460_0;
    %parti/s 3, 12, 5;
    %pushi/vec4 3, 0, 3;
    %cmp/e;
    %flag_get/vec4 4;
    %concat/vec4; draw_concat_vec4
    %load/vec4 v0x8bb220460_0;
    %parti/s 3, 12, 5;
    %pushi/vec4 4, 0, 3;
    %cmp/e;
    %flag_get/vec4 4;
    %concat/vec4; draw_concat_vec4
    %load/vec4 v0x8bb220460_0;
    %parti/s 3, 12, 5;
    %pushi/vec4 6, 0, 3;
    %cmp/e;
    %flag_get/vec4 4;
    %concat/vec4; draw_concat_vec4
    %load/vec4 v0x8bb220460_0;
    %parti/s 3, 12, 5;
    %pushi/vec4 7, 0, 3;
    %cmp/e;
    %flag_get/vec4 4;
    %concat/vec4; draw_concat_vec4
    %or/r;
    %and;
T_40.100;
    %or;
T_40.99;
    %assign/vec4 v0x8bb21e940_0, 0;
    %load/vec4 v0x8bb21e760_0;
    %flag_set/vec4 8;
    %flag_get/vec4 8;
    %jmp/0 T_40.101, 8;
    %load/vec4 v0x8bb220460_0;
    %parti/s 3, 12, 5;
    %cmpi/e 1, 0, 3;
    %flag_get/vec4 4;
    %jmp/0 T_40.102, 4;
    %load/vec4 v0x8bb220460_0;
    %parti/s 7, 25, 6;
    %pushi/vec4 0, 0, 7;
    %cmp/e;
    %flag_get/vec4 4;
    %and;
T_40.102;
    %load/vec4 v0x8bb220460_0;
    %parti/s 3, 12, 5;
    %cmpi/e 5, 0, 3;
    %flag_get/vec4 4;
    %jmp/0 T_40.103, 4;
    %load/vec4 v0x8bb220460_0;
    %parti/s 7, 25, 6;
    %pushi/vec4 0, 0, 7;
    %cmp/e;
    %flag_get/vec4 4;
    %and;
T_40.103;
    %concat/vec4; draw_concat_vec4
    %load/vec4 v0x8bb220460_0;
    %parti/s 3, 12, 5;
    %cmpi/e 5, 0, 3;
    %flag_get/vec4 4;
    %jmp/0 T_40.104, 4;
    %load/vec4 v0x8bb220460_0;
    %parti/s 7, 25, 6;
    %pushi/vec4 32, 0, 7;
    %cmp/e;
    %flag_get/vec4 4;
    %and;
T_40.104;
    %concat/vec4; draw_concat_vec4
    %or/r;
    %and;
T_40.101;
    %assign/vec4 v0x8bb21eda0_0, 0;
    %pushi/vec4 0, 0, 1;
    %assign/vec4 v0x8bb21ebc0_0, 0;
    %pushi/vec4 0, 0, 1;
    %assign/vec4 v0x8bb21e8a0_0, 0;
    %pushi/vec4 1, 0, 1;
    %dup/vec4;
    %load/vec4 v0x8bb21cc80_0;
    %cmp/u;
    %jmp/1 T_40.105, 6;
    %dup/vec4;
    %load/vec4 v0x8bb21d040_0;
    %load/vec4 v0x8bb21c640_0;
    %concat/vec4; draw_concat_vec4
    %or/r;
    %cmp/u;
    %jmp/1 T_40.106, 6;
    %dup/vec4;
    %load/vec4 v0x8bb21cd20_0;
    %load/vec4 v0x8bb21e9e0_0;
    %concat/vec4; draw_concat_vec4
    %load/vec4 v0x8bb21e6c0_0;
    %concat/vec4; draw_concat_vec4
    %or/r;
    %cmp/u;
    %jmp/1 T_40.107, 6;
    %dup/vec4;
    %load/vec4 v0x8bb21e800_0;
    %cmp/u;
    %jmp/1 T_40.108, 6;
    %dup/vec4;
    %load/vec4 v0x8bb21ed00_0;
    %cmp/u;
    %jmp/1 T_40.109, 6;
    %pushi/vec4 1, 1, 32;
    %assign/vec4 v0x8bb217c00_0, 0;
    %jmp T_40.111;
T_40.105 ;
    %load/vec4 v0x8bb217ca0_0;
    %assign/vec4 v0x8bb217c00_0, 0;
    %jmp T_40.111;
T_40.106 ;
    %load/vec4 v0x8bb220460_0;
    %parti/s 20, 12, 5;
    %pad/u 32;
    %ix/load 4, 12, 0;
    %flag_set/imm 4, 0;
    %shiftl 4;
    %assign/vec4 v0x8bb217c00_0, 0;
    %jmp T_40.111;
T_40.107 ;
    %load/vec4 v0x8bb220460_0;
    %parti/s 12, 20, 6;
    %pad/s 32;
    %assign/vec4 v0x8bb217c00_0, 0;
    %jmp T_40.111;
T_40.108 ;
    %load/vec4 v0x8bb220460_0;
    %parti/s 1, 31, 6;
    %load/vec4 v0x8bb220460_0;
    %parti/s 1, 7, 4;
    %concat/vec4; draw_concat_vec4
    %load/vec4 v0x8bb220460_0;
    %parti/s 6, 25, 6;
    %concat/vec4; draw_concat_vec4
    %load/vec4 v0x8bb220460_0;
    %parti/s 4, 8, 5;
    %concat/vec4; draw_concat_vec4
    %concati/vec4 0, 0, 1;
    %pad/s 32;
    %assign/vec4 v0x8bb217c00_0, 0;
    %jmp T_40.111;
T_40.109 ;
    %load/vec4 v0x8bb220460_0;
    %parti/s 7, 25, 6;
    %load/vec4 v0x8bb220460_0;
    %parti/s 5, 7, 4;
    %concat/vec4; draw_concat_vec4
    %pad/s 32;
    %assign/vec4 v0x8bb217c00_0, 0;
    %jmp T_40.111;
T_40.111 ;
    %pop/vec4 1;
T_40.17 ;
    %load/vec4 v0x8bb2221c0_0;
    %nor/r;
    %flag_set/vec4 8;
    %jmp/0xz  T_40.112, 8;
    %pushi/vec4 0, 0, 1;
    %assign/vec4 v0x8bb21e800_0, 0;
    %pushi/vec4 0, 0, 1;
    %assign/vec4 v0x8bb21e8a0_0, 0;
    %pushi/vec4 0, 0, 1;
    %assign/vec4 v0x8bb21c6e0_0, 0;
    %pushi/vec4 0, 0, 1;
    %assign/vec4 v0x8bb21ca00_0, 0;
    %pushi/vec4 0, 0, 1;
    %assign/vec4 v0x8bb21c8c0_0, 0;
    %pushi/vec4 0, 0, 1;
    %assign/vec4 v0x8bb21c780_0, 0;
    %pushi/vec4 0, 0, 1;
    %assign/vec4 v0x8bb21c960_0, 0;
    %pushi/vec4 0, 0, 1;
    %assign/vec4 v0x8bb21c820_0, 0;
    %pushi/vec4 0, 0, 1;
    %assign/vec4 v0x8bb21c460_0, 0;
    %pushi/vec4 0, 0, 1;
    %assign/vec4 v0x8bb21da40_0, 0;
    %pushi/vec4 0, 0, 1;
    %assign/vec4 v0x8bb21dae0_0, 0;
    %pushi/vec4 0, 0, 1;
    %assign/vec4 v0x8bb21e260_0, 0;
    %pushi/vec4 0, 0, 1;
    %assign/vec4 v0x8bb21d2c0_0, 0;
    %pushi/vec4 0, 0, 1;
    %assign/vec4 v0x8bb21c5a0_0, 0;
    %pushi/vec4 0, 0, 1;
    %assign/vec4 v0x8bb21c3c0_0, 0;
    %pushi/vec4 0, 0, 1;
    %assign/vec4 v0x8bb21dea0_0, 0;
    %pushi/vec4 0, 0, 1;
    %assign/vec4 v0x8bb21d860_0, 0;
    %pushi/vec4 0, 0, 1;
    %assign/vec4 v0x8bb21d9a0_0, 0;
    %pushi/vec4 0, 0, 1;
    %assign/vec4 v0x8bb21db80_0, 0;
    %pushi/vec4 0, 0, 1;
    %assign/vec4 v0x8bb21e1c0_0, 0;
    %pushi/vec4 0, 0, 1;
    %assign/vec4 v0x8bb21dd60_0, 0;
    %pushi/vec4 0, 0, 1;
    %assign/vec4 v0x8bb21dc20_0, 0;
    %pushi/vec4 0, 0, 1;
    %assign/vec4 v0x8bb21d220_0, 0;
    %pushi/vec4 0, 0, 1;
    %assign/vec4 v0x8bb21c500_0, 0;
    %pushi/vec4 0, 0, 1;
    %assign/vec4 v0x8bb21cb40_0, 0;
T_40.112 ;
    %jmp T_40;
    .thread T_40;
    .scope S_0x8bae20300;
T_41 ;
    %wait E_0x8bb1e4ac0;
    %pushi/vec4 0, 0, 32; draw_string_vec4
    %pushi/vec4 0, 0, 32; draw_string_vec4
    %concat/vec4; draw_string_vec4
    %pushi/vec4 0, 0, 32; draw_string_vec4
    %concat/vec4; draw_string_vec4
    %pushi/vec4 0, 0, 32; draw_string_vec4
    %concat/vec4; draw_string_vec4
    %store/vec4 v0x8bb216f80_0, 0, 128;
    %load/vec4 v0x8bb216a80_0;
    %cmpi/e 128, 0, 8;
    %jmp/0xz  T_41.0, 4;
    %pushi/vec4 0, 0, 32; draw_string_vec4
    %pushi/vec4 0, 0, 32; draw_string_vec4
    %concat/vec4; draw_string_vec4
    %pushi/vec4 0, 0, 32; draw_string_vec4
    %concat/vec4; draw_string_vec4
    %pushi/vec4 1953653104, 0, 32; draw_string_vec4
    %concat/vec4; draw_string_vec4
    %store/vec4 v0x8bb216f80_0, 0, 128;
T_41.0 ;
    %load/vec4 v0x8bb216a80_0;
    %cmpi/e 64, 0, 8;
    %jmp/0xz  T_41.2, 4;
    %pushi/vec4 0, 0, 32; draw_string_vec4
    %pushi/vec4 0, 0, 32; draw_string_vec4
    %concat/vec4; draw_string_vec4
    %pushi/vec4 102, 0, 32; draw_string_vec4
    %concat/vec4; draw_string_vec4
    %pushi/vec4 1702126440, 0, 32; draw_string_vec4
    %concat/vec4; draw_string_vec4
    %store/vec4 v0x8bb216f80_0, 0, 128;
T_41.2 ;
    %load/vec4 v0x8bb216a80_0;
    %cmpi/e 32, 0, 8;
    %jmp/0xz  T_41.4, 4;
    %pushi/vec4 0, 0, 32; draw_string_vec4
    %pushi/vec4 0, 0, 32; draw_string_vec4
    %concat/vec4; draw_string_vec4
    %pushi/vec4 27748, 0, 32; draw_string_vec4
    %concat/vec4; draw_string_vec4
    %pushi/vec4 1601336113, 0, 32; draw_string_vec4
    %concat/vec4; draw_string_vec4
    %store/vec4 v0x8bb216f80_0, 0, 128;
T_41.4 ;
    %load/vec4 v0x8bb216a80_0;
    %cmpi/e 16, 0, 8;
    %jmp/0xz  T_41.6, 4;
    %pushi/vec4 0, 0, 32; draw_string_vec4
    %pushi/vec4 0, 0, 32; draw_string_vec4
    %concat/vec4; draw_string_vec4
    %pushi/vec4 27748, 0, 32; draw_string_vec4
    %concat/vec4; draw_string_vec4
    %pushi/vec4 1601336114, 0, 32; draw_string_vec4
    %concat/vec4; draw_string_vec4
    %store/vec4 v0x8bb216f80_0, 0, 128;
T_41.6 ;
    %load/vec4 v0x8bb216a80_0;
    %cmpi/e 8, 0, 8;
    %jmp/0xz  T_41.8, 4;
    %pushi/vec4 0, 0, 32; draw_string_vec4
    %pushi/vec4 0, 0, 32; draw_string_vec4
    %concat/vec4; draw_string_vec4
    %pushi/vec4 0, 0, 32; draw_string_vec4
    %concat/vec4; draw_string_vec4
    %pushi/vec4 1702389091, 0, 32; draw_string_vec4
    %concat/vec4; draw_string_vec4
    %store/vec4 v0x8bb216f80_0, 0, 128;
T_41.8 ;
    %load/vec4 v0x8bb216a80_0;
    %cmpi/e 4, 0, 8;
    %jmp/0xz  T_41.10, 4;
    %pushi/vec4 0, 0, 32; draw_string_vec4
    %pushi/vec4 0, 0, 32; draw_string_vec4
    %concat/vec4; draw_string_vec4
    %pushi/vec4 115, 0, 32; draw_string_vec4
    %concat/vec4; draw_string_vec4
    %pushi/vec4 1751737972, 0, 32; draw_string_vec4
    %concat/vec4; draw_string_vec4
    %store/vec4 v0x8bb216f80_0, 0, 128;
T_41.10 ;
    %load/vec4 v0x8bb216a80_0;
    %cmpi/e 2, 0, 8;
    %jmp/0xz  T_41.12, 4;
    %pushi/vec4 0, 0, 32; draw_string_vec4
    %pushi/vec4 0, 0, 32; draw_string_vec4
    %concat/vec4; draw_string_vec4
    %pushi/vec4 115, 0, 32; draw_string_vec4
    %concat/vec4; draw_string_vec4
    %pushi/vec4 1953326445, 0, 32; draw_string_vec4
    %concat/vec4; draw_string_vec4
    %store/vec4 v0x8bb216f80_0, 0, 128;
T_41.12 ;
    %load/vec4 v0x8bb216a80_0;
    %cmpi/e 1, 0, 8;
    %jmp/0xz  T_41.14, 4;
    %pushi/vec4 0, 0, 32; draw_string_vec4
    %pushi/vec4 0, 0, 32; draw_string_vec4
    %concat/vec4; draw_string_vec4
    %pushi/vec4 108, 0, 32; draw_string_vec4
    %concat/vec4; draw_string_vec4
    %pushi/vec4 1684890989, 0, 32; draw_string_vec4
    %concat/vec4; draw_string_vec4
    %store/vec4 v0x8bb216f80_0, 0, 128;
T_41.14 ;
    %jmp T_41;
    .thread T_41, $push;
    .scope S_0x8bae20300;
T_42 ;
    %wait E_0x8bb1e4a80;
    %pushi/vec4 1, 1, 1;
    %store/vec4 v0x8bb215ea0_0, 0, 1;
    %pushi/vec4 1, 0, 1;
    %dup/vec4;
    %load/vec4 v0x8bb21c6e0_0;
    %cmp/u;
    %jmp/1 T_42.0, 6;
    %dup/vec4;
    %load/vec4 v0x8bb21ca00_0;
    %cmp/u;
    %jmp/1 T_42.1, 6;
    %dup/vec4;
    %load/vec4 v0x8bb21c780_0;
    %cmp/u;
    %jmp/1 T_42.2, 6;
    %dup/vec4;
    %load/vec4 v0x8bb21c820_0;
    %cmp/u;
    %jmp/1 T_42.3, 6;
    %dup/vec4;
    %load/vec4 v0x8bb21eee0_0;
    %flag_set/vec4 8;
    %flag_get/vec4 8;
    %jmp/0 T_42.7, 8;
    %pushi/vec4 1, 0, 1;
    %and;
T_42.7;
    %cmp/u;
    %jmp/1 T_42.4, 6;
    %dup/vec4;
    %load/vec4 v0x8bb21ef80_0;
    %flag_set/vec4 8;
    %flag_get/vec4 8;
    %jmp/0 T_42.8, 8;
    %pushi/vec4 1, 0, 1;
    %and;
T_42.8;
    %cmp/u;
    %jmp/1 T_42.5, 6;
    %jmp T_42.6;
T_42.0 ;
    %load/vec4 v0x8bb215c20_0;
    %store/vec4 v0x8bb215ea0_0, 0, 1;
    %jmp T_42.6;
T_42.1 ;
    %load/vec4 v0x8bb215c20_0;
    %nor/r;
    %store/vec4 v0x8bb215ea0_0, 0, 1;
    %jmp T_42.6;
T_42.2 ;
    %load/vec4 v0x8bb215cc0_0;
    %nor/r;
    %store/vec4 v0x8bb215ea0_0, 0, 1;
    %jmp T_42.6;
T_42.3 ;
    %load/vec4 v0x8bb215d60_0;
    %nor/r;
    %store/vec4 v0x8bb215ea0_0, 0, 1;
    %jmp T_42.6;
T_42.4 ;
    %load/vec4 v0x8bb215cc0_0;
    %store/vec4 v0x8bb215ea0_0, 0, 1;
    %jmp T_42.6;
T_42.5 ;
    %load/vec4 v0x8bb215d60_0;
    %store/vec4 v0x8bb215ea0_0, 0, 1;
    %jmp T_42.6;
T_42.6 ;
    %pop/vec4 1;
    %pushi/vec4 4294967295, 4294967295, 32;
    %store/vec4 v0x8bb215e00_0, 0, 32;
    %pushi/vec4 1, 0, 1;
    %dup/vec4;
    %load/vec4 v0x8bb21ebc0_0;
    %cmp/u;
    %jmp/1 T_42.9, 6;
    %dup/vec4;
    %load/vec4 v0x8bb21e8a0_0;
    %cmp/u;
    %jmp/1 T_42.10, 6;
    %dup/vec4;
    %load/vec4 v0x8bb21e260_0;
    %flag_set/vec4 8;
    %flag_get/vec4 8;
    %jmp/1 T_42.17, 8;
    %load/vec4 v0x8bb21e1c0_0;
    %or;
T_42.17;
    %cmp/u;
    %jmp/1 T_42.11, 6;
    %dup/vec4;
    %load/vec4 v0x8bb21d2c0_0;
    %flag_set/vec4 8;
    %flag_get/vec4 8;
    %jmp/1 T_42.18, 8;
    %load/vec4 v0x8bb21d220_0;
    %or;
T_42.18;
    %cmp/u;
    %jmp/1 T_42.12, 6;
    %dup/vec4;
    %load/vec4 v0x8bb21c5a0_0;
    %flag_set/vec4 8;
    %flag_get/vec4 8;
    %jmp/1 T_42.19, 8;
    %load/vec4 v0x8bb21c500_0;
    %or;
T_42.19;
    %cmp/u;
    %jmp/1 T_42.13, 6;
    %dup/vec4;
    %pushi/vec4 0, 0, 1;
    %cmp/u;
    %jmp/1 T_42.14, 6;
    %dup/vec4;
    %pushi/vec4 0, 0, 1;
    %cmp/u;
    %jmp/1 T_42.15, 6;
    %jmp T_42.16;
T_42.9 ;
    %load/vec4 v0x8bb215b80_0;
    %store/vec4 v0x8bb215e00_0, 0, 32;
    %jmp T_42.16;
T_42.10 ;
    %load/vec4 v0x8bb215ea0_0;
    %pad/u 32;
    %store/vec4 v0x8bb215e00_0, 0, 32;
    %jmp T_42.16;
T_42.11 ;
    %load/vec4 v0x8bb221ea0_0;
    %load/vec4 v0x8bb221f40_0;
    %xor;
    %store/vec4 v0x8bb215e00_0, 0, 32;
    %jmp T_42.16;
T_42.12 ;
    %load/vec4 v0x8bb221ea0_0;
    %load/vec4 v0x8bb221f40_0;
    %or;
    %store/vec4 v0x8bb215e00_0, 0, 32;
    %jmp T_42.16;
T_42.13 ;
    %load/vec4 v0x8bb221ea0_0;
    %load/vec4 v0x8bb221f40_0;
    %and;
    %store/vec4 v0x8bb215e00_0, 0, 32;
    %jmp T_42.16;
T_42.14 ;
    %load/vec4 v0x8bb216080_0;
    %store/vec4 v0x8bb215e00_0, 0, 32;
    %jmp T_42.16;
T_42.15 ;
    %load/vec4 v0x8bb216120_0;
    %store/vec4 v0x8bb215e00_0, 0, 32;
    %jmp T_42.16;
T_42.16 ;
    %pop/vec4 1;
    %jmp T_42;
    .thread T_42, $push;
    .scope S_0x8bae20300;
T_43 ;
    %wait E_0x8bb1e4980;
    %load/vec4 v0x8bb2166c0_0;
    %assign/vec4 v0x8bb216760_0, 0;
    %jmp T_43;
    .thread T_43;
    .scope S_0x8bae20300;
T_44 ;
    %wait E_0x8bb1e4a40;
    %load/vec4 v0x8bb216760_0;
    %store/vec4 v0x8bb2166c0_0, 0, 1;
    %load/vec4 v0x8bb2219a0_0;
    %nor/r;
    %flag_set/vec4 8;
    %jmp/0xz  T_44.0, 8;
    %pushi/vec4 0, 0, 1;
    %store/vec4 v0x8bb2166c0_0, 0, 1;
T_44.0 ;
    %load/vec4 v0x8bb21f0c0_0;
    %flag_set/vec4 8;
    %jmp/1 T_44.5, 8;
    %load/vec4 v0x8bb21e620_0;
    %cmpi/ne 0, 0, 2;
    %flag_or 8, 4;
T_44.5;
    %jmp/1 T_44.4, 8;
    %load/vec4 v0x8bb2221c0_0;
    %nor/r;
    %flag_set/vec4 9;
    %flag_or 8, 9;
T_44.4;
    %jmp/0xz  T_44.2, 8;
    %pushi/vec4 0, 0, 1;
    %store/vec4 v0x8bb2166c0_0, 0, 1;
T_44.2 ;
    %jmp T_44;
    .thread T_44, $push;
    .scope S_0x8bae20300;
T_45 ;
    %wait E_0x8bb1e4a00;
    %pushi/vec4 0, 0, 1;
    %store/vec4 v0x8bb216da0_0, 0, 1;
    %pushi/vec4 4294967295, 4294967295, 32;
    %store/vec4 v0x8bb216d00_0, 0, 32;
    %load/vec4 v0x8bb216a80_0;
    %cmpi/e 64, 0, 8;
    %jmp/0xz  T_45.0, 4;
    %pushi/vec4 1, 0, 1;
    %dup/vec4;
    %load/vec4 v0x8bb21f0c0_0;
    %cmp/u;
    %jmp/1 T_45.2, 6;
    %dup/vec4;
    %load/vec4 v0x8bb21f520_0;
    %flag_set/vec4 8;
    %flag_get/vec4 8;
    %jmp/0 T_45.7, 8;
    %load/vec4 v0x8bb21f0c0_0;
    %nor/r;
    %and;
T_45.7;
    %cmp/u;
    %jmp/1 T_45.3, 6;
    %dup/vec4;
    %pushi/vec4 0, 0, 1;
    %cmp/u;
    %jmp/1 T_45.4, 6;
    %dup/vec4;
    %pushi/vec4 0, 0, 1;
    %cmp/u;
    %jmp/1 T_45.5, 6;
    %jmp T_45.6;
T_45.2 ;
    %load/vec4 v0x8bb222080_0;
    %load/vec4 v0x8bb21f160_0;
    %flag_set/vec4 8;
    %jmp/0 T_45.8, 8;
    %pushi/vec4 2, 0, 32;
    %jmp/1 T_45.9, 8;
T_45.8 ; End of true expr.
    %pushi/vec4 4, 0, 32;
    %jmp/0 T_45.9, 8;
 ; End of false expr.
    %blend;
T_45.9;
    %add;
    %store/vec4 v0x8bb216d00_0, 0, 32;
    %pushi/vec4 1, 0, 1;
    %store/vec4 v0x8bb216da0_0, 0, 1;
    %jmp T_45.6;
T_45.3 ;
    %load/vec4 v0x8bb21f480_0;
    %flag_set/vec4 8;
    %jmp/0 T_45.10, 8;
    %load/vec4 v0x8bb215fe0_0;
    %jmp/1 T_45.11, 8;
T_45.10 ; End of true expr.
    %load/vec4 v0x8bb221fe0_0;
    %jmp/0 T_45.11, 8;
 ; End of false expr.
    %blend;
T_45.11;
    %store/vec4 v0x8bb216d00_0, 0, 32;
    %pushi/vec4 1, 0, 1;
    %store/vec4 v0x8bb216da0_0, 0, 1;
    %jmp T_45.6;
T_45.4 ;
    %load/vec4 v0x8bb221e00_0;
    %load/vec4 v0x8bb21f160_0;
    %pad/u 32;
    %or;
    %store/vec4 v0x8bb216d00_0, 0, 32;
    %pushi/vec4 1, 0, 1;
    %store/vec4 v0x8bb216da0_0, 0, 1;
    %jmp T_45.6;
T_45.5 ;
    %load/vec4 v0x8bb21e580_0;
    %load/vec4 v0x8bb21e4e0_0;
    %inv;
    %and;
    %store/vec4 v0x8bb216d00_0, 0, 32;
    %pushi/vec4 1, 0, 1;
    %store/vec4 v0x8bb216da0_0, 0, 1;
    %jmp T_45.6;
T_45.6 ;
    %pop/vec4 1;
T_45.0 ;
    %jmp T_45;
    .thread T_45, $push;
    .scope S_0x8bae20300;
T_46 ;
    %wait E_0x8bb1e4980;
    %load/vec4 v0x8bb2221c0_0;
    %flag_set/vec4 10;
    %flag_get/vec4 10;
    %jmp/0 T_46.3, 10;
    %load/vec4 v0x8bb216da0_0;
    %and;
T_46.3;
    %flag_set/vec4 9;
    %flag_get/vec4 9;
    %jmp/0 T_46.2, 9;
    %load/vec4 v0x8bb21f3e0_0;
    %pushi/vec4 0, 0, 5;
    %cmp/ne;
    %flag_get/vec4 4;
    %and;
T_46.2;
    %flag_set/vec4 8;
    %jmp/0xz  T_46.0, 8;
    %load/vec4 v0x8bb216d00_0;
    %load/vec4 v0x8bb21f3e0_0;
    %pad/u 7;
    %ix/vec4 3;
    %ix/load 4, 0, 0; Constant delay
    %assign/vec4/a/d v0x8bb216b20, 0, 4;
T_46.0 ;
    %jmp T_46;
    .thread T_46;
    .scope S_0x8bae20300;
T_47 ;
    %wait E_0x8bb1e49c0;
    %pushi/vec4 31, 31, 5;
    %store/vec4 v0x8bb217de0_0, 0, 5;
    %load/vec4 v0x8bb217e80_0;
    %cmpi/ne 0, 0, 5;
    %flag_mov 8, 4;
    %jmp/0 T_47.0, 8;
    %load/vec4 v0x8bb217e80_0;
    %pad/u 7;
    %ix/vec4 4;
    %load/vec4a v0x8bb216b20, 4;
    %jmp/1 T_47.1, 8;
T_47.0 ; End of true expr.
    %pushi/vec4 0, 0, 32;
    %jmp/0 T_47.1, 8;
 ; End of false expr.
    %blend;
T_47.1;
    %store/vec4 v0x8bb216bc0_0, 0, 32;
    %load/vec4 v0x8bb217f20_0;
    %cmpi/ne 0, 0, 5;
    %flag_mov 8, 4;
    %jmp/0 T_47.2, 8;
    %load/vec4 v0x8bb217f20_0;
    %pad/u 7;
    %ix/vec4 4;
    %load/vec4a v0x8bb216b20, 4;
    %jmp/1 T_47.3, 8;
T_47.2 ; End of true expr.
    %pushi/vec4 0, 0, 32;
    %jmp/0 T_47.3, 8;
 ; End of false expr.
    %blend;
T_47.3;
    %store/vec4 v0x8bb216c60_0, 0, 32;
    %jmp T_47;
    .thread T_47, $push;
    .scope S_0x8bae20300;
T_48 ;
    %wait E_0x8bb1e4980;
    %pushi/vec4 0, 0, 1;
    %assign/vec4 v0x8bb222620_0, 0;
    %pushi/vec4 31, 31, 5;
    %assign/vec4 v0x8bb222120_0, 0;
    %pushi/vec4 4294967295, 4294967295, 32;
    %assign/vec4 v0x8bb221fe0_0, 0;
    %pushi/vec4 0, 0, 1;
    %store/vec4 v0x8bb222300_0, 0, 1;
    %pushi/vec4 0, 0, 1;
    %store/vec4 v0x8bb222260_0, 0, 1;
    %pushi/vec4 0, 0, 1;
    %store/vec4 v0x8bb2223a0_0, 0, 1;
    %load/vec4 v0x8bb215ea0_0;
    %assign/vec4 v0x8bb215f40_0, 0;
    %load/vec4 v0x8bb215e00_0;
    %assign/vec4 v0x8bb215fe0_0, 0;
    %pushi/vec4 0, 0, 1;
    %assign/vec4 v0x8bb2161c0_0, 0;
    %pushi/vec4 0, 0, 1;
    %assign/vec4 v0x8bb216260_0, 0;
    %load/vec4 v0x8bb21f660_0;
    %flag_set/vec4 8;
    %jmp/0xz  T_48.0, 8;
    %pushi/vec4 4294967295, 4294967295, 32;
    %assign/vec4 v0x8bb2178e0_0, 0;
    %pushi/vec4 4294967295, 4294967295, 32;
    %assign/vec4 v0x8bb217a20_0, 0;
    %pushi/vec4 0, 0, 1;
    %assign/vec4 v0x8bb217980_0, 0;
    %pushi/vec4 0, 0, 1;
    %assign/vec4 v0x8bb217ac0_0, 0;
T_48.0 ;
    %load/vec4 v0x8bb2221c0_0;
    %flag_set/vec4 8;
    %jmp/0 T_48.2, 8;
    %load/vec4 v0x8bb216940_0;
    %addi 1, 0, 64;
    %jmp/1 T_48.3, 8;
T_48.2 ; End of true expr.
    %pushi/vec4 0, 0, 64;
    %jmp/0 T_48.3, 8;
 ; End of false expr.
    %blend;
T_48.3;
    %assign/vec4 v0x8bb216940_0, 0;
    %pushi/vec4 4294967295, 4294967295, 32;
    %store/vec4 v0x8bb220b40_0, 0, 32;
    %load/vec4 v0x8bb21f980_0;
    %flag_set/vec4 8;
    %flag_get/vec4 8;
    %jmp/0 T_48.4, 8;
    %load/vec4 v0x8bb21fac0_0;
    %and;
T_48.4;
    %assign/vec4 v0x8bb21c140_0, 0;
    %load/vec4 v0x8bb21c140_0;
    %assign/vec4 v0x8bb21c1e0_0, 0;
    %pushi/vec4 0, 0, 1;
    %assign/vec4 v0x8bb21c000_0, 0;
    %load/vec4 v0x8bb21c000_0;
    %assign/vec4 v0x8bb21c0a0_0, 0;
    %pushi/vec4 0, 0, 1;
    %assign/vec4 v0x8bb21c280_0, 0;
    %pushi/vec4 0, 0, 1;
    %assign/vec4 v0x8bb222580_0, 0;
    %pushi/vec4 4294967295, 4294967295, 32;
    %concati/vec4 15, 15, 4;
    %assign/vec4 v0x8bb2224e0_0, 0;
    %load/vec4 v0x8bb2221c0_0;
    %nor/r;
    %flag_set/vec4 8;
    %jmp/0xz  T_48.5, 8;
    %pushi/vec4 0, 0, 32;
    %assign/vec4 v0x8bb222080_0, 0;
    %pushi/vec4 0, 0, 32;
    %assign/vec4 v0x8bb221e00_0, 0;
    %pushi/vec4 0, 0, 64;
    %assign/vec4 v0x8bb2169e0_0, 0;
    %pushi/vec4 0, 0, 1;
    %assign/vec4 v0x8bb21f520_0, 0;
    %pushi/vec4 0, 0, 1;
    %assign/vec4 v0x8bb21f480_0, 0;
    %pushi/vec4 0, 0, 1;
    %assign/vec4 v0x8bb21f0c0_0, 0;
    %pushi/vec4 0, 0, 1;
    %assign/vec4 v0x8bb21f5c0_0, 0;
    %pushi/vec4 0, 0, 1;
    %assign/vec4 v0x8bb21f340_0, 0;
    %pushi/vec4 0, 0, 1;
    %assign/vec4 v0x8bb21f2a0_0, 0;
    %pushi/vec4 0, 0, 1;
    %assign/vec4 v0x8bb21f200_0, 0;
    %pushi/vec4 0, 0, 1;
    %assign/vec4 v0x8bb2217c0_0, 0;
    %pushi/vec4 0, 0, 1;
    %assign/vec4 v0x8bb221720_0, 0;
    %pushi/vec4 0, 0, 1;
    %assign/vec4 v0x8bb21e3a0_0, 0;
    %pushi/vec4 0, 0, 1;
    %assign/vec4 v0x8bb21e440_0, 0;
    %pushi/vec4 4294967295, 0, 32;
    %assign/vec4 v0x8bb21e4e0_0, 0;
    %pushi/vec4 0, 0, 32;
    %store/vec4 v0x8bb220b40_0, 0, 32;
    %pushi/vec4 0, 0, 2;
    %assign/vec4 v0x8bb21e620_0, 0;
    %pushi/vec4 0, 0, 32;
    %assign/vec4 v0x8bb21c320_0, 0;
    %pushi/vec4 0, 0, 32;
    %assign/vec4 v0x8bb222440_0, 0;
    %pushi/vec4 64, 0, 8;
    %assign/vec4 v0x8bb216a80_0, 0;
    %jmp T_48.6;
T_48.5 ;
    %load/vec4 v0x8bb216a80_0;
    %dup/vec4;
    %pushi/vec4 128, 0, 8;
    %cmp/u;
    %jmp/1 T_48.7, 6;
    %dup/vec4;
    %pushi/vec4 64, 0, 8;
    %cmp/u;
    %jmp/1 T_48.8, 6;
    %dup/vec4;
    %pushi/vec4 32, 0, 8;
    %cmp/u;
    %jmp/1 T_48.9, 6;
    %dup/vec4;
    %pushi/vec4 16, 0, 8;
    %cmp/u;
    %jmp/1 T_48.10, 6;
    %dup/vec4;
    %pushi/vec4 8, 0, 8;
    %cmp/u;
    %jmp/1 T_48.11, 6;
    %dup/vec4;
    %pushi/vec4 4, 0, 8;
    %cmp/u;
    %jmp/1 T_48.12, 6;
    %dup/vec4;
    %pushi/vec4 2, 0, 8;
    %cmp/u;
    %jmp/1 T_48.13, 6;
    %dup/vec4;
    %pushi/vec4 1, 0, 8;
    %cmp/u;
    %jmp/1 T_48.14, 6;
    %jmp T_48.15;
T_48.7 ;
    %pushi/vec4 1, 0, 1;
    %assign/vec4 v0x8bb222620_0, 0;
    %jmp T_48.15;
T_48.8 ;
    %load/vec4 v0x8bb21c140_0;
    %nor/r;
    %flag_set/vec4 8;
    %flag_get/vec4 8;
    %jmp/0 T_48.16, 8;
    %load/vec4 v0x8bb21c280_0;
    %nor/r;
    %and;
T_48.16;
    %assign/vec4 v0x8bb21f980_0, 0;
    %pushi/vec4 0, 0, 2;
    %assign/vec4 v0x8bb220820_0, 0;
    %load/vec4 v0x8bb221e00_0;
    %store/vec4 v0x8bb216e40_0, 0, 32;
    %pushi/vec4 1, 0, 1;
    %dup/vec4;
    %load/vec4 v0x8bb21f0c0_0;
    %cmp/u;
    %jmp/1 T_48.17, 6;
    %dup/vec4;
    %load/vec4 v0x8bb21f520_0;
    %flag_set/vec4 8;
    %flag_get/vec4 8;
    %jmp/0 T_48.22, 8;
    %load/vec4 v0x8bb21f0c0_0;
    %nor/r;
    %and;
T_48.22;
    %cmp/u;
    %jmp/1 T_48.18, 6;
    %dup/vec4;
    %pushi/vec4 0, 0, 1;
    %cmp/u;
    %jmp/1 T_48.19, 6;
    %dup/vec4;
    %pushi/vec4 0, 0, 1;
    %cmp/u;
    %jmp/1 T_48.20, 6;
    %jmp T_48.21;
T_48.17 ;
    %load/vec4 v0x8bb21f520_0;
    %flag_set/vec4 8;
    %jmp/0 T_48.23, 8;
    %load/vec4 v0x8bb21f480_0;
    %flag_set/vec4 9;
    %jmp/0 T_48.25, 9;
    %load/vec4 v0x8bb215fe0_0;
    %jmp/1 T_48.26, 9;
T_48.25 ; End of true expr.
    %load/vec4 v0x8bb221fe0_0;
    %jmp/0 T_48.26, 9;
 ; End of false expr.
    %blend;
T_48.26;
    %pushi/vec4 4294967294, 0, 32;
    %and;
    %jmp/1 T_48.24, 8;
T_48.23 ; End of true expr.
    %load/vec4 v0x8bb221e00_0;
    %jmp/0 T_48.24, 8;
 ; End of false expr.
    %blend;
T_48.24;
    %store/vec4 v0x8bb216e40_0, 0, 32;
    %jmp T_48.21;
T_48.18 ;
    %jmp T_48.21;
T_48.19 ;
    %pushi/vec4 16, 0, 32;
    %store/vec4 v0x8bb216e40_0, 0, 32;
    %pushi/vec4 1, 0, 1;
    %assign/vec4 v0x8bb21e3a0_0, 0;
    %pushi/vec4 1, 0, 1;
    %assign/vec4 v0x8bb21f980_0, 0;
    %jmp T_48.21;
T_48.20 ;
    %load/vec4 v0x8bb21e580_0;
    %load/vec4 v0x8bb21e4e0_0;
    %inv;
    %and;
    %assign/vec4 v0x8bb21c320_0, 0;
    %load/vec4 v0x8bb220b40_0;
    %load/vec4 v0x8bb21e4e0_0;
    %and;
    %store/vec4 v0x8bb220b40_0, 0, 32;
    %jmp T_48.21;
T_48.21 ;
    %pop/vec4 1;
    %load/vec4 v0x8bb216e40_0;
    %assign/vec4 v0x8bb222080_0, 0;
    %load/vec4 v0x8bb216e40_0;
    %assign/vec4 v0x8bb221e00_0, 0;
    %pushi/vec4 0, 0, 1;
    %assign/vec4 v0x8bb21f520_0, 0;
    %pushi/vec4 0, 0, 1;
    %assign/vec4 v0x8bb21f480_0, 0;
    %pushi/vec4 0, 0, 1;
    %assign/vec4 v0x8bb21f0c0_0, 0;
    %pushi/vec4 0, 0, 1;
    %assign/vec4 v0x8bb21f340_0, 0;
    %pushi/vec4 0, 0, 1;
    %assign/vec4 v0x8bb21f2a0_0, 0;
    %pushi/vec4 0, 0, 1;
    %assign/vec4 v0x8bb21f200_0, 0;
    %load/vec4 v0x8bb217d40_0;
    %assign/vec4 v0x8bb21f3e0_0, 0;
    %load/vec4 v0x8bb2168a0_0;
    %assign/vec4 v0x8bb21f160_0, 0;
    %load/vec4 v0x8bb21c140_0;
    %flag_set/vec4 8;
    %jmp/0xz  T_48.27, 8;
    %load/vec4 v0x8bb21e3a0_0;
    %assign/vec4 v0x8bb21e440_0, 0;
    %load/vec4 v0x8bb216e40_0;
    %load/vec4 v0x8bb2168a0_0;
    %flag_set/vec4 8;
    %jmp/0 T_48.29, 8;
    %pushi/vec4 2, 0, 32;
    %jmp/1 T_48.30, 8;
T_48.29 ; End of true expr.
    %pushi/vec4 4, 0, 32;
    %jmp/0 T_48.30, 8;
 ; End of false expr.
    %blend;
T_48.30;
    %add;
    %assign/vec4 v0x8bb221e00_0, 0;
    %load/vec4 v0x8bb2169e0_0;
    %addi 1, 0, 64;
    %assign/vec4 v0x8bb2169e0_0, 0;
    %load/vec4 v0x8bb21cc80_0;
    %flag_set/vec4 8;
    %jmp/0xz  T_48.31, 8;
    %pushi/vec4 1, 0, 1;
    %assign/vec4 v0x8bb21f980_0, 0;
    %load/vec4 v0x8bb216e40_0;
    %load/vec4 v0x8bb217ca0_0;
    %add;
    %assign/vec4 v0x8bb221e00_0, 0;
    %pushi/vec4 1, 0, 1;
    %assign/vec4 v0x8bb21f0c0_0, 0;
    %jmp T_48.32;
T_48.31 ;
    %pushi/vec4 0, 0, 1;
    %assign/vec4 v0x8bb21f980_0, 0;
    %load/vec4 v0x8bb21cd20_0;
    %nor/r;
    %flag_set/vec4 8;
    %flag_get/vec4 8;
    %jmp/0 T_48.33, 8;
    %load/vec4 v0x8bb21d5e0_0;
    %nor/r;
    %and;
T_48.33;
    %assign/vec4 v0x8bb21f840_0, 0;
    %pushi/vec4 32, 0, 8;
    %assign/vec4 v0x8bb216a80_0, 0;
T_48.32 ;
T_48.27 ;
    %jmp T_48.15;
T_48.9 ;
    %pushi/vec4 4294967295, 4294967295, 32;
    %assign/vec4 v0x8bb221ea0_0, 0;
    %pushi/vec4 4294967295, 4294967295, 32;
    %assign/vec4 v0x8bb221f40_0, 0;
    %pushi/vec4 1, 0, 1;
    %dup/vec4;
    %pushi/vec4 1, 0, 1;
    %flag_set/vec4 8;
    %flag_get/vec4 8;
    %jmp/0 T_48.48, 8;
    %load/vec4 v0x8bb21e080_0;
    %and;
T_48.48;
    %cmp/u;
    %jmp/1 T_48.34, 6;
    %dup/vec4;
    %pushi/vec4 1, 0, 1;
    %flag_set/vec4 8;
    %flag_get/vec4 8;
    %jmp/0 T_48.49, 8;
    %load/vec4 v0x8bb21ec60_0;
    %and;
T_48.49;
    %cmp/u;
    %jmp/1 T_48.35, 6;
    %dup/vec4;
    %load/vec4 v0x8bb21eb20_0;
    %cmp/u;
    %jmp/1 T_48.36, 6;
    %dup/vec4;
    %pushi/vec4 0, 0, 1;
    %cmp/u;
    %jmp/1 T_48.37, 6;
    %dup/vec4;
    %pushi/vec4 0, 0, 1;
    %cmp/u;
    %jmp/1 T_48.38, 6;
    %dup/vec4;
    %pushi/vec4 0, 0, 1;
    %cmp/u;
    %jmp/1 T_48.39, 6;
    %dup/vec4;
    %pushi/vec4 0, 0, 1;
    %cmp/u;
    %jmp/1 T_48.40, 6;
    %dup/vec4;
    %pushi/vec4 0, 0, 1;
    %cmp/u;
    %jmp/1 T_48.41, 6;
    %dup/vec4;
    %load/vec4 v0x8bb21e9e0_0;
    %flag_set/vec4 8;
    %flag_get/vec4 8;
    %jmp/0 T_48.50, 8;
    %load/vec4 v0x8bb21e080_0;
    %nor/r;
    %and;
T_48.50;
    %cmp/u;
    %jmp/1 T_48.42, 6;
    %dup/vec4;
    %load/vec4 v0x8bb21ee40_0;
    %flag_set/vec4 8;
    %flag_get/vec4 8;
    %jmp/0 T_48.51, 8;
    %pushi/vec4 1, 0, 1;
    %and;
T_48.51;
    %cmp/u;
    %jmp/1 T_48.43, 6;
    %dup/vec4;
    %load/vec4 v0x8bb21e940_0;
    %cmp/u;
    %jmp/1 T_48.44, 6;
    %dup/vec4;
    %load/vec4 v0x8bb21ee40_0;
    %flag_set/vec4 8;
    %flag_get/vec4 8;
    %jmp/0 T_48.52, 8;
    %pushi/vec4 0, 0, 1;
    %and;
T_48.52;
    %cmp/u;
    %jmp/1 T_48.45, 6;
    %load/vec4 v0x8bb216bc0_0;
    %assign/vec4 v0x8bb221ea0_0, 0;
    %load/vec4 v0x8bb216bc0_0;
    %assign/vec4 v0x8bb2178e0_0, 0;
    %pushi/vec4 1, 0, 1;
    %assign/vec4 v0x8bb217980_0, 0;
    %load/vec4 v0x8bb216c60_0;
    %pad/u 5;
    %assign/vec4 v0x8bb222120_0, 0;
    %load/vec4 v0x8bb216c60_0;
    %assign/vec4 v0x8bb221f40_0, 0;
    %load/vec4 v0x8bb216c60_0;
    %assign/vec4 v0x8bb217a20_0, 0;
    %pushi/vec4 1, 0, 1;
    %assign/vec4 v0x8bb217ac0_0, 0;
    %pushi/vec4 1, 0, 1;
    %dup/vec4;
    %load/vec4 v0x8bb21ed00_0;
    %cmp/u;
    %jmp/1 T_48.53, 6;
    %dup/vec4;
    %load/vec4 v0x8bb21eda0_0;
    %flag_set/vec4 8;
    %flag_get/vec4 8;
    %jmp/0 T_48.57, 8;
    %pushi/vec4 1, 0, 1;
    %and;
T_48.57;
    %cmp/u;
    %jmp/1 T_48.54, 6;
    %load/vec4 v0x8bb21f840_0;
    %assign/vec4 v0x8bb21f980_0, 0;
    %pushi/vec4 8, 0, 8;
    %assign/vec4 v0x8bb216a80_0, 0;
    %jmp T_48.56;
T_48.53 ;
    %pushi/vec4 2, 0, 8;
    %assign/vec4 v0x8bb216a80_0, 0;
    %pushi/vec4 1, 0, 1;
    %assign/vec4 v0x8bb21f980_0, 0;
    %jmp T_48.56;
T_48.54 ;
    %pushi/vec4 4, 0, 8;
    %assign/vec4 v0x8bb216a80_0, 0;
    %jmp T_48.56;
T_48.56 ;
    %pop/vec4 1;
    %jmp T_48.47;
T_48.34 ;
    %pushi/vec4 128, 0, 8;
    %assign/vec4 v0x8bb216a80_0, 0;
    %jmp T_48.47;
T_48.35 ;
    %pushi/vec4 1, 0, 1;
    %dup/vec4;
    %load/vec4 v0x8bb21d360_0;
    %cmp/u;
    %jmp/1 T_48.58, 6;
    %dup/vec4;
    %load/vec4 v0x8bb21d400_0;
    %flag_set/vec4 8;
    %flag_get/vec4 8;
    %jmp/0 T_48.63, 8;
    %pushi/vec4 1, 0, 1;
    %and;
T_48.63;
    %cmp/u;
    %jmp/1 T_48.59, 6;
    %dup/vec4;
    %load/vec4 v0x8bb21d4a0_0;
    %cmp/u;
    %jmp/1 T_48.60, 6;
    %dup/vec4;
    %load/vec4 v0x8bb21d540_0;
    %flag_set/vec4 8;
    %flag_get/vec4 8;
    %jmp/0 T_48.64, 8;
    %pushi/vec4 1, 0, 1;
    %and;
T_48.64;
    %cmp/u;
    %jmp/1 T_48.61, 6;
    %jmp T_48.62;
T_48.58 ;
    %load/vec4 v0x8bb216940_0;
    %parti/s 32, 0, 2;
    %assign/vec4 v0x8bb221fe0_0, 0;
    %jmp T_48.62;
T_48.59 ;
    %load/vec4 v0x8bb216940_0;
    %parti/s 32, 32, 7;
    %assign/vec4 v0x8bb221fe0_0, 0;
    %jmp T_48.62;
T_48.60 ;
    %load/vec4 v0x8bb2169e0_0;
    %parti/s 32, 0, 2;
    %assign/vec4 v0x8bb221fe0_0, 0;
    %jmp T_48.62;
T_48.61 ;
    %load/vec4 v0x8bb2169e0_0;
    %parti/s 32, 32, 7;
    %assign/vec4 v0x8bb221fe0_0, 0;
    %jmp T_48.62;
T_48.62 ;
    %pop/vec4 1;
    %pushi/vec4 1, 0, 1;
    %assign/vec4 v0x8bb21f520_0, 0;
    %pushi/vec4 64, 0, 8;
    %assign/vec4 v0x8bb216a80_0, 0;
    %jmp T_48.47;
T_48.36 ;
    %load/vec4 v0x8bb21d040_0;
    %flag_set/vec4 8;
    %jmp/0 T_48.65, 8;
    %pushi/vec4 0, 0, 32;
    %jmp/1 T_48.66, 8;
T_48.65 ; End of true expr.
    %load/vec4 v0x8bb222080_0;
    %jmp/0 T_48.66, 8;
 ; End of false expr.
    %blend;
T_48.66;
    %assign/vec4 v0x8bb221ea0_0, 0;
    %load/vec4 v0x8bb217c00_0;
    %assign/vec4 v0x8bb221f40_0, 0;
    %load/vec4 v0x8bb21f840_0;
    %assign/vec4 v0x8bb21f980_0, 0;
    %pushi/vec4 8, 0, 8;
    %assign/vec4 v0x8bb216a80_0, 0;
    %jmp T_48.47;
T_48.37 ;
    %load/vec4 v0x8bb216bc0_0;
    %assign/vec4 v0x8bb221fe0_0, 0;
    %load/vec4 v0x8bb216bc0_0;
    %assign/vec4 v0x8bb2178e0_0, 0;
    %pushi/vec4 1, 0, 1;
    %assign/vec4 v0x8bb217980_0, 0;
    %pushi/vec4 1, 0, 1;
    %assign/vec4 v0x8bb21f520_0, 0;
    %pushi/vec4 64, 0, 8;
    %assign/vec4 v0x8bb216a80_0, 0;
    %jmp T_48.47;
T_48.38 ;
    %load/vec4 v0x8bb216bc0_0;
    %assign/vec4 v0x8bb221fe0_0, 0;
    %load/vec4 v0x8bb216bc0_0;
    %assign/vec4 v0x8bb2178e0_0, 0;
    %pushi/vec4 1, 0, 1;
    %assign/vec4 v0x8bb217980_0, 0;
    %load/vec4 v0x8bb21f3e0_0;
    %pad/u 32;
    %pushi/vec4 32, 0, 32;
    %or;
    %pad/u 5;
    %assign/vec4 v0x8bb21f3e0_0, 0;
    %pushi/vec4 1, 0, 1;
    %assign/vec4 v0x8bb21f520_0, 0;
    %pushi/vec4 64, 0, 8;
    %assign/vec4 v0x8bb216a80_0, 0;
    %jmp T_48.47;
T_48.39 ;
    %pushi/vec4 0, 0, 32;
    %assign/vec4 v0x8bb21c320_0, 0;
    %pushi/vec4 0, 0, 1;
    %assign/vec4 v0x8bb21e3a0_0, 0;
    %pushi/vec4 1, 0, 1;
    %assign/vec4 v0x8bb21f0c0_0, 0;
    %pushi/vec4 1, 0, 1;
    %assign/vec4 v0x8bb21f520_0, 0;
    %load/vec4 v0x8bb216bc0_0;
    %pushi/vec4 4294967294, 0, 32;
    %and;
    %assign/vec4 v0x8bb221fe0_0, 0;
    %load/vec4 v0x8bb216bc0_0;
    %assign/vec4 v0x8bb2178e0_0, 0;
    %pushi/vec4 1, 0, 1;
    %assign/vec4 v0x8bb217980_0, 0;
    %pushi/vec4 64, 0, 8;
    %assign/vec4 v0x8bb216a80_0, 0;
    %jmp T_48.47;
T_48.40 ;
    %pushi/vec4 1, 0, 1;
    %assign/vec4 v0x8bb21f520_0, 0;
    %load/vec4 v0x8bb21e4e0_0;
    %assign/vec4 v0x8bb221fe0_0, 0;
    %load/vec4 v0x8bb216bc0_0;
    %pushi/vec4 0, 0, 32;
    %or;
    %assign/vec4 v0x8bb21e4e0_0, 0;
    %load/vec4 v0x8bb216bc0_0;
    %assign/vec4 v0x8bb2178e0_0, 0;
    %pushi/vec4 1, 0, 1;
    %assign/vec4 v0x8bb217980_0, 0;
    %pushi/vec4 64, 0, 8;
    %assign/vec4 v0x8bb216a80_0, 0;
    %jmp T_48.47;
T_48.41 ;
    %pushi/vec4 1, 0, 1;
    %assign/vec4 v0x8bb21f520_0, 0;
    %load/vec4 v0x8bb222440_0;
    %assign/vec4 v0x8bb221fe0_0, 0;
    %load/vec4 v0x8bb216bc0_0;
    %assign/vec4 v0x8bb222440_0, 0;
    %load/vec4 v0x8bb216bc0_0;
    %assign/vec4 v0x8bb2178e0_0, 0;
    %pushi/vec4 1, 0, 1;
    %assign/vec4 v0x8bb217980_0, 0;
    %pushi/vec4 64, 0, 8;
    %assign/vec4 v0x8bb216a80_0, 0;
    %jmp T_48.47;
T_48.42 ;
    %load/vec4 v0x8bb216bc0_0;
    %assign/vec4 v0x8bb221ea0_0, 0;
    %load/vec4 v0x8bb216bc0_0;
    %assign/vec4 v0x8bb2178e0_0, 0;
    %pushi/vec4 1, 0, 1;
    %assign/vec4 v0x8bb217980_0, 0;
    %pushi/vec4 1, 0, 8;
    %assign/vec4 v0x8bb216a80_0, 0;
    %pushi/vec4 1, 0, 1;
    %assign/vec4 v0x8bb21f980_0, 0;
    %jmp T_48.47;
T_48.43 ;
    %load/vec4 v0x8bb216bc0_0;
    %assign/vec4 v0x8bb221ea0_0, 0;
    %load/vec4 v0x8bb216bc0_0;
    %assign/vec4 v0x8bb2178e0_0, 0;
    %pushi/vec4 1, 0, 1;
    %assign/vec4 v0x8bb217980_0, 0;
    %load/vec4 v0x8bb217f20_0;
    %assign/vec4 v0x8bb222120_0, 0;
    %pushi/vec4 4, 0, 8;
    %assign/vec4 v0x8bb216a80_0, 0;
    %jmp T_48.47;
T_48.44 ;
    %load/vec4 v0x8bb216bc0_0;
    %assign/vec4 v0x8bb221ea0_0, 0;
    %load/vec4 v0x8bb216bc0_0;
    %assign/vec4 v0x8bb2178e0_0, 0;
    %pushi/vec4 1, 0, 1;
    %assign/vec4 v0x8bb217980_0, 0;
    %load/vec4 v0x8bb21ee40_0;
    %flag_set/vec4 9;
    %flag_get/vec4 9;
    %jmp/0 T_48.69, 9;
    %pushi/vec4 0, 0, 1;
    %and;
T_48.69;
    %flag_set/vec4 8;
    %jmp/0 T_48.67, 8;
    %load/vec4 v0x8bb217f20_0;
    %pad/u 32;
    %jmp/1 T_48.68, 8;
T_48.67 ; End of true expr.
    %load/vec4 v0x8bb217c00_0;
    %jmp/0 T_48.68, 8;
 ; End of false expr.
    %blend;
T_48.68;
    %assign/vec4 v0x8bb221f40_0, 0;
    %load/vec4 v0x8bb21f840_0;
    %assign/vec4 v0x8bb21f980_0, 0;
    %pushi/vec4 8, 0, 8;
    %assign/vec4 v0x8bb216a80_0, 0;
    %jmp T_48.47;
T_48.45 ;
    %load/vec4 v0x8bb216bc0_0;
    %assign/vec4 v0x8bb221ea0_0, 0;
    %load/vec4 v0x8bb216bc0_0;
    %assign/vec4 v0x8bb2178e0_0, 0;
    %pushi/vec4 1, 0, 1;
    %assign/vec4 v0x8bb217980_0, 0;
    %load/vec4 v0x8bb21ee40_0;
    %flag_set/vec4 9;
    %flag_get/vec4 9;
    %jmp/0 T_48.72, 9;
    %pushi/vec4 0, 0, 1;
    %and;
T_48.72;
    %flag_set/vec4 8;
    %jmp/0 T_48.70, 8;
    %load/vec4 v0x8bb217f20_0;
    %pad/u 32;
    %jmp/1 T_48.71, 8;
T_48.70 ; End of true expr.
    %load/vec4 v0x8bb217c00_0;
    %jmp/0 T_48.71, 8;
 ; End of false expr.
    %blend;
T_48.71;
    %assign/vec4 v0x8bb221f40_0, 0;
    %load/vec4 v0x8bb21f840_0;
    %assign/vec4 v0x8bb21f980_0, 0;
    %pushi/vec4 8, 0, 8;
    %assign/vec4 v0x8bb216a80_0, 0;
    %jmp T_48.47;
T_48.47 ;
    %pop/vec4 1;
    %jmp T_48.15;
T_48.10 ;
    %load/vec4 v0x8bb216c60_0;
    %pad/u 5;
    %assign/vec4 v0x8bb222120_0, 0;
    %load/vec4 v0x8bb216c60_0;
    %assign/vec4 v0x8bb221f40_0, 0;
    %load/vec4 v0x8bb216c60_0;
    %assign/vec4 v0x8bb217a20_0, 0;
    %pushi/vec4 1, 0, 1;
    %assign/vec4 v0x8bb217ac0_0, 0;
    %pushi/vec4 1, 0, 1;
    %dup/vec4;
    %pushi/vec4 0, 0, 1;
    %cmp/u;
    %jmp/1 T_48.73, 6;
    %dup/vec4;
    %load/vec4 v0x8bb21ed00_0;
    %cmp/u;
    %jmp/1 T_48.74, 6;
    %dup/vec4;
    %load/vec4 v0x8bb21eda0_0;
    %flag_set/vec4 8;
    %flag_get/vec4 8;
    %jmp/0 T_48.78, 8;
    %pushi/vec4 1, 0, 1;
    %and;
T_48.78;
    %cmp/u;
    %jmp/1 T_48.75, 6;
    %load/vec4 v0x8bb21f840_0;
    %assign/vec4 v0x8bb21f980_0, 0;
    %pushi/vec4 8, 0, 8;
    %assign/vec4 v0x8bb216a80_0, 0;
    %jmp T_48.77;
T_48.73 ;
    %pushi/vec4 1, 0, 1;
    %assign/vec4 v0x8bb2217c0_0, 0;
    %load/vec4 v0x8bb221040_0;
    %flag_set/vec4 8;
    %jmp/0xz  T_48.79, 8;
    %pushi/vec4 1, 0, 1;
    %assign/vec4 v0x8bb21f980_0, 0;
    %pushi/vec4 0, 0, 1;
    %assign/vec4 v0x8bb2217c0_0, 0;
    %load/vec4 v0x8bb220fa0_0;
    %assign/vec4 v0x8bb221fe0_0, 0;
    %load/vec4 v0x8bb221180_0;
    %assign/vec4 v0x8bb21f520_0, 0;
    %pushi/vec4 64, 0, 8;
    %assign/vec4 v0x8bb216a80_0, 0;
    %jmp T_48.80;
T_48.79 ;
    %pushi/vec4 1, 0, 1;
    %flag_set/vec4 9;
    %flag_get/vec4 9;
    %jmp/0 T_48.83, 9;
    %load/vec4 v0x8bb221720_0;
    %flag_set/vec4 9;
    %flag_get/vec4 9;
    %jmp/1 T_48.84, 9;
    %load/vec4 v0x8bb21caa0_0;
    %or;
T_48.84;
    %and;
T_48.83;
    %flag_set/vec4 8;
    %jmp/0xz  T_48.81, 8;
    %pushi/vec4 0, 0, 1;
    %assign/vec4 v0x8bb2217c0_0, 0;
    %pushi/vec4 128, 0, 8;
    %assign/vec4 v0x8bb216a80_0, 0;
T_48.81 ;
T_48.80 ;
    %jmp T_48.77;
T_48.74 ;
    %pushi/vec4 2, 0, 8;
    %assign/vec4 v0x8bb216a80_0, 0;
    %pushi/vec4 1, 0, 1;
    %assign/vec4 v0x8bb21f980_0, 0;
    %jmp T_48.77;
T_48.75 ;
    %pushi/vec4 4, 0, 8;
    %assign/vec4 v0x8bb216a80_0, 0;
    %jmp T_48.77;
T_48.77 ;
    %pop/vec4 1;
    %jmp T_48.15;
T_48.11 ;
    %load/vec4 v0x8bb222080_0;
    %load/vec4 v0x8bb217c00_0;
    %add;
    %assign/vec4 v0x8bb221fe0_0, 0;
    %load/vec4 v0x8bb21e800_0;
    %flag_set/vec4 8;
    %jmp/0xz  T_48.85, 8;
    %pushi/vec4 0, 0, 5;
    %assign/vec4 v0x8bb21f3e0_0, 0;
    %load/vec4 v0x8bb215ea0_0;
    %assign/vec4 v0x8bb21f520_0, 0;
    %load/vec4 v0x8bb215ea0_0;
    %assign/vec4 v0x8bb21f0c0_0, 0;
    %load/vec4 v0x8bb21fac0_0;
    %flag_set/vec4 8;
    %jmp/0xz  T_48.87, 8;
    %pushi/vec4 64, 0, 8;
    %assign/vec4 v0x8bb216a80_0, 0;
T_48.87 ;
    %load/vec4 v0x8bb215ea0_0;
    %flag_set/vec4 8;
    %jmp/0xz  T_48.89, 8;
    %pushi/vec4 0, 0, 1;
    %assign/vec4 v0x8bb21c140_0, 0;
    %pushi/vec4 1, 0, 1;
    %store/vec4 v0x8bb222300_0, 0, 1;
T_48.89 ;
    %jmp T_48.86;
T_48.85 ;
    %load/vec4 v0x8bb21cd20_0;
    %assign/vec4 v0x8bb21f0c0_0, 0;
    %pushi/vec4 1, 0, 1;
    %assign/vec4 v0x8bb21f520_0, 0;
    %pushi/vec4 1, 0, 1;
    %assign/vec4 v0x8bb21f480_0, 0;
    %pushi/vec4 64, 0, 8;
    %assign/vec4 v0x8bb216a80_0, 0;
T_48.86 ;
    %jmp T_48.15;
T_48.12 ;
    %pushi/vec4 1, 0, 1;
    %assign/vec4 v0x8bb21f520_0, 0;
    %load/vec4 v0x8bb222120_0;
    %pad/u 32;
    %cmpi/e 0, 0, 32;
    %jmp/0xz  T_48.91, 4;
    %load/vec4 v0x8bb221ea0_0;
    %assign/vec4 v0x8bb221fe0_0, 0;
    %load/vec4 v0x8bb21f840_0;
    %assign/vec4 v0x8bb21f980_0, 0;
    %pushi/vec4 64, 0, 8;
    %assign/vec4 v0x8bb216a80_0, 0;
    %jmp T_48.92;
T_48.91 ;
    %pushi/vec4 1, 0, 1;
    %flag_set/vec4 9;
    %flag_get/vec4 9;
    %jmp/0 T_48.95, 9;
    %pushi/vec4 4, 0, 32;
    %load/vec4 v0x8bb222120_0;
    %pad/u 32;
    %cmp/u;
    %flag_get/vec4 4;
    %flag_get/vec4 5;
    %or;
    %and;
T_48.95;
    %flag_set/vec4 8;
    %jmp/0xz  T_48.93, 8;
    %pushi/vec4 1, 0, 1;
    %dup/vec4;
    %load/vec4 v0x8bb21d900_0;
    %flag_set/vec4 8;
    %flag_get/vec4 8;
    %jmp/1 T_48.100, 8;
    %load/vec4 v0x8bb21d860_0;
    %or;
T_48.100;
    %cmp/u;
    %jmp/1 T_48.96, 6;
    %dup/vec4;
    %load/vec4 v0x8bb21de00_0;
    %flag_set/vec4 8;
    %flag_get/vec4 8;
    %jmp/1 T_48.101, 8;
    %load/vec4 v0x8bb21dd60_0;
    %or;
T_48.101;
    %cmp/u;
    %jmp/1 T_48.97, 6;
    %dup/vec4;
    %load/vec4 v0x8bb21dcc0_0;
    %flag_set/vec4 8;
    %flag_get/vec4 8;
    %jmp/1 T_48.102, 8;
    %load/vec4 v0x8bb21dc20_0;
    %or;
T_48.102;
    %cmp/u;
    %jmp/1 T_48.98, 6;
    %jmp T_48.99;
T_48.96 ;
    %load/vec4 v0x8bb221ea0_0;
    %ix/load 4, 4, 0;
    %flag_set/imm 4, 0;
    %shiftl 4;
    %assign/vec4 v0x8bb221ea0_0, 0;
    %jmp T_48.99;
T_48.97 ;
    %load/vec4 v0x8bb221ea0_0;
    %ix/load 4, 4, 0;
    %flag_set/imm 4, 0;
    %shiftr 4;
    %assign/vec4 v0x8bb221ea0_0, 0;
    %jmp T_48.99;
T_48.98 ;
    %load/vec4 v0x8bb221ea0_0;
    %ix/load 4, 4, 0;
    %flag_set/imm 4, 0;
    %shiftr/s 4;
    %assign/vec4 v0x8bb221ea0_0, 0;
    %jmp T_48.99;
T_48.99 ;
    %pop/vec4 1;
    %load/vec4 v0x8bb222120_0;
    %subi 4, 0, 5;
    %assign/vec4 v0x8bb222120_0, 0;
    %jmp T_48.94;
T_48.93 ;
    %pushi/vec4 1, 0, 1;
    %dup/vec4;
    %load/vec4 v0x8bb21d900_0;
    %flag_set/vec4 8;
    %flag_get/vec4 8;
    %jmp/1 T_48.107, 8;
    %load/vec4 v0x8bb21d860_0;
    %or;
T_48.107;
    %cmp/u;
    %jmp/1 T_48.103, 6;
    %dup/vec4;
    %load/vec4 v0x8bb21de00_0;
    %flag_set/vec4 8;
    %flag_get/vec4 8;
    %jmp/1 T_48.108, 8;
    %load/vec4 v0x8bb21dd60_0;
    %or;
T_48.108;
    %cmp/u;
    %jmp/1 T_48.104, 6;
    %dup/vec4;
    %load/vec4 v0x8bb21dcc0_0;
    %flag_set/vec4 8;
    %flag_get/vec4 8;
    %jmp/1 T_48.109, 8;
    %load/vec4 v0x8bb21dc20_0;
    %or;
T_48.109;
    %cmp/u;
    %jmp/1 T_48.105, 6;
    %jmp T_48.106;
T_48.103 ;
    %load/vec4 v0x8bb221ea0_0;
    %ix/load 4, 1, 0;
    %flag_set/imm 4, 0;
    %shiftl 4;
    %assign/vec4 v0x8bb221ea0_0, 0;
    %jmp T_48.106;
T_48.104 ;
    %load/vec4 v0x8bb221ea0_0;
    %ix/load 4, 1, 0;
    %flag_set/imm 4, 0;
    %shiftr 4;
    %assign/vec4 v0x8bb221ea0_0, 0;
    %jmp T_48.106;
T_48.105 ;
    %load/vec4 v0x8bb221ea0_0;
    %ix/load 4, 1, 0;
    %flag_set/imm 4, 0;
    %shiftr/s 4;
    %assign/vec4 v0x8bb221ea0_0, 0;
    %jmp T_48.106;
T_48.106 ;
    %pop/vec4 1;
    %load/vec4 v0x8bb222120_0;
    %subi 1, 0, 5;
    %assign/vec4 v0x8bb222120_0, 0;
T_48.94 ;
T_48.92 ;
    %jmp T_48.15;
T_48.13 ;
    %load/vec4 v0x8bb21f840_0;
    %nor/r;
    %flag_set/vec4 8;
    %jmp/1 T_48.112, 8;
    %load/vec4 v0x8bb21fac0_0;
    %flag_set/vec4 9;
    %flag_or 8, 9;
T_48.112;
    %jmp/0xz  T_48.110, 8;
    %load/vec4 v0x8bb21fa20_0;
    %nor/r;
    %flag_set/vec4 8;
    %jmp/0xz  T_48.113, 8;
    %pushi/vec4 1, 0, 1;
    %dup/vec4;
    %load/vec4 v0x8bb21d680_0;
    %cmp/u;
    %jmp/1 T_48.115, 6;
    %dup/vec4;
    %load/vec4 v0x8bb21d7c0_0;
    %cmp/u;
    %jmp/1 T_48.116, 6;
    %dup/vec4;
    %load/vec4 v0x8bb21df40_0;
    %cmp/u;
    %jmp/1 T_48.117, 6;
    %jmp T_48.118;
T_48.115 ;
    %pushi/vec4 2, 0, 2;
    %assign/vec4 v0x8bb220820_0, 0;
    %jmp T_48.118;
T_48.116 ;
    %pushi/vec4 1, 0, 2;
    %assign/vec4 v0x8bb220820_0, 0;
    %jmp T_48.118;
T_48.117 ;
    %pushi/vec4 0, 0, 2;
    %assign/vec4 v0x8bb220820_0, 0;
    %jmp T_48.118;
T_48.118 ;
    %pop/vec4 1;
    %load/vec4 v0x8bb221ea0_0;
    %load/vec4 v0x8bb217c00_0;
    %add;
    %assign/vec4 v0x8bb221ea0_0, 0;
    %pushi/vec4 1, 0, 1;
    %store/vec4 v0x8bb2223a0_0, 0, 1;
T_48.113 ;
    %load/vec4 v0x8bb21f840_0;
    %nor/r;
    %flag_set/vec4 9;
    %flag_get/vec4 9;
    %jmp/0 T_48.121, 9;
    %load/vec4 v0x8bb21fac0_0;
    %and;
T_48.121;
    %flag_set/vec4 8;
    %jmp/0xz  T_48.119, 8;
    %pushi/vec4 64, 0, 8;
    %assign/vec4 v0x8bb216a80_0, 0;
    %pushi/vec4 1, 0, 1;
    %assign/vec4 v0x8bb21c140_0, 0;
    %pushi/vec4 1, 0, 1;
    %assign/vec4 v0x8bb21c000_0, 0;
T_48.119 ;
T_48.110 ;
    %jmp T_48.15;
T_48.14 ;
    %pushi/vec4 1, 0, 1;
    %assign/vec4 v0x8bb21f520_0, 0;
    %load/vec4 v0x8bb21f840_0;
    %nor/r;
    %flag_set/vec4 8;
    %jmp/1 T_48.124, 8;
    %load/vec4 v0x8bb21fac0_0;
    %flag_set/vec4 9;
    %flag_or 8, 9;
T_48.124;
    %jmp/0xz  T_48.122, 8;
    %load/vec4 v0x8bb21f8e0_0;
    %nor/r;
    %flag_set/vec4 8;
    %jmp/0xz  T_48.125, 8;
    %pushi/vec4 1, 0, 1;
    %dup/vec4;
    %load/vec4 v0x8bb21cdc0_0;
    %flag_set/vec4 8;
    %flag_get/vec4 8;
    %jmp/1 T_48.131, 8;
    %load/vec4 v0x8bb21ce60_0;
    %or;
T_48.131;
    %cmp/u;
    %jmp/1 T_48.127, 6;
    %dup/vec4;
    %load/vec4 v0x8bb21cf00_0;
    %flag_set/vec4 8;
    %flag_get/vec4 8;
    %jmp/1 T_48.132, 8;
    %load/vec4 v0x8bb21cfa0_0;
    %or;
T_48.132;
    %cmp/u;
    %jmp/1 T_48.128, 6;
    %dup/vec4;
    %load/vec4 v0x8bb21d0e0_0;
    %cmp/u;
    %jmp/1 T_48.129, 6;
    %jmp T_48.130;
T_48.127 ;
    %pushi/vec4 2, 0, 2;
    %assign/vec4 v0x8bb220820_0, 0;
    %jmp T_48.130;
T_48.128 ;
    %pushi/vec4 1, 0, 2;
    %assign/vec4 v0x8bb220820_0, 0;
    %jmp T_48.130;
T_48.129 ;
    %pushi/vec4 0, 0, 2;
    %assign/vec4 v0x8bb220820_0, 0;
    %jmp T_48.130;
T_48.130 ;
    %pop/vec4 1;
    %load/vec4 v0x8bb21ea80_0;
    %assign/vec4 v0x8bb21f340_0, 0;
    %load/vec4 v0x8bb21cf00_0;
    %assign/vec4 v0x8bb21f2a0_0, 0;
    %load/vec4 v0x8bb21cdc0_0;
    %assign/vec4 v0x8bb21f200_0, 0;
    %load/vec4 v0x8bb221ea0_0;
    %load/vec4 v0x8bb217c00_0;
    %add;
    %assign/vec4 v0x8bb221ea0_0, 0;
    %pushi/vec4 1, 0, 1;
    %store/vec4 v0x8bb222260_0, 0, 1;
T_48.125 ;
    %load/vec4 v0x8bb21f840_0;
    %nor/r;
    %flag_set/vec4 9;
    %flag_get/vec4 9;
    %jmp/0 T_48.135, 9;
    %load/vec4 v0x8bb21fac0_0;
    %and;
T_48.135;
    %flag_set/vec4 8;
    %jmp/0xz  T_48.133, 8;
    %pushi/vec4 1, 0, 1;
    %dup/vec4;
    %load/vec4 v0x8bb21f340_0;
    %cmp/u;
    %jmp/1 T_48.136, 6;
    %dup/vec4;
    %load/vec4 v0x8bb21f2a0_0;
    %cmp/u;
    %jmp/1 T_48.137, 6;
    %dup/vec4;
    %load/vec4 v0x8bb21f200_0;
    %cmp/u;
    %jmp/1 T_48.138, 6;
    %jmp T_48.139;
T_48.136 ;
    %load/vec4 v0x8bb220500_0;
    %assign/vec4 v0x8bb221fe0_0, 0;
    %jmp T_48.139;
T_48.137 ;
    %load/vec4 v0x8bb220500_0;
    %parti/s 16, 0, 2;
    %pad/s 32;
    %assign/vec4 v0x8bb221fe0_0, 0;
    %jmp T_48.139;
T_48.138 ;
    %load/vec4 v0x8bb220500_0;
    %parti/s 8, 0, 2;
    %pad/s 32;
    %assign/vec4 v0x8bb221fe0_0, 0;
    %jmp T_48.139;
T_48.139 ;
    %pop/vec4 1;
    %pushi/vec4 1, 0, 1;
    %assign/vec4 v0x8bb21c140_0, 0;
    %pushi/vec4 1, 0, 1;
    %assign/vec4 v0x8bb21c000_0, 0;
    %pushi/vec4 64, 0, 8;
    %assign/vec4 v0x8bb216a80_0, 0;
T_48.133 ;
T_48.122 ;
    %jmp T_48.15;
T_48.15 ;
    %pop/vec4 1;
T_48.6 ;
    %pushi/vec4 1, 0, 1;
    %flag_set/vec4 10;
    %flag_get/vec4 10;
    %jmp/0 T_48.143, 10;
    %load/vec4 v0x8bb2221c0_0;
    %and;
T_48.143;
    %flag_set/vec4 9;
    %flag_get/vec4 9;
    %jmp/0 T_48.142, 9;
    %load/vec4 v0x8bb21f8e0_0;
    %flag_set/vec4 9;
    %flag_get/vec4 9;
    %jmp/1 T_48.144, 9;
    %load/vec4 v0x8bb21fa20_0;
    %or;
T_48.144;
    %and;
T_48.142;
    %flag_set/vec4 8;
    %jmp/0xz  T_48.140, 8;
    %load/vec4 v0x8bb220820_0;
    %pad/u 32;
    %cmpi/e 0, 0, 32;
    %flag_get/vec4 4;
    %jmp/0 T_48.147, 4;
    %load/vec4 v0x8bb221ea0_0;
    %parti/s 2, 0, 2;
    %pad/u 32;
    %pushi/vec4 0, 0, 32;
    %cmp/ne;
    %flag_get/vec4 4;
    %and;
T_48.147;
    %flag_set/vec4 8;
    %jmp/0xz  T_48.145, 8;
    %pushi/vec4 128, 0, 8;
    %assign/vec4 v0x8bb216a80_0, 0;
T_48.145 ;
    %load/vec4 v0x8bb220820_0;
    %pad/u 32;
    %cmpi/e 1, 0, 32;
    %flag_get/vec4 4;
    %jmp/0 T_48.150, 4;
    %load/vec4 v0x8bb221ea0_0;
    %parti/s 1, 0, 2;
    %pad/u 32;
    %pushi/vec4 0, 0, 32;
    %cmp/ne;
    %flag_get/vec4 4;
    %and;
T_48.150;
    %flag_set/vec4 8;
    %jmp/0xz  T_48.148, 8;
    %pushi/vec4 128, 0, 8;
    %assign/vec4 v0x8bb216a80_0, 0;
T_48.148 ;
T_48.140 ;
    %pushi/vec4 1, 0, 1;
    %flag_set/vec4 11;
    %flag_get/vec4 11;
    %jmp/0 T_48.155, 11;
    %load/vec4 v0x8bb2221c0_0;
    %and;
T_48.155;
    %flag_set/vec4 10;
    %flag_get/vec4 10;
    %jmp/0 T_48.154, 10;
    %load/vec4 v0x8bb21f980_0;
    %and;
T_48.154;
    %flag_set/vec4 9;
    %flag_get/vec4 9;
    %jmp/0 T_48.153, 9;
    %load/vec4 v0x8bb222080_0;
    %parti/s 2, 0, 2;
    %or/r;
    %and;
T_48.153;
    %flag_set/vec4 8;
    %jmp/0xz  T_48.151, 8;
    %pushi/vec4 128, 0, 8;
    %assign/vec4 v0x8bb216a80_0, 0;
T_48.151 ;
    %load/vec4 v0x8bb2221c0_0;
    %nor/r;
    %flag_set/vec4 8;
    %jmp/1 T_48.158, 8;
    %load/vec4 v0x8bb21fac0_0;
    %flag_set/vec4 9;
    %flag_or 8, 9;
T_48.158;
    %jmp/0xz  T_48.156, 8;
    %pushi/vec4 0, 0, 1;
    %assign/vec4 v0x8bb21f840_0, 0;
    %pushi/vec4 0, 0, 1;
    %assign/vec4 v0x8bb21f980_0, 0;
    %pushi/vec4 0, 0, 1;
    %assign/vec4 v0x8bb21f8e0_0, 0;
    %pushi/vec4 0, 0, 1;
    %assign/vec4 v0x8bb21fa20_0, 0;
T_48.156 ;
    %load/vec4 v0x8bb222300_0;
    %flag_set/vec4 8;
    %jmp/0xz  T_48.159, 8;
    %pushi/vec4 1, 0, 1;
    %assign/vec4 v0x8bb21f980_0, 0;
T_48.159 ;
    %load/vec4 v0x8bb222260_0;
    %flag_set/vec4 8;
    %jmp/0xz  T_48.161, 8;
    %pushi/vec4 1, 0, 1;
    %assign/vec4 v0x8bb21f8e0_0, 0;
T_48.161 ;
    %load/vec4 v0x8bb2223a0_0;
    %flag_set/vec4 8;
    %jmp/0xz  T_48.163, 8;
    %pushi/vec4 1, 0, 1;
    %assign/vec4 v0x8bb21fa20_0, 0;
T_48.163 ;
    %load/vec4 v0x8bb220b40_0;
    %pushi/vec4 4294967295, 0, 32;
    %and;
    %assign/vec4 v0x8bb21e580_0, 0;
    %pushi/vec4 4294967295, 4294967295, 32;
    %store/vec4 v0x8bb216e40_0, 0, 32;
    %jmp T_48;
    .thread T_48;
    .scope S_0x102b45630;
T_49 ;
    %wait E_0x8bb1e4940;
    %load/vec4 v0x8bb223980_0;
    %flag_set/vec4 8;
    %jmp/0xz  T_49.0, 8;
    %pushi/vec4 0, 0, 32;
    %assign/vec4 v0x8bb223ac0_0, 0;
    %pushi/vec4 0, 0, 32;
    %assign/vec4 v0x8bb223ca0_0, 0;
    %pushi/vec4 0, 0, 1;
    %assign/vec4 v0x8bb223e80_0, 0;
    %pushi/vec4 0, 0, 4;
    %assign/vec4 v0x8bb223d40_0, 0;
    %pushi/vec4 0, 0, 1;
    %assign/vec4 v0x8bb223de0_0, 0;
    %pushi/vec4 0, 0, 1;
    %assign/vec4 v0x8bb223b60_0, 0;
    %pushi/vec4 0, 0, 2;
    %assign/vec4 v0x8bb223660_0, 0;
    %jmp T_49.1;
T_49.0 ;
    %load/vec4 v0x8bb223660_0;
    %dup/vec4;
    %pushi/vec4 0, 0, 2;
    %cmp/u;
    %jmp/1 T_49.2, 6;
    %dup/vec4;
    %pushi/vec4 1, 0, 2;
    %cmp/u;
    %jmp/1 T_49.3, 6;
    %dup/vec4;
    %pushi/vec4 2, 0, 2;
    %cmp/u;
    %jmp/1 T_49.4, 6;
    %pushi/vec4 0, 0, 2;
    %assign/vec4 v0x8bb223660_0, 0;
    %jmp T_49.6;
T_49.2 ;
    %load/vec4 v0x8bb222ee0_0;
    %flag_set/vec4 8;
    %jmp/0xz  T_49.7, 8;
    %load/vec4 v0x8bb222c60_0;
    %assign/vec4 v0x8bb223ac0_0, 0;
    %load/vec4 v0x8bb222f80_0;
    %assign/vec4 v0x8bb223ca0_0, 0;
    %load/vec4 v0x8bb223f20_0;
    %assign/vec4 v0x8bb223e80_0, 0;
    %load/vec4 v0x8bb223020_0;
    %assign/vec4 v0x8bb223d40_0, 0;
    %pushi/vec4 1, 0, 1;
    %assign/vec4 v0x8bb223de0_0, 0;
    %pushi/vec4 1, 0, 1;
    %assign/vec4 v0x8bb223b60_0, 0;
    %pushi/vec4 1, 0, 2;
    %assign/vec4 v0x8bb223660_0, 0;
    %jmp T_49.8;
T_49.7 ;
    %pushi/vec4 0, 0, 1;
    %assign/vec4 v0x8bb222e40_0, 0;
    %pushi/vec4 0, 0, 1;
    %assign/vec4 v0x8bb223de0_0, 0;
    %pushi/vec4 0, 0, 1;
    %assign/vec4 v0x8bb223b60_0, 0;
    %pushi/vec4 0, 0, 1;
    %assign/vec4 v0x8bb223e80_0, 0;
T_49.8 ;
    %jmp T_49.6;
T_49.3 ;
    %load/vec4 v0x8bb223a20_0;
    %flag_set/vec4 8;
    %jmp/0xz  T_49.9, 8;
    %load/vec4 v0x8bb223c00_0;
    %assign/vec4 v0x8bb222da0_0, 0;
    %pushi/vec4 1, 0, 1;
    %assign/vec4 v0x8bb222e40_0, 0;
    %pushi/vec4 2, 0, 2;
    %assign/vec4 v0x8bb223660_0, 0;
    %pushi/vec4 0, 0, 1;
    %assign/vec4 v0x8bb223de0_0, 0;
    %pushi/vec4 0, 0, 1;
    %assign/vec4 v0x8bb223b60_0, 0;
    %pushi/vec4 0, 0, 1;
    %assign/vec4 v0x8bb223e80_0, 0;
T_49.9 ;
    %jmp T_49.6;
T_49.4 ;
    %pushi/vec4 0, 0, 1;
    %assign/vec4 v0x8bb222e40_0, 0;
    %pushi/vec4 0, 0, 2;
    %assign/vec4 v0x8bb223660_0, 0;
    %jmp T_49.6;
T_49.6 ;
    %pop/vec4 1;
T_49.1 ;
    %jmp T_49;
    .thread T_49;
    .scope S_0x8bae21c80;
T_50 ;
    %wait E_0x8bb1e4c80;
    %load/vec4 v0x8bb234000_0;
    %assign/vec4 v0x8bb234140_0, 0;
    %load/vec4 v0x8bb234140_0;
    %assign/vec4 v0x8bb2341e0_0, 0;
    %jmp T_50;
    .thread T_50;
    .scope S_0x8bae21c80;
T_51 ;
    %wait E_0x8bb1e4c80;
    %load/vec4 v0x8bb233f20_0;
    %nor/r;
    %flag_set/vec4 8;
    %jmp/0xz  T_51.0, 8;
    %pushi/vec4 0, 0, 2;
    %assign/vec4 v0x8bb234280_0, 0;
    %pushi/vec4 0, 0, 16;
    %assign/vec4 v0x8bb233de0_0, 0;
    %pushi/vec4 0, 0, 3;
    %assign/vec4 v0x8bb233ca0_0, 0;
    %pushi/vec4 0, 0, 8;
    %assign/vec4 v0x8bb233e80_0, 0;
    %pushi/vec4 0, 0, 1;
    %assign/vec4 v0x8bb234320_0, 0;
    %jmp T_51.1;
T_51.0 ;
    %pushi/vec4 0, 0, 1;
    %assign/vec4 v0x8bb234320_0, 0;
    %load/vec4 v0x8bb234280_0;
    %dup/vec4;
    %pushi/vec4 0, 0, 2;
    %cmp/u;
    %jmp/1 T_51.2, 6;
    %dup/vec4;
    %pushi/vec4 1, 0, 2;
    %cmp/u;
    %jmp/1 T_51.3, 6;
    %dup/vec4;
    %pushi/vec4 2, 0, 2;
    %cmp/u;
    %jmp/1 T_51.4, 6;
    %dup/vec4;
    %pushi/vec4 3, 0, 2;
    %cmp/u;
    %jmp/1 T_51.5, 6;
    %pushi/vec4 0, 0, 2;
    %assign/vec4 v0x8bb234280_0, 0;
    %jmp T_51.7;
T_51.2 ;
    %pushi/vec4 0, 0, 16;
    %assign/vec4 v0x8bb233de0_0, 0;
    %pushi/vec4 0, 0, 3;
    %assign/vec4 v0x8bb233ca0_0, 0;
    %load/vec4 v0x8bb2340a0_0;
    %cmpi/e 0, 0, 1;
    %jmp/0xz  T_51.8, 4;
    %pushi/vec4 1, 0, 2;
    %assign/vec4 v0x8bb234280_0, 0;
T_51.8 ;
    %jmp T_51.7;
T_51.3 ;
    %load/vec4 v0x8bb233de0_0;
    %pad/u 32;
    %cmpi/e 116, 0, 32;
    %jmp/0xz  T_51.10, 4;
    %load/vec4 v0x8bb2340a0_0;
    %cmpi/e 0, 0, 1;
    %jmp/0xz  T_51.12, 4;
    %pushi/vec4 0, 0, 16;
    %assign/vec4 v0x8bb233de0_0, 0;
    %pushi/vec4 2, 0, 2;
    %assign/vec4 v0x8bb234280_0, 0;
    %jmp T_51.13;
T_51.12 ;
    %pushi/vec4 0, 0, 2;
    %assign/vec4 v0x8bb234280_0, 0;
T_51.13 ;
    %jmp T_51.11;
T_51.10 ;
    %load/vec4 v0x8bb233de0_0;
    %addi 1, 0, 16;
    %assign/vec4 v0x8bb233de0_0, 0;
T_51.11 ;
    %jmp T_51.7;
T_51.4 ;
    %load/vec4 v0x8bb233de0_0;
    %pad/u 32;
    %cmpi/u 233, 0, 32;
    %jmp/0xz  T_51.14, 5;
    %load/vec4 v0x8bb233de0_0;
    %addi 1, 0, 16;
    %assign/vec4 v0x8bb233de0_0, 0;
    %jmp T_51.15;
T_51.14 ;
    %pushi/vec4 0, 0, 16;
    %assign/vec4 v0x8bb233de0_0, 0;
    %load/vec4 v0x8bb2340a0_0;
    %ix/load 5, 0, 0;
    %ix/getv 4, v0x8bb233ca0_0;
    %assign/vec4/off/d v0x8bb233e80_0, 4, 5;
    %load/vec4 v0x8bb233ca0_0;
    %pad/u 32;
    %cmpi/u 7, 0, 32;
    %jmp/0xz  T_51.16, 5;
    %load/vec4 v0x8bb233ca0_0;
    %addi 1, 0, 3;
    %assign/vec4 v0x8bb233ca0_0, 0;
    %jmp T_51.17;
T_51.16 ;
    %pushi/vec4 0, 0, 3;
    %assign/vec4 v0x8bb233ca0_0, 0;
    %pushi/vec4 3, 0, 2;
    %assign/vec4 v0x8bb234280_0, 0;
T_51.17 ;
T_51.15 ;
    %jmp T_51.7;
T_51.5 ;
    %load/vec4 v0x8bb233de0_0;
    %pad/u 32;
    %cmpi/u 233, 0, 32;
    %jmp/0xz  T_51.18, 5;
    %load/vec4 v0x8bb233de0_0;
    %addi 1, 0, 16;
    %assign/vec4 v0x8bb233de0_0, 0;
    %jmp T_51.19;
T_51.18 ;
    %pushi/vec4 0, 0, 16;
    %assign/vec4 v0x8bb233de0_0, 0;
    %pushi/vec4 1, 0, 1;
    %assign/vec4 v0x8bb234320_0, 0;
    %pushi/vec4 0, 0, 2;
    %assign/vec4 v0x8bb234280_0, 0;
T_51.19 ;
    %jmp T_51.7;
T_51.7 ;
    %pop/vec4 1;
T_51.1 ;
    %jmp T_51;
    .thread T_51;
    .scope S_0x8bae21800;
T_52 ;
    %wait E_0x8bb1e4c80;
    %load/vec4 v0x8bb233700_0;
    %nor/r;
    %flag_set/vec4 8;
    %jmp/0xz  T_52.0, 8;
    %pushi/vec4 0, 0, 4;
    %assign/vec4 v0x8bb233980_0, 0;
    %pushi/vec4 1, 0, 1;
    %assign/vec4 v0x8bb2333e0_0, 0;
    %pushi/vec4 0, 0, 1;
    %assign/vec4 v0x8bb233b60_0, 0;
    %pushi/vec4 0, 0, 1;
    %assign/vec4 v0x8bb2335c0_0, 0;
    %pushi/vec4 0, 0, 11;
    %assign/vec4 v0x8bb233020_0, 0;
    %pushi/vec4 0, 0, 2;
    %assign/vec4 v0x8bb2330c0_0, 0;
    %pushi/vec4 0, 0, 8;
    %assign/vec4 v0x8bb233c00_0, 0;
    %pushi/vec4 65535, 0, 16;
    %assign/vec4 v0x8bb2332a0_0, 0;
    %jmp T_52.1;
T_52.0 ;
    %pushi/vec4 0, 0, 1;
    %assign/vec4 v0x8bb233b60_0, 0;
    %pushi/vec4 0, 0, 1;
    %assign/vec4 v0x8bb2335c0_0, 0;
    %load/vec4 v0x8bb233980_0;
    %dup/vec4;
    %pushi/vec4 0, 0, 4;
    %cmp/u;
    %jmp/1 T_52.2, 6;
    %dup/vec4;
    %pushi/vec4 1, 0, 4;
    %cmp/u;
    %jmp/1 T_52.3, 6;
    %dup/vec4;
    %pushi/vec4 2, 0, 4;
    %cmp/u;
    %jmp/1 T_52.4, 6;
    %dup/vec4;
    %pushi/vec4 3, 0, 4;
    %cmp/u;
    %jmp/1 T_52.5, 6;
    %dup/vec4;
    %pushi/vec4 4, 0, 4;
    %cmp/u;
    %jmp/1 T_52.6, 6;
    %dup/vec4;
    %pushi/vec4 5, 0, 4;
    %cmp/u;
    %jmp/1 T_52.7, 6;
    %dup/vec4;
    %pushi/vec4 6, 0, 4;
    %cmp/u;
    %jmp/1 T_52.8, 6;
    %dup/vec4;
    %pushi/vec4 7, 0, 4;
    %cmp/u;
    %jmp/1 T_52.9, 6;
    %dup/vec4;
    %pushi/vec4 8, 0, 4;
    %cmp/u;
    %jmp/1 T_52.10, 6;
    %dup/vec4;
    %pushi/vec4 9, 0, 4;
    %cmp/u;
    %jmp/1 T_52.11, 6;
    %dup/vec4;
    %pushi/vec4 10, 0, 4;
    %cmp/u;
    %jmp/1 T_52.12, 6;
    %pushi/vec4 0, 0, 4;
    %assign/vec4 v0x8bb233980_0, 0;
    %jmp T_52.14;
T_52.2 ;
    %load/vec4 v0x8bb2338e0_0;
    %flag_set/vec4 9;
    %flag_get/vec4 9;
    %jmp/0 T_52.17, 9;
    %load/vec4 v0x8bb233840_0;
    %pushi/vec4 126, 0, 8;
    %cmp/e;
    %flag_get/vec4 4;
    %and;
T_52.17;
    %flag_set/vec4 8;
    %jmp/0xz  T_52.15, 8;
    %pushi/vec4 65535, 0, 16;
    %assign/vec4 v0x8bb2332a0_0, 0;
    %pushi/vec4 1, 0, 4;
    %assign/vec4 v0x8bb233980_0, 0;
T_52.15 ;
    %jmp T_52.14;
T_52.3 ;
    %load/vec4 v0x8bb2338e0_0;
    %flag_set/vec4 8;
    %jmp/0xz  T_52.18, 8;
    %load/vec4 v0x8bb233840_0;
    %assign/vec4 v0x8bb233200_0, 0;
    %load/vec4 v0x8bb2332a0_0;
    %load/vec4 v0x8bb233840_0;
    %store/vec4 v0x8bb232d00_0, 0, 8;
    %store/vec4 v0x8bb232ee0_0, 0, 16;
    %callf/vec4 TD_tb_loader.dut.loader_i.crc16_next, S_0x8bae21b00;
    %assign/vec4 v0x8bb2332a0_0, 0;
    %load/vec4 v0x8bb233840_0;
    %cmpi/e 1, 0, 8;
    %jmp/0xz  T_52.20, 4;
    %pushi/vec4 2, 0, 4;
    %assign/vec4 v0x8bb233980_0, 0;
    %jmp T_52.21;
T_52.20 ;
    %load/vec4 v0x8bb233840_0;
    %cmpi/e 2, 0, 8;
    %jmp/0xz  T_52.22, 4;
    %pushi/vec4 6, 0, 4;
    %assign/vec4 v0x8bb233980_0, 0;
    %jmp T_52.23;
T_52.22 ;
    %pushi/vec4 0, 0, 4;
    %assign/vec4 v0x8bb233980_0, 0;
T_52.23 ;
T_52.21 ;
T_52.18 ;
    %jmp T_52.14;
T_52.4 ;
    %load/vec4 v0x8bb2338e0_0;
    %flag_set/vec4 8;
    %jmp/0xz  T_52.24, 8;
    %load/vec4 v0x8bb233840_0;
    %ix/load 5, 0, 0;
    %ix/load 4, 0, 0;
    %flag_set/imm 4, 0;
    %assign/vec4/off/d v0x8bb233020_0, 4, 5;
    %load/vec4 v0x8bb2332a0_0;
    %load/vec4 v0x8bb233840_0;
    %store/vec4 v0x8bb232d00_0, 0, 8;
    %store/vec4 v0x8bb232ee0_0, 0, 16;
    %callf/vec4 TD_tb_loader.dut.loader_i.crc16_next, S_0x8bae21b00;
    %assign/vec4 v0x8bb2332a0_0, 0;
    %pushi/vec4 3, 0, 4;
    %assign/vec4 v0x8bb233980_0, 0;
T_52.24 ;
    %jmp T_52.14;
T_52.5 ;
    %load/vec4 v0x8bb2338e0_0;
    %flag_set/vec4 8;
    %jmp/0xz  T_52.26, 8;
    %load/vec4 v0x8bb233840_0;
    %parti/s 3, 0, 2;
    %ix/load 5, 0, 0;
    %ix/load 4, 8, 0;
    %flag_set/imm 4, 0;
    %assign/vec4/off/d v0x8bb233020_0, 4, 5;
    %load/vec4 v0x8bb2332a0_0;
    %load/vec4 v0x8bb233840_0;
    %store/vec4 v0x8bb232d00_0, 0, 8;
    %store/vec4 v0x8bb232ee0_0, 0, 16;
    %callf/vec4 TD_tb_loader.dut.loader_i.crc16_next, S_0x8bae21b00;
    %assign/vec4 v0x8bb2332a0_0, 0;
    %pushi/vec4 4, 0, 4;
    %assign/vec4 v0x8bb233980_0, 0;
T_52.26 ;
    %jmp T_52.14;
T_52.6 ;
    %load/vec4 v0x8bb2338e0_0;
    %flag_set/vec4 8;
    %jmp/0xz  T_52.28, 8;
    %load/vec4 v0x8bb233840_0;
    %assign/vec4 v0x8bb233660_0, 0;
    %load/vec4 v0x8bb2332a0_0;
    %load/vec4 v0x8bb233840_0;
    %store/vec4 v0x8bb232d00_0, 0, 8;
    %store/vec4 v0x8bb232ee0_0, 0, 16;
    %callf/vec4 TD_tb_loader.dut.loader_i.crc16_next, S_0x8bae21b00;
    %assign/vec4 v0x8bb2332a0_0, 0;
    %pushi/vec4 0, 0, 8;
    %assign/vec4 v0x8bb233c00_0, 0;
    %pushi/vec4 0, 0, 2;
    %assign/vec4 v0x8bb2330c0_0, 0;
    %load/vec4 v0x8bb233840_0;
    %cmpi/e 0, 0, 8;
    %jmp/0xz  T_52.30, 4;
    %pushi/vec4 6, 0, 4;
    %assign/vec4 v0x8bb233980_0, 0;
    %jmp T_52.31;
T_52.30 ;
    %pushi/vec4 5, 0, 4;
    %assign/vec4 v0x8bb233980_0, 0;
T_52.31 ;
T_52.28 ;
    %jmp T_52.14;
T_52.7 ;
    %load/vec4 v0x8bb2338e0_0;
    %flag_set/vec4 8;
    %jmp/0xz  T_52.32, 8;
    %load/vec4 v0x8bb2332a0_0;
    %load/vec4 v0x8bb233840_0;
    %store/vec4 v0x8bb232d00_0, 0, 8;
    %store/vec4 v0x8bb232ee0_0, 0, 16;
    %callf/vec4 TD_tb_loader.dut.loader_i.crc16_next, S_0x8bae21b00;
    %assign/vec4 v0x8bb2332a0_0, 0;
    %load/vec4 v0x8bb2330c0_0;
    %dup/vec4;
    %pushi/vec4 0, 0, 2;
    %cmp/u;
    %jmp/1 T_52.34, 6;
    %dup/vec4;
    %pushi/vec4 1, 0, 2;
    %cmp/u;
    %jmp/1 T_52.35, 6;
    %dup/vec4;
    %pushi/vec4 2, 0, 2;
    %cmp/u;
    %jmp/1 T_52.36, 6;
    %dup/vec4;
    %pushi/vec4 3, 0, 2;
    %cmp/u;
    %jmp/1 T_52.37, 6;
    %jmp T_52.38;
T_52.34 ;
    %load/vec4 v0x8bb233840_0;
    %ix/load 5, 0, 0;
    %ix/load 4, 0, 0;
    %flag_set/imm 4, 0;
    %assign/vec4/off/d v0x8bb233340_0, 4, 5;
    %jmp T_52.38;
T_52.35 ;
    %load/vec4 v0x8bb233840_0;
    %ix/load 5, 0, 0;
    %ix/load 4, 8, 0;
    %flag_set/imm 4, 0;
    %assign/vec4/off/d v0x8bb233340_0, 4, 5;
    %jmp T_52.38;
T_52.36 ;
    %load/vec4 v0x8bb233840_0;
    %ix/load 5, 0, 0;
    %ix/load 4, 16, 0;
    %flag_set/imm 4, 0;
    %assign/vec4/off/d v0x8bb233340_0, 4, 5;
    %jmp T_52.38;
T_52.37 ;
    %load/vec4 v0x8bb233840_0;
    %ix/load 5, 0, 0;
    %ix/load 4, 24, 0;
    %flag_set/imm 4, 0;
    %assign/vec4/off/d v0x8bb233340_0, 4, 5;
    %jmp T_52.38;
T_52.38 ;
    %pop/vec4 1;
    %load/vec4 v0x8bb2330c0_0;
    %cmpi/e 3, 0, 2;
    %jmp/0xz  T_52.39, 4;
    %pushi/vec4 1, 0, 1;
    %assign/vec4 v0x8bb2335c0_0, 0;
    %load/vec4 v0x8bb233020_0;
    %assign/vec4 v0x8bb233480_0, 0;
    %load/vec4 v0x8bb233840_0;
    %load/vec4 v0x8bb233340_0;
    %parti/s 24, 0, 2;
    %concat/vec4; draw_concat_vec4
    %assign/vec4 v0x8bb233520_0, 0;
    %load/vec4 v0x8bb233020_0;
    %addi 1, 0, 11;
    %assign/vec4 v0x8bb233020_0, 0;
    %pushi/vec4 0, 0, 2;
    %assign/vec4 v0x8bb2330c0_0, 0;
    %load/vec4 v0x8bb233c00_0;
    %addi 1, 0, 8;
    %assign/vec4 v0x8bb233c00_0, 0;
    %load/vec4 v0x8bb233c00_0;
    %addi 1, 0, 8;
    %load/vec4 v0x8bb233660_0;
    %cmp/e;
    %jmp/0xz  T_52.41, 4;
    %pushi/vec4 6, 0, 4;
    %assign/vec4 v0x8bb233980_0, 0;
T_52.41 ;
    %jmp T_52.40;
T_52.39 ;
    %load/vec4 v0x8bb2330c0_0;
    %addi 1, 0, 2;
    %assign/vec4 v0x8bb2330c0_0, 0;
T_52.40 ;
T_52.32 ;
    %jmp T_52.14;
T_52.8 ;
    %load/vec4 v0x8bb2338e0_0;
    %flag_set/vec4 8;
    %jmp/0xz  T_52.43, 8;
    %load/vec4 v0x8bb233840_0;
    %ix/load 5, 0, 0;
    %ix/load 4, 8, 0;
    %flag_set/imm 4, 0;
    %assign/vec4/off/d v0x8bb2337a0_0, 4, 5;
    %pushi/vec4 7, 0, 4;
    %assign/vec4 v0x8bb233980_0, 0;
T_52.43 ;
    %jmp T_52.14;
T_52.9 ;
    %load/vec4 v0x8bb2338e0_0;
    %flag_set/vec4 8;
    %jmp/0xz  T_52.45, 8;
    %load/vec4 v0x8bb233840_0;
    %ix/load 5, 0, 0;
    %ix/load 4, 0, 0;
    %flag_set/imm 4, 0;
    %assign/vec4/off/d v0x8bb2337a0_0, 4, 5;
    %pushi/vec4 8, 0, 4;
    %assign/vec4 v0x8bb233980_0, 0;
T_52.45 ;
    %jmp T_52.14;
T_52.10 ;
    %load/vec4 v0x8bb2337a0_0;
    %load/vec4 v0x8bb2332a0_0;
    %cmp/e;
    %jmp/0xz  T_52.47, 4;
    %pushi/vec4 121, 0, 8;
    %assign/vec4 v0x8bb233ac0_0, 0;
    %pushi/vec4 1, 0, 1;
    %assign/vec4 v0x8bb233b60_0, 0;
    %jmp T_52.48;
T_52.47 ;
    %pushi/vec4 110, 0, 8;
    %assign/vec4 v0x8bb233ac0_0, 0;
    %pushi/vec4 1, 0, 1;
    %assign/vec4 v0x8bb233b60_0, 0;
T_52.48 ;
    %pushi/vec4 9, 0, 4;
    %assign/vec4 v0x8bb233980_0, 0;
    %jmp T_52.14;
T_52.11 ;
    %load/vec4 v0x8bb233a20_0;
    %nor/r;
    %flag_set/vec4 9;
    %flag_get/vec4 9;
    %jmp/0 T_52.51, 9;
    %load/vec4 v0x8bb233b60_0;
    %nor/r;
    %and;
T_52.51;
    %flag_set/vec4 8;
    %jmp/0xz  T_52.49, 8;
    %load/vec4 v0x8bb2337a0_0;
    %load/vec4 v0x8bb2332a0_0;
    %cmp/e;
    %flag_get/vec4 4;
    %jmp/0 T_52.54, 4;
    %load/vec4 v0x8bb233200_0;
    %pushi/vec4 2, 0, 8;
    %cmp/e;
    %flag_get/vec4 4;
    %and;
T_52.54;
    %flag_set/vec4 8;
    %jmp/0xz  T_52.52, 8;
    %pushi/vec4 0, 0, 1;
    %assign/vec4 v0x8bb2333e0_0, 0;
    %pushi/vec4 10, 0, 4;
    %assign/vec4 v0x8bb233980_0, 0;
    %jmp T_52.53;
T_52.52 ;
    %pushi/vec4 0, 0, 4;
    %assign/vec4 v0x8bb233980_0, 0;
T_52.53 ;
T_52.49 ;
    %jmp T_52.14;
T_52.12 ;
    %pushi/vec4 0, 0, 1;
    %assign/vec4 v0x8bb2333e0_0, 0;
    %jmp T_52.14;
T_52.14 ;
    %pop/vec4 1;
T_52.1 ;
    %jmp T_52;
    .thread T_52;
    .scope S_0x8bae21680;
T_53 ;
    %wait E_0x8bb1e4f00;
    %load/vec4 v0x8bb22e4e0_0;
    %flag_set/vec4 8;
    %jmp/0 T_53.0, 8;
    %load/vec4 v0x8bb2324e0_0;
    %load/vec4 v0x8bb232580_0;
    %sub;
    %jmp/1 T_53.1, 8;
T_53.0 ; End of true expr.
    %load/vec4 v0x8bb2324e0_0;
    %load/vec4 v0x8bb232580_0;
    %add;
    %jmp/0 T_53.1, 8;
 ; End of false expr.
    %blend;
T_53.1;
    %store/vec4 v0x8bb2261c0_0, 0, 32;
    %load/vec4 v0x8bb2324e0_0;
    %load/vec4 v0x8bb232580_0;
    %cmp/e;
    %flag_get/vec4 4;
    %store/vec4 v0x8bb226260_0, 0, 1;
    %load/vec4 v0x8bb2324e0_0;
    %load/vec4 v0x8bb232580_0;
    %cmp/s;
    %flag_get/vec4 5;
    %store/vec4 v0x8bb226300_0, 0, 1;
    %load/vec4 v0x8bb2324e0_0;
    %load/vec4 v0x8bb232580_0;
    %cmp/u;
    %flag_get/vec4 5;
    %store/vec4 v0x8bb2263a0_0, 0, 1;
    %load/vec4 v0x8bb2324e0_0;
    %load/vec4 v0x8bb232580_0;
    %parti/s 5, 0, 2;
    %ix/vec4 4;
    %shiftl 4;
    %store/vec4 v0x8bb2266c0_0, 0, 32;
    %load/vec4 v0x8bb22e260_0;
    %flag_set/vec4 8;
    %jmp/1 T_53.4, 8;
    %load/vec4 v0x8bb22e300_0;
    %flag_set/vec4 9;
    %flag_or 8, 9;
T_53.4;
    %jmp/0 T_53.2, 8;
    %load/vec4 v0x8bb2324e0_0;
    %parti/s 1, 31, 6;
    %jmp/1 T_53.3, 8;
T_53.2 ; End of true expr.
    %pushi/vec4 0, 0, 1;
    %jmp/0 T_53.3, 8;
 ; End of false expr.
    %blend;
T_53.3;
    %load/vec4 v0x8bb2324e0_0;
    %concat/vec4; draw_concat_vec4
    %load/vec4 v0x8bb232580_0;
    %parti/s 5, 0, 2;
    %ix/vec4 4;
    %shiftr/s 4;
    %pad/s 32;
    %store/vec4 v0x8bb226760_0, 0, 32;
    %jmp T_53;
    .thread T_53, $push;
    .scope S_0x8bae20f00;
T_54 ;
    %end;
    .thread T_54;
    .scope S_0x8bae20f00;
T_55 ;
    %wait E_0x8bb1e4ec0;
    %pushi/vec4 0, 0, 1;
    %store/vec4 v0x8bb2317c0_0, 0, 1;
    %pushi/vec4 4294967295, 4294967295, 32;
    %store/vec4 v0x8bb2315e0_0, 0, 32;
    %pushi/vec4 0, 0, 1;
    %store/vec4 v0x8bb231720_0, 0, 1;
    %pushi/vec4 0, 0, 1;
    %store/vec4 v0x8bb231680_0, 0, 1;
    %pushi/vec4 1, 0, 1;
    %dup/vec4;
    %pushi/vec4 0, 0, 1;
    %cmp/u;
    %jmp/1 T_55.0, 6;
    %dup/vec4;
    %pushi/vec4 0, 0, 1;
    %cmp/u;
    %jmp/1 T_55.1, 6;
    %dup/vec4;
    %pushi/vec4 0, 0, 1;
    %cmp/u;
    %jmp/1 T_55.2, 6;
    %jmp T_55.3;
T_55.0 ;
    %pushi/vec4 0, 0, 1;
    %store/vec4 v0x8bb2317c0_0, 0, 1;
    %pushi/vec4 0, 0, 32;
    %store/vec4 v0x8bb2315e0_0, 0, 32;
    %jmp T_55.3;
T_55.1 ;
    %load/vec4 v0x8bb231a40_0;
    %store/vec4 v0x8bb2317c0_0, 0, 1;
    %load/vec4 v0x8bb231860_0;
    %store/vec4 v0x8bb2315e0_0, 0, 32;
    %jmp T_55.3;
T_55.2 ;
    %load/vec4 v0x8bb2314a0_0;
    %store/vec4 v0x8bb2317c0_0, 0, 1;
    %load/vec4 v0x8bb2312c0_0;
    %store/vec4 v0x8bb2315e0_0, 0, 32;
    %jmp T_55.3;
T_55.3 ;
    %pop/vec4 1;
    %jmp T_55;
    .thread T_55, $push;
    .scope S_0x8bae20f00;
T_56 ;
    %wait E_0x8bb1e4c80;
    %load/vec4 v0x8bb232800_0;
    %nor/r;
    %flag_set/vec4 8;
    %jmp/0xz  T_56.0, 8;
    %pushi/vec4 0, 0, 1;
    %assign/vec4 v0x8bb2303c0_0, 0;
    %pushi/vec4 0, 0, 1;
    %assign/vec4 v0x8bb22f660_0, 0;
    %jmp T_56.1;
T_56.0 ;
    %load/vec4 v0x8bb22f660_0;
    %nor/r;
    %flag_set/vec4 8;
    %jmp/0xz  T_56.2, 8;
    %load/vec4 v0x8bb230320_0;
    %assign/vec4 v0x8bb2303c0_0, 0;
T_56.2 ;
    %load/vec4 v0x8bb230d20_0;
    %flag_set/vec4 8;
    %flag_get/vec4 8;
    %jmp/0 T_56.4, 8;
    %load/vec4 v0x8bb230be0_0;
    %nor/r;
    %and;
T_56.4;
    %assign/vec4 v0x8bb22f660_0, 0;
T_56.1 ;
    %jmp T_56;
    .thread T_56;
    .scope S_0x8bae20f00;
T_57 ;
    %wait E_0x8bb1e4e80;
    %load/vec4 v0x8bb230e60_0;
    %dup/vec4;
    %pushi/vec4 0, 0, 2;
    %cmp/u;
    %jmp/1 T_57.0, 6;
    %dup/vec4;
    %pushi/vec4 1, 0, 2;
    %cmp/u;
    %jmp/1 T_57.1, 6;
    %dup/vec4;
    %pushi/vec4 2, 0, 2;
    %cmp/u;
    %jmp/1 T_57.2, 6;
    %jmp T_57.3;
T_57.0 ;
    %load/vec4 v0x8bb232580_0;
    %store/vec4 v0x8bb2306e0_0, 0, 32;
    %pushi/vec4 15, 0, 4;
    %store/vec4 v0x8bb230820_0, 0, 4;
    %load/vec4 v0x8bb2308c0_0;
    %store/vec4 v0x8bb230b40_0, 0, 32;
    %jmp T_57.3;
T_57.1 ;
    %load/vec4 v0x8bb232580_0;
    %parti/s 16, 0, 2;
    %replicate 2;
    %store/vec4 v0x8bb2306e0_0, 0, 32;
    %load/vec4 v0x8bb2324e0_0;
    %parti/s 1, 1, 2;
    %flag_set/vec4 8;
    %jmp/0 T_57.4, 8;
    %pushi/vec4 12, 0, 4;
    %jmp/1 T_57.5, 8;
T_57.4 ; End of true expr.
    %pushi/vec4 3, 0, 4;
    %jmp/0 T_57.5, 8;
 ; End of false expr.
    %blend;
T_57.5;
    %store/vec4 v0x8bb230820_0, 0, 4;
    %load/vec4 v0x8bb2324e0_0;
    %parti/s 1, 1, 2;
    %dup/vec4;
    %pushi/vec4 0, 0, 1;
    %cmp/u;
    %jmp/1 T_57.6, 6;
    %dup/vec4;
    %pushi/vec4 1, 0, 1;
    %cmp/u;
    %jmp/1 T_57.7, 6;
    %jmp T_57.8;
T_57.6 ;
    %pushi/vec4 0, 0, 16;
    %load/vec4 v0x8bb2308c0_0;
    %parti/s 16, 0, 2;
    %concat/vec4; draw_concat_vec4
    %store/vec4 v0x8bb230b40_0, 0, 32;
    %jmp T_57.8;
T_57.7 ;
    %pushi/vec4 0, 0, 16;
    %load/vec4 v0x8bb2308c0_0;
    %parti/s 16, 16, 6;
    %concat/vec4; draw_concat_vec4
    %store/vec4 v0x8bb230b40_0, 0, 32;
    %jmp T_57.8;
T_57.8 ;
    %pop/vec4 1;
    %jmp T_57.3;
T_57.2 ;
    %load/vec4 v0x8bb232580_0;
    %parti/s 8, 0, 2;
    %replicate 4;
    %store/vec4 v0x8bb2306e0_0, 0, 32;
    %pushi/vec4 1, 0, 4;
    %load/vec4 v0x8bb2324e0_0;
    %parti/s 2, 0, 2;
    %ix/vec4 4;
    %shiftl 4;
    %store/vec4 v0x8bb230820_0, 0, 4;
    %load/vec4 v0x8bb2324e0_0;
    %parti/s 2, 0, 2;
    %dup/vec4;
    %pushi/vec4 0, 0, 2;
    %cmp/u;
    %jmp/1 T_57.9, 6;
    %dup/vec4;
    %pushi/vec4 1, 0, 2;
    %cmp/u;
    %jmp/1 T_57.10, 6;
    %dup/vec4;
    %pushi/vec4 2, 0, 2;
    %cmp/u;
    %jmp/1 T_57.11, 6;
    %dup/vec4;
    %pushi/vec4 3, 0, 2;
    %cmp/u;
    %jmp/1 T_57.12, 6;
    %jmp T_57.13;
T_57.9 ;
    %pushi/vec4 0, 0, 24;
    %load/vec4 v0x8bb2308c0_0;
    %parti/s 8, 0, 2;
    %concat/vec4; draw_concat_vec4
    %store/vec4 v0x8bb230b40_0, 0, 32;
    %jmp T_57.13;
T_57.10 ;
    %pushi/vec4 0, 0, 24;
    %load/vec4 v0x8bb2308c0_0;
    %parti/s 8, 8, 5;
    %concat/vec4; draw_concat_vec4
    %store/vec4 v0x8bb230b40_0, 0, 32;
    %jmp T_57.13;
T_57.11 ;
    %pushi/vec4 0, 0, 24;
    %load/vec4 v0x8bb2308c0_0;
    %parti/s 8, 16, 6;
    %concat/vec4; draw_concat_vec4
    %store/vec4 v0x8bb230b40_0, 0, 32;
    %jmp T_57.13;
T_57.12 ;
    %pushi/vec4 0, 0, 24;
    %load/vec4 v0x8bb2308c0_0;
    %parti/s 8, 24, 6;
    %concat/vec4; draw_concat_vec4
    %store/vec4 v0x8bb230b40_0, 0, 32;
    %jmp T_57.13;
T_57.13 ;
    %pop/vec4 1;
    %jmp T_57.3;
T_57.3 ;
    %pop/vec4 1;
    %jmp T_57;
    .thread T_57, $push;
    .scope S_0x8bae20f00;
T_58 ;
    %wait E_0x8bb1e4c80;
    %load/vec4 v0x8bb230fa0_0;
    %flag_set/vec4 8;
    %jmp/0xz  T_58.0, 8;
    %load/vec4 v0x8bb2308c0_0;
    %assign/vec4 v0x8bb230aa0_0, 0;
    %load/vec4 v0x8bb2308c0_0;
    %assign/vec4 v0x8bb2310e0_0, 0;
T_58.0 ;
    %jmp T_58;
    .thread T_58;
    .scope S_0x8bae20f00;
T_59 ;
    %wait E_0x8bb1e4c80;
    %load/vec4 v0x8bb232800_0;
    %flag_set/vec4 9;
    %flag_get/vec4 9;
    %jmp/0 T_59.2, 9;
    %load/vec4 v0x8bb232c60_0;
    %nor/r;
    %and;
T_59.2;
    %flag_set/vec4 8;
    %jmp/0xz  T_59.0, 8;
    %load/vec4 v0x8bb22fe80_0;
    %flag_set/vec4 8;
    %jmp/1 T_59.6, 8;
    %load/vec4 v0x8bb230000_0;
    %flag_set/vec4 9;
    %flag_or 8, 9;
T_59.6;
    %jmp/1 T_59.5, 8;
    %load/vec4 v0x8bb22ff20_0;
    %flag_set/vec4 9;
    %flag_or 8, 9;
T_59.5;
    %jmp/0xz  T_59.3, 8;
    %fork TD_tb_loader.dut.cpu.empty_statement, S_0x8bae21200;
    %join;
T_59.3 ;
    %load/vec4 v0x8bb22fe80_0;
    %flag_set/vec4 8;
    %jmp/1 T_59.9, 8;
    %load/vec4 v0x8bb230000_0;
    %flag_set/vec4 9;
    %flag_or 8, 9;
T_59.9;
    %jmp/0xz  T_59.7, 8;
    %fork TD_tb_loader.dut.cpu.empty_statement, S_0x8bae21200;
    %join;
T_59.7 ;
    %load/vec4 v0x8bb22ff20_0;
    %flag_set/vec4 8;
    %jmp/0xz  T_59.10, 8;
    %fork TD_tb_loader.dut.cpu.empty_statement, S_0x8bae21200;
    %join;
T_59.10 ;
    %load/vec4 v0x8bb2300a0_0;
    %flag_set/vec4 8;
    %jmp/0xz  T_59.12, 8;
    %fork TD_tb_loader.dut.cpu.empty_statement, S_0x8bae21200;
    %join;
T_59.12 ;
    %load/vec4 v0x8bb230c80_0;
    %pad/u 32;
    %cmpi/e 2, 0, 32;
    %jmp/1 T_59.16, 4;
    %flag_mov 8, 4;
    %load/vec4 v0x8bb230c80_0;
    %pad/u 32;
    %cmpi/e 3, 0, 32;
    %flag_or 4, 8;
T_59.16;
    %jmp/0xz  T_59.14, 4;
    %fork TD_tb_loader.dut.cpu.empty_statement, S_0x8bae21200;
    %join;
T_59.14 ;
T_59.0 ;
    %jmp T_59;
    .thread T_59;
    .scope S_0x8bae20f00;
T_60 ;
    %wait E_0x8bb1e4c80;
    %load/vec4 v0x8bb232800_0;
    %nor/r;
    %flag_set/vec4 8;
    %jmp/1 T_60.2, 8;
    %load/vec4 v0x8bb232c60_0;
    %flag_set/vec4 9;
    %flag_or 8, 9;
T_60.2;
    %jmp/0xz  T_60.0, 8;
    %load/vec4 v0x8bb232800_0;
    %nor/r;
    %flag_set/vec4 8;
    %jmp/0xz  T_60.3, 8;
    %pushi/vec4 0, 0, 2;
    %assign/vec4 v0x8bb230c80_0, 0;
T_60.3 ;
    %load/vec4 v0x8bb232800_0;
    %nor/r;
    %flag_set/vec4 8;
    %jmp/1 T_60.7, 8;
    %load/vec4 v0x8bb230be0_0;
    %flag_set/vec4 9;
    %flag_or 8, 9;
T_60.7;
    %jmp/0xz  T_60.5, 8;
    %pushi/vec4 0, 0, 1;
    %assign/vec4 v0x8bb230d20_0, 0;
T_60.5 ;
    %pushi/vec4 0, 0, 1;
    %assign/vec4 v0x8bb2305a0_0, 0;
    %pushi/vec4 0, 0, 1;
    %assign/vec4 v0x8bb231fe0_0, 0;
    %jmp T_60.1;
T_60.0 ;
    %load/vec4 v0x8bb230500_0;
    %flag_set/vec4 8;
    %jmp/1 T_60.10, 8;
    %load/vec4 v0x8bb230780_0;
    %flag_set/vec4 9;
    %flag_or 8, 9;
T_60.10;
    %jmp/0xz  T_60.8, 8;
    %load/vec4 v0x8bb230280_0;
    %assign/vec4 v0x8bb22fd40_0, 0;
    %load/vec4 v0x8bb230820_0;
    %load/vec4 v0x8bb230780_0;
    %replicate 4;
    %and;
    %assign/vec4 v0x8bb230f00_0, 0;
T_60.8 ;
    %load/vec4 v0x8bb230780_0;
    %flag_set/vec4 8;
    %jmp/0xz  T_60.11, 8;
    %load/vec4 v0x8bb2306e0_0;
    %assign/vec4 v0x8bb230dc0_0, 0;
T_60.11 ;
    %load/vec4 v0x8bb230c80_0;
    %dup/vec4;
    %pushi/vec4 0, 0, 2;
    %cmp/u;
    %jmp/1 T_60.13, 6;
    %dup/vec4;
    %pushi/vec4 1, 0, 2;
    %cmp/u;
    %jmp/1 T_60.14, 6;
    %dup/vec4;
    %pushi/vec4 2, 0, 2;
    %cmp/u;
    %jmp/1 T_60.15, 6;
    %dup/vec4;
    %pushi/vec4 3, 0, 2;
    %cmp/u;
    %jmp/1 T_60.16, 6;
    %jmp T_60.17;
T_60.13 ;
    %load/vec4 v0x8bb22fe80_0;
    %flag_set/vec4 8;
    %jmp/1 T_60.21, 8;
    %load/vec4 v0x8bb230000_0;
    %flag_set/vec4 9;
    %flag_or 8, 9;
T_60.21;
    %jmp/1 T_60.20, 8;
    %load/vec4 v0x8bb22ff20_0;
    %flag_set/vec4 9;
    %flag_or 8, 9;
T_60.20;
    %jmp/0xz  T_60.18, 8;
    %load/vec4 v0x8bb230640_0;
    %nor/r;
    %assign/vec4 v0x8bb230d20_0, 0;
    %load/vec4 v0x8bb22fe80_0;
    %flag_set/vec4 8;
    %flag_get/vec4 8;
    %jmp/1 T_60.22, 8;
    %load/vec4 v0x8bb230000_0;
    %or;
T_60.22;
    %assign/vec4 v0x8bb2301e0_0, 0;
    %pushi/vec4 0, 0, 4;
    %assign/vec4 v0x8bb230f00_0, 0;
    %pushi/vec4 1, 0, 2;
    %assign/vec4 v0x8bb230c80_0, 0;
T_60.18 ;
    %load/vec4 v0x8bb2300a0_0;
    %flag_set/vec4 8;
    %jmp/0xz  T_60.23, 8;
    %pushi/vec4 1, 0, 1;
    %assign/vec4 v0x8bb230d20_0, 0;
    %pushi/vec4 0, 0, 1;
    %assign/vec4 v0x8bb2301e0_0, 0;
    %pushi/vec4 2, 0, 2;
    %assign/vec4 v0x8bb230c80_0, 0;
T_60.23 ;
    %jmp T_60.17;
T_60.14 ;
    %fork TD_tb_loader.dut.cpu.empty_statement, S_0x8bae21200;
    %join;
    %fork TD_tb_loader.dut.cpu.empty_statement, S_0x8bae21200;
    %join;
    %fork TD_tb_loader.dut.cpu.empty_statement, S_0x8bae21200;
    %join;
    %fork TD_tb_loader.dut.cpu.empty_statement, S_0x8bae21200;
    %join;
    %load/vec4 v0x8bb230fa0_0;
    %flag_set/vec4 8;
    %jmp/0xz  T_60.25, 8;
    %pushi/vec4 0, 0, 1;
    %assign/vec4 v0x8bb230d20_0, 0;
    %pushi/vec4 0, 0, 1;
    %assign/vec4 v0x8bb2305a0_0, 0;
    %load/vec4 v0x8bb230000_0;
    %flag_set/vec4 8;
    %jmp/1 T_60.29, 8;
    %load/vec4 v0x8bb22ff20_0;
    %flag_set/vec4 9;
    %flag_or 8, 9;
T_60.29;
    %jmp/0 T_60.27, 8;
    %pushi/vec4 0, 0, 3;
    %jmp/1 T_60.28, 8;
T_60.27 ; End of true expr.
    %pushi/vec4 3, 0, 3;
    %jmp/0 T_60.28, 8;
 ; End of false expr.
    %blend;
T_60.28;
    %pad/s 2;
    %assign/vec4 v0x8bb230c80_0, 0;
T_60.25 ;
    %jmp T_60.17;
T_60.15 ;
    %fork TD_tb_loader.dut.cpu.empty_statement, S_0x8bae21200;
    %join;
    %fork TD_tb_loader.dut.cpu.empty_statement, S_0x8bae21200;
    %join;
    %load/vec4 v0x8bb230fa0_0;
    %flag_set/vec4 8;
    %jmp/0xz  T_60.30, 8;
    %pushi/vec4 0, 0, 1;
    %assign/vec4 v0x8bb230d20_0, 0;
    %pushi/vec4 0, 0, 2;
    %assign/vec4 v0x8bb230c80_0, 0;
T_60.30 ;
    %jmp T_60.17;
T_60.16 ;
    %fork TD_tb_loader.dut.cpu.empty_statement, S_0x8bae21200;
    %join;
    %fork TD_tb_loader.dut.cpu.empty_statement, S_0x8bae21200;
    %join;
    %load/vec4 v0x8bb230000_0;
    %flag_set/vec4 8;
    %jmp/0xz  T_60.32, 8;
    %pushi/vec4 0, 0, 2;
    %assign/vec4 v0x8bb230c80_0, 0;
T_60.32 ;
    %jmp T_60.17;
T_60.17 ;
    %pop/vec4 1;
T_60.1 ;
    %load/vec4 v0x8bb226d00_0;
    %flag_set/vec4 8;
    %jmp/0xz  T_60.34, 8;
    %pushi/vec4 0, 0, 1;
    %assign/vec4 v0x8bb231fe0_0, 0;
T_60.34 ;
    %jmp T_60;
    .thread T_60;
    .scope S_0x8bae20f00;
T_61 ;
    %wait E_0x8bb1e4e40;
    %pushi/vec4 0, 0, 32; draw_string_vec4
    %pushi/vec4 0, 0, 32; draw_string_vec4
    %concat/vec4; draw_string_vec4
    %store/vec4 v0x8bb231040_0, 0, 64;
    %load/vec4 v0x8bb22d680_0;
    %flag_set/vec4 8;
    %jmp/0xz  T_61.0, 8;
    %pushi/vec4 0, 0, 32; draw_string_vec4
    %pushi/vec4 7107945, 0, 32; draw_string_vec4
    %concat/vec4; draw_string_vec4
    %store/vec4 v0x8bb231040_0, 0, 64;
T_61.0 ;
    %load/vec4 v0x8bb22cc80_0;
    %flag_set/vec4 8;
    %jmp/0xz  T_61.2, 8;
    %pushi/vec4 97, 0, 32; draw_string_vec4
    %pushi/vec4 1969844323, 0, 32; draw_string_vec4
    %concat/vec4; draw_string_vec4
    %store/vec4 v0x8bb231040_0, 0, 64;
T_61.2 ;
    %load/vec4 v0x8bb22d2c0_0;
    %flag_set/vec4 8;
    %jmp/0xz  T_61.4, 8;
    %pushi/vec4 0, 0, 32; draw_string_vec4
    %pushi/vec4 6971756, 0, 32; draw_string_vec4
    %concat/vec4; draw_string_vec4
    %store/vec4 v0x8bb231040_0, 0, 64;
T_61.4 ;
    %load/vec4 v0x8bb22d360_0;
    %flag_set/vec4 8;
    %jmp/0xz  T_61.6, 8;
    %pushi/vec4 0, 0, 32; draw_string_vec4
    %pushi/vec4 1784769650, 0, 32; draw_string_vec4
    %concat/vec4; draw_string_vec4
    %store/vec4 v0x8bb231040_0, 0, 64;
T_61.6 ;
    %load/vec4 v0x8bb22cd20_0;
    %flag_set/vec4 8;
    %jmp/0xz  T_61.8, 8;
    %pushi/vec4 0, 0, 32; draw_string_vec4
    %pushi/vec4 6448497, 0, 32; draw_string_vec4
    %concat/vec4; draw_string_vec4
    %store/vec4 v0x8bb231040_0, 0, 64;
T_61.8 ;
    %load/vec4 v0x8bb22d040_0;
    %flag_set/vec4 8;
    %jmp/0xz  T_61.10, 8;
    %pushi/vec4 0, 0, 32; draw_string_vec4
    %pushi/vec4 6450789, 0, 32; draw_string_vec4
    %concat/vec4; draw_string_vec4
    %store/vec4 v0x8bb231040_0, 0, 64;
T_61.10 ;
    %load/vec4 v0x8bb22cf00_0;
    %flag_set/vec4 8;
    %jmp/0xz  T_61.12, 8;
    %pushi/vec4 0, 0, 32; draw_string_vec4
    %pushi/vec4 6450292, 0, 32; draw_string_vec4
    %concat/vec4; draw_string_vec4
    %store/vec4 v0x8bb231040_0, 0, 64;
T_61.12 ;
    %load/vec4 v0x8bb22cdc0_0;
    %flag_set/vec4 8;
    %jmp/0xz  T_61.14, 8;
    %pushi/vec4 0, 0, 32; draw_string_vec4
    %pushi/vec4 6448997, 0, 32; draw_string_vec4
    %concat/vec4; draw_string_vec4
    %store/vec4 v0x8bb231040_0, 0, 64;
T_61.14 ;
    %load/vec4 v0x8bb22cfa0_0;
    %flag_set/vec4 8;
    %jmp/0xz  T_61.16, 8;
    %pushi/vec4 0, 0, 32; draw_string_vec4
    %pushi/vec4 1651274869, 0, 32; draw_string_vec4
    %concat/vec4; draw_string_vec4
    %store/vec4 v0x8bb231040_0, 0, 64;
T_61.16 ;
    %load/vec4 v0x8bb22ce60_0;
    %flag_set/vec4 8;
    %jmp/0xz  T_61.18, 8;
    %pushi/vec4 0, 0, 32; draw_string_vec4
    %pushi/vec4 1650943349, 0, 32; draw_string_vec4
    %concat/vec4; draw_string_vec4
    %store/vec4 v0x8bb231040_0, 0, 64;
T_61.18 ;
    %load/vec4 v0x8bb22d400_0;
    %flag_set/vec4 8;
    %jmp/0xz  T_61.20, 8;
    %pushi/vec4 0, 0, 32; draw_string_vec4
    %pushi/vec4 27746, 0, 32; draw_string_vec4
    %concat/vec4; draw_string_vec4
    %store/vec4 v0x8bb231040_0, 0, 64;
T_61.20 ;
    %load/vec4 v0x8bb22d540_0;
    %flag_set/vec4 8;
    %jmp/0xz  T_61.22, 8;
    %pushi/vec4 0, 0, 32; draw_string_vec4
    %pushi/vec4 27752, 0, 32; draw_string_vec4
    %concat/vec4; draw_string_vec4
    %store/vec4 v0x8bb231040_0, 0, 64;
T_61.22 ;
    %load/vec4 v0x8bb22d720_0;
    %flag_set/vec4 8;
    %jmp/0xz  T_61.24, 8;
    %pushi/vec4 0, 0, 32; draw_string_vec4
    %pushi/vec4 27767, 0, 32; draw_string_vec4
    %concat/vec4; draw_string_vec4
    %store/vec4 v0x8bb231040_0, 0, 64;
T_61.24 ;
    %load/vec4 v0x8bb22d4a0_0;
    %flag_set/vec4 8;
    %jmp/0xz  T_61.26, 8;
    %pushi/vec4 0, 0, 32; draw_string_vec4
    %pushi/vec4 7103093, 0, 32; draw_string_vec4
    %concat/vec4; draw_string_vec4
    %store/vec4 v0x8bb231040_0, 0, 64;
T_61.26 ;
    %load/vec4 v0x8bb22d5e0_0;
    %flag_set/vec4 8;
    %jmp/0xz  T_61.28, 8;
    %pushi/vec4 0, 0, 32; draw_string_vec4
    %pushi/vec4 7104629, 0, 32; draw_string_vec4
    %concat/vec4; draw_string_vec4
    %store/vec4 v0x8bb231040_0, 0, 64;
T_61.28 ;
    %load/vec4 v0x8bb22dcc0_0;
    %flag_set/vec4 8;
    %jmp/0xz  T_61.30, 8;
    %pushi/vec4 0, 0, 32; draw_string_vec4
    %pushi/vec4 29538, 0, 32; draw_string_vec4
    %concat/vec4; draw_string_vec4
    %store/vec4 v0x8bb231040_0, 0, 64;
T_61.30 ;
    %load/vec4 v0x8bb22de00_0;
    %flag_set/vec4 8;
    %jmp/0xz  T_61.32, 8;
    %pushi/vec4 0, 0, 32; draw_string_vec4
    %pushi/vec4 29544, 0, 32; draw_string_vec4
    %concat/vec4; draw_string_vec4
    %store/vec4 v0x8bb231040_0, 0, 64;
T_61.32 ;
    %load/vec4 v0x8bb22e580_0;
    %flag_set/vec4 8;
    %jmp/0xz  T_61.34, 8;
    %pushi/vec4 0, 0, 32; draw_string_vec4
    %pushi/vec4 29559, 0, 32; draw_string_vec4
    %concat/vec4; draw_string_vec4
    %store/vec4 v0x8bb231040_0, 0, 64;
T_61.34 ;
    %load/vec4 v0x8bb22caa0_0;
    %flag_set/vec4 8;
    %jmp/0xz  T_61.36, 8;
    %pushi/vec4 0, 0, 32; draw_string_vec4
    %pushi/vec4 1633969257, 0, 32; draw_string_vec4
    %concat/vec4; draw_string_vec4
    %store/vec4 v0x8bb231040_0, 0, 64;
T_61.36 ;
    %load/vec4 v0x8bb22e080_0;
    %flag_set/vec4 8;
    %jmp/0xz  T_61.38, 8;
    %pushi/vec4 0, 0, 32; draw_string_vec4
    %pushi/vec4 1936487529, 0, 32; draw_string_vec4
    %concat/vec4; draw_string_vec4
    %store/vec4 v0x8bb231040_0, 0, 64;
T_61.38 ;
    %load/vec4 v0x8bb22e120_0;
    %flag_set/vec4 8;
    %jmp/0xz  T_61.40, 8;
    %pushi/vec4 115, 0, 32; draw_string_vec4
    %pushi/vec4 1819568501, 0, 32; draw_string_vec4
    %concat/vec4; draw_string_vec4
    %store/vec4 v0x8bb231040_0, 0, 64;
T_61.40 ;
    %load/vec4 v0x8bb22e8a0_0;
    %flag_set/vec4 8;
    %jmp/0xz  T_61.42, 8;
    %pushi/vec4 0, 0, 32; draw_string_vec4
    %pushi/vec4 2020569705, 0, 32; draw_string_vec4
    %concat/vec4; draw_string_vec4
    %store/vec4 v0x8bb231040_0, 0, 64;
T_61.42 ;
    %load/vec4 v0x8bb22d900_0;
    %flag_set/vec4 8;
    %jmp/0xz  T_61.44, 8;
    %pushi/vec4 0, 0, 32; draw_string_vec4
    %pushi/vec4 7303785, 0, 32; draw_string_vec4
    %concat/vec4; draw_string_vec4
    %store/vec4 v0x8bb231040_0, 0, 64;
T_61.44 ;
    %load/vec4 v0x8bb22cbe0_0;
    %flag_set/vec4 8;
    %jmp/0xz  T_61.46, 8;
    %pushi/vec4 0, 0, 32; draw_string_vec4
    %pushi/vec4 1634624617, 0, 32; draw_string_vec4
    %concat/vec4; draw_string_vec4
    %store/vec4 v0x8bb231040_0, 0, 64;
T_61.46 ;
    %load/vec4 v0x8bb22df40_0;
    %flag_set/vec4 8;
    %jmp/0xz  T_61.48, 8;
    %pushi/vec4 0, 0, 32; draw_string_vec4
    %pushi/vec4 1936485481, 0, 32; draw_string_vec4
    %concat/vec4; draw_string_vec4
    %store/vec4 v0x8bb231040_0, 0, 64;
T_61.48 ;
    %load/vec4 v0x8bb22e440_0;
    %flag_set/vec4 8;
    %jmp/0xz  T_61.50, 8;
    %pushi/vec4 0, 0, 32; draw_string_vec4
    %pushi/vec4 1936878697, 0, 32; draw_string_vec4
    %concat/vec4; draw_string_vec4
    %store/vec4 v0x8bb231040_0, 0, 64;
T_61.50 ;
    %load/vec4 v0x8bb22e300_0;
    %flag_set/vec4 8;
    %jmp/0xz  T_61.52, 8;
    %pushi/vec4 0, 0, 32; draw_string_vec4
    %pushi/vec4 1936875881, 0, 32; draw_string_vec4
    %concat/vec4; draw_string_vec4
    %store/vec4 v0x8bb231040_0, 0, 64;
T_61.52 ;
    %load/vec4 v0x8bb22ca00_0;
    %flag_set/vec4 8;
    %jmp/0xz  T_61.54, 8;
    %pushi/vec4 0, 0, 32; draw_string_vec4
    %pushi/vec4 6382692, 0, 32; draw_string_vec4
    %concat/vec4; draw_string_vec4
    %store/vec4 v0x8bb231040_0, 0, 64;
T_61.54 ;
    %load/vec4 v0x8bb22e4e0_0;
    %flag_set/vec4 8;
    %jmp/0xz  T_61.56, 8;
    %pushi/vec4 0, 0, 32; draw_string_vec4
    %pushi/vec4 7566690, 0, 32; draw_string_vec4
    %concat/vec4; draw_string_vec4
    %store/vec4 v0x8bb231040_0, 0, 64;
T_61.56 ;
    %load/vec4 v0x8bb22dea0_0;
    %flag_set/vec4 8;
    %jmp/0xz  T_61.58, 8;
    %pushi/vec4 0, 0, 32; draw_string_vec4
    %pushi/vec4 7564396, 0, 32; draw_string_vec4
    %concat/vec4; draw_string_vec4
    %store/vec4 v0x8bb231040_0, 0, 64;
T_61.58 ;
    %load/vec4 v0x8bb22dfe0_0;
    %flag_set/vec4 8;
    %jmp/0xz  T_61.60, 8;
    %pushi/vec4 0, 0, 32; draw_string_vec4
    %pushi/vec4 7564404, 0, 32; draw_string_vec4
    %concat/vec4; draw_string_vec4
    %store/vec4 v0x8bb231040_0, 0, 64;
T_61.60 ;
    %load/vec4 v0x8bb22e1c0_0;
    %flag_set/vec4 8;
    %jmp/0xz  T_61.62, 8;
    %pushi/vec4 0, 0, 32; draw_string_vec4
    %pushi/vec4 1936487541, 0, 32; draw_string_vec4
    %concat/vec4; draw_string_vec4
    %store/vec4 v0x8bb231040_0, 0, 64;
T_61.62 ;
    %load/vec4 v0x8bb22e800_0;
    %flag_set/vec4 8;
    %jmp/0xz  T_61.64, 8;
    %pushi/vec4 0, 0, 32; draw_string_vec4
    %pushi/vec4 7892850, 0, 32; draw_string_vec4
    %concat/vec4; draw_string_vec4
    %store/vec4 v0x8bb231040_0, 0, 64;
T_61.64 ;
    %load/vec4 v0x8bb22e3a0_0;
    %flag_set/vec4 8;
    %jmp/0xz  T_61.66, 8;
    %pushi/vec4 0, 0, 32; draw_string_vec4
    %pushi/vec4 7565932, 0, 32; draw_string_vec4
    %concat/vec4; draw_string_vec4
    %store/vec4 v0x8bb231040_0, 0, 64;
T_61.66 ;
    %load/vec4 v0x8bb22e260_0;
    %flag_set/vec4 8;
    %jmp/0xz  T_61.68, 8;
    %pushi/vec4 0, 0, 32; draw_string_vec4
    %pushi/vec4 7565921, 0, 32; draw_string_vec4
    %concat/vec4; draw_string_vec4
    %store/vec4 v0x8bb231040_0, 0, 64;
T_61.68 ;
    %load/vec4 v0x8bb22d860_0;
    %flag_set/vec4 8;
    %jmp/0xz  T_61.70, 8;
    %pushi/vec4 0, 0, 32; draw_string_vec4
    %pushi/vec4 28530, 0, 32; draw_string_vec4
    %concat/vec4; draw_string_vec4
    %store/vec4 v0x8bb231040_0, 0, 64;
T_61.70 ;
    %load/vec4 v0x8bb22cb40_0;
    %flag_set/vec4 8;
    %jmp/0xz  T_61.72, 8;
    %pushi/vec4 0, 0, 32; draw_string_vec4
    %pushi/vec4 6385252, 0, 32; draw_string_vec4
    %concat/vec4; draw_string_vec4
    %store/vec4 v0x8bb231040_0, 0, 64;
T_61.72 ;
    %load/vec4 v0x8bb22d9a0_0;
    %flag_set/vec4 8;
    %jmp/0xz  T_61.74, 8;
    %pushi/vec4 7496803, 0, 32; draw_string_vec4
    %pushi/vec4 2036558949, 0, 32; draw_string_vec4
    %concat/vec4; draw_string_vec4
    %store/vec4 v0x8bb231040_0, 0, 64;
T_61.74 ;
    %load/vec4 v0x8bb22da40_0;
    %flag_set/vec4 8;
    %jmp/0xz  T_61.76, 8;
    %pushi/vec4 1919181689, 0, 32; draw_string_vec4
    %pushi/vec4 1668048232, 0, 32; draw_string_vec4
    %concat/vec4; draw_string_vec4
    %store/vec4 v0x8bb231040_0, 0, 64;
T_61.76 ;
    %load/vec4 v0x8bb22dae0_0;
    %flag_set/vec4 8;
    %jmp/0xz  T_61.78, 8;
    %pushi/vec4 7496809, 0, 32; draw_string_vec4
    %pushi/vec4 1853060210, 0, 32; draw_string_vec4
    %concat/vec4; draw_string_vec4
    %store/vec4 v0x8bb231040_0, 0, 64;
T_61.78 ;
    %load/vec4 v0x8bb22db80_0;
    %flag_set/vec4 8;
    %jmp/0xz  T_61.80, 8;
    %pushi/vec4 1919183214, 0, 32; draw_string_vec4
    %pushi/vec4 1937011304, 0, 32; draw_string_vec4
    %concat/vec4; draw_string_vec4
    %store/vec4 v0x8bb231040_0, 0, 64;
T_61.80 ;
    %load/vec4 v0x8bb22d180_0;
    %flag_set/vec4 8;
    %jmp/0xz  T_61.82, 8;
    %pushi/vec4 102, 0, 32; draw_string_vec4
    %pushi/vec4 1701733221, 0, 32; draw_string_vec4
    %concat/vec4; draw_string_vec4
    %store/vec4 v0x8bb231040_0, 0, 64;
T_61.82 ;
    %load/vec4 v0x8bb22d220_0;
    %flag_set/vec4 8;
    %jmp/0xz  T_61.84, 8;
    %pushi/vec4 0, 0, 32; draw_string_vec4
    %pushi/vec4 1734702193, 0, 32; draw_string_vec4
    %concat/vec4; draw_string_vec4
    %store/vec4 v0x8bb231040_0, 0, 64;
T_61.84 ;
    %load/vec4 v0x8bb22dd60_0;
    %flag_set/vec4 8;
    %jmp/0xz  T_61.86, 8;
    %pushi/vec4 0, 0, 32; draw_string_vec4
    %pushi/vec4 1936028785, 0, 32; draw_string_vec4
    %concat/vec4; draw_string_vec4
    %store/vec4 v0x8bb231040_0, 0, 64;
T_61.86 ;
    %load/vec4 v0x8bb22dc20_0;
    %flag_set/vec4 8;
    %jmp/0xz  T_61.88, 8;
    %pushi/vec4 29285, 0, 32; draw_string_vec4
    %pushi/vec4 1953067633, 0, 32; draw_string_vec4
    %concat/vec4; draw_string_vec4
    %store/vec4 v0x8bb231040_0, 0, 64;
T_61.88 ;
    %load/vec4 v0x8bb22d7c0_0;
    %flag_set/vec4 8;
    %jmp/0xz  T_61.90, 8;
    %pushi/vec4 7168371, 0, 32; draw_string_vec4
    %pushi/vec4 1802072689, 0, 32; draw_string_vec4
    %concat/vec4; draw_string_vec4
    %store/vec4 v0x8bb231040_0, 0, 64;
T_61.90 ;
    %load/vec4 v0x8bb22e760_0;
    %flag_set/vec4 8;
    %jmp/0xz  T_61.92, 8;
    %pushi/vec4 7823721, 0, 32; draw_string_vec4
    %pushi/vec4 1953067633, 0, 32; draw_string_vec4
    %concat/vec4; draw_string_vec4
    %store/vec4 v0x8bb231040_0, 0, 64;
T_61.92 ;
    %load/vec4 v0x8bb22e620_0;
    %flag_set/vec4 8;
    %jmp/0xz  T_61.94, 8;
    %pushi/vec4 116, 0, 32; draw_string_vec4
    %pushi/vec4 1768777074, 0, 32; draw_string_vec4
    %concat/vec4; draw_string_vec4
    %store/vec4 v0x8bb231040_0, 0, 64;
T_61.94 ;
    %jmp T_61;
    .thread T_61, $push;
    .scope S_0x8bae20f00;
T_62 ;
    %wait E_0x8bb1e4c80;
    %load/vec4 v0x8bb227520_0;
    %assign/vec4 v0x8bb232080_0, 0;
    %load/vec4 v0x8bb227700_0;
    %assign/vec4 v0x8bb232120_0, 0;
    %load/vec4 v0x8bb2277a0_0;
    %assign/vec4 v0x8bb2321c0_0, 0;
    %load/vec4 v0x8bb2278e0_0;
    %assign/vec4 v0x8bb232300_0, 0;
    %load/vec4 v0x8bb227980_0;
    %assign/vec4 v0x8bb2323a0_0, 0;
    %load/vec4 v0x8bb227840_0;
    %assign/vec4 v0x8bb232260_0, 0;
    %load/vec4 v0x8bb22fca0_0;
    %assign/vec4 v0x8bb227e80_0, 0;
    %load/vec4 v0x8bb232800_0;
    %nor/r;
    %flag_set/vec4 8;
    %jmp/1 T_62.2, 8;
    %load/vec4 v0x8bb232c60_0;
    %flag_set/vec4 9;
    %flag_or 8, 9;
T_62.2;
    %jmp/0xz  T_62.0, 8;
    %pushi/vec4 0, 0, 1;
    %assign/vec4 v0x8bb22c1e0_0, 0;
    %jmp T_62.1;
T_62.0 ;
    %load/vec4 v0x8bb22fca0_0;
    %flag_set/vec4 8;
    %jmp/0xz  T_62.3, 8;
    %pushi/vec4 1, 0, 1;
    %assign/vec4 v0x8bb22c1e0_0, 0;
T_62.3 ;
T_62.1 ;
    %load/vec4 v0x8bb22c820_0;
    %flag_set/vec4 8;
    %jmp/0xz  T_62.5, 8;
    %load/vec4 v0x8bb231040_0;
    %assign/vec4 v0x8bb226940_0, 0;
    %load/vec4 v0x8bb22c280_0;
    %assign/vec4 v0x8bb2269e0_0, 0;
    %load/vec4 v0x8bb2310e0_0;
    %parti/s 2, 0, 2;
    %and/r;
    %flag_set/vec4 8;
    %jmp/0xz  T_62.7, 8;
    %load/vec4 v0x8bb2310e0_0;
    %assign/vec4 v0x8bb226a80_0, 0;
    %jmp T_62.8;
T_62.7 ;
    %pushi/vec4 0, 0, 16;
    %load/vec4 v0x8bb2310e0_0;
    %parti/s 16, 0, 2;
    %concat/vec4; draw_concat_vec4
    %assign/vec4 v0x8bb226a80_0, 0;
T_62.8 ;
    %load/vec4 v0x8bb22c500_0;
    %assign/vec4 v0x8bb226bc0_0, 0;
    %load/vec4 v0x8bb22c5a0_0;
    %assign/vec4 v0x8bb226c60_0, 0;
    %load/vec4 v0x8bb22c3c0_0;
    %assign/vec4 v0x8bb226b20_0, 0;
T_62.5 ;
    %load/vec4 v0x8bb22fca0_0;
    %flag_set/vec4 8;
    %jmp/0xz  T_62.9, 8;
    %load/vec4 v0x8bb231220_0;
    %assign/vec4 v0x8bb227660_0, 0;
T_62.9 ;
    %jmp T_62;
    .thread T_62;
    .scope S_0x8bae20f00;
T_63 ;
    %wait E_0x8bb1e4e00;
    %load/vec4 v0x8bb232080_0;
    %store/vec4 v0x8bb227520_0, 0, 64;
    %load/vec4 v0x8bb232120_0;
    %store/vec4 v0x8bb227700_0, 0, 32;
    %load/vec4 v0x8bb2321c0_0;
    %store/vec4 v0x8bb2277a0_0, 0, 32;
    %load/vec4 v0x8bb232300_0;
    %store/vec4 v0x8bb2278e0_0, 0, 5;
    %load/vec4 v0x8bb2323a0_0;
    %store/vec4 v0x8bb227980_0, 0, 5;
    %load/vec4 v0x8bb232260_0;
    %store/vec4 v0x8bb227840_0, 0, 5;
    %load/vec4 v0x8bb227e80_0;
    %flag_set/vec4 8;
    %jmp/0xz  T_63.0, 8;
    %load/vec4 v0x8bb22c6e0_0;
    %flag_set/vec4 8;
    %jmp/0xz  T_63.2, 8;
    %load/vec4 v0x8bb226940_0;
    %store/vec4 v0x8bb227520_0, 0, 64;
    %load/vec4 v0x8bb2269e0_0;
    %store/vec4 v0x8bb227700_0, 0, 32;
    %load/vec4 v0x8bb226a80_0;
    %store/vec4 v0x8bb2277a0_0, 0, 32;
    %load/vec4 v0x8bb226bc0_0;
    %store/vec4 v0x8bb2278e0_0, 0, 5;
    %load/vec4 v0x8bb226c60_0;
    %store/vec4 v0x8bb227980_0, 0, 5;
    %load/vec4 v0x8bb226b20_0;
    %store/vec4 v0x8bb227840_0, 0, 5;
    %jmp T_63.3;
T_63.2 ;
    %load/vec4 v0x8bb231040_0;
    %store/vec4 v0x8bb227520_0, 0, 64;
    %load/vec4 v0x8bb2310e0_0;
    %parti/s 2, 0, 2;
    %and/r;
    %flag_set/vec4 8;
    %jmp/0xz  T_63.4, 8;
    %load/vec4 v0x8bb2310e0_0;
    %store/vec4 v0x8bb2277a0_0, 0, 32;
    %jmp T_63.5;
T_63.4 ;
    %pushi/vec4 0, 0, 16;
    %load/vec4 v0x8bb2310e0_0;
    %parti/s 16, 0, 2;
    %concat/vec4; draw_concat_vec4
    %store/vec4 v0x8bb2277a0_0, 0, 32;
T_63.5 ;
    %load/vec4 v0x8bb22c280_0;
    %store/vec4 v0x8bb227700_0, 0, 32;
    %load/vec4 v0x8bb22c500_0;
    %store/vec4 v0x8bb2278e0_0, 0, 5;
    %load/vec4 v0x8bb22c5a0_0;
    %store/vec4 v0x8bb227980_0, 0, 5;
    %load/vec4 v0x8bb22c3c0_0;
    %store/vec4 v0x8bb227840_0, 0, 5;
T_63.3 ;
T_63.0 ;
    %jmp T_63;
    .thread T_63, $push;
    .scope S_0x8bae20f00;
T_64 ;
    %wait E_0x8bb1e4c80;
    %load/vec4 v0x8bb22d680_0;
    %load/vec4 v0x8bb22cc80_0;
    %concat/vec4; draw_concat_vec4
    %load/vec4 v0x8bb22d2c0_0;
    %concat/vec4; draw_concat_vec4
    %or/r;
    %assign/vec4 v0x8bb22f160_0, 0;
    %load/vec4 v0x8bb22d680_0;
    %load/vec4 v0x8bb22cc80_0;
    %concat/vec4; draw_concat_vec4
    %load/vec4 v0x8bb22d2c0_0;
    %concat/vec4; draw_concat_vec4
    %load/vec4 v0x8bb22d360_0;
    %concat/vec4; draw_concat_vec4
    %load/vec4 v0x8bb22caa0_0;
    %concat/vec4; draw_concat_vec4
    %load/vec4 v0x8bb22ca00_0;
    %concat/vec4; draw_concat_vec4
    %load/vec4 v0x8bb22e4e0_0;
    %concat/vec4; draw_concat_vec4
    %or/r;
    %assign/vec4 v0x8bb22f200_0, 0;
    %load/vec4 v0x8bb22e080_0;
    %load/vec4 v0x8bb22cf00_0;
    %concat/vec4; draw_concat_vec4
    %load/vec4 v0x8bb22dfe0_0;
    %concat/vec4; draw_concat_vec4
    %or/r;
    %assign/vec4 v0x8bb22f520_0, 0;
    %load/vec4 v0x8bb22e120_0;
    %load/vec4 v0x8bb22cfa0_0;
    %concat/vec4; draw_concat_vec4
    %load/vec4 v0x8bb22e1c0_0;
    %concat/vec4; draw_concat_vec4
    %or/r;
    %assign/vec4 v0x8bb22f5c0_0, 0;
    %load/vec4 v0x8bb22d4a0_0;
    %load/vec4 v0x8bb22d5e0_0;
    %concat/vec4; draw_concat_vec4
    %load/vec4 v0x8bb22d720_0;
    %concat/vec4; draw_concat_vec4
    %or/r;
    %assign/vec4 v0x8bb22f0c0_0, 0;
    %load/vec4 v0x8bb22ee40_0;
    %load/vec4 v0x8bb22e080_0;
    %concat/vec4; draw_concat_vec4
    %load/vec4 v0x8bb22dfe0_0;
    %concat/vec4; draw_concat_vec4
    %load/vec4 v0x8bb22e120_0;
    %concat/vec4; draw_concat_vec4
    %load/vec4 v0x8bb22e1c0_0;
    %concat/vec4; draw_concat_vec4
    %or/r;
    %assign/vec4 v0x8bb22eee0_0, 0;
    %load/vec4 v0x8bb230000_0;
    %flag_set/vec4 9;
    %flag_get/vec4 9;
    %jmp/0 T_64.2, 9;
    %load/vec4 v0x8bb230140_0;
    %and;
T_64.2;
    %flag_set/vec4 8;
    %jmp/0xz  T_64.0, 8;
    %load/vec4 v0x8bb230960_0;
    %parti/s 7, 0, 2;
    %pushi/vec4 55, 0, 7;
    %cmp/e;
    %flag_get/vec4 4;
    %assign/vec4 v0x8bb22d680_0, 0;
    %load/vec4 v0x8bb230960_0;
    %parti/s 7, 0, 2;
    %pushi/vec4 23, 0, 7;
    %cmp/e;
    %flag_get/vec4 4;
    %assign/vec4 v0x8bb22cc80_0, 0;
    %load/vec4 v0x8bb230960_0;
    %parti/s 7, 0, 2;
    %pushi/vec4 111, 0, 7;
    %cmp/e;
    %flag_get/vec4 4;
    %assign/vec4 v0x8bb22d2c0_0, 0;
    %load/vec4 v0x8bb230960_0;
    %parti/s 7, 0, 2;
    %cmpi/e 103, 0, 7;
    %flag_get/vec4 4;
    %jmp/0 T_64.3, 4;
    %load/vec4 v0x8bb230960_0;
    %parti/s 3, 12, 5;
    %pushi/vec4 0, 0, 3;
    %cmp/e;
    %flag_get/vec4 4;
    %and;
T_64.3;
    %assign/vec4 v0x8bb22d360_0, 0;
    %load/vec4 v0x8bb230960_0;
    %parti/s 7, 0, 2;
    %cmpi/e 11, 0, 7;
    %flag_get/vec4 4;
    %jmp/0 T_64.5, 4;
    %load/vec4 v0x8bb230960_0;
    %parti/s 7, 25, 6;
    %pushi/vec4 2, 0, 7;
    %cmp/e;
    %flag_get/vec4 4;
    %and;
T_64.5;
    %flag_set/vec4 8;
    %flag_get/vec4 8;
    %jmp/0 T_64.4, 8;
    %pushi/vec4 0, 0, 1;
    %and;
T_64.4;
    %assign/vec4 v0x8bb22dc20_0, 0;
    %load/vec4 v0x8bb230960_0;
    %parti/s 7, 0, 2;
    %cmpi/e 11, 0, 7;
    %flag_get/vec4 4;
    %jmp/0 T_64.7, 4;
    %load/vec4 v0x8bb230960_0;
    %parti/s 7, 25, 6;
    %pushi/vec4 4, 0, 7;
    %cmp/e;
    %flag_get/vec4 4;
    %and;
T_64.7;
    %flag_set/vec4 8;
    %flag_get/vec4 8;
    %jmp/0 T_64.6, 8;
    %pushi/vec4 0, 0, 1;
    %and;
T_64.6;
    %assign/vec4 v0x8bb22e760_0, 0;
    %load/vec4 v0x8bb230960_0;
    %parti/s 7, 0, 2;
    %pushi/vec4 99, 0, 7;
    %cmp/e;
    %flag_get/vec4 4;
    %assign/vec4 v0x8bb22ee40_0, 0;
    %load/vec4 v0x8bb230960_0;
    %parti/s 7, 0, 2;
    %pushi/vec4 3, 0, 7;
    %cmp/e;
    %flag_get/vec4 4;
    %assign/vec4 v0x8bb22f020_0, 0;
    %load/vec4 v0x8bb230960_0;
    %parti/s 7, 0, 2;
    %pushi/vec4 35, 0, 7;
    %cmp/e;
    %flag_get/vec4 4;
    %assign/vec4 v0x8bb22f340_0, 0;
    %load/vec4 v0x8bb230960_0;
    %parti/s 7, 0, 2;
    %pushi/vec4 19, 0, 7;
    %cmp/e;
    %flag_get/vec4 4;
    %assign/vec4 v0x8bb22ed00_0, 0;
    %load/vec4 v0x8bb230960_0;
    %parti/s 7, 0, 2;
    %pushi/vec4 51, 0, 7;
    %cmp/e;
    %flag_get/vec4 4;
    %assign/vec4 v0x8bb22eda0_0, 0;
    %load/vec4 v0x8bb230960_0;
    %parti/s 20, 12, 5;
    %concati/vec4 0, 0, 1;
    %pad/s 32;
    %split/vec4 1;
    %ix/load 5, 0, 0;
    %ix/load 4, 0, 0;
    %flag_set/imm 4, 0;
    %assign/vec4/off/d v0x8bb22c320_0, 4, 5;
    %split/vec4 8;
    %ix/load 5, 0, 0;
    %ix/load 4, 12, 0;
    %flag_set/imm 4, 0;
    %assign/vec4/off/d v0x8bb22c320_0, 4, 5;
    %split/vec4 1;
    %ix/load 5, 0, 0;
    %ix/load 4, 11, 0;
    %flag_set/imm 4, 0;
    %assign/vec4/off/d v0x8bb22c320_0, 4, 5;
    %split/vec4 10;
    %ix/load 5, 0, 0;
    %ix/load 4, 1, 0;
    %flag_set/imm 4, 0;
    %assign/vec4/off/d v0x8bb22c320_0, 4, 5;
    %ix/load 5, 0, 0;
    %ix/load 4, 20, 0;
    %flag_set/imm 4, 0;
    %assign/vec4/off/d v0x8bb22c320_0, 4, 5;
    %load/vec4 v0x8bb230960_0;
    %parti/s 5, 7, 4;
    %assign/vec4 v0x8bb22c3c0_0, 0;
    %load/vec4 v0x8bb230960_0;
    %parti/s 5, 15, 5;
    %assign/vec4 v0x8bb22c500_0, 0;
    %load/vec4 v0x8bb230960_0;
    %parti/s 5, 20, 6;
    %assign/vec4 v0x8bb22c5a0_0, 0;
    %load/vec4 v0x8bb230960_0;
    %parti/s 7, 0, 2;
    %cmpi/e 11, 0, 7;
    %flag_get/vec4 4;
    %jmp/0 T_64.12, 4;
    %load/vec4 v0x8bb230960_0;
    %parti/s 7, 25, 6;
    %pushi/vec4 0, 0, 7;
    %cmp/e;
    %flag_get/vec4 4;
    %and;
T_64.12;
    %flag_set/vec4 10;
    %flag_get/vec4 10;
    %jmp/0 T_64.11, 10;
    %pushi/vec4 0, 0, 1;
    %and;
T_64.11;
    %flag_set/vec4 9;
    %flag_get/vec4 9;
    %jmp/0 T_64.10, 9;
    %pushi/vec4 1, 0, 1;
    %and;
T_64.10;
    %flag_set/vec4 8;
    %jmp/0xz  T_64.8, 8;
    %pushi/vec4 1, 0, 1;
    %ix/load 5, 0, 0;
    %ix/load 4, 4, 0;
    %flag_set/imm 4, 0;
    %assign/vec4/off/d v0x8bb22c500_0, 4, 5;
T_64.8 ;
    %load/vec4 v0x8bb230960_0;
    %parti/s 7, 0, 2;
    %cmpi/e 11, 0, 7;
    %flag_get/vec4 4;
    %jmp/0 T_64.16, 4;
    %load/vec4 v0x8bb230960_0;
    %parti/s 7, 25, 6;
    %pushi/vec4 2, 0, 7;
    %cmp/e;
    %flag_get/vec4 4;
    %and;
T_64.16;
    %flag_set/vec4 9;
    %flag_get/vec4 9;
    %jmp/0 T_64.15, 9;
    %pushi/vec4 0, 0, 1;
    %and;
T_64.15;
    %flag_set/vec4 8;
    %jmp/0xz  T_64.13, 8;
    %pushi/vec4 0, 0, 5;
    %assign/vec4 v0x8bb22c500_0, 0;
T_64.13 ;
    %pushi/vec4 0, 0, 1;
    %assign/vec4 v0x8bb226ee0_0, 0;
T_64.0 ;
    %load/vec4 v0x8bb22c780_0;
    %flag_set/vec4 9;
    %flag_get/vec4 9;
    %jmp/0 T_64.19, 9;
    %load/vec4 v0x8bb22c640_0;
    %nor/r;
    %and;
T_64.19;
    %flag_set/vec4 8;
    %jmp/0xz  T_64.17, 8;
    %pushi/vec4 4294967295, 4294967295, 32;
    %assign/vec4 v0x8bb231540_0, 0;
    %load/vec4 v0x8bb22ee40_0;
    %flag_set/vec4 8;
    %flag_get/vec4 8;
    %jmp/0 T_64.20, 8;
    %load/vec4 v0x8bb230aa0_0;
    %parti/s 3, 12, 5;
    %pushi/vec4 0, 0, 3;
    %cmp/e;
    %flag_get/vec4 4;
    %and;
T_64.20;
    %assign/vec4 v0x8bb22cd20_0, 0;
    %load/vec4 v0x8bb22ee40_0;
    %flag_set/vec4 8;
    %flag_get/vec4 8;
    %jmp/0 T_64.21, 8;
    %load/vec4 v0x8bb230aa0_0;
    %parti/s 3, 12, 5;
    %pushi/vec4 1, 0, 3;
    %cmp/e;
    %flag_get/vec4 4;
    %and;
T_64.21;
    %assign/vec4 v0x8bb22d040_0, 0;
    %load/vec4 v0x8bb22ee40_0;
    %flag_set/vec4 8;
    %flag_get/vec4 8;
    %jmp/0 T_64.22, 8;
    %load/vec4 v0x8bb230aa0_0;
    %parti/s 3, 12, 5;
    %pushi/vec4 4, 0, 3;
    %cmp/e;
    %flag_get/vec4 4;
    %and;
T_64.22;
    %assign/vec4 v0x8bb22cf00_0, 0;
    %load/vec4 v0x8bb22ee40_0;
    %flag_set/vec4 8;
    %flag_get/vec4 8;
    %jmp/0 T_64.23, 8;
    %load/vec4 v0x8bb230aa0_0;
    %parti/s 3, 12, 5;
    %pushi/vec4 5, 0, 3;
    %cmp/e;
    %flag_get/vec4 4;
    %and;
T_64.23;
    %assign/vec4 v0x8bb22cdc0_0, 0;
    %load/vec4 v0x8bb22ee40_0;
    %flag_set/vec4 8;
    %flag_get/vec4 8;
    %jmp/0 T_64.24, 8;
    %load/vec4 v0x8bb230aa0_0;
    %parti/s 3, 12, 5;
    %pushi/vec4 6, 0, 3;
    %cmp/e;
    %flag_get/vec4 4;
    %and;
T_64.24;
    %assign/vec4 v0x8bb22cfa0_0, 0;
    %load/vec4 v0x8bb22ee40_0;
    %flag_set/vec4 8;
    %flag_get/vec4 8;
    %jmp/0 T_64.25, 8;
    %load/vec4 v0x8bb230aa0_0;
    %parti/s 3, 12, 5;
    %pushi/vec4 7, 0, 3;
    %cmp/e;
    %flag_get/vec4 4;
    %and;
T_64.25;
    %assign/vec4 v0x8bb22ce60_0, 0;
    %load/vec4 v0x8bb22f020_0;
    %flag_set/vec4 8;
    %flag_get/vec4 8;
    %jmp/0 T_64.26, 8;
    %load/vec4 v0x8bb230aa0_0;
    %parti/s 3, 12, 5;
    %pushi/vec4 0, 0, 3;
    %cmp/e;
    %flag_get/vec4 4;
    %and;
T_64.26;
    %assign/vec4 v0x8bb22d400_0, 0;
    %load/vec4 v0x8bb22f020_0;
    %flag_set/vec4 8;
    %flag_get/vec4 8;
    %jmp/0 T_64.27, 8;
    %load/vec4 v0x8bb230aa0_0;
    %parti/s 3, 12, 5;
    %pushi/vec4 1, 0, 3;
    %cmp/e;
    %flag_get/vec4 4;
    %and;
T_64.27;
    %assign/vec4 v0x8bb22d540_0, 0;
    %load/vec4 v0x8bb22f020_0;
    %flag_set/vec4 8;
    %flag_get/vec4 8;
    %jmp/0 T_64.28, 8;
    %load/vec4 v0x8bb230aa0_0;
    %parti/s 3, 12, 5;
    %pushi/vec4 2, 0, 3;
    %cmp/e;
    %flag_get/vec4 4;
    %and;
T_64.28;
    %assign/vec4 v0x8bb22d720_0, 0;
    %load/vec4 v0x8bb22f020_0;
    %flag_set/vec4 8;
    %flag_get/vec4 8;
    %jmp/0 T_64.29, 8;
    %load/vec4 v0x8bb230aa0_0;
    %parti/s 3, 12, 5;
    %pushi/vec4 4, 0, 3;
    %cmp/e;
    %flag_get/vec4 4;
    %and;
T_64.29;
    %assign/vec4 v0x8bb22d4a0_0, 0;
    %load/vec4 v0x8bb22f020_0;
    %flag_set/vec4 8;
    %flag_get/vec4 8;
    %jmp/0 T_64.30, 8;
    %load/vec4 v0x8bb230aa0_0;
    %parti/s 3, 12, 5;
    %pushi/vec4 5, 0, 3;
    %cmp/e;
    %flag_get/vec4 4;
    %and;
T_64.30;
    %assign/vec4 v0x8bb22d5e0_0, 0;
    %load/vec4 v0x8bb22f340_0;
    %flag_set/vec4 8;
    %flag_get/vec4 8;
    %jmp/0 T_64.31, 8;
    %load/vec4 v0x8bb230aa0_0;
    %parti/s 3, 12, 5;
    %pushi/vec4 0, 0, 3;
    %cmp/e;
    %flag_get/vec4 4;
    %and;
T_64.31;
    %assign/vec4 v0x8bb22dcc0_0, 0;
    %load/vec4 v0x8bb22f340_0;
    %flag_set/vec4 8;
    %flag_get/vec4 8;
    %jmp/0 T_64.32, 8;
    %load/vec4 v0x8bb230aa0_0;
    %parti/s 3, 12, 5;
    %pushi/vec4 1, 0, 3;
    %cmp/e;
    %flag_get/vec4 4;
    %and;
T_64.32;
    %assign/vec4 v0x8bb22de00_0, 0;
    %load/vec4 v0x8bb22f340_0;
    %flag_set/vec4 8;
    %flag_get/vec4 8;
    %jmp/0 T_64.33, 8;
    %load/vec4 v0x8bb230aa0_0;
    %parti/s 3, 12, 5;
    %pushi/vec4 2, 0, 3;
    %cmp/e;
    %flag_get/vec4 4;
    %and;
T_64.33;
    %assign/vec4 v0x8bb22e580_0, 0;
    %load/vec4 v0x8bb22ed00_0;
    %flag_set/vec4 8;
    %flag_get/vec4 8;
    %jmp/0 T_64.34, 8;
    %load/vec4 v0x8bb230aa0_0;
    %parti/s 3, 12, 5;
    %pushi/vec4 0, 0, 3;
    %cmp/e;
    %flag_get/vec4 4;
    %and;
T_64.34;
    %assign/vec4 v0x8bb22caa0_0, 0;
    %load/vec4 v0x8bb22ed00_0;
    %flag_set/vec4 8;
    %flag_get/vec4 8;
    %jmp/0 T_64.35, 8;
    %load/vec4 v0x8bb230aa0_0;
    %parti/s 3, 12, 5;
    %pushi/vec4 2, 0, 3;
    %cmp/e;
    %flag_get/vec4 4;
    %and;
T_64.35;
    %assign/vec4 v0x8bb22e080_0, 0;
    %load/vec4 v0x8bb22ed00_0;
    %flag_set/vec4 8;
    %flag_get/vec4 8;
    %jmp/0 T_64.36, 8;
    %load/vec4 v0x8bb230aa0_0;
    %parti/s 3, 12, 5;
    %pushi/vec4 3, 0, 3;
    %cmp/e;
    %flag_get/vec4 4;
    %and;
T_64.36;
    %assign/vec4 v0x8bb22e120_0, 0;
    %load/vec4 v0x8bb22ed00_0;
    %flag_set/vec4 8;
    %flag_get/vec4 8;
    %jmp/0 T_64.37, 8;
    %load/vec4 v0x8bb230aa0_0;
    %parti/s 3, 12, 5;
    %pushi/vec4 4, 0, 3;
    %cmp/e;
    %flag_get/vec4 4;
    %and;
T_64.37;
    %assign/vec4 v0x8bb22e8a0_0, 0;
    %load/vec4 v0x8bb22ed00_0;
    %flag_set/vec4 8;
    %flag_get/vec4 8;
    %jmp/0 T_64.38, 8;
    %load/vec4 v0x8bb230aa0_0;
    %parti/s 3, 12, 5;
    %pushi/vec4 6, 0, 3;
    %cmp/e;
    %flag_get/vec4 4;
    %and;
T_64.38;
    %assign/vec4 v0x8bb22d900_0, 0;
    %load/vec4 v0x8bb22ed00_0;
    %flag_set/vec4 8;
    %flag_get/vec4 8;
    %jmp/0 T_64.39, 8;
    %load/vec4 v0x8bb230aa0_0;
    %parti/s 3, 12, 5;
    %pushi/vec4 7, 0, 3;
    %cmp/e;
    %flag_get/vec4 4;
    %and;
T_64.39;
    %assign/vec4 v0x8bb22cbe0_0, 0;
    %load/vec4 v0x8bb22ed00_0;
    %flag_set/vec4 9;
    %flag_get/vec4 9;
    %jmp/0 T_64.41, 9;
    %load/vec4 v0x8bb230aa0_0;
    %parti/s 3, 12, 5;
    %pushi/vec4 1, 0, 3;
    %cmp/e;
    %flag_get/vec4 4;
    %and;
T_64.41;
    %flag_set/vec4 8;
    %flag_get/vec4 8;
    %jmp/0 T_64.40, 8;
    %load/vec4 v0x8bb230aa0_0;
    %parti/s 7, 25, 6;
    %pushi/vec4 0, 0, 7;
    %cmp/e;
    %flag_get/vec4 4;
    %and;
T_64.40;
    %assign/vec4 v0x8bb22df40_0, 0;
    %load/vec4 v0x8bb22ed00_0;
    %flag_set/vec4 9;
    %flag_get/vec4 9;
    %jmp/0 T_64.43, 9;
    %load/vec4 v0x8bb230aa0_0;
    %parti/s 3, 12, 5;
    %pushi/vec4 5, 0, 3;
    %cmp/e;
    %flag_get/vec4 4;
    %and;
T_64.43;
    %flag_set/vec4 8;
    %flag_get/vec4 8;
    %jmp/0 T_64.42, 8;
    %load/vec4 v0x8bb230aa0_0;
    %parti/s 7, 25, 6;
    %pushi/vec4 0, 0, 7;
    %cmp/e;
    %flag_get/vec4 4;
    %and;
T_64.42;
    %assign/vec4 v0x8bb22e440_0, 0;
    %load/vec4 v0x8bb22ed00_0;
    %flag_set/vec4 9;
    %flag_get/vec4 9;
    %jmp/0 T_64.45, 9;
    %load/vec4 v0x8bb230aa0_0;
    %parti/s 3, 12, 5;
    %pushi/vec4 5, 0, 3;
    %cmp/e;
    %flag_get/vec4 4;
    %and;
T_64.45;
    %flag_set/vec4 8;
    %flag_get/vec4 8;
    %jmp/0 T_64.44, 8;
    %load/vec4 v0x8bb230aa0_0;
    %parti/s 7, 25, 6;
    %pushi/vec4 32, 0, 7;
    %cmp/e;
    %flag_get/vec4 4;
    %and;
T_64.44;
    %assign/vec4 v0x8bb22e300_0, 0;
    %load/vec4 v0x8bb22eda0_0;
    %flag_set/vec4 9;
    %flag_get/vec4 9;
    %jmp/0 T_64.47, 9;
    %load/vec4 v0x8bb230aa0_0;
    %parti/s 3, 12, 5;
    %pushi/vec4 0, 0, 3;
    %cmp/e;
    %flag_get/vec4 4;
    %and;
T_64.47;
    %flag_set/vec4 8;
    %flag_get/vec4 8;
    %jmp/0 T_64.46, 8;
    %load/vec4 v0x8bb230aa0_0;
    %parti/s 7, 25, 6;
    %pushi/vec4 0, 0, 7;
    %cmp/e;
    %flag_get/vec4 4;
    %and;
T_64.46;
    %assign/vec4 v0x8bb22ca00_0, 0;
    %load/vec4 v0x8bb22eda0_0;
    %flag_set/vec4 9;
    %flag_get/vec4 9;
    %jmp/0 T_64.49, 9;
    %load/vec4 v0x8bb230aa0_0;
    %parti/s 3, 12, 5;
    %pushi/vec4 0, 0, 3;
    %cmp/e;
    %flag_get/vec4 4;
    %and;
T_64.49;
    %flag_set/vec4 8;
    %flag_get/vec4 8;
    %jmp/0 T_64.48, 8;
    %load/vec4 v0x8bb230aa0_0;
    %parti/s 7, 25, 6;
    %pushi/vec4 32, 0, 7;
    %cmp/e;
    %flag_get/vec4 4;
    %and;
T_64.48;
    %assign/vec4 v0x8bb22e4e0_0, 0;
    %load/vec4 v0x8bb22eda0_0;
    %flag_set/vec4 9;
    %flag_get/vec4 9;
    %jmp/0 T_64.51, 9;
    %load/vec4 v0x8bb230aa0_0;
    %parti/s 3, 12, 5;
    %pushi/vec4 1, 0, 3;
    %cmp/e;
    %flag_get/vec4 4;
    %and;
T_64.51;
    %flag_set/vec4 8;
    %flag_get/vec4 8;
    %jmp/0 T_64.50, 8;
    %load/vec4 v0x8bb230aa0_0;
    %parti/s 7, 25, 6;
    %pushi/vec4 0, 0, 7;
    %cmp/e;
    %flag_get/vec4 4;
    %and;
T_64.50;
    %assign/vec4 v0x8bb22dea0_0, 0;
    %load/vec4 v0x8bb22eda0_0;
    %flag_set/vec4 9;
    %flag_get/vec4 9;
    %jmp/0 T_64.53, 9;
    %load/vec4 v0x8bb230aa0_0;
    %parti/s 3, 12, 5;
    %pushi/vec4 2, 0, 3;
    %cmp/e;
    %flag_get/vec4 4;
    %and;
T_64.53;
    %flag_set/vec4 8;
    %flag_get/vec4 8;
    %jmp/0 T_64.52, 8;
    %load/vec4 v0x8bb230aa0_0;
    %parti/s 7, 25, 6;
    %pushi/vec4 0, 0, 7;
    %cmp/e;
    %flag_get/vec4 4;
    %and;
T_64.52;
    %assign/vec4 v0x8bb22dfe0_0, 0;
    %load/vec4 v0x8bb22eda0_0;
    %flag_set/vec4 9;
    %flag_get/vec4 9;
    %jmp/0 T_64.55, 9;
    %load/vec4 v0x8bb230aa0_0;
    %parti/s 3, 12, 5;
    %pushi/vec4 3, 0, 3;
    %cmp/e;
    %flag_get/vec4 4;
    %and;
T_64.55;
    %flag_set/vec4 8;
    %flag_get/vec4 8;
    %jmp/0 T_64.54, 8;
    %load/vec4 v0x8bb230aa0_0;
    %parti/s 7, 25, 6;
    %pushi/vec4 0, 0, 7;
    %cmp/e;
    %flag_get/vec4 4;
    %and;
T_64.54;
    %assign/vec4 v0x8bb22e1c0_0, 0;
    %load/vec4 v0x8bb22eda0_0;
    %flag_set/vec4 9;
    %flag_get/vec4 9;
    %jmp/0 T_64.57, 9;
    %load/vec4 v0x8bb230aa0_0;
    %parti/s 3, 12, 5;
    %pushi/vec4 4, 0, 3;
    %cmp/e;
    %flag_get/vec4 4;
    %and;
T_64.57;
    %flag_set/vec4 8;
    %flag_get/vec4 8;
    %jmp/0 T_64.56, 8;
    %load/vec4 v0x8bb230aa0_0;
    %parti/s 7, 25, 6;
    %pushi/vec4 0, 0, 7;
    %cmp/e;
    %flag_get/vec4 4;
    %and;
T_64.56;
    %assign/vec4 v0x8bb22e800_0, 0;
    %load/vec4 v0x8bb22eda0_0;
    %flag_set/vec4 9;
    %flag_get/vec4 9;
    %jmp/0 T_64.59, 9;
    %load/vec4 v0x8bb230aa0_0;
    %parti/s 3, 12, 5;
    %pushi/vec4 5, 0, 3;
    %cmp/e;
    %flag_get/vec4 4;
    %and;
T_64.59;
    %flag_set/vec4 8;
    %flag_get/vec4 8;
    %jmp/0 T_64.58, 8;
    %load/vec4 v0x8bb230aa0_0;
    %parti/s 7, 25, 6;
    %pushi/vec4 0, 0, 7;
    %cmp/e;
    %flag_get/vec4 4;
    %and;
T_64.58;
    %assign/vec4 v0x8bb22e3a0_0, 0;
    %load/vec4 v0x8bb22eda0_0;
    %flag_set/vec4 9;
    %flag_get/vec4 9;
    %jmp/0 T_64.61, 9;
    %load/vec4 v0x8bb230aa0_0;
    %parti/s 3, 12, 5;
    %pushi/vec4 5, 0, 3;
    %cmp/e;
    %flag_get/vec4 4;
    %and;
T_64.61;
    %flag_set/vec4 8;
    %flag_get/vec4 8;
    %jmp/0 T_64.60, 8;
    %load/vec4 v0x8bb230aa0_0;
    %parti/s 7, 25, 6;
    %pushi/vec4 32, 0, 7;
    %cmp/e;
    %flag_get/vec4 4;
    %and;
T_64.60;
    %assign/vec4 v0x8bb22e260_0, 0;
    %load/vec4 v0x8bb22eda0_0;
    %flag_set/vec4 9;
    %flag_get/vec4 9;
    %jmp/0 T_64.63, 9;
    %load/vec4 v0x8bb230aa0_0;
    %parti/s 3, 12, 5;
    %pushi/vec4 6, 0, 3;
    %cmp/e;
    %flag_get/vec4 4;
    %and;
T_64.63;
    %flag_set/vec4 8;
    %flag_get/vec4 8;
    %jmp/0 T_64.62, 8;
    %load/vec4 v0x8bb230aa0_0;
    %parti/s 7, 25, 6;
    %pushi/vec4 0, 0, 7;
    %cmp/e;
    %flag_get/vec4 4;
    %and;
T_64.62;
    %assign/vec4 v0x8bb22d860_0, 0;
    %load/vec4 v0x8bb22eda0_0;
    %flag_set/vec4 9;
    %flag_get/vec4 9;
    %jmp/0 T_64.65, 9;
    %load/vec4 v0x8bb230aa0_0;
    %parti/s 3, 12, 5;
    %pushi/vec4 7, 0, 3;
    %cmp/e;
    %flag_get/vec4 4;
    %and;
T_64.65;
    %flag_set/vec4 8;
    %flag_get/vec4 8;
    %jmp/0 T_64.64, 8;
    %load/vec4 v0x8bb230aa0_0;
    %parti/s 7, 25, 6;
    %pushi/vec4 0, 0, 7;
    %cmp/e;
    %flag_get/vec4 4;
    %and;
T_64.64;
    %assign/vec4 v0x8bb22cb40_0, 0;
    %load/vec4 v0x8bb230aa0_0;
    %parti/s 7, 0, 2;
    %cmpi/e 115, 0, 7;
    %flag_get/vec4 4;
    %jmp/0 T_64.68, 4;
    %load/vec4 v0x8bb230aa0_0;
    %parti/s 20, 12, 5;
    %pad/u 32;
    %pushi/vec4 786434, 0, 32;
    %cmp/e;
    %flag_get/vec4 4;
    %and;
T_64.68;
    %flag_set/vec4 8;
    %jmp/1 T_64.67, 8;
    %load/vec4 v0x8bb230aa0_0;
    %parti/s 7, 0, 2;
    %cmpi/e 115, 0, 7;
    %flag_get/vec4 4;
    %jmp/0 T_64.69, 4;
    %load/vec4 v0x8bb230aa0_0;
    %parti/s 20, 12, 5;
    %pad/u 32;
    %pushi/vec4 786690, 0, 32;
    %cmp/e;
    %flag_get/vec4 4;
    %and;
T_64.69;
    %flag_set/vec4 9;
    %flag_or 8, 9;
T_64.67;
    %flag_get/vec4 8;
    %jmp/0 T_64.66, 8;
    %pushi/vec4 0, 0, 1;
    %and;
T_64.66;
    %assign/vec4 v0x8bb22d9a0_0, 0;
    %load/vec4 v0x8bb230aa0_0;
    %parti/s 7, 0, 2;
    %cmpi/e 115, 0, 7;
    %flag_get/vec4 4;
    %jmp/0 T_64.73, 4;
    %load/vec4 v0x8bb230aa0_0;
    %parti/s 20, 12, 5;
    %pad/u 32;
    %pushi/vec4 819202, 0, 32;
    %cmp/e;
    %flag_get/vec4 4;
    %and;
T_64.73;
    %flag_set/vec4 9;
    %jmp/1 T_64.72, 9;
    %load/vec4 v0x8bb230aa0_0;
    %parti/s 7, 0, 2;
    %cmpi/e 115, 0, 7;
    %flag_get/vec4 4;
    %jmp/0 T_64.74, 4;
    %load/vec4 v0x8bb230aa0_0;
    %parti/s 20, 12, 5;
    %pad/u 32;
    %pushi/vec4 819458, 0, 32;
    %cmp/e;
    %flag_get/vec4 4;
    %and;
T_64.74;
    %flag_set/vec4 10;
    %flag_or 9, 10;
T_64.72;
    %flag_get/vec4 9;
    %jmp/0 T_64.71, 9;
    %pushi/vec4 0, 0, 1;
    %and;
T_64.71;
    %flag_set/vec4 8;
    %flag_get/vec4 8;
    %jmp/0 T_64.70, 8;
    %pushi/vec4 0, 0, 1;
    %and;
T_64.70;
    %assign/vec4 v0x8bb22da40_0, 0;
    %load/vec4 v0x8bb230aa0_0;
    %parti/s 7, 0, 2;
    %cmpi/e 115, 0, 7;
    %flag_get/vec4 4;
    %jmp/0 T_64.76, 4;
    %load/vec4 v0x8bb230aa0_0;
    %parti/s 20, 12, 5;
    %pad/u 32;
    %pushi/vec4 786946, 0, 32;
    %cmp/e;
    %flag_get/vec4 4;
    %and;
T_64.76;
    %flag_set/vec4 8;
    %flag_get/vec4 8;
    %jmp/0 T_64.75, 8;
    %pushi/vec4 0, 0, 1;
    %and;
T_64.75;
    %assign/vec4 v0x8bb22dae0_0, 0;
    %load/vec4 v0x8bb230aa0_0;
    %parti/s 7, 0, 2;
    %cmpi/e 115, 0, 7;
    %flag_get/vec4 4;
    %jmp/0 T_64.79, 4;
    %load/vec4 v0x8bb230aa0_0;
    %parti/s 20, 12, 5;
    %pad/u 32;
    %pushi/vec4 819714, 0, 32;
    %cmp/e;
    %flag_get/vec4 4;
    %and;
T_64.79;
    %flag_set/vec4 9;
    %flag_get/vec4 9;
    %jmp/0 T_64.78, 9;
    %pushi/vec4 0, 0, 1;
    %and;
T_64.78;
    %flag_set/vec4 8;
    %flag_get/vec4 8;
    %jmp/0 T_64.77, 8;
    %pushi/vec4 0, 0, 1;
    %and;
T_64.77;
    %assign/vec4 v0x8bb22db80_0, 0;
    %load/vec4 v0x8bb230aa0_0;
    %parti/s 7, 0, 2;
    %cmpi/e 115, 0, 7;
    %flag_get/vec4 4;
    %jmp/0 T_64.82, 4;
    %load/vec4 v0x8bb230aa0_0;
    %parti/s 11, 21, 6;
    %nor/r;
    %and;
T_64.82;
    %flag_set/vec4 9;
    %flag_get/vec4 9;
    %jmp/0 T_64.81, 9;
    %load/vec4 v0x8bb230aa0_0;
    %parti/s 13, 7, 4;
    %nor/r;
    %and;
T_64.81;
    %flag_set/vec4 8;
    %flag_get/vec4 8;
    %jmp/1 T_64.80, 8;
    %pushi/vec4 0, 0, 1;
    %or;
T_64.80;
    %assign/vec4 v0x8bb22d0e0_0, 0;
    %load/vec4 v0x8bb230aa0_0;
    %parti/s 7, 0, 2;
    %cmpi/e 15, 0, 7;
    %flag_get/vec4 4;
    %jmp/0 T_64.83, 4;
    %load/vec4 v0x8bb230aa0_0;
    %parti/s 3, 12, 5;
    %nor/r;
    %and;
T_64.83;
    %assign/vec4 v0x8bb22d180_0, 0;
    %load/vec4 v0x8bb230aa0_0;
    %parti/s 7, 0, 2;
    %cmpi/e 11, 0, 7;
    %flag_get/vec4 4;
    %jmp/0 T_64.86, 4;
    %load/vec4 v0x8bb230aa0_0;
    %parti/s 7, 25, 6;
    %pushi/vec4 0, 0, 7;
    %cmp/e;
    %flag_get/vec4 4;
    %and;
T_64.86;
    %flag_set/vec4 9;
    %flag_get/vec4 9;
    %jmp/0 T_64.85, 9;
    %pushi/vec4 0, 0, 1;
    %and;
T_64.85;
    %flag_set/vec4 8;
    %flag_get/vec4 8;
    %jmp/0 T_64.84, 8;
    %pushi/vec4 1, 0, 1;
    %and;
T_64.84;
    %assign/vec4 v0x8bb22d220_0, 0;
    %load/vec4 v0x8bb230aa0_0;
    %parti/s 7, 0, 2;
    %cmpi/e 11, 0, 7;
    %flag_get/vec4 4;
    %jmp/0 T_64.89, 4;
    %load/vec4 v0x8bb230aa0_0;
    %parti/s 7, 25, 6;
    %pushi/vec4 1, 0, 7;
    %cmp/e;
    %flag_get/vec4 4;
    %and;
T_64.89;
    %flag_set/vec4 9;
    %flag_get/vec4 9;
    %jmp/0 T_64.88, 9;
    %pushi/vec4 0, 0, 1;
    %and;
T_64.88;
    %flag_set/vec4 8;
    %flag_get/vec4 8;
    %jmp/0 T_64.87, 8;
    %pushi/vec4 1, 0, 1;
    %and;
T_64.87;
    %assign/vec4 v0x8bb22dd60_0, 0;
    %load/vec4 v0x8bb230aa0_0;
    %parti/s 7, 0, 2;
    %cmpi/e 11, 0, 7;
    %flag_get/vec4 4;
    %jmp/0 T_64.91, 4;
    %load/vec4 v0x8bb230aa0_0;
    %parti/s 7, 25, 6;
    %pushi/vec4 3, 0, 7;
    %cmp/e;
    %flag_get/vec4 4;
    %and;
T_64.91;
    %flag_set/vec4 8;
    %flag_get/vec4 8;
    %jmp/0 T_64.90, 8;
    %pushi/vec4 0, 0, 1;
    %and;
T_64.90;
    %assign/vec4 v0x8bb22d7c0_0, 0;
    %load/vec4 v0x8bb230aa0_0;
    %parti/s 7, 0, 2;
    %cmpi/e 11, 0, 7;
    %flag_get/vec4 4;
    %jmp/0 T_64.94, 4;
    %load/vec4 v0x8bb230aa0_0;
    %parti/s 7, 25, 6;
    %pushi/vec4 5, 0, 7;
    %cmp/e;
    %flag_get/vec4 4;
    %and;
T_64.94;
    %flag_set/vec4 9;
    %flag_get/vec4 9;
    %jmp/0 T_64.93, 9;
    %pushi/vec4 0, 0, 1;
    %and;
T_64.93;
    %flag_set/vec4 8;
    %flag_get/vec4 8;
    %jmp/0 T_64.92, 8;
    %pushi/vec4 1, 0, 1;
    %and;
T_64.92;
    %assign/vec4 v0x8bb22e620_0, 0;
    %load/vec4 v0x8bb22ed00_0;
    %flag_set/vec4 8;
    %flag_get/vec4 8;
    %jmp/0 T_64.95, 8;
    %load/vec4 v0x8bb230aa0_0;
    %parti/s 3, 12, 5;
    %cmpi/e 1, 0, 3;
    %flag_get/vec4 4;
    %jmp/0 T_64.96, 4;
    %load/vec4 v0x8bb230aa0_0;
    %parti/s 7, 25, 6;
    %pushi/vec4 0, 0, 7;
    %cmp/e;
    %flag_get/vec4 4;
    %and;
T_64.96;
    %load/vec4 v0x8bb230aa0_0;
    %parti/s 3, 12, 5;
    %cmpi/e 5, 0, 3;
    %flag_get/vec4 4;
    %jmp/0 T_64.97, 4;
    %load/vec4 v0x8bb230aa0_0;
    %parti/s 7, 25, 6;
    %pushi/vec4 0, 0, 7;
    %cmp/e;
    %flag_get/vec4 4;
    %and;
T_64.97;
    %concat/vec4; draw_concat_vec4
    %load/vec4 v0x8bb230aa0_0;
    %parti/s 3, 12, 5;
    %cmpi/e 5, 0, 3;
    %flag_get/vec4 4;
    %jmp/0 T_64.98, 4;
    %load/vec4 v0x8bb230aa0_0;
    %parti/s 7, 25, 6;
    %pushi/vec4 32, 0, 7;
    %cmp/e;
    %flag_get/vec4 4;
    %and;
T_64.98;
    %concat/vec4; draw_concat_vec4
    %or/r;
    %and;
T_64.95;
    %assign/vec4 v0x8bb22f480_0, 0;
    %load/vec4 v0x8bb22d360_0;
    %flag_set/vec4 8;
    %flag_get/vec4 8;
    %jmp/1 T_64.99, 8;
    %load/vec4 v0x8bb22ed00_0;
    %flag_set/vec4 8;
    %flag_get/vec4 8;
    %jmp/0 T_64.100, 8;
    %load/vec4 v0x8bb230aa0_0;
    %parti/s 3, 12, 5;
    %pushi/vec4 0, 0, 3;
    %cmp/e;
    %flag_get/vec4 4;
    %load/vec4 v0x8bb230aa0_0;
    %parti/s 3, 12, 5;
    %pushi/vec4 2, 0, 3;
    %cmp/e;
    %flag_get/vec4 4;
    %concat/vec4; draw_concat_vec4
    %load/vec4 v0x8bb230aa0_0;
    %parti/s 3, 12, 5;
    %pushi/vec4 3, 0, 3;
    %cmp/e;
    %flag_get/vec4 4;
    %concat/vec4; draw_concat_vec4
    %load/vec4 v0x8bb230aa0_0;
    %parti/s 3, 12, 5;
    %pushi/vec4 4, 0, 3;
    %cmp/e;
    %flag_get/vec4 4;
    %concat/vec4; draw_concat_vec4
    %load/vec4 v0x8bb230aa0_0;
    %parti/s 3, 12, 5;
    %pushi/vec4 6, 0, 3;
    %cmp/e;
    %flag_get/vec4 4;
    %concat/vec4; draw_concat_vec4
    %load/vec4 v0x8bb230aa0_0;
    %parti/s 3, 12, 5;
    %pushi/vec4 7, 0, 3;
    %cmp/e;
    %flag_get/vec4 4;
    %concat/vec4; draw_concat_vec4
    %or/r;
    %and;
T_64.100;
    %or;
T_64.99;
    %assign/vec4 v0x8bb22ef80_0, 0;
    %load/vec4 v0x8bb22eda0_0;
    %flag_set/vec4 8;
    %flag_get/vec4 8;
    %jmp/0 T_64.101, 8;
    %load/vec4 v0x8bb230aa0_0;
    %parti/s 3, 12, 5;
    %cmpi/e 1, 0, 3;
    %flag_get/vec4 4;
    %jmp/0 T_64.102, 4;
    %load/vec4 v0x8bb230aa0_0;
    %parti/s 7, 25, 6;
    %pushi/vec4 0, 0, 7;
    %cmp/e;
    %flag_get/vec4 4;
    %and;
T_64.102;
    %load/vec4 v0x8bb230aa0_0;
    %parti/s 3, 12, 5;
    %cmpi/e 5, 0, 3;
    %flag_get/vec4 4;
    %jmp/0 T_64.103, 4;
    %load/vec4 v0x8bb230aa0_0;
    %parti/s 7, 25, 6;
    %pushi/vec4 0, 0, 7;
    %cmp/e;
    %flag_get/vec4 4;
    %and;
T_64.103;
    %concat/vec4; draw_concat_vec4
    %load/vec4 v0x8bb230aa0_0;
    %parti/s 3, 12, 5;
    %cmpi/e 5, 0, 3;
    %flag_get/vec4 4;
    %jmp/0 T_64.104, 4;
    %load/vec4 v0x8bb230aa0_0;
    %parti/s 7, 25, 6;
    %pushi/vec4 32, 0, 7;
    %cmp/e;
    %flag_get/vec4 4;
    %and;
T_64.104;
    %concat/vec4; draw_concat_vec4
    %or/r;
    %and;
T_64.101;
    %assign/vec4 v0x8bb22f3e0_0, 0;
    %pushi/vec4 0, 0, 1;
    %assign/vec4 v0x8bb22f200_0, 0;
    %pushi/vec4 0, 0, 1;
    %assign/vec4 v0x8bb22eee0_0, 0;
    %pushi/vec4 1, 0, 1;
    %dup/vec4;
    %load/vec4 v0x8bb22d2c0_0;
    %cmp/u;
    %jmp/1 T_64.105, 6;
    %dup/vec4;
    %load/vec4 v0x8bb22d680_0;
    %load/vec4 v0x8bb22cc80_0;
    %concat/vec4; draw_concat_vec4
    %or/r;
    %cmp/u;
    %jmp/1 T_64.106, 6;
    %dup/vec4;
    %load/vec4 v0x8bb22d360_0;
    %load/vec4 v0x8bb22f020_0;
    %concat/vec4; draw_concat_vec4
    %load/vec4 v0x8bb22ed00_0;
    %concat/vec4; draw_concat_vec4
    %or/r;
    %cmp/u;
    %jmp/1 T_64.107, 6;
    %dup/vec4;
    %load/vec4 v0x8bb22ee40_0;
    %cmp/u;
    %jmp/1 T_64.108, 6;
    %dup/vec4;
    %load/vec4 v0x8bb22f340_0;
    %cmp/u;
    %jmp/1 T_64.109, 6;
    %pushi/vec4 1, 1, 32;
    %assign/vec4 v0x8bb22c280_0, 0;
    %jmp T_64.111;
T_64.105 ;
    %load/vec4 v0x8bb22c320_0;
    %assign/vec4 v0x8bb22c280_0, 0;
    %jmp T_64.111;
T_64.106 ;
    %load/vec4 v0x8bb230aa0_0;
    %parti/s 20, 12, 5;
    %pad/u 32;
    %ix/load 4, 12, 0;
    %flag_set/imm 4, 0;
    %shiftl 4;
    %assign/vec4 v0x8bb22c280_0, 0;
    %jmp T_64.111;
T_64.107 ;
    %load/vec4 v0x8bb230aa0_0;
    %parti/s 12, 20, 6;
    %pad/s 32;
    %assign/vec4 v0x8bb22c280_0, 0;
    %jmp T_64.111;
T_64.108 ;
    %load/vec4 v0x8bb230aa0_0;
    %parti/s 1, 31, 6;
    %load/vec4 v0x8bb230aa0_0;
    %parti/s 1, 7, 4;
    %concat/vec4; draw_concat_vec4
    %load/vec4 v0x8bb230aa0_0;
    %parti/s 6, 25, 6;
    %concat/vec4; draw_concat_vec4
    %load/vec4 v0x8bb230aa0_0;
    %parti/s 4, 8, 5;
    %concat/vec4; draw_concat_vec4
    %concati/vec4 0, 0, 1;
    %pad/s 32;
    %assign/vec4 v0x8bb22c280_0, 0;
    %jmp T_64.111;
T_64.109 ;
    %load/vec4 v0x8bb230aa0_0;
    %parti/s 7, 25, 6;
    %load/vec4 v0x8bb230aa0_0;
    %parti/s 5, 7, 4;
    %concat/vec4; draw_concat_vec4
    %pad/s 32;
    %assign/vec4 v0x8bb22c280_0, 0;
    %jmp T_64.111;
T_64.111 ;
    %pop/vec4 1;
T_64.17 ;
    %load/vec4 v0x8bb232800_0;
    %nor/r;
    %flag_set/vec4 8;
    %jmp/0xz  T_64.112, 8;
    %pushi/vec4 0, 0, 1;
    %assign/vec4 v0x8bb22ee40_0, 0;
    %pushi/vec4 0, 0, 1;
    %assign/vec4 v0x8bb22eee0_0, 0;
    %pushi/vec4 0, 0, 1;
    %assign/vec4 v0x8bb22cd20_0, 0;
    %pushi/vec4 0, 0, 1;
    %assign/vec4 v0x8bb22d040_0, 0;
    %pushi/vec4 0, 0, 1;
    %assign/vec4 v0x8bb22cf00_0, 0;
    %pushi/vec4 0, 0, 1;
    %assign/vec4 v0x8bb22cdc0_0, 0;
    %pushi/vec4 0, 0, 1;
    %assign/vec4 v0x8bb22cfa0_0, 0;
    %pushi/vec4 0, 0, 1;
    %assign/vec4 v0x8bb22ce60_0, 0;
    %pushi/vec4 0, 0, 1;
    %assign/vec4 v0x8bb22caa0_0, 0;
    %pushi/vec4 0, 0, 1;
    %assign/vec4 v0x8bb22e080_0, 0;
    %pushi/vec4 0, 0, 1;
    %assign/vec4 v0x8bb22e120_0, 0;
    %pushi/vec4 0, 0, 1;
    %assign/vec4 v0x8bb22e8a0_0, 0;
    %pushi/vec4 0, 0, 1;
    %assign/vec4 v0x8bb22d900_0, 0;
    %pushi/vec4 0, 0, 1;
    %assign/vec4 v0x8bb22cbe0_0, 0;
    %pushi/vec4 0, 0, 1;
    %assign/vec4 v0x8bb22ca00_0, 0;
    %pushi/vec4 0, 0, 1;
    %assign/vec4 v0x8bb22e4e0_0, 0;
    %pushi/vec4 0, 0, 1;
    %assign/vec4 v0x8bb22dea0_0, 0;
    %pushi/vec4 0, 0, 1;
    %assign/vec4 v0x8bb22dfe0_0, 0;
    %pushi/vec4 0, 0, 1;
    %assign/vec4 v0x8bb22e1c0_0, 0;
    %pushi/vec4 0, 0, 1;
    %assign/vec4 v0x8bb22e800_0, 0;
    %pushi/vec4 0, 0, 1;
    %assign/vec4 v0x8bb22e3a0_0, 0;
    %pushi/vec4 0, 0, 1;
    %assign/vec4 v0x8bb22e260_0, 0;
    %pushi/vec4 0, 0, 1;
    %assign/vec4 v0x8bb22d860_0, 0;
    %pushi/vec4 0, 0, 1;
    %assign/vec4 v0x8bb22cb40_0, 0;
    %pushi/vec4 0, 0, 1;
    %assign/vec4 v0x8bb22d180_0, 0;
T_64.112 ;
    %jmp T_64;
    .thread T_64;
    .scope S_0x8bae20f00;
T_65 ;
    %wait E_0x8bb1e4dc0;
    %pushi/vec4 0, 0, 32; draw_string_vec4
    %pushi/vec4 0, 0, 32; draw_string_vec4
    %concat/vec4; draw_string_vec4
    %pushi/vec4 0, 0, 32; draw_string_vec4
    %concat/vec4; draw_string_vec4
    %pushi/vec4 0, 0, 32; draw_string_vec4
    %concat/vec4; draw_string_vec4
    %store/vec4 v0x8bb2275c0_0, 0, 128;
    %load/vec4 v0x8bb2270c0_0;
    %cmpi/e 128, 0, 8;
    %jmp/0xz  T_65.0, 4;
    %pushi/vec4 0, 0, 32; draw_string_vec4
    %pushi/vec4 0, 0, 32; draw_string_vec4
    %concat/vec4; draw_string_vec4
    %pushi/vec4 0, 0, 32; draw_string_vec4
    %concat/vec4; draw_string_vec4
    %pushi/vec4 1953653104, 0, 32; draw_string_vec4
    %concat/vec4; draw_string_vec4
    %store/vec4 v0x8bb2275c0_0, 0, 128;
T_65.0 ;
    %load/vec4 v0x8bb2270c0_0;
    %cmpi/e 64, 0, 8;
    %jmp/0xz  T_65.2, 4;
    %pushi/vec4 0, 0, 32; draw_string_vec4
    %pushi/vec4 0, 0, 32; draw_string_vec4
    %concat/vec4; draw_string_vec4
    %pushi/vec4 102, 0, 32; draw_string_vec4
    %concat/vec4; draw_string_vec4
    %pushi/vec4 1702126440, 0, 32; draw_string_vec4
    %concat/vec4; draw_string_vec4
    %store/vec4 v0x8bb2275c0_0, 0, 128;
T_65.2 ;
    %load/vec4 v0x8bb2270c0_0;
    %cmpi/e 32, 0, 8;
    %jmp/0xz  T_65.4, 4;
    %pushi/vec4 0, 0, 32; draw_string_vec4
    %pushi/vec4 0, 0, 32; draw_string_vec4
    %concat/vec4; draw_string_vec4
    %pushi/vec4 27748, 0, 32; draw_string_vec4
    %concat/vec4; draw_string_vec4
    %pushi/vec4 1601336113, 0, 32; draw_string_vec4
    %concat/vec4; draw_string_vec4
    %store/vec4 v0x8bb2275c0_0, 0, 128;
T_65.4 ;
    %load/vec4 v0x8bb2270c0_0;
    %cmpi/e 16, 0, 8;
    %jmp/0xz  T_65.6, 4;
    %pushi/vec4 0, 0, 32; draw_string_vec4
    %pushi/vec4 0, 0, 32; draw_string_vec4
    %concat/vec4; draw_string_vec4
    %pushi/vec4 27748, 0, 32; draw_string_vec4
    %concat/vec4; draw_string_vec4
    %pushi/vec4 1601336114, 0, 32; draw_string_vec4
    %concat/vec4; draw_string_vec4
    %store/vec4 v0x8bb2275c0_0, 0, 128;
T_65.6 ;
    %load/vec4 v0x8bb2270c0_0;
    %cmpi/e 8, 0, 8;
    %jmp/0xz  T_65.8, 4;
    %pushi/vec4 0, 0, 32; draw_string_vec4
    %pushi/vec4 0, 0, 32; draw_string_vec4
    %concat/vec4; draw_string_vec4
    %pushi/vec4 0, 0, 32; draw_string_vec4
    %concat/vec4; draw_string_vec4
    %pushi/vec4 1702389091, 0, 32; draw_string_vec4
    %concat/vec4; draw_string_vec4
    %store/vec4 v0x8bb2275c0_0, 0, 128;
T_65.8 ;
    %load/vec4 v0x8bb2270c0_0;
    %cmpi/e 4, 0, 8;
    %jmp/0xz  T_65.10, 4;
    %pushi/vec4 0, 0, 32; draw_string_vec4
    %pushi/vec4 0, 0, 32; draw_string_vec4
    %concat/vec4; draw_string_vec4
    %pushi/vec4 115, 0, 32; draw_string_vec4
    %concat/vec4; draw_string_vec4
    %pushi/vec4 1751737972, 0, 32; draw_string_vec4
    %concat/vec4; draw_string_vec4
    %store/vec4 v0x8bb2275c0_0, 0, 128;
T_65.10 ;
    %load/vec4 v0x8bb2270c0_0;
    %cmpi/e 2, 0, 8;
    %jmp/0xz  T_65.12, 4;
    %pushi/vec4 0, 0, 32; draw_string_vec4
    %pushi/vec4 0, 0, 32; draw_string_vec4
    %concat/vec4; draw_string_vec4
    %pushi/vec4 115, 0, 32; draw_string_vec4
    %concat/vec4; draw_string_vec4
    %pushi/vec4 1953326445, 0, 32; draw_string_vec4
    %concat/vec4; draw_string_vec4
    %store/vec4 v0x8bb2275c0_0, 0, 128;
T_65.12 ;
    %load/vec4 v0x8bb2270c0_0;
    %cmpi/e 1, 0, 8;
    %jmp/0xz  T_65.14, 4;
    %pushi/vec4 0, 0, 32; draw_string_vec4
    %pushi/vec4 0, 0, 32; draw_string_vec4
    %concat/vec4; draw_string_vec4
    %pushi/vec4 108, 0, 32; draw_string_vec4
    %concat/vec4; draw_string_vec4
    %pushi/vec4 1684890989, 0, 32; draw_string_vec4
    %concat/vec4; draw_string_vec4
    %store/vec4 v0x8bb2275c0_0, 0, 128;
T_65.14 ;
    %jmp T_65;
    .thread T_65, $push;
    .scope S_0x8bae20f00;
T_66 ;
    %wait E_0x8bb1e4d80;
    %pushi/vec4 1, 1, 1;
    %store/vec4 v0x8bb2264e0_0, 0, 1;
    %pushi/vec4 1, 0, 1;
    %dup/vec4;
    %load/vec4 v0x8bb22cd20_0;
    %cmp/u;
    %jmp/1 T_66.0, 6;
    %dup/vec4;
    %load/vec4 v0x8bb22d040_0;
    %cmp/u;
    %jmp/1 T_66.1, 6;
    %dup/vec4;
    %load/vec4 v0x8bb22cdc0_0;
    %cmp/u;
    %jmp/1 T_66.2, 6;
    %dup/vec4;
    %load/vec4 v0x8bb22ce60_0;
    %cmp/u;
    %jmp/1 T_66.3, 6;
    %dup/vec4;
    %load/vec4 v0x8bb22f520_0;
    %flag_set/vec4 8;
    %flag_get/vec4 8;
    %jmp/0 T_66.7, 8;
    %pushi/vec4 1, 0, 1;
    %and;
T_66.7;
    %cmp/u;
    %jmp/1 T_66.4, 6;
    %dup/vec4;
    %load/vec4 v0x8bb22f5c0_0;
    %flag_set/vec4 8;
    %flag_get/vec4 8;
    %jmp/0 T_66.8, 8;
    %pushi/vec4 1, 0, 1;
    %and;
T_66.8;
    %cmp/u;
    %jmp/1 T_66.5, 6;
    %jmp T_66.6;
T_66.0 ;
    %load/vec4 v0x8bb226260_0;
    %store/vec4 v0x8bb2264e0_0, 0, 1;
    %jmp T_66.6;
T_66.1 ;
    %load/vec4 v0x8bb226260_0;
    %nor/r;
    %store/vec4 v0x8bb2264e0_0, 0, 1;
    %jmp T_66.6;
T_66.2 ;
    %load/vec4 v0x8bb226300_0;
    %nor/r;
    %store/vec4 v0x8bb2264e0_0, 0, 1;
    %jmp T_66.6;
T_66.3 ;
    %load/vec4 v0x8bb2263a0_0;
    %nor/r;
    %store/vec4 v0x8bb2264e0_0, 0, 1;
    %jmp T_66.6;
T_66.4 ;
    %load/vec4 v0x8bb226300_0;
    %store/vec4 v0x8bb2264e0_0, 0, 1;
    %jmp T_66.6;
T_66.5 ;
    %load/vec4 v0x8bb2263a0_0;
    %store/vec4 v0x8bb2264e0_0, 0, 1;
    %jmp T_66.6;
T_66.6 ;
    %pop/vec4 1;
    %pushi/vec4 4294967295, 4294967295, 32;
    %store/vec4 v0x8bb226440_0, 0, 32;
    %pushi/vec4 1, 0, 1;
    %dup/vec4;
    %load/vec4 v0x8bb22f200_0;
    %cmp/u;
    %jmp/1 T_66.9, 6;
    %dup/vec4;
    %load/vec4 v0x8bb22eee0_0;
    %cmp/u;
    %jmp/1 T_66.10, 6;
    %dup/vec4;
    %load/vec4 v0x8bb22e8a0_0;
    %flag_set/vec4 8;
    %flag_get/vec4 8;
    %jmp/1 T_66.17, 8;
    %load/vec4 v0x8bb22e800_0;
    %or;
T_66.17;
    %cmp/u;
    %jmp/1 T_66.11, 6;
    %dup/vec4;
    %load/vec4 v0x8bb22d900_0;
    %flag_set/vec4 8;
    %flag_get/vec4 8;
    %jmp/1 T_66.18, 8;
    %load/vec4 v0x8bb22d860_0;
    %or;
T_66.18;
    %cmp/u;
    %jmp/1 T_66.12, 6;
    %dup/vec4;
    %load/vec4 v0x8bb22cbe0_0;
    %flag_set/vec4 8;
    %flag_get/vec4 8;
    %jmp/1 T_66.19, 8;
    %load/vec4 v0x8bb22cb40_0;
    %or;
T_66.19;
    %cmp/u;
    %jmp/1 T_66.13, 6;
    %dup/vec4;
    %pushi/vec4 0, 0, 1;
    %cmp/u;
    %jmp/1 T_66.14, 6;
    %dup/vec4;
    %pushi/vec4 0, 0, 1;
    %cmp/u;
    %jmp/1 T_66.15, 6;
    %jmp T_66.16;
T_66.9 ;
    %load/vec4 v0x8bb2261c0_0;
    %store/vec4 v0x8bb226440_0, 0, 32;
    %jmp T_66.16;
T_66.10 ;
    %load/vec4 v0x8bb2264e0_0;
    %pad/u 32;
    %store/vec4 v0x8bb226440_0, 0, 32;
    %jmp T_66.16;
T_66.11 ;
    %load/vec4 v0x8bb2324e0_0;
    %load/vec4 v0x8bb232580_0;
    %xor;
    %store/vec4 v0x8bb226440_0, 0, 32;
    %jmp T_66.16;
T_66.12 ;
    %load/vec4 v0x8bb2324e0_0;
    %load/vec4 v0x8bb232580_0;
    %or;
    %store/vec4 v0x8bb226440_0, 0, 32;
    %jmp T_66.16;
T_66.13 ;
    %load/vec4 v0x8bb2324e0_0;
    %load/vec4 v0x8bb232580_0;
    %and;
    %store/vec4 v0x8bb226440_0, 0, 32;
    %jmp T_66.16;
T_66.14 ;
    %load/vec4 v0x8bb2266c0_0;
    %store/vec4 v0x8bb226440_0, 0, 32;
    %jmp T_66.16;
T_66.15 ;
    %load/vec4 v0x8bb226760_0;
    %store/vec4 v0x8bb226440_0, 0, 32;
    %jmp T_66.16;
T_66.16 ;
    %pop/vec4 1;
    %jmp T_66;
    .thread T_66, $push;
    .scope S_0x8bae20f00;
T_67 ;
    %wait E_0x8bb1e4c80;
    %load/vec4 v0x8bb226d00_0;
    %assign/vec4 v0x8bb226da0_0, 0;
    %jmp T_67;
    .thread T_67;
    .scope S_0x8bae20f00;
T_68 ;
    %wait E_0x8bb1e4d40;
    %load/vec4 v0x8bb226da0_0;
    %store/vec4 v0x8bb226d00_0, 0, 1;
    %load/vec4 v0x8bb231fe0_0;
    %nor/r;
    %flag_set/vec4 8;
    %jmp/0xz  T_68.0, 8;
    %pushi/vec4 0, 0, 1;
    %store/vec4 v0x8bb226d00_0, 0, 1;
T_68.0 ;
    %load/vec4 v0x8bb22f700_0;
    %flag_set/vec4 8;
    %jmp/1 T_68.5, 8;
    %load/vec4 v0x8bb22ec60_0;
    %cmpi/ne 0, 0, 2;
    %flag_or 8, 4;
T_68.5;
    %jmp/1 T_68.4, 8;
    %load/vec4 v0x8bb232800_0;
    %nor/r;
    %flag_set/vec4 9;
    %flag_or 8, 9;
T_68.4;
    %jmp/0xz  T_68.2, 8;
    %pushi/vec4 0, 0, 1;
    %store/vec4 v0x8bb226d00_0, 0, 1;
T_68.2 ;
    %jmp T_68;
    .thread T_68, $push;
    .scope S_0x8bae20f00;
T_69 ;
    %wait E_0x8bb1e4d00;
    %pushi/vec4 0, 0, 1;
    %store/vec4 v0x8bb2273e0_0, 0, 1;
    %pushi/vec4 4294967295, 4294967295, 32;
    %store/vec4 v0x8bb227340_0, 0, 32;
    %load/vec4 v0x8bb2270c0_0;
    %cmpi/e 64, 0, 8;
    %jmp/0xz  T_69.0, 4;
    %pushi/vec4 1, 0, 1;
    %dup/vec4;
    %load/vec4 v0x8bb22f700_0;
    %cmp/u;
    %jmp/1 T_69.2, 6;
    %dup/vec4;
    %load/vec4 v0x8bb22fb60_0;
    %flag_set/vec4 8;
    %flag_get/vec4 8;
    %jmp/0 T_69.7, 8;
    %load/vec4 v0x8bb22f700_0;
    %nor/r;
    %and;
T_69.7;
    %cmp/u;
    %jmp/1 T_69.3, 6;
    %dup/vec4;
    %pushi/vec4 0, 0, 1;
    %cmp/u;
    %jmp/1 T_69.4, 6;
    %dup/vec4;
    %pushi/vec4 0, 0, 1;
    %cmp/u;
    %jmp/1 T_69.5, 6;
    %jmp T_69.6;
T_69.2 ;
    %load/vec4 v0x8bb2326c0_0;
    %load/vec4 v0x8bb22f7a0_0;
    %flag_set/vec4 8;
    %jmp/0 T_69.8, 8;
    %pushi/vec4 2, 0, 32;
    %jmp/1 T_69.9, 8;
T_69.8 ; End of true expr.
    %pushi/vec4 4, 0, 32;
    %jmp/0 T_69.9, 8;
 ; End of false expr.
    %blend;
T_69.9;
    %add;
    %store/vec4 v0x8bb227340_0, 0, 32;
    %pushi/vec4 1, 0, 1;
    %store/vec4 v0x8bb2273e0_0, 0, 1;
    %jmp T_69.6;
T_69.3 ;
    %load/vec4 v0x8bb22fac0_0;
    %flag_set/vec4 8;
    %jmp/0 T_69.10, 8;
    %load/vec4 v0x8bb226620_0;
    %jmp/1 T_69.11, 8;
T_69.10 ; End of true expr.
    %load/vec4 v0x8bb232620_0;
    %jmp/0 T_69.11, 8;
 ; End of false expr.
    %blend;
T_69.11;
    %store/vec4 v0x8bb227340_0, 0, 32;
    %pushi/vec4 1, 0, 1;
    %store/vec4 v0x8bb2273e0_0, 0, 1;
    %jmp T_69.6;
T_69.4 ;
    %load/vec4 v0x8bb232440_0;
    %load/vec4 v0x8bb22f7a0_0;
    %pad/u 32;
    %or;
    %store/vec4 v0x8bb227340_0, 0, 32;
    %pushi/vec4 1, 0, 1;
    %store/vec4 v0x8bb2273e0_0, 0, 1;
    %jmp T_69.6;
T_69.5 ;
    %load/vec4 v0x8bb22ebc0_0;
    %load/vec4 v0x8bb22eb20_0;
    %inv;
    %and;
    %store/vec4 v0x8bb227340_0, 0, 32;
    %pushi/vec4 1, 0, 1;
    %store/vec4 v0x8bb2273e0_0, 0, 1;
    %jmp T_69.6;
T_69.6 ;
    %pop/vec4 1;
T_69.0 ;
    %jmp T_69;
    .thread T_69, $push;
    .scope S_0x8bae20f00;
T_70 ;
    %wait E_0x8bb1e4c80;
    %load/vec4 v0x8bb232800_0;
    %flag_set/vec4 10;
    %flag_get/vec4 10;
    %jmp/0 T_70.3, 10;
    %load/vec4 v0x8bb2273e0_0;
    %and;
T_70.3;
    %flag_set/vec4 9;
    %flag_get/vec4 9;
    %jmp/0 T_70.2, 9;
    %load/vec4 v0x8bb22fa20_0;
    %pushi/vec4 0, 0, 5;
    %cmp/ne;
    %flag_get/vec4 4;
    %and;
T_70.2;
    %flag_set/vec4 8;
    %jmp/0xz  T_70.0, 8;
    %load/vec4 v0x8bb227340_0;
    %load/vec4 v0x8bb22fa20_0;
    %pad/u 7;
    %ix/vec4 3;
    %ix/load 4, 0, 0; Constant delay
    %assign/vec4/a/d v0x8bb227160, 0, 4;
T_70.0 ;
    %jmp T_70;
    .thread T_70;
    .scope S_0x8bae20f00;
T_71 ;
    %wait E_0x8bb1e4cc0;
    %pushi/vec4 31, 31, 5;
    %store/vec4 v0x8bb22c460_0, 0, 5;
    %load/vec4 v0x8bb22c500_0;
    %cmpi/ne 0, 0, 5;
    %flag_mov 8, 4;
    %jmp/0 T_71.0, 8;
    %load/vec4 v0x8bb22c500_0;
    %pad/u 7;
    %ix/vec4 4;
    %load/vec4a v0x8bb227160, 4;
    %jmp/1 T_71.1, 8;
T_71.0 ; End of true expr.
    %pushi/vec4 0, 0, 32;
    %jmp/0 T_71.1, 8;
 ; End of false expr.
    %blend;
T_71.1;
    %store/vec4 v0x8bb227200_0, 0, 32;
    %load/vec4 v0x8bb22c5a0_0;
    %cmpi/ne 0, 0, 5;
    %flag_mov 8, 4;
    %jmp/0 T_71.2, 8;
    %load/vec4 v0x8bb22c5a0_0;
    %pad/u 7;
    %ix/vec4 4;
    %load/vec4a v0x8bb227160, 4;
    %jmp/1 T_71.3, 8;
T_71.2 ; End of true expr.
    %pushi/vec4 0, 0, 32;
    %jmp/0 T_71.3, 8;
 ; End of false expr.
    %blend;
T_71.3;
    %store/vec4 v0x8bb2272a0_0, 0, 32;
    %jmp T_71;
    .thread T_71, $push;
    .scope S_0x8bae20f00;
T_72 ;
    %wait E_0x8bb1e4c80;
    %pushi/vec4 0, 0, 1;
    %assign/vec4 v0x8bb232c60_0, 0;
    %pushi/vec4 31, 31, 5;
    %assign/vec4 v0x8bb232760_0, 0;
    %pushi/vec4 4294967295, 4294967295, 32;
    %assign/vec4 v0x8bb232620_0, 0;
    %pushi/vec4 0, 0, 1;
    %store/vec4 v0x8bb232940_0, 0, 1;
    %pushi/vec4 0, 0, 1;
    %store/vec4 v0x8bb2328a0_0, 0, 1;
    %pushi/vec4 0, 0, 1;
    %store/vec4 v0x8bb2329e0_0, 0, 1;
    %load/vec4 v0x8bb2264e0_0;
    %assign/vec4 v0x8bb226580_0, 0;
    %load/vec4 v0x8bb226440_0;
    %assign/vec4 v0x8bb226620_0, 0;
    %pushi/vec4 0, 0, 1;
    %assign/vec4 v0x8bb226800_0, 0;
    %pushi/vec4 0, 0, 1;
    %assign/vec4 v0x8bb2268a0_0, 0;
    %load/vec4 v0x8bb22fca0_0;
    %flag_set/vec4 8;
    %jmp/0xz  T_72.0, 8;
    %pushi/vec4 4294967295, 4294967295, 32;
    %assign/vec4 v0x8bb227f20_0, 0;
    %pushi/vec4 4294967295, 4294967295, 32;
    %assign/vec4 v0x8bb22c0a0_0, 0;
    %pushi/vec4 0, 0, 1;
    %assign/vec4 v0x8bb22c000_0, 0;
    %pushi/vec4 0, 0, 1;
    %assign/vec4 v0x8bb22c140_0, 0;
T_72.0 ;
    %pushi/vec4 4294967295, 4294967295, 32;
    %concati/vec4 4294967295, 4294967295, 32;
    %assign/vec4 v0x8bb226f80_0, 0;
    %pushi/vec4 4294967295, 4294967295, 32;
    %concati/vec4 4294967295, 4294967295, 32;
    %assign/vec4 v0x8bb227020_0, 0;
    %pushi/vec4 4294967295, 4294967295, 32;
    %store/vec4 v0x8bb231180_0, 0, 32;
    %load/vec4 v0x8bb230000_0;
    %flag_set/vec4 8;
    %flag_get/vec4 8;
    %jmp/0 T_72.2, 8;
    %load/vec4 v0x8bb230140_0;
    %and;
T_72.2;
    %assign/vec4 v0x8bb22c780_0, 0;
    %load/vec4 v0x8bb22c780_0;
    %assign/vec4 v0x8bb22c820_0, 0;
    %pushi/vec4 0, 0, 1;
    %assign/vec4 v0x8bb22c640_0, 0;
    %load/vec4 v0x8bb22c640_0;
    %assign/vec4 v0x8bb22c6e0_0, 0;
    %pushi/vec4 0, 0, 1;
    %assign/vec4 v0x8bb22c8c0_0, 0;
    %pushi/vec4 0, 0, 1;
    %assign/vec4 v0x8bb232bc0_0, 0;
    %pushi/vec4 4294967295, 4294967295, 32;
    %concati/vec4 15, 15, 4;
    %assign/vec4 v0x8bb232b20_0, 0;
    %load/vec4 v0x8bb232800_0;
    %nor/r;
    %flag_set/vec4 8;
    %jmp/0xz  T_72.3, 8;
    %pushi/vec4 0, 0, 32;
    %assign/vec4 v0x8bb2326c0_0, 0;
    %pushi/vec4 0, 0, 32;
    %assign/vec4 v0x8bb232440_0, 0;
    %pushi/vec4 0, 0, 1;
    %assign/vec4 v0x8bb22fb60_0, 0;
    %pushi/vec4 0, 0, 1;
    %assign/vec4 v0x8bb22fac0_0, 0;
    %pushi/vec4 0, 0, 1;
    %assign/vec4 v0x8bb22f700_0, 0;
    %pushi/vec4 0, 0, 1;
    %assign/vec4 v0x8bb22fc00_0, 0;
    %pushi/vec4 0, 0, 1;
    %assign/vec4 v0x8bb22f980_0, 0;
    %pushi/vec4 0, 0, 1;
    %assign/vec4 v0x8bb22f8e0_0, 0;
    %pushi/vec4 0, 0, 1;
    %assign/vec4 v0x8bb22f840_0, 0;
    %pushi/vec4 0, 0, 1;
    %assign/vec4 v0x8bb231e00_0, 0;
    %pushi/vec4 0, 0, 1;
    %assign/vec4 v0x8bb231d60_0, 0;
    %pushi/vec4 0, 0, 1;
    %assign/vec4 v0x8bb22e9e0_0, 0;
    %pushi/vec4 0, 0, 1;
    %assign/vec4 v0x8bb22ea80_0, 0;
    %pushi/vec4 4294967295, 0, 32;
    %assign/vec4 v0x8bb22eb20_0, 0;
    %pushi/vec4 0, 0, 32;
    %store/vec4 v0x8bb231180_0, 0, 32;
    %pushi/vec4 0, 0, 2;
    %assign/vec4 v0x8bb22ec60_0, 0;
    %pushi/vec4 0, 0, 32;
    %assign/vec4 v0x8bb22c960_0, 0;
    %pushi/vec4 0, 0, 32;
    %assign/vec4 v0x8bb232a80_0, 0;
    %pushi/vec4 1, 0, 1;
    %assign/vec4 v0x8bb22fb60_0, 0;
    %pushi/vec4 2, 0, 5;
    %assign/vec4 v0x8bb22fa20_0, 0;
    %pushi/vec4 8176, 0, 32;
    %assign/vec4 v0x8bb232620_0, 0;
    %pushi/vec4 64, 0, 8;
    %assign/vec4 v0x8bb2270c0_0, 0;
    %jmp T_72.4;
T_72.3 ;
    %load/vec4 v0x8bb2270c0_0;
    %dup/vec4;
    %pushi/vec4 128, 0, 8;
    %cmp/u;
    %jmp/1 T_72.5, 6;
    %dup/vec4;
    %pushi/vec4 64, 0, 8;
    %cmp/u;
    %jmp/1 T_72.6, 6;
    %dup/vec4;
    %pushi/vec4 32, 0, 8;
    %cmp/u;
    %jmp/1 T_72.7, 6;
    %dup/vec4;
    %pushi/vec4 16, 0, 8;
    %cmp/u;
    %jmp/1 T_72.8, 6;
    %dup/vec4;
    %pushi/vec4 8, 0, 8;
    %cmp/u;
    %jmp/1 T_72.9, 6;
    %dup/vec4;
    %pushi/vec4 4, 0, 8;
    %cmp/u;
    %jmp/1 T_72.10, 6;
    %dup/vec4;
    %pushi/vec4 2, 0, 8;
    %cmp/u;
    %jmp/1 T_72.11, 6;
    %dup/vec4;
    %pushi/vec4 1, 0, 8;
    %cmp/u;
    %jmp/1 T_72.12, 6;
    %jmp T_72.13;
T_72.5 ;
    %pushi/vec4 1, 0, 1;
    %assign/vec4 v0x8bb232c60_0, 0;
    %jmp T_72.13;
T_72.6 ;
    %load/vec4 v0x8bb22c780_0;
    %nor/r;
    %flag_set/vec4 8;
    %flag_get/vec4 8;
    %jmp/0 T_72.14, 8;
    %load/vec4 v0x8bb22c8c0_0;
    %nor/r;
    %and;
T_72.14;
    %assign/vec4 v0x8bb230000_0, 0;
    %pushi/vec4 0, 0, 2;
    %assign/vec4 v0x8bb230e60_0, 0;
    %load/vec4 v0x8bb232440_0;
    %store/vec4 v0x8bb227480_0, 0, 32;
    %pushi/vec4 1, 0, 1;
    %dup/vec4;
    %load/vec4 v0x8bb22f700_0;
    %cmp/u;
    %jmp/1 T_72.15, 6;
    %dup/vec4;
    %load/vec4 v0x8bb22fb60_0;
    %flag_set/vec4 8;
    %flag_get/vec4 8;
    %jmp/0 T_72.20, 8;
    %load/vec4 v0x8bb22f700_0;
    %nor/r;
    %and;
T_72.20;
    %cmp/u;
    %jmp/1 T_72.16, 6;
    %dup/vec4;
    %pushi/vec4 0, 0, 1;
    %cmp/u;
    %jmp/1 T_72.17, 6;
    %dup/vec4;
    %pushi/vec4 0, 0, 1;
    %cmp/u;
    %jmp/1 T_72.18, 6;
    %jmp T_72.19;
T_72.15 ;
    %load/vec4 v0x8bb22fb60_0;
    %flag_set/vec4 8;
    %jmp/0 T_72.21, 8;
    %load/vec4 v0x8bb22fac0_0;
    %flag_set/vec4 9;
    %jmp/0 T_72.23, 9;
    %load/vec4 v0x8bb226620_0;
    %jmp/1 T_72.24, 9;
T_72.23 ; End of true expr.
    %load/vec4 v0x8bb232620_0;
    %jmp/0 T_72.24, 9;
 ; End of false expr.
    %blend;
T_72.24;
    %pushi/vec4 4294967294, 0, 32;
    %and;
    %jmp/1 T_72.22, 8;
T_72.21 ; End of true expr.
    %load/vec4 v0x8bb232440_0;
    %jmp/0 T_72.22, 8;
 ; End of false expr.
    %blend;
T_72.22;
    %store/vec4 v0x8bb227480_0, 0, 32;
    %jmp T_72.19;
T_72.16 ;
    %jmp T_72.19;
T_72.17 ;
    %pushi/vec4 16, 0, 32;
    %store/vec4 v0x8bb227480_0, 0, 32;
    %pushi/vec4 1, 0, 1;
    %assign/vec4 v0x8bb22e9e0_0, 0;
    %pushi/vec4 1, 0, 1;
    %assign/vec4 v0x8bb230000_0, 0;
    %jmp T_72.19;
T_72.18 ;
    %load/vec4 v0x8bb22ebc0_0;
    %load/vec4 v0x8bb22eb20_0;
    %inv;
    %and;
    %assign/vec4 v0x8bb22c960_0, 0;
    %load/vec4 v0x8bb231180_0;
    %load/vec4 v0x8bb22eb20_0;
    %and;
    %store/vec4 v0x8bb231180_0, 0, 32;
    %jmp T_72.19;
T_72.19 ;
    %pop/vec4 1;
    %load/vec4 v0x8bb227480_0;
    %assign/vec4 v0x8bb2326c0_0, 0;
    %load/vec4 v0x8bb227480_0;
    %assign/vec4 v0x8bb232440_0, 0;
    %pushi/vec4 0, 0, 1;
    %assign/vec4 v0x8bb22fb60_0, 0;
    %pushi/vec4 0, 0, 1;
    %assign/vec4 v0x8bb22fac0_0, 0;
    %pushi/vec4 0, 0, 1;
    %assign/vec4 v0x8bb22f700_0, 0;
    %pushi/vec4 0, 0, 1;
    %assign/vec4 v0x8bb22f980_0, 0;
    %pushi/vec4 0, 0, 1;
    %assign/vec4 v0x8bb22f8e0_0, 0;
    %pushi/vec4 0, 0, 1;
    %assign/vec4 v0x8bb22f840_0, 0;
    %load/vec4 v0x8bb22c3c0_0;
    %assign/vec4 v0x8bb22fa20_0, 0;
    %load/vec4 v0x8bb226ee0_0;
    %assign/vec4 v0x8bb22f7a0_0, 0;
    %load/vec4 v0x8bb22c780_0;
    %flag_set/vec4 8;
    %jmp/0xz  T_72.25, 8;
    %load/vec4 v0x8bb22e9e0_0;
    %assign/vec4 v0x8bb22ea80_0, 0;
    %load/vec4 v0x8bb227480_0;
    %load/vec4 v0x8bb226ee0_0;
    %flag_set/vec4 8;
    %jmp/0 T_72.27, 8;
    %pushi/vec4 2, 0, 32;
    %jmp/1 T_72.28, 8;
T_72.27 ; End of true expr.
    %pushi/vec4 4, 0, 32;
    %jmp/0 T_72.28, 8;
 ; End of false expr.
    %blend;
T_72.28;
    %add;
    %assign/vec4 v0x8bb232440_0, 0;
    %load/vec4 v0x8bb22d2c0_0;
    %flag_set/vec4 8;
    %jmp/0xz  T_72.29, 8;
    %pushi/vec4 1, 0, 1;
    %assign/vec4 v0x8bb230000_0, 0;
    %load/vec4 v0x8bb227480_0;
    %load/vec4 v0x8bb22c320_0;
    %add;
    %assign/vec4 v0x8bb232440_0, 0;
    %pushi/vec4 1, 0, 1;
    %assign/vec4 v0x8bb22f700_0, 0;
    %jmp T_72.30;
T_72.29 ;
    %pushi/vec4 0, 0, 1;
    %assign/vec4 v0x8bb230000_0, 0;
    %load/vec4 v0x8bb22d360_0;
    %nor/r;
    %flag_set/vec4 8;
    %flag_get/vec4 8;
    %jmp/0 T_72.31, 8;
    %load/vec4 v0x8bb22dc20_0;
    %nor/r;
    %and;
T_72.31;
    %assign/vec4 v0x8bb22fe80_0, 0;
    %pushi/vec4 32, 0, 8;
    %assign/vec4 v0x8bb2270c0_0, 0;
T_72.30 ;
T_72.25 ;
    %jmp T_72.13;
T_72.7 ;
    %pushi/vec4 4294967295, 4294967295, 32;
    %assign/vec4 v0x8bb2324e0_0, 0;
    %pushi/vec4 4294967295, 4294967295, 32;
    %assign/vec4 v0x8bb232580_0, 0;
    %pushi/vec4 1, 0, 1;
    %dup/vec4;
    %pushi/vec4 1, 0, 1;
    %flag_set/vec4 8;
    %flag_get/vec4 8;
    %jmp/0 T_72.46, 8;
    %load/vec4 v0x8bb22e6c0_0;
    %and;
T_72.46;
    %cmp/u;
    %jmp/1 T_72.32, 6;
    %dup/vec4;
    %pushi/vec4 0, 0, 1;
    %cmp/u;
    %jmp/1 T_72.33, 6;
    %dup/vec4;
    %load/vec4 v0x8bb22f160_0;
    %cmp/u;
    %jmp/1 T_72.34, 6;
    %dup/vec4;
    %pushi/vec4 0, 0, 1;
    %cmp/u;
    %jmp/1 T_72.35, 6;
    %dup/vec4;
    %pushi/vec4 0, 0, 1;
    %cmp/u;
    %jmp/1 T_72.36, 6;
    %dup/vec4;
    %pushi/vec4 0, 0, 1;
    %cmp/u;
    %jmp/1 T_72.37, 6;
    %dup/vec4;
    %pushi/vec4 0, 0, 1;
    %cmp/u;
    %jmp/1 T_72.38, 6;
    %dup/vec4;
    %pushi/vec4 0, 0, 1;
    %cmp/u;
    %jmp/1 T_72.39, 6;
    %dup/vec4;
    %load/vec4 v0x8bb22f020_0;
    %flag_set/vec4 8;
    %flag_get/vec4 8;
    %jmp/0 T_72.47, 8;
    %load/vec4 v0x8bb22e6c0_0;
    %nor/r;
    %and;
T_72.47;
    %cmp/u;
    %jmp/1 T_72.40, 6;
    %dup/vec4;
    %load/vec4 v0x8bb22f480_0;
    %flag_set/vec4 8;
    %flag_get/vec4 8;
    %jmp/0 T_72.48, 8;
    %pushi/vec4 1, 0, 1;
    %and;
T_72.48;
    %cmp/u;
    %jmp/1 T_72.41, 6;
    %dup/vec4;
    %load/vec4 v0x8bb22ef80_0;
    %cmp/u;
    %jmp/1 T_72.42, 6;
    %dup/vec4;
    %load/vec4 v0x8bb22f480_0;
    %flag_set/vec4 8;
    %flag_get/vec4 8;
    %jmp/0 T_72.49, 8;
    %pushi/vec4 0, 0, 1;
    %and;
T_72.49;
    %cmp/u;
    %jmp/1 T_72.43, 6;
    %load/vec4 v0x8bb227200_0;
    %assign/vec4 v0x8bb2324e0_0, 0;
    %load/vec4 v0x8bb227200_0;
    %assign/vec4 v0x8bb227f20_0, 0;
    %pushi/vec4 1, 0, 1;
    %assign/vec4 v0x8bb22c000_0, 0;
    %load/vec4 v0x8bb2272a0_0;
    %pad/u 5;
    %assign/vec4 v0x8bb232760_0, 0;
    %load/vec4 v0x8bb2272a0_0;
    %assign/vec4 v0x8bb232580_0, 0;
    %load/vec4 v0x8bb2272a0_0;
    %assign/vec4 v0x8bb22c0a0_0, 0;
    %pushi/vec4 1, 0, 1;
    %assign/vec4 v0x8bb22c140_0, 0;
    %pushi/vec4 1, 0, 1;
    %dup/vec4;
    %load/vec4 v0x8bb22f340_0;
    %cmp/u;
    %jmp/1 T_72.50, 6;
    %dup/vec4;
    %load/vec4 v0x8bb22f3e0_0;
    %flag_set/vec4 8;
    %flag_get/vec4 8;
    %jmp/0 T_72.54, 8;
    %pushi/vec4 1, 0, 1;
    %and;
T_72.54;
    %cmp/u;
    %jmp/1 T_72.51, 6;
    %load/vec4 v0x8bb22fe80_0;
    %assign/vec4 v0x8bb230000_0, 0;
    %pushi/vec4 8, 0, 8;
    %assign/vec4 v0x8bb2270c0_0, 0;
    %jmp T_72.53;
T_72.50 ;
    %pushi/vec4 2, 0, 8;
    %assign/vec4 v0x8bb2270c0_0, 0;
    %pushi/vec4 1, 0, 1;
    %assign/vec4 v0x8bb230000_0, 0;
    %jmp T_72.53;
T_72.51 ;
    %pushi/vec4 4, 0, 8;
    %assign/vec4 v0x8bb2270c0_0, 0;
    %jmp T_72.53;
T_72.53 ;
    %pop/vec4 1;
    %jmp T_72.45;
T_72.32 ;
    %pushi/vec4 128, 0, 8;
    %assign/vec4 v0x8bb2270c0_0, 0;
    %jmp T_72.45;
T_72.33 ;
    %pushi/vec4 1, 0, 1;
    %dup/vec4;
    %load/vec4 v0x8bb22d9a0_0;
    %cmp/u;
    %jmp/1 T_72.55, 6;
    %dup/vec4;
    %load/vec4 v0x8bb22da40_0;
    %flag_set/vec4 8;
    %flag_get/vec4 8;
    %jmp/0 T_72.60, 8;
    %pushi/vec4 0, 0, 1;
    %and;
T_72.60;
    %cmp/u;
    %jmp/1 T_72.56, 6;
    %dup/vec4;
    %load/vec4 v0x8bb22dae0_0;
    %cmp/u;
    %jmp/1 T_72.57, 6;
    %dup/vec4;
    %load/vec4 v0x8bb22db80_0;
    %flag_set/vec4 8;
    %flag_get/vec4 8;
    %jmp/0 T_72.61, 8;
    %pushi/vec4 0, 0, 1;
    %and;
T_72.61;
    %cmp/u;
    %jmp/1 T_72.58, 6;
    %jmp T_72.59;
T_72.55 ;
    %load/vec4 v0x8bb226f80_0;
    %parti/s 32, 0, 2;
    %assign/vec4 v0x8bb232620_0, 0;
    %jmp T_72.59;
T_72.56 ;
    %load/vec4 v0x8bb226f80_0;
    %parti/s 32, 32, 7;
    %assign/vec4 v0x8bb232620_0, 0;
    %jmp T_72.59;
T_72.57 ;
    %load/vec4 v0x8bb227020_0;
    %parti/s 32, 0, 2;
    %assign/vec4 v0x8bb232620_0, 0;
    %jmp T_72.59;
T_72.58 ;
    %load/vec4 v0x8bb227020_0;
    %parti/s 32, 32, 7;
    %assign/vec4 v0x8bb232620_0, 0;
    %jmp T_72.59;
T_72.59 ;
    %pop/vec4 1;
    %pushi/vec4 1, 0, 1;
    %assign/vec4 v0x8bb22fb60_0, 0;
    %pushi/vec4 64, 0, 8;
    %assign/vec4 v0x8bb2270c0_0, 0;
    %jmp T_72.45;
T_72.34 ;
    %load/vec4 v0x8bb22d680_0;
    %flag_set/vec4 8;
    %jmp/0 T_72.62, 8;
    %pushi/vec4 0, 0, 32;
    %jmp/1 T_72.63, 8;
T_72.62 ; End of true expr.
    %load/vec4 v0x8bb2326c0_0;
    %jmp/0 T_72.63, 8;
 ; End of false expr.
    %blend;
T_72.63;
    %assign/vec4 v0x8bb2324e0_0, 0;
    %load/vec4 v0x8bb22c280_0;
    %assign/vec4 v0x8bb232580_0, 0;
    %load/vec4 v0x8bb22fe80_0;
    %assign/vec4 v0x8bb230000_0, 0;
    %pushi/vec4 8, 0, 8;
    %assign/vec4 v0x8bb2270c0_0, 0;
    %jmp T_72.45;
T_72.35 ;
    %load/vec4 v0x8bb227200_0;
    %assign/vec4 v0x8bb232620_0, 0;
    %load/vec4 v0x8bb227200_0;
    %assign/vec4 v0x8bb227f20_0, 0;
    %pushi/vec4 1, 0, 1;
    %assign/vec4 v0x8bb22c000_0, 0;
    %pushi/vec4 1, 0, 1;
    %assign/vec4 v0x8bb22fb60_0, 0;
    %pushi/vec4 64, 0, 8;
    %assign/vec4 v0x8bb2270c0_0, 0;
    %jmp T_72.45;
T_72.36 ;
    %load/vec4 v0x8bb227200_0;
    %assign/vec4 v0x8bb232620_0, 0;
    %load/vec4 v0x8bb227200_0;
    %assign/vec4 v0x8bb227f20_0, 0;
    %pushi/vec4 1, 0, 1;
    %assign/vec4 v0x8bb22c000_0, 0;
    %load/vec4 v0x8bb22fa20_0;
    %pad/u 32;
    %pushi/vec4 32, 0, 32;
    %or;
    %pad/u 5;
    %assign/vec4 v0x8bb22fa20_0, 0;
    %pushi/vec4 1, 0, 1;
    %assign/vec4 v0x8bb22fb60_0, 0;
    %pushi/vec4 64, 0, 8;
    %assign/vec4 v0x8bb2270c0_0, 0;
    %jmp T_72.45;
T_72.37 ;
    %pushi/vec4 0, 0, 32;
    %assign/vec4 v0x8bb22c960_0, 0;
    %pushi/vec4 0, 0, 1;
    %assign/vec4 v0x8bb22e9e0_0, 0;
    %pushi/vec4 1, 0, 1;
    %assign/vec4 v0x8bb22f700_0, 0;
    %pushi/vec4 1, 0, 1;
    %assign/vec4 v0x8bb22fb60_0, 0;
    %load/vec4 v0x8bb227200_0;
    %pushi/vec4 4294967294, 0, 32;
    %and;
    %assign/vec4 v0x8bb232620_0, 0;
    %load/vec4 v0x8bb227200_0;
    %assign/vec4 v0x8bb227f20_0, 0;
    %pushi/vec4 1, 0, 1;
    %assign/vec4 v0x8bb22c000_0, 0;
    %pushi/vec4 64, 0, 8;
    %assign/vec4 v0x8bb2270c0_0, 0;
    %jmp T_72.45;
T_72.38 ;
    %pushi/vec4 1, 0, 1;
    %assign/vec4 v0x8bb22fb60_0, 0;
    %load/vec4 v0x8bb22eb20_0;
    %assign/vec4 v0x8bb232620_0, 0;
    %load/vec4 v0x8bb227200_0;
    %pushi/vec4 0, 0, 32;
    %or;
    %assign/vec4 v0x8bb22eb20_0, 0;
    %load/vec4 v0x8bb227200_0;
    %assign/vec4 v0x8bb227f20_0, 0;
    %pushi/vec4 1, 0, 1;
    %assign/vec4 v0x8bb22c000_0, 0;
    %pushi/vec4 64, 0, 8;
    %assign/vec4 v0x8bb2270c0_0, 0;
    %jmp T_72.45;
T_72.39 ;
    %pushi/vec4 1, 0, 1;
    %assign/vec4 v0x8bb22fb60_0, 0;
    %load/vec4 v0x8bb232a80_0;
    %assign/vec4 v0x8bb232620_0, 0;
    %load/vec4 v0x8bb227200_0;
    %assign/vec4 v0x8bb232a80_0, 0;
    %load/vec4 v0x8bb227200_0;
    %assign/vec4 v0x8bb227f20_0, 0;
    %pushi/vec4 1, 0, 1;
    %assign/vec4 v0x8bb22c000_0, 0;
    %pushi/vec4 64, 0, 8;
    %assign/vec4 v0x8bb2270c0_0, 0;
    %jmp T_72.45;
T_72.40 ;
    %load/vec4 v0x8bb227200_0;
    %assign/vec4 v0x8bb2324e0_0, 0;
    %load/vec4 v0x8bb227200_0;
    %assign/vec4 v0x8bb227f20_0, 0;
    %pushi/vec4 1, 0, 1;
    %assign/vec4 v0x8bb22c000_0, 0;
    %pushi/vec4 1, 0, 8;
    %assign/vec4 v0x8bb2270c0_0, 0;
    %pushi/vec4 1, 0, 1;
    %assign/vec4 v0x8bb230000_0, 0;
    %jmp T_72.45;
T_72.41 ;
    %load/vec4 v0x8bb227200_0;
    %assign/vec4 v0x8bb2324e0_0, 0;
    %load/vec4 v0x8bb227200_0;
    %assign/vec4 v0x8bb227f20_0, 0;
    %pushi/vec4 1, 0, 1;
    %assign/vec4 v0x8bb22c000_0, 0;
    %load/vec4 v0x8bb22c5a0_0;
    %assign/vec4 v0x8bb232760_0, 0;
    %pushi/vec4 4, 0, 8;
    %assign/vec4 v0x8bb2270c0_0, 0;
    %jmp T_72.45;
T_72.42 ;
    %load/vec4 v0x8bb227200_0;
    %assign/vec4 v0x8bb2324e0_0, 0;
    %load/vec4 v0x8bb227200_0;
    %assign/vec4 v0x8bb227f20_0, 0;
    %pushi/vec4 1, 0, 1;
    %assign/vec4 v0x8bb22c000_0, 0;
    %load/vec4 v0x8bb22f480_0;
    %flag_set/vec4 9;
    %flag_get/vec4 9;
    %jmp/0 T_72.66, 9;
    %pushi/vec4 0, 0, 1;
    %and;
T_72.66;
    %flag_set/vec4 8;
    %jmp/0 T_72.64, 8;
    %load/vec4 v0x8bb22c5a0_0;
    %pad/u 32;
    %jmp/1 T_72.65, 8;
T_72.64 ; End of true expr.
    %load/vec4 v0x8bb22c280_0;
    %jmp/0 T_72.65, 8;
 ; End of false expr.
    %blend;
T_72.65;
    %assign/vec4 v0x8bb232580_0, 0;
    %load/vec4 v0x8bb22fe80_0;
    %assign/vec4 v0x8bb230000_0, 0;
    %pushi/vec4 8, 0, 8;
    %assign/vec4 v0x8bb2270c0_0, 0;
    %jmp T_72.45;
T_72.43 ;
    %load/vec4 v0x8bb227200_0;
    %assign/vec4 v0x8bb2324e0_0, 0;
    %load/vec4 v0x8bb227200_0;
    %assign/vec4 v0x8bb227f20_0, 0;
    %pushi/vec4 1, 0, 1;
    %assign/vec4 v0x8bb22c000_0, 0;
    %load/vec4 v0x8bb22f480_0;
    %flag_set/vec4 9;
    %flag_get/vec4 9;
    %jmp/0 T_72.69, 9;
    %pushi/vec4 0, 0, 1;
    %and;
T_72.69;
    %flag_set/vec4 8;
    %jmp/0 T_72.67, 8;
    %load/vec4 v0x8bb22c5a0_0;
    %pad/u 32;
    %jmp/1 T_72.68, 8;
T_72.67 ; End of true expr.
    %load/vec4 v0x8bb22c280_0;
    %jmp/0 T_72.68, 8;
 ; End of false expr.
    %blend;
T_72.68;
    %assign/vec4 v0x8bb232580_0, 0;
    %load/vec4 v0x8bb22fe80_0;
    %assign/vec4 v0x8bb230000_0, 0;
    %pushi/vec4 8, 0, 8;
    %assign/vec4 v0x8bb2270c0_0, 0;
    %jmp T_72.45;
T_72.45 ;
    %pop/vec4 1;
    %jmp T_72.13;
T_72.8 ;
    %load/vec4 v0x8bb2272a0_0;
    %pad/u 5;
    %assign/vec4 v0x8bb232760_0, 0;
    %load/vec4 v0x8bb2272a0_0;
    %assign/vec4 v0x8bb232580_0, 0;
    %load/vec4 v0x8bb2272a0_0;
    %assign/vec4 v0x8bb22c0a0_0, 0;
    %pushi/vec4 1, 0, 1;
    %assign/vec4 v0x8bb22c140_0, 0;
    %pushi/vec4 1, 0, 1;
    %dup/vec4;
    %pushi/vec4 0, 0, 1;
    %cmp/u;
    %jmp/1 T_72.70, 6;
    %dup/vec4;
    %load/vec4 v0x8bb22f340_0;
    %cmp/u;
    %jmp/1 T_72.71, 6;
    %dup/vec4;
    %load/vec4 v0x8bb22f3e0_0;
    %flag_set/vec4 8;
    %flag_get/vec4 8;
    %jmp/0 T_72.75, 8;
    %pushi/vec4 1, 0, 1;
    %and;
T_72.75;
    %cmp/u;
    %jmp/1 T_72.72, 6;
    %load/vec4 v0x8bb22fe80_0;
    %assign/vec4 v0x8bb230000_0, 0;
    %pushi/vec4 8, 0, 8;
    %assign/vec4 v0x8bb2270c0_0, 0;
    %jmp T_72.74;
T_72.70 ;
    %pushi/vec4 1, 0, 1;
    %assign/vec4 v0x8bb231e00_0, 0;
    %load/vec4 v0x8bb231680_0;
    %flag_set/vec4 8;
    %jmp/0xz  T_72.76, 8;
    %pushi/vec4 1, 0, 1;
    %assign/vec4 v0x8bb230000_0, 0;
    %pushi/vec4 0, 0, 1;
    %assign/vec4 v0x8bb231e00_0, 0;
    %load/vec4 v0x8bb2315e0_0;
    %assign/vec4 v0x8bb232620_0, 0;
    %load/vec4 v0x8bb2317c0_0;
    %assign/vec4 v0x8bb22fb60_0, 0;
    %pushi/vec4 64, 0, 8;
    %assign/vec4 v0x8bb2270c0_0, 0;
    %jmp T_72.77;
T_72.76 ;
    %pushi/vec4 1, 0, 1;
    %flag_set/vec4 9;
    %flag_get/vec4 9;
    %jmp/0 T_72.80, 9;
    %load/vec4 v0x8bb231d60_0;
    %flag_set/vec4 9;
    %flag_get/vec4 9;
    %jmp/1 T_72.81, 9;
    %load/vec4 v0x8bb22d0e0_0;
    %or;
T_72.81;
    %and;
T_72.80;
    %flag_set/vec4 8;
    %jmp/0xz  T_72.78, 8;
    %pushi/vec4 0, 0, 1;
    %assign/vec4 v0x8bb231e00_0, 0;
    %pushi/vec4 128, 0, 8;
    %assign/vec4 v0x8bb2270c0_0, 0;
T_72.78 ;
T_72.77 ;
    %jmp T_72.74;
T_72.71 ;
    %pushi/vec4 2, 0, 8;
    %assign/vec4 v0x8bb2270c0_0, 0;
    %pushi/vec4 1, 0, 1;
    %assign/vec4 v0x8bb230000_0, 0;
    %jmp T_72.74;
T_72.72 ;
    %pushi/vec4 4, 0, 8;
    %assign/vec4 v0x8bb2270c0_0, 0;
    %jmp T_72.74;
T_72.74 ;
    %pop/vec4 1;
    %jmp T_72.13;
T_72.9 ;
    %load/vec4 v0x8bb2326c0_0;
    %load/vec4 v0x8bb22c280_0;
    %add;
    %assign/vec4 v0x8bb232620_0, 0;
    %load/vec4 v0x8bb22ee40_0;
    %flag_set/vec4 8;
    %jmp/0xz  T_72.82, 8;
    %pushi/vec4 0, 0, 5;
    %assign/vec4 v0x8bb22fa20_0, 0;
    %load/vec4 v0x8bb2264e0_0;
    %assign/vec4 v0x8bb22fb60_0, 0;
    %load/vec4 v0x8bb2264e0_0;
    %assign/vec4 v0x8bb22f700_0, 0;
    %load/vec4 v0x8bb230140_0;
    %flag_set/vec4 8;
    %jmp/0xz  T_72.84, 8;
    %pushi/vec4 64, 0, 8;
    %assign/vec4 v0x8bb2270c0_0, 0;
T_72.84 ;
    %load/vec4 v0x8bb2264e0_0;
    %flag_set/vec4 8;
    %jmp/0xz  T_72.86, 8;
    %pushi/vec4 0, 0, 1;
    %assign/vec4 v0x8bb22c780_0, 0;
    %pushi/vec4 1, 0, 1;
    %store/vec4 v0x8bb232940_0, 0, 1;
T_72.86 ;
    %jmp T_72.83;
T_72.82 ;
    %load/vec4 v0x8bb22d360_0;
    %assign/vec4 v0x8bb22f700_0, 0;
    %pushi/vec4 1, 0, 1;
    %assign/vec4 v0x8bb22fb60_0, 0;
    %pushi/vec4 1, 0, 1;
    %assign/vec4 v0x8bb22fac0_0, 0;
    %pushi/vec4 64, 0, 8;
    %assign/vec4 v0x8bb2270c0_0, 0;
T_72.83 ;
    %jmp T_72.13;
T_72.10 ;
    %pushi/vec4 1, 0, 1;
    %assign/vec4 v0x8bb22fb60_0, 0;
    %load/vec4 v0x8bb232760_0;
    %pad/u 32;
    %cmpi/e 0, 0, 32;
    %jmp/0xz  T_72.88, 4;
    %load/vec4 v0x8bb2324e0_0;
    %assign/vec4 v0x8bb232620_0, 0;
    %load/vec4 v0x8bb22fe80_0;
    %assign/vec4 v0x8bb230000_0, 0;
    %pushi/vec4 64, 0, 8;
    %assign/vec4 v0x8bb2270c0_0, 0;
    %jmp T_72.89;
T_72.88 ;
    %pushi/vec4 1, 0, 1;
    %flag_set/vec4 9;
    %flag_get/vec4 9;
    %jmp/0 T_72.92, 9;
    %pushi/vec4 4, 0, 32;
    %load/vec4 v0x8bb232760_0;
    %pad/u 32;
    %cmp/u;
    %flag_get/vec4 4;
    %flag_get/vec4 5;
    %or;
    %and;
T_72.92;
    %flag_set/vec4 8;
    %jmp/0xz  T_72.90, 8;
    %pushi/vec4 1, 0, 1;
    %dup/vec4;
    %load/vec4 v0x8bb22df40_0;
    %flag_set/vec4 8;
    %flag_get/vec4 8;
    %jmp/1 T_72.97, 8;
    %load/vec4 v0x8bb22dea0_0;
    %or;
T_72.97;
    %cmp/u;
    %jmp/1 T_72.93, 6;
    %dup/vec4;
    %load/vec4 v0x8bb22e440_0;
    %flag_set/vec4 8;
    %flag_get/vec4 8;
    %jmp/1 T_72.98, 8;
    %load/vec4 v0x8bb22e3a0_0;
    %or;
T_72.98;
    %cmp/u;
    %jmp/1 T_72.94, 6;
    %dup/vec4;
    %load/vec4 v0x8bb22e300_0;
    %flag_set/vec4 8;
    %flag_get/vec4 8;
    %jmp/1 T_72.99, 8;
    %load/vec4 v0x8bb22e260_0;
    %or;
T_72.99;
    %cmp/u;
    %jmp/1 T_72.95, 6;
    %jmp T_72.96;
T_72.93 ;
    %load/vec4 v0x8bb2324e0_0;
    %ix/load 4, 4, 0;
    %flag_set/imm 4, 0;
    %shiftl 4;
    %assign/vec4 v0x8bb2324e0_0, 0;
    %jmp T_72.96;
T_72.94 ;
    %load/vec4 v0x8bb2324e0_0;
    %ix/load 4, 4, 0;
    %flag_set/imm 4, 0;
    %shiftr 4;
    %assign/vec4 v0x8bb2324e0_0, 0;
    %jmp T_72.96;
T_72.95 ;
    %load/vec4 v0x8bb2324e0_0;
    %ix/load 4, 4, 0;
    %flag_set/imm 4, 0;
    %shiftr/s 4;
    %assign/vec4 v0x8bb2324e0_0, 0;
    %jmp T_72.96;
T_72.96 ;
    %pop/vec4 1;
    %load/vec4 v0x8bb232760_0;
    %subi 4, 0, 5;
    %assign/vec4 v0x8bb232760_0, 0;
    %jmp T_72.91;
T_72.90 ;
    %pushi/vec4 1, 0, 1;
    %dup/vec4;
    %load/vec4 v0x8bb22df40_0;
    %flag_set/vec4 8;
    %flag_get/vec4 8;
    %jmp/1 T_72.104, 8;
    %load/vec4 v0x8bb22dea0_0;
    %or;
T_72.104;
    %cmp/u;
    %jmp/1 T_72.100, 6;
    %dup/vec4;
    %load/vec4 v0x8bb22e440_0;
    %flag_set/vec4 8;
    %flag_get/vec4 8;
    %jmp/1 T_72.105, 8;
    %load/vec4 v0x8bb22e3a0_0;
    %or;
T_72.105;
    %cmp/u;
    %jmp/1 T_72.101, 6;
    %dup/vec4;
    %load/vec4 v0x8bb22e300_0;
    %flag_set/vec4 8;
    %flag_get/vec4 8;
    %jmp/1 T_72.106, 8;
    %load/vec4 v0x8bb22e260_0;
    %or;
T_72.106;
    %cmp/u;
    %jmp/1 T_72.102, 6;
    %jmp T_72.103;
T_72.100 ;
    %load/vec4 v0x8bb2324e0_0;
    %ix/load 4, 1, 0;
    %flag_set/imm 4, 0;
    %shiftl 4;
    %assign/vec4 v0x8bb2324e0_0, 0;
    %jmp T_72.103;
T_72.101 ;
    %load/vec4 v0x8bb2324e0_0;
    %ix/load 4, 1, 0;
    %flag_set/imm 4, 0;
    %shiftr 4;
    %assign/vec4 v0x8bb2324e0_0, 0;
    %jmp T_72.103;
T_72.102 ;
    %load/vec4 v0x8bb2324e0_0;
    %ix/load 4, 1, 0;
    %flag_set/imm 4, 0;
    %shiftr/s 4;
    %assign/vec4 v0x8bb2324e0_0, 0;
    %jmp T_72.103;
T_72.103 ;
    %pop/vec4 1;
    %load/vec4 v0x8bb232760_0;
    %subi 1, 0, 5;
    %assign/vec4 v0x8bb232760_0, 0;
T_72.91 ;
T_72.89 ;
    %jmp T_72.13;
T_72.11 ;
    %load/vec4 v0x8bb22fe80_0;
    %nor/r;
    %flag_set/vec4 8;
    %jmp/1 T_72.109, 8;
    %load/vec4 v0x8bb230140_0;
    %flag_set/vec4 9;
    %flag_or 8, 9;
T_72.109;
    %jmp/0xz  T_72.107, 8;
    %load/vec4 v0x8bb2300a0_0;
    %nor/r;
    %flag_set/vec4 8;
    %jmp/0xz  T_72.110, 8;
    %pushi/vec4 1, 0, 1;
    %dup/vec4;
    %load/vec4 v0x8bb22dcc0_0;
    %cmp/u;
    %jmp/1 T_72.112, 6;
    %dup/vec4;
    %load/vec4 v0x8bb22de00_0;
    %cmp/u;
    %jmp/1 T_72.113, 6;
    %dup/vec4;
    %load/vec4 v0x8bb22e580_0;
    %cmp/u;
    %jmp/1 T_72.114, 6;
    %jmp T_72.115;
T_72.112 ;
    %pushi/vec4 2, 0, 2;
    %assign/vec4 v0x8bb230e60_0, 0;
    %jmp T_72.115;
T_72.113 ;
    %pushi/vec4 1, 0, 2;
    %assign/vec4 v0x8bb230e60_0, 0;
    %jmp T_72.115;
T_72.114 ;
    %pushi/vec4 0, 0, 2;
    %assign/vec4 v0x8bb230e60_0, 0;
    %jmp T_72.115;
T_72.115 ;
    %pop/vec4 1;
    %load/vec4 v0x8bb2324e0_0;
    %load/vec4 v0x8bb22c280_0;
    %add;
    %assign/vec4 v0x8bb2324e0_0, 0;
    %pushi/vec4 1, 0, 1;
    %store/vec4 v0x8bb2329e0_0, 0, 1;
T_72.110 ;
    %load/vec4 v0x8bb22fe80_0;
    %nor/r;
    %flag_set/vec4 9;
    %flag_get/vec4 9;
    %jmp/0 T_72.118, 9;
    %load/vec4 v0x8bb230140_0;
    %and;
T_72.118;
    %flag_set/vec4 8;
    %jmp/0xz  T_72.116, 8;
    %pushi/vec4 64, 0, 8;
    %assign/vec4 v0x8bb2270c0_0, 0;
    %pushi/vec4 1, 0, 1;
    %assign/vec4 v0x8bb22c780_0, 0;
    %pushi/vec4 1, 0, 1;
    %assign/vec4 v0x8bb22c640_0, 0;
T_72.116 ;
T_72.107 ;
    %jmp T_72.13;
T_72.12 ;
    %pushi/vec4 1, 0, 1;
    %assign/vec4 v0x8bb22fb60_0, 0;
    %load/vec4 v0x8bb22fe80_0;
    %nor/r;
    %flag_set/vec4 8;
    %jmp/1 T_72.121, 8;
    %load/vec4 v0x8bb230140_0;
    %flag_set/vec4 9;
    %flag_or 8, 9;
T_72.121;
    %jmp/0xz  T_72.119, 8;
    %load/vec4 v0x8bb22ff20_0;
    %nor/r;
    %flag_set/vec4 8;
    %jmp/0xz  T_72.122, 8;
    %pushi/vec4 1, 0, 1;
    %dup/vec4;
    %load/vec4 v0x8bb22d400_0;
    %flag_set/vec4 8;
    %flag_get/vec4 8;
    %jmp/1 T_72.128, 8;
    %load/vec4 v0x8bb22d4a0_0;
    %or;
T_72.128;
    %cmp/u;
    %jmp/1 T_72.124, 6;
    %dup/vec4;
    %load/vec4 v0x8bb22d540_0;
    %flag_set/vec4 8;
    %flag_get/vec4 8;
    %jmp/1 T_72.129, 8;
    %load/vec4 v0x8bb22d5e0_0;
    %or;
T_72.129;
    %cmp/u;
    %jmp/1 T_72.125, 6;
    %dup/vec4;
    %load/vec4 v0x8bb22d720_0;
    %cmp/u;
    %jmp/1 T_72.126, 6;
    %jmp T_72.127;
T_72.124 ;
    %pushi/vec4 2, 0, 2;
    %assign/vec4 v0x8bb230e60_0, 0;
    %jmp T_72.127;
T_72.125 ;
    %pushi/vec4 1, 0, 2;
    %assign/vec4 v0x8bb230e60_0, 0;
    %jmp T_72.127;
T_72.126 ;
    %pushi/vec4 0, 0, 2;
    %assign/vec4 v0x8bb230e60_0, 0;
    %jmp T_72.127;
T_72.127 ;
    %pop/vec4 1;
    %load/vec4 v0x8bb22f0c0_0;
    %assign/vec4 v0x8bb22f980_0, 0;
    %load/vec4 v0x8bb22d540_0;
    %assign/vec4 v0x8bb22f8e0_0, 0;
    %load/vec4 v0x8bb22d400_0;
    %assign/vec4 v0x8bb22f840_0, 0;
    %load/vec4 v0x8bb2324e0_0;
    %load/vec4 v0x8bb22c280_0;
    %add;
    %assign/vec4 v0x8bb2324e0_0, 0;
    %pushi/vec4 1, 0, 1;
    %store/vec4 v0x8bb2328a0_0, 0, 1;
T_72.122 ;
    %load/vec4 v0x8bb22fe80_0;
    %nor/r;
    %flag_set/vec4 9;
    %flag_get/vec4 9;
    %jmp/0 T_72.132, 9;
    %load/vec4 v0x8bb230140_0;
    %and;
T_72.132;
    %flag_set/vec4 8;
    %jmp/0xz  T_72.130, 8;
    %pushi/vec4 1, 0, 1;
    %dup/vec4;
    %load/vec4 v0x8bb22f980_0;
    %cmp/u;
    %jmp/1 T_72.133, 6;
    %dup/vec4;
    %load/vec4 v0x8bb22f8e0_0;
    %cmp/u;
    %jmp/1 T_72.134, 6;
    %dup/vec4;
    %load/vec4 v0x8bb22f840_0;
    %cmp/u;
    %jmp/1 T_72.135, 6;
    %jmp T_72.136;
T_72.133 ;
    %load/vec4 v0x8bb230b40_0;
    %assign/vec4 v0x8bb232620_0, 0;
    %jmp T_72.136;
T_72.134 ;
    %load/vec4 v0x8bb230b40_0;
    %parti/s 16, 0, 2;
    %pad/s 32;
    %assign/vec4 v0x8bb232620_0, 0;
    %jmp T_72.136;
T_72.135 ;
    %load/vec4 v0x8bb230b40_0;
    %parti/s 8, 0, 2;
    %pad/s 32;
    %assign/vec4 v0x8bb232620_0, 0;
    %jmp T_72.136;
T_72.136 ;
    %pop/vec4 1;
    %pushi/vec4 1, 0, 1;
    %assign/vec4 v0x8bb22c780_0, 0;
    %pushi/vec4 1, 0, 1;
    %assign/vec4 v0x8bb22c640_0, 0;
    %pushi/vec4 64, 0, 8;
    %assign/vec4 v0x8bb2270c0_0, 0;
T_72.130 ;
T_72.119 ;
    %jmp T_72.13;
T_72.13 ;
    %pop/vec4 1;
T_72.4 ;
    %pushi/vec4 1, 0, 1;
    %flag_set/vec4 10;
    %flag_get/vec4 10;
    %jmp/0 T_72.140, 10;
    %load/vec4 v0x8bb232800_0;
    %and;
T_72.140;
    %flag_set/vec4 9;
    %flag_get/vec4 9;
    %jmp/0 T_72.139, 9;
    %load/vec4 v0x8bb22ff20_0;
    %flag_set/vec4 9;
    %flag_get/vec4 9;
    %jmp/1 T_72.141, 9;
    %load/vec4 v0x8bb2300a0_0;
    %or;
T_72.141;
    %and;
T_72.139;
    %flag_set/vec4 8;
    %jmp/0xz  T_72.137, 8;
    %load/vec4 v0x8bb230e60_0;
    %pad/u 32;
    %cmpi/e 0, 0, 32;
    %flag_get/vec4 4;
    %jmp/0 T_72.144, 4;
    %load/vec4 v0x8bb2324e0_0;
    %parti/s 2, 0, 2;
    %pad/u 32;
    %pushi/vec4 0, 0, 32;
    %cmp/ne;
    %flag_get/vec4 4;
    %and;
T_72.144;
    %flag_set/vec4 8;
    %jmp/0xz  T_72.142, 8;
    %pushi/vec4 128, 0, 8;
    %assign/vec4 v0x8bb2270c0_0, 0;
T_72.142 ;
    %load/vec4 v0x8bb230e60_0;
    %pad/u 32;
    %cmpi/e 1, 0, 32;
    %flag_get/vec4 4;
    %jmp/0 T_72.147, 4;
    %load/vec4 v0x8bb2324e0_0;
    %parti/s 1, 0, 2;
    %pad/u 32;
    %pushi/vec4 0, 0, 32;
    %cmp/ne;
    %flag_get/vec4 4;
    %and;
T_72.147;
    %flag_set/vec4 8;
    %jmp/0xz  T_72.145, 8;
    %pushi/vec4 128, 0, 8;
    %assign/vec4 v0x8bb2270c0_0, 0;
T_72.145 ;
T_72.137 ;
    %pushi/vec4 1, 0, 1;
    %flag_set/vec4 11;
    %flag_get/vec4 11;
    %jmp/0 T_72.152, 11;
    %load/vec4 v0x8bb232800_0;
    %and;
T_72.152;
    %flag_set/vec4 10;
    %flag_get/vec4 10;
    %jmp/0 T_72.151, 10;
    %load/vec4 v0x8bb230000_0;
    %and;
T_72.151;
    %flag_set/vec4 9;
    %flag_get/vec4 9;
    %jmp/0 T_72.150, 9;
    %load/vec4 v0x8bb2326c0_0;
    %parti/s 2, 0, 2;
    %or/r;
    %and;
T_72.150;
    %flag_set/vec4 8;
    %jmp/0xz  T_72.148, 8;
    %pushi/vec4 128, 0, 8;
    %assign/vec4 v0x8bb2270c0_0, 0;
T_72.148 ;
    %load/vec4 v0x8bb232800_0;
    %nor/r;
    %flag_set/vec4 8;
    %jmp/1 T_72.155, 8;
    %load/vec4 v0x8bb230140_0;
    %flag_set/vec4 9;
    %flag_or 8, 9;
T_72.155;
    %jmp/0xz  T_72.153, 8;
    %pushi/vec4 0, 0, 1;
    %assign/vec4 v0x8bb22fe80_0, 0;
    %pushi/vec4 0, 0, 1;
    %assign/vec4 v0x8bb230000_0, 0;
    %pushi/vec4 0, 0, 1;
    %assign/vec4 v0x8bb22ff20_0, 0;
    %pushi/vec4 0, 0, 1;
    %assign/vec4 v0x8bb2300a0_0, 0;
T_72.153 ;
    %load/vec4 v0x8bb232940_0;
    %flag_set/vec4 8;
    %jmp/0xz  T_72.156, 8;
    %pushi/vec4 1, 0, 1;
    %assign/vec4 v0x8bb230000_0, 0;
T_72.156 ;
    %load/vec4 v0x8bb2328a0_0;
    %flag_set/vec4 8;
    %jmp/0xz  T_72.158, 8;
    %pushi/vec4 1, 0, 1;
    %assign/vec4 v0x8bb22ff20_0, 0;
T_72.158 ;
    %load/vec4 v0x8bb2329e0_0;
    %flag_set/vec4 8;
    %jmp/0xz  T_72.160, 8;
    %pushi/vec4 1, 0, 1;
    %assign/vec4 v0x8bb2300a0_0, 0;
T_72.160 ;
    %load/vec4 v0x8bb231180_0;
    %pushi/vec4 4294967295, 0, 32;
    %and;
    %assign/vec4 v0x8bb22ebc0_0, 0;
    %pushi/vec4 4294967295, 4294967295, 32;
    %store/vec4 v0x8bb227480_0, 0, 32;
    %jmp T_72;
    .thread T_72;
    .scope S_0x8bae21e00;
T_73 ;
    %wait E_0x8bb1e4c80;
    %load/vec4 v0x8bb234780_0;
    %nor/r;
    %flag_set/vec4 8;
    %jmp/0xz  T_73.0, 8;
    %pushi/vec4 0, 0, 2;
    %assign/vec4 v0x8bb2348c0_0, 0;
    %pushi/vec4 1, 0, 1;
    %assign/vec4 v0x8bb234960_0, 0;
    %pushi/vec4 0, 0, 16;
    %assign/vec4 v0x8bb234640_0, 0;
    %pushi/vec4 0, 0, 3;
    %assign/vec4 v0x8bb234460_0, 0;
    %pushi/vec4 0, 0, 8;
    %assign/vec4 v0x8bb234820_0, 0;
    %jmp T_73.1;
T_73.0 ;
    %load/vec4 v0x8bb2348c0_0;
    %dup/vec4;
    %pushi/vec4 0, 0, 2;
    %cmp/u;
    %jmp/1 T_73.2, 6;
    %dup/vec4;
    %pushi/vec4 1, 0, 2;
    %cmp/u;
    %jmp/1 T_73.3, 6;
    %dup/vec4;
    %pushi/vec4 2, 0, 2;
    %cmp/u;
    %jmp/1 T_73.4, 6;
    %dup/vec4;
    %pushi/vec4 3, 0, 2;
    %cmp/u;
    %jmp/1 T_73.5, 6;
    %pushi/vec4 0, 0, 2;
    %assign/vec4 v0x8bb2348c0_0, 0;
    %jmp T_73.7;
T_73.2 ;
    %pushi/vec4 1, 0, 1;
    %assign/vec4 v0x8bb234960_0, 0;
    %pushi/vec4 0, 0, 16;
    %assign/vec4 v0x8bb234640_0, 0;
    %pushi/vec4 0, 0, 3;
    %assign/vec4 v0x8bb234460_0, 0;
    %load/vec4 v0x8bb234a00_0;
    %flag_set/vec4 8;
    %jmp/0xz  T_73.8, 8;
    %load/vec4 v0x8bb2346e0_0;
    %assign/vec4 v0x8bb234820_0, 0;
    %pushi/vec4 1, 0, 2;
    %assign/vec4 v0x8bb2348c0_0, 0;
T_73.8 ;
    %jmp T_73.7;
T_73.3 ;
    %pushi/vec4 0, 0, 1;
    %assign/vec4 v0x8bb234960_0, 0;
    %load/vec4 v0x8bb234640_0;
    %pad/u 32;
    %cmpi/u 233, 0, 32;
    %jmp/0xz  T_73.10, 5;
    %load/vec4 v0x8bb234640_0;
    %addi 1, 0, 16;
    %assign/vec4 v0x8bb234640_0, 0;
    %jmp T_73.11;
T_73.10 ;
    %pushi/vec4 0, 0, 16;
    %assign/vec4 v0x8bb234640_0, 0;
    %pushi/vec4 2, 0, 2;
    %assign/vec4 v0x8bb2348c0_0, 0;
T_73.11 ;
    %jmp T_73.7;
T_73.4 ;
    %load/vec4 v0x8bb234820_0;
    %load/vec4 v0x8bb234460_0;
    %part/u 1;
    %assign/vec4 v0x8bb234960_0, 0;
    %load/vec4 v0x8bb234640_0;
    %pad/u 32;
    %cmpi/u 233, 0, 32;
    %jmp/0xz  T_73.12, 5;
    %load/vec4 v0x8bb234640_0;
    %addi 1, 0, 16;
    %assign/vec4 v0x8bb234640_0, 0;
    %jmp T_73.13;
T_73.12 ;
    %pushi/vec4 0, 0, 16;
    %assign/vec4 v0x8bb234640_0, 0;
    %load/vec4 v0x8bb234460_0;
    %pad/u 32;
    %cmpi/u 7, 0, 32;
    %jmp/0xz  T_73.14, 5;
    %load/vec4 v0x8bb234460_0;
    %addi 1, 0, 3;
    %assign/vec4 v0x8bb234460_0, 0;
    %jmp T_73.15;
T_73.14 ;
    %pushi/vec4 0, 0, 3;
    %assign/vec4 v0x8bb234460_0, 0;
    %pushi/vec4 3, 0, 2;
    %assign/vec4 v0x8bb2348c0_0, 0;
T_73.15 ;
T_73.13 ;
    %jmp T_73.7;
T_73.5 ;
    %pushi/vec4 1, 0, 1;
    %assign/vec4 v0x8bb234960_0, 0;
    %load/vec4 v0x8bb234640_0;
    %pad/u 32;
    %cmpi/u 233, 0, 32;
    %jmp/0xz  T_73.16, 5;
    %load/vec4 v0x8bb234640_0;
    %addi 1, 0, 16;
    %assign/vec4 v0x8bb234640_0, 0;
    %jmp T_73.17;
T_73.16 ;
    %pushi/vec4 0, 0, 16;
    %assign/vec4 v0x8bb234640_0, 0;
    %pushi/vec4 0, 0, 2;
    %assign/vec4 v0x8bb2348c0_0, 0;
T_73.17 ;
    %jmp T_73.7;
T_73.7 ;
    %pop/vec4 1;
T_73.1 ;
    %jmp T_73;
    .thread T_73;
    .scope S_0x8bae20d80;
T_74 ;
    %pushi/vec4 0, 0, 32;
    %store/vec4 v0x8bb235220_0, 0, 32;
T_74.0 ; Top of for-loop
    %load/vec4 v0x8bb235220_0;
    %cmpi/s 2048, 0, 32;
	  %jmp/0xz T_74.1, 5;
    %pushi/vec4 19, 0, 32;
    %ix/getv/s 4, v0x8bb235220_0;
    %store/vec4a v0x8bb235680, 4, 0;
T_74.2 ; for-loop step statement
    %load/vec4 v0x8bb235220_0;
    %addi 1, 0, 32;
    %store/vec4 v0x8bb235220_0, 0, 32;
    %jmp T_74.0;
T_74.1 ; for-loop exit label
    %pushi/vec4 0, 0, 32;
    %store/vec4 v0x8bb235b80_0, 0, 32;
    %pushi/vec4 0, 0, 1;
    %store/vec4 v0x8bb235cc0_0, 0, 1;
    %pushi/vec4 0, 0, 8;
    %store/vec4 v0x8bb235c20_0, 0, 8;
    %pushi/vec4 0, 0, 1;
    %store/vec4 v0x8bb235900_0, 0, 1;
    %end;
    .thread T_74;
    .scope S_0x8bae20d80;
T_75 ;
    %wait E_0x8bb1e4c80;
    %pushi/vec4 0, 0, 1;
    %assign/vec4 v0x8bb235cc0_0, 0;
    %pushi/vec4 0, 0, 1;
    %assign/vec4 v0x8bb235900_0, 0;
    %load/vec4 v0x8bb2355e0_0;
    %flag_set/vec4 8;
    %jmp/0xz  T_75.0, 8;
    %load/vec4 v0x8bb235400_0;
    %flag_set/vec4 8;
    %jmp/0xz  T_75.2, 8;
    %load/vec4 v0x8bb235360_0;
    %load/vec4 v0x8bb2352c0_0;
    %pad/u 13;
    %ix/vec4 3;
    %ix/load 4, 0, 0; Constant delay
    %assign/vec4/a/d v0x8bb235680, 0, 4;
T_75.2 ;
    %jmp T_75.1;
T_75.0 ;
    %load/vec4 v0x8bb2359a0_0;
    %flag_set/vec4 9;
    %flag_get/vec4 9;
    %jmp/0 T_75.6, 9;
    %load/vec4 v0x8bb235900_0;
    %nor/r;
    %and;
T_75.6;
    %flag_set/vec4 8;
    %jmp/0xz  T_75.4, 8;
    %load/vec4 v0x8bb2350e0_0;
    %flag_set/vec4 8;
    %jmp/0xz  T_75.7, 8;
    %load/vec4 v0x8bb235ae0_0;
    %cmpi/e 0, 0, 4;
    %jmp/0xz  T_75.9, 4;
    %load/vec4 v0x8bb234fa0_0;
    %pad/u 13;
    %ix/vec4 4;
    %load/vec4a v0x8bb235680, 4;
    %assign/vec4 v0x8bb235860_0, 0;
    %jmp T_75.10;
T_75.9 ;
    %load/vec4 v0x8bb235ae0_0;
    %parti/s 1, 0, 2;
    %flag_set/vec4 8;
    %jmp/0xz  T_75.11, 8;
    %load/vec4 v0x8bb235a40_0;
    %parti/s 8, 0, 2;
    %load/vec4 v0x8bb234fa0_0;
    %pad/u 13;
    %ix/vec4 3;
    %ix/load 4, 0, 0; Constant delay
    %assign/vec4/a/d v0x8bb235680, 0, 4;
T_75.11 ;
    %load/vec4 v0x8bb235ae0_0;
    %parti/s 1, 1, 2;
    %flag_set/vec4 8;
    %jmp/0xz  T_75.13, 8;
    %load/vec4 v0x8bb235a40_0;
    %parti/s 8, 8, 5;
    %load/vec4 v0x8bb234fa0_0;
    %pad/u 13;
    %ix/vec4 3;
    %ix/load 4, 8, 0; part off
    %ix/load 5, 0, 0; Constant delay
    %assign/vec4/a/d v0x8bb235680, 4, 5;
T_75.13 ;
    %load/vec4 v0x8bb235ae0_0;
    %parti/s 1, 2, 3;
    %flag_set/vec4 8;
    %jmp/0xz  T_75.15, 8;
    %load/vec4 v0x8bb235a40_0;
    %parti/s 8, 16, 6;
    %load/vec4 v0x8bb234fa0_0;
    %pad/u 13;
    %ix/vec4 3;
    %ix/load 4, 16, 0; part off
    %ix/load 5, 0, 0; Constant delay
    %assign/vec4/a/d v0x8bb235680, 4, 5;
T_75.15 ;
    %load/vec4 v0x8bb235ae0_0;
    %parti/s 1, 3, 3;
    %flag_set/vec4 8;
    %jmp/0xz  T_75.17, 8;
    %load/vec4 v0x8bb235a40_0;
    %parti/s 8, 24, 6;
    %load/vec4 v0x8bb234fa0_0;
    %pad/u 13;
    %ix/vec4 3;
    %ix/load 4, 24, 0; part off
    %ix/load 5, 0, 0; Constant delay
    %assign/vec4/a/d v0x8bb235680, 4, 5;
T_75.17 ;
T_75.10 ;
    %pushi/vec4 1, 0, 1;
    %assign/vec4 v0x8bb235900_0, 0;
    %jmp T_75.8;
T_75.7 ;
    %load/vec4 v0x8bb235180_0;
    %flag_set/vec4 8;
    %jmp/0xz  T_75.19, 8;
    %load/vec4 v0x8bb235720_0;
    %parti/s 8, 0, 2;
    %dup/vec4;
    %pushi/vec4 0, 0, 8;
    %cmp/u;
    %jmp/1 T_75.21, 6;
    %dup/vec4;
    %pushi/vec4 4, 0, 8;
    %cmp/u;
    %jmp/1 T_75.22, 6;
    %dup/vec4;
    %pushi/vec4 12, 0, 8;
    %cmp/u;
    %jmp/1 T_75.23, 6;
    %pushi/vec4 0, 0, 32;
    %assign/vec4 v0x8bb235860_0, 0;
    %pushi/vec4 1, 0, 1;
    %assign/vec4 v0x8bb235900_0, 0;
    %jmp T_75.25;
T_75.21 ;
    %load/vec4 v0x8bb235ae0_0;
    %cmpi/ne 0, 0, 4;
    %jmp/0xz  T_75.26, 4;
    %load/vec4 v0x8bb235a40_0;
    %assign/vec4 v0x8bb235b80_0, 0;
T_75.26 ;
    %load/vec4 v0x8bb235b80_0;
    %assign/vec4 v0x8bb235860_0, 0;
    %pushi/vec4 1, 0, 1;
    %assign/vec4 v0x8bb235900_0, 0;
    %jmp T_75.25;
T_75.22 ;
    %load/vec4 v0x8bb235ae0_0;
    %cmpi/ne 0, 0, 4;
    %jmp/0xz  T_75.28, 4;
    %load/vec4 v0x8bb235a40_0;
    %parti/s 8, 0, 2;
    %assign/vec4 v0x8bb235c20_0, 0;
    %pushi/vec4 1, 0, 1;
    %assign/vec4 v0x8bb235cc0_0, 0;
T_75.28 ;
    %pushi/vec4 0, 0, 32;
    %assign/vec4 v0x8bb235860_0, 0;
    %pushi/vec4 1, 0, 1;
    %assign/vec4 v0x8bb235900_0, 0;
    %jmp T_75.25;
T_75.23 ;
    %pushi/vec4 0, 0, 30;
    %load/vec4 v0x8bb234dc0_0;
    %concat/vec4; draw_concat_vec4
    %assign/vec4 v0x8bb235860_0, 0;
    %pushi/vec4 1, 0, 1;
    %assign/vec4 v0x8bb235900_0, 0;
    %jmp T_75.25;
T_75.25 ;
    %pop/vec4 1;
    %jmp T_75.20;
T_75.19 ;
    %pushi/vec4 3735931646, 0, 32;
    %assign/vec4 v0x8bb235860_0, 0;
    %pushi/vec4 1, 0, 1;
    %assign/vec4 v0x8bb235900_0, 0;
T_75.20 ;
T_75.8 ;
T_75.4 ;
T_75.1 ;
    %jmp T_75;
    .thread T_75;
    .scope S_0x102b44590;
T_76 ;
    %pushi/vec4 0, 0, 1;
    %store/vec4 v0x8bb2366c0_0, 0, 1;
    %pushi/vec4 0, 0, 1;
    %store/vec4 v0x8bb236b20_0, 0, 1;
    %pushi/vec4 1, 0, 1;
    %store/vec4 v0x8bb236c60_0, 0, 1;
    %pushi/vec4 0, 0, 2;
    %store/vec4 v0x8bb236620_0, 0, 2;
    %end;
    .thread T_76, $init;
    .scope S_0x102b44590;
T_77 ;
    %delay 5000, 0;
    %load/vec4 v0x8bb2366c0_0;
    %inv;
    %store/vec4 v0x8bb2366c0_0, 0, 1;
    %jmp T_77;
    .thread T_77;
    .scope S_0x102b44590;
T_78 ;
    %pushi/vec4 0, 0, 32;
    %store/vec4 v0x8bb236d00_0, 0, 32;
    %end;
    .thread T_78;
    .scope S_0x102b44590;
T_79 ;
    %wait E_0x8bb1e4c40;
    %pushi/vec4 351, 0, 32;
T_79.0 %dup/vec4;
    %cmpi/s 0, 0, 32;
    %jmp/1xz T_79.1, 5;
    %jmp/1 T_79.1, 4;
    %subi 1, 0, 32;
    %wait E_0x8bb1e4c80;
    %jmp T_79.0;
T_79.1 ;
    %pop/vec4 1;
    %pushi/vec4 0, 0, 32;
    %store/vec4 v0x8bb236bc0_0, 0, 32;
T_79.2 ; Top of for-loop
    %load/vec4 v0x8bb236bc0_0;
    %cmpi/s 8, 0, 32;
	  %jmp/0xz T_79.3, 5;
    %load/vec4 v0x8bb236da0_0;
    %ix/getv/s 4, v0x8bb236bc0_0;
    %store/vec4 v0x8bb236940_0, 4, 1;
    %pushi/vec4 234, 0, 32;
T_79.5 %dup/vec4;
    %cmpi/s 0, 0, 32;
    %jmp/1xz T_79.6, 5;
    %jmp/1 T_79.6, 4;
    %subi 1, 0, 32;
    %wait E_0x8bb1e4c80;
    %jmp T_79.5;
T_79.6 ;
    %pop/vec4 1;
T_79.4 ; for-loop step statement
    %load/vec4 v0x8bb236bc0_0;
    %addi 1, 0, 32;
    %store/vec4 v0x8bb236bc0_0, 0, 32;
    %jmp T_79.2;
T_79.3 ; for-loop exit label
    %load/vec4 v0x8bb236d00_0;
    %addi 1, 0, 32;
    %store/vec4 v0x8bb236d00_0, 0, 32;
    %jmp T_79;
    .thread T_79;
    .scope S_0x102b44590;
T_80 ;
    %vpi_call/w 4 114 "$dumpfile", "sim/tb_loader.vcd" {0 0 0};
    %vpi_call/w 4 115 "$dumpvars", 32'sb00000000000000000000000000000000, S_0x102b44590 {0 0 0};
    %pushi/vec4 0, 0, 32;
    %store/vec4 v0x8bb2369e0_0, 0, 32;
    %pushi/vec4 44041491, 0, 32;
    %ix/load 4, 0, 0;
    %flag_set/imm 4, 0;
    %store/vec4a v0x8bb236a80, 4, 0;
    %pushi/vec4 268436919, 0, 32;
    %ix/load 4, 1, 0;
    %flag_set/imm 4, 0;
    %store/vec4a v0x8bb236a80, 4, 0;
    %pushi/vec4 10854435, 0, 32;
    %ix/load 4, 2, 0;
    %flag_set/imm 4, 0;
    %store/vec4a v0x8bb236a80, 4, 0;
    %pushi/vec4 111, 0, 32;
    %ix/load 4, 3, 0;
    %flag_set/imm 4, 0;
    %store/vec4a v0x8bb236a80, 4, 0;
    %pushi/vec4 1, 0, 8;
    %ix/load 4, 0, 0;
    %flag_set/imm 4, 0;
    %store/vec4a v0x8bb2364e0, 4, 0;
    %pushi/vec4 0, 0, 8;
    %ix/load 4, 1, 0;
    %flag_set/imm 4, 0;
    %store/vec4a v0x8bb2364e0, 4, 0;
    %pushi/vec4 0, 0, 8;
    %ix/load 4, 2, 0;
    %flag_set/imm 4, 0;
    %store/vec4a v0x8bb2364e0, 4, 0;
    %pushi/vec4 4, 0, 8;
    %ix/load 4, 3, 0;
    %flag_set/imm 4, 0;
    %store/vec4a v0x8bb2364e0, 4, 0;
    %pushi/vec4 0, 0, 32;
    %store/vec4 v0x8bb236e40_0, 0, 32;
T_80.0 ; Top of for-loop
    %load/vec4 v0x8bb236e40_0;
    %cmpi/s 4, 0, 32;
	  %jmp/0xz T_80.1, 5;
    %ix/getv/s 4, v0x8bb236e40_0;
    %load/vec4a v0x8bb236a80, 4;
    %parti/s 8, 0, 2;
    %pushi/vec4 4, 0, 32;
    %load/vec4 v0x8bb236e40_0;
    %muli 4, 0, 32;
    %add;
    %addi 0, 0, 32;
    %ix/vec4/s 4;
    %store/vec4a v0x8bb2364e0, 4, 0;
    %ix/getv/s 4, v0x8bb236e40_0;
    %load/vec4a v0x8bb236a80, 4;
    %parti/s 8, 8, 5;
    %pushi/vec4 4, 0, 32;
    %load/vec4 v0x8bb236e40_0;
    %muli 4, 0, 32;
    %add;
    %addi 1, 0, 32;
    %ix/vec4/s 4;
    %store/vec4a v0x8bb2364e0, 4, 0;
    %ix/getv/s 4, v0x8bb236e40_0;
    %load/vec4a v0x8bb236a80, 4;
    %parti/s 8, 16, 6;
    %pushi/vec4 4, 0, 32;
    %load/vec4 v0x8bb236e40_0;
    %muli 4, 0, 32;
    %add;
    %addi 2, 0, 32;
    %ix/vec4/s 4;
    %store/vec4a v0x8bb2364e0, 4, 0;
    %ix/getv/s 4, v0x8bb236e40_0;
    %load/vec4a v0x8bb236a80, 4;
    %parti/s 8, 24, 6;
    %pushi/vec4 4, 0, 32;
    %load/vec4 v0x8bb236e40_0;
    %muli 4, 0, 32;
    %add;
    %addi 3, 0, 32;
    %ix/vec4/s 4;
    %store/vec4a v0x8bb2364e0, 4, 0;
T_80.2 ; for-loop step statement
    %load/vec4 v0x8bb236e40_0;
    %addi 1, 0, 32;
    %store/vec4 v0x8bb236e40_0, 0, 32;
    %jmp T_80.0;
T_80.1 ; for-loop exit label
    %pushi/vec4 20, 0, 32;
    %store/vec4 v0x8bb236580_0, 0, 32;
    %pushi/vec4 65535, 0, 16;
    %store/vec4 v0x8bb236760_0, 0, 16;
    %pushi/vec4 0, 0, 32;
    %store/vec4 v0x8bb2368a0_0, 0, 32;
T_80.3 ; Top of for-loop
    %load/vec4 v0x8bb2368a0_0;
    %load/vec4 v0x8bb236580_0;
    %cmp/s;
	  %jmp/0xz T_80.4, 5;
    %load/vec4 v0x8bb236760_0;
    %ix/getv/s 4, v0x8bb2368a0_0;
    %load/vec4a v0x8bb2364e0, 4;
    %store/vec4 v0x8bb224000_0, 0, 8;
    %store/vec4 v0x8bb2241e0_0, 0, 16;
    %callf/vec4 TD_tb_loader.crc16_next, S_0x8bae20c00;
    %store/vec4 v0x8bb236760_0, 0, 16;
T_80.5 ; for-loop step statement
    %load/vec4 v0x8bb2368a0_0;
    %addi 1, 0, 32;
    %store/vec4 v0x8bb2368a0_0, 0, 32;
    %jmp T_80.3;
T_80.4 ; for-loop exit label
    %pushi/vec4 0, 0, 1;
    %store/vec4 v0x8bb236b20_0, 0, 1;
    %pushi/vec4 20, 0, 32;
T_80.6 %dup/vec4;
    %cmpi/s 0, 0, 32;
    %jmp/1xz T_80.7, 5;
    %jmp/1 T_80.7, 4;
    %subi 1, 0, 32;
    %wait E_0x8bb1e4c80;
    %jmp T_80.6;
T_80.7 ;
    %pop/vec4 1;
    %pushi/vec4 1, 0, 1;
    %store/vec4 v0x8bb236b20_0, 0, 1;
    %pushi/vec4 20, 0, 32;
T_80.8 %dup/vec4;
    %cmpi/s 0, 0, 32;
    %jmp/1xz T_80.9, 5;
    %jmp/1 T_80.9, 4;
    %subi 1, 0, 32;
    %wait E_0x8bb1e4c80;
    %jmp T_80.8;
T_80.9 ;
    %pop/vec4 1;
    %vpi_call/w 4 149 "$display", "[tb] [NAK testi] Bilerek BOZUK CRC ile WRITE gonderiliyor..." {0 0 0};
    %pushi/vec4 126, 0, 8;
    %store/vec4 v0x8bb236260_0, 0, 8;
    %fork TD_tb_loader.uart_send_byte, S_0x8bae21f80;
    %join;
    %pushi/vec4 0, 0, 32;
    %store/vec4 v0x8bb2368a0_0, 0, 32;
T_80.10 ; Top of for-loop
    %load/vec4 v0x8bb2368a0_0;
    %load/vec4 v0x8bb236580_0;
    %cmp/s;
	  %jmp/0xz T_80.11, 5;
    %ix/getv/s 4, v0x8bb2368a0_0;
    %load/vec4a v0x8bb2364e0, 4;
    %store/vec4 v0x8bb236260_0, 0, 8;
    %fork TD_tb_loader.uart_send_byte, S_0x8bae21f80;
    %join;
T_80.12 ; for-loop step statement
    %load/vec4 v0x8bb2368a0_0;
    %addi 1, 0, 32;
    %store/vec4 v0x8bb2368a0_0, 0, 32;
    %jmp T_80.10;
T_80.11 ; for-loop exit label
    %load/vec4 v0x8bb236760_0;
    %parti/s 8, 8, 5;
    %pushi/vec4 255, 0, 8;
    %xor;
    %store/vec4 v0x8bb236260_0, 0, 8;
    %fork TD_tb_loader.uart_send_byte, S_0x8bae21f80;
    %join;
    %load/vec4 v0x8bb236760_0;
    %parti/s 8, 0, 2;
    %store/vec4 v0x8bb236260_0, 0, 8;
    %fork TD_tb_loader.uart_send_byte, S_0x8bae21f80;
    %join;
    %fork TD_tb_loader.wait_byte, S_0x8bae22100;
    %join;
    %load/vec4 v0x8bb2363a0_0;
    %store/vec4 v0x8bb236440_0, 0, 8;
    %load/vec4 v0x8bb236440_0;
    %cmpi/e 110, 0, 8;
    %jmp/0xz  T_80.13, 4;
    %vpi_call/w 4 156 "$display", "[tb] [NAK testi] BASARILI: bozuk paket NAK (0x6E) ile reddedildi." {0 0 0};
    %jmp T_80.14;
T_80.13 ;
    %vpi_call/w 4 157 "$display", "[tb] [NAK testi] UYARI: yanit 0x%02x (NAK 0x6E beklenmisti).", v0x8bb236440_0 {0 0 0};
T_80.14 ;
    %vpi_call/w 4 160 "$display", "[tb] WRITE paketi gonderiliyor (%0d bayt veri)...", v0x8bb236580_0 {0 0 0};
    %pushi/vec4 126, 0, 8;
    %store/vec4 v0x8bb236260_0, 0, 8;
    %fork TD_tb_loader.uart_send_byte, S_0x8bae21f80;
    %join;
    %pushi/vec4 0, 0, 32;
    %store/vec4 v0x8bb2368a0_0, 0, 32;
T_80.15 ; Top of for-loop
    %load/vec4 v0x8bb2368a0_0;
    %load/vec4 v0x8bb236580_0;
    %cmp/s;
	  %jmp/0xz T_80.16, 5;
    %ix/getv/s 4, v0x8bb2368a0_0;
    %load/vec4a v0x8bb2364e0, 4;
    %store/vec4 v0x8bb236260_0, 0, 8;
    %fork TD_tb_loader.uart_send_byte, S_0x8bae21f80;
    %join;
T_80.17 ; for-loop step statement
    %load/vec4 v0x8bb2368a0_0;
    %addi 1, 0, 32;
    %store/vec4 v0x8bb2368a0_0, 0, 32;
    %jmp T_80.15;
T_80.16 ; for-loop exit label
    %load/vec4 v0x8bb236760_0;
    %parti/s 8, 8, 5;
    %store/vec4 v0x8bb236260_0, 0, 8;
    %fork TD_tb_loader.uart_send_byte, S_0x8bae21f80;
    %join;
    %load/vec4 v0x8bb236760_0;
    %parti/s 8, 0, 2;
    %store/vec4 v0x8bb236260_0, 0, 8;
    %fork TD_tb_loader.uart_send_byte, S_0x8bae21f80;
    %join;
    %fork TD_tb_loader.wait_byte, S_0x8bae22100;
    %join;
    %load/vec4 v0x8bb2363a0_0;
    %store/vec4 v0x8bb236440_0, 0, 8;
    %load/vec4 v0x8bb236440_0;
    %cmpi/e 121, 0, 8;
    %jmp/0xz  T_80.18, 4;
    %vpi_call/w 4 169 "$display", "[tb] WRITE -> ACK (0x79) alindi. OK" {0 0 0};
    %jmp T_80.19;
T_80.18 ;
    %vpi_call/w 4 171 "$display", "[tb] HATA: WRITE yaniti 0x%02x (ACK degil)", v0x8bb236440_0 {0 0 0};
    %vpi_call/w 4 172 "$finish" {0 0 0};
T_80.19 ;
    %pushi/vec4 65535, 0, 16;
    %store/vec4 v0x8bb236760_0, 0, 16;
    %load/vec4 v0x8bb236760_0;
    %pushi/vec4 2, 0, 8;
    %store/vec4 v0x8bb224000_0, 0, 8;
    %store/vec4 v0x8bb2241e0_0, 0, 16;
    %callf/vec4 TD_tb_loader.crc16_next, S_0x8bae20c00;
    %store/vec4 v0x8bb236760_0, 0, 16;
    %vpi_call/w 4 178 "$display", "[tb] RUN paketi gonderiliyor..." {0 0 0};
    %pushi/vec4 126, 0, 8;
    %store/vec4 v0x8bb236260_0, 0, 8;
    %fork TD_tb_loader.uart_send_byte, S_0x8bae21f80;
    %join;
    %pushi/vec4 2, 0, 8;
    %store/vec4 v0x8bb236260_0, 0, 8;
    %fork TD_tb_loader.uart_send_byte, S_0x8bae21f80;
    %join;
    %load/vec4 v0x8bb236760_0;
    %parti/s 8, 8, 5;
    %store/vec4 v0x8bb236260_0, 0, 8;
    %fork TD_tb_loader.uart_send_byte, S_0x8bae21f80;
    %join;
    %load/vec4 v0x8bb236760_0;
    %parti/s 8, 0, 2;
    %store/vec4 v0x8bb236260_0, 0, 8;
    %fork TD_tb_loader.uart_send_byte, S_0x8bae21f80;
    %join;
    %fork TD_tb_loader.wait_byte, S_0x8bae22100;
    %join;
    %load/vec4 v0x8bb2363a0_0;
    %store/vec4 v0x8bb236440_0, 0, 8;
    %load/vec4 v0x8bb236440_0;
    %cmpi/e 121, 0, 8;
    %jmp/0xz  T_80.20, 4;
    %vpi_call/w 4 185 "$display", "[tb] RUN -> ACK (0x79) alindi. Islemci basliyor." {0 0 0};
    %jmp T_80.21;
T_80.20 ;
    %vpi_call/w 4 187 "$display", "[tb] HATA: RUN yaniti 0x%02x", v0x8bb236440_0 {0 0 0};
    %vpi_call/w 4 188 "$finish" {0 0 0};
T_80.21 ;
    %pushi/vec4 200, 0, 32;
T_80.22 %dup/vec4;
    %cmpi/s 0, 0, 32;
    %jmp/1xz T_80.23, 5;
    %jmp/1 T_80.23, 4;
    %subi 1, 0, 32;
    %wait E_0x8bb1e4c80;
    %jmp T_80.22;
T_80.23 ;
    %pop/vec4 1;
    %load/vec4 v0x8bb236800_0;
    %cmpi/e 42, 0, 32;
    %jmp/0xz  T_80.24, 4;
    %vpi_call/w 4 194 "$display", "[tb] BASARILI: GPIO_OUT = %0d (beklenen 42).", v0x8bb236800_0 {0 0 0};
    %vpi_call/w 4 195 "$display", "[tb] === LOADER TESTI GECTI ===" {0 0 0};
    %jmp T_80.25;
T_80.24 ;
    %vpi_call/w 4 197 "$display", "[tb] BASARISIZ: GPIO_OUT = %0d (beklenen 42).", v0x8bb236800_0 {0 0 0};
T_80.25 ;
    %vpi_call/w 4 200 "$finish" {0 0 0};
    %end;
    .thread T_80;
    .scope S_0x102b44590;
T_81 ;
    %delay 705032704, 1;
    %vpi_call/w 4 206 "$display", "[tb] TIMEOUT - simulasyon cok uzun surdu." {0 0 0};
    %vpi_call/w 4 207 "$finish" {0 0 0};
    %end;
    .thread T_81;
# The file index is used to find the file name in the following table.
:file_names 9;
    "N/A";
    "<interactive>";
    "-";
    "sim/picorv32.v";
    "/tmp/tb234.v";
    "fpga/tangnano9k/soc_loader.v";
    "fpga/tangnano9k/loader.v";
    "fpga/tangnano9k/uart_rx.v";
    "fpga/uart_tx.v";
