#! /opt/homebrew/Cellar/icarus-verilog/13.0/bin/vvp
:ivl_version "13.0 (stable)" "(v13_0)";
:ivl_delay_selection "TYPICAL";
:vpi_time_precision - 12;
:vpi_module "/opt/homebrew/Cellar/icarus-verilog/13.0/lib/ivl/system.vpi";
:vpi_module "/opt/homebrew/Cellar/icarus-verilog/13.0/lib/ivl/vhdl_sys.vpi";
:vpi_module "/opt/homebrew/Cellar/icarus-verilog/13.0/lib/ivl/vhdl_textio.vpi";
:vpi_module "/opt/homebrew/Cellar/icarus-verilog/13.0/lib/ivl/v2005_math.vpi";
:vpi_module "/opt/homebrew/Cellar/icarus-verilog/13.0/lib/ivl/va_math.vpi";
:vpi_module "/opt/homebrew/Cellar/icarus-verilog/13.0/lib/ivl/v2009.vpi";
S_0x103835c20 .scope package, "$unit" "$unit" 2 1;
 .timescale 0 0;
S_0x10382e0e0 .scope module, "picorv32_axi" "picorv32_axi" 3 2517;
 .timescale -9 -12;
    .port_info 0 /INPUT 1 "clk";
    .port_info 1 /INPUT 1 "resetn";
    .port_info 2 /OUTPUT 1 "trap";
    .port_info 3 /OUTPUT 1 "mem_axi_awvalid";
    .port_info 4 /INPUT 1 "mem_axi_awready";
    .port_info 5 /OUTPUT 32 "mem_axi_awaddr";
    .port_info 6 /OUTPUT 3 "mem_axi_awprot";
    .port_info 7 /OUTPUT 1 "mem_axi_wvalid";
    .port_info 8 /INPUT 1 "mem_axi_wready";
    .port_info 9 /OUTPUT 32 "mem_axi_wdata";
    .port_info 10 /OUTPUT 4 "mem_axi_wstrb";
    .port_info 11 /INPUT 1 "mem_axi_bvalid";
    .port_info 12 /OUTPUT 1 "mem_axi_bready";
    .port_info 13 /OUTPUT 1 "mem_axi_arvalid";
    .port_info 14 /INPUT 1 "mem_axi_arready";
    .port_info 15 /OUTPUT 32 "mem_axi_araddr";
    .port_info 16 /OUTPUT 3 "mem_axi_arprot";
    .port_info 17 /INPUT 1 "mem_axi_rvalid";
    .port_info 18 /OUTPUT 1 "mem_axi_rready";
    .port_info 19 /INPUT 32 "mem_axi_rdata";
    .port_info 20 /OUTPUT 1 "pcpi_valid";
    .port_info 21 /OUTPUT 32 "pcpi_insn";
    .port_info 22 /OUTPUT 32 "pcpi_rs1";
    .port_info 23 /OUTPUT 32 "pcpi_rs2";
    .port_info 24 /INPUT 1 "pcpi_wr";
    .port_info 25 /INPUT 32 "pcpi_rd";
    .port_info 26 /INPUT 1 "pcpi_wait";
    .port_info 27 /INPUT 1 "pcpi_ready";
    .port_info 28 /INPUT 32 "irq";
    .port_info 29 /OUTPUT 32 "eoi";
    .port_info 30 /OUTPUT 1 "trace_valid";
    .port_info 31 /OUTPUT 36 "trace_data";
P_0xca0e08e00 .param/l "BARREL_SHIFTER" 0 3 2523, C4<0>;
P_0xca0e08e40 .param/l "CATCH_ILLINSN" 0 3 2528, C4<1>;
P_0xca0e08e80 .param/l "CATCH_MISALIGN" 0 3 2527, C4<1>;
P_0xca0e08ec0 .param/l "COMPRESSED_ISA" 0 3 2526, C4<0>;
P_0xca0e08f00 .param/l "ENABLE_COUNTERS" 0 3 2518, C4<1>;
P_0xca0e08f40 .param/l "ENABLE_COUNTERS64" 0 3 2519, C4<1>;
P_0xca0e08f80 .param/l "ENABLE_DIV" 0 3 2532, C4<0>;
P_0xca0e08fc0 .param/l "ENABLE_FAST_MUL" 0 3 2531, C4<0>;
P_0xca0e09000 .param/l "ENABLE_IRQ" 0 3 2533, C4<0>;
P_0xca0e09040 .param/l "ENABLE_IRQ_QREGS" 0 3 2534, C4<1>;
P_0xca0e09080 .param/l "ENABLE_IRQ_TIMER" 0 3 2535, C4<1>;
P_0xca0e090c0 .param/l "ENABLE_MUL" 0 3 2530, C4<0>;
P_0xca0e09100 .param/l "ENABLE_PCPI" 0 3 2529, C4<0>;
P_0xca0e09140 .param/l "ENABLE_REGS_16_31" 0 3 2520, C4<1>;
P_0xca0e09180 .param/l "ENABLE_REGS_DUALPORT" 0 3 2521, C4<1>;
P_0xca0e091c0 .param/l "ENABLE_TRACE" 0 3 2536, C4<0>;
P_0xca0e09200 .param/l "LATCHED_IRQ" 0 3 2539, C4<11111111111111111111111111111111>;
P_0xca0e09240 .param/l "MASKED_IRQ" 0 3 2538, C4<00000000000000000000000000000000>;
P_0xca0e09280 .param/l "PROGADDR_IRQ" 0 3 2541, C4<00000000000000000000000000010000>;
P_0xca0e092c0 .param/l "PROGADDR_RESET" 0 3 2540, C4<00000000000000000000000000000000>;
P_0xca0e09300 .param/l "REGS_INIT_ZERO" 0 3 2537, C4<0>;
P_0xca0e09340 .param/l "STACKADDR" 0 3 2542, C4<11111111111111111111111111111111>;
P_0xca0e09380 .param/l "TWO_CYCLE_ALU" 0 3 2525, C4<0>;
P_0xca0e093c0 .param/l "TWO_CYCLE_COMPARE" 0 3 2524, C4<0>;
P_0xca0e09400 .param/l "TWO_STAGE_SHIFT" 0 3 2522, C4<1>;
o0xca1444310 .functor BUFZ 1, c4<z>; HiZ drive
v0xca0e685a0_0 .net "clk", 0 0, o0xca1444310;  0 drivers
v0xca0e68640_0 .net "eoi", 31 0, v0xca0e621c0_0;  1 drivers
o0xca1447130 .functor BUFZ 32, c4<zzzzzzzzzzzzzzzzzzzzzzzzzzzzzzzz>; HiZ drive
v0xca0e686e0_0 .net "irq", 31 0, o0xca1447130;  0 drivers
v0xca0e68780_0 .net "mem_addr", 31 0, v0xca0e655e0_0;  1 drivers
v0xca0e68820_0 .net "mem_axi_araddr", 31 0, L_0xca1089730;  1 drivers
v0xca0e688c0_0 .net "mem_axi_arprot", 2 0, L_0xca0d79860;  1 drivers
o0xca14443d0 .functor BUFZ 1, c4<z>; HiZ drive
v0xca0e68960_0 .net "mem_axi_arready", 0 0, o0xca14443d0;  0 drivers
v0xca0e68a00_0 .net "mem_axi_arvalid", 0 0, L_0xca1178150;  1 drivers
v0xca0e68aa0_0 .net "mem_axi_awaddr", 31 0, L_0xca10896c0;  1 drivers
L_0xca1478010 .functor BUFT 1, C4<000>, C4<0>, C4<0>, C4<0>;
v0xca0e68b40_0 .net "mem_axi_awprot", 2 0, L_0xca1478010;  1 drivers
o0xca1444490 .functor BUFZ 1, c4<z>; HiZ drive
v0xca0e68be0_0 .net "mem_axi_awready", 0 0, o0xca1444490;  0 drivers
v0xca0e68c80_0 .net "mem_axi_awvalid", 0 0, L_0xca1178d90;  1 drivers
v0xca0e68d20_0 .net "mem_axi_bready", 0 0, L_0xca1178c40;  1 drivers
o0xca1444520 .functor BUFZ 1, c4<z>; HiZ drive
v0xca0e68dc0_0 .net "mem_axi_bvalid", 0 0, o0xca1444520;  0 drivers
o0xca1444550 .functor BUFZ 32, c4<zzzzzzzzzzzzzzzzzzzzzzzzzzzzzzzz>; HiZ drive
v0xca0e68e60_0 .net "mem_axi_rdata", 31 0, o0xca1444550;  0 drivers
v0xca0e68f00_0 .net "mem_axi_rready", 0 0, L_0xca11782a0;  1 drivers
o0xca14445b0 .functor BUFZ 1, c4<z>; HiZ drive
v0xca0e68fa0_0 .net "mem_axi_rvalid", 0 0, o0xca14445b0;  0 drivers
v0xca0e69040_0 .net "mem_axi_wdata", 31 0, L_0xca10897a0;  1 drivers
o0xca1444610 .functor BUFZ 1, c4<z>; HiZ drive
v0xca0e690e0_0 .net "mem_axi_wready", 0 0, o0xca1444610;  0 drivers
v0xca0e69180_0 .net "mem_axi_wstrb", 3 0, L_0xca1089810;  1 drivers
v0xca0e69220_0 .net "mem_axi_wvalid", 0 0, L_0xca1178230;  1 drivers
v0xca0e692c0_0 .net "mem_instr", 0 0, v0xca0e65a40_0;  1 drivers
v0xca0e69360_0 .net "mem_rdata", 31 0, L_0xca1089880;  1 drivers
v0xca0e69400_0 .net "mem_ready", 0 0, L_0xca1178cb0;  1 drivers
v0xca0e694a0_0 .net "mem_valid", 0 0, v0xca0e66580_0;  1 drivers
v0xca0e69540_0 .net "mem_wdata", 31 0, v0xca0e66620_0;  1 drivers
v0xca0e695e0_0 .net "mem_wstrb", 3 0, v0xca0e66760_0;  1 drivers
v0xca0e69680_0 .net "pcpi_insn", 31 0, v0xca0e66da0_0;  1 drivers
o0xca1447eb0 .functor BUFZ 32, c4<zzzzzzzzzzzzzzzzzzzzzzzzzzzzzzzz>; HiZ drive
v0xca0e69720_0 .net "pcpi_rd", 31 0, o0xca1447eb0;  0 drivers
o0xca1447ee0 .functor BUFZ 1, c4<z>; HiZ drive
v0xca0e697c0_0 .net "pcpi_ready", 0 0, o0xca1447ee0;  0 drivers
v0xca0e69860_0 .net "pcpi_rs1", 31 0, L_0xca1089c00;  1 drivers
v0xca0e69900_0 .net "pcpi_rs2", 31 0, L_0xca1089c70;  1 drivers
v0xca0e699a0_0 .net "pcpi_valid", 0 0, v0xca0e67660_0;  1 drivers
o0xca1447fd0 .functor BUFZ 1, c4<z>; HiZ drive
v0xca0e69a40_0 .net "pcpi_wait", 0 0, o0xca1447fd0;  0 drivers
o0xca1448000 .functor BUFZ 1, c4<z>; HiZ drive
v0xca0e69ae0_0 .net "pcpi_wr", 0 0, o0xca1448000;  0 drivers
o0xca14447c0 .functor BUFZ 1, c4<z>; HiZ drive
v0xca0e69b80_0 .net "resetn", 0 0, o0xca14447c0;  0 drivers
v0xca0e69c20_0 .net "trace_data", 35 0, v0xca0e683c0_0;  1 drivers
v0xca0e69cc0_0 .net "trace_valid", 0 0, v0xca0e68460_0;  1 drivers
v0xca0e69d60_0 .net "trap", 0 0, v0xca0e68500_0;  1 drivers
S_0x10382bc30 .scope module, "axi_adapter" "picorv32_axi_adapter" 3 2619, 3 2731 0, S_0x10382e0e0;
 .timescale -9 -12;
    .port_info 0 /INPUT 1 "clk";
    .port_info 1 /INPUT 1 "resetn";
    .port_info 2 /OUTPUT 1 "mem_axi_awvalid";
    .port_info 3 /INPUT 1 "mem_axi_awready";
    .port_info 4 /OUTPUT 32 "mem_axi_awaddr";
    .port_info 5 /OUTPUT 3 "mem_axi_awprot";
    .port_info 6 /OUTPUT 1 "mem_axi_wvalid";
    .port_info 7 /INPUT 1 "mem_axi_wready";
    .port_info 8 /OUTPUT 32 "mem_axi_wdata";
    .port_info 9 /OUTPUT 4 "mem_axi_wstrb";
    .port_info 10 /INPUT 1 "mem_axi_bvalid";
    .port_info 11 /OUTPUT 1 "mem_axi_bready";
    .port_info 12 /OUTPUT 1 "mem_axi_arvalid";
    .port_info 13 /INPUT 1 "mem_axi_arready";
    .port_info 14 /OUTPUT 32 "mem_axi_araddr";
    .port_info 15 /OUTPUT 3 "mem_axi_arprot";
    .port_info 16 /INPUT 1 "mem_axi_rvalid";
    .port_info 17 /OUTPUT 1 "mem_axi_rready";
    .port_info 18 /INPUT 32 "mem_axi_rdata";
    .port_info 19 /INPUT 1 "mem_valid";
    .port_info 20 /INPUT 1 "mem_instr";
    .port_info 21 /OUTPUT 1 "mem_ready";
    .port_info 22 /INPUT 32 "mem_addr";
    .port_info 23 /INPUT 32 "mem_wdata";
    .port_info 24 /INPUT 4 "mem_wstrb";
    .port_info 25 /OUTPUT 32 "mem_rdata";
L_0xca1178d20 .functor AND 1, v0xca0e66580_0, L_0xca0d795e0, C4<1>, C4<1>;
L_0xca1178d90 .functor AND 1, L_0xca1178d20, L_0xca0d79680, C4<1>, C4<1>;
L_0xca10896c0 .functor BUFZ 32, v0xca0e655e0_0, C4<00000000000000000000000000000000>, C4<00000000000000000000000000000000>, C4<00000000000000000000000000000000>;
L_0xca1178e00 .functor AND 1, v0xca0e66580_0, L_0xca0d79720, C4<1>, C4<1>;
L_0xca1178150 .functor AND 1, L_0xca1178e00, L_0xca0d797c0, C4<1>, C4<1>;
L_0xca1089730 .functor BUFZ 32, v0xca0e655e0_0, C4<00000000000000000000000000000000>, C4<00000000000000000000000000000000>, C4<00000000000000000000000000000000>;
L_0xca11781c0 .functor AND 1, v0xca0e66580_0, L_0xca0d79900, C4<1>, C4<1>;
L_0xca1178230 .functor AND 1, L_0xca11781c0, L_0xca0d799a0, C4<1>, C4<1>;
L_0xca10897a0 .functor BUFZ 32, v0xca0e66620_0, C4<00000000000000000000000000000000>, C4<00000000000000000000000000000000>, C4<00000000000000000000000000000000>;
L_0xca1089810 .functor BUFZ 4, v0xca0e66760_0, C4<0000>, C4<0000>, C4<0000>;
L_0xca1178cb0 .functor OR 1, o0xca1444520, o0xca14445b0, C4<0>, C4<0>;
L_0xca1178c40 .functor AND 1, v0xca0e66580_0, L_0xca0d79a40, C4<1>, C4<1>;
L_0xca11782a0 .functor AND 1, v0xca0e66580_0, L_0xca0d79ae0, C4<1>, C4<1>;
L_0xca1089880 .functor BUFZ 32, o0xca1444550, C4<00000000000000000000000000000000>, C4<00000000000000000000000000000000>, C4<00000000000000000000000000000000>;
v0xca0e300a0_0 .net *"_ivl_1", 0 0, L_0xca0d795e0;  1 drivers
v0xca0e30140_0 .net *"_ivl_13", 0 0, L_0xca0d79720;  1 drivers
v0xca0e301e0_0 .net *"_ivl_15", 0 0, L_0xca1178e00;  1 drivers
v0xca0e30280_0 .net *"_ivl_17", 0 0, L_0xca0d797c0;  1 drivers
L_0xca1478058 .functor BUFT 1, C4<100>, C4<0>, C4<0>, C4<0>;
v0xca0e30320_0 .net/2u *"_ivl_22", 2 0, L_0xca1478058;  1 drivers
L_0xca14780a0 .functor BUFT 1, C4<000>, C4<0>, C4<0>, C4<0>;
v0xca0e303c0_0 .net/2u *"_ivl_24", 2 0, L_0xca14780a0;  1 drivers
v0xca0e30460_0 .net *"_ivl_29", 0 0, L_0xca0d79900;  1 drivers
v0xca0e30500_0 .net *"_ivl_3", 0 0, L_0xca1178d20;  1 drivers
v0xca0e305a0_0 .net *"_ivl_31", 0 0, L_0xca11781c0;  1 drivers
v0xca0e30640_0 .net *"_ivl_33", 0 0, L_0xca0d799a0;  1 drivers
v0xca0e306e0_0 .net *"_ivl_43", 0 0, L_0xca0d79a40;  1 drivers
v0xca0e30780_0 .net *"_ivl_47", 0 0, L_0xca0d79ae0;  1 drivers
v0xca0e30820_0 .net *"_ivl_5", 0 0, L_0xca0d79680;  1 drivers
v0xca0e308c0_0 .var "ack_arvalid", 0 0;
v0xca0e30960_0 .var "ack_awvalid", 0 0;
v0xca0e30a00_0 .var "ack_wvalid", 0 0;
v0xca0e30aa0_0 .net "clk", 0 0, o0xca1444310;  alias, 0 drivers
v0xca0e30b40_0 .net "mem_addr", 31 0, v0xca0e655e0_0;  alias, 1 drivers
v0xca0e30be0_0 .net "mem_axi_araddr", 31 0, L_0xca1089730;  alias, 1 drivers
v0xca0e30c80_0 .net "mem_axi_arprot", 2 0, L_0xca0d79860;  alias, 1 drivers
v0xca0e30d20_0 .net "mem_axi_arready", 0 0, o0xca14443d0;  alias, 0 drivers
v0xca0e30dc0_0 .net "mem_axi_arvalid", 0 0, L_0xca1178150;  alias, 1 drivers
v0xca0e30e60_0 .net "mem_axi_awaddr", 31 0, L_0xca10896c0;  alias, 1 drivers
v0xca0e30f00_0 .net "mem_axi_awprot", 2 0, L_0xca1478010;  alias, 1 drivers
v0xca0e30fa0_0 .net "mem_axi_awready", 0 0, o0xca1444490;  alias, 0 drivers
v0xca0e31040_0 .net "mem_axi_awvalid", 0 0, L_0xca1178d90;  alias, 1 drivers
v0xca0e310e0_0 .net "mem_axi_bready", 0 0, L_0xca1178c40;  alias, 1 drivers
v0xca0e31180_0 .net "mem_axi_bvalid", 0 0, o0xca1444520;  alias, 0 drivers
v0xca0e31220_0 .net "mem_axi_rdata", 31 0, o0xca1444550;  alias, 0 drivers
v0xca0e312c0_0 .net "mem_axi_rready", 0 0, L_0xca11782a0;  alias, 1 drivers
v0xca0e31360_0 .net "mem_axi_rvalid", 0 0, o0xca14445b0;  alias, 0 drivers
v0xca0e31400_0 .net "mem_axi_wdata", 31 0, L_0xca10897a0;  alias, 1 drivers
v0xca0e314a0_0 .net "mem_axi_wready", 0 0, o0xca1444610;  alias, 0 drivers
v0xca0e31540_0 .net "mem_axi_wstrb", 3 0, L_0xca1089810;  alias, 1 drivers
v0xca0e315e0_0 .net "mem_axi_wvalid", 0 0, L_0xca1178230;  alias, 1 drivers
v0xca0e31680_0 .net "mem_instr", 0 0, v0xca0e65a40_0;  alias, 1 drivers
v0xca0e31720_0 .net "mem_rdata", 31 0, L_0xca1089880;  alias, 1 drivers
v0xca0e317c0_0 .net "mem_ready", 0 0, L_0xca1178cb0;  alias, 1 drivers
v0xca0e31860_0 .net "mem_valid", 0 0, v0xca0e66580_0;  alias, 1 drivers
v0xca0e31900_0 .net "mem_wdata", 31 0, v0xca0e66620_0;  alias, 1 drivers
v0xca0e319a0_0 .net "mem_wstrb", 3 0, v0xca0e66760_0;  alias, 1 drivers
v0xca0e31a40_0 .net "resetn", 0 0, o0xca14447c0;  alias, 0 drivers
v0xca0e31ae0_0 .var "xfer_done", 0 0;
E_0xca11a8dc0 .event posedge, v0xca0e30aa0_0;
L_0xca0d795e0 .reduce/or v0xca0e66760_0;
L_0xca0d79680 .reduce/nor v0xca0e30960_0;
L_0xca0d79720 .reduce/nor v0xca0e66760_0;
L_0xca0d797c0 .reduce/nor v0xca0e308c0_0;
L_0xca0d79860 .functor MUXZ 3, L_0xca14780a0, L_0xca1478058, v0xca0e65a40_0, C4<>;
L_0xca0d79900 .reduce/or v0xca0e66760_0;
L_0xca0d799a0 .reduce/nor v0xca0e30a00_0;
L_0xca0d79a40 .reduce/or v0xca0e66760_0;
L_0xca0d79ae0 .reduce/nor v0xca0e66760_0;
S_0x10382bdb0 .scope module, "picorv32_core" "picorv32" 3 2674, 3 62 0, S_0x10382e0e0;
 .timescale -9 -12;
    .port_info 0 /INPUT 1 "clk";
    .port_info 1 /INPUT 1 "resetn";
    .port_info 2 /OUTPUT 1 "trap";
    .port_info 3 /OUTPUT 1 "mem_valid";
    .port_info 4 /OUTPUT 1 "mem_instr";
    .port_info 5 /INPUT 1 "mem_ready";
    .port_info 6 /OUTPUT 32 "mem_addr";
    .port_info 7 /OUTPUT 32 "mem_wdata";
    .port_info 8 /OUTPUT 4 "mem_wstrb";
    .port_info 9 /INPUT 32 "mem_rdata";
    .port_info 10 /OUTPUT 1 "mem_la_read";
    .port_info 11 /OUTPUT 1 "mem_la_write";
    .port_info 12 /OUTPUT 32 "mem_la_addr";
    .port_info 13 /OUTPUT 32 "mem_la_wdata";
    .port_info 14 /OUTPUT 4 "mem_la_wstrb";
    .port_info 15 /OUTPUT 1 "pcpi_valid";
    .port_info 16 /OUTPUT 32 "pcpi_insn";
    .port_info 17 /OUTPUT 32 "pcpi_rs1";
    .port_info 18 /OUTPUT 32 "pcpi_rs2";
    .port_info 19 /INPUT 1 "pcpi_wr";
    .port_info 20 /INPUT 32 "pcpi_rd";
    .port_info 21 /INPUT 1 "pcpi_wait";
    .port_info 22 /INPUT 1 "pcpi_ready";
    .port_info 23 /INPUT 32 "irq";
    .port_info 24 /OUTPUT 32 "eoi";
    .port_info 25 /OUTPUT 1 "trace_valid";
    .port_info 26 /OUTPUT 36 "trace_data";
P_0x1038424e0 .param/l "BARREL_SHIFTER" 0 3 69, C4<0>;
P_0x103842520 .param/l "CATCH_ILLINSN" 0 3 74, C4<1>;
P_0x103842560 .param/l "CATCH_MISALIGN" 0 3 73, C4<1>;
P_0x1038425a0 .param/l "COMPRESSED_ISA" 0 3 72, C4<0>;
P_0x1038425e0 .param/l "ENABLE_COUNTERS" 0 3 63, C4<1>;
P_0x103842620 .param/l "ENABLE_COUNTERS64" 0 3 64, C4<1>;
P_0x103842660 .param/l "ENABLE_DIV" 0 3 78, C4<0>;
P_0x1038426a0 .param/l "ENABLE_FAST_MUL" 0 3 77, C4<0>;
P_0x1038426e0 .param/l "ENABLE_IRQ" 0 3 79, C4<0>;
P_0x103842720 .param/l "ENABLE_IRQ_QREGS" 0 3 80, C4<1>;
P_0x103842760 .param/l "ENABLE_IRQ_TIMER" 0 3 81, C4<1>;
P_0x1038427a0 .param/l "ENABLE_MUL" 0 3 76, C4<0>;
P_0x1038427e0 .param/l "ENABLE_PCPI" 0 3 75, C4<0>;
P_0x103842820 .param/l "ENABLE_REGS_16_31" 0 3 65, C4<1>;
P_0x103842860 .param/l "ENABLE_REGS_DUALPORT" 0 3 66, C4<1>;
P_0x1038428a0 .param/l "ENABLE_TRACE" 0 3 82, C4<0>;
P_0x1038428e0 .param/l "LATCHED_IRQ" 0 3 85, C4<11111111111111111111111111111111>;
P_0x103842920 .param/l "LATCHED_MEM_RDATA" 0 3 67, C4<0>;
P_0x103842960 .param/l "MASKED_IRQ" 0 3 84, C4<00000000000000000000000000000000>;
P_0x1038429a0 .param/l "PROGADDR_IRQ" 0 3 87, C4<00000000000000000000000000010000>;
P_0x1038429e0 .param/l "PROGADDR_RESET" 0 3 86, C4<00000000000000000000000000000000>;
P_0x103842a20 .param/l "REGS_INIT_ZERO" 0 3 83, C4<0>;
P_0x103842a60 .param/l "STACKADDR" 0 3 88, C4<11111111111111111111111111111111>;
P_0x103842aa0 .param/l "TRACE_ADDR" 1 3 172, C4<001000000000000000000000000000000000>;
P_0x103842ae0 .param/l "TRACE_BRANCH" 1 3 171, C4<000100000000000000000000000000000000>;
P_0x103842b20 .param/l "TRACE_IRQ" 1 3 173, C4<100000000000000000000000000000000000>;
P_0x103842b60 .param/l "TWO_CYCLE_ALU" 0 3 71, C4<0>;
P_0x103842ba0 .param/l "TWO_CYCLE_COMPARE" 0 3 70, C4<0>;
P_0x103842be0 .param/l "TWO_STAGE_SHIFT" 0 3 68, C4<1>;
P_0x103842c20 .param/l "WITH_PCPI" 1 3 169, C4<0>;
P_0x103842c60 .param/l "cpu_state_exec" 1 3 1176, C4<00001000>;
P_0x103842ca0 .param/l "cpu_state_fetch" 1 3 1173, C4<01000000>;
P_0x103842ce0 .param/l "cpu_state_ld_rs1" 1 3 1174, C4<00100000>;
P_0x103842d20 .param/l "cpu_state_ld_rs2" 1 3 1175, C4<00010000>;
P_0x103842d60 .param/l "cpu_state_ldmem" 1 3 1179, C4<00000001>;
P_0x103842da0 .param/l "cpu_state_shift" 1 3 1177, C4<00000100>;
P_0x103842de0 .param/l "cpu_state_stmem" 1 3 1178, C4<00000010>;
P_0x103842e20 .param/l "cpu_state_trap" 1 3 1172, C4<10000000>;
P_0x103842e60 .param/l "irq_buserror" 1 3 163, +C4<00000000000000000000000000000010>;
P_0x103842ea0 .param/l "irq_ebreak" 1 3 162, +C4<00000000000000000000000000000001>;
P_0x103842ee0 .param/l "irq_timer" 1 3 161, +C4<00000000000000000000000000000000>;
P_0x103842f20 .param/l "irqregs_offset" 1 3 165, +C4<00000000000000000000000000100000>;
P_0x103842f60 .param/l "regfile_size" 1 3 166, +C4<00000000000000000000000000100000>;
P_0x103842fa0 .param/l "regindex_bits" 1 3 167, +C4<00000000000000000000000000000101>;
L_0xca10898f0 .functor BUFZ 1, v0xca0e66580_0, C4<0>, C4<0>, C4<0>;
L_0xca1089960 .functor BUFZ 1, v0xca0e65a40_0, C4<0>, C4<0>, C4<0>;
L_0xca10899d0 .functor BUFZ 1, L_0xca1178cb0, C4<0>, C4<0>, C4<0>;
L_0xca1089a40 .functor BUFZ 32, v0xca0e655e0_0, C4<00000000000000000000000000000000>, C4<00000000000000000000000000000000>, C4<00000000000000000000000000000000>;
L_0xca1089ab0 .functor BUFZ 32, v0xca0e66620_0, C4<00000000000000000000000000000000>, C4<00000000000000000000000000000000>, C4<00000000000000000000000000000000>;
L_0xca1089b20 .functor BUFZ 4, v0xca0e66760_0, C4<0000>, C4<0000>, C4<0000>;
L_0xca1089b90 .functor BUFZ 32, L_0xca1089880, C4<00000000000000000000000000000000>, C4<00000000000000000000000000000000>, C4<00000000000000000000000000000000>;
L_0xca1089c00 .functor BUFZ 32, v0xca0e67d40_0, C4<00000000000000000000000000000000>, C4<00000000000000000000000000000000>, C4<00000000000000000000000000000000>;
L_0xca1089c70 .functor BUFZ 32, v0xca0e67de0_0, C4<00000000000000000000000000000000>, C4<00000000000000000000000000000000>, C4<00000000000000000000000000000000>;
L_0xca1178380 .functor AND 1, v0xca0e66580_0, L_0xca1178cb0, C4<1>, C4<1>;
L_0xca14783b8 .functor BUFT 1, C4<0>, C4<0>, C4<0>, C4<0>;
L_0xca11784d0 .functor AND 1, L_0xca14783b8, v0xca0e65860_0, C4<1>, C4<1>;
L_0xca11785b0 .functor OR 1, L_0xca1178380, L_0xca11784d0, C4<0>, C4<0>;
L_0xca1178620 .functor AND 1, L_0xca11785b0, L_0xca0d79cc0, C4<1>, C4<1>;
L_0xca1178770 .functor OR 1, v0xca0e65860_0, v0xca0e657c0_0, C4<0>, C4<0>;
L_0xca1178850 .functor OR 1, L_0xca1178770, v0xca0e65900_0, C4<0>, C4<0>;
L_0xca1178690 .functor AND 1, L_0xca1178620, L_0xca1178850, C4<1>, C4<1>;
L_0xca11789a0 .functor AND 1, L_0xca0d79d60, v0xca0e65860_0, C4<1>, C4<1>;
L_0xca1178af0 .functor OR 1, L_0xca1178690, L_0xca11789a0, C4<0>, C4<0>;
L_0xca1178e70 .functor AND 1, o0xca14447c0, L_0xca1178af0, C4<1>, C4<1>;
L_0xca1178ee0 .functor AND 1, L_0xca0d79ea0, L_0xca11785b0, C4<1>, C4<1>;
L_0xca1178f50 .functor OR 1, L_0xca0d79e00, L_0xca1178ee0, C4<0>, C4<0>;
L_0xca1178fc0 .functor AND 1, L_0xca1178e70, L_0xca1178f50, C4<1>, C4<1>;
L_0xca1179030 .functor AND 1, o0xca14447c0, L_0xca0d79f40, C4<1>, C4<1>;
L_0xca11790a0 .functor AND 1, L_0xca1179030, v0xca0e65900_0, C4<1>, C4<1>;
L_0xca1179110 .functor AND 1, L_0xca0d79fe0, L_0xca0d7a080, C4<1>, C4<1>;
L_0xca1179180 .functor OR 1, v0xca0e65860_0, v0xca0e65720_0, C4<0>, C4<0>;
L_0xca11791f0 .functor OR 1, L_0xca1179180, v0xca0e657c0_0, C4<0>, C4<0>;
L_0xca1179260 .functor AND 1, L_0xca1179110, L_0xca11791f0, C4<1>, C4<1>;
L_0xca1478400 .functor BUFT 1, C4<0>, C4<0>, C4<0>, C4<0>;
L_0xca11792d0 .functor OR 1, L_0xca1179260, L_0xca1478400, C4<0>, C4<0>;
L_0xca1179340 .functor AND 1, o0xca14447c0, L_0xca11792d0, C4<1>, C4<1>;
L_0xca11793b0 .functor OR 1, v0xca0e65720_0, v0xca0e65860_0, C4<0>, C4<0>;
L_0xca14784d8 .functor BUFT 1, C4<0>, C4<0>, C4<0>, C4<0>;
L_0xca1179420 .functor OR 1, L_0xca11785b0, L_0xca14784d8, C4<0>, C4<0>;
L_0xca1089ce0 .functor BUFZ 32, L_0xca0d7a3a0, C4<00000000000000000000000000000000>, C4<00000000000000000000000000000000>, C4<00000000000000000000000000000000>;
L_0xca1478520 .functor BUFT 1, C4<1>, C4<0>, C4<0>, C4<0>;
L_0xca1179490 .functor AND 1, L_0xca1478520, L_0xca0d7a4e0, C4<1>, C4<1>;
L_0xca1179500 .functor AND 1, v0xca0e65400_0, v0xca0e64fa0_0, C4<1>, C4<1>;
L_0xca1478568 .functor BUFT 1, C4<11111111111111111111111111111110>, C4<0>, C4<0>, C4<0>;
L_0xca1179570 .functor AND 32, v0xca0e67e80_0, L_0xca1478568, C4<11111111111111111111111111111111>, C4<11111111111111111111111111111111>;
L_0xca11795e0 .functor AND 1, L_0xca0e91a40, v0xca0e61fe0_0, C4<1>, C4<1>;
L_0xca14785f8 .functor BUFT 1, C4<1>, C4<0>, C4<0>, C4<0>;
L_0xca1179650 .functor AND 1, L_0xca11795e0, L_0xca14785f8, C4<1>, C4<1>;
v0xca0e31b80_0 .net *"_ivl_100", 31 0, L_0xca0d7a1c0;  1 drivers
v0xca0e31c20_0 .net *"_ivl_103", 29 0, L_0xca0e919a0;  1 drivers
L_0xca1478490 .functor BUFT 1, C4<00>, C4<0>, C4<0>, C4<0>;
v0xca0e31cc0_0 .net/2u *"_ivl_104", 1 0, L_0xca1478490;  1 drivers
v0xca0e31d60_0 .net *"_ivl_106", 31 0, L_0xca0d7a260;  1 drivers
v0xca0e31e00_0 .net/2u *"_ivl_110", 0 0, L_0xca14784d8;  1 drivers
v0xca0e31ea0_0 .net *"_ivl_113", 0 0, L_0xca1179420;  1 drivers
v0xca0e31f40_0 .net/2u *"_ivl_118", 0 0, L_0xca1478520;  1 drivers
v0xca0e31fe0_0 .net *"_ivl_120", 47 0, L_0xca0d7a440;  1 drivers
v0xca0e32080_0 .net *"_ivl_123", 0 0, L_0xca0d7a4e0;  1 drivers
v0xca0e32120_0 .net *"_ivl_126", 3 0, L_0xca0d7a580;  1 drivers
v0xca0e321c0_0 .net *"_ivl_131", 0 0, L_0xca1179500;  1 drivers
v0xca0e32260_0 .net/2u *"_ivl_132", 31 0, L_0xca1478568;  1 drivers
v0xca0e32300_0 .net *"_ivl_134", 31 0, L_0xca1179570;  1 drivers
L_0xca14785b0 .functor BUFT 1, C4<01000000>, C4<0>, C4<0>, C4<0>;
v0xca0e323a0_0 .net/2u *"_ivl_138", 7 0, L_0xca14785b0;  1 drivers
v0xca0e32440_0 .net *"_ivl_140", 0 0, L_0xca0e91a40;  1 drivers
v0xca0e324e0_0 .net *"_ivl_143", 0 0, L_0xca11795e0;  1 drivers
v0xca0e32580_0 .net/2u *"_ivl_144", 0 0, L_0xca14785f8;  1 drivers
v0xca0e32620_0 .net *"_ivl_25", 0 0, L_0xca1178380;  1 drivers
v0xca0e326c0_0 .net *"_ivl_27", 0 0, L_0xca11784d0;  1 drivers
v0xca0e32760_0 .net *"_ivl_30", 3 0, L_0xca0d79b80;  1 drivers
v0xca0e32800_0 .net *"_ivl_35", 0 0, L_0xca0d79cc0;  1 drivers
v0xca0e328a0_0 .net *"_ivl_37", 0 0, L_0xca1178620;  1 drivers
v0xca0e32940_0 .net *"_ivl_39", 0 0, L_0xca1178770;  1 drivers
v0xca0e329e0_0 .net *"_ivl_41", 0 0, L_0xca1178850;  1 drivers
v0xca0e32a80_0 .net *"_ivl_43", 0 0, L_0xca1178690;  1 drivers
v0xca0e32b20_0 .net *"_ivl_45", 0 0, L_0xca0d79d60;  1 drivers
v0xca0e32bc0_0 .net *"_ivl_47", 0 0, L_0xca11789a0;  1 drivers
v0xca0e32c60_0 .net *"_ivl_49", 0 0, L_0xca1178af0;  1 drivers
v0xca0e32d00_0 .net *"_ivl_51", 0 0, L_0xca1178e70;  1 drivers
v0xca0e32da0_0 .net *"_ivl_53", 0 0, L_0xca0d79e00;  1 drivers
v0xca0e32e40_0 .net *"_ivl_55", 1 0, L_0xca0e91860;  1 drivers
v0xca0e32ee0_0 .net *"_ivl_57", 0 0, L_0xca0d79ea0;  1 drivers
v0xca0e32f80_0 .net *"_ivl_59", 0 0, L_0xca1178ee0;  1 drivers
v0xca0e33020_0 .net *"_ivl_61", 0 0, L_0xca1178f50;  1 drivers
v0xca0e330c0_0 .net *"_ivl_65", 0 0, L_0xca0d79f40;  1 drivers
v0xca0e33160_0 .net *"_ivl_67", 0 0, L_0xca1179030;  1 drivers
v0xca0e33200_0 .net *"_ivl_71", 0 0, L_0xca0d79fe0;  1 drivers
v0xca0e332a0_0 .net *"_ivl_73", 0 0, L_0xca0d7a080;  1 drivers
v0xca0e33340_0 .net *"_ivl_75", 0 0, L_0xca1179110;  1 drivers
v0xca0e333e0_0 .net *"_ivl_77", 0 0, L_0xca1179180;  1 drivers
v0xca0e33480_0 .net *"_ivl_79", 0 0, L_0xca11791f0;  1 drivers
v0xca0e33520_0 .net *"_ivl_81", 0 0, L_0xca1179260;  1 drivers
v0xca0e335c0_0 .net/2u *"_ivl_82", 0 0, L_0xca1478400;  1 drivers
v0xca0e33660_0 .net *"_ivl_85", 0 0, L_0xca11792d0;  1 drivers
v0xca0e33700_0 .net *"_ivl_89", 0 0, L_0xca11793b0;  1 drivers
v0xca0e337a0_0 .net *"_ivl_91", 29 0, L_0xca0e91900;  1 drivers
L_0xca14792a0 .functor BUFT 1, C4<000000000000000000000000000000>, C4<0>, C4<0>, C4<0>;
v0xca0e33840_0 .net *"_ivl_92", 29 0, L_0xca14792a0;  1 drivers
v0xca0e338e0_0 .net *"_ivl_96", 29 0, L_0xca0d7a120;  1 drivers
L_0xca1478448 .functor BUFT 1, C4<00>, C4<0>, C4<0>, C4<0>;
v0xca0e33980_0 .net/2u *"_ivl_98", 1 0, L_0xca1478448;  1 drivers
v0xca0e33a20_0 .var "alu_add_sub", 31 0;
v0xca0e33ac0_0 .var "alu_eq", 0 0;
v0xca0e33b60_0 .var "alu_lts", 0 0;
v0xca0e33c00_0 .var "alu_ltu", 0 0;
v0xca0e33ca0_0 .var "alu_out", 31 0;
v0xca0e33d40_0 .var "alu_out_0", 0 0;
v0xca0e33de0_0 .var "alu_out_0_q", 0 0;
v0xca0e33e80_0 .var "alu_out_q", 31 0;
v0xca0e33f20_0 .var "alu_shl", 31 0;
v0xca0e60000_0 .var "alu_shr", 31 0;
v0xca0e600a0_0 .var "alu_wait", 0 0;
v0xca0e60140_0 .var "alu_wait_2", 0 0;
v0xca0e601e0_0 .var "cached_ascii_instr", 63 0;
v0xca0e60280_0 .var "cached_insn_imm", 31 0;
v0xca0e60320_0 .var "cached_insn_opcode", 31 0;
v0xca0e603c0_0 .var "cached_insn_rd", 4 0;
v0xca0e60460_0 .var "cached_insn_rs1", 4 0;
v0xca0e60500_0 .var "cached_insn_rs2", 4 0;
v0xca0e605a0_0 .var "clear_prefetched_high_word", 0 0;
v0xca0e60640_0 .var "clear_prefetched_high_word_q", 0 0;
v0xca0e606e0_0 .net "clk", 0 0, o0xca1444310;  alias, 0 drivers
v0xca0e60780_0 .var "compressed_instr", 0 0;
v0xca0e60820_0 .var "count_cycle", 63 0;
v0xca0e608c0_0 .var "count_instr", 63 0;
v0xca0e60960_0 .var "cpu_state", 7 0;
v0xca0e60a00 .array "cpuregs", 31 0, 31 0;
v0xca0e60aa0_0 .var "cpuregs_rs1", 31 0;
v0xca0e60b40_0 .var "cpuregs_rs2", 31 0;
v0xca0e60be0_0 .var "cpuregs_wrdata", 31 0;
v0xca0e60c80_0 .var "cpuregs_write", 0 0;
v0xca0e60d20_0 .var "current_pc", 31 0;
v0xca0e60dc0_0 .var "dbg_ascii_instr", 63 0;
v0xca0e60e60_0 .var "dbg_ascii_state", 127 0;
v0xca0e60f00_0 .var "dbg_insn_addr", 31 0;
v0xca0e60fa0_0 .var "dbg_insn_imm", 31 0;
v0xca0e61040_0 .var "dbg_insn_opcode", 31 0;
v0xca0e610e0_0 .var "dbg_insn_rd", 4 0;
v0xca0e61180_0 .var "dbg_insn_rs1", 4 0;
v0xca0e61220_0 .var "dbg_insn_rs2", 4 0;
v0xca0e612c0_0 .net "dbg_mem_addr", 31 0, L_0xca1089a40;  1 drivers
v0xca0e61360_0 .net "dbg_mem_instr", 0 0, L_0xca1089960;  1 drivers
v0xca0e61400_0 .net "dbg_mem_rdata", 31 0, L_0xca1089b90;  1 drivers
v0xca0e614a0_0 .net "dbg_mem_ready", 0 0, L_0xca10899d0;  1 drivers
v0xca0e61540_0 .net "dbg_mem_valid", 0 0, L_0xca10898f0;  1 drivers
v0xca0e615e0_0 .net "dbg_mem_wdata", 31 0, L_0xca1089ab0;  1 drivers
v0xca0e61680_0 .net "dbg_mem_wstrb", 3 0, L_0xca1089b20;  1 drivers
v0xca0e61720_0 .var "dbg_next", 0 0;
v0xca0e617c0_0 .var "dbg_rs1val", 31 0;
v0xca0e61860_0 .var "dbg_rs1val_valid", 0 0;
v0xca0e61900_0 .var "dbg_rs2val", 31 0;
v0xca0e619a0_0 .var "dbg_rs2val_valid", 0 0;
v0xca0e61a40_0 .var "dbg_valid_insn", 0 0;
v0xca0e61ae0_0 .var "decoded_imm", 31 0;
v0xca0e61b80_0 .var "decoded_imm_j", 31 0;
v0xca0e61c20_0 .var "decoded_rd", 4 0;
v0xca0e61cc0_0 .var "decoded_rs", 4 0;
v0xca0e61d60_0 .var "decoded_rs1", 4 0;
v0xca0e61e00_0 .var "decoded_rs2", 4 0;
v0xca0e61ea0_0 .var "decoder_pseudo_trigger", 0 0;
v0xca0e61f40_0 .var "decoder_pseudo_trigger_q", 0 0;
v0xca0e61fe0_0 .var "decoder_trigger", 0 0;
v0xca0e62080_0 .var "decoder_trigger_q", 0 0;
v0xca0e62120_0 .var "do_waitirq", 0 0;
v0xca0e621c0_0 .var "eoi", 31 0;
v0xca0e62260_0 .var "instr_add", 0 0;
v0xca0e62300_0 .var "instr_addi", 0 0;
v0xca0e623a0_0 .var "instr_and", 0 0;
v0xca0e62440_0 .var "instr_andi", 0 0;
v0xca0e624e0_0 .var "instr_auipc", 0 0;
v0xca0e62580_0 .var "instr_beq", 0 0;
v0xca0e62620_0 .var "instr_bge", 0 0;
v0xca0e626c0_0 .var "instr_bgeu", 0 0;
v0xca0e62760_0 .var "instr_blt", 0 0;
v0xca0e62800_0 .var "instr_bltu", 0 0;
v0xca0e628a0_0 .var "instr_bne", 0 0;
v0xca0e62940_0 .var "instr_ecall_ebreak", 0 0;
v0xca0e629e0_0 .var "instr_fence", 0 0;
v0xca0e62a80_0 .var "instr_getq", 0 0;
v0xca0e62b20_0 .var "instr_jal", 0 0;
v0xca0e62bc0_0 .var "instr_jalr", 0 0;
v0xca0e62c60_0 .var "instr_lb", 0 0;
v0xca0e62d00_0 .var "instr_lbu", 0 0;
v0xca0e62da0_0 .var "instr_lh", 0 0;
v0xca0e62e40_0 .var "instr_lhu", 0 0;
v0xca0e62ee0_0 .var "instr_lui", 0 0;
v0xca0e62f80_0 .var "instr_lw", 0 0;
v0xca0e63020_0 .var "instr_maskirq", 0 0;
v0xca0e630c0_0 .var "instr_or", 0 0;
v0xca0e63160_0 .var "instr_ori", 0 0;
v0xca0e63200_0 .var "instr_rdcycle", 0 0;
v0xca0e632a0_0 .var "instr_rdcycleh", 0 0;
v0xca0e63340_0 .var "instr_rdinstr", 0 0;
v0xca0e633e0_0 .var "instr_rdinstrh", 0 0;
v0xca0e63480_0 .var "instr_retirq", 0 0;
v0xca0e63520_0 .var "instr_sb", 0 0;
v0xca0e635c0_0 .var "instr_setq", 0 0;
v0xca0e63660_0 .var "instr_sh", 0 0;
v0xca0e63700_0 .var "instr_sll", 0 0;
v0xca0e637a0_0 .var "instr_slli", 0 0;
v0xca0e63840_0 .var "instr_slt", 0 0;
v0xca0e638e0_0 .var "instr_slti", 0 0;
v0xca0e63980_0 .var "instr_sltiu", 0 0;
v0xca0e63a20_0 .var "instr_sltu", 0 0;
v0xca0e63ac0_0 .var "instr_sra", 0 0;
v0xca0e63b60_0 .var "instr_srai", 0 0;
v0xca0e63c00_0 .var "instr_srl", 0 0;
v0xca0e63ca0_0 .var "instr_srli", 0 0;
v0xca0e63d40_0 .var "instr_sub", 0 0;
v0xca0e63de0_0 .var "instr_sw", 0 0;
v0xca0e63e80_0 .var "instr_timer", 0 0;
v0xca0e63f20_0 .net "instr_trap", 0 0, L_0xca1179490;  1 drivers
v0xca0e64000_0 .var "instr_waitirq", 0 0;
v0xca0e640a0_0 .var "instr_xor", 0 0;
v0xca0e64140_0 .var "instr_xori", 0 0;
v0xca0e641e0_0 .net "irq", 31 0, o0xca1447130;  alias, 0 drivers
v0xca0e64280_0 .var "irq_active", 0 0;
v0xca0e64320_0 .var "irq_delay", 0 0;
v0xca0e643c0_0 .var "irq_mask", 31 0;
v0xca0e64460_0 .var "irq_pending", 31 0;
v0xca0e64500_0 .var "irq_state", 1 0;
v0xca0e645a0_0 .var "is_alu_reg_imm", 0 0;
v0xca0e64640_0 .var "is_alu_reg_reg", 0 0;
v0xca0e646e0_0 .var "is_beq_bne_blt_bge_bltu_bgeu", 0 0;
v0xca0e64780_0 .var "is_compare", 0 0;
v0xca0e64820_0 .var "is_jalr_addi_slti_sltiu_xori_ori_andi", 0 0;
v0xca0e648c0_0 .var "is_lb_lh_lw_lbu_lhu", 0 0;
v0xca0e64960_0 .var "is_lbu_lhu_lw", 0 0;
v0xca0e64a00_0 .var "is_lui_auipc_jal", 0 0;
v0xca0e64aa0_0 .var "is_lui_auipc_jal_jalr_addi_add_sub", 0 0;
v0xca0e64b40_0 .net "is_rdcycle_rdcycleh_rdinstr_rdinstrh", 0 0, L_0xca0d7a620;  1 drivers
v0xca0e64be0_0 .var "is_sb_sh_sw", 0 0;
v0xca0e64c80_0 .var "is_sll_srl_sra", 0 0;
v0xca0e64d20_0 .var "is_slli_srli_srai", 0 0;
v0xca0e64dc0_0 .var "is_slti_blt_slt", 0 0;
v0xca0e64e60_0 .var "is_sltiu_bltu_sltu", 0 0;
v0xca0e64f00_0 .var "last_mem_valid", 0 0;
v0xca0e64fa0_0 .var "latched_branch", 0 0;
v0xca0e65040_0 .var "latched_compr", 0 0;
v0xca0e650e0_0 .var "latched_is_lb", 0 0;
v0xca0e65180_0 .var "latched_is_lh", 0 0;
v0xca0e65220_0 .var "latched_is_lu", 0 0;
v0xca0e652c0_0 .var "latched_rd", 4 0;
v0xca0e65360_0 .var "latched_stalu", 0 0;
v0xca0e65400_0 .var "latched_store", 0 0;
v0xca0e654a0_0 .var "latched_trace", 0 0;
v0xca0e65540_0 .net "launch_next_insn", 0 0, L_0xca1179650;  1 drivers
v0xca0e655e0_0 .var "mem_addr", 31 0;
v0xca0e65680_0 .net "mem_busy", 0 0, L_0xca0d79c20;  1 drivers
v0xca0e65720_0 .var "mem_do_prefetch", 0 0;
v0xca0e657c0_0 .var "mem_do_rdata", 0 0;
v0xca0e65860_0 .var "mem_do_rinst", 0 0;
v0xca0e65900_0 .var "mem_do_wdata", 0 0;
v0xca0e659a0_0 .net "mem_done", 0 0, L_0xca1178fc0;  1 drivers
v0xca0e65a40_0 .var "mem_instr", 0 0;
v0xca0e65ae0_0 .net "mem_la_addr", 31 0, L_0xca0d7a300;  1 drivers
L_0xca1478328 .functor BUFT 1, C4<0>, C4<0>, C4<0>, C4<0>;
v0xca0e65b80_0 .net "mem_la_firstword", 0 0, L_0xca1478328;  1 drivers
v0xca0e65c20_0 .var "mem_la_firstword_reg", 0 0;
L_0xca1478370 .functor BUFT 1, C4<0>, C4<0>, C4<0>, C4<0>;
v0xca0e65cc0_0 .net "mem_la_firstword_xfer", 0 0, L_0xca1478370;  1 drivers
v0xca0e65d60_0 .net "mem_la_read", 0 0, L_0xca1179340;  1 drivers
v0xca0e65e00_0 .var "mem_la_secondword", 0 0;
v0xca0e65ea0_0 .net "mem_la_use_prefetched_high_word", 0 0, L_0xca14783b8;  1 drivers
v0xca0e65f40_0 .var "mem_la_wdata", 31 0;
v0xca0e65fe0_0 .net "mem_la_write", 0 0, L_0xca11790a0;  1 drivers
v0xca0e66080_0 .var "mem_la_wstrb", 3 0;
v0xca0e66120_0 .net "mem_rdata", 31 0, L_0xca1089880;  alias, 1 drivers
v0xca0e661c0_0 .net "mem_rdata_latched", 31 0, L_0xca1089ce0;  1 drivers
v0xca0e66260_0 .net "mem_rdata_latched_noshuffle", 31 0, L_0xca0d7a3a0;  1 drivers
v0xca0e66300_0 .var "mem_rdata_q", 31 0;
v0xca0e663a0_0 .var "mem_rdata_word", 31 0;
v0xca0e66440_0 .net "mem_ready", 0 0, L_0xca1178cb0;  alias, 1 drivers
v0xca0e664e0_0 .var "mem_state", 1 0;
v0xca0e66580_0 .var "mem_valid", 0 0;
v0xca0e66620_0 .var "mem_wdata", 31 0;
v0xca0e666c0_0 .var "mem_wordsize", 1 0;
v0xca0e66760_0 .var "mem_wstrb", 3 0;
v0xca0e66800_0 .net "mem_xfer", 0 0, L_0xca11785b0;  1 drivers
v0xca0e668a0_0 .var "new_ascii_instr", 63 0;
v0xca0e66940_0 .var "next_insn_opcode", 31 0;
v0xca0e669e0_0 .var "next_irq_pending", 31 0;
v0xca0e66a80_0 .net "next_pc", 31 0, L_0xca0d7a6c0;  1 drivers
L_0xca1478250 .functor BUFT 1, C4<xxxxxxxxxxxxxxxxxxxxxxxxxxxxxxxx>, C4<0>, C4<0>, C4<0>;
v0xca0e66b20_0 .net "pcpi_div_rd", 31 0, L_0xca1478250;  1 drivers
L_0xca14782e0 .functor BUFT 1, C4<0>, C4<0>, C4<0>, C4<0>;
v0xca0e66bc0_0 .net "pcpi_div_ready", 0 0, L_0xca14782e0;  1 drivers
L_0xca1478298 .functor BUFT 1, C4<0>, C4<0>, C4<0>, C4<0>;
v0xca0e66c60_0 .net "pcpi_div_wait", 0 0, L_0xca1478298;  1 drivers
L_0xca1478208 .functor BUFT 1, C4<0>, C4<0>, C4<0>, C4<0>;
v0xca0e66d00_0 .net "pcpi_div_wr", 0 0, L_0xca1478208;  1 drivers
v0xca0e66da0_0 .var "pcpi_insn", 31 0;
v0xca0e66e40_0 .var "pcpi_int_rd", 31 0;
v0xca0e66ee0_0 .var "pcpi_int_ready", 0 0;
v0xca0e66f80_0 .var "pcpi_int_wait", 0 0;
v0xca0e67020_0 .var "pcpi_int_wr", 0 0;
L_0xca1478130 .functor BUFT 1, C4<xxxxxxxxxxxxxxxxxxxxxxxxxxxxxxxx>, C4<0>, C4<0>, C4<0>;
v0xca0e670c0_0 .net "pcpi_mul_rd", 31 0, L_0xca1478130;  1 drivers
L_0xca14781c0 .functor BUFT 1, C4<0>, C4<0>, C4<0>, C4<0>;
v0xca0e67160_0 .net "pcpi_mul_ready", 0 0, L_0xca14781c0;  1 drivers
L_0xca1478178 .functor BUFT 1, C4<0>, C4<0>, C4<0>, C4<0>;
v0xca0e67200_0 .net "pcpi_mul_wait", 0 0, L_0xca1478178;  1 drivers
L_0xca14780e8 .functor BUFT 1, C4<0>, C4<0>, C4<0>, C4<0>;
v0xca0e672a0_0 .net "pcpi_mul_wr", 0 0, L_0xca14780e8;  1 drivers
v0xca0e67340_0 .net "pcpi_rd", 31 0, o0xca1447eb0;  alias, 0 drivers
v0xca0e673e0_0 .net "pcpi_ready", 0 0, o0xca1447ee0;  alias, 0 drivers
v0xca0e67480_0 .net "pcpi_rs1", 31 0, L_0xca1089c00;  alias, 1 drivers
v0xca0e67520_0 .net "pcpi_rs2", 31 0, L_0xca1089c70;  alias, 1 drivers
v0xca0e675c0_0 .var "pcpi_timeout", 0 0;
v0xca0e67660_0 .var "pcpi_valid", 0 0;
v0xca0e67700_0 .net "pcpi_wait", 0 0, o0xca1447fd0;  alias, 0 drivers
v0xca0e677a0_0 .net "pcpi_wr", 0 0, o0xca1448000;  alias, 0 drivers
v0xca0e67840_0 .var "prefetched_high_word", 0 0;
v0xca0e678e0_0 .var "q_ascii_instr", 63 0;
v0xca0e67980_0 .var "q_insn_imm", 31 0;
v0xca0e67a20_0 .var "q_insn_opcode", 31 0;
v0xca0e67ac0_0 .var "q_insn_rd", 4 0;
v0xca0e67b60_0 .var "q_insn_rs1", 4 0;
v0xca0e67c00_0 .var "q_insn_rs2", 4 0;
v0xca0e67ca0_0 .var "reg_next_pc", 31 0;
v0xca0e67d40_0 .var "reg_op1", 31 0;
v0xca0e67de0_0 .var "reg_op2", 31 0;
v0xca0e67e80_0 .var "reg_out", 31 0;
v0xca0e67f20_0 .var "reg_pc", 31 0;
v0xca0e68000_0 .var "reg_sh", 4 0;
v0xca0e680a0_0 .net "resetn", 0 0, o0xca14447c0;  alias, 0 drivers
v0xca0e68140_0 .var "set_mem_do_rdata", 0 0;
v0xca0e681e0_0 .var "set_mem_do_rinst", 0 0;
v0xca0e68280_0 .var "set_mem_do_wdata", 0 0;
v0xca0e68320_0 .var "timer", 31 0;
v0xca0e683c0_0 .var "trace_data", 35 0;
v0xca0e68460_0 .var "trace_valid", 0 0;
v0xca0e68500_0 .var "trap", 0 0;
v0xca0e60a00_0 .array/port v0xca0e60a00, 0;
v0xca0e60a00_1 .array/port v0xca0e60a00, 1;
v0xca0e60a00_2 .array/port v0xca0e60a00, 2;
E_0xca11a8e00/0 .event anyedge, v0xca0e61d60_0, v0xca0e60a00_0, v0xca0e60a00_1, v0xca0e60a00_2;
v0xca0e60a00_3 .array/port v0xca0e60a00, 3;
v0xca0e60a00_4 .array/port v0xca0e60a00, 4;
v0xca0e60a00_5 .array/port v0xca0e60a00, 5;
v0xca0e60a00_6 .array/port v0xca0e60a00, 6;
E_0xca11a8e00/1 .event anyedge, v0xca0e60a00_3, v0xca0e60a00_4, v0xca0e60a00_5, v0xca0e60a00_6;
v0xca0e60a00_7 .array/port v0xca0e60a00, 7;
v0xca0e60a00_8 .array/port v0xca0e60a00, 8;
v0xca0e60a00_9 .array/port v0xca0e60a00, 9;
v0xca0e60a00_10 .array/port v0xca0e60a00, 10;
E_0xca11a8e00/2 .event anyedge, v0xca0e60a00_7, v0xca0e60a00_8, v0xca0e60a00_9, v0xca0e60a00_10;
v0xca0e60a00_11 .array/port v0xca0e60a00, 11;
v0xca0e60a00_12 .array/port v0xca0e60a00, 12;
v0xca0e60a00_13 .array/port v0xca0e60a00, 13;
v0xca0e60a00_14 .array/port v0xca0e60a00, 14;
E_0xca11a8e00/3 .event anyedge, v0xca0e60a00_11, v0xca0e60a00_12, v0xca0e60a00_13, v0xca0e60a00_14;
v0xca0e60a00_15 .array/port v0xca0e60a00, 15;
v0xca0e60a00_16 .array/port v0xca0e60a00, 16;
v0xca0e60a00_17 .array/port v0xca0e60a00, 17;
v0xca0e60a00_18 .array/port v0xca0e60a00, 18;
E_0xca11a8e00/4 .event anyedge, v0xca0e60a00_15, v0xca0e60a00_16, v0xca0e60a00_17, v0xca0e60a00_18;
v0xca0e60a00_19 .array/port v0xca0e60a00, 19;
v0xca0e60a00_20 .array/port v0xca0e60a00, 20;
v0xca0e60a00_21 .array/port v0xca0e60a00, 21;
v0xca0e60a00_22 .array/port v0xca0e60a00, 22;
E_0xca11a8e00/5 .event anyedge, v0xca0e60a00_19, v0xca0e60a00_20, v0xca0e60a00_21, v0xca0e60a00_22;
v0xca0e60a00_23 .array/port v0xca0e60a00, 23;
v0xca0e60a00_24 .array/port v0xca0e60a00, 24;
v0xca0e60a00_25 .array/port v0xca0e60a00, 25;
v0xca0e60a00_26 .array/port v0xca0e60a00, 26;
E_0xca11a8e00/6 .event anyedge, v0xca0e60a00_23, v0xca0e60a00_24, v0xca0e60a00_25, v0xca0e60a00_26;
v0xca0e60a00_27 .array/port v0xca0e60a00, 27;
v0xca0e60a00_28 .array/port v0xca0e60a00, 28;
v0xca0e60a00_29 .array/port v0xca0e60a00, 29;
v0xca0e60a00_30 .array/port v0xca0e60a00, 30;
E_0xca11a8e00/7 .event anyedge, v0xca0e60a00_27, v0xca0e60a00_28, v0xca0e60a00_29, v0xca0e60a00_30;
v0xca0e60a00_31 .array/port v0xca0e60a00, 31;
E_0xca11a8e00/8 .event anyedge, v0xca0e60a00_31, v0xca0e61e00_0;
E_0xca11a8e00 .event/or E_0xca11a8e00/0, E_0xca11a8e00/1, E_0xca11a8e00/2, E_0xca11a8e00/3, E_0xca11a8e00/4, E_0xca11a8e00/5, E_0xca11a8e00/6, E_0xca11a8e00/7, E_0xca11a8e00/8;
E_0xca11a8e40/0 .event anyedge, v0xca0e60960_0, v0xca0e67f20_0, v0xca0e65040_0, v0xca0e64fa0_0;
E_0xca11a8e40/1 .event anyedge, v0xca0e65360_0, v0xca0e33e80_0, v0xca0e67e80_0, v0xca0e65400_0;
E_0xca11a8e40/2 .event anyedge, v0xca0e67ca0_0, v0xca0e64460_0, v0xca0e643c0_0;
E_0xca11a8e40 .event/or E_0xca11a8e40/0, E_0xca11a8e40/1, E_0xca11a8e40/2;
E_0xca11a8e80/0 .event anyedge, v0xca0e60640_0, v0xca0e67840_0, v0xca0e64fa0_0, v0xca0e64500_0;
E_0xca11a8e80/1 .event anyedge, v0xca0e31a40_0;
E_0xca11a8e80 .event/or E_0xca11a8e80/0, E_0xca11a8e80/1;
E_0xca11a8ec0/0 .event anyedge, v0xca0e33ac0_0, v0xca0e62580_0, v0xca0e628a0_0, v0xca0e33b60_0;
E_0xca11a8ec0/1 .event anyedge, v0xca0e62620_0, v0xca0e33c00_0, v0xca0e626c0_0, v0xca0e64dc0_0;
E_0xca11a8ec0/2 .event anyedge, v0xca0e64e60_0, v0xca0e33a20_0, v0xca0e64aa0_0, v0xca0e33d40_0;
E_0xca11a8ec0/3 .event anyedge, v0xca0e64780_0, v0xca0e67d40_0, v0xca0e67de0_0, v0xca0e64140_0;
E_0xca11a8ec0/4 .event anyedge, v0xca0e640a0_0, v0xca0e63160_0, v0xca0e630c0_0, v0xca0e62440_0;
E_0xca11a8ec0/5 .event anyedge, v0xca0e623a0_0, v0xca0e33f20_0, v0xca0e60000_0;
E_0xca11a8ec0 .event/or E_0xca11a8ec0/0, E_0xca11a8ec0/1, E_0xca11a8ec0/2, E_0xca11a8ec0/3, E_0xca11a8ec0/4, E_0xca11a8ec0/5;
E_0xca11a8f00 .event anyedge, v0xca0e60960_0;
E_0xca11a8f40/0 .event anyedge, v0xca0e678e0_0, v0xca0e67980_0, v0xca0e67a20_0, v0xca0e67b60_0;
E_0xca11a8f40/1 .event anyedge, v0xca0e67c00_0, v0xca0e67ac0_0, v0xca0e61720_0, v0xca0e61f40_0;
E_0xca11a8f40/2 .event anyedge, v0xca0e601e0_0, v0xca0e60280_0, v0xca0e60320_0, v0xca0e60460_0;
E_0xca11a8f40/3 .event anyedge, v0xca0e60500_0, v0xca0e603c0_0, v0xca0e668a0_0, v0xca0e66940_0;
E_0xca11a8f40/4 .event anyedge, v0xca0e61ae0_0, v0xca0e61d60_0, v0xca0e61e00_0, v0xca0e61c20_0;
E_0xca11a8f40 .event/or E_0xca11a8f40/0, E_0xca11a8f40/1, E_0xca11a8f40/2, E_0xca11a8f40/3, E_0xca11a8f40/4;
E_0xca11a8f80/0 .event anyedge, v0xca0e62ee0_0, v0xca0e624e0_0, v0xca0e62b20_0, v0xca0e62bc0_0;
E_0xca11a8f80/1 .event anyedge, v0xca0e62580_0, v0xca0e628a0_0, v0xca0e62760_0, v0xca0e62620_0;
E_0xca11a8f80/2 .event anyedge, v0xca0e62800_0, v0xca0e626c0_0, v0xca0e62c60_0, v0xca0e62da0_0;
E_0xca11a8f80/3 .event anyedge, v0xca0e62f80_0, v0xca0e62d00_0, v0xca0e62e40_0, v0xca0e63520_0;
E_0xca11a8f80/4 .event anyedge, v0xca0e63660_0, v0xca0e63de0_0, v0xca0e62300_0, v0xca0e638e0_0;
E_0xca11a8f80/5 .event anyedge, v0xca0e63980_0, v0xca0e64140_0, v0xca0e63160_0, v0xca0e62440_0;
E_0xca11a8f80/6 .event anyedge, v0xca0e637a0_0, v0xca0e63ca0_0, v0xca0e63b60_0, v0xca0e62260_0;
E_0xca11a8f80/7 .event anyedge, v0xca0e63d40_0, v0xca0e63700_0, v0xca0e63840_0, v0xca0e63a20_0;
E_0xca11a8f80/8 .event anyedge, v0xca0e640a0_0, v0xca0e63c00_0, v0xca0e63ac0_0, v0xca0e630c0_0;
E_0xca11a8f80/9 .event anyedge, v0xca0e623a0_0, v0xca0e63200_0, v0xca0e632a0_0, v0xca0e63340_0;
E_0xca11a8f80/10 .event anyedge, v0xca0e633e0_0, v0xca0e629e0_0, v0xca0e62a80_0, v0xca0e635c0_0;
E_0xca11a8f80/11 .event anyedge, v0xca0e63480_0, v0xca0e63020_0, v0xca0e64000_0, v0xca0e63e80_0;
E_0xca11a8f80 .event/or E_0xca11a8f80/0, E_0xca11a8f80/1, E_0xca11a8f80/2, E_0xca11a8f80/3, E_0xca11a8f80/4, E_0xca11a8f80/5, E_0xca11a8f80/6, E_0xca11a8f80/7, E_0xca11a8f80/8, E_0xca11a8f80/9, E_0xca11a8f80/10, E_0xca11a8f80/11;
E_0xca11a8fc0 .event anyedge, v0xca0e666c0_0, v0xca0e67de0_0, v0xca0e31720_0, v0xca0e67d40_0;
E_0xca11a9000 .event anyedge, v0xca0e672a0_0, v0xca0e670c0_0, v0xca0e66d00_0, v0xca0e66b20_0;
L_0xca0d79b80 .concat [ 1 1 1 1], v0xca0e65900_0, v0xca0e657c0_0, v0xca0e65860_0, v0xca0e65720_0;
L_0xca0d79c20 .reduce/or L_0xca0d79b80;
L_0xca0d79cc0 .reduce/or v0xca0e664e0_0;
L_0xca0d79d60 .reduce/and v0xca0e664e0_0;
L_0xca0d79e00 .reduce/nor L_0xca1478328;
L_0xca0e91860 .part L_0xca1089ce0, 0, 2;
L_0xca0d79ea0 .reduce/nand L_0xca0e91860;
L_0xca0d79f40 .reduce/nor v0xca0e664e0_0;
L_0xca0d79fe0 .reduce/nor L_0xca14783b8;
L_0xca0d7a080 .reduce/nor v0xca0e664e0_0;
L_0xca0e91900 .part L_0xca0d7a6c0, 2, 30;
L_0xca0d7a120 .arith/sum 30, L_0xca0e91900, L_0xca14792a0;
L_0xca0d7a1c0 .concat [ 2 30 0 0], L_0xca1478448, L_0xca0d7a120;
L_0xca0e919a0 .part v0xca0e67d40_0, 2, 30;
L_0xca0d7a260 .concat [ 2 30 0 0], L_0xca1478490, L_0xca0e919a0;
L_0xca0d7a300 .functor MUXZ 32, L_0xca0d7a260, L_0xca0d7a1c0, L_0xca11793b0, C4<>;
L_0xca0d7a3a0 .functor MUXZ 32, v0xca0e66300_0, L_0xca1089880, L_0xca1179420, C4<>;
LS_0xca0d7a440_0_0 .concat [ 1 1 1 1], v0xca0e63e80_0, v0xca0e64000_0, v0xca0e63020_0, v0xca0e63480_0;
LS_0xca0d7a440_0_4 .concat [ 1 1 1 1], v0xca0e635c0_0, v0xca0e62a80_0, v0xca0e629e0_0, v0xca0e633e0_0;
LS_0xca0d7a440_0_8 .concat [ 1 1 1 1], v0xca0e63340_0, v0xca0e632a0_0, v0xca0e63200_0, v0xca0e623a0_0;
LS_0xca0d7a440_0_12 .concat [ 1 1 1 1], v0xca0e630c0_0, v0xca0e63ac0_0, v0xca0e63c00_0, v0xca0e640a0_0;
LS_0xca0d7a440_0_16 .concat [ 1 1 1 1], v0xca0e63a20_0, v0xca0e63840_0, v0xca0e63700_0, v0xca0e63d40_0;
LS_0xca0d7a440_0_20 .concat [ 1 1 1 1], v0xca0e62260_0, v0xca0e63b60_0, v0xca0e63ca0_0, v0xca0e637a0_0;
LS_0xca0d7a440_0_24 .concat [ 1 1 1 1], v0xca0e62440_0, v0xca0e63160_0, v0xca0e64140_0, v0xca0e63980_0;
LS_0xca0d7a440_0_28 .concat [ 1 1 1 1], v0xca0e638e0_0, v0xca0e62300_0, v0xca0e63de0_0, v0xca0e63660_0;
LS_0xca0d7a440_0_32 .concat [ 1 1 1 1], v0xca0e63520_0, v0xca0e62e40_0, v0xca0e62d00_0, v0xca0e62f80_0;
LS_0xca0d7a440_0_36 .concat [ 1 1 1 1], v0xca0e62da0_0, v0xca0e62c60_0, v0xca0e626c0_0, v0xca0e62800_0;
LS_0xca0d7a440_0_40 .concat [ 1 1 1 1], v0xca0e62620_0, v0xca0e62760_0, v0xca0e628a0_0, v0xca0e62580_0;
LS_0xca0d7a440_0_44 .concat [ 1 1 1 1], v0xca0e62bc0_0, v0xca0e62b20_0, v0xca0e624e0_0, v0xca0e62ee0_0;
LS_0xca0d7a440_1_0 .concat [ 4 4 4 4], LS_0xca0d7a440_0_0, LS_0xca0d7a440_0_4, LS_0xca0d7a440_0_8, LS_0xca0d7a440_0_12;
LS_0xca0d7a440_1_4 .concat [ 4 4 4 4], LS_0xca0d7a440_0_16, LS_0xca0d7a440_0_20, LS_0xca0d7a440_0_24, LS_0xca0d7a440_0_28;
LS_0xca0d7a440_1_8 .concat [ 4 4 4 4], LS_0xca0d7a440_0_32, LS_0xca0d7a440_0_36, LS_0xca0d7a440_0_40, LS_0xca0d7a440_0_44;
L_0xca0d7a440 .concat [ 16 16 16 0], LS_0xca0d7a440_1_0, LS_0xca0d7a440_1_4, LS_0xca0d7a440_1_8;
L_0xca0d7a4e0 .reduce/nor L_0xca0d7a440;
L_0xca0d7a580 .concat [ 1 1 1 1], v0xca0e633e0_0, v0xca0e63340_0, v0xca0e632a0_0, v0xca0e63200_0;
L_0xca0d7a620 .reduce/or L_0xca0d7a580;
L_0xca0d7a6c0 .functor MUXZ 32, v0xca0e67ca0_0, L_0xca1179570, L_0xca1179500, C4<>;
L_0xca0e91a40 .cmp/eq 8, v0xca0e60960_0, L_0xca14785b0;
S_0x10381c9d0 .scope task, "empty_statement" "empty_statement" 3 214, 3 214 0, S_0x10382bdb0;
 .timescale -9 -12;
TD_picorv32_axi.picorv32_core.empty_statement ;
    %end;
S_0x10381cb50 .scope generate, "genblk1" "genblk1" 3 285, 3 285 0, S_0x10382bdb0;
 .timescale -9 -12;
S_0xca0e5c000 .scope generate, "genblk2" "genblk2" 3 305, 3 305 0, S_0x10382bdb0;
 .timescale -9 -12;
S_0xca0e5c180 .scope generate, "genblk3" "genblk3" 3 1229, 3 1229 0, S_0x10382bdb0;
 .timescale -9 -12;
E_0xca11a9040/0 .event anyedge, v0xca0e63d40_0, v0xca0e67d40_0, v0xca0e67de0_0, v0xca0e63ac0_0;
E_0xca11a9040/1 .event anyedge, v0xca0e63b60_0;
E_0xca11a9040 .event/or E_0xca11a9040/0, E_0xca11a9040/1;
S_0x10382e260 .scope module, "picorv32_regs" "picorv32_regs" 3 2174;
 .timescale -9 -12;
    .port_info 0 /INPUT 1 "clk";
    .port_info 1 /INPUT 1 "wen";
    .port_info 2 /INPUT 6 "waddr";
    .port_info 3 /INPUT 6 "raddr1";
    .port_info 4 /INPUT 6 "raddr2";
    .port_info 5 /INPUT 32 "wdata";
    .port_info 6 /OUTPUT 32 "rdata1";
    .port_info 7 /OUTPUT 32 "rdata2";
L_0xca11796c0 .functor NOT 5, L_0xca0e91b80, C4<00000>, C4<00000>, C4<00000>;
L_0xca1089d50 .functor BUFZ 32, L_0xca0e91ae0, C4<00000000000000000000000000000000>, C4<00000000000000000000000000000000>, C4<00000000000000000000000000000000>;
L_0xca1179730 .functor NOT 5, L_0xca0e91cc0, C4<00000>, C4<00000>, C4<00000>;
L_0xca1089dc0 .functor BUFZ 32, L_0xca0e91c20, C4<00000000000000000000000000000000>, C4<00000000000000000000000000000000>, C4<00000000000000000000000000000000>;
v0xca0e69e00_0 .net *"_ivl_0", 31 0, L_0xca0e91ae0;  1 drivers
v0xca0e69ea0_0 .net *"_ivl_12", 31 0, L_0xca0e91c20;  1 drivers
v0xca0e69f40_0 .net *"_ivl_15", 4 0, L_0xca0e91cc0;  1 drivers
v0xca0e69fe0_0 .net *"_ivl_16", 4 0, L_0xca1179730;  1 drivers
v0xca0e6a080_0 .net *"_ivl_18", 6 0, L_0xca0d7a800;  1 drivers
L_0xca1478688 .functor BUFT 1, C4<00>, C4<0>, C4<0>, C4<0>;
v0xca0e6a120_0 .net *"_ivl_21", 1 0, L_0xca1478688;  1 drivers
v0xca0e6a1c0_0 .net *"_ivl_3", 4 0, L_0xca0e91b80;  1 drivers
v0xca0e6a260_0 .net *"_ivl_4", 4 0, L_0xca11796c0;  1 drivers
v0xca0e6a300_0 .net *"_ivl_6", 6 0, L_0xca0d7a760;  1 drivers
L_0xca1478640 .functor BUFT 1, C4<00>, C4<0>, C4<0>, C4<0>;
v0xca0e6a3a0_0 .net *"_ivl_9", 1 0, L_0xca1478640;  1 drivers
o0xca14490e0 .functor BUFZ 1, c4<z>; HiZ drive
v0xca0e6a440_0 .net "clk", 0 0, o0xca14490e0;  0 drivers
o0xca1449110 .functor BUFZ 6, c4<zzzzzz>; HiZ drive
v0xca0e6a4e0_0 .net "raddr1", 5 0, o0xca1449110;  0 drivers
o0xca1449140 .functor BUFZ 6, c4<zzzzzz>; HiZ drive
v0xca0e6a580_0 .net "raddr2", 5 0, o0xca1449140;  0 drivers
v0xca0e6a620_0 .net "rdata1", 31 0, L_0xca1089d50;  1 drivers
v0xca0e6a6c0_0 .net "rdata2", 31 0, L_0xca1089dc0;  1 drivers
v0xca0e6a760 .array "regs", 30 0, 31 0;
o0xca14491d0 .functor BUFZ 6, c4<zzzzzz>; HiZ drive
v0xca0e6a800_0 .net "waddr", 5 0, o0xca14491d0;  0 drivers
o0xca1449200 .functor BUFZ 32, c4<zzzzzzzzzzzzzzzzzzzzzzzzzzzzzzzz>; HiZ drive
v0xca0e6a8a0_0 .net "wdata", 31 0, o0xca1449200;  0 drivers
o0xca1449230 .functor BUFZ 1, c4<z>; HiZ drive
v0xca0e6a940_0 .net "wen", 0 0, o0xca1449230;  0 drivers
E_0xca11a92c0 .event posedge, v0xca0e6a440_0;
L_0xca0e91ae0 .array/port v0xca0e6a760, L_0xca0d7a760;
L_0xca0e91b80 .part o0xca1449110, 0, 5;
L_0xca0d7a760 .concat [ 5 2 0 0], L_0xca11796c0, L_0xca1478640;
L_0xca0e91c20 .array/port v0xca0e6a760, L_0xca0d7a800;
L_0xca0e91cc0 .part o0xca1449140, 0, 5;
L_0xca0d7a800 .concat [ 5 2 0 0], L_0xca1179730, L_0xca1478688;
S_0x10382b7f0 .scope module, "picorv32_wb" "picorv32_wb" 3 2815;
 .timescale -9 -12;
    .port_info 0 /OUTPUT 1 "trap";
    .port_info 1 /INPUT 1 "wb_rst_i";
    .port_info 2 /INPUT 1 "wb_clk_i";
    .port_info 3 /OUTPUT 32 "wbm_adr_o";
    .port_info 4 /OUTPUT 32 "wbm_dat_o";
    .port_info 5 /INPUT 32 "wbm_dat_i";
    .port_info 6 /OUTPUT 1 "wbm_we_o";
    .port_info 7 /OUTPUT 4 "wbm_sel_o";
    .port_info 8 /OUTPUT 1 "wbm_stb_o";
    .port_info 9 /INPUT 1 "wbm_ack_i";
    .port_info 10 /OUTPUT 1 "wbm_cyc_o";
    .port_info 11 /OUTPUT 1 "pcpi_valid";
    .port_info 12 /OUTPUT 32 "pcpi_insn";
    .port_info 13 /OUTPUT 32 "pcpi_rs1";
    .port_info 14 /OUTPUT 32 "pcpi_rs2";
    .port_info 15 /INPUT 1 "pcpi_wr";
    .port_info 16 /INPUT 32 "pcpi_rd";
    .port_info 17 /INPUT 1 "pcpi_wait";
    .port_info 18 /INPUT 1 "pcpi_ready";
    .port_info 19 /INPUT 32 "irq";
    .port_info 20 /OUTPUT 32 "eoi";
    .port_info 21 /OUTPUT 1 "trace_valid";
    .port_info 22 /OUTPUT 36 "trace_data";
    .port_info 23 /OUTPUT 1 "mem_instr";
P_0xca0e09500 .param/l "BARREL_SHIFTER" 0 3 2821, C4<0>;
P_0xca0e09540 .param/l "CATCH_ILLINSN" 0 3 2826, C4<1>;
P_0xca0e09580 .param/l "CATCH_MISALIGN" 0 3 2825, C4<1>;
P_0xca0e095c0 .param/l "COMPRESSED_ISA" 0 3 2824, C4<0>;
P_0xca0e09600 .param/l "ENABLE_COUNTERS" 0 3 2816, C4<1>;
P_0xca0e09640 .param/l "ENABLE_COUNTERS64" 0 3 2817, C4<1>;
P_0xca0e09680 .param/l "ENABLE_DIV" 0 3 2830, C4<0>;
P_0xca0e096c0 .param/l "ENABLE_FAST_MUL" 0 3 2829, C4<0>;
P_0xca0e09700 .param/l "ENABLE_IRQ" 0 3 2831, C4<0>;
P_0xca0e09740 .param/l "ENABLE_IRQ_QREGS" 0 3 2832, C4<1>;
P_0xca0e09780 .param/l "ENABLE_IRQ_TIMER" 0 3 2833, C4<1>;
P_0xca0e097c0 .param/l "ENABLE_MUL" 0 3 2828, C4<0>;
P_0xca0e09800 .param/l "ENABLE_PCPI" 0 3 2827, C4<0>;
P_0xca0e09840 .param/l "ENABLE_REGS_16_31" 0 3 2818, C4<1>;
P_0xca0e09880 .param/l "ENABLE_REGS_DUALPORT" 0 3 2819, C4<1>;
P_0xca0e098c0 .param/l "ENABLE_TRACE" 0 3 2834, C4<0>;
P_0xca0e09900 .param/l "IDLE" 1 3 2989, C4<00>;
P_0xca0e09940 .param/l "LATCHED_IRQ" 0 3 2837, C4<11111111111111111111111111111111>;
P_0xca0e09980 .param/l "MASKED_IRQ" 0 3 2836, C4<00000000000000000000000000000000>;
P_0xca0e099c0 .param/l "PROGADDR_IRQ" 0 3 2839, C4<00000000000000000000000000010000>;
P_0xca0e09a00 .param/l "PROGADDR_RESET" 0 3 2838, C4<00000000000000000000000000000000>;
P_0xca0e09a40 .param/l "REGS_INIT_ZERO" 0 3 2835, C4<0>;
P_0xca0e09a80 .param/l "STACKADDR" 0 3 2840, C4<11111111111111111111111111111111>;
P_0xca0e09ac0 .param/l "TWO_CYCLE_ALU" 0 3 2823, C4<0>;
P_0xca0e09b00 .param/l "TWO_CYCLE_COMPARE" 0 3 2822, C4<0>;
P_0xca0e09b40 .param/l "TWO_STAGE_SHIFT" 0 3 2820, C4<1>;
P_0xca0e09b80 .param/l "WBEND" 1 3 2991, C4<10>;
P_0xca0e09bc0 .param/l "WBSTART" 1 3 2990, C4<01>;
o0xca144d2e0 .functor BUFZ 1, c4<z>; HiZ drive
L_0xca1089e30 .functor BUFZ 1, o0xca144d2e0, C4<0>, C4<0>, C4<0>;
o0xca144d310 .functor BUFZ 1, c4<z>; HiZ drive
L_0xca11797a0 .functor NOT 1, o0xca144d310, C4<0>, C4<0>, C4<0>;
L_0xca117a450 .functor OR 1, L_0xca0e91fe0, L_0xca0e92080, C4<0>, C4<0>;
L_0xca117a4c0 .functor OR 1, L_0xca117a450, L_0xca0e92120, C4<0>, C4<0>;
L_0xca117a530 .functor OR 1, L_0xca117a4c0, L_0xca0e921c0, C4<0>, C4<0>;
v0xca0e81400_0 .net *"_ivl_11", 0 0, L_0xca0e92120;  1 drivers
v0xca0e814a0_0 .net *"_ivl_12", 0 0, L_0xca117a4c0;  1 drivers
v0xca0e81540_0 .net *"_ivl_15", 0 0, L_0xca0e921c0;  1 drivers
v0xca0e815e0_0 .net *"_ivl_5", 0 0, L_0xca0e91fe0;  1 drivers
v0xca0e81680_0 .net *"_ivl_7", 0 0, L_0xca0e92080;  1 drivers
v0xca0e81720_0 .net *"_ivl_8", 0 0, L_0xca117a450;  1 drivers
v0xca0e817c0_0 .net "clk", 0 0, L_0xca1089e30;  1 drivers
v0xca0e81860_0 .net "eoi", 31 0, v0xca0e77020_0;  1 drivers
o0xca144b840 .functor BUFZ 32, c4<zzzzzzzzzzzzzzzzzzzzzzzzzzzzzzzz>; HiZ drive
v0xca0e81900_0 .net "irq", 31 0, o0xca144b840;  0 drivers
v0xca0e819a0_0 .net "mem_addr", 31 0, v0xca0e7e440_0;  1 drivers
v0xca0e81a40_0 .net "mem_instr", 0 0, v0xca0e7e8a0_0;  1 drivers
v0xca0e81ae0_0 .var "mem_rdata", 31 0;
v0xca0e81b80_0 .var "mem_ready", 0 0;
v0xca0e81c20_0 .net "mem_valid", 0 0, v0xca0e7f3e0_0;  1 drivers
v0xca0e81cc0_0 .net "mem_wdata", 31 0, v0xca0e7f480_0;  1 drivers
v0xca0e81d60_0 .net "mem_wstrb", 3 0, v0xca0e7f5c0_0;  1 drivers
v0xca0e81e00_0 .net "pcpi_insn", 31 0, v0xca0e7fc00_0;  1 drivers
o0xca144c710 .functor BUFZ 32, c4<zzzzzzzzzzzzzzzzzzzzzzzzzzzzzzzz>; HiZ drive
v0xca0e81ea0_0 .net "pcpi_rd", 31 0, o0xca144c710;  0 drivers
o0xca144c740 .functor BUFZ 1, c4<z>; HiZ drive
v0xca0e81f40_0 .net "pcpi_ready", 0 0, o0xca144c740;  0 drivers
v0xca0e81fe0_0 .net "pcpi_rs1", 31 0, L_0xca108a1b0;  1 drivers
v0xca0e82080_0 .net "pcpi_rs2", 31 0, L_0xca108a220;  1 drivers
v0xca0e82120_0 .net "pcpi_valid", 0 0, v0xca0e80500_0;  1 drivers
o0xca144c830 .functor BUFZ 1, c4<z>; HiZ drive
v0xca0e821c0_0 .net "pcpi_wait", 0 0, o0xca144c830;  0 drivers
o0xca144c860 .functor BUFZ 1, c4<z>; HiZ drive
v0xca0e82260_0 .net "pcpi_wr", 0 0, o0xca144c860;  0 drivers
v0xca0e82300_0 .net "resetn", 0 0, L_0xca11797a0;  1 drivers
v0xca0e823a0_0 .var "state", 1 0;
v0xca0e82440_0 .net "trace_data", 35 0, v0xca0e81220_0;  1 drivers
v0xca0e824e0_0 .net "trace_valid", 0 0, v0xca0e812c0_0;  1 drivers
v0xca0e82580_0 .net "trap", 0 0, v0xca0e81360_0;  1 drivers
v0xca0e82620_0 .net "wb_clk_i", 0 0, o0xca144d2e0;  0 drivers
v0xca0e826c0_0 .net "wb_rst_i", 0 0, o0xca144d310;  0 drivers
o0xca144d340 .functor BUFZ 1, c4<z>; HiZ drive
v0xca0e82760_0 .net "wbm_ack_i", 0 0, o0xca144d340;  0 drivers
v0xca0e82800_0 .var "wbm_adr_o", 31 0;
v0xca0e828a0_0 .var "wbm_cyc_o", 0 0;
o0xca144d3d0 .functor BUFZ 32, c4<zzzzzzzzzzzzzzzzzzzzzzzzzzzzzzzz>; HiZ drive
v0xca0e82940_0 .net "wbm_dat_i", 31 0, o0xca144d3d0;  0 drivers
v0xca0e829e0_0 .var "wbm_dat_o", 31 0;
v0xca0e82a80_0 .var "wbm_sel_o", 3 0;
v0xca0e82b20_0 .var "wbm_stb_o", 0 0;
v0xca0e82bc0_0 .var "wbm_we_o", 0 0;
v0xca0e82c60_0 .net "we", 0 0, L_0xca117a530;  1 drivers
E_0xca11a9300 .event posedge, v0xca0e82620_0;
L_0xca0e91fe0 .part v0xca0e7f5c0_0, 0, 1;
L_0xca0e92080 .part v0xca0e7f5c0_0, 1, 1;
L_0xca0e92120 .part v0xca0e7f5c0_0, 2, 1;
L_0xca0e921c0 .part v0xca0e7f5c0_0, 3, 1;
S_0xca0e5c300 .scope module, "picorv32_core" "picorv32" 3 2938, 3 62 0, S_0x10382b7f0;
 .timescale -9 -12;
    .port_info 0 /INPUT 1 "clk";
    .port_info 1 /INPUT 1 "resetn";
    .port_info 2 /OUTPUT 1 "trap";
    .port_info 3 /OUTPUT 1 "mem_valid";
    .port_info 4 /OUTPUT 1 "mem_instr";
    .port_info 5 /INPUT 1 "mem_ready";
    .port_info 6 /OUTPUT 32 "mem_addr";
    .port_info 7 /OUTPUT 32 "mem_wdata";
    .port_info 8 /OUTPUT 4 "mem_wstrb";
    .port_info 9 /INPUT 32 "mem_rdata";
    .port_info 10 /OUTPUT 1 "mem_la_read";
    .port_info 11 /OUTPUT 1 "mem_la_write";
    .port_info 12 /OUTPUT 32 "mem_la_addr";
    .port_info 13 /OUTPUT 32 "mem_la_wdata";
    .port_info 14 /OUTPUT 4 "mem_la_wstrb";
    .port_info 15 /OUTPUT 1 "pcpi_valid";
    .port_info 16 /OUTPUT 32 "pcpi_insn";
    .port_info 17 /OUTPUT 32 "pcpi_rs1";
    .port_info 18 /OUTPUT 32 "pcpi_rs2";
    .port_info 19 /INPUT 1 "pcpi_wr";
    .port_info 20 /INPUT 32 "pcpi_rd";
    .port_info 21 /INPUT 1 "pcpi_wait";
    .port_info 22 /INPUT 1 "pcpi_ready";
    .port_info 23 /INPUT 32 "irq";
    .port_info 24 /OUTPUT 32 "eoi";
    .port_info 25 /OUTPUT 1 "trace_valid";
    .port_info 26 /OUTPUT 36 "trace_data";
P_0xca0e6c000 .param/l "BARREL_SHIFTER" 0 3 69, C4<0>;
P_0xca0e6c040 .param/l "CATCH_ILLINSN" 0 3 74, C4<1>;
P_0xca0e6c080 .param/l "CATCH_MISALIGN" 0 3 73, C4<1>;
P_0xca0e6c0c0 .param/l "COMPRESSED_ISA" 0 3 72, C4<0>;
P_0xca0e6c100 .param/l "ENABLE_COUNTERS" 0 3 63, C4<1>;
P_0xca0e6c140 .param/l "ENABLE_COUNTERS64" 0 3 64, C4<1>;
P_0xca0e6c180 .param/l "ENABLE_DIV" 0 3 78, C4<0>;
P_0xca0e6c1c0 .param/l "ENABLE_FAST_MUL" 0 3 77, C4<0>;
P_0xca0e6c200 .param/l "ENABLE_IRQ" 0 3 79, C4<0>;
P_0xca0e6c240 .param/l "ENABLE_IRQ_QREGS" 0 3 80, C4<1>;
P_0xca0e6c280 .param/l "ENABLE_IRQ_TIMER" 0 3 81, C4<1>;
P_0xca0e6c2c0 .param/l "ENABLE_MUL" 0 3 76, C4<0>;
P_0xca0e6c300 .param/l "ENABLE_PCPI" 0 3 75, C4<0>;
P_0xca0e6c340 .param/l "ENABLE_REGS_16_31" 0 3 65, C4<1>;
P_0xca0e6c380 .param/l "ENABLE_REGS_DUALPORT" 0 3 66, C4<1>;
P_0xca0e6c3c0 .param/l "ENABLE_TRACE" 0 3 82, C4<0>;
P_0xca0e6c400 .param/l "LATCHED_IRQ" 0 3 85, C4<11111111111111111111111111111111>;
P_0xca0e6c440 .param/l "LATCHED_MEM_RDATA" 0 3 67, C4<0>;
P_0xca0e6c480 .param/l "MASKED_IRQ" 0 3 84, C4<00000000000000000000000000000000>;
P_0xca0e6c4c0 .param/l "PROGADDR_IRQ" 0 3 87, C4<00000000000000000000000000010000>;
P_0xca0e6c500 .param/l "PROGADDR_RESET" 0 3 86, C4<00000000000000000000000000000000>;
P_0xca0e6c540 .param/l "REGS_INIT_ZERO" 0 3 83, C4<0>;
P_0xca0e6c580 .param/l "STACKADDR" 0 3 88, C4<11111111111111111111111111111111>;
P_0xca0e6c5c0 .param/l "TRACE_ADDR" 1 3 172, C4<001000000000000000000000000000000000>;
P_0xca0e6c600 .param/l "TRACE_BRANCH" 1 3 171, C4<000100000000000000000000000000000000>;
P_0xca0e6c640 .param/l "TRACE_IRQ" 1 3 173, C4<100000000000000000000000000000000000>;
P_0xca0e6c680 .param/l "TWO_CYCLE_ALU" 0 3 71, C4<0>;
P_0xca0e6c6c0 .param/l "TWO_CYCLE_COMPARE" 0 3 70, C4<0>;
P_0xca0e6c700 .param/l "TWO_STAGE_SHIFT" 0 3 68, C4<1>;
P_0xca0e6c740 .param/l "WITH_PCPI" 1 3 169, C4<0>;
P_0xca0e6c780 .param/l "cpu_state_exec" 1 3 1176, C4<00001000>;
P_0xca0e6c7c0 .param/l "cpu_state_fetch" 1 3 1173, C4<01000000>;
P_0xca0e6c800 .param/l "cpu_state_ld_rs1" 1 3 1174, C4<00100000>;
P_0xca0e6c840 .param/l "cpu_state_ld_rs2" 1 3 1175, C4<00010000>;
P_0xca0e6c880 .param/l "cpu_state_ldmem" 1 3 1179, C4<00000001>;
P_0xca0e6c8c0 .param/l "cpu_state_shift" 1 3 1177, C4<00000100>;
P_0xca0e6c900 .param/l "cpu_state_stmem" 1 3 1178, C4<00000010>;
P_0xca0e6c940 .param/l "cpu_state_trap" 1 3 1172, C4<10000000>;
P_0xca0e6c980 .param/l "irq_buserror" 1 3 163, +C4<00000000000000000000000000000010>;
P_0xca0e6c9c0 .param/l "irq_ebreak" 1 3 162, +C4<00000000000000000000000000000001>;
P_0xca0e6ca00 .param/l "irq_timer" 1 3 161, +C4<00000000000000000000000000000000>;
P_0xca0e6ca40 .param/l "irqregs_offset" 1 3 165, +C4<00000000000000000000000000100000>;
P_0xca0e6ca80 .param/l "regfile_size" 1 3 166, +C4<00000000000000000000000000100000>;
P_0xca0e6cac0 .param/l "regindex_bits" 1 3 167, +C4<00000000000000000000000000000101>;
L_0xca1089ea0 .functor BUFZ 1, v0xca0e7f3e0_0, C4<0>, C4<0>, C4<0>;
L_0xca1089f10 .functor BUFZ 1, v0xca0e7e8a0_0, C4<0>, C4<0>, C4<0>;
L_0xca1089f80 .functor BUFZ 1, v0xca0e81b80_0, C4<0>, C4<0>, C4<0>;
L_0xca1089ff0 .functor BUFZ 32, v0xca0e7e440_0, C4<00000000000000000000000000000000>, C4<00000000000000000000000000000000>, C4<00000000000000000000000000000000>;
L_0xca108a060 .functor BUFZ 32, v0xca0e7f480_0, C4<00000000000000000000000000000000>, C4<00000000000000000000000000000000>, C4<00000000000000000000000000000000>;
L_0xca108a0d0 .functor BUFZ 4, v0xca0e7f5c0_0, C4<0000>, C4<0000>, C4<0000>;
L_0xca108a140 .functor BUFZ 32, v0xca0e81ae0_0, C4<00000000000000000000000000000000>, C4<00000000000000000000000000000000>, C4<00000000000000000000000000000000>;
L_0xca108a1b0 .functor BUFZ 32, v0xca0e80be0_0, C4<00000000000000000000000000000000>, C4<00000000000000000000000000000000>, C4<00000000000000000000000000000000>;
L_0xca108a220 .functor BUFZ 32, v0xca0e80c80_0, C4<00000000000000000000000000000000>, C4<00000000000000000000000000000000>, C4<00000000000000000000000000000000>;
L_0xca1179810 .functor AND 1, v0xca0e7f3e0_0, v0xca0e81b80_0, C4<1>, C4<1>;
L_0xca14789a0 .functor BUFT 1, C4<0>, C4<0>, C4<0>, C4<0>;
L_0xca1179880 .functor AND 1, L_0xca14789a0, v0xca0e7e6c0_0, C4<1>, C4<1>;
L_0xca11798f0 .functor OR 1, L_0xca1179810, L_0xca1179880, C4<0>, C4<0>;
L_0xca1179960 .functor AND 1, L_0xca11798f0, L_0xca0d7a9e0, C4<1>, C4<1>;
L_0xca1179a40 .functor OR 1, v0xca0e7e6c0_0, v0xca0e7e620_0, C4<0>, C4<0>;
L_0xca1179ab0 .functor OR 1, L_0xca1179a40, v0xca0e7e760_0, C4<0>, C4<0>;
L_0xca11799d0 .functor AND 1, L_0xca1179960, L_0xca1179ab0, C4<1>, C4<1>;
L_0xca1179b20 .functor AND 1, L_0xca0d7aa80, v0xca0e7e6c0_0, C4<1>, C4<1>;
L_0xca1179b90 .functor OR 1, L_0xca11799d0, L_0xca1179b20, C4<0>, C4<0>;
L_0xca1179c00 .functor AND 1, L_0xca11797a0, L_0xca1179b90, C4<1>, C4<1>;
L_0xca1179c70 .functor AND 1, L_0xca0d7abc0, L_0xca11798f0, C4<1>, C4<1>;
L_0xca1179ce0 .functor OR 1, L_0xca0d7ab20, L_0xca1179c70, C4<0>, C4<0>;
L_0xca1179d50 .functor AND 1, L_0xca1179c00, L_0xca1179ce0, C4<1>, C4<1>;
L_0xca1179dc0 .functor AND 1, L_0xca11797a0, L_0xca0d7ac60, C4<1>, C4<1>;
L_0xca1179e30 .functor AND 1, L_0xca1179dc0, v0xca0e7e760_0, C4<1>, C4<1>;
L_0xca1179ea0 .functor AND 1, L_0xca0d7ad00, L_0xca0d7ada0, C4<1>, C4<1>;
L_0xca1179f10 .functor OR 1, v0xca0e7e6c0_0, v0xca0e7e580_0, C4<0>, C4<0>;
L_0xca1179f80 .functor OR 1, L_0xca1179f10, v0xca0e7e620_0, C4<0>, C4<0>;
L_0xca1179ff0 .functor AND 1, L_0xca1179ea0, L_0xca1179f80, C4<1>, C4<1>;
L_0xca14789e8 .functor BUFT 1, C4<0>, C4<0>, C4<0>, C4<0>;
L_0xca117a060 .functor OR 1, L_0xca1179ff0, L_0xca14789e8, C4<0>, C4<0>;
L_0xca117a0d0 .functor AND 1, L_0xca11797a0, L_0xca117a060, C4<1>, C4<1>;
L_0xca117a140 .functor OR 1, v0xca0e7e580_0, v0xca0e7e6c0_0, C4<0>, C4<0>;
L_0xca1478ac0 .functor BUFT 1, C4<0>, C4<0>, C4<0>, C4<0>;
L_0xca117a1b0 .functor OR 1, L_0xca11798f0, L_0xca1478ac0, C4<0>, C4<0>;
L_0xca108a290 .functor BUFZ 32, L_0xca0d7b0c0, C4<00000000000000000000000000000000>, C4<00000000000000000000000000000000>, C4<00000000000000000000000000000000>;
L_0xca1478b08 .functor BUFT 1, C4<1>, C4<0>, C4<0>, C4<0>;
L_0xca117a220 .functor AND 1, L_0xca1478b08, L_0xca0d7b200, C4<1>, C4<1>;
L_0xca117a290 .functor AND 1, v0xca0e7e260_0, v0xca0e7de00_0, C4<1>, C4<1>;
L_0xca1478b50 .functor BUFT 1, C4<11111111111111111111111111111110>, C4<0>, C4<0>, C4<0>;
L_0xca117a300 .functor AND 32, v0xca0e80d20_0, L_0xca1478b50, C4<11111111111111111111111111111111>, C4<11111111111111111111111111111111>;
L_0xca117a370 .functor AND 1, L_0xca0e91f40, v0xca0e76e40_0, C4<1>, C4<1>;
L_0xca1478be0 .functor BUFT 1, C4<1>, C4<0>, C4<0>, C4<0>;
L_0xca117a3e0 .functor AND 1, L_0xca117a370, L_0xca1478be0, C4<1>, C4<1>;
v0xca0e6a9e0_0 .net *"_ivl_100", 31 0, L_0xca0d7aee0;  1 drivers
v0xca0e6aa80_0 .net *"_ivl_103", 29 0, L_0xca0e91ea0;  1 drivers
L_0xca1478a78 .functor BUFT 1, C4<00>, C4<0>, C4<0>, C4<0>;
v0xca0e6ab20_0 .net/2u *"_ivl_104", 1 0, L_0xca1478a78;  1 drivers
v0xca0e6abc0_0 .net *"_ivl_106", 31 0, L_0xca0d7af80;  1 drivers
v0xca0e6ac60_0 .net/2u *"_ivl_110", 0 0, L_0xca1478ac0;  1 drivers
v0xca0e6ad00_0 .net *"_ivl_113", 0 0, L_0xca117a1b0;  1 drivers
v0xca0e6ada0_0 .net/2u *"_ivl_118", 0 0, L_0xca1478b08;  1 drivers
v0xca0e6ae40_0 .net *"_ivl_120", 47 0, L_0xca0d7b160;  1 drivers
v0xca0e6aee0_0 .net *"_ivl_123", 0 0, L_0xca0d7b200;  1 drivers
v0xca0e6af80_0 .net *"_ivl_126", 3 0, L_0xca0d7b2a0;  1 drivers
v0xca0e6b020_0 .net *"_ivl_131", 0 0, L_0xca117a290;  1 drivers
v0xca0e6b0c0_0 .net/2u *"_ivl_132", 31 0, L_0xca1478b50;  1 drivers
v0xca0e6b160_0 .net *"_ivl_134", 31 0, L_0xca117a300;  1 drivers
L_0xca1478b98 .functor BUFT 1, C4<01000000>, C4<0>, C4<0>, C4<0>;
v0xca0e6b200_0 .net/2u *"_ivl_138", 7 0, L_0xca1478b98;  1 drivers
v0xca0e6b2a0_0 .net *"_ivl_140", 0 0, L_0xca0e91f40;  1 drivers
v0xca0e6b340_0 .net *"_ivl_143", 0 0, L_0xca117a370;  1 drivers
v0xca0e6b3e0_0 .net/2u *"_ivl_144", 0 0, L_0xca1478be0;  1 drivers
v0xca0e6b480_0 .net *"_ivl_25", 0 0, L_0xca1179810;  1 drivers
v0xca0e6b520_0 .net *"_ivl_27", 0 0, L_0xca1179880;  1 drivers
v0xca0e6b5c0_0 .net *"_ivl_30", 3 0, L_0xca0d7a8a0;  1 drivers
v0xca0e6b660_0 .net *"_ivl_35", 0 0, L_0xca0d7a9e0;  1 drivers
v0xca0e6b700_0 .net *"_ivl_37", 0 0, L_0xca1179960;  1 drivers
v0xca0e6b7a0_0 .net *"_ivl_39", 0 0, L_0xca1179a40;  1 drivers
v0xca0e6b840_0 .net *"_ivl_41", 0 0, L_0xca1179ab0;  1 drivers
v0xca0e6b8e0_0 .net *"_ivl_43", 0 0, L_0xca11799d0;  1 drivers
v0xca0e6b980_0 .net *"_ivl_45", 0 0, L_0xca0d7aa80;  1 drivers
v0xca0e6ba20_0 .net *"_ivl_47", 0 0, L_0xca1179b20;  1 drivers
v0xca0e6bac0_0 .net *"_ivl_49", 0 0, L_0xca1179b90;  1 drivers
v0xca0e6bb60_0 .net *"_ivl_51", 0 0, L_0xca1179c00;  1 drivers
v0xca0e6bc00_0 .net *"_ivl_53", 0 0, L_0xca0d7ab20;  1 drivers
v0xca0e6bca0_0 .net *"_ivl_55", 1 0, L_0xca0e91d60;  1 drivers
v0xca0e6bd40_0 .net *"_ivl_57", 0 0, L_0xca0d7abc0;  1 drivers
v0xca0e6bde0_0 .net *"_ivl_59", 0 0, L_0xca1179c70;  1 drivers
v0xca0e6be80_0 .net *"_ivl_61", 0 0, L_0xca1179ce0;  1 drivers
v0xca0e6bf20_0 .net *"_ivl_65", 0 0, L_0xca0d7ac60;  1 drivers
v0xca0e74000_0 .net *"_ivl_67", 0 0, L_0xca1179dc0;  1 drivers
v0xca0e740a0_0 .net *"_ivl_71", 0 0, L_0xca0d7ad00;  1 drivers
v0xca0e74140_0 .net *"_ivl_73", 0 0, L_0xca0d7ada0;  1 drivers
v0xca0e741e0_0 .net *"_ivl_75", 0 0, L_0xca1179ea0;  1 drivers
v0xca0e74280_0 .net *"_ivl_77", 0 0, L_0xca1179f10;  1 drivers
v0xca0e74320_0 .net *"_ivl_79", 0 0, L_0xca1179f80;  1 drivers
v0xca0e743c0_0 .net *"_ivl_81", 0 0, L_0xca1179ff0;  1 drivers
v0xca0e74460_0 .net/2u *"_ivl_82", 0 0, L_0xca14789e8;  1 drivers
v0xca0e74500_0 .net *"_ivl_85", 0 0, L_0xca117a060;  1 drivers
v0xca0e745a0_0 .net *"_ivl_89", 0 0, L_0xca117a140;  1 drivers
v0xca0e74640_0 .net *"_ivl_91", 29 0, L_0xca0e91e00;  1 drivers
L_0xca14792e8 .functor BUFT 1, C4<000000000000000000000000000000>, C4<0>, C4<0>, C4<0>;
v0xca0e746e0_0 .net *"_ivl_92", 29 0, L_0xca14792e8;  1 drivers
v0xca0e74780_0 .net *"_ivl_96", 29 0, L_0xca0d7ae40;  1 drivers
L_0xca1478a30 .functor BUFT 1, C4<00>, C4<0>, C4<0>, C4<0>;
v0xca0e74820_0 .net/2u *"_ivl_98", 1 0, L_0xca1478a30;  1 drivers
v0xca0e748c0_0 .var "alu_add_sub", 31 0;
v0xca0e74960_0 .var "alu_eq", 0 0;
v0xca0e74a00_0 .var "alu_lts", 0 0;
v0xca0e74aa0_0 .var "alu_ltu", 0 0;
v0xca0e74b40_0 .var "alu_out", 31 0;
v0xca0e74be0_0 .var "alu_out_0", 0 0;
v0xca0e74c80_0 .var "alu_out_0_q", 0 0;
v0xca0e74d20_0 .var "alu_out_q", 31 0;
v0xca0e74dc0_0 .var "alu_shl", 31 0;
v0xca0e74e60_0 .var "alu_shr", 31 0;
v0xca0e74f00_0 .var "alu_wait", 0 0;
v0xca0e74fa0_0 .var "alu_wait_2", 0 0;
v0xca0e75040_0 .var "cached_ascii_instr", 63 0;
v0xca0e750e0_0 .var "cached_insn_imm", 31 0;
v0xca0e75180_0 .var "cached_insn_opcode", 31 0;
v0xca0e75220_0 .var "cached_insn_rd", 4 0;
v0xca0e752c0_0 .var "cached_insn_rs1", 4 0;
v0xca0e75360_0 .var "cached_insn_rs2", 4 0;
v0xca0e75400_0 .var "clear_prefetched_high_word", 0 0;
v0xca0e754a0_0 .var "clear_prefetched_high_word_q", 0 0;
v0xca0e75540_0 .net "clk", 0 0, L_0xca1089e30;  alias, 1 drivers
v0xca0e755e0_0 .var "compressed_instr", 0 0;
v0xca0e75680_0 .var "count_cycle", 63 0;
v0xca0e75720_0 .var "count_instr", 63 0;
v0xca0e757c0_0 .var "cpu_state", 7 0;
v0xca0e75860 .array "cpuregs", 31 0, 31 0;
v0xca0e75900_0 .var "cpuregs_rs1", 31 0;
v0xca0e759a0_0 .var "cpuregs_rs2", 31 0;
v0xca0e75a40_0 .var "cpuregs_wrdata", 31 0;
v0xca0e75ae0_0 .var "cpuregs_write", 0 0;
v0xca0e75b80_0 .var "current_pc", 31 0;
v0xca0e75c20_0 .var "dbg_ascii_instr", 63 0;
v0xca0e75cc0_0 .var "dbg_ascii_state", 127 0;
v0xca0e75d60_0 .var "dbg_insn_addr", 31 0;
v0xca0e75e00_0 .var "dbg_insn_imm", 31 0;
v0xca0e75ea0_0 .var "dbg_insn_opcode", 31 0;
v0xca0e75f40_0 .var "dbg_insn_rd", 4 0;
v0xca0e75fe0_0 .var "dbg_insn_rs1", 4 0;
v0xca0e76080_0 .var "dbg_insn_rs2", 4 0;
v0xca0e76120_0 .net "dbg_mem_addr", 31 0, L_0xca1089ff0;  1 drivers
v0xca0e761c0_0 .net "dbg_mem_instr", 0 0, L_0xca1089f10;  1 drivers
v0xca0e76260_0 .net "dbg_mem_rdata", 31 0, L_0xca108a140;  1 drivers
v0xca0e76300_0 .net "dbg_mem_ready", 0 0, L_0xca1089f80;  1 drivers
v0xca0e763a0_0 .net "dbg_mem_valid", 0 0, L_0xca1089ea0;  1 drivers
v0xca0e76440_0 .net "dbg_mem_wdata", 31 0, L_0xca108a060;  1 drivers
v0xca0e764e0_0 .net "dbg_mem_wstrb", 3 0, L_0xca108a0d0;  1 drivers
v0xca0e76580_0 .var "dbg_next", 0 0;
v0xca0e76620_0 .var "dbg_rs1val", 31 0;
v0xca0e766c0_0 .var "dbg_rs1val_valid", 0 0;
v0xca0e76760_0 .var "dbg_rs2val", 31 0;
v0xca0e76800_0 .var "dbg_rs2val_valid", 0 0;
v0xca0e768a0_0 .var "dbg_valid_insn", 0 0;
v0xca0e76940_0 .var "decoded_imm", 31 0;
v0xca0e769e0_0 .var "decoded_imm_j", 31 0;
v0xca0e76a80_0 .var "decoded_rd", 4 0;
v0xca0e76b20_0 .var "decoded_rs", 4 0;
v0xca0e76bc0_0 .var "decoded_rs1", 4 0;
v0xca0e76c60_0 .var "decoded_rs2", 4 0;
v0xca0e76d00_0 .var "decoder_pseudo_trigger", 0 0;
v0xca0e76da0_0 .var "decoder_pseudo_trigger_q", 0 0;
v0xca0e76e40_0 .var "decoder_trigger", 0 0;
v0xca0e76ee0_0 .var "decoder_trigger_q", 0 0;
v0xca0e76f80_0 .var "do_waitirq", 0 0;
v0xca0e77020_0 .var "eoi", 31 0;
v0xca0e770c0_0 .var "instr_add", 0 0;
v0xca0e77160_0 .var "instr_addi", 0 0;
v0xca0e77200_0 .var "instr_and", 0 0;
v0xca0e772a0_0 .var "instr_andi", 0 0;
v0xca0e77340_0 .var "instr_auipc", 0 0;
v0xca0e773e0_0 .var "instr_beq", 0 0;
v0xca0e77480_0 .var "instr_bge", 0 0;
v0xca0e77520_0 .var "instr_bgeu", 0 0;
v0xca0e775c0_0 .var "instr_blt", 0 0;
v0xca0e77660_0 .var "instr_bltu", 0 0;
v0xca0e77700_0 .var "instr_bne", 0 0;
v0xca0e777a0_0 .var "instr_ecall_ebreak", 0 0;
v0xca0e77840_0 .var "instr_fence", 0 0;
v0xca0e778e0_0 .var "instr_getq", 0 0;
v0xca0e77980_0 .var "instr_jal", 0 0;
v0xca0e77a20_0 .var "instr_jalr", 0 0;
v0xca0e77ac0_0 .var "instr_lb", 0 0;
v0xca0e77b60_0 .var "instr_lbu", 0 0;
v0xca0e77c00_0 .var "instr_lh", 0 0;
v0xca0e77ca0_0 .var "instr_lhu", 0 0;
v0xca0e77d40_0 .var "instr_lui", 0 0;
v0xca0e77de0_0 .var "instr_lw", 0 0;
v0xca0e77e80_0 .var "instr_maskirq", 0 0;
v0xca0e77f20_0 .var "instr_or", 0 0;
v0xca0e7c000_0 .var "instr_ori", 0 0;
v0xca0e7c0a0_0 .var "instr_rdcycle", 0 0;
v0xca0e7c140_0 .var "instr_rdcycleh", 0 0;
v0xca0e7c1e0_0 .var "instr_rdinstr", 0 0;
v0xca0e7c280_0 .var "instr_rdinstrh", 0 0;
v0xca0e7c320_0 .var "instr_retirq", 0 0;
v0xca0e7c3c0_0 .var "instr_sb", 0 0;
v0xca0e7c460_0 .var "instr_setq", 0 0;
v0xca0e7c500_0 .var "instr_sh", 0 0;
v0xca0e7c5a0_0 .var "instr_sll", 0 0;
v0xca0e7c640_0 .var "instr_slli", 0 0;
v0xca0e7c6e0_0 .var "instr_slt", 0 0;
v0xca0e7c780_0 .var "instr_slti", 0 0;
v0xca0e7c820_0 .var "instr_sltiu", 0 0;
v0xca0e7c8c0_0 .var "instr_sltu", 0 0;
v0xca0e7c960_0 .var "instr_sra", 0 0;
v0xca0e7ca00_0 .var "instr_srai", 0 0;
v0xca0e7caa0_0 .var "instr_srl", 0 0;
v0xca0e7cb40_0 .var "instr_srli", 0 0;
v0xca0e7cbe0_0 .var "instr_sub", 0 0;
v0xca0e7cc80_0 .var "instr_sw", 0 0;
v0xca0e7cd20_0 .var "instr_timer", 0 0;
v0xca0e7cdc0_0 .net "instr_trap", 0 0, L_0xca117a220;  1 drivers
v0xca0e7ce60_0 .var "instr_waitirq", 0 0;
v0xca0e7cf00_0 .var "instr_xor", 0 0;
v0xca0e7cfa0_0 .var "instr_xori", 0 0;
v0xca0e7d040_0 .net "irq", 31 0, o0xca144b840;  alias, 0 drivers
v0xca0e7d0e0_0 .var "irq_active", 0 0;
v0xca0e7d180_0 .var "irq_delay", 0 0;
v0xca0e7d220_0 .var "irq_mask", 31 0;
v0xca0e7d2c0_0 .var "irq_pending", 31 0;
v0xca0e7d360_0 .var "irq_state", 1 0;
v0xca0e7d400_0 .var "is_alu_reg_imm", 0 0;
v0xca0e7d4a0_0 .var "is_alu_reg_reg", 0 0;
v0xca0e7d540_0 .var "is_beq_bne_blt_bge_bltu_bgeu", 0 0;
v0xca0e7d5e0_0 .var "is_compare", 0 0;
v0xca0e7d680_0 .var "is_jalr_addi_slti_sltiu_xori_ori_andi", 0 0;
v0xca0e7d720_0 .var "is_lb_lh_lw_lbu_lhu", 0 0;
v0xca0e7d7c0_0 .var "is_lbu_lhu_lw", 0 0;
v0xca0e7d860_0 .var "is_lui_auipc_jal", 0 0;
v0xca0e7d900_0 .var "is_lui_auipc_jal_jalr_addi_add_sub", 0 0;
v0xca0e7d9a0_0 .net "is_rdcycle_rdcycleh_rdinstr_rdinstrh", 0 0, L_0xca0d7b340;  1 drivers
v0xca0e7da40_0 .var "is_sb_sh_sw", 0 0;
v0xca0e7dae0_0 .var "is_sll_srl_sra", 0 0;
v0xca0e7db80_0 .var "is_slli_srli_srai", 0 0;
v0xca0e7dc20_0 .var "is_slti_blt_slt", 0 0;
v0xca0e7dcc0_0 .var "is_sltiu_bltu_sltu", 0 0;
v0xca0e7dd60_0 .var "last_mem_valid", 0 0;
v0xca0e7de00_0 .var "latched_branch", 0 0;
v0xca0e7dea0_0 .var "latched_compr", 0 0;
v0xca0e7df40_0 .var "latched_is_lb", 0 0;
v0xca0e7dfe0_0 .var "latched_is_lh", 0 0;
v0xca0e7e080_0 .var "latched_is_lu", 0 0;
v0xca0e7e120_0 .var "latched_rd", 4 0;
v0xca0e7e1c0_0 .var "latched_stalu", 0 0;
v0xca0e7e260_0 .var "latched_store", 0 0;
v0xca0e7e300_0 .var "latched_trace", 0 0;
v0xca0e7e3a0_0 .net "launch_next_insn", 0 0, L_0xca117a3e0;  1 drivers
v0xca0e7e440_0 .var "mem_addr", 31 0;
v0xca0e7e4e0_0 .net "mem_busy", 0 0, L_0xca0d7a940;  1 drivers
v0xca0e7e580_0 .var "mem_do_prefetch", 0 0;
v0xca0e7e620_0 .var "mem_do_rdata", 0 0;
v0xca0e7e6c0_0 .var "mem_do_rinst", 0 0;
v0xca0e7e760_0 .var "mem_do_wdata", 0 0;
v0xca0e7e800_0 .net "mem_done", 0 0, L_0xca1179d50;  1 drivers
v0xca0e7e8a0_0 .var "mem_instr", 0 0;
v0xca0e7e940_0 .net "mem_la_addr", 31 0, L_0xca0d7b020;  1 drivers
L_0xca1478910 .functor BUFT 1, C4<0>, C4<0>, C4<0>, C4<0>;
v0xca0e7e9e0_0 .net "mem_la_firstword", 0 0, L_0xca1478910;  1 drivers
v0xca0e7ea80_0 .var "mem_la_firstword_reg", 0 0;
L_0xca1478958 .functor BUFT 1, C4<0>, C4<0>, C4<0>, C4<0>;
v0xca0e7eb20_0 .net "mem_la_firstword_xfer", 0 0, L_0xca1478958;  1 drivers
v0xca0e7ebc0_0 .net "mem_la_read", 0 0, L_0xca117a0d0;  1 drivers
v0xca0e7ec60_0 .var "mem_la_secondword", 0 0;
v0xca0e7ed00_0 .net "mem_la_use_prefetched_high_word", 0 0, L_0xca14789a0;  1 drivers
v0xca0e7eda0_0 .var "mem_la_wdata", 31 0;
v0xca0e7ee40_0 .net "mem_la_write", 0 0, L_0xca1179e30;  1 drivers
v0xca0e7eee0_0 .var "mem_la_wstrb", 3 0;
v0xca0e7ef80_0 .net "mem_rdata", 31 0, v0xca0e81ae0_0;  1 drivers
v0xca0e7f020_0 .net "mem_rdata_latched", 31 0, L_0xca108a290;  1 drivers
v0xca0e7f0c0_0 .net "mem_rdata_latched_noshuffle", 31 0, L_0xca0d7b0c0;  1 drivers
v0xca0e7f160_0 .var "mem_rdata_q", 31 0;
v0xca0e7f200_0 .var "mem_rdata_word", 31 0;
v0xca0e7f2a0_0 .net "mem_ready", 0 0, v0xca0e81b80_0;  1 drivers
v0xca0e7f340_0 .var "mem_state", 1 0;
v0xca0e7f3e0_0 .var "mem_valid", 0 0;
v0xca0e7f480_0 .var "mem_wdata", 31 0;
v0xca0e7f520_0 .var "mem_wordsize", 1 0;
v0xca0e7f5c0_0 .var "mem_wstrb", 3 0;
v0xca0e7f660_0 .net "mem_xfer", 0 0, L_0xca11798f0;  1 drivers
v0xca0e7f700_0 .var "new_ascii_instr", 63 0;
v0xca0e7f7a0_0 .var "next_insn_opcode", 31 0;
v0xca0e7f840_0 .var "next_irq_pending", 31 0;
v0xca0e7f8e0_0 .net "next_pc", 31 0, L_0xca0d7b3e0;  1 drivers
L_0xca1478838 .functor BUFT 1, C4<xxxxxxxxxxxxxxxxxxxxxxxxxxxxxxxx>, C4<0>, C4<0>, C4<0>;
v0xca0e7f980_0 .net "pcpi_div_rd", 31 0, L_0xca1478838;  1 drivers
L_0xca14788c8 .functor BUFT 1, C4<0>, C4<0>, C4<0>, C4<0>;
v0xca0e7fa20_0 .net "pcpi_div_ready", 0 0, L_0xca14788c8;  1 drivers
L_0xca1478880 .functor BUFT 1, C4<0>, C4<0>, C4<0>, C4<0>;
v0xca0e7fac0_0 .net "pcpi_div_wait", 0 0, L_0xca1478880;  1 drivers
L_0xca14787f0 .functor BUFT 1, C4<0>, C4<0>, C4<0>, C4<0>;
v0xca0e7fb60_0 .net "pcpi_div_wr", 0 0, L_0xca14787f0;  1 drivers
v0xca0e7fc00_0 .var "pcpi_insn", 31 0;
v0xca0e7fca0_0 .var "pcpi_int_rd", 31 0;
v0xca0e7fd40_0 .var "pcpi_int_ready", 0 0;
v0xca0e7fde0_0 .var "pcpi_int_wait", 0 0;
v0xca0e7fe80_0 .var "pcpi_int_wr", 0 0;
L_0xca1478718 .functor BUFT 1, C4<xxxxxxxxxxxxxxxxxxxxxxxxxxxxxxxx>, C4<0>, C4<0>, C4<0>;
v0xca0e7ff20_0 .net "pcpi_mul_rd", 31 0, L_0xca1478718;  1 drivers
L_0xca14787a8 .functor BUFT 1, C4<0>, C4<0>, C4<0>, C4<0>;
v0xca0e80000_0 .net "pcpi_mul_ready", 0 0, L_0xca14787a8;  1 drivers
L_0xca1478760 .functor BUFT 1, C4<0>, C4<0>, C4<0>, C4<0>;
v0xca0e800a0_0 .net "pcpi_mul_wait", 0 0, L_0xca1478760;  1 drivers
L_0xca14786d0 .functor BUFT 1, C4<0>, C4<0>, C4<0>, C4<0>;
v0xca0e80140_0 .net "pcpi_mul_wr", 0 0, L_0xca14786d0;  1 drivers
v0xca0e801e0_0 .net "pcpi_rd", 31 0, o0xca144c710;  alias, 0 drivers
v0xca0e80280_0 .net "pcpi_ready", 0 0, o0xca144c740;  alias, 0 drivers
v0xca0e80320_0 .net "pcpi_rs1", 31 0, L_0xca108a1b0;  alias, 1 drivers
v0xca0e803c0_0 .net "pcpi_rs2", 31 0, L_0xca108a220;  alias, 1 drivers
v0xca0e80460_0 .var "pcpi_timeout", 0 0;
v0xca0e80500_0 .var "pcpi_valid", 0 0;
v0xca0e805a0_0 .net "pcpi_wait", 0 0, o0xca144c830;  alias, 0 drivers
v0xca0e80640_0 .net "pcpi_wr", 0 0, o0xca144c860;  alias, 0 drivers
v0xca0e806e0_0 .var "prefetched_high_word", 0 0;
v0xca0e80780_0 .var "q_ascii_instr", 63 0;
v0xca0e80820_0 .var "q_insn_imm", 31 0;
v0xca0e808c0_0 .var "q_insn_opcode", 31 0;
v0xca0e80960_0 .var "q_insn_rd", 4 0;
v0xca0e80a00_0 .var "q_insn_rs1", 4 0;
v0xca0e80aa0_0 .var "q_insn_rs2", 4 0;
v0xca0e80b40_0 .var "reg_next_pc", 31 0;
v0xca0e80be0_0 .var "reg_op1", 31 0;
v0xca0e80c80_0 .var "reg_op2", 31 0;
v0xca0e80d20_0 .var "reg_out", 31 0;
v0xca0e80dc0_0 .var "reg_pc", 31 0;
v0xca0e80e60_0 .var "reg_sh", 4 0;
v0xca0e80f00_0 .net "resetn", 0 0, L_0xca11797a0;  alias, 1 drivers
v0xca0e80fa0_0 .var "set_mem_do_rdata", 0 0;
v0xca0e81040_0 .var "set_mem_do_rinst", 0 0;
v0xca0e810e0_0 .var "set_mem_do_wdata", 0 0;
v0xca0e81180_0 .var "timer", 31 0;
v0xca0e81220_0 .var "trace_data", 35 0;
v0xca0e812c0_0 .var "trace_valid", 0 0;
v0xca0e81360_0 .var "trap", 0 0;
E_0xca11a9340 .event posedge, v0xca0e75540_0;
v0xca0e75860_0 .array/port v0xca0e75860, 0;
v0xca0e75860_1 .array/port v0xca0e75860, 1;
v0xca0e75860_2 .array/port v0xca0e75860, 2;
E_0xca11a9380/0 .event anyedge, v0xca0e76bc0_0, v0xca0e75860_0, v0xca0e75860_1, v0xca0e75860_2;
v0xca0e75860_3 .array/port v0xca0e75860, 3;
v0xca0e75860_4 .array/port v0xca0e75860, 4;
v0xca0e75860_5 .array/port v0xca0e75860, 5;
v0xca0e75860_6 .array/port v0xca0e75860, 6;
E_0xca11a9380/1 .event anyedge, v0xca0e75860_3, v0xca0e75860_4, v0xca0e75860_5, v0xca0e75860_6;
v0xca0e75860_7 .array/port v0xca0e75860, 7;
v0xca0e75860_8 .array/port v0xca0e75860, 8;
v0xca0e75860_9 .array/port v0xca0e75860, 9;
v0xca0e75860_10 .array/port v0xca0e75860, 10;
E_0xca11a9380/2 .event anyedge, v0xca0e75860_7, v0xca0e75860_8, v0xca0e75860_9, v0xca0e75860_10;
v0xca0e75860_11 .array/port v0xca0e75860, 11;
v0xca0e75860_12 .array/port v0xca0e75860, 12;
v0xca0e75860_13 .array/port v0xca0e75860, 13;
v0xca0e75860_14 .array/port v0xca0e75860, 14;
E_0xca11a9380/3 .event anyedge, v0xca0e75860_11, v0xca0e75860_12, v0xca0e75860_13, v0xca0e75860_14;
v0xca0e75860_15 .array/port v0xca0e75860, 15;
v0xca0e75860_16 .array/port v0xca0e75860, 16;
v0xca0e75860_17 .array/port v0xca0e75860, 17;
v0xca0e75860_18 .array/port v0xca0e75860, 18;
E_0xca11a9380/4 .event anyedge, v0xca0e75860_15, v0xca0e75860_16, v0xca0e75860_17, v0xca0e75860_18;
v0xca0e75860_19 .array/port v0xca0e75860, 19;
v0xca0e75860_20 .array/port v0xca0e75860, 20;
v0xca0e75860_21 .array/port v0xca0e75860, 21;
v0xca0e75860_22 .array/port v0xca0e75860, 22;
E_0xca11a9380/5 .event anyedge, v0xca0e75860_19, v0xca0e75860_20, v0xca0e75860_21, v0xca0e75860_22;
v0xca0e75860_23 .array/port v0xca0e75860, 23;
v0xca0e75860_24 .array/port v0xca0e75860, 24;
v0xca0e75860_25 .array/port v0xca0e75860, 25;
v0xca0e75860_26 .array/port v0xca0e75860, 26;
E_0xca11a9380/6 .event anyedge, v0xca0e75860_23, v0xca0e75860_24, v0xca0e75860_25, v0xca0e75860_26;
v0xca0e75860_27 .array/port v0xca0e75860, 27;
v0xca0e75860_28 .array/port v0xca0e75860, 28;
v0xca0e75860_29 .array/port v0xca0e75860, 29;
v0xca0e75860_30 .array/port v0xca0e75860, 30;
E_0xca11a9380/7 .event anyedge, v0xca0e75860_27, v0xca0e75860_28, v0xca0e75860_29, v0xca0e75860_30;
v0xca0e75860_31 .array/port v0xca0e75860, 31;
E_0xca11a9380/8 .event anyedge, v0xca0e75860_31, v0xca0e76c60_0;
E_0xca11a9380 .event/or E_0xca11a9380/0, E_0xca11a9380/1, E_0xca11a9380/2, E_0xca11a9380/3, E_0xca11a9380/4, E_0xca11a9380/5, E_0xca11a9380/6, E_0xca11a9380/7, E_0xca11a9380/8;
E_0xca11a93c0/0 .event anyedge, v0xca0e757c0_0, v0xca0e80dc0_0, v0xca0e7dea0_0, v0xca0e7de00_0;
E_0xca11a93c0/1 .event anyedge, v0xca0e7e1c0_0, v0xca0e74d20_0, v0xca0e80d20_0, v0xca0e7e260_0;
E_0xca11a93c0/2 .event anyedge, v0xca0e80b40_0, v0xca0e7d2c0_0, v0xca0e7d220_0;
E_0xca11a93c0 .event/or E_0xca11a93c0/0, E_0xca11a93c0/1, E_0xca11a93c0/2;
E_0xca11a9400/0 .event anyedge, v0xca0e754a0_0, v0xca0e806e0_0, v0xca0e7de00_0, v0xca0e7d360_0;
E_0xca11a9400/1 .event anyedge, v0xca0e80f00_0;
E_0xca11a9400 .event/or E_0xca11a9400/0, E_0xca11a9400/1;
E_0xca11a9440/0 .event anyedge, v0xca0e74960_0, v0xca0e773e0_0, v0xca0e77700_0, v0xca0e74a00_0;
E_0xca11a9440/1 .event anyedge, v0xca0e77480_0, v0xca0e74aa0_0, v0xca0e77520_0, v0xca0e7dc20_0;
E_0xca11a9440/2 .event anyedge, v0xca0e7dcc0_0, v0xca0e748c0_0, v0xca0e7d900_0, v0xca0e74be0_0;
E_0xca11a9440/3 .event anyedge, v0xca0e7d5e0_0, v0xca0e80be0_0, v0xca0e80c80_0, v0xca0e7cfa0_0;
E_0xca11a9440/4 .event anyedge, v0xca0e7cf00_0, v0xca0e7c000_0, v0xca0e77f20_0, v0xca0e772a0_0;
E_0xca11a9440/5 .event anyedge, v0xca0e77200_0, v0xca0e74dc0_0, v0xca0e74e60_0;
E_0xca11a9440 .event/or E_0xca11a9440/0, E_0xca11a9440/1, E_0xca11a9440/2, E_0xca11a9440/3, E_0xca11a9440/4, E_0xca11a9440/5;
E_0xca11a9480 .event anyedge, v0xca0e757c0_0;
E_0xca11a94c0/0 .event anyedge, v0xca0e80780_0, v0xca0e80820_0, v0xca0e808c0_0, v0xca0e80a00_0;
E_0xca11a94c0/1 .event anyedge, v0xca0e80aa0_0, v0xca0e80960_0, v0xca0e76580_0, v0xca0e76da0_0;
E_0xca11a94c0/2 .event anyedge, v0xca0e75040_0, v0xca0e750e0_0, v0xca0e75180_0, v0xca0e752c0_0;
E_0xca11a94c0/3 .event anyedge, v0xca0e75360_0, v0xca0e75220_0, v0xca0e7f700_0, v0xca0e7f7a0_0;
E_0xca11a94c0/4 .event anyedge, v0xca0e76940_0, v0xca0e76bc0_0, v0xca0e76c60_0, v0xca0e76a80_0;
E_0xca11a94c0 .event/or E_0xca11a94c0/0, E_0xca11a94c0/1, E_0xca11a94c0/2, E_0xca11a94c0/3, E_0xca11a94c0/4;
E_0xca11a9500/0 .event anyedge, v0xca0e77d40_0, v0xca0e77340_0, v0xca0e77980_0, v0xca0e77a20_0;
E_0xca11a9500/1 .event anyedge, v0xca0e773e0_0, v0xca0e77700_0, v0xca0e775c0_0, v0xca0e77480_0;
E_0xca11a9500/2 .event anyedge, v0xca0e77660_0, v0xca0e77520_0, v0xca0e77ac0_0, v0xca0e77c00_0;
E_0xca11a9500/3 .event anyedge, v0xca0e77de0_0, v0xca0e77b60_0, v0xca0e77ca0_0, v0xca0e7c3c0_0;
E_0xca11a9500/4 .event anyedge, v0xca0e7c500_0, v0xca0e7cc80_0, v0xca0e77160_0, v0xca0e7c780_0;
E_0xca11a9500/5 .event anyedge, v0xca0e7c820_0, v0xca0e7cfa0_0, v0xca0e7c000_0, v0xca0e772a0_0;
E_0xca11a9500/6 .event anyedge, v0xca0e7c640_0, v0xca0e7cb40_0, v0xca0e7ca00_0, v0xca0e770c0_0;
E_0xca11a9500/7 .event anyedge, v0xca0e7cbe0_0, v0xca0e7c5a0_0, v0xca0e7c6e0_0, v0xca0e7c8c0_0;
E_0xca11a9500/8 .event anyedge, v0xca0e7cf00_0, v0xca0e7caa0_0, v0xca0e7c960_0, v0xca0e77f20_0;
E_0xca11a9500/9 .event anyedge, v0xca0e77200_0, v0xca0e7c0a0_0, v0xca0e7c140_0, v0xca0e7c1e0_0;
E_0xca11a9500/10 .event anyedge, v0xca0e7c280_0, v0xca0e77840_0, v0xca0e778e0_0, v0xca0e7c460_0;
E_0xca11a9500/11 .event anyedge, v0xca0e7c320_0, v0xca0e77e80_0, v0xca0e7ce60_0, v0xca0e7cd20_0;
E_0xca11a9500 .event/or E_0xca11a9500/0, E_0xca11a9500/1, E_0xca11a9500/2, E_0xca11a9500/3, E_0xca11a9500/4, E_0xca11a9500/5, E_0xca11a9500/6, E_0xca11a9500/7, E_0xca11a9500/8, E_0xca11a9500/9, E_0xca11a9500/10, E_0xca11a9500/11;
E_0xca11a9540 .event anyedge, v0xca0e7f520_0, v0xca0e80c80_0, v0xca0e7ef80_0, v0xca0e80be0_0;
E_0xca11a9580 .event anyedge, v0xca0e80140_0, v0xca0e7ff20_0, v0xca0e7fb60_0, v0xca0e7f980_0;
L_0xca0d7a8a0 .concat [ 1 1 1 1], v0xca0e7e760_0, v0xca0e7e620_0, v0xca0e7e6c0_0, v0xca0e7e580_0;
L_0xca0d7a940 .reduce/or L_0xca0d7a8a0;
L_0xca0d7a9e0 .reduce/or v0xca0e7f340_0;
L_0xca0d7aa80 .reduce/and v0xca0e7f340_0;
L_0xca0d7ab20 .reduce/nor L_0xca1478910;
L_0xca0e91d60 .part L_0xca108a290, 0, 2;
L_0xca0d7abc0 .reduce/nand L_0xca0e91d60;
L_0xca0d7ac60 .reduce/nor v0xca0e7f340_0;
L_0xca0d7ad00 .reduce/nor L_0xca14789a0;
L_0xca0d7ada0 .reduce/nor v0xca0e7f340_0;
L_0xca0e91e00 .part L_0xca0d7b3e0, 2, 30;
L_0xca0d7ae40 .arith/sum 30, L_0xca0e91e00, L_0xca14792e8;
L_0xca0d7aee0 .concat [ 2 30 0 0], L_0xca1478a30, L_0xca0d7ae40;
L_0xca0e91ea0 .part v0xca0e80be0_0, 2, 30;
L_0xca0d7af80 .concat [ 2 30 0 0], L_0xca1478a78, L_0xca0e91ea0;
L_0xca0d7b020 .functor MUXZ 32, L_0xca0d7af80, L_0xca0d7aee0, L_0xca117a140, C4<>;
L_0xca0d7b0c0 .functor MUXZ 32, v0xca0e7f160_0, v0xca0e81ae0_0, L_0xca117a1b0, C4<>;
LS_0xca0d7b160_0_0 .concat [ 1 1 1 1], v0xca0e7cd20_0, v0xca0e7ce60_0, v0xca0e77e80_0, v0xca0e7c320_0;
LS_0xca0d7b160_0_4 .concat [ 1 1 1 1], v0xca0e7c460_0, v0xca0e778e0_0, v0xca0e77840_0, v0xca0e7c280_0;
LS_0xca0d7b160_0_8 .concat [ 1 1 1 1], v0xca0e7c1e0_0, v0xca0e7c140_0, v0xca0e7c0a0_0, v0xca0e77200_0;
LS_0xca0d7b160_0_12 .concat [ 1 1 1 1], v0xca0e77f20_0, v0xca0e7c960_0, v0xca0e7caa0_0, v0xca0e7cf00_0;
LS_0xca0d7b160_0_16 .concat [ 1 1 1 1], v0xca0e7c8c0_0, v0xca0e7c6e0_0, v0xca0e7c5a0_0, v0xca0e7cbe0_0;
LS_0xca0d7b160_0_20 .concat [ 1 1 1 1], v0xca0e770c0_0, v0xca0e7ca00_0, v0xca0e7cb40_0, v0xca0e7c640_0;
LS_0xca0d7b160_0_24 .concat [ 1 1 1 1], v0xca0e772a0_0, v0xca0e7c000_0, v0xca0e7cfa0_0, v0xca0e7c820_0;
LS_0xca0d7b160_0_28 .concat [ 1 1 1 1], v0xca0e7c780_0, v0xca0e77160_0, v0xca0e7cc80_0, v0xca0e7c500_0;
LS_0xca0d7b160_0_32 .concat [ 1 1 1 1], v0xca0e7c3c0_0, v0xca0e77ca0_0, v0xca0e77b60_0, v0xca0e77de0_0;
LS_0xca0d7b160_0_36 .concat [ 1 1 1 1], v0xca0e77c00_0, v0xca0e77ac0_0, v0xca0e77520_0, v0xca0e77660_0;
LS_0xca0d7b160_0_40 .concat [ 1 1 1 1], v0xca0e77480_0, v0xca0e775c0_0, v0xca0e77700_0, v0xca0e773e0_0;
LS_0xca0d7b160_0_44 .concat [ 1 1 1 1], v0xca0e77a20_0, v0xca0e77980_0, v0xca0e77340_0, v0xca0e77d40_0;
LS_0xca0d7b160_1_0 .concat [ 4 4 4 4], LS_0xca0d7b160_0_0, LS_0xca0d7b160_0_4, LS_0xca0d7b160_0_8, LS_0xca0d7b160_0_12;
LS_0xca0d7b160_1_4 .concat [ 4 4 4 4], LS_0xca0d7b160_0_16, LS_0xca0d7b160_0_20, LS_0xca0d7b160_0_24, LS_0xca0d7b160_0_28;
LS_0xca0d7b160_1_8 .concat [ 4 4 4 4], LS_0xca0d7b160_0_32, LS_0xca0d7b160_0_36, LS_0xca0d7b160_0_40, LS_0xca0d7b160_0_44;
L_0xca0d7b160 .concat [ 16 16 16 0], LS_0xca0d7b160_1_0, LS_0xca0d7b160_1_4, LS_0xca0d7b160_1_8;
L_0xca0d7b200 .reduce/nor L_0xca0d7b160;
L_0xca0d7b2a0 .concat [ 1 1 1 1], v0xca0e7c280_0, v0xca0e7c1e0_0, v0xca0e7c140_0, v0xca0e7c0a0_0;
L_0xca0d7b340 .reduce/or L_0xca0d7b2a0;
L_0xca0d7b3e0 .functor MUXZ 32, v0xca0e80b40_0, L_0xca117a300, L_0xca117a290, C4<>;
L_0xca0e91f40 .cmp/eq 8, v0xca0e757c0_0, L_0xca1478b98;
S_0xca0e5c600 .scope task, "empty_statement" "empty_statement" 3 214, 3 214 0, S_0xca0e5c300;
 .timescale -9 -12;
TD_picorv32_wb.picorv32_core.empty_statement ;
    %end;
S_0xca0e5c780 .scope generate, "genblk1" "genblk1" 3 285, 3 285 0, S_0xca0e5c300;
 .timescale -9 -12;
S_0xca0e5c900 .scope generate, "genblk2" "genblk2" 3 305, 3 305 0, S_0xca0e5c300;
 .timescale -9 -12;
S_0xca0e5ca80 .scope generate, "genblk3" "genblk3" 3 1229, 3 1229 0, S_0xca0e5c300;
 .timescale -9 -12;
E_0xca11a95c0/0 .event anyedge, v0xca0e7cbe0_0, v0xca0e80be0_0, v0xca0e80c80_0, v0xca0e7c960_0;
E_0xca11a95c0/1 .event anyedge, v0xca0e7ca00_0;
E_0xca11a95c0 .event/or E_0xca11a95c0/0, E_0xca11a95c0/1;
S_0x10382b970 .scope module, "tb_dbg" "tb_dbg" 4 2;
 .timescale -9 -12;
P_0xca11a8d80 .param/l "CPB" 1 4 3, +C4<00000000000000000000000000010000>;
v0xca0e910e0 .array "body", 63 0, 7 0;
v0xca0e91180_0 .var/i "body_len", 31 0;
v0xca0e91220_0 .var "btn", 1 0;
v0xca0e912c0_0 .var "clk", 0 0;
v0xca0e91360_0 .var "crc", 15 0;
v0xca0e91400_0 .net "gpio_out", 31 0, L_0xca108a7d0;  1 drivers
v0xca0e914a0_0 .var/i "j", 31 0;
v0xca0e91540 .array "prog", 3 0, 31 0;
v0xca0e915e0_0 .var "resetn", 0 0;
v0xca0e91680_0 .var "rx", 0 0;
v0xca0e91720_0 .net "tx", 0 0, v0xca0e8f660_0;  1 drivers
v0xca0e917c0_0 .var/i "w", 31 0;
S_0xca0e5cc00 .scope function.vec4.s16, "crc16_next" "crc16_next" 4 7, 4 7 0, S_0x10382b970;
 .timescale -9 -12;
v0xca0e82d00_0 .var "b", 7 0;
v0xca0e82da0_0 .var "c", 15 0;
; Variable crc16_next is vec4 return value of scope S_0xca0e5cc00
v0xca0e82ee0_0 .var "crc_in", 15 0;
v0xca0e82f80_0 .var/i "i", 31 0;
TD_tb_dbg.crc16_next ;
    %load/vec4 v0xca0e82ee0_0;
    %load/vec4 v0xca0e82d00_0;
    %pad/u 16;
    %ix/load 4, 8, 0;
    %flag_set/imm 4, 0;
    %shiftl 4;
    %xor;
    %store/vec4 v0xca0e82da0_0, 0, 16;
    %pushi/vec4 0, 0, 32;
    %store/vec4 v0xca0e82f80_0, 0, 32;
T_2.0 ; Top of for-loop
    %load/vec4 v0xca0e82f80_0;
    %cmpi/s 8, 0, 32;
	  %jmp/0xz T_2.1, 5;
    %load/vec4 v0xca0e82da0_0;
    %parti/s 1, 15, 5;
    %flag_set/vec4 8;
    %jmp/0 T_2.3, 8;
    %load/vec4 v0xca0e82da0_0;
    %ix/load 4, 1, 0;
    %flag_set/imm 4, 0;
    %shiftl 4;
    %pushi/vec4 4129, 0, 16;
    %xor;
    %jmp/1 T_2.4, 8;
T_2.3 ; End of true expr.
    %load/vec4 v0xca0e82da0_0;
    %ix/load 4, 1, 0;
    %flag_set/imm 4, 0;
    %shiftl 4;
    %jmp/0 T_2.4, 8;
 ; End of false expr.
    %blend;
T_2.4;
    %store/vec4 v0xca0e82da0_0, 0, 16;
T_2.2 ; for-loop step statement
    %load/vec4 v0xca0e82f80_0;
    %addi 1, 0, 32;
    %store/vec4 v0xca0e82f80_0, 0, 32;
    %jmp T_2.0;
T_2.1 ; for-loop exit label
    %load/vec4 v0xca0e82da0_0;
    %ret/vec4 0, 0, 16;  Assign to crc16_next (store_vec4_to_lval)
    %end;
S_0xca0e5cd80 .scope module, "dut" "soc_loader" 4 6, 5 28 0, S_0x10382b970;
 .timescale -9 -12;
    .port_info 0 /INPUT 1 "clk";
    .port_info 1 /INPUT 1 "resetn";
    .port_info 2 /INPUT 1 "uart_rx_pin";
    .port_info 3 /OUTPUT 1 "uart_tx_pin";
    .port_info 4 /INPUT 2 "btn_in";
    .port_info 5 /OUTPUT 32 "gpio_out";
P_0xca0d3e500 .param/l "CLOCKS_PER_BIT" 0 5 29, +C4<00000000000000000000000000010000>;
P_0xca0d3e540 .param/l "MEM_WORDS" 1 5 139, +C4<00000000000000000000100000000000>;
L_0xca117a5a0 .functor NOT 1, v0xca0e8e120_0, C4<0>, C4<0>, C4<0>;
L_0xca117a610 .functor AND 1, v0xca0e915e0_0, L_0xca117a5a0, C4<1>, C4<1>;
L_0xca108a7d0 .functor BUFZ 32, v0xca0e908c0_0, C4<00000000000000000000000000000000>, C4<00000000000000000000000000000000>, C4<00000000000000000000000000000000>;
v0xca0e8f7a0_0 .net *"_ivl_0", 0 0, L_0xca117a5a0;  1 drivers
L_0xca14791c8 .functor BUFT 1, C4<0000000000000000>, C4<0>, C4<0>, C4<0>;
v0xca0e8f840_0 .net/2u *"_ivl_10", 15 0, L_0xca14791c8;  1 drivers
v0xca0e8f8e0_0 .net *"_ivl_15", 15 0, L_0xca0e92620;  1 drivers
L_0xca1479210 .functor BUFT 1, C4<0001000000000000>, C4<0>, C4<0>, C4<0>;
v0xca0e8f980_0 .net/2u *"_ivl_16", 15 0, L_0xca1479210;  1 drivers
v0xca0e8fa20_0 .net *"_ivl_9", 15 0, L_0xca0e924e0;  1 drivers
v0xca0e8fac0_0 .net "btn_in", 1 0, v0xca0e91220_0;  1 drivers
v0xca0e8fb60_0 .net "clk", 0 0, v0xca0e912c0_0;  1 drivers
v0xca0e8fc00_0 .net "cpu_resetn", 0 0, L_0xca117a610;  1 drivers
v0xca0e8fca0_0 .net "cpu_word_addr", 10 0, L_0xca0e92760;  1 drivers
v0xca0e8fd40_0 .net "gpio_out", 31 0, L_0xca108a7d0;  alias, 1 drivers
v0xca0e8fde0_0 .net "is_bram", 0 0, L_0xca0e92580;  1 drivers
v0xca0e8fe80_0 .net "is_io", 0 0, L_0xca0e926c0;  1 drivers
v0xca0e8ff20_0 .var/i "k", 31 0;
v0xca0e90000_0 .net "ld_mem_waddr", 10 0, v0xca0e8e1c0_0;  1 drivers
v0xca0e900a0_0 .net "ld_mem_wdata", 31 0, v0xca0e8e260_0;  1 drivers
v0xca0e90140_0 .net "ld_mem_we", 0 0, v0xca0e8e300_0;  1 drivers
v0xca0e901e0_0 .net "ld_tx_data", 7 0, v0xca0e8e800_0;  1 drivers
v0xca0e90280_0 .net "ld_tx_send", 0 0, v0xca0e8e8a0_0;  1 drivers
v0xca0e90320_0 .net "loading", 0 0, v0xca0e8e120_0;  1 drivers
v0xca0e903c0 .array "mem", 2047 0, 31 0;
v0xca0e90460_0 .net "mem_addr", 31 0, v0xca0e8aa80_0;  1 drivers
v0xca0e90500_0 .net "mem_instr", 0 0, v0xca0e8aee0_0;  1 drivers
v0xca0e905a0_0 .var "mem_rdata", 31 0;
v0xca0e90640_0 .var "mem_ready", 0 0;
v0xca0e906e0_0 .net "mem_valid", 0 0, v0xca0e8ba20_0;  1 drivers
v0xca0e90780_0 .net "mem_wdata", 31 0, v0xca0e8bac0_0;  1 drivers
v0xca0e90820_0 .net "mem_wstrb", 3 0, v0xca0e8bc00_0;  1 drivers
v0xca0e908c0_0 .var "r_gpio_out", 31 0;
v0xca0e90960_0 .var "r_uart_data", 7 0;
v0xca0e90a00_0 .var "r_uart_valid", 0 0;
v0xca0e90aa0_0 .net "resetn", 0 0, v0xca0e915e0_0;  1 drivers
v0xca0e90b40_0 .net "rx_data", 7 0, v0xca0e8ebc0_0;  1 drivers
v0xca0e90be0_0 .net "rx_valid", 0 0, v0xca0e8f020_0;  1 drivers
v0xca0e90c80_0 .net "tx_busy", 0 0, L_0xca0e92800;  1 drivers
v0xca0e90d20_0 .net "tx_data", 7 0, L_0xca0e98140;  1 drivers
v0xca0e90dc0_0 .net "tx_valid", 0 0, L_0xca0e980a0;  1 drivers
v0xca0e90e60_0 .net "uart_rx_pin", 0 0, v0xca0e91680_0;  1 drivers
v0xca0e90f00_0 .net "uart_tx_pin", 0 0, v0xca0e8f660_0;  alias, 1 drivers
L_0xca0e924e0 .part v0xca0e8aa80_0, 16, 16;
L_0xca0e92580 .cmp/eq 16, L_0xca0e924e0, L_0xca14791c8;
L_0xca0e92620 .part v0xca0e8aa80_0, 16, 16;
L_0xca0e926c0 .cmp/eq 16, L_0xca0e92620, L_0xca1479210;
L_0xca0e92760 .part v0xca0e8aa80_0, 2, 11;
L_0xca0e980a0 .functor MUXZ 1, v0xca0e90a00_0, v0xca0e8e8a0_0, v0xca0e8e120_0, C4<>;
L_0xca0e98140 .functor MUXZ 8, v0xca0e90960_0, v0xca0e8e800_0, v0xca0e8e120_0, C4<>;
S_0xca0e5cf00 .scope module, "cpu" "picorv32" 5 108, 3 62 0, S_0xca0e5cd80;
 .timescale -9 -12;
    .port_info 0 /INPUT 1 "clk";
    .port_info 1 /INPUT 1 "resetn";
    .port_info 2 /OUTPUT 1 "trap";
    .port_info 3 /OUTPUT 1 "mem_valid";
    .port_info 4 /OUTPUT 1 "mem_instr";
    .port_info 5 /INPUT 1 "mem_ready";
    .port_info 6 /OUTPUT 32 "mem_addr";
    .port_info 7 /OUTPUT 32 "mem_wdata";
    .port_info 8 /OUTPUT 4 "mem_wstrb";
    .port_info 9 /INPUT 32 "mem_rdata";
    .port_info 10 /OUTPUT 1 "mem_la_read";
    .port_info 11 /OUTPUT 1 "mem_la_write";
    .port_info 12 /OUTPUT 32 "mem_la_addr";
    .port_info 13 /OUTPUT 32 "mem_la_wdata";
    .port_info 14 /OUTPUT 4 "mem_la_wstrb";
    .port_info 15 /OUTPUT 1 "pcpi_valid";
    .port_info 16 /OUTPUT 32 "pcpi_insn";
    .port_info 17 /OUTPUT 32 "pcpi_rs1";
    .port_info 18 /OUTPUT 32 "pcpi_rs2";
    .port_info 19 /INPUT 1 "pcpi_wr";
    .port_info 20 /INPUT 32 "pcpi_rd";
    .port_info 21 /INPUT 1 "pcpi_wait";
    .port_info 22 /INPUT 1 "pcpi_ready";
    .port_info 23 /INPUT 32 "irq";
    .port_info 24 /OUTPUT 32 "eoi";
    .port_info 25 /OUTPUT 1 "trace_valid";
    .port_info 26 /OUTPUT 36 "trace_data";
P_0xca0e6cc00 .param/l "BARREL_SHIFTER" 0 3 69, C4<0>;
P_0xca0e6cc40 .param/l "CATCH_ILLINSN" 0 3 74, C4<1>;
P_0xca0e6cc80 .param/l "CATCH_MISALIGN" 0 3 73, C4<1>;
P_0xca0e6ccc0 .param/l "COMPRESSED_ISA" 0 3 72, C4<0>;
P_0xca0e6cd00 .param/l "ENABLE_COUNTERS" 0 3 63, C4<0>;
P_0xca0e6cd40 .param/l "ENABLE_COUNTERS64" 0 3 64, C4<0>;
P_0xca0e6cd80 .param/l "ENABLE_DIV" 0 3 78, C4<0>;
P_0xca0e6cdc0 .param/l "ENABLE_FAST_MUL" 0 3 77, C4<0>;
P_0xca0e6ce00 .param/l "ENABLE_IRQ" 0 3 79, C4<0>;
P_0xca0e6ce40 .param/l "ENABLE_IRQ_QREGS" 0 3 80, C4<1>;
P_0xca0e6ce80 .param/l "ENABLE_IRQ_TIMER" 0 3 81, C4<1>;
P_0xca0e6cec0 .param/l "ENABLE_MUL" 0 3 76, C4<0>;
P_0xca0e6cf00 .param/l "ENABLE_PCPI" 0 3 75, C4<0>;
P_0xca0e6cf40 .param/l "ENABLE_REGS_16_31" 0 3 65, C4<1>;
P_0xca0e6cf80 .param/l "ENABLE_REGS_DUALPORT" 0 3 66, C4<1>;
P_0xca0e6cfc0 .param/l "ENABLE_TRACE" 0 3 82, C4<0>;
P_0xca0e6d000 .param/l "LATCHED_IRQ" 0 3 85, C4<11111111111111111111111111111111>;
P_0xca0e6d040 .param/l "LATCHED_MEM_RDATA" 0 3 67, C4<0>;
P_0xca0e6d080 .param/l "MASKED_IRQ" 0 3 84, C4<00000000000000000000000000000000>;
P_0xca0e6d0c0 .param/l "PROGADDR_IRQ" 0 3 87, C4<00000000000000000000000000010000>;
P_0xca0e6d100 .param/l "PROGADDR_RESET" 0 3 86, C4<00000000000000000000000000000000>;
P_0xca0e6d140 .param/l "REGS_INIT_ZERO" 0 3 83, C4<0>;
P_0xca0e6d180 .param/l "STACKADDR" 0 3 88, C4<00000000000000000001111111110000>;
P_0xca0e6d1c0 .param/l "TRACE_ADDR" 1 3 172, C4<001000000000000000000000000000000000>;
P_0xca0e6d200 .param/l "TRACE_BRANCH" 1 3 171, C4<000100000000000000000000000000000000>;
P_0xca0e6d240 .param/l "TRACE_IRQ" 1 3 173, C4<100000000000000000000000000000000000>;
P_0xca0e6d280 .param/l "TWO_CYCLE_ALU" 0 3 71, C4<0>;
P_0xca0e6d2c0 .param/l "TWO_CYCLE_COMPARE" 0 3 70, C4<0>;
P_0xca0e6d300 .param/l "TWO_STAGE_SHIFT" 0 3 68, C4<1>;
P_0xca0e6d340 .param/l "WITH_PCPI" 1 3 169, C4<0>;
P_0xca0e6d380 .param/l "cpu_state_exec" 1 3 1176, C4<00001000>;
P_0xca0e6d3c0 .param/l "cpu_state_fetch" 1 3 1173, C4<01000000>;
P_0xca0e6d400 .param/l "cpu_state_ld_rs1" 1 3 1174, C4<00100000>;
P_0xca0e6d440 .param/l "cpu_state_ld_rs2" 1 3 1175, C4<00010000>;
P_0xca0e6d480 .param/l "cpu_state_ldmem" 1 3 1179, C4<00000001>;
P_0xca0e6d4c0 .param/l "cpu_state_shift" 1 3 1177, C4<00000100>;
P_0xca0e6d500 .param/l "cpu_state_stmem" 1 3 1178, C4<00000010>;
P_0xca0e6d540 .param/l "cpu_state_trap" 1 3 1172, C4<10000000>;
P_0xca0e6d580 .param/l "irq_buserror" 1 3 163, +C4<00000000000000000000000000000010>;
P_0xca0e6d5c0 .param/l "irq_ebreak" 1 3 162, +C4<00000000000000000000000000000001>;
P_0xca0e6d600 .param/l "irq_timer" 1 3 161, +C4<00000000000000000000000000000000>;
P_0xca0e6d640 .param/l "irqregs_offset" 1 3 165, +C4<00000000000000000000000000100000>;
P_0xca0e6d680 .param/l "regfile_size" 1 3 166, +C4<00000000000000000000000000100000>;
P_0xca0e6d6c0 .param/l "regindex_bits" 1 3 167, +C4<00000000000000000000000000000101>;
L_0xca108a370 .functor BUFZ 1, v0xca0e8ba20_0, C4<0>, C4<0>, C4<0>;
L_0xca108a3e0 .functor BUFZ 1, v0xca0e8aee0_0, C4<0>, C4<0>, C4<0>;
L_0xca108a450 .functor BUFZ 1, v0xca0e90640_0, C4<0>, C4<0>, C4<0>;
L_0xca108a4c0 .functor BUFZ 32, v0xca0e8aa80_0, C4<00000000000000000000000000000000>, C4<00000000000000000000000000000000>, C4<00000000000000000000000000000000>;
L_0xca108a530 .functor BUFZ 32, v0xca0e8bac0_0, C4<00000000000000000000000000000000>, C4<00000000000000000000000000000000>, C4<00000000000000000000000000000000>;
L_0xca108a5a0 .functor BUFZ 4, v0xca0e8bc00_0, C4<0000>, C4<0000>, C4<0000>;
L_0xca108a610 .functor BUFZ 32, v0xca0e905a0_0, C4<00000000000000000000000000000000>, C4<00000000000000000000000000000000>, C4<00000000000000000000000000000000>;
L_0xca108a680 .functor BUFZ 32, v0xca0e8d220_0, C4<00000000000000000000000000000000>, C4<00000000000000000000000000000000>, C4<00000000000000000000000000000000>;
L_0xca108a6f0 .functor BUFZ 32, v0xca0e8d2c0_0, C4<00000000000000000000000000000000>, C4<00000000000000000000000000000000>, C4<00000000000000000000000000000000>;
L_0xca117a680 .functor AND 1, v0xca0e8ba20_0, v0xca0e90640_0, C4<1>, C4<1>;
L_0xca1478ef8 .functor BUFT 1, C4<0>, C4<0>, C4<0>, C4<0>;
L_0xca117a6f0 .functor AND 1, L_0xca1478ef8, v0xca0e8ad00_0, C4<1>, C4<1>;
L_0xca117a760 .functor OR 1, L_0xca117a680, L_0xca117a6f0, C4<0>, C4<0>;
L_0xca117a7d0 .functor AND 1, L_0xca117a760, L_0xca0d7b5c0, C4<1>, C4<1>;
L_0xca117a8b0 .functor OR 1, v0xca0e8ad00_0, v0xca0e8ac60_0, C4<0>, C4<0>;
L_0xca117a920 .functor OR 1, L_0xca117a8b0, v0xca0e8ada0_0, C4<0>, C4<0>;
L_0xca117a840 .functor AND 1, L_0xca117a7d0, L_0xca117a920, C4<1>, C4<1>;
L_0xca117a990 .functor AND 1, L_0xca0d7b660, v0xca0e8ad00_0, C4<1>, C4<1>;
L_0xca117aa00 .functor OR 1, L_0xca117a840, L_0xca117a990, C4<0>, C4<0>;
L_0xca117aa70 .functor AND 1, L_0xca117a610, L_0xca117aa00, C4<1>, C4<1>;
L_0xca117aae0 .functor AND 1, L_0xca0d7b7a0, L_0xca117a760, C4<1>, C4<1>;
L_0xca117ab50 .functor OR 1, L_0xca0d7b700, L_0xca117aae0, C4<0>, C4<0>;
L_0xca117abc0 .functor AND 1, L_0xca117aa70, L_0xca117ab50, C4<1>, C4<1>;
L_0xca117ac30 .functor AND 1, L_0xca117a610, L_0xca0d7b840, C4<1>, C4<1>;
L_0xca117aca0 .functor AND 1, L_0xca117ac30, v0xca0e8ada0_0, C4<1>, C4<1>;
L_0xca117ad10 .functor AND 1, L_0xca0d7b8e0, L_0xca0d7b980, C4<1>, C4<1>;
L_0xca117ad80 .functor OR 1, v0xca0e8ad00_0, v0xca0e8abc0_0, C4<0>, C4<0>;
L_0xca117adf0 .functor OR 1, L_0xca117ad80, v0xca0e8ac60_0, C4<0>, C4<0>;
L_0xca117ae60 .functor AND 1, L_0xca117ad10, L_0xca117adf0, C4<1>, C4<1>;
L_0xca1478f40 .functor BUFT 1, C4<0>, C4<0>, C4<0>, C4<0>;
L_0xca117aed0 .functor OR 1, L_0xca117ae60, L_0xca1478f40, C4<0>, C4<0>;
L_0xca117af40 .functor AND 1, L_0xca117a610, L_0xca117aed0, C4<1>, C4<1>;
L_0xca117afb0 .functor OR 1, v0xca0e8abc0_0, v0xca0e8ad00_0, C4<0>, C4<0>;
L_0xca1479018 .functor BUFT 1, C4<0>, C4<0>, C4<0>, C4<0>;
L_0xca117b020 .functor OR 1, L_0xca117a760, L_0xca1479018, C4<0>, C4<0>;
L_0xca108a760 .functor BUFZ 32, L_0xca0d7bca0, C4<00000000000000000000000000000000>, C4<00000000000000000000000000000000>, C4<00000000000000000000000000000000>;
L_0xca1479060 .functor BUFT 1, C4<1>, C4<0>, C4<0>, C4<0>;
L_0xca117b090 .functor AND 1, L_0xca1479060, L_0xca0d7bde0, C4<1>, C4<1>;
L_0xca117b100 .functor AND 1, v0xca0e8a8a0_0, v0xca0e8a440_0, C4<1>, C4<1>;
L_0xca14790a8 .functor BUFT 1, C4<11111111111111111111111111111110>, C4<0>, C4<0>, C4<0>;
L_0xca117b170 .functor AND 32, v0xca0e8d360_0, L_0xca14790a8, C4<11111111111111111111111111111111>, C4<11111111111111111111111111111111>;
L_0xca117b1e0 .functor AND 1, L_0xca0e92440, v0xca0e87480_0, C4<1>, C4<1>;
L_0xca1479138 .functor BUFT 1, C4<1>, C4<0>, C4<0>, C4<0>;
L_0xca117b250 .functor AND 1, L_0xca117b1e0, L_0xca1479138, C4<1>, C4<1>;
v0xca0e83020_0 .net *"_ivl_100", 31 0, L_0xca0d7bac0;  1 drivers
v0xca0e830c0_0 .net *"_ivl_103", 29 0, L_0xca0e923a0;  1 drivers
L_0xca1478fd0 .functor BUFT 1, C4<00>, C4<0>, C4<0>, C4<0>;
v0xca0e83160_0 .net/2u *"_ivl_104", 1 0, L_0xca1478fd0;  1 drivers
v0xca0e83200_0 .net *"_ivl_106", 31 0, L_0xca0d7bb60;  1 drivers
v0xca0e832a0_0 .net/2u *"_ivl_110", 0 0, L_0xca1479018;  1 drivers
v0xca0e83340_0 .net *"_ivl_113", 0 0, L_0xca117b020;  1 drivers
v0xca0e833e0_0 .net/2u *"_ivl_118", 0 0, L_0xca1479060;  1 drivers
v0xca0e83480_0 .net *"_ivl_120", 47 0, L_0xca0d7bd40;  1 drivers
v0xca0e83520_0 .net *"_ivl_123", 0 0, L_0xca0d7bde0;  1 drivers
v0xca0e835c0_0 .net *"_ivl_126", 3 0, L_0xca0d7be80;  1 drivers
v0xca0e83660_0 .net *"_ivl_131", 0 0, L_0xca117b100;  1 drivers
v0xca0e83700_0 .net/2u *"_ivl_132", 31 0, L_0xca14790a8;  1 drivers
v0xca0e837a0_0 .net *"_ivl_134", 31 0, L_0xca117b170;  1 drivers
L_0xca14790f0 .functor BUFT 1, C4<01000000>, C4<0>, C4<0>, C4<0>;
v0xca0e83840_0 .net/2u *"_ivl_138", 7 0, L_0xca14790f0;  1 drivers
v0xca0e838e0_0 .net *"_ivl_140", 0 0, L_0xca0e92440;  1 drivers
v0xca0e83980_0 .net *"_ivl_143", 0 0, L_0xca117b1e0;  1 drivers
v0xca0e83a20_0 .net/2u *"_ivl_144", 0 0, L_0xca1479138;  1 drivers
v0xca0e83ac0_0 .net *"_ivl_25", 0 0, L_0xca117a680;  1 drivers
v0xca0e83b60_0 .net *"_ivl_27", 0 0, L_0xca117a6f0;  1 drivers
v0xca0e83c00_0 .net *"_ivl_30", 3 0, L_0xca0d7b480;  1 drivers
v0xca0e83ca0_0 .net *"_ivl_35", 0 0, L_0xca0d7b5c0;  1 drivers
v0xca0e83d40_0 .net *"_ivl_37", 0 0, L_0xca117a7d0;  1 drivers
v0xca0e83de0_0 .net *"_ivl_39", 0 0, L_0xca117a8b0;  1 drivers
v0xca0e83e80_0 .net *"_ivl_41", 0 0, L_0xca117a920;  1 drivers
v0xca0e83f20_0 .net *"_ivl_43", 0 0, L_0xca117a840;  1 drivers
v0xca0e84000_0 .net *"_ivl_45", 0 0, L_0xca0d7b660;  1 drivers
v0xca0e840a0_0 .net *"_ivl_47", 0 0, L_0xca117a990;  1 drivers
v0xca0e84140_0 .net *"_ivl_49", 0 0, L_0xca117aa00;  1 drivers
v0xca0e841e0_0 .net *"_ivl_51", 0 0, L_0xca117aa70;  1 drivers
v0xca0e84280_0 .net *"_ivl_53", 0 0, L_0xca0d7b700;  1 drivers
v0xca0e84320_0 .net *"_ivl_55", 1 0, L_0xca0e92260;  1 drivers
v0xca0e843c0_0 .net *"_ivl_57", 0 0, L_0xca0d7b7a0;  1 drivers
v0xca0e84460_0 .net *"_ivl_59", 0 0, L_0xca117aae0;  1 drivers
v0xca0e84500_0 .net *"_ivl_61", 0 0, L_0xca117ab50;  1 drivers
v0xca0e845a0_0 .net *"_ivl_65", 0 0, L_0xca0d7b840;  1 drivers
v0xca0e84640_0 .net *"_ivl_67", 0 0, L_0xca117ac30;  1 drivers
v0xca0e846e0_0 .net *"_ivl_71", 0 0, L_0xca0d7b8e0;  1 drivers
v0xca0e84780_0 .net *"_ivl_73", 0 0, L_0xca0d7b980;  1 drivers
v0xca0e84820_0 .net *"_ivl_75", 0 0, L_0xca117ad10;  1 drivers
v0xca0e848c0_0 .net *"_ivl_77", 0 0, L_0xca117ad80;  1 drivers
v0xca0e84960_0 .net *"_ivl_79", 0 0, L_0xca117adf0;  1 drivers
v0xca0e84a00_0 .net *"_ivl_81", 0 0, L_0xca117ae60;  1 drivers
v0xca0e84aa0_0 .net/2u *"_ivl_82", 0 0, L_0xca1478f40;  1 drivers
v0xca0e84b40_0 .net *"_ivl_85", 0 0, L_0xca117aed0;  1 drivers
v0xca0e84be0_0 .net *"_ivl_89", 0 0, L_0xca117afb0;  1 drivers
v0xca0e84c80_0 .net *"_ivl_91", 29 0, L_0xca0e92300;  1 drivers
L_0xca1479330 .functor BUFT 1, C4<000000000000000000000000000000>, C4<0>, C4<0>, C4<0>;
v0xca0e84d20_0 .net *"_ivl_92", 29 0, L_0xca1479330;  1 drivers
v0xca0e84dc0_0 .net *"_ivl_96", 29 0, L_0xca0d7ba20;  1 drivers
L_0xca1478f88 .functor BUFT 1, C4<00>, C4<0>, C4<0>, C4<0>;
v0xca0e84e60_0 .net/2u *"_ivl_98", 1 0, L_0xca1478f88;  1 drivers
v0xca0e84f00_0 .var "alu_add_sub", 31 0;
v0xca0e84fa0_0 .var "alu_eq", 0 0;
v0xca0e85040_0 .var "alu_lts", 0 0;
v0xca0e850e0_0 .var "alu_ltu", 0 0;
v0xca0e85180_0 .var "alu_out", 31 0;
v0xca0e85220_0 .var "alu_out_0", 0 0;
v0xca0e852c0_0 .var "alu_out_0_q", 0 0;
v0xca0e85360_0 .var "alu_out_q", 31 0;
v0xca0e85400_0 .var "alu_shl", 31 0;
v0xca0e854a0_0 .var "alu_shr", 31 0;
v0xca0e85540_0 .var "alu_wait", 0 0;
v0xca0e855e0_0 .var "alu_wait_2", 0 0;
v0xca0e85680_0 .var "cached_ascii_instr", 63 0;
v0xca0e85720_0 .var "cached_insn_imm", 31 0;
v0xca0e857c0_0 .var "cached_insn_opcode", 31 0;
v0xca0e85860_0 .var "cached_insn_rd", 4 0;
v0xca0e85900_0 .var "cached_insn_rs1", 4 0;
v0xca0e859a0_0 .var "cached_insn_rs2", 4 0;
v0xca0e85a40_0 .var "clear_prefetched_high_word", 0 0;
v0xca0e85ae0_0 .var "clear_prefetched_high_word_q", 0 0;
v0xca0e85b80_0 .net "clk", 0 0, v0xca0e912c0_0;  alias, 1 drivers
v0xca0e85c20_0 .var "compressed_instr", 0 0;
v0xca0e85cc0_0 .var "count_cycle", 63 0;
v0xca0e85d60_0 .var "count_instr", 63 0;
v0xca0e85e00_0 .var "cpu_state", 7 0;
v0xca0e85ea0 .array "cpuregs", 31 0, 31 0;
v0xca0e85f40_0 .var "cpuregs_rs1", 31 0;
v0xca0e85fe0_0 .var "cpuregs_rs2", 31 0;
v0xca0e86080_0 .var "cpuregs_wrdata", 31 0;
v0xca0e86120_0 .var "cpuregs_write", 0 0;
v0xca0e861c0_0 .var "current_pc", 31 0;
v0xca0e86260_0 .var "dbg_ascii_instr", 63 0;
v0xca0e86300_0 .var "dbg_ascii_state", 127 0;
v0xca0e863a0_0 .var "dbg_insn_addr", 31 0;
v0xca0e86440_0 .var "dbg_insn_imm", 31 0;
v0xca0e864e0_0 .var "dbg_insn_opcode", 31 0;
v0xca0e86580_0 .var "dbg_insn_rd", 4 0;
v0xca0e86620_0 .var "dbg_insn_rs1", 4 0;
v0xca0e866c0_0 .var "dbg_insn_rs2", 4 0;
v0xca0e86760_0 .net "dbg_mem_addr", 31 0, L_0xca108a4c0;  1 drivers
v0xca0e86800_0 .net "dbg_mem_instr", 0 0, L_0xca108a3e0;  1 drivers
v0xca0e868a0_0 .net "dbg_mem_rdata", 31 0, L_0xca108a610;  1 drivers
v0xca0e86940_0 .net "dbg_mem_ready", 0 0, L_0xca108a450;  1 drivers
v0xca0e869e0_0 .net "dbg_mem_valid", 0 0, L_0xca108a370;  1 drivers
v0xca0e86a80_0 .net "dbg_mem_wdata", 31 0, L_0xca108a530;  1 drivers
v0xca0e86b20_0 .net "dbg_mem_wstrb", 3 0, L_0xca108a5a0;  1 drivers
v0xca0e86bc0_0 .var "dbg_next", 0 0;
v0xca0e86c60_0 .var "dbg_rs1val", 31 0;
v0xca0e86d00_0 .var "dbg_rs1val_valid", 0 0;
v0xca0e86da0_0 .var "dbg_rs2val", 31 0;
v0xca0e86e40_0 .var "dbg_rs2val_valid", 0 0;
v0xca0e86ee0_0 .var "dbg_valid_insn", 0 0;
v0xca0e86f80_0 .var "decoded_imm", 31 0;
v0xca0e87020_0 .var "decoded_imm_j", 31 0;
v0xca0e870c0_0 .var "decoded_rd", 4 0;
v0xca0e87160_0 .var "decoded_rs", 4 0;
v0xca0e87200_0 .var "decoded_rs1", 4 0;
v0xca0e872a0_0 .var "decoded_rs2", 4 0;
v0xca0e87340_0 .var "decoder_pseudo_trigger", 0 0;
v0xca0e873e0_0 .var "decoder_pseudo_trigger_q", 0 0;
v0xca0e87480_0 .var "decoder_trigger", 0 0;
v0xca0e87520_0 .var "decoder_trigger_q", 0 0;
v0xca0e875c0_0 .var "do_waitirq", 0 0;
v0xca0e87660_0 .var "eoi", 31 0;
v0xca0e87700_0 .var "instr_add", 0 0;
v0xca0e877a0_0 .var "instr_addi", 0 0;
v0xca0e87840_0 .var "instr_and", 0 0;
v0xca0e878e0_0 .var "instr_andi", 0 0;
v0xca0e87980_0 .var "instr_auipc", 0 0;
v0xca0e87a20_0 .var "instr_beq", 0 0;
v0xca0e87ac0_0 .var "instr_bge", 0 0;
v0xca0e87b60_0 .var "instr_bgeu", 0 0;
v0xca0e87c00_0 .var "instr_blt", 0 0;
v0xca0e87ca0_0 .var "instr_bltu", 0 0;
v0xca0e87d40_0 .var "instr_bne", 0 0;
v0xca0e87de0_0 .var "instr_ecall_ebreak", 0 0;
v0xca0e87e80_0 .var "instr_fence", 0 0;
v0xca0e87f20_0 .var "instr_getq", 0 0;
v0xca0e88000_0 .var "instr_jal", 0 0;
v0xca0e880a0_0 .var "instr_jalr", 0 0;
v0xca0e88140_0 .var "instr_lb", 0 0;
v0xca0e881e0_0 .var "instr_lbu", 0 0;
v0xca0e88280_0 .var "instr_lh", 0 0;
v0xca0e88320_0 .var "instr_lhu", 0 0;
v0xca0e883c0_0 .var "instr_lui", 0 0;
v0xca0e88460_0 .var "instr_lw", 0 0;
v0xca0e88500_0 .var "instr_maskirq", 0 0;
v0xca0e885a0_0 .var "instr_or", 0 0;
v0xca0e88640_0 .var "instr_ori", 0 0;
v0xca0e886e0_0 .var "instr_rdcycle", 0 0;
v0xca0e88780_0 .var "instr_rdcycleh", 0 0;
v0xca0e88820_0 .var "instr_rdinstr", 0 0;
v0xca0e888c0_0 .var "instr_rdinstrh", 0 0;
v0xca0e88960_0 .var "instr_retirq", 0 0;
v0xca0e88a00_0 .var "instr_sb", 0 0;
v0xca0e88aa0_0 .var "instr_setq", 0 0;
v0xca0e88b40_0 .var "instr_sh", 0 0;
v0xca0e88be0_0 .var "instr_sll", 0 0;
v0xca0e88c80_0 .var "instr_slli", 0 0;
v0xca0e88d20_0 .var "instr_slt", 0 0;
v0xca0e88dc0_0 .var "instr_slti", 0 0;
v0xca0e88e60_0 .var "instr_sltiu", 0 0;
v0xca0e88f00_0 .var "instr_sltu", 0 0;
v0xca0e88fa0_0 .var "instr_sra", 0 0;
v0xca0e89040_0 .var "instr_srai", 0 0;
v0xca0e890e0_0 .var "instr_srl", 0 0;
v0xca0e89180_0 .var "instr_srli", 0 0;
v0xca0e89220_0 .var "instr_sub", 0 0;
v0xca0e892c0_0 .var "instr_sw", 0 0;
v0xca0e89360_0 .var "instr_timer", 0 0;
v0xca0e89400_0 .net "instr_trap", 0 0, L_0xca117b090;  1 drivers
v0xca0e894a0_0 .var "instr_waitirq", 0 0;
v0xca0e89540_0 .var "instr_xor", 0 0;
v0xca0e895e0_0 .var "instr_xori", 0 0;
L_0xca1479180 .functor BUFT 1, C4<00000000000000000000000000000000>, C4<0>, C4<0>, C4<0>;
v0xca0e89680_0 .net "irq", 31 0, L_0xca1479180;  1 drivers
v0xca0e89720_0 .var "irq_active", 0 0;
v0xca0e897c0_0 .var "irq_delay", 0 0;
v0xca0e89860_0 .var "irq_mask", 31 0;
v0xca0e89900_0 .var "irq_pending", 31 0;
v0xca0e899a0_0 .var "irq_state", 1 0;
v0xca0e89a40_0 .var "is_alu_reg_imm", 0 0;
v0xca0e89ae0_0 .var "is_alu_reg_reg", 0 0;
v0xca0e89b80_0 .var "is_beq_bne_blt_bge_bltu_bgeu", 0 0;
v0xca0e89c20_0 .var "is_compare", 0 0;
v0xca0e89cc0_0 .var "is_jalr_addi_slti_sltiu_xori_ori_andi", 0 0;
v0xca0e89d60_0 .var "is_lb_lh_lw_lbu_lhu", 0 0;
v0xca0e89e00_0 .var "is_lbu_lhu_lw", 0 0;
v0xca0e89ea0_0 .var "is_lui_auipc_jal", 0 0;
v0xca0e89f40_0 .var "is_lui_auipc_jal_jalr_addi_add_sub", 0 0;
v0xca0e89fe0_0 .net "is_rdcycle_rdcycleh_rdinstr_rdinstrh", 0 0, L_0xca0d7bf20;  1 drivers
v0xca0e8a080_0 .var "is_sb_sh_sw", 0 0;
v0xca0e8a120_0 .var "is_sll_srl_sra", 0 0;
v0xca0e8a1c0_0 .var "is_slli_srli_srai", 0 0;
v0xca0e8a260_0 .var "is_slti_blt_slt", 0 0;
v0xca0e8a300_0 .var "is_sltiu_bltu_sltu", 0 0;
v0xca0e8a3a0_0 .var "last_mem_valid", 0 0;
v0xca0e8a440_0 .var "latched_branch", 0 0;
v0xca0e8a4e0_0 .var "latched_compr", 0 0;
v0xca0e8a580_0 .var "latched_is_lb", 0 0;
v0xca0e8a620_0 .var "latched_is_lh", 0 0;
v0xca0e8a6c0_0 .var "latched_is_lu", 0 0;
v0xca0e8a760_0 .var "latched_rd", 4 0;
v0xca0e8a800_0 .var "latched_stalu", 0 0;
v0xca0e8a8a0_0 .var "latched_store", 0 0;
v0xca0e8a940_0 .var "latched_trace", 0 0;
v0xca0e8a9e0_0 .net "launch_next_insn", 0 0, L_0xca117b250;  1 drivers
v0xca0e8aa80_0 .var "mem_addr", 31 0;
v0xca0e8ab20_0 .net "mem_busy", 0 0, L_0xca0d7b520;  1 drivers
v0xca0e8abc0_0 .var "mem_do_prefetch", 0 0;
v0xca0e8ac60_0 .var "mem_do_rdata", 0 0;
v0xca0e8ad00_0 .var "mem_do_rinst", 0 0;
v0xca0e8ada0_0 .var "mem_do_wdata", 0 0;
v0xca0e8ae40_0 .net "mem_done", 0 0, L_0xca117abc0;  1 drivers
v0xca0e8aee0_0 .var "mem_instr", 0 0;
v0xca0e8af80_0 .net "mem_la_addr", 31 0, L_0xca0d7bc00;  1 drivers
L_0xca1478e68 .functor BUFT 1, C4<0>, C4<0>, C4<0>, C4<0>;
v0xca0e8b020_0 .net "mem_la_firstword", 0 0, L_0xca1478e68;  1 drivers
v0xca0e8b0c0_0 .var "mem_la_firstword_reg", 0 0;
L_0xca1478eb0 .functor BUFT 1, C4<0>, C4<0>, C4<0>, C4<0>;
v0xca0e8b160_0 .net "mem_la_firstword_xfer", 0 0, L_0xca1478eb0;  1 drivers
v0xca0e8b200_0 .net "mem_la_read", 0 0, L_0xca117af40;  1 drivers
v0xca0e8b2a0_0 .var "mem_la_secondword", 0 0;
v0xca0e8b340_0 .net "mem_la_use_prefetched_high_word", 0 0, L_0xca1478ef8;  1 drivers
v0xca0e8b3e0_0 .var "mem_la_wdata", 31 0;
v0xca0e8b480_0 .net "mem_la_write", 0 0, L_0xca117aca0;  1 drivers
v0xca0e8b520_0 .var "mem_la_wstrb", 3 0;
v0xca0e8b5c0_0 .net "mem_rdata", 31 0, v0xca0e905a0_0;  1 drivers
v0xca0e8b660_0 .net "mem_rdata_latched", 31 0, L_0xca108a760;  1 drivers
v0xca0e8b700_0 .net "mem_rdata_latched_noshuffle", 31 0, L_0xca0d7bca0;  1 drivers
v0xca0e8b7a0_0 .var "mem_rdata_q", 31 0;
v0xca0e8b840_0 .var "mem_rdata_word", 31 0;
v0xca0e8b8e0_0 .net "mem_ready", 0 0, v0xca0e90640_0;  1 drivers
v0xca0e8b980_0 .var "mem_state", 1 0;
v0xca0e8ba20_0 .var "mem_valid", 0 0;
v0xca0e8bac0_0 .var "mem_wdata", 31 0;
v0xca0e8bb60_0 .var "mem_wordsize", 1 0;
v0xca0e8bc00_0 .var "mem_wstrb", 3 0;
v0xca0e8bca0_0 .net "mem_xfer", 0 0, L_0xca117a760;  1 drivers
v0xca0e8bd40_0 .var "new_ascii_instr", 63 0;
v0xca0e8bde0_0 .var "next_insn_opcode", 31 0;
v0xca0e8be80_0 .var "next_irq_pending", 31 0;
v0xca0e8bf20_0 .net "next_pc", 31 0, L_0xca0e98000;  1 drivers
L_0xca1478d90 .functor BUFT 1, C4<xxxxxxxxxxxxxxxxxxxxxxxxxxxxxxxx>, C4<0>, C4<0>, C4<0>;
v0xca0e8c000_0 .net "pcpi_div_rd", 31 0, L_0xca1478d90;  1 drivers
L_0xca1478e20 .functor BUFT 1, C4<0>, C4<0>, C4<0>, C4<0>;
v0xca0e8c0a0_0 .net "pcpi_div_ready", 0 0, L_0xca1478e20;  1 drivers
L_0xca1478dd8 .functor BUFT 1, C4<0>, C4<0>, C4<0>, C4<0>;
v0xca0e8c140_0 .net "pcpi_div_wait", 0 0, L_0xca1478dd8;  1 drivers
L_0xca1478d48 .functor BUFT 1, C4<0>, C4<0>, C4<0>, C4<0>;
v0xca0e8c1e0_0 .net "pcpi_div_wr", 0 0, L_0xca1478d48;  1 drivers
v0xca0e8c280_0 .var "pcpi_insn", 31 0;
v0xca0e8c320_0 .var "pcpi_int_rd", 31 0;
v0xca0e8c3c0_0 .var "pcpi_int_ready", 0 0;
v0xca0e8c460_0 .var "pcpi_int_wait", 0 0;
v0xca0e8c500_0 .var "pcpi_int_wr", 0 0;
L_0xca1478c70 .functor BUFT 1, C4<xxxxxxxxxxxxxxxxxxxxxxxxxxxxxxxx>, C4<0>, C4<0>, C4<0>;
v0xca0e8c5a0_0 .net "pcpi_mul_rd", 31 0, L_0xca1478c70;  1 drivers
L_0xca1478d00 .functor BUFT 1, C4<0>, C4<0>, C4<0>, C4<0>;
v0xca0e8c640_0 .net "pcpi_mul_ready", 0 0, L_0xca1478d00;  1 drivers
L_0xca1478cb8 .functor BUFT 1, C4<0>, C4<0>, C4<0>, C4<0>;
v0xca0e8c6e0_0 .net "pcpi_mul_wait", 0 0, L_0xca1478cb8;  1 drivers
L_0xca1478c28 .functor BUFT 1, C4<0>, C4<0>, C4<0>, C4<0>;
v0xca0e8c780_0 .net "pcpi_mul_wr", 0 0, L_0xca1478c28;  1 drivers
o0xca1450d90 .functor BUFZ 32, c4<zzzzzzzzzzzzzzzzzzzzzzzzzzzzzzzz>; HiZ drive
v0xca0e8c820_0 .net "pcpi_rd", 31 0, o0xca1450d90;  0 drivers
o0xca1450dc0 .functor BUFZ 1, c4<z>; HiZ drive
v0xca0e8c8c0_0 .net "pcpi_ready", 0 0, o0xca1450dc0;  0 drivers
v0xca0e8c960_0 .net "pcpi_rs1", 31 0, L_0xca108a680;  1 drivers
v0xca0e8ca00_0 .net "pcpi_rs2", 31 0, L_0xca108a6f0;  1 drivers
v0xca0e8caa0_0 .var "pcpi_timeout", 0 0;
v0xca0e8cb40_0 .var "pcpi_valid", 0 0;
o0xca1450eb0 .functor BUFZ 1, c4<z>; HiZ drive
v0xca0e8cbe0_0 .net "pcpi_wait", 0 0, o0xca1450eb0;  0 drivers
o0xca1450ee0 .functor BUFZ 1, c4<z>; HiZ drive
v0xca0e8cc80_0 .net "pcpi_wr", 0 0, o0xca1450ee0;  0 drivers
v0xca0e8cd20_0 .var "prefetched_high_word", 0 0;
v0xca0e8cdc0_0 .var "q_ascii_instr", 63 0;
v0xca0e8ce60_0 .var "q_insn_imm", 31 0;
v0xca0e8cf00_0 .var "q_insn_opcode", 31 0;
v0xca0e8cfa0_0 .var "q_insn_rd", 4 0;
v0xca0e8d040_0 .var "q_insn_rs1", 4 0;
v0xca0e8d0e0_0 .var "q_insn_rs2", 4 0;
v0xca0e8d180_0 .var "reg_next_pc", 31 0;
v0xca0e8d220_0 .var "reg_op1", 31 0;
v0xca0e8d2c0_0 .var "reg_op2", 31 0;
v0xca0e8d360_0 .var "reg_out", 31 0;
v0xca0e8d400_0 .var "reg_pc", 31 0;
v0xca0e8d4a0_0 .var "reg_sh", 4 0;
v0xca0e8d540_0 .net "resetn", 0 0, L_0xca117a610;  alias, 1 drivers
v0xca0e8d5e0_0 .var "set_mem_do_rdata", 0 0;
v0xca0e8d680_0 .var "set_mem_do_rinst", 0 0;
v0xca0e8d720_0 .var "set_mem_do_wdata", 0 0;
v0xca0e8d7c0_0 .var "timer", 31 0;
v0xca0e8d860_0 .var "trace_data", 35 0;
v0xca0e8d900_0 .var "trace_valid", 0 0;
v0xca0e8d9a0_0 .var "trap", 0 0;
E_0xca11a9600 .event posedge, v0xca0e85b80_0;
v0xca0e85ea0_0 .array/port v0xca0e85ea0, 0;
v0xca0e85ea0_1 .array/port v0xca0e85ea0, 1;
v0xca0e85ea0_2 .array/port v0xca0e85ea0, 2;
E_0xca11a9640/0 .event anyedge, v0xca0e87200_0, v0xca0e85ea0_0, v0xca0e85ea0_1, v0xca0e85ea0_2;
v0xca0e85ea0_3 .array/port v0xca0e85ea0, 3;
v0xca0e85ea0_4 .array/port v0xca0e85ea0, 4;
v0xca0e85ea0_5 .array/port v0xca0e85ea0, 5;
v0xca0e85ea0_6 .array/port v0xca0e85ea0, 6;
E_0xca11a9640/1 .event anyedge, v0xca0e85ea0_3, v0xca0e85ea0_4, v0xca0e85ea0_5, v0xca0e85ea0_6;
v0xca0e85ea0_7 .array/port v0xca0e85ea0, 7;
v0xca0e85ea0_8 .array/port v0xca0e85ea0, 8;
v0xca0e85ea0_9 .array/port v0xca0e85ea0, 9;
v0xca0e85ea0_10 .array/port v0xca0e85ea0, 10;
E_0xca11a9640/2 .event anyedge, v0xca0e85ea0_7, v0xca0e85ea0_8, v0xca0e85ea0_9, v0xca0e85ea0_10;
v0xca0e85ea0_11 .array/port v0xca0e85ea0, 11;
v0xca0e85ea0_12 .array/port v0xca0e85ea0, 12;
v0xca0e85ea0_13 .array/port v0xca0e85ea0, 13;
v0xca0e85ea0_14 .array/port v0xca0e85ea0, 14;
E_0xca11a9640/3 .event anyedge, v0xca0e85ea0_11, v0xca0e85ea0_12, v0xca0e85ea0_13, v0xca0e85ea0_14;
v0xca0e85ea0_15 .array/port v0xca0e85ea0, 15;
v0xca0e85ea0_16 .array/port v0xca0e85ea0, 16;
v0xca0e85ea0_17 .array/port v0xca0e85ea0, 17;
v0xca0e85ea0_18 .array/port v0xca0e85ea0, 18;
E_0xca11a9640/4 .event anyedge, v0xca0e85ea0_15, v0xca0e85ea0_16, v0xca0e85ea0_17, v0xca0e85ea0_18;
v0xca0e85ea0_19 .array/port v0xca0e85ea0, 19;
v0xca0e85ea0_20 .array/port v0xca0e85ea0, 20;
v0xca0e85ea0_21 .array/port v0xca0e85ea0, 21;
v0xca0e85ea0_22 .array/port v0xca0e85ea0, 22;
E_0xca11a9640/5 .event anyedge, v0xca0e85ea0_19, v0xca0e85ea0_20, v0xca0e85ea0_21, v0xca0e85ea0_22;
v0xca0e85ea0_23 .array/port v0xca0e85ea0, 23;
v0xca0e85ea0_24 .array/port v0xca0e85ea0, 24;
v0xca0e85ea0_25 .array/port v0xca0e85ea0, 25;
v0xca0e85ea0_26 .array/port v0xca0e85ea0, 26;
E_0xca11a9640/6 .event anyedge, v0xca0e85ea0_23, v0xca0e85ea0_24, v0xca0e85ea0_25, v0xca0e85ea0_26;
v0xca0e85ea0_27 .array/port v0xca0e85ea0, 27;
v0xca0e85ea0_28 .array/port v0xca0e85ea0, 28;
v0xca0e85ea0_29 .array/port v0xca0e85ea0, 29;
v0xca0e85ea0_30 .array/port v0xca0e85ea0, 30;
E_0xca11a9640/7 .event anyedge, v0xca0e85ea0_27, v0xca0e85ea0_28, v0xca0e85ea0_29, v0xca0e85ea0_30;
v0xca0e85ea0_31 .array/port v0xca0e85ea0, 31;
E_0xca11a9640/8 .event anyedge, v0xca0e85ea0_31, v0xca0e872a0_0;
E_0xca11a9640 .event/or E_0xca11a9640/0, E_0xca11a9640/1, E_0xca11a9640/2, E_0xca11a9640/3, E_0xca11a9640/4, E_0xca11a9640/5, E_0xca11a9640/6, E_0xca11a9640/7, E_0xca11a9640/8;
E_0xca11a9680/0 .event anyedge, v0xca0e85e00_0, v0xca0e8d400_0, v0xca0e8a4e0_0, v0xca0e8a440_0;
E_0xca11a9680/1 .event anyedge, v0xca0e8a800_0, v0xca0e85360_0, v0xca0e8d360_0, v0xca0e8a8a0_0;
E_0xca11a9680/2 .event anyedge, v0xca0e8d180_0, v0xca0e89900_0, v0xca0e89860_0;
E_0xca11a9680 .event/or E_0xca11a9680/0, E_0xca11a9680/1, E_0xca11a9680/2;
E_0xca11a96c0/0 .event anyedge, v0xca0e85ae0_0, v0xca0e8cd20_0, v0xca0e8a440_0, v0xca0e899a0_0;
E_0xca11a96c0/1 .event anyedge, v0xca0e8d540_0;
E_0xca11a96c0 .event/or E_0xca11a96c0/0, E_0xca11a96c0/1;
E_0xca11a9700/0 .event anyedge, v0xca0e84fa0_0, v0xca0e87a20_0, v0xca0e87d40_0, v0xca0e85040_0;
E_0xca11a9700/1 .event anyedge, v0xca0e87ac0_0, v0xca0e850e0_0, v0xca0e87b60_0, v0xca0e8a260_0;
E_0xca11a9700/2 .event anyedge, v0xca0e8a300_0, v0xca0e84f00_0, v0xca0e89f40_0, v0xca0e85220_0;
E_0xca11a9700/3 .event anyedge, v0xca0e89c20_0, v0xca0e8d220_0, v0xca0e8d2c0_0, v0xca0e895e0_0;
E_0xca11a9700/4 .event anyedge, v0xca0e89540_0, v0xca0e88640_0, v0xca0e885a0_0, v0xca0e878e0_0;
E_0xca11a9700/5 .event anyedge, v0xca0e87840_0, v0xca0e85400_0, v0xca0e854a0_0;
E_0xca11a9700 .event/or E_0xca11a9700/0, E_0xca11a9700/1, E_0xca11a9700/2, E_0xca11a9700/3, E_0xca11a9700/4, E_0xca11a9700/5;
E_0xca11a9740 .event anyedge, v0xca0e85e00_0;
E_0xca11a9780/0 .event anyedge, v0xca0e8cdc0_0, v0xca0e8ce60_0, v0xca0e8cf00_0, v0xca0e8d040_0;
E_0xca11a9780/1 .event anyedge, v0xca0e8d0e0_0, v0xca0e8cfa0_0, v0xca0e86bc0_0, v0xca0e873e0_0;
E_0xca11a9780/2 .event anyedge, v0xca0e85680_0, v0xca0e85720_0, v0xca0e857c0_0, v0xca0e85900_0;
E_0xca11a9780/3 .event anyedge, v0xca0e859a0_0, v0xca0e85860_0, v0xca0e8bd40_0, v0xca0e8bde0_0;
E_0xca11a9780/4 .event anyedge, v0xca0e86f80_0, v0xca0e87200_0, v0xca0e872a0_0, v0xca0e870c0_0;
E_0xca11a9780 .event/or E_0xca11a9780/0, E_0xca11a9780/1, E_0xca11a9780/2, E_0xca11a9780/3, E_0xca11a9780/4;
E_0xca11a97c0/0 .event anyedge, v0xca0e883c0_0, v0xca0e87980_0, v0xca0e88000_0, v0xca0e880a0_0;
E_0xca11a97c0/1 .event anyedge, v0xca0e87a20_0, v0xca0e87d40_0, v0xca0e87c00_0, v0xca0e87ac0_0;
E_0xca11a97c0/2 .event anyedge, v0xca0e87ca0_0, v0xca0e87b60_0, v0xca0e88140_0, v0xca0e88280_0;
E_0xca11a97c0/3 .event anyedge, v0xca0e88460_0, v0xca0e881e0_0, v0xca0e88320_0, v0xca0e88a00_0;
E_0xca11a97c0/4 .event anyedge, v0xca0e88b40_0, v0xca0e892c0_0, v0xca0e877a0_0, v0xca0e88dc0_0;
E_0xca11a97c0/5 .event anyedge, v0xca0e88e60_0, v0xca0e895e0_0, v0xca0e88640_0, v0xca0e878e0_0;
E_0xca11a97c0/6 .event anyedge, v0xca0e88c80_0, v0xca0e89180_0, v0xca0e89040_0, v0xca0e87700_0;
E_0xca11a97c0/7 .event anyedge, v0xca0e89220_0, v0xca0e88be0_0, v0xca0e88d20_0, v0xca0e88f00_0;
E_0xca11a97c0/8 .event anyedge, v0xca0e89540_0, v0xca0e890e0_0, v0xca0e88fa0_0, v0xca0e885a0_0;
E_0xca11a97c0/9 .event anyedge, v0xca0e87840_0, v0xca0e886e0_0, v0xca0e88780_0, v0xca0e88820_0;
E_0xca11a97c0/10 .event anyedge, v0xca0e888c0_0, v0xca0e87e80_0, v0xca0e87f20_0, v0xca0e88aa0_0;
E_0xca11a97c0/11 .event anyedge, v0xca0e88960_0, v0xca0e88500_0, v0xca0e894a0_0, v0xca0e89360_0;
E_0xca11a97c0 .event/or E_0xca11a97c0/0, E_0xca11a97c0/1, E_0xca11a97c0/2, E_0xca11a97c0/3, E_0xca11a97c0/4, E_0xca11a97c0/5, E_0xca11a97c0/6, E_0xca11a97c0/7, E_0xca11a97c0/8, E_0xca11a97c0/9, E_0xca11a97c0/10, E_0xca11a97c0/11;
E_0xca11a9800 .event anyedge, v0xca0e8bb60_0, v0xca0e8d2c0_0, v0xca0e8b5c0_0, v0xca0e8d220_0;
E_0xca11a9840 .event anyedge, v0xca0e8c780_0, v0xca0e8c5a0_0, v0xca0e8c1e0_0, v0xca0e8c000_0;
L_0xca0d7b480 .concat [ 1 1 1 1], v0xca0e8ada0_0, v0xca0e8ac60_0, v0xca0e8ad00_0, v0xca0e8abc0_0;
L_0xca0d7b520 .reduce/or L_0xca0d7b480;
L_0xca0d7b5c0 .reduce/or v0xca0e8b980_0;
L_0xca0d7b660 .reduce/and v0xca0e8b980_0;
L_0xca0d7b700 .reduce/nor L_0xca1478e68;
L_0xca0e92260 .part L_0xca108a760, 0, 2;
L_0xca0d7b7a0 .reduce/nand L_0xca0e92260;
L_0xca0d7b840 .reduce/nor v0xca0e8b980_0;
L_0xca0d7b8e0 .reduce/nor L_0xca1478ef8;
L_0xca0d7b980 .reduce/nor v0xca0e8b980_0;
L_0xca0e92300 .part L_0xca0e98000, 2, 30;
L_0xca0d7ba20 .arith/sum 30, L_0xca0e92300, L_0xca1479330;
L_0xca0d7bac0 .concat [ 2 30 0 0], L_0xca1478f88, L_0xca0d7ba20;
L_0xca0e923a0 .part v0xca0e8d220_0, 2, 30;
L_0xca0d7bb60 .concat [ 2 30 0 0], L_0xca1478fd0, L_0xca0e923a0;
L_0xca0d7bc00 .functor MUXZ 32, L_0xca0d7bb60, L_0xca0d7bac0, L_0xca117afb0, C4<>;
L_0xca0d7bca0 .functor MUXZ 32, v0xca0e8b7a0_0, v0xca0e905a0_0, L_0xca117b020, C4<>;
LS_0xca0d7bd40_0_0 .concat [ 1 1 1 1], v0xca0e89360_0, v0xca0e894a0_0, v0xca0e88500_0, v0xca0e88960_0;
LS_0xca0d7bd40_0_4 .concat [ 1 1 1 1], v0xca0e88aa0_0, v0xca0e87f20_0, v0xca0e87e80_0, v0xca0e888c0_0;
LS_0xca0d7bd40_0_8 .concat [ 1 1 1 1], v0xca0e88820_0, v0xca0e88780_0, v0xca0e886e0_0, v0xca0e87840_0;
LS_0xca0d7bd40_0_12 .concat [ 1 1 1 1], v0xca0e885a0_0, v0xca0e88fa0_0, v0xca0e890e0_0, v0xca0e89540_0;
LS_0xca0d7bd40_0_16 .concat [ 1 1 1 1], v0xca0e88f00_0, v0xca0e88d20_0, v0xca0e88be0_0, v0xca0e89220_0;
LS_0xca0d7bd40_0_20 .concat [ 1 1 1 1], v0xca0e87700_0, v0xca0e89040_0, v0xca0e89180_0, v0xca0e88c80_0;
LS_0xca0d7bd40_0_24 .concat [ 1 1 1 1], v0xca0e878e0_0, v0xca0e88640_0, v0xca0e895e0_0, v0xca0e88e60_0;
LS_0xca0d7bd40_0_28 .concat [ 1 1 1 1], v0xca0e88dc0_0, v0xca0e877a0_0, v0xca0e892c0_0, v0xca0e88b40_0;
LS_0xca0d7bd40_0_32 .concat [ 1 1 1 1], v0xca0e88a00_0, v0xca0e88320_0, v0xca0e881e0_0, v0xca0e88460_0;
LS_0xca0d7bd40_0_36 .concat [ 1 1 1 1], v0xca0e88280_0, v0xca0e88140_0, v0xca0e87b60_0, v0xca0e87ca0_0;
LS_0xca0d7bd40_0_40 .concat [ 1 1 1 1], v0xca0e87ac0_0, v0xca0e87c00_0, v0xca0e87d40_0, v0xca0e87a20_0;
LS_0xca0d7bd40_0_44 .concat [ 1 1 1 1], v0xca0e880a0_0, v0xca0e88000_0, v0xca0e87980_0, v0xca0e883c0_0;
LS_0xca0d7bd40_1_0 .concat [ 4 4 4 4], LS_0xca0d7bd40_0_0, LS_0xca0d7bd40_0_4, LS_0xca0d7bd40_0_8, LS_0xca0d7bd40_0_12;
LS_0xca0d7bd40_1_4 .concat [ 4 4 4 4], LS_0xca0d7bd40_0_16, LS_0xca0d7bd40_0_20, LS_0xca0d7bd40_0_24, LS_0xca0d7bd40_0_28;
LS_0xca0d7bd40_1_8 .concat [ 4 4 4 4], LS_0xca0d7bd40_0_32, LS_0xca0d7bd40_0_36, LS_0xca0d7bd40_0_40, LS_0xca0d7bd40_0_44;
L_0xca0d7bd40 .concat [ 16 16 16 0], LS_0xca0d7bd40_1_0, LS_0xca0d7bd40_1_4, LS_0xca0d7bd40_1_8;
L_0xca0d7bde0 .reduce/nor L_0xca0d7bd40;
L_0xca0d7be80 .concat [ 1 1 1 1], v0xca0e888c0_0, v0xca0e88820_0, v0xca0e88780_0, v0xca0e886e0_0;
L_0xca0d7bf20 .reduce/or L_0xca0d7be80;
L_0xca0e98000 .functor MUXZ 32, v0xca0e8d180_0, L_0xca117b170, L_0xca117b100, C4<>;
L_0xca0e92440 .cmp/eq 8, v0xca0e85e00_0, L_0xca14790f0;
S_0xca0e5d200 .scope task, "empty_statement" "empty_statement" 3 214, 3 214 0, S_0xca0e5cf00;
 .timescale -9 -12;
TD_tb_dbg.dut.cpu.empty_statement ;
    %end;
S_0xca0e5d380 .scope generate, "genblk1" "genblk1" 3 285, 3 285 0, S_0xca0e5cf00;
 .timescale -9 -12;
S_0xca0e5d500 .scope generate, "genblk2" "genblk2" 3 305, 3 305 0, S_0xca0e5cf00;
 .timescale -9 -12;
S_0xca0e5d680 .scope generate, "genblk3" "genblk3" 3 1229, 3 1229 0, S_0xca0e5cf00;
 .timescale -9 -12;
E_0xca11a9880/0 .event anyedge, v0xca0e89220_0, v0xca0e8d220_0, v0xca0e8d2c0_0, v0xca0e88fa0_0;
E_0xca11a9880/1 .event anyedge, v0xca0e89040_0;
E_0xca11a9880 .event/or E_0xca11a9880/0, E_0xca11a9880/1;
S_0xca0e5d800 .scope module, "loader_i" "loader" 5 64, 6 23 0, S_0xca0e5cd80;
 .timescale -9 -12;
    .port_info 0 /INPUT 1 "clk";
    .port_info 1 /INPUT 1 "resetn";
    .port_info 2 /INPUT 1 "rx_valid";
    .port_info 3 /INPUT 8 "rx_data";
    .port_info 4 /OUTPUT 1 "tx_send";
    .port_info 5 /OUTPUT 8 "tx_data";
    .port_info 6 /INPUT 1 "tx_busy";
    .port_info 7 /OUTPUT 1 "mem_we";
    .port_info 8 /OUTPUT 11 "mem_waddr";
    .port_info 9 /OUTPUT 32 "mem_wdata";
    .port_info 10 /OUTPUT 1 "loading";
P_0x1038408e0 .param/l "ACK" 1 6 49, C4<01111001>;
P_0x103840920 .param/l "CMD_RUN" 1 6 48, C4<00000010>;
P_0x103840960 .param/l "CMD_WRITE" 1 6 47, C4<00000001>;
P_0x1038409a0 .param/l "NAK" 1 6 50, C4<01101110>;
P_0x1038409e0 .param/l "SYNC" 1 6 46, C4<01111110>;
P_0x103840a20 .param/l "S_ADDR_H" 1 6 56, C4<0011>;
P_0x103840a60 .param/l "S_ADDR_L" 1 6 55, C4<0010>;
P_0x103840aa0 .param/l "S_CHECK" 1 6 61, C4<1000>;
P_0x103840ae0 .param/l "S_CMD" 1 6 54, C4<0001>;
P_0x103840b20 .param/l "S_CRC_H" 1 6 59, C4<0110>;
P_0x103840b60 .param/l "S_CRC_L" 1 6 60, C4<0111>;
P_0x103840ba0 .param/l "S_DATA" 1 6 58, C4<0101>;
P_0x103840be0 .param/l "S_NWORDS" 1 6 57, C4<0100>;
P_0x103840c20 .param/l "S_RUN" 1 6 63, C4<1010>;
P_0x103840c60 .param/l "S_SYNC" 1 6 53, C4<0000>;
P_0x103840ca0 .param/l "S_WAITTX" 1 6 62, C4<1001>;
v0xca0e8dd60_0 .var "addr", 10 0;
v0xca0e8de00_0 .var "byte_in_word", 1 0;
v0xca0e8dea0_0 .net "clk", 0 0, v0xca0e912c0_0;  alias, 1 drivers
v0xca0e8df40_0 .var "cmd", 7 0;
v0xca0e8dfe0_0 .var "crc", 15 0;
v0xca0e8e080_0 .var "cur_word", 31 0;
v0xca0e8e120_0 .var "loading", 0 0;
v0xca0e8e1c0_0 .var "mem_waddr", 10 0;
v0xca0e8e260_0 .var "mem_wdata", 31 0;
v0xca0e8e300_0 .var "mem_we", 0 0;
v0xca0e8e3a0_0 .var "nwords", 7 0;
v0xca0e8e440_0 .net "resetn", 0 0, v0xca0e915e0_0;  alias, 1 drivers
v0xca0e8e4e0_0 .var "rx_crc", 15 0;
v0xca0e8e580_0 .net "rx_data", 7 0, v0xca0e8ebc0_0;  alias, 1 drivers
v0xca0e8e620_0 .net "rx_valid", 0 0, v0xca0e8f020_0;  alias, 1 drivers
v0xca0e8e6c0_0 .var "state", 3 0;
v0xca0e8e760_0 .net "tx_busy", 0 0, L_0xca0e92800;  alias, 1 drivers
v0xca0e8e800_0 .var "tx_data", 7 0;
v0xca0e8e8a0_0 .var "tx_send", 0 0;
v0xca0e8e940_0 .var "word_count", 7 0;
S_0xca0e5db00 .scope function.vec4.s16, "crc16_next" "crc16_next" 6 77, 6 77 0, S_0xca0e5d800;
 .timescale -9 -12;
v0xca0e8da40_0 .var "b", 7 0;
v0xca0e8dae0_0 .var "c", 15 0;
; Variable crc16_next is vec4 return value of scope S_0xca0e5db00
v0xca0e8dc20_0 .var "crc_in", 15 0;
v0xca0e8dcc0_0 .var/i "i", 31 0;
TD_tb_dbg.dut.loader_i.crc16_next ;
    %load/vec4 v0xca0e8dc20_0;
    %load/vec4 v0xca0e8da40_0;
    %pad/u 16;
    %ix/load 4, 8, 0;
    %flag_set/imm 4, 0;
    %shiftl 4;
    %xor;
    %store/vec4 v0xca0e8dae0_0, 0, 16;
    %pushi/vec4 0, 0, 32;
    %store/vec4 v0xca0e8dcc0_0, 0, 32;
T_4.5 ; Top of for-loop
    %load/vec4 v0xca0e8dcc0_0;
    %cmpi/s 8, 0, 32;
	  %jmp/0xz T_4.6, 5;
    %load/vec4 v0xca0e8dae0_0;
    %parti/s 1, 15, 5;
    %flag_set/vec4 8;
    %jmp/0xz  T_4.8, 8;
    %load/vec4 v0xca0e8dae0_0;
    %ix/load 4, 1, 0;
    %flag_set/imm 4, 0;
    %shiftl 4;
    %pushi/vec4 4129, 0, 16;
    %xor;
    %store/vec4 v0xca0e8dae0_0, 0, 16;
    %jmp T_4.9;
T_4.8 ;
    %load/vec4 v0xca0e8dae0_0;
    %ix/load 4, 1, 0;
    %flag_set/imm 4, 0;
    %shiftl 4;
    %store/vec4 v0xca0e8dae0_0, 0, 16;
T_4.9 ;
T_4.7 ; for-loop step statement
    %load/vec4 v0xca0e8dcc0_0;
    %addi 1, 0, 32;
    %store/vec4 v0xca0e8dcc0_0, 0, 32;
    %jmp T_4.5;
T_4.6 ; for-loop exit label
    %load/vec4 v0xca0e8dae0_0;
    %ret/vec4 0, 0, 16;  Assign to crc16_next (store_vec4_to_lval)
    %end;
S_0xca0e5dc80 .scope module, "rx_i" "uart_rx" 5 45, 7 14 0, S_0xca0e5cd80;
 .timescale -9 -12;
    .port_info 0 /INPUT 1 "clk";
    .port_info 1 /INPUT 1 "resetn";
    .port_info 2 /INPUT 1 "rx";
    .port_info 3 /OUTPUT 8 "data";
    .port_info 4 /OUTPUT 1 "valid";
P_0xca1115540 .param/l "CLOCKS_PER_BIT" 0 7 15, +C4<00000000000000000000000000010000>;
P_0xca1115580 .param/l "DATA" 1 7 34, C4<10>;
P_0xca11155c0 .param/l "IDLE" 1 7 32, C4<00>;
P_0xca1115600 .param/l "START" 1 7 33, C4<01>;
P_0xca1115640 .param/l "STOP" 1 7 35, C4<11>;
L_0xca108a300 .functor BUFZ 1, v0xca0e8eee0_0, C4<0>, C4<0>, C4<0>;
v0xca0e8e9e0_0 .var "bit_index", 2 0;
v0xca0e8ea80_0 .net "clk", 0 0, v0xca0e912c0_0;  alias, 1 drivers
v0xca0e8eb20_0 .var "clk_count", 15 0;
v0xca0e8ebc0_0 .var "data", 7 0;
v0xca0e8ec60_0 .net "resetn", 0 0, v0xca0e915e0_0;  alias, 1 drivers
v0xca0e8ed00_0 .net "rx", 0 0, v0xca0e91680_0;  alias, 1 drivers
v0xca0e8eda0_0 .net "rx_in", 0 0, L_0xca108a300;  1 drivers
v0xca0e8ee40_0 .var "rx_sync_0", 0 0;
v0xca0e8eee0_0 .var "rx_sync_1", 0 0;
v0xca0e8ef80_0 .var "state", 1 0;
v0xca0e8f020_0 .var "valid", 0 0;
S_0xca0e5de00 .scope module, "tx_i" "uart_tx" 5 217, 8 11 0, S_0xca0e5cd80;
 .timescale -9 -12;
    .port_info 0 /INPUT 1 "clk";
    .port_info 1 /INPUT 1 "resetn";
    .port_info 2 /INPUT 1 "valid";
    .port_info 3 /INPUT 8 "data";
    .port_info 4 /OUTPUT 1 "tx";
    .port_info 5 /OUTPUT 1 "busy";
P_0xca1115680 .param/l "CLOCKS_PER_BIT" 0 8 12, +C4<00000000000000000000000000010000>;
P_0xca11156c0 .param/l "DATA" 1 8 24, C4<10>;
P_0xca1115700 .param/l "IDLE" 1 8 22, C4<00>;
P_0xca1115740 .param/l "START" 1 8 23, C4<01>;
P_0xca1115780 .param/l "STOP" 1 8 25, C4<11>;
L_0xca1479258 .functor BUFT 1, C4<00>, C4<0>, C4<0>, C4<0>;
v0xca0e8f0c0_0 .net/2u *"_ivl_0", 1 0, L_0xca1479258;  1 drivers
v0xca0e8f160_0 .var "bit_index", 2 0;
v0xca0e8f200_0 .net "busy", 0 0, L_0xca0e92800;  alias, 1 drivers
v0xca0e8f2a0_0 .net "clk", 0 0, v0xca0e912c0_0;  alias, 1 drivers
v0xca0e8f340_0 .var "clk_count", 15 0;
v0xca0e8f3e0_0 .net "data", 7 0, L_0xca0e98140;  alias, 1 drivers
v0xca0e8f480_0 .net "resetn", 0 0, v0xca0e915e0_0;  alias, 1 drivers
v0xca0e8f520_0 .var "shift", 7 0;
v0xca0e8f5c0_0 .var "state", 1 0;
v0xca0e8f660_0 .var "tx", 0 0;
v0xca0e8f700_0 .net "valid", 0 0, L_0xca0e980a0;  alias, 1 drivers
L_0xca0e92800 .cmp/ne 2, v0xca0e8f5c0_0, L_0xca1479258;
S_0xca0e5df80 .scope task, "uart_send_byte" "uart_send_byte" 4 9, 4 9 0, S_0x10382b970;
 .timescale -9 -12;
v0xca0e90fa0_0 .var "b", 7 0;
v0xca0e91040_0 .var/i "i", 31 0;
TD_tb_dbg.uart_send_byte ;
    %pushi/vec4 0, 0, 1;
    %store/vec4 v0xca0e91680_0, 0, 1;
    %pushi/vec4 16, 0, 32;
T_5.10 %dup/vec4;
    %cmpi/s 0, 0, 32;
    %jmp/1xz T_5.11, 5;
    %jmp/1 T_5.11, 4;
    %subi 1, 0, 32;
    %wait E_0xca11a9600;
    %jmp T_5.10;
T_5.11 ;
    %pop/vec4 1;
    %pushi/vec4 0, 0, 32;
    %store/vec4 v0xca0e91040_0, 0, 32;
T_5.12 ; Top of for-loop
    %load/vec4 v0xca0e91040_0;
    %cmpi/s 8, 0, 32;
	  %jmp/0xz T_5.13, 5;
    %load/vec4 v0xca0e90fa0_0;
    %load/vec4 v0xca0e91040_0;
    %part/s 1;
    %store/vec4 v0xca0e91680_0, 0, 1;
    %pushi/vec4 16, 0, 32;
T_5.15 %dup/vec4;
    %cmpi/s 0, 0, 32;
    %jmp/1xz T_5.16, 5;
    %jmp/1 T_5.16, 4;
    %subi 1, 0, 32;
    %wait E_0xca11a9600;
    %jmp T_5.15;
T_5.16 ;
    %pop/vec4 1;
T_5.14 ; for-loop step statement
    %load/vec4 v0xca0e91040_0;
    %addi 1, 0, 32;
    %store/vec4 v0xca0e91040_0, 0, 32;
    %jmp T_5.12;
T_5.13 ; for-loop exit label
    %pushi/vec4 1, 0, 1;
    %store/vec4 v0xca0e91680_0, 0, 1;
    %pushi/vec4 16, 0, 32;
T_5.17 %dup/vec4;
    %cmpi/s 0, 0, 32;
    %jmp/1xz T_5.18, 5;
    %jmp/1 T_5.18, 4;
    %subi 1, 0, 32;
    %wait E_0xca11a9600;
    %jmp T_5.17;
T_5.18 ;
    %pop/vec4 1;
    %end;
    .scope S_0x10382bc30;
T_6 ;
    %wait E_0xca11a8dc0;
    %load/vec4 v0xca0e31a40_0;
    %nor/r;
    %flag_set/vec4 8;
    %jmp/0xz  T_6.0, 8;
    %pushi/vec4 0, 0, 1;
    %assign/vec4 v0xca0e30960_0, 0;
    %jmp T_6.1;
T_6.0 ;
    %load/vec4 v0xca0e31860_0;
    %flag_set/vec4 8;
    %flag_get/vec4 8;
    %jmp/0 T_6.2, 8;
    %load/vec4 v0xca0e317c0_0;
    %and;
T_6.2;
    %assign/vec4 v0xca0e31ae0_0, 0;
    %load/vec4 v0xca0e30fa0_0;
    %flag_set/vec4 9;
    %flag_get/vec4 9;
    %jmp/0 T_6.5, 9;
    %load/vec4 v0xca0e31040_0;
    %and;
T_6.5;
    %flag_set/vec4 8;
    %jmp/0xz  T_6.3, 8;
    %pushi/vec4 1, 0, 1;
    %assign/vec4 v0xca0e30960_0, 0;
T_6.3 ;
    %load/vec4 v0xca0e30d20_0;
    %flag_set/vec4 9;
    %flag_get/vec4 9;
    %jmp/0 T_6.8, 9;
    %load/vec4 v0xca0e30dc0_0;
    %and;
T_6.8;
    %flag_set/vec4 8;
    %jmp/0xz  T_6.6, 8;
    %pushi/vec4 1, 0, 1;
    %assign/vec4 v0xca0e308c0_0, 0;
T_6.6 ;
    %load/vec4 v0xca0e314a0_0;
    %flag_set/vec4 9;
    %flag_get/vec4 9;
    %jmp/0 T_6.11, 9;
    %load/vec4 v0xca0e315e0_0;
    %and;
T_6.11;
    %flag_set/vec4 8;
    %jmp/0xz  T_6.9, 8;
    %pushi/vec4 1, 0, 1;
    %assign/vec4 v0xca0e30a00_0, 0;
T_6.9 ;
    %load/vec4 v0xca0e31ae0_0;
    %flag_set/vec4 8;
    %jmp/1 T_6.14, 8;
    %load/vec4 v0xca0e31860_0;
    %nor/r;
    %flag_set/vec4 9;
    %flag_or 8, 9;
T_6.14;
    %jmp/0xz  T_6.12, 8;
    %pushi/vec4 0, 0, 1;
    %assign/vec4 v0xca0e30960_0, 0;
    %pushi/vec4 0, 0, 1;
    %assign/vec4 v0xca0e308c0_0, 0;
    %pushi/vec4 0, 0, 1;
    %assign/vec4 v0xca0e30a00_0, 0;
T_6.12 ;
T_6.1 ;
    %jmp T_6;
    .thread T_6;
    .scope S_0xca0e5c180;
T_7 ;
    %wait E_0xca11a9040;
    %load/vec4 v0xca0e63d40_0;
    %flag_set/vec4 8;
    %jmp/0 T_7.0, 8;
    %load/vec4 v0xca0e67d40_0;
    %load/vec4 v0xca0e67de0_0;
    %sub;
    %jmp/1 T_7.1, 8;
T_7.0 ; End of true expr.
    %load/vec4 v0xca0e67d40_0;
    %load/vec4 v0xca0e67de0_0;
    %add;
    %jmp/0 T_7.1, 8;
 ; End of false expr.
    %blend;
T_7.1;
    %store/vec4 v0xca0e33a20_0, 0, 32;
    %load/vec4 v0xca0e67d40_0;
    %load/vec4 v0xca0e67de0_0;
    %cmp/e;
    %flag_get/vec4 4;
    %store/vec4 v0xca0e33ac0_0, 0, 1;
    %load/vec4 v0xca0e67d40_0;
    %load/vec4 v0xca0e67de0_0;
    %cmp/s;
    %flag_get/vec4 5;
    %store/vec4 v0xca0e33b60_0, 0, 1;
    %load/vec4 v0xca0e67d40_0;
    %load/vec4 v0xca0e67de0_0;
    %cmp/u;
    %flag_get/vec4 5;
    %store/vec4 v0xca0e33c00_0, 0, 1;
    %load/vec4 v0xca0e67d40_0;
    %load/vec4 v0xca0e67de0_0;
    %parti/s 5, 0, 2;
    %ix/vec4 4;
    %shiftl 4;
    %store/vec4 v0xca0e33f20_0, 0, 32;
    %load/vec4 v0xca0e63ac0_0;
    %flag_set/vec4 8;
    %jmp/1 T_7.4, 8;
    %load/vec4 v0xca0e63b60_0;
    %flag_set/vec4 9;
    %flag_or 8, 9;
T_7.4;
    %jmp/0 T_7.2, 8;
    %load/vec4 v0xca0e67d40_0;
    %parti/s 1, 31, 6;
    %jmp/1 T_7.3, 8;
T_7.2 ; End of true expr.
    %pushi/vec4 0, 0, 1;
    %jmp/0 T_7.3, 8;
 ; End of false expr.
    %blend;
T_7.3;
    %load/vec4 v0xca0e67d40_0;
    %concat/vec4; draw_concat_vec4
    %load/vec4 v0xca0e67de0_0;
    %parti/s 5, 0, 2;
    %ix/vec4 4;
    %shiftr/s 4;
    %pad/s 32;
    %store/vec4 v0xca0e60000_0, 0, 32;
    %jmp T_7;
    .thread T_7, $push;
    .scope S_0x10382bdb0;
T_8 ;
    %end;
    .thread T_8;
    .scope S_0x10382bdb0;
T_9 ;
    %wait E_0xca11a9000;
    %pushi/vec4 0, 0, 1;
    %store/vec4 v0xca0e67020_0, 0, 1;
    %pushi/vec4 4294967295, 4294967295, 32;
    %store/vec4 v0xca0e66e40_0, 0, 32;
    %pushi/vec4 0, 0, 1;
    %store/vec4 v0xca0e66f80_0, 0, 1;
    %pushi/vec4 0, 0, 1;
    %store/vec4 v0xca0e66ee0_0, 0, 1;
    %pushi/vec4 1, 0, 1;
    %dup/vec4;
    %pushi/vec4 0, 0, 1;
    %cmp/u;
    %jmp/1 T_9.0, 6;
    %dup/vec4;
    %pushi/vec4 0, 0, 1;
    %cmp/u;
    %jmp/1 T_9.1, 6;
    %dup/vec4;
    %pushi/vec4 0, 0, 1;
    %cmp/u;
    %jmp/1 T_9.2, 6;
    %jmp T_9.3;
T_9.0 ;
    %pushi/vec4 0, 0, 1;
    %store/vec4 v0xca0e67020_0, 0, 1;
    %pushi/vec4 0, 0, 32;
    %store/vec4 v0xca0e66e40_0, 0, 32;
    %jmp T_9.3;
T_9.1 ;
    %load/vec4 v0xca0e672a0_0;
    %store/vec4 v0xca0e67020_0, 0, 1;
    %load/vec4 v0xca0e670c0_0;
    %store/vec4 v0xca0e66e40_0, 0, 32;
    %jmp T_9.3;
T_9.2 ;
    %load/vec4 v0xca0e66d00_0;
    %store/vec4 v0xca0e67020_0, 0, 1;
    %load/vec4 v0xca0e66b20_0;
    %store/vec4 v0xca0e66e40_0, 0, 32;
    %jmp T_9.3;
T_9.3 ;
    %pop/vec4 1;
    %jmp T_9;
    .thread T_9, $push;
    .scope S_0x10382bdb0;
T_10 ;
    %wait E_0xca11a8dc0;
    %load/vec4 v0xca0e680a0_0;
    %nor/r;
    %flag_set/vec4 8;
    %jmp/0xz  T_10.0, 8;
    %pushi/vec4 0, 0, 1;
    %assign/vec4 v0xca0e65c20_0, 0;
    %pushi/vec4 0, 0, 1;
    %assign/vec4 v0xca0e64f00_0, 0;
    %jmp T_10.1;
T_10.0 ;
    %load/vec4 v0xca0e64f00_0;
    %nor/r;
    %flag_set/vec4 8;
    %jmp/0xz  T_10.2, 8;
    %load/vec4 v0xca0e65b80_0;
    %assign/vec4 v0xca0e65c20_0, 0;
T_10.2 ;
    %load/vec4 v0xca0e66580_0;
    %flag_set/vec4 8;
    %flag_get/vec4 8;
    %jmp/0 T_10.4, 8;
    %load/vec4 v0xca0e66440_0;
    %nor/r;
    %and;
T_10.4;
    %assign/vec4 v0xca0e64f00_0, 0;
T_10.1 ;
    %jmp T_10;
    .thread T_10;
    .scope S_0x10382bdb0;
T_11 ;
    %wait E_0xca11a8fc0;
    %load/vec4 v0xca0e666c0_0;
    %dup/vec4;
    %pushi/vec4 0, 0, 2;
    %cmp/u;
    %jmp/1 T_11.0, 6;
    %dup/vec4;
    %pushi/vec4 1, 0, 2;
    %cmp/u;
    %jmp/1 T_11.1, 6;
    %dup/vec4;
    %pushi/vec4 2, 0, 2;
    %cmp/u;
    %jmp/1 T_11.2, 6;
    %jmp T_11.3;
T_11.0 ;
    %load/vec4 v0xca0e67de0_0;
    %store/vec4 v0xca0e65f40_0, 0, 32;
    %pushi/vec4 15, 0, 4;
    %store/vec4 v0xca0e66080_0, 0, 4;
    %load/vec4 v0xca0e66120_0;
    %store/vec4 v0xca0e663a0_0, 0, 32;
    %jmp T_11.3;
T_11.1 ;
    %load/vec4 v0xca0e67de0_0;
    %parti/s 16, 0, 2;
    %replicate 2;
    %store/vec4 v0xca0e65f40_0, 0, 32;
    %load/vec4 v0xca0e67d40_0;
    %parti/s 1, 1, 2;
    %flag_set/vec4 8;
    %jmp/0 T_11.4, 8;
    %pushi/vec4 12, 0, 4;
    %jmp/1 T_11.5, 8;
T_11.4 ; End of true expr.
    %pushi/vec4 3, 0, 4;
    %jmp/0 T_11.5, 8;
 ; End of false expr.
    %blend;
T_11.5;
    %store/vec4 v0xca0e66080_0, 0, 4;
    %load/vec4 v0xca0e67d40_0;
    %parti/s 1, 1, 2;
    %dup/vec4;
    %pushi/vec4 0, 0, 1;
    %cmp/u;
    %jmp/1 T_11.6, 6;
    %dup/vec4;
    %pushi/vec4 1, 0, 1;
    %cmp/u;
    %jmp/1 T_11.7, 6;
    %jmp T_11.8;
T_11.6 ;
    %pushi/vec4 0, 0, 16;
    %load/vec4 v0xca0e66120_0;
    %parti/s 16, 0, 2;
    %concat/vec4; draw_concat_vec4
    %store/vec4 v0xca0e663a0_0, 0, 32;
    %jmp T_11.8;
T_11.7 ;
    %pushi/vec4 0, 0, 16;
    %load/vec4 v0xca0e66120_0;
    %parti/s 16, 16, 6;
    %concat/vec4; draw_concat_vec4
    %store/vec4 v0xca0e663a0_0, 0, 32;
    %jmp T_11.8;
T_11.8 ;
    %pop/vec4 1;
    %jmp T_11.3;
T_11.2 ;
    %load/vec4 v0xca0e67de0_0;
    %parti/s 8, 0, 2;
    %replicate 4;
    %store/vec4 v0xca0e65f40_0, 0, 32;
    %pushi/vec4 1, 0, 4;
    %load/vec4 v0xca0e67d40_0;
    %parti/s 2, 0, 2;
    %ix/vec4 4;
    %shiftl 4;
    %store/vec4 v0xca0e66080_0, 0, 4;
    %load/vec4 v0xca0e67d40_0;
    %parti/s 2, 0, 2;
    %dup/vec4;
    %pushi/vec4 0, 0, 2;
    %cmp/u;
    %jmp/1 T_11.9, 6;
    %dup/vec4;
    %pushi/vec4 1, 0, 2;
    %cmp/u;
    %jmp/1 T_11.10, 6;
    %dup/vec4;
    %pushi/vec4 2, 0, 2;
    %cmp/u;
    %jmp/1 T_11.11, 6;
    %dup/vec4;
    %pushi/vec4 3, 0, 2;
    %cmp/u;
    %jmp/1 T_11.12, 6;
    %jmp T_11.13;
T_11.9 ;
    %pushi/vec4 0, 0, 24;
    %load/vec4 v0xca0e66120_0;
    %parti/s 8, 0, 2;
    %concat/vec4; draw_concat_vec4
    %store/vec4 v0xca0e663a0_0, 0, 32;
    %jmp T_11.13;
T_11.10 ;
    %pushi/vec4 0, 0, 24;
    %load/vec4 v0xca0e66120_0;
    %parti/s 8, 8, 5;
    %concat/vec4; draw_concat_vec4
    %store/vec4 v0xca0e663a0_0, 0, 32;
    %jmp T_11.13;
T_11.11 ;
    %pushi/vec4 0, 0, 24;
    %load/vec4 v0xca0e66120_0;
    %parti/s 8, 16, 6;
    %concat/vec4; draw_concat_vec4
    %store/vec4 v0xca0e663a0_0, 0, 32;
    %jmp T_11.13;
T_11.12 ;
    %pushi/vec4 0, 0, 24;
    %load/vec4 v0xca0e66120_0;
    %parti/s 8, 24, 6;
    %concat/vec4; draw_concat_vec4
    %store/vec4 v0xca0e663a0_0, 0, 32;
    %jmp T_11.13;
T_11.13 ;
    %pop/vec4 1;
    %jmp T_11.3;
T_11.3 ;
    %pop/vec4 1;
    %jmp T_11;
    .thread T_11, $push;
    .scope S_0x10382bdb0;
T_12 ;
    %wait E_0xca11a8dc0;
    %load/vec4 v0xca0e66800_0;
    %flag_set/vec4 8;
    %jmp/0xz  T_12.0, 8;
    %load/vec4 v0xca0e66120_0;
    %assign/vec4 v0xca0e66300_0, 0;
    %load/vec4 v0xca0e66120_0;
    %assign/vec4 v0xca0e66940_0, 0;
T_12.0 ;
    %jmp T_12;
    .thread T_12;
    .scope S_0x10382bdb0;
T_13 ;
    %wait E_0xca11a8dc0;
    %load/vec4 v0xca0e680a0_0;
    %flag_set/vec4 9;
    %flag_get/vec4 9;
    %jmp/0 T_13.2, 9;
    %load/vec4 v0xca0e68500_0;
    %nor/r;
    %and;
T_13.2;
    %flag_set/vec4 8;
    %jmp/0xz  T_13.0, 8;
    %load/vec4 v0xca0e65720_0;
    %flag_set/vec4 8;
    %jmp/1 T_13.6, 8;
    %load/vec4 v0xca0e65860_0;
    %flag_set/vec4 9;
    %flag_or 8, 9;
T_13.6;
    %jmp/1 T_13.5, 8;
    %load/vec4 v0xca0e657c0_0;
    %flag_set/vec4 9;
    %flag_or 8, 9;
T_13.5;
    %jmp/0xz  T_13.3, 8;
    %fork TD_picorv32_axi.picorv32_core.empty_statement, S_0x10381c9d0;
    %join;
T_13.3 ;
    %load/vec4 v0xca0e65720_0;
    %flag_set/vec4 8;
    %jmp/1 T_13.9, 8;
    %load/vec4 v0xca0e65860_0;
    %flag_set/vec4 9;
    %flag_or 8, 9;
T_13.9;
    %jmp/0xz  T_13.7, 8;
    %fork TD_picorv32_axi.picorv32_core.empty_statement, S_0x10381c9d0;
    %join;
T_13.7 ;
    %load/vec4 v0xca0e657c0_0;
    %flag_set/vec4 8;
    %jmp/0xz  T_13.10, 8;
    %fork TD_picorv32_axi.picorv32_core.empty_statement, S_0x10381c9d0;
    %join;
T_13.10 ;
    %load/vec4 v0xca0e65900_0;
    %flag_set/vec4 8;
    %jmp/0xz  T_13.12, 8;
    %fork TD_picorv32_axi.picorv32_core.empty_statement, S_0x10381c9d0;
    %join;
T_13.12 ;
    %load/vec4 v0xca0e664e0_0;
    %pad/u 32;
    %cmpi/e 2, 0, 32;
    %jmp/1 T_13.16, 4;
    %flag_mov 8, 4;
    %load/vec4 v0xca0e664e0_0;
    %pad/u 32;
    %cmpi/e 3, 0, 32;
    %flag_or 4, 8;
T_13.16;
    %jmp/0xz  T_13.14, 4;
    %fork TD_picorv32_axi.picorv32_core.empty_statement, S_0x10381c9d0;
    %join;
T_13.14 ;
T_13.0 ;
    %jmp T_13;
    .thread T_13;
    .scope S_0x10382bdb0;
T_14 ;
    %wait E_0xca11a8dc0;
    %load/vec4 v0xca0e680a0_0;
    %nor/r;
    %flag_set/vec4 8;
    %jmp/1 T_14.2, 8;
    %load/vec4 v0xca0e68500_0;
    %flag_set/vec4 9;
    %flag_or 8, 9;
T_14.2;
    %jmp/0xz  T_14.0, 8;
    %load/vec4 v0xca0e680a0_0;
    %nor/r;
    %flag_set/vec4 8;
    %jmp/0xz  T_14.3, 8;
    %pushi/vec4 0, 0, 2;
    %assign/vec4 v0xca0e664e0_0, 0;
T_14.3 ;
    %load/vec4 v0xca0e680a0_0;
    %nor/r;
    %flag_set/vec4 8;
    %jmp/1 T_14.7, 8;
    %load/vec4 v0xca0e66440_0;
    %flag_set/vec4 9;
    %flag_or 8, 9;
T_14.7;
    %jmp/0xz  T_14.5, 8;
    %pushi/vec4 0, 0, 1;
    %assign/vec4 v0xca0e66580_0, 0;
T_14.5 ;
    %pushi/vec4 0, 0, 1;
    %assign/vec4 v0xca0e65e00_0, 0;
    %pushi/vec4 0, 0, 1;
    %assign/vec4 v0xca0e67840_0, 0;
    %jmp T_14.1;
T_14.0 ;
    %load/vec4 v0xca0e65d60_0;
    %flag_set/vec4 8;
    %jmp/1 T_14.10, 8;
    %load/vec4 v0xca0e65fe0_0;
    %flag_set/vec4 9;
    %flag_or 8, 9;
T_14.10;
    %jmp/0xz  T_14.8, 8;
    %load/vec4 v0xca0e65ae0_0;
    %assign/vec4 v0xca0e655e0_0, 0;
    %load/vec4 v0xca0e66080_0;
    %load/vec4 v0xca0e65fe0_0;
    %replicate 4;
    %and;
    %assign/vec4 v0xca0e66760_0, 0;
T_14.8 ;
    %load/vec4 v0xca0e65fe0_0;
    %flag_set/vec4 8;
    %jmp/0xz  T_14.11, 8;
    %load/vec4 v0xca0e65f40_0;
    %assign/vec4 v0xca0e66620_0, 0;
T_14.11 ;
    %load/vec4 v0xca0e664e0_0;
    %dup/vec4;
    %pushi/vec4 0, 0, 2;
    %cmp/u;
    %jmp/1 T_14.13, 6;
    %dup/vec4;
    %pushi/vec4 1, 0, 2;
    %cmp/u;
    %jmp/1 T_14.14, 6;
    %dup/vec4;
    %pushi/vec4 2, 0, 2;
    %cmp/u;
    %jmp/1 T_14.15, 6;
    %dup/vec4;
    %pushi/vec4 3, 0, 2;
    %cmp/u;
    %jmp/1 T_14.16, 6;
    %jmp T_14.17;
T_14.13 ;
    %load/vec4 v0xca0e65720_0;
    %flag_set/vec4 8;
    %jmp/1 T_14.21, 8;
    %load/vec4 v0xca0e65860_0;
    %flag_set/vec4 9;
    %flag_or 8, 9;
T_14.21;
    %jmp/1 T_14.20, 8;
    %load/vec4 v0xca0e657c0_0;
    %flag_set/vec4 9;
    %flag_or 8, 9;
T_14.20;
    %jmp/0xz  T_14.18, 8;
    %load/vec4 v0xca0e65ea0_0;
    %nor/r;
    %assign/vec4 v0xca0e66580_0, 0;
    %load/vec4 v0xca0e65720_0;
    %flag_set/vec4 8;
    %flag_get/vec4 8;
    %jmp/1 T_14.22, 8;
    %load/vec4 v0xca0e65860_0;
    %or;
T_14.22;
    %assign/vec4 v0xca0e65a40_0, 0;
    %pushi/vec4 0, 0, 4;
    %assign/vec4 v0xca0e66760_0, 0;
    %pushi/vec4 1, 0, 2;
    %assign/vec4 v0xca0e664e0_0, 0;
T_14.18 ;
    %load/vec4 v0xca0e65900_0;
    %flag_set/vec4 8;
    %jmp/0xz  T_14.23, 8;
    %pushi/vec4 1, 0, 1;
    %assign/vec4 v0xca0e66580_0, 0;
    %pushi/vec4 0, 0, 1;
    %assign/vec4 v0xca0e65a40_0, 0;
    %pushi/vec4 2, 0, 2;
    %assign/vec4 v0xca0e664e0_0, 0;
T_14.23 ;
    %jmp T_14.17;
T_14.14 ;
    %fork TD_picorv32_axi.picorv32_core.empty_statement, S_0x10381c9d0;
    %join;
    %fork TD_picorv32_axi.picorv32_core.empty_statement, S_0x10381c9d0;
    %join;
    %fork TD_picorv32_axi.picorv32_core.empty_statement, S_0x10381c9d0;
    %join;
    %fork TD_picorv32_axi.picorv32_core.empty_statement, S_0x10381c9d0;
    %join;
    %load/vec4 v0xca0e66800_0;
    %flag_set/vec4 8;
    %jmp/0xz  T_14.25, 8;
    %pushi/vec4 0, 0, 1;
    %assign/vec4 v0xca0e66580_0, 0;
    %pushi/vec4 0, 0, 1;
    %assign/vec4 v0xca0e65e00_0, 0;
    %load/vec4 v0xca0e65860_0;
    %flag_set/vec4 8;
    %jmp/1 T_14.29, 8;
    %load/vec4 v0xca0e657c0_0;
    %flag_set/vec4 9;
    %flag_or 8, 9;
T_14.29;
    %jmp/0 T_14.27, 8;
    %pushi/vec4 0, 0, 3;
    %jmp/1 T_14.28, 8;
T_14.27 ; End of true expr.
    %pushi/vec4 3, 0, 3;
    %jmp/0 T_14.28, 8;
 ; End of false expr.
    %blend;
T_14.28;
    %pad/s 2;
    %assign/vec4 v0xca0e664e0_0, 0;
T_14.25 ;
    %jmp T_14.17;
T_14.15 ;
    %fork TD_picorv32_axi.picorv32_core.empty_statement, S_0x10381c9d0;
    %join;
    %fork TD_picorv32_axi.picorv32_core.empty_statement, S_0x10381c9d0;
    %join;
    %load/vec4 v0xca0e66800_0;
    %flag_set/vec4 8;
    %jmp/0xz  T_14.30, 8;
    %pushi/vec4 0, 0, 1;
    %assign/vec4 v0xca0e66580_0, 0;
    %pushi/vec4 0, 0, 2;
    %assign/vec4 v0xca0e664e0_0, 0;
T_14.30 ;
    %jmp T_14.17;
T_14.16 ;
    %fork TD_picorv32_axi.picorv32_core.empty_statement, S_0x10381c9d0;
    %join;
    %fork TD_picorv32_axi.picorv32_core.empty_statement, S_0x10381c9d0;
    %join;
    %load/vec4 v0xca0e65860_0;
    %flag_set/vec4 8;
    %jmp/0xz  T_14.32, 8;
    %pushi/vec4 0, 0, 2;
    %assign/vec4 v0xca0e664e0_0, 0;
T_14.32 ;
    %jmp T_14.17;
T_14.17 ;
    %pop/vec4 1;
T_14.1 ;
    %load/vec4 v0xca0e605a0_0;
    %flag_set/vec4 8;
    %jmp/0xz  T_14.34, 8;
    %pushi/vec4 0, 0, 1;
    %assign/vec4 v0xca0e67840_0, 0;
T_14.34 ;
    %jmp T_14;
    .thread T_14;
    .scope S_0x10382bdb0;
T_15 ;
    %wait E_0xca11a8f80;
    %pushi/vec4 0, 0, 32; draw_string_vec4
    %pushi/vec4 0, 0, 32; draw_string_vec4
    %concat/vec4; draw_string_vec4
    %store/vec4 v0xca0e668a0_0, 0, 64;
    %load/vec4 v0xca0e62ee0_0;
    %flag_set/vec4 8;
    %jmp/0xz  T_15.0, 8;
    %pushi/vec4 0, 0, 32; draw_string_vec4
    %pushi/vec4 7107945, 0, 32; draw_string_vec4
    %concat/vec4; draw_string_vec4
    %store/vec4 v0xca0e668a0_0, 0, 64;
T_15.0 ;
    %load/vec4 v0xca0e624e0_0;
    %flag_set/vec4 8;
    %jmp/0xz  T_15.2, 8;
    %pushi/vec4 97, 0, 32; draw_string_vec4
    %pushi/vec4 1969844323, 0, 32; draw_string_vec4
    %concat/vec4; draw_string_vec4
    %store/vec4 v0xca0e668a0_0, 0, 64;
T_15.2 ;
    %load/vec4 v0xca0e62b20_0;
    %flag_set/vec4 8;
    %jmp/0xz  T_15.4, 8;
    %pushi/vec4 0, 0, 32; draw_string_vec4
    %pushi/vec4 6971756, 0, 32; draw_string_vec4
    %concat/vec4; draw_string_vec4
    %store/vec4 v0xca0e668a0_0, 0, 64;
T_15.4 ;
    %load/vec4 v0xca0e62bc0_0;
    %flag_set/vec4 8;
    %jmp/0xz  T_15.6, 8;
    %pushi/vec4 0, 0, 32; draw_string_vec4
    %pushi/vec4 1784769650, 0, 32; draw_string_vec4
    %concat/vec4; draw_string_vec4
    %store/vec4 v0xca0e668a0_0, 0, 64;
T_15.6 ;
    %load/vec4 v0xca0e62580_0;
    %flag_set/vec4 8;
    %jmp/0xz  T_15.8, 8;
    %pushi/vec4 0, 0, 32; draw_string_vec4
    %pushi/vec4 6448497, 0, 32; draw_string_vec4
    %concat/vec4; draw_string_vec4
    %store/vec4 v0xca0e668a0_0, 0, 64;
T_15.8 ;
    %load/vec4 v0xca0e628a0_0;
    %flag_set/vec4 8;
    %jmp/0xz  T_15.10, 8;
    %pushi/vec4 0, 0, 32; draw_string_vec4
    %pushi/vec4 6450789, 0, 32; draw_string_vec4
    %concat/vec4; draw_string_vec4
    %store/vec4 v0xca0e668a0_0, 0, 64;
T_15.10 ;
    %load/vec4 v0xca0e62760_0;
    %flag_set/vec4 8;
    %jmp/0xz  T_15.12, 8;
    %pushi/vec4 0, 0, 32; draw_string_vec4
    %pushi/vec4 6450292, 0, 32; draw_string_vec4
    %concat/vec4; draw_string_vec4
    %store/vec4 v0xca0e668a0_0, 0, 64;
T_15.12 ;
    %load/vec4 v0xca0e62620_0;
    %flag_set/vec4 8;
    %jmp/0xz  T_15.14, 8;
    %pushi/vec4 0, 0, 32; draw_string_vec4
    %pushi/vec4 6448997, 0, 32; draw_string_vec4
    %concat/vec4; draw_string_vec4
    %store/vec4 v0xca0e668a0_0, 0, 64;
T_15.14 ;
    %load/vec4 v0xca0e62800_0;
    %flag_set/vec4 8;
    %jmp/0xz  T_15.16, 8;
    %pushi/vec4 0, 0, 32; draw_string_vec4
    %pushi/vec4 1651274869, 0, 32; draw_string_vec4
    %concat/vec4; draw_string_vec4
    %store/vec4 v0xca0e668a0_0, 0, 64;
T_15.16 ;
    %load/vec4 v0xca0e626c0_0;
    %flag_set/vec4 8;
    %jmp/0xz  T_15.18, 8;
    %pushi/vec4 0, 0, 32; draw_string_vec4
    %pushi/vec4 1650943349, 0, 32; draw_string_vec4
    %concat/vec4; draw_string_vec4
    %store/vec4 v0xca0e668a0_0, 0, 64;
T_15.18 ;
    %load/vec4 v0xca0e62c60_0;
    %flag_set/vec4 8;
    %jmp/0xz  T_15.20, 8;
    %pushi/vec4 0, 0, 32; draw_string_vec4
    %pushi/vec4 27746, 0, 32; draw_string_vec4
    %concat/vec4; draw_string_vec4
    %store/vec4 v0xca0e668a0_0, 0, 64;
T_15.20 ;
    %load/vec4 v0xca0e62da0_0;
    %flag_set/vec4 8;
    %jmp/0xz  T_15.22, 8;
    %pushi/vec4 0, 0, 32; draw_string_vec4
    %pushi/vec4 27752, 0, 32; draw_string_vec4
    %concat/vec4; draw_string_vec4
    %store/vec4 v0xca0e668a0_0, 0, 64;
T_15.22 ;
    %load/vec4 v0xca0e62f80_0;
    %flag_set/vec4 8;
    %jmp/0xz  T_15.24, 8;
    %pushi/vec4 0, 0, 32; draw_string_vec4
    %pushi/vec4 27767, 0, 32; draw_string_vec4
    %concat/vec4; draw_string_vec4
    %store/vec4 v0xca0e668a0_0, 0, 64;
T_15.24 ;
    %load/vec4 v0xca0e62d00_0;
    %flag_set/vec4 8;
    %jmp/0xz  T_15.26, 8;
    %pushi/vec4 0, 0, 32; draw_string_vec4
    %pushi/vec4 7103093, 0, 32; draw_string_vec4
    %concat/vec4; draw_string_vec4
    %store/vec4 v0xca0e668a0_0, 0, 64;
T_15.26 ;
    %load/vec4 v0xca0e62e40_0;
    %flag_set/vec4 8;
    %jmp/0xz  T_15.28, 8;
    %pushi/vec4 0, 0, 32; draw_string_vec4
    %pushi/vec4 7104629, 0, 32; draw_string_vec4
    %concat/vec4; draw_string_vec4
    %store/vec4 v0xca0e668a0_0, 0, 64;
T_15.28 ;
    %load/vec4 v0xca0e63520_0;
    %flag_set/vec4 8;
    %jmp/0xz  T_15.30, 8;
    %pushi/vec4 0, 0, 32; draw_string_vec4
    %pushi/vec4 29538, 0, 32; draw_string_vec4
    %concat/vec4; draw_string_vec4
    %store/vec4 v0xca0e668a0_0, 0, 64;
T_15.30 ;
    %load/vec4 v0xca0e63660_0;
    %flag_set/vec4 8;
    %jmp/0xz  T_15.32, 8;
    %pushi/vec4 0, 0, 32; draw_string_vec4
    %pushi/vec4 29544, 0, 32; draw_string_vec4
    %concat/vec4; draw_string_vec4
    %store/vec4 v0xca0e668a0_0, 0, 64;
T_15.32 ;
    %load/vec4 v0xca0e63de0_0;
    %flag_set/vec4 8;
    %jmp/0xz  T_15.34, 8;
    %pushi/vec4 0, 0, 32; draw_string_vec4
    %pushi/vec4 29559, 0, 32; draw_string_vec4
    %concat/vec4; draw_string_vec4
    %store/vec4 v0xca0e668a0_0, 0, 64;
T_15.34 ;
    %load/vec4 v0xca0e62300_0;
    %flag_set/vec4 8;
    %jmp/0xz  T_15.36, 8;
    %pushi/vec4 0, 0, 32; draw_string_vec4
    %pushi/vec4 1633969257, 0, 32; draw_string_vec4
    %concat/vec4; draw_string_vec4
    %store/vec4 v0xca0e668a0_0, 0, 64;
T_15.36 ;
    %load/vec4 v0xca0e638e0_0;
    %flag_set/vec4 8;
    %jmp/0xz  T_15.38, 8;
    %pushi/vec4 0, 0, 32; draw_string_vec4
    %pushi/vec4 1936487529, 0, 32; draw_string_vec4
    %concat/vec4; draw_string_vec4
    %store/vec4 v0xca0e668a0_0, 0, 64;
T_15.38 ;
    %load/vec4 v0xca0e63980_0;
    %flag_set/vec4 8;
    %jmp/0xz  T_15.40, 8;
    %pushi/vec4 115, 0, 32; draw_string_vec4
    %pushi/vec4 1819568501, 0, 32; draw_string_vec4
    %concat/vec4; draw_string_vec4
    %store/vec4 v0xca0e668a0_0, 0, 64;
T_15.40 ;
    %load/vec4 v0xca0e64140_0;
    %flag_set/vec4 8;
    %jmp/0xz  T_15.42, 8;
    %pushi/vec4 0, 0, 32; draw_string_vec4
    %pushi/vec4 2020569705, 0, 32; draw_string_vec4
    %concat/vec4; draw_string_vec4
    %store/vec4 v0xca0e668a0_0, 0, 64;
T_15.42 ;
    %load/vec4 v0xca0e63160_0;
    %flag_set/vec4 8;
    %jmp/0xz  T_15.44, 8;
    %pushi/vec4 0, 0, 32; draw_string_vec4
    %pushi/vec4 7303785, 0, 32; draw_string_vec4
    %concat/vec4; draw_string_vec4
    %store/vec4 v0xca0e668a0_0, 0, 64;
T_15.44 ;
    %load/vec4 v0xca0e62440_0;
    %flag_set/vec4 8;
    %jmp/0xz  T_15.46, 8;
    %pushi/vec4 0, 0, 32; draw_string_vec4
    %pushi/vec4 1634624617, 0, 32; draw_string_vec4
    %concat/vec4; draw_string_vec4
    %store/vec4 v0xca0e668a0_0, 0, 64;
T_15.46 ;
    %load/vec4 v0xca0e637a0_0;
    %flag_set/vec4 8;
    %jmp/0xz  T_15.48, 8;
    %pushi/vec4 0, 0, 32; draw_string_vec4
    %pushi/vec4 1936485481, 0, 32; draw_string_vec4
    %concat/vec4; draw_string_vec4
    %store/vec4 v0xca0e668a0_0, 0, 64;
T_15.48 ;
    %load/vec4 v0xca0e63ca0_0;
    %flag_set/vec4 8;
    %jmp/0xz  T_15.50, 8;
    %pushi/vec4 0, 0, 32; draw_string_vec4
    %pushi/vec4 1936878697, 0, 32; draw_string_vec4
    %concat/vec4; draw_string_vec4
    %store/vec4 v0xca0e668a0_0, 0, 64;
T_15.50 ;
    %load/vec4 v0xca0e63b60_0;
    %flag_set/vec4 8;
    %jmp/0xz  T_15.52, 8;
    %pushi/vec4 0, 0, 32; draw_string_vec4
    %pushi/vec4 1936875881, 0, 32; draw_string_vec4
    %concat/vec4; draw_string_vec4
    %store/vec4 v0xca0e668a0_0, 0, 64;
T_15.52 ;
    %load/vec4 v0xca0e62260_0;
    %flag_set/vec4 8;
    %jmp/0xz  T_15.54, 8;
    %pushi/vec4 0, 0, 32; draw_string_vec4
    %pushi/vec4 6382692, 0, 32; draw_string_vec4
    %concat/vec4; draw_string_vec4
    %store/vec4 v0xca0e668a0_0, 0, 64;
T_15.54 ;
    %load/vec4 v0xca0e63d40_0;
    %flag_set/vec4 8;
    %jmp/0xz  T_15.56, 8;
    %pushi/vec4 0, 0, 32; draw_string_vec4
    %pushi/vec4 7566690, 0, 32; draw_string_vec4
    %concat/vec4; draw_string_vec4
    %store/vec4 v0xca0e668a0_0, 0, 64;
T_15.56 ;
    %load/vec4 v0xca0e63700_0;
    %flag_set/vec4 8;
    %jmp/0xz  T_15.58, 8;
    %pushi/vec4 0, 0, 32; draw_string_vec4
    %pushi/vec4 7564396, 0, 32; draw_string_vec4
    %concat/vec4; draw_string_vec4
    %store/vec4 v0xca0e668a0_0, 0, 64;
T_15.58 ;
    %load/vec4 v0xca0e63840_0;
    %flag_set/vec4 8;
    %jmp/0xz  T_15.60, 8;
    %pushi/vec4 0, 0, 32; draw_string_vec4
    %pushi/vec4 7564404, 0, 32; draw_string_vec4
    %concat/vec4; draw_string_vec4
    %store/vec4 v0xca0e668a0_0, 0, 64;
T_15.60 ;
    %load/vec4 v0xca0e63a20_0;
    %flag_set/vec4 8;
    %jmp/0xz  T_15.62, 8;
    %pushi/vec4 0, 0, 32; draw_string_vec4
    %pushi/vec4 1936487541, 0, 32; draw_string_vec4
    %concat/vec4; draw_string_vec4
    %store/vec4 v0xca0e668a0_0, 0, 64;
T_15.62 ;
    %load/vec4 v0xca0e640a0_0;
    %flag_set/vec4 8;
    %jmp/0xz  T_15.64, 8;
    %pushi/vec4 0, 0, 32; draw_string_vec4
    %pushi/vec4 7892850, 0, 32; draw_string_vec4
    %concat/vec4; draw_string_vec4
    %store/vec4 v0xca0e668a0_0, 0, 64;
T_15.64 ;
    %load/vec4 v0xca0e63c00_0;
    %flag_set/vec4 8;
    %jmp/0xz  T_15.66, 8;
    %pushi/vec4 0, 0, 32; draw_string_vec4
    %pushi/vec4 7565932, 0, 32; draw_string_vec4
    %concat/vec4; draw_string_vec4
    %store/vec4 v0xca0e668a0_0, 0, 64;
T_15.66 ;
    %load/vec4 v0xca0e63ac0_0;
    %flag_set/vec4 8;
    %jmp/0xz  T_15.68, 8;
    %pushi/vec4 0, 0, 32; draw_string_vec4
    %pushi/vec4 7565921, 0, 32; draw_string_vec4
    %concat/vec4; draw_string_vec4
    %store/vec4 v0xca0e668a0_0, 0, 64;
T_15.68 ;
    %load/vec4 v0xca0e630c0_0;
    %flag_set/vec4 8;
    %jmp/0xz  T_15.70, 8;
    %pushi/vec4 0, 0, 32; draw_string_vec4
    %pushi/vec4 28530, 0, 32; draw_string_vec4
    %concat/vec4; draw_string_vec4
    %store/vec4 v0xca0e668a0_0, 0, 64;
T_15.70 ;
    %load/vec4 v0xca0e623a0_0;
    %flag_set/vec4 8;
    %jmp/0xz  T_15.72, 8;
    %pushi/vec4 0, 0, 32; draw_string_vec4
    %pushi/vec4 6385252, 0, 32; draw_string_vec4
    %concat/vec4; draw_string_vec4
    %store/vec4 v0xca0e668a0_0, 0, 64;
T_15.72 ;
    %load/vec4 v0xca0e63200_0;
    %flag_set/vec4 8;
    %jmp/0xz  T_15.74, 8;
    %pushi/vec4 7496803, 0, 32; draw_string_vec4
    %pushi/vec4 2036558949, 0, 32; draw_string_vec4
    %concat/vec4; draw_string_vec4
    %store/vec4 v0xca0e668a0_0, 0, 64;
T_15.74 ;
    %load/vec4 v0xca0e632a0_0;
    %flag_set/vec4 8;
    %jmp/0xz  T_15.76, 8;
    %pushi/vec4 1919181689, 0, 32; draw_string_vec4
    %pushi/vec4 1668048232, 0, 32; draw_string_vec4
    %concat/vec4; draw_string_vec4
    %store/vec4 v0xca0e668a0_0, 0, 64;
T_15.76 ;
    %load/vec4 v0xca0e63340_0;
    %flag_set/vec4 8;
    %jmp/0xz  T_15.78, 8;
    %pushi/vec4 7496809, 0, 32; draw_string_vec4
    %pushi/vec4 1853060210, 0, 32; draw_string_vec4
    %concat/vec4; draw_string_vec4
    %store/vec4 v0xca0e668a0_0, 0, 64;
T_15.78 ;
    %load/vec4 v0xca0e633e0_0;
    %flag_set/vec4 8;
    %jmp/0xz  T_15.80, 8;
    %pushi/vec4 1919183214, 0, 32; draw_string_vec4
    %pushi/vec4 1937011304, 0, 32; draw_string_vec4
    %concat/vec4; draw_string_vec4
    %store/vec4 v0xca0e668a0_0, 0, 64;
T_15.80 ;
    %load/vec4 v0xca0e629e0_0;
    %flag_set/vec4 8;
    %jmp/0xz  T_15.82, 8;
    %pushi/vec4 102, 0, 32; draw_string_vec4
    %pushi/vec4 1701733221, 0, 32; draw_string_vec4
    %concat/vec4; draw_string_vec4
    %store/vec4 v0xca0e668a0_0, 0, 64;
T_15.82 ;
    %load/vec4 v0xca0e62a80_0;
    %flag_set/vec4 8;
    %jmp/0xz  T_15.84, 8;
    %pushi/vec4 0, 0, 32; draw_string_vec4
    %pushi/vec4 1734702193, 0, 32; draw_string_vec4
    %concat/vec4; draw_string_vec4
    %store/vec4 v0xca0e668a0_0, 0, 64;
T_15.84 ;
    %load/vec4 v0xca0e635c0_0;
    %flag_set/vec4 8;
    %jmp/0xz  T_15.86, 8;
    %pushi/vec4 0, 0, 32; draw_string_vec4
    %pushi/vec4 1936028785, 0, 32; draw_string_vec4
    %concat/vec4; draw_string_vec4
    %store/vec4 v0xca0e668a0_0, 0, 64;
T_15.86 ;
    %load/vec4 v0xca0e63480_0;
    %flag_set/vec4 8;
    %jmp/0xz  T_15.88, 8;
    %pushi/vec4 29285, 0, 32; draw_string_vec4
    %pushi/vec4 1953067633, 0, 32; draw_string_vec4
    %concat/vec4; draw_string_vec4
    %store/vec4 v0xca0e668a0_0, 0, 64;
T_15.88 ;
    %load/vec4 v0xca0e63020_0;
    %flag_set/vec4 8;
    %jmp/0xz  T_15.90, 8;
    %pushi/vec4 7168371, 0, 32; draw_string_vec4
    %pushi/vec4 1802072689, 0, 32; draw_string_vec4
    %concat/vec4; draw_string_vec4
    %store/vec4 v0xca0e668a0_0, 0, 64;
T_15.90 ;
    %load/vec4 v0xca0e64000_0;
    %flag_set/vec4 8;
    %jmp/0xz  T_15.92, 8;
    %pushi/vec4 7823721, 0, 32; draw_string_vec4
    %pushi/vec4 1953067633, 0, 32; draw_string_vec4
    %concat/vec4; draw_string_vec4
    %store/vec4 v0xca0e668a0_0, 0, 64;
T_15.92 ;
    %load/vec4 v0xca0e63e80_0;
    %flag_set/vec4 8;
    %jmp/0xz  T_15.94, 8;
    %pushi/vec4 116, 0, 32; draw_string_vec4
    %pushi/vec4 1768777074, 0, 32; draw_string_vec4
    %concat/vec4; draw_string_vec4
    %store/vec4 v0xca0e668a0_0, 0, 64;
T_15.94 ;
    %jmp T_15;
    .thread T_15, $push;
    .scope S_0x10382bdb0;
T_16 ;
    %wait E_0xca11a8dc0;
    %load/vec4 v0xca0e60dc0_0;
    %assign/vec4 v0xca0e678e0_0, 0;
    %load/vec4 v0xca0e60fa0_0;
    %assign/vec4 v0xca0e67980_0, 0;
    %load/vec4 v0xca0e61040_0;
    %assign/vec4 v0xca0e67a20_0, 0;
    %load/vec4 v0xca0e61180_0;
    %assign/vec4 v0xca0e67b60_0, 0;
    %load/vec4 v0xca0e61220_0;
    %assign/vec4 v0xca0e67c00_0, 0;
    %load/vec4 v0xca0e610e0_0;
    %assign/vec4 v0xca0e67ac0_0, 0;
    %load/vec4 v0xca0e65540_0;
    %assign/vec4 v0xca0e61720_0, 0;
    %load/vec4 v0xca0e680a0_0;
    %nor/r;
    %flag_set/vec4 8;
    %jmp/1 T_16.2, 8;
    %load/vec4 v0xca0e68500_0;
    %flag_set/vec4 9;
    %flag_or 8, 9;
T_16.2;
    %jmp/0xz  T_16.0, 8;
    %pushi/vec4 0, 0, 1;
    %assign/vec4 v0xca0e61a40_0, 0;
    %jmp T_16.1;
T_16.0 ;
    %load/vec4 v0xca0e65540_0;
    %flag_set/vec4 8;
    %jmp/0xz  T_16.3, 8;
    %pushi/vec4 1, 0, 1;
    %assign/vec4 v0xca0e61a40_0, 0;
T_16.3 ;
T_16.1 ;
    %load/vec4 v0xca0e62080_0;
    %flag_set/vec4 8;
    %jmp/0xz  T_16.5, 8;
    %load/vec4 v0xca0e668a0_0;
    %assign/vec4 v0xca0e601e0_0, 0;
    %load/vec4 v0xca0e61ae0_0;
    %assign/vec4 v0xca0e60280_0, 0;
    %load/vec4 v0xca0e66940_0;
    %parti/s 2, 0, 2;
    %and/r;
    %flag_set/vec4 8;
    %jmp/0xz  T_16.7, 8;
    %load/vec4 v0xca0e66940_0;
    %assign/vec4 v0xca0e60320_0, 0;
    %jmp T_16.8;
T_16.7 ;
    %pushi/vec4 0, 0, 16;
    %load/vec4 v0xca0e66940_0;
    %parti/s 16, 0, 2;
    %concat/vec4; draw_concat_vec4
    %assign/vec4 v0xca0e60320_0, 0;
T_16.8 ;
    %load/vec4 v0xca0e61d60_0;
    %assign/vec4 v0xca0e60460_0, 0;
    %load/vec4 v0xca0e61e00_0;
    %assign/vec4 v0xca0e60500_0, 0;
    %load/vec4 v0xca0e61c20_0;
    %assign/vec4 v0xca0e603c0_0, 0;
T_16.5 ;
    %load/vec4 v0xca0e65540_0;
    %flag_set/vec4 8;
    %jmp/0xz  T_16.9, 8;
    %load/vec4 v0xca0e66a80_0;
    %assign/vec4 v0xca0e60f00_0, 0;
T_16.9 ;
    %jmp T_16;
    .thread T_16;
    .scope S_0x10382bdb0;
T_17 ;
    %wait E_0xca11a8f40;
    %load/vec4 v0xca0e678e0_0;
    %store/vec4 v0xca0e60dc0_0, 0, 64;
    %load/vec4 v0xca0e67980_0;
    %store/vec4 v0xca0e60fa0_0, 0, 32;
    %load/vec4 v0xca0e67a20_0;
    %store/vec4 v0xca0e61040_0, 0, 32;
    %load/vec4 v0xca0e67b60_0;
    %store/vec4 v0xca0e61180_0, 0, 5;
    %load/vec4 v0xca0e67c00_0;
    %store/vec4 v0xca0e61220_0, 0, 5;
    %load/vec4 v0xca0e67ac0_0;
    %store/vec4 v0xca0e610e0_0, 0, 5;
    %load/vec4 v0xca0e61720_0;
    %flag_set/vec4 8;
    %jmp/0xz  T_17.0, 8;
    %load/vec4 v0xca0e61f40_0;
    %flag_set/vec4 8;
    %jmp/0xz  T_17.2, 8;
    %load/vec4 v0xca0e601e0_0;
    %store/vec4 v0xca0e60dc0_0, 0, 64;
    %load/vec4 v0xca0e60280_0;
    %store/vec4 v0xca0e60fa0_0, 0, 32;
    %load/vec4 v0xca0e60320_0;
    %store/vec4 v0xca0e61040_0, 0, 32;
    %load/vec4 v0xca0e60460_0;
    %store/vec4 v0xca0e61180_0, 0, 5;
    %load/vec4 v0xca0e60500_0;
    %store/vec4 v0xca0e61220_0, 0, 5;
    %load/vec4 v0xca0e603c0_0;
    %store/vec4 v0xca0e610e0_0, 0, 5;
    %jmp T_17.3;
T_17.2 ;
    %load/vec4 v0xca0e668a0_0;
    %store/vec4 v0xca0e60dc0_0, 0, 64;
    %load/vec4 v0xca0e66940_0;
    %parti/s 2, 0, 2;
    %and/r;
    %flag_set/vec4 8;
    %jmp/0xz  T_17.4, 8;
    %load/vec4 v0xca0e66940_0;
    %store/vec4 v0xca0e61040_0, 0, 32;
    %jmp T_17.5;
T_17.4 ;
    %pushi/vec4 0, 0, 16;
    %load/vec4 v0xca0e66940_0;
    %parti/s 16, 0, 2;
    %concat/vec4; draw_concat_vec4
    %store/vec4 v0xca0e61040_0, 0, 32;
T_17.5 ;
    %load/vec4 v0xca0e61ae0_0;
    %store/vec4 v0xca0e60fa0_0, 0, 32;
    %load/vec4 v0xca0e61d60_0;
    %store/vec4 v0xca0e61180_0, 0, 5;
    %load/vec4 v0xca0e61e00_0;
    %store/vec4 v0xca0e61220_0, 0, 5;
    %load/vec4 v0xca0e61c20_0;
    %store/vec4 v0xca0e610e0_0, 0, 5;
T_17.3 ;
T_17.0 ;
    %jmp T_17;
    .thread T_17, $push;
    .scope S_0x10382bdb0;
T_18 ;
    %wait E_0xca11a8dc0;
    %load/vec4 v0xca0e62ee0_0;
    %load/vec4 v0xca0e624e0_0;
    %concat/vec4; draw_concat_vec4
    %load/vec4 v0xca0e62b20_0;
    %concat/vec4; draw_concat_vec4
    %or/r;
    %assign/vec4 v0xca0e64a00_0, 0;
    %load/vec4 v0xca0e62ee0_0;
    %load/vec4 v0xca0e624e0_0;
    %concat/vec4; draw_concat_vec4
    %load/vec4 v0xca0e62b20_0;
    %concat/vec4; draw_concat_vec4
    %load/vec4 v0xca0e62bc0_0;
    %concat/vec4; draw_concat_vec4
    %load/vec4 v0xca0e62300_0;
    %concat/vec4; draw_concat_vec4
    %load/vec4 v0xca0e62260_0;
    %concat/vec4; draw_concat_vec4
    %load/vec4 v0xca0e63d40_0;
    %concat/vec4; draw_concat_vec4
    %or/r;
    %assign/vec4 v0xca0e64aa0_0, 0;
    %load/vec4 v0xca0e638e0_0;
    %load/vec4 v0xca0e62760_0;
    %concat/vec4; draw_concat_vec4
    %load/vec4 v0xca0e63840_0;
    %concat/vec4; draw_concat_vec4
    %or/r;
    %assign/vec4 v0xca0e64dc0_0, 0;
    %load/vec4 v0xca0e63980_0;
    %load/vec4 v0xca0e62800_0;
    %concat/vec4; draw_concat_vec4
    %load/vec4 v0xca0e63a20_0;
    %concat/vec4; draw_concat_vec4
    %or/r;
    %assign/vec4 v0xca0e64e60_0, 0;
    %load/vec4 v0xca0e62d00_0;
    %load/vec4 v0xca0e62e40_0;
    %concat/vec4; draw_concat_vec4
    %load/vec4 v0xca0e62f80_0;
    %concat/vec4; draw_concat_vec4
    %or/r;
    %assign/vec4 v0xca0e64960_0, 0;
    %load/vec4 v0xca0e646e0_0;
    %load/vec4 v0xca0e638e0_0;
    %concat/vec4; draw_concat_vec4
    %load/vec4 v0xca0e63840_0;
    %concat/vec4; draw_concat_vec4
    %load/vec4 v0xca0e63980_0;
    %concat/vec4; draw_concat_vec4
    %load/vec4 v0xca0e63a20_0;
    %concat/vec4; draw_concat_vec4
    %or/r;
    %assign/vec4 v0xca0e64780_0, 0;
    %load/vec4 v0xca0e65860_0;
    %flag_set/vec4 9;
    %flag_get/vec4 9;
    %jmp/0 T_18.2, 9;
    %load/vec4 v0xca0e659a0_0;
    %and;
T_18.2;
    %flag_set/vec4 8;
    %jmp/0xz  T_18.0, 8;
    %load/vec4 v0xca0e661c0_0;
    %parti/s 7, 0, 2;
    %pushi/vec4 55, 0, 7;
    %cmp/e;
    %flag_get/vec4 4;
    %assign/vec4 v0xca0e62ee0_0, 0;
    %load/vec4 v0xca0e661c0_0;
    %parti/s 7, 0, 2;
    %pushi/vec4 23, 0, 7;
    %cmp/e;
    %flag_get/vec4 4;
    %assign/vec4 v0xca0e624e0_0, 0;
    %load/vec4 v0xca0e661c0_0;
    %parti/s 7, 0, 2;
    %pushi/vec4 111, 0, 7;
    %cmp/e;
    %flag_get/vec4 4;
    %assign/vec4 v0xca0e62b20_0, 0;
    %load/vec4 v0xca0e661c0_0;
    %parti/s 7, 0, 2;
    %cmpi/e 103, 0, 7;
    %flag_get/vec4 4;
    %jmp/0 T_18.3, 4;
    %load/vec4 v0xca0e661c0_0;
    %parti/s 3, 12, 5;
    %pushi/vec4 0, 0, 3;
    %cmp/e;
    %flag_get/vec4 4;
    %and;
T_18.3;
    %assign/vec4 v0xca0e62bc0_0, 0;
    %load/vec4 v0xca0e661c0_0;
    %parti/s 7, 0, 2;
    %cmpi/e 11, 0, 7;
    %flag_get/vec4 4;
    %jmp/0 T_18.5, 4;
    %load/vec4 v0xca0e661c0_0;
    %parti/s 7, 25, 6;
    %pushi/vec4 2, 0, 7;
    %cmp/e;
    %flag_get/vec4 4;
    %and;
T_18.5;
    %flag_set/vec4 8;
    %flag_get/vec4 8;
    %jmp/0 T_18.4, 8;
    %pushi/vec4 0, 0, 1;
    %and;
T_18.4;
    %assign/vec4 v0xca0e63480_0, 0;
    %load/vec4 v0xca0e661c0_0;
    %parti/s 7, 0, 2;
    %cmpi/e 11, 0, 7;
    %flag_get/vec4 4;
    %jmp/0 T_18.7, 4;
    %load/vec4 v0xca0e661c0_0;
    %parti/s 7, 25, 6;
    %pushi/vec4 4, 0, 7;
    %cmp/e;
    %flag_get/vec4 4;
    %and;
T_18.7;
    %flag_set/vec4 8;
    %flag_get/vec4 8;
    %jmp/0 T_18.6, 8;
    %pushi/vec4 0, 0, 1;
    %and;
T_18.6;
    %assign/vec4 v0xca0e64000_0, 0;
    %load/vec4 v0xca0e661c0_0;
    %parti/s 7, 0, 2;
    %pushi/vec4 99, 0, 7;
    %cmp/e;
    %flag_get/vec4 4;
    %assign/vec4 v0xca0e646e0_0, 0;
    %load/vec4 v0xca0e661c0_0;
    %parti/s 7, 0, 2;
    %pushi/vec4 3, 0, 7;
    %cmp/e;
    %flag_get/vec4 4;
    %assign/vec4 v0xca0e648c0_0, 0;
    %load/vec4 v0xca0e661c0_0;
    %parti/s 7, 0, 2;
    %pushi/vec4 35, 0, 7;
    %cmp/e;
    %flag_get/vec4 4;
    %assign/vec4 v0xca0e64be0_0, 0;
    %load/vec4 v0xca0e661c0_0;
    %parti/s 7, 0, 2;
    %pushi/vec4 19, 0, 7;
    %cmp/e;
    %flag_get/vec4 4;
    %assign/vec4 v0xca0e645a0_0, 0;
    %load/vec4 v0xca0e661c0_0;
    %parti/s 7, 0, 2;
    %pushi/vec4 51, 0, 7;
    %cmp/e;
    %flag_get/vec4 4;
    %assign/vec4 v0xca0e64640_0, 0;
    %load/vec4 v0xca0e661c0_0;
    %parti/s 20, 12, 5;
    %concati/vec4 0, 0, 1;
    %pad/s 32;
    %split/vec4 1;
    %ix/load 5, 0, 0;
    %ix/load 4, 0, 0;
    %flag_set/imm 4, 0;
    %assign/vec4/off/d v0xca0e61b80_0, 4, 5;
    %split/vec4 8;
    %ix/load 5, 0, 0;
    %ix/load 4, 12, 0;
    %flag_set/imm 4, 0;
    %assign/vec4/off/d v0xca0e61b80_0, 4, 5;
    %split/vec4 1;
    %ix/load 5, 0, 0;
    %ix/load 4, 11, 0;
    %flag_set/imm 4, 0;
    %assign/vec4/off/d v0xca0e61b80_0, 4, 5;
    %split/vec4 10;
    %ix/load 5, 0, 0;
    %ix/load 4, 1, 0;
    %flag_set/imm 4, 0;
    %assign/vec4/off/d v0xca0e61b80_0, 4, 5;
    %ix/load 5, 0, 0;
    %ix/load 4, 20, 0;
    %flag_set/imm 4, 0;
    %assign/vec4/off/d v0xca0e61b80_0, 4, 5;
    %load/vec4 v0xca0e661c0_0;
    %parti/s 5, 7, 4;
    %assign/vec4 v0xca0e61c20_0, 0;
    %load/vec4 v0xca0e661c0_0;
    %parti/s 5, 15, 5;
    %assign/vec4 v0xca0e61d60_0, 0;
    %load/vec4 v0xca0e661c0_0;
    %parti/s 5, 20, 6;
    %assign/vec4 v0xca0e61e00_0, 0;
    %load/vec4 v0xca0e661c0_0;
    %parti/s 7, 0, 2;
    %cmpi/e 11, 0, 7;
    %flag_get/vec4 4;
    %jmp/0 T_18.12, 4;
    %load/vec4 v0xca0e661c0_0;
    %parti/s 7, 25, 6;
    %pushi/vec4 0, 0, 7;
    %cmp/e;
    %flag_get/vec4 4;
    %and;
T_18.12;
    %flag_set/vec4 10;
    %flag_get/vec4 10;
    %jmp/0 T_18.11, 10;
    %pushi/vec4 0, 0, 1;
    %and;
T_18.11;
    %flag_set/vec4 9;
    %flag_get/vec4 9;
    %jmp/0 T_18.10, 9;
    %pushi/vec4 1, 0, 1;
    %and;
T_18.10;
    %flag_set/vec4 8;
    %jmp/0xz  T_18.8, 8;
    %pushi/vec4 1, 0, 1;
    %ix/load 5, 0, 0;
    %ix/load 4, 4, 0;
    %flag_set/imm 4, 0;
    %assign/vec4/off/d v0xca0e61d60_0, 4, 5;
T_18.8 ;
    %load/vec4 v0xca0e661c0_0;
    %parti/s 7, 0, 2;
    %cmpi/e 11, 0, 7;
    %flag_get/vec4 4;
    %jmp/0 T_18.16, 4;
    %load/vec4 v0xca0e661c0_0;
    %parti/s 7, 25, 6;
    %pushi/vec4 2, 0, 7;
    %cmp/e;
    %flag_get/vec4 4;
    %and;
T_18.16;
    %flag_set/vec4 9;
    %flag_get/vec4 9;
    %jmp/0 T_18.15, 9;
    %pushi/vec4 0, 0, 1;
    %and;
T_18.15;
    %flag_set/vec4 8;
    %jmp/0xz  T_18.13, 8;
    %pushi/vec4 0, 0, 5;
    %assign/vec4 v0xca0e61d60_0, 0;
T_18.13 ;
    %pushi/vec4 0, 0, 1;
    %assign/vec4 v0xca0e60780_0, 0;
T_18.0 ;
    %load/vec4 v0xca0e61fe0_0;
    %flag_set/vec4 9;
    %flag_get/vec4 9;
    %jmp/0 T_18.19, 9;
    %load/vec4 v0xca0e61ea0_0;
    %nor/r;
    %and;
T_18.19;
    %flag_set/vec4 8;
    %jmp/0xz  T_18.17, 8;
    %pushi/vec4 4294967295, 4294967295, 32;
    %assign/vec4 v0xca0e66da0_0, 0;
    %load/vec4 v0xca0e646e0_0;
    %flag_set/vec4 8;
    %flag_get/vec4 8;
    %jmp/0 T_18.20, 8;
    %load/vec4 v0xca0e66300_0;
    %parti/s 3, 12, 5;
    %pushi/vec4 0, 0, 3;
    %cmp/e;
    %flag_get/vec4 4;
    %and;
T_18.20;
    %assign/vec4 v0xca0e62580_0, 0;
    %load/vec4 v0xca0e646e0_0;
    %flag_set/vec4 8;
    %flag_get/vec4 8;
    %jmp/0 T_18.21, 8;
    %load/vec4 v0xca0e66300_0;
    %parti/s 3, 12, 5;
    %pushi/vec4 1, 0, 3;
    %cmp/e;
    %flag_get/vec4 4;
    %and;
T_18.21;
    %assign/vec4 v0xca0e628a0_0, 0;
    %load/vec4 v0xca0e646e0_0;
    %flag_set/vec4 8;
    %flag_get/vec4 8;
    %jmp/0 T_18.22, 8;
    %load/vec4 v0xca0e66300_0;
    %parti/s 3, 12, 5;
    %pushi/vec4 4, 0, 3;
    %cmp/e;
    %flag_get/vec4 4;
    %and;
T_18.22;
    %assign/vec4 v0xca0e62760_0, 0;
    %load/vec4 v0xca0e646e0_0;
    %flag_set/vec4 8;
    %flag_get/vec4 8;
    %jmp/0 T_18.23, 8;
    %load/vec4 v0xca0e66300_0;
    %parti/s 3, 12, 5;
    %pushi/vec4 5, 0, 3;
    %cmp/e;
    %flag_get/vec4 4;
    %and;
T_18.23;
    %assign/vec4 v0xca0e62620_0, 0;
    %load/vec4 v0xca0e646e0_0;
    %flag_set/vec4 8;
    %flag_get/vec4 8;
    %jmp/0 T_18.24, 8;
    %load/vec4 v0xca0e66300_0;
    %parti/s 3, 12, 5;
    %pushi/vec4 6, 0, 3;
    %cmp/e;
    %flag_get/vec4 4;
    %and;
T_18.24;
    %assign/vec4 v0xca0e62800_0, 0;
    %load/vec4 v0xca0e646e0_0;
    %flag_set/vec4 8;
    %flag_get/vec4 8;
    %jmp/0 T_18.25, 8;
    %load/vec4 v0xca0e66300_0;
    %parti/s 3, 12, 5;
    %pushi/vec4 7, 0, 3;
    %cmp/e;
    %flag_get/vec4 4;
    %and;
T_18.25;
    %assign/vec4 v0xca0e626c0_0, 0;
    %load/vec4 v0xca0e648c0_0;
    %flag_set/vec4 8;
    %flag_get/vec4 8;
    %jmp/0 T_18.26, 8;
    %load/vec4 v0xca0e66300_0;
    %parti/s 3, 12, 5;
    %pushi/vec4 0, 0, 3;
    %cmp/e;
    %flag_get/vec4 4;
    %and;
T_18.26;
    %assign/vec4 v0xca0e62c60_0, 0;
    %load/vec4 v0xca0e648c0_0;
    %flag_set/vec4 8;
    %flag_get/vec4 8;
    %jmp/0 T_18.27, 8;
    %load/vec4 v0xca0e66300_0;
    %parti/s 3, 12, 5;
    %pushi/vec4 1, 0, 3;
    %cmp/e;
    %flag_get/vec4 4;
    %and;
T_18.27;
    %assign/vec4 v0xca0e62da0_0, 0;
    %load/vec4 v0xca0e648c0_0;
    %flag_set/vec4 8;
    %flag_get/vec4 8;
    %jmp/0 T_18.28, 8;
    %load/vec4 v0xca0e66300_0;
    %parti/s 3, 12, 5;
    %pushi/vec4 2, 0, 3;
    %cmp/e;
    %flag_get/vec4 4;
    %and;
T_18.28;
    %assign/vec4 v0xca0e62f80_0, 0;
    %load/vec4 v0xca0e648c0_0;
    %flag_set/vec4 8;
    %flag_get/vec4 8;
    %jmp/0 T_18.29, 8;
    %load/vec4 v0xca0e66300_0;
    %parti/s 3, 12, 5;
    %pushi/vec4 4, 0, 3;
    %cmp/e;
    %flag_get/vec4 4;
    %and;
T_18.29;
    %assign/vec4 v0xca0e62d00_0, 0;
    %load/vec4 v0xca0e648c0_0;
    %flag_set/vec4 8;
    %flag_get/vec4 8;
    %jmp/0 T_18.30, 8;
    %load/vec4 v0xca0e66300_0;
    %parti/s 3, 12, 5;
    %pushi/vec4 5, 0, 3;
    %cmp/e;
    %flag_get/vec4 4;
    %and;
T_18.30;
    %assign/vec4 v0xca0e62e40_0, 0;
    %load/vec4 v0xca0e64be0_0;
    %flag_set/vec4 8;
    %flag_get/vec4 8;
    %jmp/0 T_18.31, 8;
    %load/vec4 v0xca0e66300_0;
    %parti/s 3, 12, 5;
    %pushi/vec4 0, 0, 3;
    %cmp/e;
    %flag_get/vec4 4;
    %and;
T_18.31;
    %assign/vec4 v0xca0e63520_0, 0;
    %load/vec4 v0xca0e64be0_0;
    %flag_set/vec4 8;
    %flag_get/vec4 8;
    %jmp/0 T_18.32, 8;
    %load/vec4 v0xca0e66300_0;
    %parti/s 3, 12, 5;
    %pushi/vec4 1, 0, 3;
    %cmp/e;
    %flag_get/vec4 4;
    %and;
T_18.32;
    %assign/vec4 v0xca0e63660_0, 0;
    %load/vec4 v0xca0e64be0_0;
    %flag_set/vec4 8;
    %flag_get/vec4 8;
    %jmp/0 T_18.33, 8;
    %load/vec4 v0xca0e66300_0;
    %parti/s 3, 12, 5;
    %pushi/vec4 2, 0, 3;
    %cmp/e;
    %flag_get/vec4 4;
    %and;
T_18.33;
    %assign/vec4 v0xca0e63de0_0, 0;
    %load/vec4 v0xca0e645a0_0;
    %flag_set/vec4 8;
    %flag_get/vec4 8;
    %jmp/0 T_18.34, 8;
    %load/vec4 v0xca0e66300_0;
    %parti/s 3, 12, 5;
    %pushi/vec4 0, 0, 3;
    %cmp/e;
    %flag_get/vec4 4;
    %and;
T_18.34;
    %assign/vec4 v0xca0e62300_0, 0;
    %load/vec4 v0xca0e645a0_0;
    %flag_set/vec4 8;
    %flag_get/vec4 8;
    %jmp/0 T_18.35, 8;
    %load/vec4 v0xca0e66300_0;
    %parti/s 3, 12, 5;
    %pushi/vec4 2, 0, 3;
    %cmp/e;
    %flag_get/vec4 4;
    %and;
T_18.35;
    %assign/vec4 v0xca0e638e0_0, 0;
    %load/vec4 v0xca0e645a0_0;
    %flag_set/vec4 8;
    %flag_get/vec4 8;
    %jmp/0 T_18.36, 8;
    %load/vec4 v0xca0e66300_0;
    %parti/s 3, 12, 5;
    %pushi/vec4 3, 0, 3;
    %cmp/e;
    %flag_get/vec4 4;
    %and;
T_18.36;
    %assign/vec4 v0xca0e63980_0, 0;
    %load/vec4 v0xca0e645a0_0;
    %flag_set/vec4 8;
    %flag_get/vec4 8;
    %jmp/0 T_18.37, 8;
    %load/vec4 v0xca0e66300_0;
    %parti/s 3, 12, 5;
    %pushi/vec4 4, 0, 3;
    %cmp/e;
    %flag_get/vec4 4;
    %and;
T_18.37;
    %assign/vec4 v0xca0e64140_0, 0;
    %load/vec4 v0xca0e645a0_0;
    %flag_set/vec4 8;
    %flag_get/vec4 8;
    %jmp/0 T_18.38, 8;
    %load/vec4 v0xca0e66300_0;
    %parti/s 3, 12, 5;
    %pushi/vec4 6, 0, 3;
    %cmp/e;
    %flag_get/vec4 4;
    %and;
T_18.38;
    %assign/vec4 v0xca0e63160_0, 0;
    %load/vec4 v0xca0e645a0_0;
    %flag_set/vec4 8;
    %flag_get/vec4 8;
    %jmp/0 T_18.39, 8;
    %load/vec4 v0xca0e66300_0;
    %parti/s 3, 12, 5;
    %pushi/vec4 7, 0, 3;
    %cmp/e;
    %flag_get/vec4 4;
    %and;
T_18.39;
    %assign/vec4 v0xca0e62440_0, 0;
    %load/vec4 v0xca0e645a0_0;
    %flag_set/vec4 9;
    %flag_get/vec4 9;
    %jmp/0 T_18.41, 9;
    %load/vec4 v0xca0e66300_0;
    %parti/s 3, 12, 5;
    %pushi/vec4 1, 0, 3;
    %cmp/e;
    %flag_get/vec4 4;
    %and;
T_18.41;
    %flag_set/vec4 8;
    %flag_get/vec4 8;
    %jmp/0 T_18.40, 8;
    %load/vec4 v0xca0e66300_0;
    %parti/s 7, 25, 6;
    %pushi/vec4 0, 0, 7;
    %cmp/e;
    %flag_get/vec4 4;
    %and;
T_18.40;
    %assign/vec4 v0xca0e637a0_0, 0;
    %load/vec4 v0xca0e645a0_0;
    %flag_set/vec4 9;
    %flag_get/vec4 9;
    %jmp/0 T_18.43, 9;
    %load/vec4 v0xca0e66300_0;
    %parti/s 3, 12, 5;
    %pushi/vec4 5, 0, 3;
    %cmp/e;
    %flag_get/vec4 4;
    %and;
T_18.43;
    %flag_set/vec4 8;
    %flag_get/vec4 8;
    %jmp/0 T_18.42, 8;
    %load/vec4 v0xca0e66300_0;
    %parti/s 7, 25, 6;
    %pushi/vec4 0, 0, 7;
    %cmp/e;
    %flag_get/vec4 4;
    %and;
T_18.42;
    %assign/vec4 v0xca0e63ca0_0, 0;
    %load/vec4 v0xca0e645a0_0;
    %flag_set/vec4 9;
    %flag_get/vec4 9;
    %jmp/0 T_18.45, 9;
    %load/vec4 v0xca0e66300_0;
    %parti/s 3, 12, 5;
    %pushi/vec4 5, 0, 3;
    %cmp/e;
    %flag_get/vec4 4;
    %and;
T_18.45;
    %flag_set/vec4 8;
    %flag_get/vec4 8;
    %jmp/0 T_18.44, 8;
    %load/vec4 v0xca0e66300_0;
    %parti/s 7, 25, 6;
    %pushi/vec4 32, 0, 7;
    %cmp/e;
    %flag_get/vec4 4;
    %and;
T_18.44;
    %assign/vec4 v0xca0e63b60_0, 0;
    %load/vec4 v0xca0e64640_0;
    %flag_set/vec4 9;
    %flag_get/vec4 9;
    %jmp/0 T_18.47, 9;
    %load/vec4 v0xca0e66300_0;
    %parti/s 3, 12, 5;
    %pushi/vec4 0, 0, 3;
    %cmp/e;
    %flag_get/vec4 4;
    %and;
T_18.47;
    %flag_set/vec4 8;
    %flag_get/vec4 8;
    %jmp/0 T_18.46, 8;
    %load/vec4 v0xca0e66300_0;
    %parti/s 7, 25, 6;
    %pushi/vec4 0, 0, 7;
    %cmp/e;
    %flag_get/vec4 4;
    %and;
T_18.46;
    %assign/vec4 v0xca0e62260_0, 0;
    %load/vec4 v0xca0e64640_0;
    %flag_set/vec4 9;
    %flag_get/vec4 9;
    %jmp/0 T_18.49, 9;
    %load/vec4 v0xca0e66300_0;
    %parti/s 3, 12, 5;
    %pushi/vec4 0, 0, 3;
    %cmp/e;
    %flag_get/vec4 4;
    %and;
T_18.49;
    %flag_set/vec4 8;
    %flag_get/vec4 8;
    %jmp/0 T_18.48, 8;
    %load/vec4 v0xca0e66300_0;
    %parti/s 7, 25, 6;
    %pushi/vec4 32, 0, 7;
    %cmp/e;
    %flag_get/vec4 4;
    %and;
T_18.48;
    %assign/vec4 v0xca0e63d40_0, 0;
    %load/vec4 v0xca0e64640_0;
    %flag_set/vec4 9;
    %flag_get/vec4 9;
    %jmp/0 T_18.51, 9;
    %load/vec4 v0xca0e66300_0;
    %parti/s 3, 12, 5;
    %pushi/vec4 1, 0, 3;
    %cmp/e;
    %flag_get/vec4 4;
    %and;
T_18.51;
    %flag_set/vec4 8;
    %flag_get/vec4 8;
    %jmp/0 T_18.50, 8;
    %load/vec4 v0xca0e66300_0;
    %parti/s 7, 25, 6;
    %pushi/vec4 0, 0, 7;
    %cmp/e;
    %flag_get/vec4 4;
    %and;
T_18.50;
    %assign/vec4 v0xca0e63700_0, 0;
    %load/vec4 v0xca0e64640_0;
    %flag_set/vec4 9;
    %flag_get/vec4 9;
    %jmp/0 T_18.53, 9;
    %load/vec4 v0xca0e66300_0;
    %parti/s 3, 12, 5;
    %pushi/vec4 2, 0, 3;
    %cmp/e;
    %flag_get/vec4 4;
    %and;
T_18.53;
    %flag_set/vec4 8;
    %flag_get/vec4 8;
    %jmp/0 T_18.52, 8;
    %load/vec4 v0xca0e66300_0;
    %parti/s 7, 25, 6;
    %pushi/vec4 0, 0, 7;
    %cmp/e;
    %flag_get/vec4 4;
    %and;
T_18.52;
    %assign/vec4 v0xca0e63840_0, 0;
    %load/vec4 v0xca0e64640_0;
    %flag_set/vec4 9;
    %flag_get/vec4 9;
    %jmp/0 T_18.55, 9;
    %load/vec4 v0xca0e66300_0;
    %parti/s 3, 12, 5;
    %pushi/vec4 3, 0, 3;
    %cmp/e;
    %flag_get/vec4 4;
    %and;
T_18.55;
    %flag_set/vec4 8;
    %flag_get/vec4 8;
    %jmp/0 T_18.54, 8;
    %load/vec4 v0xca0e66300_0;
    %parti/s 7, 25, 6;
    %pushi/vec4 0, 0, 7;
    %cmp/e;
    %flag_get/vec4 4;
    %and;
T_18.54;
    %assign/vec4 v0xca0e63a20_0, 0;
    %load/vec4 v0xca0e64640_0;
    %flag_set/vec4 9;
    %flag_get/vec4 9;
    %jmp/0 T_18.57, 9;
    %load/vec4 v0xca0e66300_0;
    %parti/s 3, 12, 5;
    %pushi/vec4 4, 0, 3;
    %cmp/e;
    %flag_get/vec4 4;
    %and;
T_18.57;
    %flag_set/vec4 8;
    %flag_get/vec4 8;
    %jmp/0 T_18.56, 8;
    %load/vec4 v0xca0e66300_0;
    %parti/s 7, 25, 6;
    %pushi/vec4 0, 0, 7;
    %cmp/e;
    %flag_get/vec4 4;
    %and;
T_18.56;
    %assign/vec4 v0xca0e640a0_0, 0;
    %load/vec4 v0xca0e64640_0;
    %flag_set/vec4 9;
    %flag_get/vec4 9;
    %jmp/0 T_18.59, 9;
    %load/vec4 v0xca0e66300_0;
    %parti/s 3, 12, 5;
    %pushi/vec4 5, 0, 3;
    %cmp/e;
    %flag_get/vec4 4;
    %and;
T_18.59;
    %flag_set/vec4 8;
    %flag_get/vec4 8;
    %jmp/0 T_18.58, 8;
    %load/vec4 v0xca0e66300_0;
    %parti/s 7, 25, 6;
    %pushi/vec4 0, 0, 7;
    %cmp/e;
    %flag_get/vec4 4;
    %and;
T_18.58;
    %assign/vec4 v0xca0e63c00_0, 0;
    %load/vec4 v0xca0e64640_0;
    %flag_set/vec4 9;
    %flag_get/vec4 9;
    %jmp/0 T_18.61, 9;
    %load/vec4 v0xca0e66300_0;
    %parti/s 3, 12, 5;
    %pushi/vec4 5, 0, 3;
    %cmp/e;
    %flag_get/vec4 4;
    %and;
T_18.61;
    %flag_set/vec4 8;
    %flag_get/vec4 8;
    %jmp/0 T_18.60, 8;
    %load/vec4 v0xca0e66300_0;
    %parti/s 7, 25, 6;
    %pushi/vec4 32, 0, 7;
    %cmp/e;
    %flag_get/vec4 4;
    %and;
T_18.60;
    %assign/vec4 v0xca0e63ac0_0, 0;
    %load/vec4 v0xca0e64640_0;
    %flag_set/vec4 9;
    %flag_get/vec4 9;
    %jmp/0 T_18.63, 9;
    %load/vec4 v0xca0e66300_0;
    %parti/s 3, 12, 5;
    %pushi/vec4 6, 0, 3;
    %cmp/e;
    %flag_get/vec4 4;
    %and;
T_18.63;
    %flag_set/vec4 8;
    %flag_get/vec4 8;
    %jmp/0 T_18.62, 8;
    %load/vec4 v0xca0e66300_0;
    %parti/s 7, 25, 6;
    %pushi/vec4 0, 0, 7;
    %cmp/e;
    %flag_get/vec4 4;
    %and;
T_18.62;
    %assign/vec4 v0xca0e630c0_0, 0;
    %load/vec4 v0xca0e64640_0;
    %flag_set/vec4 9;
    %flag_get/vec4 9;
    %jmp/0 T_18.65, 9;
    %load/vec4 v0xca0e66300_0;
    %parti/s 3, 12, 5;
    %pushi/vec4 7, 0, 3;
    %cmp/e;
    %flag_get/vec4 4;
    %and;
T_18.65;
    %flag_set/vec4 8;
    %flag_get/vec4 8;
    %jmp/0 T_18.64, 8;
    %load/vec4 v0xca0e66300_0;
    %parti/s 7, 25, 6;
    %pushi/vec4 0, 0, 7;
    %cmp/e;
    %flag_get/vec4 4;
    %and;
T_18.64;
    %assign/vec4 v0xca0e623a0_0, 0;
    %load/vec4 v0xca0e66300_0;
    %parti/s 7, 0, 2;
    %cmpi/e 115, 0, 7;
    %flag_get/vec4 4;
    %jmp/0 T_18.68, 4;
    %load/vec4 v0xca0e66300_0;
    %parti/s 20, 12, 5;
    %pad/u 32;
    %pushi/vec4 786434, 0, 32;
    %cmp/e;
    %flag_get/vec4 4;
    %and;
T_18.68;
    %flag_set/vec4 8;
    %jmp/1 T_18.67, 8;
    %load/vec4 v0xca0e66300_0;
    %parti/s 7, 0, 2;
    %cmpi/e 115, 0, 7;
    %flag_get/vec4 4;
    %jmp/0 T_18.69, 4;
    %load/vec4 v0xca0e66300_0;
    %parti/s 20, 12, 5;
    %pad/u 32;
    %pushi/vec4 786690, 0, 32;
    %cmp/e;
    %flag_get/vec4 4;
    %and;
T_18.69;
    %flag_set/vec4 9;
    %flag_or 8, 9;
T_18.67;
    %flag_get/vec4 8;
    %jmp/0 T_18.66, 8;
    %pushi/vec4 1, 0, 1;
    %and;
T_18.66;
    %assign/vec4 v0xca0e63200_0, 0;
    %load/vec4 v0xca0e66300_0;
    %parti/s 7, 0, 2;
    %cmpi/e 115, 0, 7;
    %flag_get/vec4 4;
    %jmp/0 T_18.73, 4;
    %load/vec4 v0xca0e66300_0;
    %parti/s 20, 12, 5;
    %pad/u 32;
    %pushi/vec4 819202, 0, 32;
    %cmp/e;
    %flag_get/vec4 4;
    %and;
T_18.73;
    %flag_set/vec4 9;
    %jmp/1 T_18.72, 9;
    %load/vec4 v0xca0e66300_0;
    %parti/s 7, 0, 2;
    %cmpi/e 115, 0, 7;
    %flag_get/vec4 4;
    %jmp/0 T_18.74, 4;
    %load/vec4 v0xca0e66300_0;
    %parti/s 20, 12, 5;
    %pad/u 32;
    %pushi/vec4 819458, 0, 32;
    %cmp/e;
    %flag_get/vec4 4;
    %and;
T_18.74;
    %flag_set/vec4 10;
    %flag_or 9, 10;
T_18.72;
    %flag_get/vec4 9;
    %jmp/0 T_18.71, 9;
    %pushi/vec4 1, 0, 1;
    %and;
T_18.71;
    %flag_set/vec4 8;
    %flag_get/vec4 8;
    %jmp/0 T_18.70, 8;
    %pushi/vec4 1, 0, 1;
    %and;
T_18.70;
    %assign/vec4 v0xca0e632a0_0, 0;
    %load/vec4 v0xca0e66300_0;
    %parti/s 7, 0, 2;
    %cmpi/e 115, 0, 7;
    %flag_get/vec4 4;
    %jmp/0 T_18.76, 4;
    %load/vec4 v0xca0e66300_0;
    %parti/s 20, 12, 5;
    %pad/u 32;
    %pushi/vec4 786946, 0, 32;
    %cmp/e;
    %flag_get/vec4 4;
    %and;
T_18.76;
    %flag_set/vec4 8;
    %flag_get/vec4 8;
    %jmp/0 T_18.75, 8;
    %pushi/vec4 1, 0, 1;
    %and;
T_18.75;
    %assign/vec4 v0xca0e63340_0, 0;
    %load/vec4 v0xca0e66300_0;
    %parti/s 7, 0, 2;
    %cmpi/e 115, 0, 7;
    %flag_get/vec4 4;
    %jmp/0 T_18.79, 4;
    %load/vec4 v0xca0e66300_0;
    %parti/s 20, 12, 5;
    %pad/u 32;
    %pushi/vec4 819714, 0, 32;
    %cmp/e;
    %flag_get/vec4 4;
    %and;
T_18.79;
    %flag_set/vec4 9;
    %flag_get/vec4 9;
    %jmp/0 T_18.78, 9;
    %pushi/vec4 1, 0, 1;
    %and;
T_18.78;
    %flag_set/vec4 8;
    %flag_get/vec4 8;
    %jmp/0 T_18.77, 8;
    %pushi/vec4 1, 0, 1;
    %and;
T_18.77;
    %assign/vec4 v0xca0e633e0_0, 0;
    %load/vec4 v0xca0e66300_0;
    %parti/s 7, 0, 2;
    %cmpi/e 115, 0, 7;
    %flag_get/vec4 4;
    %jmp/0 T_18.82, 4;
    %load/vec4 v0xca0e66300_0;
    %parti/s 11, 21, 6;
    %nor/r;
    %and;
T_18.82;
    %flag_set/vec4 9;
    %flag_get/vec4 9;
    %jmp/0 T_18.81, 9;
    %load/vec4 v0xca0e66300_0;
    %parti/s 13, 7, 4;
    %nor/r;
    %and;
T_18.81;
    %flag_set/vec4 8;
    %flag_get/vec4 8;
    %jmp/1 T_18.80, 8;
    %pushi/vec4 0, 0, 1;
    %or;
T_18.80;
    %assign/vec4 v0xca0e62940_0, 0;
    %load/vec4 v0xca0e66300_0;
    %parti/s 7, 0, 2;
    %cmpi/e 15, 0, 7;
    %flag_get/vec4 4;
    %jmp/0 T_18.83, 4;
    %load/vec4 v0xca0e66300_0;
    %parti/s 3, 12, 5;
    %nor/r;
    %and;
T_18.83;
    %assign/vec4 v0xca0e629e0_0, 0;
    %load/vec4 v0xca0e66300_0;
    %parti/s 7, 0, 2;
    %cmpi/e 11, 0, 7;
    %flag_get/vec4 4;
    %jmp/0 T_18.86, 4;
    %load/vec4 v0xca0e66300_0;
    %parti/s 7, 25, 6;
    %pushi/vec4 0, 0, 7;
    %cmp/e;
    %flag_get/vec4 4;
    %and;
T_18.86;
    %flag_set/vec4 9;
    %flag_get/vec4 9;
    %jmp/0 T_18.85, 9;
    %pushi/vec4 0, 0, 1;
    %and;
T_18.85;
    %flag_set/vec4 8;
    %flag_get/vec4 8;
    %jmp/0 T_18.84, 8;
    %pushi/vec4 1, 0, 1;
    %and;
T_18.84;
    %assign/vec4 v0xca0e62a80_0, 0;
    %load/vec4 v0xca0e66300_0;
    %parti/s 7, 0, 2;
    %cmpi/e 11, 0, 7;
    %flag_get/vec4 4;
    %jmp/0 T_18.89, 4;
    %load/vec4 v0xca0e66300_0;
    %parti/s 7, 25, 6;
    %pushi/vec4 1, 0, 7;
    %cmp/e;
    %flag_get/vec4 4;
    %and;
T_18.89;
    %flag_set/vec4 9;
    %flag_get/vec4 9;
    %jmp/0 T_18.88, 9;
    %pushi/vec4 0, 0, 1;
    %and;
T_18.88;
    %flag_set/vec4 8;
    %flag_get/vec4 8;
    %jmp/0 T_18.87, 8;
    %pushi/vec4 1, 0, 1;
    %and;
T_18.87;
    %assign/vec4 v0xca0e635c0_0, 0;
    %load/vec4 v0xca0e66300_0;
    %parti/s 7, 0, 2;
    %cmpi/e 11, 0, 7;
    %flag_get/vec4 4;
    %jmp/0 T_18.91, 4;
    %load/vec4 v0xca0e66300_0;
    %parti/s 7, 25, 6;
    %pushi/vec4 3, 0, 7;
    %cmp/e;
    %flag_get/vec4 4;
    %and;
T_18.91;
    %flag_set/vec4 8;
    %flag_get/vec4 8;
    %jmp/0 T_18.90, 8;
    %pushi/vec4 0, 0, 1;
    %and;
T_18.90;
    %assign/vec4 v0xca0e63020_0, 0;
    %load/vec4 v0xca0e66300_0;
    %parti/s 7, 0, 2;
    %cmpi/e 11, 0, 7;
    %flag_get/vec4 4;
    %jmp/0 T_18.94, 4;
    %load/vec4 v0xca0e66300_0;
    %parti/s 7, 25, 6;
    %pushi/vec4 5, 0, 7;
    %cmp/e;
    %flag_get/vec4 4;
    %and;
T_18.94;
    %flag_set/vec4 9;
    %flag_get/vec4 9;
    %jmp/0 T_18.93, 9;
    %pushi/vec4 0, 0, 1;
    %and;
T_18.93;
    %flag_set/vec4 8;
    %flag_get/vec4 8;
    %jmp/0 T_18.92, 8;
    %pushi/vec4 1, 0, 1;
    %and;
T_18.92;
    %assign/vec4 v0xca0e63e80_0, 0;
    %load/vec4 v0xca0e645a0_0;
    %flag_set/vec4 8;
    %flag_get/vec4 8;
    %jmp/0 T_18.95, 8;
    %load/vec4 v0xca0e66300_0;
    %parti/s 3, 12, 5;
    %cmpi/e 1, 0, 3;
    %flag_get/vec4 4;
    %jmp/0 T_18.96, 4;
    %load/vec4 v0xca0e66300_0;
    %parti/s 7, 25, 6;
    %pushi/vec4 0, 0, 7;
    %cmp/e;
    %flag_get/vec4 4;
    %and;
T_18.96;
    %load/vec4 v0xca0e66300_0;
    %parti/s 3, 12, 5;
    %cmpi/e 5, 0, 3;
    %flag_get/vec4 4;
    %jmp/0 T_18.97, 4;
    %load/vec4 v0xca0e66300_0;
    %parti/s 7, 25, 6;
    %pushi/vec4 0, 0, 7;
    %cmp/e;
    %flag_get/vec4 4;
    %and;
T_18.97;
    %concat/vec4; draw_concat_vec4
    %load/vec4 v0xca0e66300_0;
    %parti/s 3, 12, 5;
    %cmpi/e 5, 0, 3;
    %flag_get/vec4 4;
    %jmp/0 T_18.98, 4;
    %load/vec4 v0xca0e66300_0;
    %parti/s 7, 25, 6;
    %pushi/vec4 32, 0, 7;
    %cmp/e;
    %flag_get/vec4 4;
    %and;
T_18.98;
    %concat/vec4; draw_concat_vec4
    %or/r;
    %and;
T_18.95;
    %assign/vec4 v0xca0e64d20_0, 0;
    %load/vec4 v0xca0e62bc0_0;
    %flag_set/vec4 8;
    %flag_get/vec4 8;
    %jmp/1 T_18.99, 8;
    %load/vec4 v0xca0e645a0_0;
    %flag_set/vec4 8;
    %flag_get/vec4 8;
    %jmp/0 T_18.100, 8;
    %load/vec4 v0xca0e66300_0;
    %parti/s 3, 12, 5;
    %pushi/vec4 0, 0, 3;
    %cmp/e;
    %flag_get/vec4 4;
    %load/vec4 v0xca0e66300_0;
    %parti/s 3, 12, 5;
    %pushi/vec4 2, 0, 3;
    %cmp/e;
    %flag_get/vec4 4;
    %concat/vec4; draw_concat_vec4
    %load/vec4 v0xca0e66300_0;
    %parti/s 3, 12, 5;
    %pushi/vec4 3, 0, 3;
    %cmp/e;
    %flag_get/vec4 4;
    %concat/vec4; draw_concat_vec4
    %load/vec4 v0xca0e66300_0;
    %parti/s 3, 12, 5;
    %pushi/vec4 4, 0, 3;
    %cmp/e;
    %flag_get/vec4 4;
    %concat/vec4; draw_concat_vec4
    %load/vec4 v0xca0e66300_0;
    %parti/s 3, 12, 5;
    %pushi/vec4 6, 0, 3;
    %cmp/e;
    %flag_get/vec4 4;
    %concat/vec4; draw_concat_vec4
    %load/vec4 v0xca0e66300_0;
    %parti/s 3, 12, 5;
    %pushi/vec4 7, 0, 3;
    %cmp/e;
    %flag_get/vec4 4;
    %concat/vec4; draw_concat_vec4
    %or/r;
    %and;
T_18.100;
    %or;
T_18.99;
    %assign/vec4 v0xca0e64820_0, 0;
    %load/vec4 v0xca0e64640_0;
    %flag_set/vec4 8;
    %flag_get/vec4 8;
    %jmp/0 T_18.101, 8;
    %load/vec4 v0xca0e66300_0;
    %parti/s 3, 12, 5;
    %cmpi/e 1, 0, 3;
    %flag_get/vec4 4;
    %jmp/0 T_18.102, 4;
    %load/vec4 v0xca0e66300_0;
    %parti/s 7, 25, 6;
    %pushi/vec4 0, 0, 7;
    %cmp/e;
    %flag_get/vec4 4;
    %and;
T_18.102;
    %load/vec4 v0xca0e66300_0;
    %parti/s 3, 12, 5;
    %cmpi/e 5, 0, 3;
    %flag_get/vec4 4;
    %jmp/0 T_18.103, 4;
    %load/vec4 v0xca0e66300_0;
    %parti/s 7, 25, 6;
    %pushi/vec4 0, 0, 7;
    %cmp/e;
    %flag_get/vec4 4;
    %and;
T_18.103;
    %concat/vec4; draw_concat_vec4
    %load/vec4 v0xca0e66300_0;
    %parti/s 3, 12, 5;
    %cmpi/e 5, 0, 3;
    %flag_get/vec4 4;
    %jmp/0 T_18.104, 4;
    %load/vec4 v0xca0e66300_0;
    %parti/s 7, 25, 6;
    %pushi/vec4 32, 0, 7;
    %cmp/e;
    %flag_get/vec4 4;
    %and;
T_18.104;
    %concat/vec4; draw_concat_vec4
    %or/r;
    %and;
T_18.101;
    %assign/vec4 v0xca0e64c80_0, 0;
    %pushi/vec4 0, 0, 1;
    %assign/vec4 v0xca0e64aa0_0, 0;
    %pushi/vec4 0, 0, 1;
    %assign/vec4 v0xca0e64780_0, 0;
    %pushi/vec4 1, 0, 1;
    %dup/vec4;
    %load/vec4 v0xca0e62b20_0;
    %cmp/u;
    %jmp/1 T_18.105, 6;
    %dup/vec4;
    %load/vec4 v0xca0e62ee0_0;
    %load/vec4 v0xca0e624e0_0;
    %concat/vec4; draw_concat_vec4
    %or/r;
    %cmp/u;
    %jmp/1 T_18.106, 6;
    %dup/vec4;
    %load/vec4 v0xca0e62bc0_0;
    %load/vec4 v0xca0e648c0_0;
    %concat/vec4; draw_concat_vec4
    %load/vec4 v0xca0e645a0_0;
    %concat/vec4; draw_concat_vec4
    %or/r;
    %cmp/u;
    %jmp/1 T_18.107, 6;
    %dup/vec4;
    %load/vec4 v0xca0e646e0_0;
    %cmp/u;
    %jmp/1 T_18.108, 6;
    %dup/vec4;
    %load/vec4 v0xca0e64be0_0;
    %cmp/u;
    %jmp/1 T_18.109, 6;
    %pushi/vec4 1, 1, 32;
    %assign/vec4 v0xca0e61ae0_0, 0;
    %jmp T_18.111;
T_18.105 ;
    %load/vec4 v0xca0e61b80_0;
    %assign/vec4 v0xca0e61ae0_0, 0;
    %jmp T_18.111;
T_18.106 ;
    %load/vec4 v0xca0e66300_0;
    %parti/s 20, 12, 5;
    %pad/u 32;
    %ix/load 4, 12, 0;
    %flag_set/imm 4, 0;
    %shiftl 4;
    %assign/vec4 v0xca0e61ae0_0, 0;
    %jmp T_18.111;
T_18.107 ;
    %load/vec4 v0xca0e66300_0;
    %parti/s 12, 20, 6;
    %pad/s 32;
    %assign/vec4 v0xca0e61ae0_0, 0;
    %jmp T_18.111;
T_18.108 ;
    %load/vec4 v0xca0e66300_0;
    %parti/s 1, 31, 6;
    %load/vec4 v0xca0e66300_0;
    %parti/s 1, 7, 4;
    %concat/vec4; draw_concat_vec4
    %load/vec4 v0xca0e66300_0;
    %parti/s 6, 25, 6;
    %concat/vec4; draw_concat_vec4
    %load/vec4 v0xca0e66300_0;
    %parti/s 4, 8, 5;
    %concat/vec4; draw_concat_vec4
    %concati/vec4 0, 0, 1;
    %pad/s 32;
    %assign/vec4 v0xca0e61ae0_0, 0;
    %jmp T_18.111;
T_18.109 ;
    %load/vec4 v0xca0e66300_0;
    %parti/s 7, 25, 6;
    %load/vec4 v0xca0e66300_0;
    %parti/s 5, 7, 4;
    %concat/vec4; draw_concat_vec4
    %pad/s 32;
    %assign/vec4 v0xca0e61ae0_0, 0;
    %jmp T_18.111;
T_18.111 ;
    %pop/vec4 1;
T_18.17 ;
    %load/vec4 v0xca0e680a0_0;
    %nor/r;
    %flag_set/vec4 8;
    %jmp/0xz  T_18.112, 8;
    %pushi/vec4 0, 0, 1;
    %assign/vec4 v0xca0e646e0_0, 0;
    %pushi/vec4 0, 0, 1;
    %assign/vec4 v0xca0e64780_0, 0;
    %pushi/vec4 0, 0, 1;
    %assign/vec4 v0xca0e62580_0, 0;
    %pushi/vec4 0, 0, 1;
    %assign/vec4 v0xca0e628a0_0, 0;
    %pushi/vec4 0, 0, 1;
    %assign/vec4 v0xca0e62760_0, 0;
    %pushi/vec4 0, 0, 1;
    %assign/vec4 v0xca0e62620_0, 0;
    %pushi/vec4 0, 0, 1;
    %assign/vec4 v0xca0e62800_0, 0;
    %pushi/vec4 0, 0, 1;
    %assign/vec4 v0xca0e626c0_0, 0;
    %pushi/vec4 0, 0, 1;
    %assign/vec4 v0xca0e62300_0, 0;
    %pushi/vec4 0, 0, 1;
    %assign/vec4 v0xca0e638e0_0, 0;
    %pushi/vec4 0, 0, 1;
    %assign/vec4 v0xca0e63980_0, 0;
    %pushi/vec4 0, 0, 1;
    %assign/vec4 v0xca0e64140_0, 0;
    %pushi/vec4 0, 0, 1;
    %assign/vec4 v0xca0e63160_0, 0;
    %pushi/vec4 0, 0, 1;
    %assign/vec4 v0xca0e62440_0, 0;
    %pushi/vec4 0, 0, 1;
    %assign/vec4 v0xca0e62260_0, 0;
    %pushi/vec4 0, 0, 1;
    %assign/vec4 v0xca0e63d40_0, 0;
    %pushi/vec4 0, 0, 1;
    %assign/vec4 v0xca0e63700_0, 0;
    %pushi/vec4 0, 0, 1;
    %assign/vec4 v0xca0e63840_0, 0;
    %pushi/vec4 0, 0, 1;
    %assign/vec4 v0xca0e63a20_0, 0;
    %pushi/vec4 0, 0, 1;
    %assign/vec4 v0xca0e640a0_0, 0;
    %pushi/vec4 0, 0, 1;
    %assign/vec4 v0xca0e63c00_0, 0;
    %pushi/vec4 0, 0, 1;
    %assign/vec4 v0xca0e63ac0_0, 0;
    %pushi/vec4 0, 0, 1;
    %assign/vec4 v0xca0e630c0_0, 0;
    %pushi/vec4 0, 0, 1;
    %assign/vec4 v0xca0e623a0_0, 0;
    %pushi/vec4 0, 0, 1;
    %assign/vec4 v0xca0e629e0_0, 0;
T_18.112 ;
    %jmp T_18;
    .thread T_18;
    .scope S_0x10382bdb0;
T_19 ;
    %wait E_0xca11a8f00;
    %pushi/vec4 0, 0, 32; draw_string_vec4
    %pushi/vec4 0, 0, 32; draw_string_vec4
    %concat/vec4; draw_string_vec4
    %pushi/vec4 0, 0, 32; draw_string_vec4
    %concat/vec4; draw_string_vec4
    %pushi/vec4 0, 0, 32; draw_string_vec4
    %concat/vec4; draw_string_vec4
    %store/vec4 v0xca0e60e60_0, 0, 128;
    %load/vec4 v0xca0e60960_0;
    %cmpi/e 128, 0, 8;
    %jmp/0xz  T_19.0, 4;
    %pushi/vec4 0, 0, 32; draw_string_vec4
    %pushi/vec4 0, 0, 32; draw_string_vec4
    %concat/vec4; draw_string_vec4
    %pushi/vec4 0, 0, 32; draw_string_vec4
    %concat/vec4; draw_string_vec4
    %pushi/vec4 1953653104, 0, 32; draw_string_vec4
    %concat/vec4; draw_string_vec4
    %store/vec4 v0xca0e60e60_0, 0, 128;
T_19.0 ;
    %load/vec4 v0xca0e60960_0;
    %cmpi/e 64, 0, 8;
    %jmp/0xz  T_19.2, 4;
    %pushi/vec4 0, 0, 32; draw_string_vec4
    %pushi/vec4 0, 0, 32; draw_string_vec4
    %concat/vec4; draw_string_vec4
    %pushi/vec4 102, 0, 32; draw_string_vec4
    %concat/vec4; draw_string_vec4
    %pushi/vec4 1702126440, 0, 32; draw_string_vec4
    %concat/vec4; draw_string_vec4
    %store/vec4 v0xca0e60e60_0, 0, 128;
T_19.2 ;
    %load/vec4 v0xca0e60960_0;
    %cmpi/e 32, 0, 8;
    %jmp/0xz  T_19.4, 4;
    %pushi/vec4 0, 0, 32; draw_string_vec4
    %pushi/vec4 0, 0, 32; draw_string_vec4
    %concat/vec4; draw_string_vec4
    %pushi/vec4 27748, 0, 32; draw_string_vec4
    %concat/vec4; draw_string_vec4
    %pushi/vec4 1601336113, 0, 32; draw_string_vec4
    %concat/vec4; draw_string_vec4
    %store/vec4 v0xca0e60e60_0, 0, 128;
T_19.4 ;
    %load/vec4 v0xca0e60960_0;
    %cmpi/e 16, 0, 8;
    %jmp/0xz  T_19.6, 4;
    %pushi/vec4 0, 0, 32; draw_string_vec4
    %pushi/vec4 0, 0, 32; draw_string_vec4
    %concat/vec4; draw_string_vec4
    %pushi/vec4 27748, 0, 32; draw_string_vec4
    %concat/vec4; draw_string_vec4
    %pushi/vec4 1601336114, 0, 32; draw_string_vec4
    %concat/vec4; draw_string_vec4
    %store/vec4 v0xca0e60e60_0, 0, 128;
T_19.6 ;
    %load/vec4 v0xca0e60960_0;
    %cmpi/e 8, 0, 8;
    %jmp/0xz  T_19.8, 4;
    %pushi/vec4 0, 0, 32; draw_string_vec4
    %pushi/vec4 0, 0, 32; draw_string_vec4
    %concat/vec4; draw_string_vec4
    %pushi/vec4 0, 0, 32; draw_string_vec4
    %concat/vec4; draw_string_vec4
    %pushi/vec4 1702389091, 0, 32; draw_string_vec4
    %concat/vec4; draw_string_vec4
    %store/vec4 v0xca0e60e60_0, 0, 128;
T_19.8 ;
    %load/vec4 v0xca0e60960_0;
    %cmpi/e 4, 0, 8;
    %jmp/0xz  T_19.10, 4;
    %pushi/vec4 0, 0, 32; draw_string_vec4
    %pushi/vec4 0, 0, 32; draw_string_vec4
    %concat/vec4; draw_string_vec4
    %pushi/vec4 115, 0, 32; draw_string_vec4
    %concat/vec4; draw_string_vec4
    %pushi/vec4 1751737972, 0, 32; draw_string_vec4
    %concat/vec4; draw_string_vec4
    %store/vec4 v0xca0e60e60_0, 0, 128;
T_19.10 ;
    %load/vec4 v0xca0e60960_0;
    %cmpi/e 2, 0, 8;
    %jmp/0xz  T_19.12, 4;
    %pushi/vec4 0, 0, 32; draw_string_vec4
    %pushi/vec4 0, 0, 32; draw_string_vec4
    %concat/vec4; draw_string_vec4
    %pushi/vec4 115, 0, 32; draw_string_vec4
    %concat/vec4; draw_string_vec4
    %pushi/vec4 1953326445, 0, 32; draw_string_vec4
    %concat/vec4; draw_string_vec4
    %store/vec4 v0xca0e60e60_0, 0, 128;
T_19.12 ;
    %load/vec4 v0xca0e60960_0;
    %cmpi/e 1, 0, 8;
    %jmp/0xz  T_19.14, 4;
    %pushi/vec4 0, 0, 32; draw_string_vec4
    %pushi/vec4 0, 0, 32; draw_string_vec4
    %concat/vec4; draw_string_vec4
    %pushi/vec4 108, 0, 32; draw_string_vec4
    %concat/vec4; draw_string_vec4
    %pushi/vec4 1684890989, 0, 32; draw_string_vec4
    %concat/vec4; draw_string_vec4
    %store/vec4 v0xca0e60e60_0, 0, 128;
T_19.14 ;
    %jmp T_19;
    .thread T_19, $push;
    .scope S_0x10382bdb0;
T_20 ;
    %wait E_0xca11a8ec0;
    %pushi/vec4 1, 1, 1;
    %store/vec4 v0xca0e33d40_0, 0, 1;
    %pushi/vec4 1, 0, 1;
    %dup/vec4;
    %load/vec4 v0xca0e62580_0;
    %cmp/u;
    %jmp/1 T_20.0, 6;
    %dup/vec4;
    %load/vec4 v0xca0e628a0_0;
    %cmp/u;
    %jmp/1 T_20.1, 6;
    %dup/vec4;
    %load/vec4 v0xca0e62620_0;
    %cmp/u;
    %jmp/1 T_20.2, 6;
    %dup/vec4;
    %load/vec4 v0xca0e626c0_0;
    %cmp/u;
    %jmp/1 T_20.3, 6;
    %dup/vec4;
    %load/vec4 v0xca0e64dc0_0;
    %flag_set/vec4 8;
    %flag_get/vec4 8;
    %jmp/0 T_20.7, 8;
    %pushi/vec4 1, 0, 1;
    %and;
T_20.7;
    %cmp/u;
    %jmp/1 T_20.4, 6;
    %dup/vec4;
    %load/vec4 v0xca0e64e60_0;
    %flag_set/vec4 8;
    %flag_get/vec4 8;
    %jmp/0 T_20.8, 8;
    %pushi/vec4 1, 0, 1;
    %and;
T_20.8;
    %cmp/u;
    %jmp/1 T_20.5, 6;
    %jmp T_20.6;
T_20.0 ;
    %load/vec4 v0xca0e33ac0_0;
    %store/vec4 v0xca0e33d40_0, 0, 1;
    %jmp T_20.6;
T_20.1 ;
    %load/vec4 v0xca0e33ac0_0;
    %nor/r;
    %store/vec4 v0xca0e33d40_0, 0, 1;
    %jmp T_20.6;
T_20.2 ;
    %load/vec4 v0xca0e33b60_0;
    %nor/r;
    %store/vec4 v0xca0e33d40_0, 0, 1;
    %jmp T_20.6;
T_20.3 ;
    %load/vec4 v0xca0e33c00_0;
    %nor/r;
    %store/vec4 v0xca0e33d40_0, 0, 1;
    %jmp T_20.6;
T_20.4 ;
    %load/vec4 v0xca0e33b60_0;
    %store/vec4 v0xca0e33d40_0, 0, 1;
    %jmp T_20.6;
T_20.5 ;
    %load/vec4 v0xca0e33c00_0;
    %store/vec4 v0xca0e33d40_0, 0, 1;
    %jmp T_20.6;
T_20.6 ;
    %pop/vec4 1;
    %pushi/vec4 4294967295, 4294967295, 32;
    %store/vec4 v0xca0e33ca0_0, 0, 32;
    %pushi/vec4 1, 0, 1;
    %dup/vec4;
    %load/vec4 v0xca0e64aa0_0;
    %cmp/u;
    %jmp/1 T_20.9, 6;
    %dup/vec4;
    %load/vec4 v0xca0e64780_0;
    %cmp/u;
    %jmp/1 T_20.10, 6;
    %dup/vec4;
    %load/vec4 v0xca0e64140_0;
    %flag_set/vec4 8;
    %flag_get/vec4 8;
    %jmp/1 T_20.17, 8;
    %load/vec4 v0xca0e640a0_0;
    %or;
T_20.17;
    %cmp/u;
    %jmp/1 T_20.11, 6;
    %dup/vec4;
    %load/vec4 v0xca0e63160_0;
    %flag_set/vec4 8;
    %flag_get/vec4 8;
    %jmp/1 T_20.18, 8;
    %load/vec4 v0xca0e630c0_0;
    %or;
T_20.18;
    %cmp/u;
    %jmp/1 T_20.12, 6;
    %dup/vec4;
    %load/vec4 v0xca0e62440_0;
    %flag_set/vec4 8;
    %flag_get/vec4 8;
    %jmp/1 T_20.19, 8;
    %load/vec4 v0xca0e623a0_0;
    %or;
T_20.19;
    %cmp/u;
    %jmp/1 T_20.13, 6;
    %dup/vec4;
    %pushi/vec4 0, 0, 1;
    %cmp/u;
    %jmp/1 T_20.14, 6;
    %dup/vec4;
    %pushi/vec4 0, 0, 1;
    %cmp/u;
    %jmp/1 T_20.15, 6;
    %jmp T_20.16;
T_20.9 ;
    %load/vec4 v0xca0e33a20_0;
    %store/vec4 v0xca0e33ca0_0, 0, 32;
    %jmp T_20.16;
T_20.10 ;
    %load/vec4 v0xca0e33d40_0;
    %pad/u 32;
    %store/vec4 v0xca0e33ca0_0, 0, 32;
    %jmp T_20.16;
T_20.11 ;
    %load/vec4 v0xca0e67d40_0;
    %load/vec4 v0xca0e67de0_0;
    %xor;
    %store/vec4 v0xca0e33ca0_0, 0, 32;
    %jmp T_20.16;
T_20.12 ;
    %load/vec4 v0xca0e67d40_0;
    %load/vec4 v0xca0e67de0_0;
    %or;
    %store/vec4 v0xca0e33ca0_0, 0, 32;
    %jmp T_20.16;
T_20.13 ;
    %load/vec4 v0xca0e67d40_0;
    %load/vec4 v0xca0e67de0_0;
    %and;
    %store/vec4 v0xca0e33ca0_0, 0, 32;
    %jmp T_20.16;
T_20.14 ;
    %load/vec4 v0xca0e33f20_0;
    %store/vec4 v0xca0e33ca0_0, 0, 32;
    %jmp T_20.16;
T_20.15 ;
    %load/vec4 v0xca0e60000_0;
    %store/vec4 v0xca0e33ca0_0, 0, 32;
    %jmp T_20.16;
T_20.16 ;
    %pop/vec4 1;
    %jmp T_20;
    .thread T_20, $push;
    .scope S_0x10382bdb0;
T_21 ;
    %wait E_0xca11a8dc0;
    %load/vec4 v0xca0e605a0_0;
    %assign/vec4 v0xca0e60640_0, 0;
    %jmp T_21;
    .thread T_21;
    .scope S_0x10382bdb0;
T_22 ;
    %wait E_0xca11a8e80;
    %load/vec4 v0xca0e60640_0;
    %store/vec4 v0xca0e605a0_0, 0, 1;
    %load/vec4 v0xca0e67840_0;
    %nor/r;
    %flag_set/vec4 8;
    %jmp/0xz  T_22.0, 8;
    %pushi/vec4 0, 0, 1;
    %store/vec4 v0xca0e605a0_0, 0, 1;
T_22.0 ;
    %load/vec4 v0xca0e64fa0_0;
    %flag_set/vec4 8;
    %jmp/1 T_22.5, 8;
    %load/vec4 v0xca0e64500_0;
    %cmpi/ne 0, 0, 2;
    %flag_or 8, 4;
T_22.5;
    %jmp/1 T_22.4, 8;
    %load/vec4 v0xca0e680a0_0;
    %nor/r;
    %flag_set/vec4 9;
    %flag_or 8, 9;
T_22.4;
    %jmp/0xz  T_22.2, 8;
    %pushi/vec4 0, 0, 1;
    %store/vec4 v0xca0e605a0_0, 0, 1;
T_22.2 ;
    %jmp T_22;
    .thread T_22, $push;
    .scope S_0x10382bdb0;
T_23 ;
    %wait E_0xca11a8e40;
    %pushi/vec4 0, 0, 1;
    %store/vec4 v0xca0e60c80_0, 0, 1;
    %pushi/vec4 4294967295, 4294967295, 32;
    %store/vec4 v0xca0e60be0_0, 0, 32;
    %load/vec4 v0xca0e60960_0;
    %cmpi/e 64, 0, 8;
    %jmp/0xz  T_23.0, 4;
    %pushi/vec4 1, 0, 1;
    %dup/vec4;
    %load/vec4 v0xca0e64fa0_0;
    %cmp/u;
    %jmp/1 T_23.2, 6;
    %dup/vec4;
    %load/vec4 v0xca0e65400_0;
    %flag_set/vec4 8;
    %flag_get/vec4 8;
    %jmp/0 T_23.7, 8;
    %load/vec4 v0xca0e64fa0_0;
    %nor/r;
    %and;
T_23.7;
    %cmp/u;
    %jmp/1 T_23.3, 6;
    %dup/vec4;
    %pushi/vec4 0, 0, 1;
    %cmp/u;
    %jmp/1 T_23.4, 6;
    %dup/vec4;
    %pushi/vec4 0, 0, 1;
    %cmp/u;
    %jmp/1 T_23.5, 6;
    %jmp T_23.6;
T_23.2 ;
    %load/vec4 v0xca0e67f20_0;
    %load/vec4 v0xca0e65040_0;
    %flag_set/vec4 8;
    %jmp/0 T_23.8, 8;
    %pushi/vec4 2, 0, 32;
    %jmp/1 T_23.9, 8;
T_23.8 ; End of true expr.
    %pushi/vec4 4, 0, 32;
    %jmp/0 T_23.9, 8;
 ; End of false expr.
    %blend;
T_23.9;
    %add;
    %store/vec4 v0xca0e60be0_0, 0, 32;
    %pushi/vec4 1, 0, 1;
    %store/vec4 v0xca0e60c80_0, 0, 1;
    %jmp T_23.6;
T_23.3 ;
    %load/vec4 v0xca0e65360_0;
    %flag_set/vec4 8;
    %jmp/0 T_23.10, 8;
    %load/vec4 v0xca0e33e80_0;
    %jmp/1 T_23.11, 8;
T_23.10 ; End of true expr.
    %load/vec4 v0xca0e67e80_0;
    %jmp/0 T_23.11, 8;
 ; End of false expr.
    %blend;
T_23.11;
    %store/vec4 v0xca0e60be0_0, 0, 32;
    %pushi/vec4 1, 0, 1;
    %store/vec4 v0xca0e60c80_0, 0, 1;
    %jmp T_23.6;
T_23.4 ;
    %load/vec4 v0xca0e67ca0_0;
    %load/vec4 v0xca0e65040_0;
    %pad/u 32;
    %or;
    %store/vec4 v0xca0e60be0_0, 0, 32;
    %pushi/vec4 1, 0, 1;
    %store/vec4 v0xca0e60c80_0, 0, 1;
    %jmp T_23.6;
T_23.5 ;
    %load/vec4 v0xca0e64460_0;
    %load/vec4 v0xca0e643c0_0;
    %inv;
    %and;
    %store/vec4 v0xca0e60be0_0, 0, 32;
    %pushi/vec4 1, 0, 1;
    %store/vec4 v0xca0e60c80_0, 0, 1;
    %jmp T_23.6;
T_23.6 ;
    %pop/vec4 1;
T_23.0 ;
    %jmp T_23;
    .thread T_23, $push;
    .scope S_0x10382bdb0;
T_24 ;
    %wait E_0xca11a8dc0;
    %load/vec4 v0xca0e680a0_0;
    %flag_set/vec4 10;
    %flag_get/vec4 10;
    %jmp/0 T_24.3, 10;
    %load/vec4 v0xca0e60c80_0;
    %and;
T_24.3;
    %flag_set/vec4 9;
    %flag_get/vec4 9;
    %jmp/0 T_24.2, 9;
    %load/vec4 v0xca0e652c0_0;
    %pushi/vec4 0, 0, 5;
    %cmp/ne;
    %flag_get/vec4 4;
    %and;
T_24.2;
    %flag_set/vec4 8;
    %jmp/0xz  T_24.0, 8;
    %load/vec4 v0xca0e60be0_0;
    %load/vec4 v0xca0e652c0_0;
    %pad/u 7;
    %ix/vec4 3;
    %ix/load 4, 0, 0; Constant delay
    %assign/vec4/a/d v0xca0e60a00, 0, 4;
T_24.0 ;
    %jmp T_24;
    .thread T_24;
    .scope S_0x10382bdb0;
T_25 ;
    %wait E_0xca11a8e00;
    %pushi/vec4 31, 31, 5;
    %store/vec4 v0xca0e61cc0_0, 0, 5;
    %load/vec4 v0xca0e61d60_0;
    %cmpi/ne 0, 0, 5;
    %flag_mov 8, 4;
    %jmp/0 T_25.0, 8;
    %load/vec4 v0xca0e61d60_0;
    %pad/u 7;
    %ix/vec4 4;
    %load/vec4a v0xca0e60a00, 4;
    %jmp/1 T_25.1, 8;
T_25.0 ; End of true expr.
    %pushi/vec4 0, 0, 32;
    %jmp/0 T_25.1, 8;
 ; End of false expr.
    %blend;
T_25.1;
    %store/vec4 v0xca0e60aa0_0, 0, 32;
    %load/vec4 v0xca0e61e00_0;
    %cmpi/ne 0, 0, 5;
    %flag_mov 8, 4;
    %jmp/0 T_25.2, 8;
    %load/vec4 v0xca0e61e00_0;
    %pad/u 7;
    %ix/vec4 4;
    %load/vec4a v0xca0e60a00, 4;
    %jmp/1 T_25.3, 8;
T_25.2 ; End of true expr.
    %pushi/vec4 0, 0, 32;
    %jmp/0 T_25.3, 8;
 ; End of false expr.
    %blend;
T_25.3;
    %store/vec4 v0xca0e60b40_0, 0, 32;
    %jmp T_25;
    .thread T_25, $push;
    .scope S_0x10382bdb0;
T_26 ;
    %wait E_0xca11a8dc0;
    %pushi/vec4 0, 0, 1;
    %assign/vec4 v0xca0e68500_0, 0;
    %pushi/vec4 31, 31, 5;
    %assign/vec4 v0xca0e68000_0, 0;
    %pushi/vec4 4294967295, 4294967295, 32;
    %assign/vec4 v0xca0e67e80_0, 0;
    %pushi/vec4 0, 0, 1;
    %store/vec4 v0xca0e681e0_0, 0, 1;
    %pushi/vec4 0, 0, 1;
    %store/vec4 v0xca0e68140_0, 0, 1;
    %pushi/vec4 0, 0, 1;
    %store/vec4 v0xca0e68280_0, 0, 1;
    %load/vec4 v0xca0e33d40_0;
    %assign/vec4 v0xca0e33de0_0, 0;
    %load/vec4 v0xca0e33ca0_0;
    %assign/vec4 v0xca0e33e80_0, 0;
    %pushi/vec4 0, 0, 1;
    %assign/vec4 v0xca0e600a0_0, 0;
    %pushi/vec4 0, 0, 1;
    %assign/vec4 v0xca0e60140_0, 0;
    %load/vec4 v0xca0e65540_0;
    %flag_set/vec4 8;
    %jmp/0xz  T_26.0, 8;
    %pushi/vec4 4294967295, 4294967295, 32;
    %assign/vec4 v0xca0e617c0_0, 0;
    %pushi/vec4 4294967295, 4294967295, 32;
    %assign/vec4 v0xca0e61900_0, 0;
    %pushi/vec4 0, 0, 1;
    %assign/vec4 v0xca0e61860_0, 0;
    %pushi/vec4 0, 0, 1;
    %assign/vec4 v0xca0e619a0_0, 0;
T_26.0 ;
    %load/vec4 v0xca0e680a0_0;
    %flag_set/vec4 8;
    %jmp/0 T_26.2, 8;
    %load/vec4 v0xca0e60820_0;
    %addi 1, 0, 64;
    %jmp/1 T_26.3, 8;
T_26.2 ; End of true expr.
    %pushi/vec4 0, 0, 64;
    %jmp/0 T_26.3, 8;
 ; End of false expr.
    %blend;
T_26.3;
    %assign/vec4 v0xca0e60820_0, 0;
    %pushi/vec4 4294967295, 4294967295, 32;
    %store/vec4 v0xca0e669e0_0, 0, 32;
    %load/vec4 v0xca0e65860_0;
    %flag_set/vec4 8;
    %flag_get/vec4 8;
    %jmp/0 T_26.4, 8;
    %load/vec4 v0xca0e659a0_0;
    %and;
T_26.4;
    %assign/vec4 v0xca0e61fe0_0, 0;
    %load/vec4 v0xca0e61fe0_0;
    %assign/vec4 v0xca0e62080_0, 0;
    %pushi/vec4 0, 0, 1;
    %assign/vec4 v0xca0e61ea0_0, 0;
    %load/vec4 v0xca0e61ea0_0;
    %assign/vec4 v0xca0e61f40_0, 0;
    %pushi/vec4 0, 0, 1;
    %assign/vec4 v0xca0e62120_0, 0;
    %pushi/vec4 0, 0, 1;
    %assign/vec4 v0xca0e68460_0, 0;
    %pushi/vec4 4294967295, 4294967295, 32;
    %concati/vec4 15, 15, 4;
    %assign/vec4 v0xca0e683c0_0, 0;
    %load/vec4 v0xca0e680a0_0;
    %nor/r;
    %flag_set/vec4 8;
    %jmp/0xz  T_26.5, 8;
    %pushi/vec4 0, 0, 32;
    %assign/vec4 v0xca0e67f20_0, 0;
    %pushi/vec4 0, 0, 32;
    %assign/vec4 v0xca0e67ca0_0, 0;
    %pushi/vec4 0, 0, 64;
    %assign/vec4 v0xca0e608c0_0, 0;
    %pushi/vec4 0, 0, 1;
    %assign/vec4 v0xca0e65400_0, 0;
    %pushi/vec4 0, 0, 1;
    %assign/vec4 v0xca0e65360_0, 0;
    %pushi/vec4 0, 0, 1;
    %assign/vec4 v0xca0e64fa0_0, 0;
    %pushi/vec4 0, 0, 1;
    %assign/vec4 v0xca0e654a0_0, 0;
    %pushi/vec4 0, 0, 1;
    %assign/vec4 v0xca0e65220_0, 0;
    %pushi/vec4 0, 0, 1;
    %assign/vec4 v0xca0e65180_0, 0;
    %pushi/vec4 0, 0, 1;
    %assign/vec4 v0xca0e650e0_0, 0;
    %pushi/vec4 0, 0, 1;
    %assign/vec4 v0xca0e67660_0, 0;
    %pushi/vec4 0, 0, 1;
    %assign/vec4 v0xca0e675c0_0, 0;
    %pushi/vec4 0, 0, 1;
    %assign/vec4 v0xca0e64280_0, 0;
    %pushi/vec4 0, 0, 1;
    %assign/vec4 v0xca0e64320_0, 0;
    %pushi/vec4 4294967295, 0, 32;
    %assign/vec4 v0xca0e643c0_0, 0;
    %pushi/vec4 0, 0, 32;
    %store/vec4 v0xca0e669e0_0, 0, 32;
    %pushi/vec4 0, 0, 2;
    %assign/vec4 v0xca0e64500_0, 0;
    %pushi/vec4 0, 0, 32;
    %assign/vec4 v0xca0e621c0_0, 0;
    %pushi/vec4 0, 0, 32;
    %assign/vec4 v0xca0e68320_0, 0;
    %pushi/vec4 64, 0, 8;
    %assign/vec4 v0xca0e60960_0, 0;
    %jmp T_26.6;
T_26.5 ;
    %load/vec4 v0xca0e60960_0;
    %dup/vec4;
    %pushi/vec4 128, 0, 8;
    %cmp/u;
    %jmp/1 T_26.7, 6;
    %dup/vec4;
    %pushi/vec4 64, 0, 8;
    %cmp/u;
    %jmp/1 T_26.8, 6;
    %dup/vec4;
    %pushi/vec4 32, 0, 8;
    %cmp/u;
    %jmp/1 T_26.9, 6;
    %dup/vec4;
    %pushi/vec4 16, 0, 8;
    %cmp/u;
    %jmp/1 T_26.10, 6;
    %dup/vec4;
    %pushi/vec4 8, 0, 8;
    %cmp/u;
    %jmp/1 T_26.11, 6;
    %dup/vec4;
    %pushi/vec4 4, 0, 8;
    %cmp/u;
    %jmp/1 T_26.12, 6;
    %dup/vec4;
    %pushi/vec4 2, 0, 8;
    %cmp/u;
    %jmp/1 T_26.13, 6;
    %dup/vec4;
    %pushi/vec4 1, 0, 8;
    %cmp/u;
    %jmp/1 T_26.14, 6;
    %jmp T_26.15;
T_26.7 ;
    %pushi/vec4 1, 0, 1;
    %assign/vec4 v0xca0e68500_0, 0;
    %jmp T_26.15;
T_26.8 ;
    %load/vec4 v0xca0e61fe0_0;
    %nor/r;
    %flag_set/vec4 8;
    %flag_get/vec4 8;
    %jmp/0 T_26.16, 8;
    %load/vec4 v0xca0e62120_0;
    %nor/r;
    %and;
T_26.16;
    %assign/vec4 v0xca0e65860_0, 0;
    %pushi/vec4 0, 0, 2;
    %assign/vec4 v0xca0e666c0_0, 0;
    %load/vec4 v0xca0e67ca0_0;
    %store/vec4 v0xca0e60d20_0, 0, 32;
    %pushi/vec4 1, 0, 1;
    %dup/vec4;
    %load/vec4 v0xca0e64fa0_0;
    %cmp/u;
    %jmp/1 T_26.17, 6;
    %dup/vec4;
    %load/vec4 v0xca0e65400_0;
    %flag_set/vec4 8;
    %flag_get/vec4 8;
    %jmp/0 T_26.22, 8;
    %load/vec4 v0xca0e64fa0_0;
    %nor/r;
    %and;
T_26.22;
    %cmp/u;
    %jmp/1 T_26.18, 6;
    %dup/vec4;
    %pushi/vec4 0, 0, 1;
    %cmp/u;
    %jmp/1 T_26.19, 6;
    %dup/vec4;
    %pushi/vec4 0, 0, 1;
    %cmp/u;
    %jmp/1 T_26.20, 6;
    %jmp T_26.21;
T_26.17 ;
    %load/vec4 v0xca0e65400_0;
    %flag_set/vec4 8;
    %jmp/0 T_26.23, 8;
    %load/vec4 v0xca0e65360_0;
    %flag_set/vec4 9;
    %jmp/0 T_26.25, 9;
    %load/vec4 v0xca0e33e80_0;
    %jmp/1 T_26.26, 9;
T_26.25 ; End of true expr.
    %load/vec4 v0xca0e67e80_0;
    %jmp/0 T_26.26, 9;
 ; End of false expr.
    %blend;
T_26.26;
    %pushi/vec4 4294967294, 0, 32;
    %and;
    %jmp/1 T_26.24, 8;
T_26.23 ; End of true expr.
    %load/vec4 v0xca0e67ca0_0;
    %jmp/0 T_26.24, 8;
 ; End of false expr.
    %blend;
T_26.24;
    %store/vec4 v0xca0e60d20_0, 0, 32;
    %jmp T_26.21;
T_26.18 ;
    %jmp T_26.21;
T_26.19 ;
    %pushi/vec4 16, 0, 32;
    %store/vec4 v0xca0e60d20_0, 0, 32;
    %pushi/vec4 1, 0, 1;
    %assign/vec4 v0xca0e64280_0, 0;
    %pushi/vec4 1, 0, 1;
    %assign/vec4 v0xca0e65860_0, 0;
    %jmp T_26.21;
T_26.20 ;
    %load/vec4 v0xca0e64460_0;
    %load/vec4 v0xca0e643c0_0;
    %inv;
    %and;
    %assign/vec4 v0xca0e621c0_0, 0;
    %load/vec4 v0xca0e669e0_0;
    %load/vec4 v0xca0e643c0_0;
    %and;
    %store/vec4 v0xca0e669e0_0, 0, 32;
    %jmp T_26.21;
T_26.21 ;
    %pop/vec4 1;
    %load/vec4 v0xca0e60d20_0;
    %assign/vec4 v0xca0e67f20_0, 0;
    %load/vec4 v0xca0e60d20_0;
    %assign/vec4 v0xca0e67ca0_0, 0;
    %pushi/vec4 0, 0, 1;
    %assign/vec4 v0xca0e65400_0, 0;
    %pushi/vec4 0, 0, 1;
    %assign/vec4 v0xca0e65360_0, 0;
    %pushi/vec4 0, 0, 1;
    %assign/vec4 v0xca0e64fa0_0, 0;
    %pushi/vec4 0, 0, 1;
    %assign/vec4 v0xca0e65220_0, 0;
    %pushi/vec4 0, 0, 1;
    %assign/vec4 v0xca0e65180_0, 0;
    %pushi/vec4 0, 0, 1;
    %assign/vec4 v0xca0e650e0_0, 0;
    %load/vec4 v0xca0e61c20_0;
    %assign/vec4 v0xca0e652c0_0, 0;
    %load/vec4 v0xca0e60780_0;
    %assign/vec4 v0xca0e65040_0, 0;
    %load/vec4 v0xca0e61fe0_0;
    %flag_set/vec4 8;
    %jmp/0xz  T_26.27, 8;
    %load/vec4 v0xca0e64280_0;
    %assign/vec4 v0xca0e64320_0, 0;
    %load/vec4 v0xca0e60d20_0;
    %load/vec4 v0xca0e60780_0;
    %flag_set/vec4 8;
    %jmp/0 T_26.29, 8;
    %pushi/vec4 2, 0, 32;
    %jmp/1 T_26.30, 8;
T_26.29 ; End of true expr.
    %pushi/vec4 4, 0, 32;
    %jmp/0 T_26.30, 8;
 ; End of false expr.
    %blend;
T_26.30;
    %add;
    %assign/vec4 v0xca0e67ca0_0, 0;
    %load/vec4 v0xca0e608c0_0;
    %addi 1, 0, 64;
    %assign/vec4 v0xca0e608c0_0, 0;
    %load/vec4 v0xca0e62b20_0;
    %flag_set/vec4 8;
    %jmp/0xz  T_26.31, 8;
    %pushi/vec4 1, 0, 1;
    %assign/vec4 v0xca0e65860_0, 0;
    %load/vec4 v0xca0e60d20_0;
    %load/vec4 v0xca0e61b80_0;
    %add;
    %assign/vec4 v0xca0e67ca0_0, 0;
    %pushi/vec4 1, 0, 1;
    %assign/vec4 v0xca0e64fa0_0, 0;
    %jmp T_26.32;
T_26.31 ;
    %pushi/vec4 0, 0, 1;
    %assign/vec4 v0xca0e65860_0, 0;
    %load/vec4 v0xca0e62bc0_0;
    %nor/r;
    %flag_set/vec4 8;
    %flag_get/vec4 8;
    %jmp/0 T_26.33, 8;
    %load/vec4 v0xca0e63480_0;
    %nor/r;
    %and;
T_26.33;
    %assign/vec4 v0xca0e65720_0, 0;
    %pushi/vec4 32, 0, 8;
    %assign/vec4 v0xca0e60960_0, 0;
T_26.32 ;
T_26.27 ;
    %jmp T_26.15;
T_26.9 ;
    %pushi/vec4 4294967295, 4294967295, 32;
    %assign/vec4 v0xca0e67d40_0, 0;
    %pushi/vec4 4294967295, 4294967295, 32;
    %assign/vec4 v0xca0e67de0_0, 0;
    %pushi/vec4 1, 0, 1;
    %dup/vec4;
    %pushi/vec4 1, 0, 1;
    %flag_set/vec4 8;
    %flag_get/vec4 8;
    %jmp/0 T_26.48, 8;
    %load/vec4 v0xca0e63f20_0;
    %and;
T_26.48;
    %cmp/u;
    %jmp/1 T_26.34, 6;
    %dup/vec4;
    %pushi/vec4 1, 0, 1;
    %flag_set/vec4 8;
    %flag_get/vec4 8;
    %jmp/0 T_26.49, 8;
    %load/vec4 v0xca0e64b40_0;
    %and;
T_26.49;
    %cmp/u;
    %jmp/1 T_26.35, 6;
    %dup/vec4;
    %load/vec4 v0xca0e64a00_0;
    %cmp/u;
    %jmp/1 T_26.36, 6;
    %dup/vec4;
    %pushi/vec4 0, 0, 1;
    %cmp/u;
    %jmp/1 T_26.37, 6;
    %dup/vec4;
    %pushi/vec4 0, 0, 1;
    %cmp/u;
    %jmp/1 T_26.38, 6;
    %dup/vec4;
    %pushi/vec4 0, 0, 1;
    %cmp/u;
    %jmp/1 T_26.39, 6;
    %dup/vec4;
    %pushi/vec4 0, 0, 1;
    %cmp/u;
    %jmp/1 T_26.40, 6;
    %dup/vec4;
    %pushi/vec4 0, 0, 1;
    %cmp/u;
    %jmp/1 T_26.41, 6;
    %dup/vec4;
    %load/vec4 v0xca0e648c0_0;
    %flag_set/vec4 8;
    %flag_get/vec4 8;
    %jmp/0 T_26.50, 8;
    %load/vec4 v0xca0e63f20_0;
    %nor/r;
    %and;
T_26.50;
    %cmp/u;
    %jmp/1 T_26.42, 6;
    %dup/vec4;
    %load/vec4 v0xca0e64d20_0;
    %flag_set/vec4 8;
    %flag_get/vec4 8;
    %jmp/0 T_26.51, 8;
    %pushi/vec4 1, 0, 1;
    %and;
T_26.51;
    %cmp/u;
    %jmp/1 T_26.43, 6;
    %dup/vec4;
    %load/vec4 v0xca0e64820_0;
    %cmp/u;
    %jmp/1 T_26.44, 6;
    %dup/vec4;
    %load/vec4 v0xca0e64d20_0;
    %flag_set/vec4 8;
    %flag_get/vec4 8;
    %jmp/0 T_26.52, 8;
    %pushi/vec4 0, 0, 1;
    %and;
T_26.52;
    %cmp/u;
    %jmp/1 T_26.45, 6;
    %load/vec4 v0xca0e60aa0_0;
    %assign/vec4 v0xca0e67d40_0, 0;
    %load/vec4 v0xca0e60aa0_0;
    %assign/vec4 v0xca0e617c0_0, 0;
    %pushi/vec4 1, 0, 1;
    %assign/vec4 v0xca0e61860_0, 0;
    %load/vec4 v0xca0e60b40_0;
    %pad/u 5;
    %assign/vec4 v0xca0e68000_0, 0;
    %load/vec4 v0xca0e60b40_0;
    %assign/vec4 v0xca0e67de0_0, 0;
    %load/vec4 v0xca0e60b40_0;
    %assign/vec4 v0xca0e61900_0, 0;
    %pushi/vec4 1, 0, 1;
    %assign/vec4 v0xca0e619a0_0, 0;
    %pushi/vec4 1, 0, 1;
    %dup/vec4;
    %load/vec4 v0xca0e64be0_0;
    %cmp/u;
    %jmp/1 T_26.53, 6;
    %dup/vec4;
    %load/vec4 v0xca0e64c80_0;
    %flag_set/vec4 8;
    %flag_get/vec4 8;
    %jmp/0 T_26.57, 8;
    %pushi/vec4 1, 0, 1;
    %and;
T_26.57;
    %cmp/u;
    %jmp/1 T_26.54, 6;
    %load/vec4 v0xca0e65720_0;
    %assign/vec4 v0xca0e65860_0, 0;
    %pushi/vec4 8, 0, 8;
    %assign/vec4 v0xca0e60960_0, 0;
    %jmp T_26.56;
T_26.53 ;
    %pushi/vec4 2, 0, 8;
    %assign/vec4 v0xca0e60960_0, 0;
    %pushi/vec4 1, 0, 1;
    %assign/vec4 v0xca0e65860_0, 0;
    %jmp T_26.56;
T_26.54 ;
    %pushi/vec4 4, 0, 8;
    %assign/vec4 v0xca0e60960_0, 0;
    %jmp T_26.56;
T_26.56 ;
    %pop/vec4 1;
    %jmp T_26.47;
T_26.34 ;
    %pushi/vec4 128, 0, 8;
    %assign/vec4 v0xca0e60960_0, 0;
    %jmp T_26.47;
T_26.35 ;
    %pushi/vec4 1, 0, 1;
    %dup/vec4;
    %load/vec4 v0xca0e63200_0;
    %cmp/u;
    %jmp/1 T_26.58, 6;
    %dup/vec4;
    %load/vec4 v0xca0e632a0_0;
    %flag_set/vec4 8;
    %flag_get/vec4 8;
    %jmp/0 T_26.63, 8;
    %pushi/vec4 1, 0, 1;
    %and;
T_26.63;
    %cmp/u;
    %jmp/1 T_26.59, 6;
    %dup/vec4;
    %load/vec4 v0xca0e63340_0;
    %cmp/u;
    %jmp/1 T_26.60, 6;
    %dup/vec4;
    %load/vec4 v0xca0e633e0_0;
    %flag_set/vec4 8;
    %flag_get/vec4 8;
    %jmp/0 T_26.64, 8;
    %pushi/vec4 1, 0, 1;
    %and;
T_26.64;
    %cmp/u;
    %jmp/1 T_26.61, 6;
    %jmp T_26.62;
T_26.58 ;
    %load/vec4 v0xca0e60820_0;
    %parti/s 32, 0, 2;
    %assign/vec4 v0xca0e67e80_0, 0;
    %jmp T_26.62;
T_26.59 ;
    %load/vec4 v0xca0e60820_0;
    %parti/s 32, 32, 7;
    %assign/vec4 v0xca0e67e80_0, 0;
    %jmp T_26.62;
T_26.60 ;
    %load/vec4 v0xca0e608c0_0;
    %parti/s 32, 0, 2;
    %assign/vec4 v0xca0e67e80_0, 0;
    %jmp T_26.62;
T_26.61 ;
    %load/vec4 v0xca0e608c0_0;
    %parti/s 32, 32, 7;
    %assign/vec4 v0xca0e67e80_0, 0;
    %jmp T_26.62;
T_26.62 ;
    %pop/vec4 1;
    %pushi/vec4 1, 0, 1;
    %assign/vec4 v0xca0e65400_0, 0;
    %pushi/vec4 64, 0, 8;
    %assign/vec4 v0xca0e60960_0, 0;
    %jmp T_26.47;
T_26.36 ;
    %load/vec4 v0xca0e62ee0_0;
    %flag_set/vec4 8;
    %jmp/0 T_26.65, 8;
    %pushi/vec4 0, 0, 32;
    %jmp/1 T_26.66, 8;
T_26.65 ; End of true expr.
    %load/vec4 v0xca0e67f20_0;
    %jmp/0 T_26.66, 8;
 ; End of false expr.
    %blend;
T_26.66;
    %assign/vec4 v0xca0e67d40_0, 0;
    %load/vec4 v0xca0e61ae0_0;
    %assign/vec4 v0xca0e67de0_0, 0;
    %load/vec4 v0xca0e65720_0;
    %assign/vec4 v0xca0e65860_0, 0;
    %pushi/vec4 8, 0, 8;
    %assign/vec4 v0xca0e60960_0, 0;
    %jmp T_26.47;
T_26.37 ;
    %load/vec4 v0xca0e60aa0_0;
    %assign/vec4 v0xca0e67e80_0, 0;
    %load/vec4 v0xca0e60aa0_0;
    %assign/vec4 v0xca0e617c0_0, 0;
    %pushi/vec4 1, 0, 1;
    %assign/vec4 v0xca0e61860_0, 0;
    %pushi/vec4 1, 0, 1;
    %assign/vec4 v0xca0e65400_0, 0;
    %pushi/vec4 64, 0, 8;
    %assign/vec4 v0xca0e60960_0, 0;
    %jmp T_26.47;
T_26.38 ;
    %load/vec4 v0xca0e60aa0_0;
    %assign/vec4 v0xca0e67e80_0, 0;
    %load/vec4 v0xca0e60aa0_0;
    %assign/vec4 v0xca0e617c0_0, 0;
    %pushi/vec4 1, 0, 1;
    %assign/vec4 v0xca0e61860_0, 0;
    %load/vec4 v0xca0e652c0_0;
    %pad/u 32;
    %pushi/vec4 32, 0, 32;
    %or;
    %pad/u 5;
    %assign/vec4 v0xca0e652c0_0, 0;
    %pushi/vec4 1, 0, 1;
    %assign/vec4 v0xca0e65400_0, 0;
    %pushi/vec4 64, 0, 8;
    %assign/vec4 v0xca0e60960_0, 0;
    %jmp T_26.47;
T_26.39 ;
    %pushi/vec4 0, 0, 32;
    %assign/vec4 v0xca0e621c0_0, 0;
    %pushi/vec4 0, 0, 1;
    %assign/vec4 v0xca0e64280_0, 0;
    %pushi/vec4 1, 0, 1;
    %assign/vec4 v0xca0e64fa0_0, 0;
    %pushi/vec4 1, 0, 1;
    %assign/vec4 v0xca0e65400_0, 0;
    %load/vec4 v0xca0e60aa0_0;
    %pushi/vec4 4294967294, 0, 32;
    %and;
    %assign/vec4 v0xca0e67e80_0, 0;
    %load/vec4 v0xca0e60aa0_0;
    %assign/vec4 v0xca0e617c0_0, 0;
    %pushi/vec4 1, 0, 1;
    %assign/vec4 v0xca0e61860_0, 0;
    %pushi/vec4 64, 0, 8;
    %assign/vec4 v0xca0e60960_0, 0;
    %jmp T_26.47;
T_26.40 ;
    %pushi/vec4 1, 0, 1;
    %assign/vec4 v0xca0e65400_0, 0;
    %load/vec4 v0xca0e643c0_0;
    %assign/vec4 v0xca0e67e80_0, 0;
    %load/vec4 v0xca0e60aa0_0;
    %pushi/vec4 0, 0, 32;
    %or;
    %assign/vec4 v0xca0e643c0_0, 0;
    %load/vec4 v0xca0e60aa0_0;
    %assign/vec4 v0xca0e617c0_0, 0;
    %pushi/vec4 1, 0, 1;
    %assign/vec4 v0xca0e61860_0, 0;
    %pushi/vec4 64, 0, 8;
    %assign/vec4 v0xca0e60960_0, 0;
    %jmp T_26.47;
T_26.41 ;
    %pushi/vec4 1, 0, 1;
    %assign/vec4 v0xca0e65400_0, 0;
    %load/vec4 v0xca0e68320_0;
    %assign/vec4 v0xca0e67e80_0, 0;
    %load/vec4 v0xca0e60aa0_0;
    %assign/vec4 v0xca0e68320_0, 0;
    %load/vec4 v0xca0e60aa0_0;
    %assign/vec4 v0xca0e617c0_0, 0;
    %pushi/vec4 1, 0, 1;
    %assign/vec4 v0xca0e61860_0, 0;
    %pushi/vec4 64, 0, 8;
    %assign/vec4 v0xca0e60960_0, 0;
    %jmp T_26.47;
T_26.42 ;
    %load/vec4 v0xca0e60aa0_0;
    %assign/vec4 v0xca0e67d40_0, 0;
    %load/vec4 v0xca0e60aa0_0;
    %assign/vec4 v0xca0e617c0_0, 0;
    %pushi/vec4 1, 0, 1;
    %assign/vec4 v0xca0e61860_0, 0;
    %pushi/vec4 1, 0, 8;
    %assign/vec4 v0xca0e60960_0, 0;
    %pushi/vec4 1, 0, 1;
    %assign/vec4 v0xca0e65860_0, 0;
    %jmp T_26.47;
T_26.43 ;
    %load/vec4 v0xca0e60aa0_0;
    %assign/vec4 v0xca0e67d40_0, 0;
    %load/vec4 v0xca0e60aa0_0;
    %assign/vec4 v0xca0e617c0_0, 0;
    %pushi/vec4 1, 0, 1;
    %assign/vec4 v0xca0e61860_0, 0;
    %load/vec4 v0xca0e61e00_0;
    %assign/vec4 v0xca0e68000_0, 0;
    %pushi/vec4 4, 0, 8;
    %assign/vec4 v0xca0e60960_0, 0;
    %jmp T_26.47;
T_26.44 ;
    %load/vec4 v0xca0e60aa0_0;
    %assign/vec4 v0xca0e67d40_0, 0;
    %load/vec4 v0xca0e60aa0_0;
    %assign/vec4 v0xca0e617c0_0, 0;
    %pushi/vec4 1, 0, 1;
    %assign/vec4 v0xca0e61860_0, 0;
    %load/vec4 v0xca0e64d20_0;
    %flag_set/vec4 9;
    %flag_get/vec4 9;
    %jmp/0 T_26.69, 9;
    %pushi/vec4 0, 0, 1;
    %and;
T_26.69;
    %flag_set/vec4 8;
    %jmp/0 T_26.67, 8;
    %load/vec4 v0xca0e61e00_0;
    %pad/u 32;
    %jmp/1 T_26.68, 8;
T_26.67 ; End of true expr.
    %load/vec4 v0xca0e61ae0_0;
    %jmp/0 T_26.68, 8;
 ; End of false expr.
    %blend;
T_26.68;
    %assign/vec4 v0xca0e67de0_0, 0;
    %load/vec4 v0xca0e65720_0;
    %assign/vec4 v0xca0e65860_0, 0;
    %pushi/vec4 8, 0, 8;
    %assign/vec4 v0xca0e60960_0, 0;
    %jmp T_26.47;
T_26.45 ;
    %load/vec4 v0xca0e60aa0_0;
    %assign/vec4 v0xca0e67d40_0, 0;
    %load/vec4 v0xca0e60aa0_0;
    %assign/vec4 v0xca0e617c0_0, 0;
    %pushi/vec4 1, 0, 1;
    %assign/vec4 v0xca0e61860_0, 0;
    %load/vec4 v0xca0e64d20_0;
    %flag_set/vec4 9;
    %flag_get/vec4 9;
    %jmp/0 T_26.72, 9;
    %pushi/vec4 0, 0, 1;
    %and;
T_26.72;
    %flag_set/vec4 8;
    %jmp/0 T_26.70, 8;
    %load/vec4 v0xca0e61e00_0;
    %pad/u 32;
    %jmp/1 T_26.71, 8;
T_26.70 ; End of true expr.
    %load/vec4 v0xca0e61ae0_0;
    %jmp/0 T_26.71, 8;
 ; End of false expr.
    %blend;
T_26.71;
    %assign/vec4 v0xca0e67de0_0, 0;
    %load/vec4 v0xca0e65720_0;
    %assign/vec4 v0xca0e65860_0, 0;
    %pushi/vec4 8, 0, 8;
    %assign/vec4 v0xca0e60960_0, 0;
    %jmp T_26.47;
T_26.47 ;
    %pop/vec4 1;
    %jmp T_26.15;
T_26.10 ;
    %load/vec4 v0xca0e60b40_0;
    %pad/u 5;
    %assign/vec4 v0xca0e68000_0, 0;
    %load/vec4 v0xca0e60b40_0;
    %assign/vec4 v0xca0e67de0_0, 0;
    %load/vec4 v0xca0e60b40_0;
    %assign/vec4 v0xca0e61900_0, 0;
    %pushi/vec4 1, 0, 1;
    %assign/vec4 v0xca0e619a0_0, 0;
    %pushi/vec4 1, 0, 1;
    %dup/vec4;
    %pushi/vec4 0, 0, 1;
    %cmp/u;
    %jmp/1 T_26.73, 6;
    %dup/vec4;
    %load/vec4 v0xca0e64be0_0;
    %cmp/u;
    %jmp/1 T_26.74, 6;
    %dup/vec4;
    %load/vec4 v0xca0e64c80_0;
    %flag_set/vec4 8;
    %flag_get/vec4 8;
    %jmp/0 T_26.78, 8;
    %pushi/vec4 1, 0, 1;
    %and;
T_26.78;
    %cmp/u;
    %jmp/1 T_26.75, 6;
    %load/vec4 v0xca0e65720_0;
    %assign/vec4 v0xca0e65860_0, 0;
    %pushi/vec4 8, 0, 8;
    %assign/vec4 v0xca0e60960_0, 0;
    %jmp T_26.77;
T_26.73 ;
    %pushi/vec4 1, 0, 1;
    %assign/vec4 v0xca0e67660_0, 0;
    %load/vec4 v0xca0e66ee0_0;
    %flag_set/vec4 8;
    %jmp/0xz  T_26.79, 8;
    %pushi/vec4 1, 0, 1;
    %assign/vec4 v0xca0e65860_0, 0;
    %pushi/vec4 0, 0, 1;
    %assign/vec4 v0xca0e67660_0, 0;
    %load/vec4 v0xca0e66e40_0;
    %assign/vec4 v0xca0e67e80_0, 0;
    %load/vec4 v0xca0e67020_0;
    %assign/vec4 v0xca0e65400_0, 0;
    %pushi/vec4 64, 0, 8;
    %assign/vec4 v0xca0e60960_0, 0;
    %jmp T_26.80;
T_26.79 ;
    %pushi/vec4 1, 0, 1;
    %flag_set/vec4 9;
    %flag_get/vec4 9;
    %jmp/0 T_26.83, 9;
    %load/vec4 v0xca0e675c0_0;
    %flag_set/vec4 9;
    %flag_get/vec4 9;
    %jmp/1 T_26.84, 9;
    %load/vec4 v0xca0e62940_0;
    %or;
T_26.84;
    %and;
T_26.83;
    %flag_set/vec4 8;
    %jmp/0xz  T_26.81, 8;
    %pushi/vec4 0, 0, 1;
    %assign/vec4 v0xca0e67660_0, 0;
    %pushi/vec4 128, 0, 8;
    %assign/vec4 v0xca0e60960_0, 0;
T_26.81 ;
T_26.80 ;
    %jmp T_26.77;
T_26.74 ;
    %pushi/vec4 2, 0, 8;
    %assign/vec4 v0xca0e60960_0, 0;
    %pushi/vec4 1, 0, 1;
    %assign/vec4 v0xca0e65860_0, 0;
    %jmp T_26.77;
T_26.75 ;
    %pushi/vec4 4, 0, 8;
    %assign/vec4 v0xca0e60960_0, 0;
    %jmp T_26.77;
T_26.77 ;
    %pop/vec4 1;
    %jmp T_26.15;
T_26.11 ;
    %load/vec4 v0xca0e67f20_0;
    %load/vec4 v0xca0e61ae0_0;
    %add;
    %assign/vec4 v0xca0e67e80_0, 0;
    %load/vec4 v0xca0e646e0_0;
    %flag_set/vec4 8;
    %jmp/0xz  T_26.85, 8;
    %pushi/vec4 0, 0, 5;
    %assign/vec4 v0xca0e652c0_0, 0;
    %load/vec4 v0xca0e33d40_0;
    %assign/vec4 v0xca0e65400_0, 0;
    %load/vec4 v0xca0e33d40_0;
    %assign/vec4 v0xca0e64fa0_0, 0;
    %load/vec4 v0xca0e659a0_0;
    %flag_set/vec4 8;
    %jmp/0xz  T_26.87, 8;
    %pushi/vec4 64, 0, 8;
    %assign/vec4 v0xca0e60960_0, 0;
T_26.87 ;
    %load/vec4 v0xca0e33d40_0;
    %flag_set/vec4 8;
    %jmp/0xz  T_26.89, 8;
    %pushi/vec4 0, 0, 1;
    %assign/vec4 v0xca0e61fe0_0, 0;
    %pushi/vec4 1, 0, 1;
    %store/vec4 v0xca0e681e0_0, 0, 1;
T_26.89 ;
    %jmp T_26.86;
T_26.85 ;
    %load/vec4 v0xca0e62bc0_0;
    %assign/vec4 v0xca0e64fa0_0, 0;
    %pushi/vec4 1, 0, 1;
    %assign/vec4 v0xca0e65400_0, 0;
    %pushi/vec4 1, 0, 1;
    %assign/vec4 v0xca0e65360_0, 0;
    %pushi/vec4 64, 0, 8;
    %assign/vec4 v0xca0e60960_0, 0;
T_26.86 ;
    %jmp T_26.15;
T_26.12 ;
    %pushi/vec4 1, 0, 1;
    %assign/vec4 v0xca0e65400_0, 0;
    %load/vec4 v0xca0e68000_0;
    %pad/u 32;
    %cmpi/e 0, 0, 32;
    %jmp/0xz  T_26.91, 4;
    %load/vec4 v0xca0e67d40_0;
    %assign/vec4 v0xca0e67e80_0, 0;
    %load/vec4 v0xca0e65720_0;
    %assign/vec4 v0xca0e65860_0, 0;
    %pushi/vec4 64, 0, 8;
    %assign/vec4 v0xca0e60960_0, 0;
    %jmp T_26.92;
T_26.91 ;
    %pushi/vec4 1, 0, 1;
    %flag_set/vec4 9;
    %flag_get/vec4 9;
    %jmp/0 T_26.95, 9;
    %pushi/vec4 4, 0, 32;
    %load/vec4 v0xca0e68000_0;
    %pad/u 32;
    %cmp/u;
    %flag_get/vec4 4;
    %flag_get/vec4 5;
    %or;
    %and;
T_26.95;
    %flag_set/vec4 8;
    %jmp/0xz  T_26.93, 8;
    %pushi/vec4 1, 0, 1;
    %dup/vec4;
    %load/vec4 v0xca0e637a0_0;
    %flag_set/vec4 8;
    %flag_get/vec4 8;
    %jmp/1 T_26.100, 8;
    %load/vec4 v0xca0e63700_0;
    %or;
T_26.100;
    %cmp/u;
    %jmp/1 T_26.96, 6;
    %dup/vec4;
    %load/vec4 v0xca0e63ca0_0;
    %flag_set/vec4 8;
    %flag_get/vec4 8;
    %jmp/1 T_26.101, 8;
    %load/vec4 v0xca0e63c00_0;
    %or;
T_26.101;
    %cmp/u;
    %jmp/1 T_26.97, 6;
    %dup/vec4;
    %load/vec4 v0xca0e63b60_0;
    %flag_set/vec4 8;
    %flag_get/vec4 8;
    %jmp/1 T_26.102, 8;
    %load/vec4 v0xca0e63ac0_0;
    %or;
T_26.102;
    %cmp/u;
    %jmp/1 T_26.98, 6;
    %jmp T_26.99;
T_26.96 ;
    %load/vec4 v0xca0e67d40_0;
    %ix/load 4, 4, 0;
    %flag_set/imm 4, 0;
    %shiftl 4;
    %assign/vec4 v0xca0e67d40_0, 0;
    %jmp T_26.99;
T_26.97 ;
    %load/vec4 v0xca0e67d40_0;
    %ix/load 4, 4, 0;
    %flag_set/imm 4, 0;
    %shiftr 4;
    %assign/vec4 v0xca0e67d40_0, 0;
    %jmp T_26.99;
T_26.98 ;
    %load/vec4 v0xca0e67d40_0;
    %ix/load 4, 4, 0;
    %flag_set/imm 4, 0;
    %shiftr/s 4;
    %assign/vec4 v0xca0e67d40_0, 0;
    %jmp T_26.99;
T_26.99 ;
    %pop/vec4 1;
    %load/vec4 v0xca0e68000_0;
    %subi 4, 0, 5;
    %assign/vec4 v0xca0e68000_0, 0;
    %jmp T_26.94;
T_26.93 ;
    %pushi/vec4 1, 0, 1;
    %dup/vec4;
    %load/vec4 v0xca0e637a0_0;
    %flag_set/vec4 8;
    %flag_get/vec4 8;
    %jmp/1 T_26.107, 8;
    %load/vec4 v0xca0e63700_0;
    %or;
T_26.107;
    %cmp/u;
    %jmp/1 T_26.103, 6;
    %dup/vec4;
    %load/vec4 v0xca0e63ca0_0;
    %flag_set/vec4 8;
    %flag_get/vec4 8;
    %jmp/1 T_26.108, 8;
    %load/vec4 v0xca0e63c00_0;
    %or;
T_26.108;
    %cmp/u;
    %jmp/1 T_26.104, 6;
    %dup/vec4;
    %load/vec4 v0xca0e63b60_0;
    %flag_set/vec4 8;
    %flag_get/vec4 8;
    %jmp/1 T_26.109, 8;
    %load/vec4 v0xca0e63ac0_0;
    %or;
T_26.109;
    %cmp/u;
    %jmp/1 T_26.105, 6;
    %jmp T_26.106;
T_26.103 ;
    %load/vec4 v0xca0e67d40_0;
    %ix/load 4, 1, 0;
    %flag_set/imm 4, 0;
    %shiftl 4;
    %assign/vec4 v0xca0e67d40_0, 0;
    %jmp T_26.106;
T_26.104 ;
    %load/vec4 v0xca0e67d40_0;
    %ix/load 4, 1, 0;
    %flag_set/imm 4, 0;
    %shiftr 4;
    %assign/vec4 v0xca0e67d40_0, 0;
    %jmp T_26.106;
T_26.105 ;
    %load/vec4 v0xca0e67d40_0;
    %ix/load 4, 1, 0;
    %flag_set/imm 4, 0;
    %shiftr/s 4;
    %assign/vec4 v0xca0e67d40_0, 0;
    %jmp T_26.106;
T_26.106 ;
    %pop/vec4 1;
    %load/vec4 v0xca0e68000_0;
    %subi 1, 0, 5;
    %assign/vec4 v0xca0e68000_0, 0;
T_26.94 ;
T_26.92 ;
    %jmp T_26.15;
T_26.13 ;
    %load/vec4 v0xca0e65720_0;
    %nor/r;
    %flag_set/vec4 8;
    %jmp/1 T_26.112, 8;
    %load/vec4 v0xca0e659a0_0;
    %flag_set/vec4 9;
    %flag_or 8, 9;
T_26.112;
    %jmp/0xz  T_26.110, 8;
    %load/vec4 v0xca0e65900_0;
    %nor/r;
    %flag_set/vec4 8;
    %jmp/0xz  T_26.113, 8;
    %pushi/vec4 1, 0, 1;
    %dup/vec4;
    %load/vec4 v0xca0e63520_0;
    %cmp/u;
    %jmp/1 T_26.115, 6;
    %dup/vec4;
    %load/vec4 v0xca0e63660_0;
    %cmp/u;
    %jmp/1 T_26.116, 6;
    %dup/vec4;
    %load/vec4 v0xca0e63de0_0;
    %cmp/u;
    %jmp/1 T_26.117, 6;
    %jmp T_26.118;
T_26.115 ;
    %pushi/vec4 2, 0, 2;
    %assign/vec4 v0xca0e666c0_0, 0;
    %jmp T_26.118;
T_26.116 ;
    %pushi/vec4 1, 0, 2;
    %assign/vec4 v0xca0e666c0_0, 0;
    %jmp T_26.118;
T_26.117 ;
    %pushi/vec4 0, 0, 2;
    %assign/vec4 v0xca0e666c0_0, 0;
    %jmp T_26.118;
T_26.118 ;
    %pop/vec4 1;
    %load/vec4 v0xca0e67d40_0;
    %load/vec4 v0xca0e61ae0_0;
    %add;
    %assign/vec4 v0xca0e67d40_0, 0;
    %pushi/vec4 1, 0, 1;
    %store/vec4 v0xca0e68280_0, 0, 1;
T_26.113 ;
    %load/vec4 v0xca0e65720_0;
    %nor/r;
    %flag_set/vec4 9;
    %flag_get/vec4 9;
    %jmp/0 T_26.121, 9;
    %load/vec4 v0xca0e659a0_0;
    %and;
T_26.121;
    %flag_set/vec4 8;
    %jmp/0xz  T_26.119, 8;
    %pushi/vec4 64, 0, 8;
    %assign/vec4 v0xca0e60960_0, 0;
    %pushi/vec4 1, 0, 1;
    %assign/vec4 v0xca0e61fe0_0, 0;
    %pushi/vec4 1, 0, 1;
    %assign/vec4 v0xca0e61ea0_0, 0;
T_26.119 ;
T_26.110 ;
    %jmp T_26.15;
T_26.14 ;
    %pushi/vec4 1, 0, 1;
    %assign/vec4 v0xca0e65400_0, 0;
    %load/vec4 v0xca0e65720_0;
    %nor/r;
    %flag_set/vec4 8;
    %jmp/1 T_26.124, 8;
    %load/vec4 v0xca0e659a0_0;
    %flag_set/vec4 9;
    %flag_or 8, 9;
T_26.124;
    %jmp/0xz  T_26.122, 8;
    %load/vec4 v0xca0e657c0_0;
    %nor/r;
    %flag_set/vec4 8;
    %jmp/0xz  T_26.125, 8;
    %pushi/vec4 1, 0, 1;
    %dup/vec4;
    %load/vec4 v0xca0e62c60_0;
    %flag_set/vec4 8;
    %flag_get/vec4 8;
    %jmp/1 T_26.131, 8;
    %load/vec4 v0xca0e62d00_0;
    %or;
T_26.131;
    %cmp/u;
    %jmp/1 T_26.127, 6;
    %dup/vec4;
    %load/vec4 v0xca0e62da0_0;
    %flag_set/vec4 8;
    %flag_get/vec4 8;
    %jmp/1 T_26.132, 8;
    %load/vec4 v0xca0e62e40_0;
    %or;
T_26.132;
    %cmp/u;
    %jmp/1 T_26.128, 6;
    %dup/vec4;
    %load/vec4 v0xca0e62f80_0;
    %cmp/u;
    %jmp/1 T_26.129, 6;
    %jmp T_26.130;
T_26.127 ;
    %pushi/vec4 2, 0, 2;
    %assign/vec4 v0xca0e666c0_0, 0;
    %jmp T_26.130;
T_26.128 ;
    %pushi/vec4 1, 0, 2;
    %assign/vec4 v0xca0e666c0_0, 0;
    %jmp T_26.130;
T_26.129 ;
    %pushi/vec4 0, 0, 2;
    %assign/vec4 v0xca0e666c0_0, 0;
    %jmp T_26.130;
T_26.130 ;
    %pop/vec4 1;
    %load/vec4 v0xca0e64960_0;
    %assign/vec4 v0xca0e65220_0, 0;
    %load/vec4 v0xca0e62da0_0;
    %assign/vec4 v0xca0e65180_0, 0;
    %load/vec4 v0xca0e62c60_0;
    %assign/vec4 v0xca0e650e0_0, 0;
    %load/vec4 v0xca0e67d40_0;
    %load/vec4 v0xca0e61ae0_0;
    %add;
    %assign/vec4 v0xca0e67d40_0, 0;
    %pushi/vec4 1, 0, 1;
    %store/vec4 v0xca0e68140_0, 0, 1;
T_26.125 ;
    %load/vec4 v0xca0e65720_0;
    %nor/r;
    %flag_set/vec4 9;
    %flag_get/vec4 9;
    %jmp/0 T_26.135, 9;
    %load/vec4 v0xca0e659a0_0;
    %and;
T_26.135;
    %flag_set/vec4 8;
    %jmp/0xz  T_26.133, 8;
    %pushi/vec4 1, 0, 1;
    %dup/vec4;
    %load/vec4 v0xca0e65220_0;
    %cmp/u;
    %jmp/1 T_26.136, 6;
    %dup/vec4;
    %load/vec4 v0xca0e65180_0;
    %cmp/u;
    %jmp/1 T_26.137, 6;
    %dup/vec4;
    %load/vec4 v0xca0e650e0_0;
    %cmp/u;
    %jmp/1 T_26.138, 6;
    %jmp T_26.139;
T_26.136 ;
    %load/vec4 v0xca0e663a0_0;
    %assign/vec4 v0xca0e67e80_0, 0;
    %jmp T_26.139;
T_26.137 ;
    %load/vec4 v0xca0e663a0_0;
    %parti/s 16, 0, 2;
    %pad/s 32;
    %assign/vec4 v0xca0e67e80_0, 0;
    %jmp T_26.139;
T_26.138 ;
    %load/vec4 v0xca0e663a0_0;
    %parti/s 8, 0, 2;
    %pad/s 32;
    %assign/vec4 v0xca0e67e80_0, 0;
    %jmp T_26.139;
T_26.139 ;
    %pop/vec4 1;
    %pushi/vec4 1, 0, 1;
    %assign/vec4 v0xca0e61fe0_0, 0;
    %pushi/vec4 1, 0, 1;
    %assign/vec4 v0xca0e61ea0_0, 0;
    %pushi/vec4 64, 0, 8;
    %assign/vec4 v0xca0e60960_0, 0;
T_26.133 ;
T_26.122 ;
    %jmp T_26.15;
T_26.15 ;
    %pop/vec4 1;
T_26.6 ;
    %pushi/vec4 1, 0, 1;
    %flag_set/vec4 10;
    %flag_get/vec4 10;
    %jmp/0 T_26.143, 10;
    %load/vec4 v0xca0e680a0_0;
    %and;
T_26.143;
    %flag_set/vec4 9;
    %flag_get/vec4 9;
    %jmp/0 T_26.142, 9;
    %load/vec4 v0xca0e657c0_0;
    %flag_set/vec4 9;
    %flag_get/vec4 9;
    %jmp/1 T_26.144, 9;
    %load/vec4 v0xca0e65900_0;
    %or;
T_26.144;
    %and;
T_26.142;
    %flag_set/vec4 8;
    %jmp/0xz  T_26.140, 8;
    %load/vec4 v0xca0e666c0_0;
    %pad/u 32;
    %cmpi/e 0, 0, 32;
    %flag_get/vec4 4;
    %jmp/0 T_26.147, 4;
    %load/vec4 v0xca0e67d40_0;
    %parti/s 2, 0, 2;
    %pad/u 32;
    %pushi/vec4 0, 0, 32;
    %cmp/ne;
    %flag_get/vec4 4;
    %and;
T_26.147;
    %flag_set/vec4 8;
    %jmp/0xz  T_26.145, 8;
    %pushi/vec4 128, 0, 8;
    %assign/vec4 v0xca0e60960_0, 0;
T_26.145 ;
    %load/vec4 v0xca0e666c0_0;
    %pad/u 32;
    %cmpi/e 1, 0, 32;
    %flag_get/vec4 4;
    %jmp/0 T_26.150, 4;
    %load/vec4 v0xca0e67d40_0;
    %parti/s 1, 0, 2;
    %pad/u 32;
    %pushi/vec4 0, 0, 32;
    %cmp/ne;
    %flag_get/vec4 4;
    %and;
T_26.150;
    %flag_set/vec4 8;
    %jmp/0xz  T_26.148, 8;
    %pushi/vec4 128, 0, 8;
    %assign/vec4 v0xca0e60960_0, 0;
T_26.148 ;
T_26.140 ;
    %pushi/vec4 1, 0, 1;
    %flag_set/vec4 11;
    %flag_get/vec4 11;
    %jmp/0 T_26.155, 11;
    %load/vec4 v0xca0e680a0_0;
    %and;
T_26.155;
    %flag_set/vec4 10;
    %flag_get/vec4 10;
    %jmp/0 T_26.154, 10;
    %load/vec4 v0xca0e65860_0;
    %and;
T_26.154;
    %flag_set/vec4 9;
    %flag_get/vec4 9;
    %jmp/0 T_26.153, 9;
    %load/vec4 v0xca0e67f20_0;
    %parti/s 2, 0, 2;
    %or/r;
    %and;
T_26.153;
    %flag_set/vec4 8;
    %jmp/0xz  T_26.151, 8;
    %pushi/vec4 128, 0, 8;
    %assign/vec4 v0xca0e60960_0, 0;
T_26.151 ;
    %load/vec4 v0xca0e680a0_0;
    %nor/r;
    %flag_set/vec4 8;
    %jmp/1 T_26.158, 8;
    %load/vec4 v0xca0e659a0_0;
    %flag_set/vec4 9;
    %flag_or 8, 9;
T_26.158;
    %jmp/0xz  T_26.156, 8;
    %pushi/vec4 0, 0, 1;
    %assign/vec4 v0xca0e65720_0, 0;
    %pushi/vec4 0, 0, 1;
    %assign/vec4 v0xca0e65860_0, 0;
    %pushi/vec4 0, 0, 1;
    %assign/vec4 v0xca0e657c0_0, 0;
    %pushi/vec4 0, 0, 1;
    %assign/vec4 v0xca0e65900_0, 0;
T_26.156 ;
    %load/vec4 v0xca0e681e0_0;
    %flag_set/vec4 8;
    %jmp/0xz  T_26.159, 8;
    %pushi/vec4 1, 0, 1;
    %assign/vec4 v0xca0e65860_0, 0;
T_26.159 ;
    %load/vec4 v0xca0e68140_0;
    %flag_set/vec4 8;
    %jmp/0xz  T_26.161, 8;
    %pushi/vec4 1, 0, 1;
    %assign/vec4 v0xca0e657c0_0, 0;
T_26.161 ;
    %load/vec4 v0xca0e68280_0;
    %flag_set/vec4 8;
    %jmp/0xz  T_26.163, 8;
    %pushi/vec4 1, 0, 1;
    %assign/vec4 v0xca0e65900_0, 0;
T_26.163 ;
    %load/vec4 v0xca0e669e0_0;
    %pushi/vec4 4294967295, 0, 32;
    %and;
    %assign/vec4 v0xca0e64460_0, 0;
    %pushi/vec4 4294967295, 4294967295, 32;
    %store/vec4 v0xca0e60d20_0, 0, 32;
    %jmp T_26;
    .thread T_26;
    .scope S_0x10382e260;
T_27 ;
    %wait E_0xca11a92c0;
    %load/vec4 v0xca0e6a940_0;
    %flag_set/vec4 8;
    %jmp/0xz  T_27.0, 8;
    %load/vec4 v0xca0e6a8a0_0;
    %load/vec4 v0xca0e6a800_0;
    %parti/s 5, 0, 2;
    %inv;
    %pad/u 7;
    %ix/vec4 3;
    %ix/load 4, 0, 0; Constant delay
    %assign/vec4/a/d v0xca0e6a760, 0, 4;
T_27.0 ;
    %jmp T_27;
    .thread T_27;
    .scope S_0xca0e5ca80;
T_28 ;
    %wait E_0xca11a95c0;
    %load/vec4 v0xca0e7cbe0_0;
    %flag_set/vec4 8;
    %jmp/0 T_28.0, 8;
    %load/vec4 v0xca0e80be0_0;
    %load/vec4 v0xca0e80c80_0;
    %sub;
    %jmp/1 T_28.1, 8;
T_28.0 ; End of true expr.
    %load/vec4 v0xca0e80be0_0;
    %load/vec4 v0xca0e80c80_0;
    %add;
    %jmp/0 T_28.1, 8;
 ; End of false expr.
    %blend;
T_28.1;
    %store/vec4 v0xca0e748c0_0, 0, 32;
    %load/vec4 v0xca0e80be0_0;
    %load/vec4 v0xca0e80c80_0;
    %cmp/e;
    %flag_get/vec4 4;
    %store/vec4 v0xca0e74960_0, 0, 1;
    %load/vec4 v0xca0e80be0_0;
    %load/vec4 v0xca0e80c80_0;
    %cmp/s;
    %flag_get/vec4 5;
    %store/vec4 v0xca0e74a00_0, 0, 1;
    %load/vec4 v0xca0e80be0_0;
    %load/vec4 v0xca0e80c80_0;
    %cmp/u;
    %flag_get/vec4 5;
    %store/vec4 v0xca0e74aa0_0, 0, 1;
    %load/vec4 v0xca0e80be0_0;
    %load/vec4 v0xca0e80c80_0;
    %parti/s 5, 0, 2;
    %ix/vec4 4;
    %shiftl 4;
    %store/vec4 v0xca0e74dc0_0, 0, 32;
    %load/vec4 v0xca0e7c960_0;
    %flag_set/vec4 8;
    %jmp/1 T_28.4, 8;
    %load/vec4 v0xca0e7ca00_0;
    %flag_set/vec4 9;
    %flag_or 8, 9;
T_28.4;
    %jmp/0 T_28.2, 8;
    %load/vec4 v0xca0e80be0_0;
    %parti/s 1, 31, 6;
    %jmp/1 T_28.3, 8;
T_28.2 ; End of true expr.
    %pushi/vec4 0, 0, 1;
    %jmp/0 T_28.3, 8;
 ; End of false expr.
    %blend;
T_28.3;
    %load/vec4 v0xca0e80be0_0;
    %concat/vec4; draw_concat_vec4
    %load/vec4 v0xca0e80c80_0;
    %parti/s 5, 0, 2;
    %ix/vec4 4;
    %shiftr/s 4;
    %pad/s 32;
    %store/vec4 v0xca0e74e60_0, 0, 32;
    %jmp T_28;
    .thread T_28, $push;
    .scope S_0xca0e5c300;
T_29 ;
    %end;
    .thread T_29;
    .scope S_0xca0e5c300;
T_30 ;
    %wait E_0xca11a9580;
    %pushi/vec4 0, 0, 1;
    %store/vec4 v0xca0e7fe80_0, 0, 1;
    %pushi/vec4 4294967295, 4294967295, 32;
    %store/vec4 v0xca0e7fca0_0, 0, 32;
    %pushi/vec4 0, 0, 1;
    %store/vec4 v0xca0e7fde0_0, 0, 1;
    %pushi/vec4 0, 0, 1;
    %store/vec4 v0xca0e7fd40_0, 0, 1;
    %pushi/vec4 1, 0, 1;
    %dup/vec4;
    %pushi/vec4 0, 0, 1;
    %cmp/u;
    %jmp/1 T_30.0, 6;
    %dup/vec4;
    %pushi/vec4 0, 0, 1;
    %cmp/u;
    %jmp/1 T_30.1, 6;
    %dup/vec4;
    %pushi/vec4 0, 0, 1;
    %cmp/u;
    %jmp/1 T_30.2, 6;
    %jmp T_30.3;
T_30.0 ;
    %pushi/vec4 0, 0, 1;
    %store/vec4 v0xca0e7fe80_0, 0, 1;
    %pushi/vec4 0, 0, 32;
    %store/vec4 v0xca0e7fca0_0, 0, 32;
    %jmp T_30.3;
T_30.1 ;
    %load/vec4 v0xca0e80140_0;
    %store/vec4 v0xca0e7fe80_0, 0, 1;
    %load/vec4 v0xca0e7ff20_0;
    %store/vec4 v0xca0e7fca0_0, 0, 32;
    %jmp T_30.3;
T_30.2 ;
    %load/vec4 v0xca0e7fb60_0;
    %store/vec4 v0xca0e7fe80_0, 0, 1;
    %load/vec4 v0xca0e7f980_0;
    %store/vec4 v0xca0e7fca0_0, 0, 32;
    %jmp T_30.3;
T_30.3 ;
    %pop/vec4 1;
    %jmp T_30;
    .thread T_30, $push;
    .scope S_0xca0e5c300;
T_31 ;
    %wait E_0xca11a9340;
    %load/vec4 v0xca0e80f00_0;
    %nor/r;
    %flag_set/vec4 8;
    %jmp/0xz  T_31.0, 8;
    %pushi/vec4 0, 0, 1;
    %assign/vec4 v0xca0e7ea80_0, 0;
    %pushi/vec4 0, 0, 1;
    %assign/vec4 v0xca0e7dd60_0, 0;
    %jmp T_31.1;
T_31.0 ;
    %load/vec4 v0xca0e7dd60_0;
    %nor/r;
    %flag_set/vec4 8;
    %jmp/0xz  T_31.2, 8;
    %load/vec4 v0xca0e7e9e0_0;
    %assign/vec4 v0xca0e7ea80_0, 0;
T_31.2 ;
    %load/vec4 v0xca0e7f3e0_0;
    %flag_set/vec4 8;
    %flag_get/vec4 8;
    %jmp/0 T_31.4, 8;
    %load/vec4 v0xca0e7f2a0_0;
    %nor/r;
    %and;
T_31.4;
    %assign/vec4 v0xca0e7dd60_0, 0;
T_31.1 ;
    %jmp T_31;
    .thread T_31;
    .scope S_0xca0e5c300;
T_32 ;
    %wait E_0xca11a9540;
    %load/vec4 v0xca0e7f520_0;
    %dup/vec4;
    %pushi/vec4 0, 0, 2;
    %cmp/u;
    %jmp/1 T_32.0, 6;
    %dup/vec4;
    %pushi/vec4 1, 0, 2;
    %cmp/u;
    %jmp/1 T_32.1, 6;
    %dup/vec4;
    %pushi/vec4 2, 0, 2;
    %cmp/u;
    %jmp/1 T_32.2, 6;
    %jmp T_32.3;
T_32.0 ;
    %load/vec4 v0xca0e80c80_0;
    %store/vec4 v0xca0e7eda0_0, 0, 32;
    %pushi/vec4 15, 0, 4;
    %store/vec4 v0xca0e7eee0_0, 0, 4;
    %load/vec4 v0xca0e7ef80_0;
    %store/vec4 v0xca0e7f200_0, 0, 32;
    %jmp T_32.3;
T_32.1 ;
    %load/vec4 v0xca0e80c80_0;
    %parti/s 16, 0, 2;
    %replicate 2;
    %store/vec4 v0xca0e7eda0_0, 0, 32;
    %load/vec4 v0xca0e80be0_0;
    %parti/s 1, 1, 2;
    %flag_set/vec4 8;
    %jmp/0 T_32.4, 8;
    %pushi/vec4 12, 0, 4;
    %jmp/1 T_32.5, 8;
T_32.4 ; End of true expr.
    %pushi/vec4 3, 0, 4;
    %jmp/0 T_32.5, 8;
 ; End of false expr.
    %blend;
T_32.5;
    %store/vec4 v0xca0e7eee0_0, 0, 4;
    %load/vec4 v0xca0e80be0_0;
    %parti/s 1, 1, 2;
    %dup/vec4;
    %pushi/vec4 0, 0, 1;
    %cmp/u;
    %jmp/1 T_32.6, 6;
    %dup/vec4;
    %pushi/vec4 1, 0, 1;
    %cmp/u;
    %jmp/1 T_32.7, 6;
    %jmp T_32.8;
T_32.6 ;
    %pushi/vec4 0, 0, 16;
    %load/vec4 v0xca0e7ef80_0;
    %parti/s 16, 0, 2;
    %concat/vec4; draw_concat_vec4
    %store/vec4 v0xca0e7f200_0, 0, 32;
    %jmp T_32.8;
T_32.7 ;
    %pushi/vec4 0, 0, 16;
    %load/vec4 v0xca0e7ef80_0;
    %parti/s 16, 16, 6;
    %concat/vec4; draw_concat_vec4
    %store/vec4 v0xca0e7f200_0, 0, 32;
    %jmp T_32.8;
T_32.8 ;
    %pop/vec4 1;
    %jmp T_32.3;
T_32.2 ;
    %load/vec4 v0xca0e80c80_0;
    %parti/s 8, 0, 2;
    %replicate 4;
    %store/vec4 v0xca0e7eda0_0, 0, 32;
    %pushi/vec4 1, 0, 4;
    %load/vec4 v0xca0e80be0_0;
    %parti/s 2, 0, 2;
    %ix/vec4 4;
    %shiftl 4;
    %store/vec4 v0xca0e7eee0_0, 0, 4;
    %load/vec4 v0xca0e80be0_0;
    %parti/s 2, 0, 2;
    %dup/vec4;
    %pushi/vec4 0, 0, 2;
    %cmp/u;
    %jmp/1 T_32.9, 6;
    %dup/vec4;
    %pushi/vec4 1, 0, 2;
    %cmp/u;
    %jmp/1 T_32.10, 6;
    %dup/vec4;
    %pushi/vec4 2, 0, 2;
    %cmp/u;
    %jmp/1 T_32.11, 6;
    %dup/vec4;
    %pushi/vec4 3, 0, 2;
    %cmp/u;
    %jmp/1 T_32.12, 6;
    %jmp T_32.13;
T_32.9 ;
    %pushi/vec4 0, 0, 24;
    %load/vec4 v0xca0e7ef80_0;
    %parti/s 8, 0, 2;
    %concat/vec4; draw_concat_vec4
    %store/vec4 v0xca0e7f200_0, 0, 32;
    %jmp T_32.13;
T_32.10 ;
    %pushi/vec4 0, 0, 24;
    %load/vec4 v0xca0e7ef80_0;
    %parti/s 8, 8, 5;
    %concat/vec4; draw_concat_vec4
    %store/vec4 v0xca0e7f200_0, 0, 32;
    %jmp T_32.13;
T_32.11 ;
    %pushi/vec4 0, 0, 24;
    %load/vec4 v0xca0e7ef80_0;
    %parti/s 8, 16, 6;
    %concat/vec4; draw_concat_vec4
    %store/vec4 v0xca0e7f200_0, 0, 32;
    %jmp T_32.13;
T_32.12 ;
    %pushi/vec4 0, 0, 24;
    %load/vec4 v0xca0e7ef80_0;
    %parti/s 8, 24, 6;
    %concat/vec4; draw_concat_vec4
    %store/vec4 v0xca0e7f200_0, 0, 32;
    %jmp T_32.13;
T_32.13 ;
    %pop/vec4 1;
    %jmp T_32.3;
T_32.3 ;
    %pop/vec4 1;
    %jmp T_32;
    .thread T_32, $push;
    .scope S_0xca0e5c300;
T_33 ;
    %wait E_0xca11a9340;
    %load/vec4 v0xca0e7f660_0;
    %flag_set/vec4 8;
    %jmp/0xz  T_33.0, 8;
    %load/vec4 v0xca0e7ef80_0;
    %assign/vec4 v0xca0e7f160_0, 0;
    %load/vec4 v0xca0e7ef80_0;
    %assign/vec4 v0xca0e7f7a0_0, 0;
T_33.0 ;
    %jmp T_33;
    .thread T_33;
    .scope S_0xca0e5c300;
T_34 ;
    %wait E_0xca11a9340;
    %load/vec4 v0xca0e80f00_0;
    %flag_set/vec4 9;
    %flag_get/vec4 9;
    %jmp/0 T_34.2, 9;
    %load/vec4 v0xca0e81360_0;
    %nor/r;
    %and;
T_34.2;
    %flag_set/vec4 8;
    %jmp/0xz  T_34.0, 8;
    %load/vec4 v0xca0e7e580_0;
    %flag_set/vec4 8;
    %jmp/1 T_34.6, 8;
    %load/vec4 v0xca0e7e6c0_0;
    %flag_set/vec4 9;
    %flag_or 8, 9;
T_34.6;
    %jmp/1 T_34.5, 8;
    %load/vec4 v0xca0e7e620_0;
    %flag_set/vec4 9;
    %flag_or 8, 9;
T_34.5;
    %jmp/0xz  T_34.3, 8;
    %fork TD_picorv32_wb.picorv32_core.empty_statement, S_0xca0e5c600;
    %join;
T_34.3 ;
    %load/vec4 v0xca0e7e580_0;
    %flag_set/vec4 8;
    %jmp/1 T_34.9, 8;
    %load/vec4 v0xca0e7e6c0_0;
    %flag_set/vec4 9;
    %flag_or 8, 9;
T_34.9;
    %jmp/0xz  T_34.7, 8;
    %fork TD_picorv32_wb.picorv32_core.empty_statement, S_0xca0e5c600;
    %join;
T_34.7 ;
    %load/vec4 v0xca0e7e620_0;
    %flag_set/vec4 8;
    %jmp/0xz  T_34.10, 8;
    %fork TD_picorv32_wb.picorv32_core.empty_statement, S_0xca0e5c600;
    %join;
T_34.10 ;
    %load/vec4 v0xca0e7e760_0;
    %flag_set/vec4 8;
    %jmp/0xz  T_34.12, 8;
    %fork TD_picorv32_wb.picorv32_core.empty_statement, S_0xca0e5c600;
    %join;
T_34.12 ;
    %load/vec4 v0xca0e7f340_0;
    %pad/u 32;
    %cmpi/e 2, 0, 32;
    %jmp/1 T_34.16, 4;
    %flag_mov 8, 4;
    %load/vec4 v0xca0e7f340_0;
    %pad/u 32;
    %cmpi/e 3, 0, 32;
    %flag_or 4, 8;
T_34.16;
    %jmp/0xz  T_34.14, 4;
    %fork TD_picorv32_wb.picorv32_core.empty_statement, S_0xca0e5c600;
    %join;
T_34.14 ;
T_34.0 ;
    %jmp T_34;
    .thread T_34;
    .scope S_0xca0e5c300;
T_35 ;
    %wait E_0xca11a9340;
    %load/vec4 v0xca0e80f00_0;
    %nor/r;
    %flag_set/vec4 8;
    %jmp/1 T_35.2, 8;
    %load/vec4 v0xca0e81360_0;
    %flag_set/vec4 9;
    %flag_or 8, 9;
T_35.2;
    %jmp/0xz  T_35.0, 8;
    %load/vec4 v0xca0e80f00_0;
    %nor/r;
    %flag_set/vec4 8;
    %jmp/0xz  T_35.3, 8;
    %pushi/vec4 0, 0, 2;
    %assign/vec4 v0xca0e7f340_0, 0;
T_35.3 ;
    %load/vec4 v0xca0e80f00_0;
    %nor/r;
    %flag_set/vec4 8;
    %jmp/1 T_35.7, 8;
    %load/vec4 v0xca0e7f2a0_0;
    %flag_set/vec4 9;
    %flag_or 8, 9;
T_35.7;
    %jmp/0xz  T_35.5, 8;
    %pushi/vec4 0, 0, 1;
    %assign/vec4 v0xca0e7f3e0_0, 0;
T_35.5 ;
    %pushi/vec4 0, 0, 1;
    %assign/vec4 v0xca0e7ec60_0, 0;
    %pushi/vec4 0, 0, 1;
    %assign/vec4 v0xca0e806e0_0, 0;
    %jmp T_35.1;
T_35.0 ;
    %load/vec4 v0xca0e7ebc0_0;
    %flag_set/vec4 8;
    %jmp/1 T_35.10, 8;
    %load/vec4 v0xca0e7ee40_0;
    %flag_set/vec4 9;
    %flag_or 8, 9;
T_35.10;
    %jmp/0xz  T_35.8, 8;
    %load/vec4 v0xca0e7e940_0;
    %assign/vec4 v0xca0e7e440_0, 0;
    %load/vec4 v0xca0e7eee0_0;
    %load/vec4 v0xca0e7ee40_0;
    %replicate 4;
    %and;
    %assign/vec4 v0xca0e7f5c0_0, 0;
T_35.8 ;
    %load/vec4 v0xca0e7ee40_0;
    %flag_set/vec4 8;
    %jmp/0xz  T_35.11, 8;
    %load/vec4 v0xca0e7eda0_0;
    %assign/vec4 v0xca0e7f480_0, 0;
T_35.11 ;
    %load/vec4 v0xca0e7f340_0;
    %dup/vec4;
    %pushi/vec4 0, 0, 2;
    %cmp/u;
    %jmp/1 T_35.13, 6;
    %dup/vec4;
    %pushi/vec4 1, 0, 2;
    %cmp/u;
    %jmp/1 T_35.14, 6;
    %dup/vec4;
    %pushi/vec4 2, 0, 2;
    %cmp/u;
    %jmp/1 T_35.15, 6;
    %dup/vec4;
    %pushi/vec4 3, 0, 2;
    %cmp/u;
    %jmp/1 T_35.16, 6;
    %jmp T_35.17;
T_35.13 ;
    %load/vec4 v0xca0e7e580_0;
    %flag_set/vec4 8;
    %jmp/1 T_35.21, 8;
    %load/vec4 v0xca0e7e6c0_0;
    %flag_set/vec4 9;
    %flag_or 8, 9;
T_35.21;
    %jmp/1 T_35.20, 8;
    %load/vec4 v0xca0e7e620_0;
    %flag_set/vec4 9;
    %flag_or 8, 9;
T_35.20;
    %jmp/0xz  T_35.18, 8;
    %load/vec4 v0xca0e7ed00_0;
    %nor/r;
    %assign/vec4 v0xca0e7f3e0_0, 0;
    %load/vec4 v0xca0e7e580_0;
    %flag_set/vec4 8;
    %flag_get/vec4 8;
    %jmp/1 T_35.22, 8;
    %load/vec4 v0xca0e7e6c0_0;
    %or;
T_35.22;
    %assign/vec4 v0xca0e7e8a0_0, 0;
    %pushi/vec4 0, 0, 4;
    %assign/vec4 v0xca0e7f5c0_0, 0;
    %pushi/vec4 1, 0, 2;
    %assign/vec4 v0xca0e7f340_0, 0;
T_35.18 ;
    %load/vec4 v0xca0e7e760_0;
    %flag_set/vec4 8;
    %jmp/0xz  T_35.23, 8;
    %pushi/vec4 1, 0, 1;
    %assign/vec4 v0xca0e7f3e0_0, 0;
    %pushi/vec4 0, 0, 1;
    %assign/vec4 v0xca0e7e8a0_0, 0;
    %pushi/vec4 2, 0, 2;
    %assign/vec4 v0xca0e7f340_0, 0;
T_35.23 ;
    %jmp T_35.17;
T_35.14 ;
    %fork TD_picorv32_wb.picorv32_core.empty_statement, S_0xca0e5c600;
    %join;
    %fork TD_picorv32_wb.picorv32_core.empty_statement, S_0xca0e5c600;
    %join;
    %fork TD_picorv32_wb.picorv32_core.empty_statement, S_0xca0e5c600;
    %join;
    %fork TD_picorv32_wb.picorv32_core.empty_statement, S_0xca0e5c600;
    %join;
    %load/vec4 v0xca0e7f660_0;
    %flag_set/vec4 8;
    %jmp/0xz  T_35.25, 8;
    %pushi/vec4 0, 0, 1;
    %assign/vec4 v0xca0e7f3e0_0, 0;
    %pushi/vec4 0, 0, 1;
    %assign/vec4 v0xca0e7ec60_0, 0;
    %load/vec4 v0xca0e7e6c0_0;
    %flag_set/vec4 8;
    %jmp/1 T_35.29, 8;
    %load/vec4 v0xca0e7e620_0;
    %flag_set/vec4 9;
    %flag_or 8, 9;
T_35.29;
    %jmp/0 T_35.27, 8;
    %pushi/vec4 0, 0, 3;
    %jmp/1 T_35.28, 8;
T_35.27 ; End of true expr.
    %pushi/vec4 3, 0, 3;
    %jmp/0 T_35.28, 8;
 ; End of false expr.
    %blend;
T_35.28;
    %pad/s 2;
    %assign/vec4 v0xca0e7f340_0, 0;
T_35.25 ;
    %jmp T_35.17;
T_35.15 ;
    %fork TD_picorv32_wb.picorv32_core.empty_statement, S_0xca0e5c600;
    %join;
    %fork TD_picorv32_wb.picorv32_core.empty_statement, S_0xca0e5c600;
    %join;
    %load/vec4 v0xca0e7f660_0;
    %flag_set/vec4 8;
    %jmp/0xz  T_35.30, 8;
    %pushi/vec4 0, 0, 1;
    %assign/vec4 v0xca0e7f3e0_0, 0;
    %pushi/vec4 0, 0, 2;
    %assign/vec4 v0xca0e7f340_0, 0;
T_35.30 ;
    %jmp T_35.17;
T_35.16 ;
    %fork TD_picorv32_wb.picorv32_core.empty_statement, S_0xca0e5c600;
    %join;
    %fork TD_picorv32_wb.picorv32_core.empty_statement, S_0xca0e5c600;
    %join;
    %load/vec4 v0xca0e7e6c0_0;
    %flag_set/vec4 8;
    %jmp/0xz  T_35.32, 8;
    %pushi/vec4 0, 0, 2;
    %assign/vec4 v0xca0e7f340_0, 0;
T_35.32 ;
    %jmp T_35.17;
T_35.17 ;
    %pop/vec4 1;
T_35.1 ;
    %load/vec4 v0xca0e75400_0;
    %flag_set/vec4 8;
    %jmp/0xz  T_35.34, 8;
    %pushi/vec4 0, 0, 1;
    %assign/vec4 v0xca0e806e0_0, 0;
T_35.34 ;
    %jmp T_35;
    .thread T_35;
    .scope S_0xca0e5c300;
T_36 ;
    %wait E_0xca11a9500;
    %pushi/vec4 0, 0, 32; draw_string_vec4
    %pushi/vec4 0, 0, 32; draw_string_vec4
    %concat/vec4; draw_string_vec4
    %store/vec4 v0xca0e7f700_0, 0, 64;
    %load/vec4 v0xca0e77d40_0;
    %flag_set/vec4 8;
    %jmp/0xz  T_36.0, 8;
    %pushi/vec4 0, 0, 32; draw_string_vec4
    %pushi/vec4 7107945, 0, 32; draw_string_vec4
    %concat/vec4; draw_string_vec4
    %store/vec4 v0xca0e7f700_0, 0, 64;
T_36.0 ;
    %load/vec4 v0xca0e77340_0;
    %flag_set/vec4 8;
    %jmp/0xz  T_36.2, 8;
    %pushi/vec4 97, 0, 32; draw_string_vec4
    %pushi/vec4 1969844323, 0, 32; draw_string_vec4
    %concat/vec4; draw_string_vec4
    %store/vec4 v0xca0e7f700_0, 0, 64;
T_36.2 ;
    %load/vec4 v0xca0e77980_0;
    %flag_set/vec4 8;
    %jmp/0xz  T_36.4, 8;
    %pushi/vec4 0, 0, 32; draw_string_vec4
    %pushi/vec4 6971756, 0, 32; draw_string_vec4
    %concat/vec4; draw_string_vec4
    %store/vec4 v0xca0e7f700_0, 0, 64;
T_36.4 ;
    %load/vec4 v0xca0e77a20_0;
    %flag_set/vec4 8;
    %jmp/0xz  T_36.6, 8;
    %pushi/vec4 0, 0, 32; draw_string_vec4
    %pushi/vec4 1784769650, 0, 32; draw_string_vec4
    %concat/vec4; draw_string_vec4
    %store/vec4 v0xca0e7f700_0, 0, 64;
T_36.6 ;
    %load/vec4 v0xca0e773e0_0;
    %flag_set/vec4 8;
    %jmp/0xz  T_36.8, 8;
    %pushi/vec4 0, 0, 32; draw_string_vec4
    %pushi/vec4 6448497, 0, 32; draw_string_vec4
    %concat/vec4; draw_string_vec4
    %store/vec4 v0xca0e7f700_0, 0, 64;
T_36.8 ;
    %load/vec4 v0xca0e77700_0;
    %flag_set/vec4 8;
    %jmp/0xz  T_36.10, 8;
    %pushi/vec4 0, 0, 32; draw_string_vec4
    %pushi/vec4 6450789, 0, 32; draw_string_vec4
    %concat/vec4; draw_string_vec4
    %store/vec4 v0xca0e7f700_0, 0, 64;
T_36.10 ;
    %load/vec4 v0xca0e775c0_0;
    %flag_set/vec4 8;
    %jmp/0xz  T_36.12, 8;
    %pushi/vec4 0, 0, 32; draw_string_vec4
    %pushi/vec4 6450292, 0, 32; draw_string_vec4
    %concat/vec4; draw_string_vec4
    %store/vec4 v0xca0e7f700_0, 0, 64;
T_36.12 ;
    %load/vec4 v0xca0e77480_0;
    %flag_set/vec4 8;
    %jmp/0xz  T_36.14, 8;
    %pushi/vec4 0, 0, 32; draw_string_vec4
    %pushi/vec4 6448997, 0, 32; draw_string_vec4
    %concat/vec4; draw_string_vec4
    %store/vec4 v0xca0e7f700_0, 0, 64;
T_36.14 ;
    %load/vec4 v0xca0e77660_0;
    %flag_set/vec4 8;
    %jmp/0xz  T_36.16, 8;
    %pushi/vec4 0, 0, 32; draw_string_vec4
    %pushi/vec4 1651274869, 0, 32; draw_string_vec4
    %concat/vec4; draw_string_vec4
    %store/vec4 v0xca0e7f700_0, 0, 64;
T_36.16 ;
    %load/vec4 v0xca0e77520_0;
    %flag_set/vec4 8;
    %jmp/0xz  T_36.18, 8;
    %pushi/vec4 0, 0, 32; draw_string_vec4
    %pushi/vec4 1650943349, 0, 32; draw_string_vec4
    %concat/vec4; draw_string_vec4
    %store/vec4 v0xca0e7f700_0, 0, 64;
T_36.18 ;
    %load/vec4 v0xca0e77ac0_0;
    %flag_set/vec4 8;
    %jmp/0xz  T_36.20, 8;
    %pushi/vec4 0, 0, 32; draw_string_vec4
    %pushi/vec4 27746, 0, 32; draw_string_vec4
    %concat/vec4; draw_string_vec4
    %store/vec4 v0xca0e7f700_0, 0, 64;
T_36.20 ;
    %load/vec4 v0xca0e77c00_0;
    %flag_set/vec4 8;
    %jmp/0xz  T_36.22, 8;
    %pushi/vec4 0, 0, 32; draw_string_vec4
    %pushi/vec4 27752, 0, 32; draw_string_vec4
    %concat/vec4; draw_string_vec4
    %store/vec4 v0xca0e7f700_0, 0, 64;
T_36.22 ;
    %load/vec4 v0xca0e77de0_0;
    %flag_set/vec4 8;
    %jmp/0xz  T_36.24, 8;
    %pushi/vec4 0, 0, 32; draw_string_vec4
    %pushi/vec4 27767, 0, 32; draw_string_vec4
    %concat/vec4; draw_string_vec4
    %store/vec4 v0xca0e7f700_0, 0, 64;
T_36.24 ;
    %load/vec4 v0xca0e77b60_0;
    %flag_set/vec4 8;
    %jmp/0xz  T_36.26, 8;
    %pushi/vec4 0, 0, 32; draw_string_vec4
    %pushi/vec4 7103093, 0, 32; draw_string_vec4
    %concat/vec4; draw_string_vec4
    %store/vec4 v0xca0e7f700_0, 0, 64;
T_36.26 ;
    %load/vec4 v0xca0e77ca0_0;
    %flag_set/vec4 8;
    %jmp/0xz  T_36.28, 8;
    %pushi/vec4 0, 0, 32; draw_string_vec4
    %pushi/vec4 7104629, 0, 32; draw_string_vec4
    %concat/vec4; draw_string_vec4
    %store/vec4 v0xca0e7f700_0, 0, 64;
T_36.28 ;
    %load/vec4 v0xca0e7c3c0_0;
    %flag_set/vec4 8;
    %jmp/0xz  T_36.30, 8;
    %pushi/vec4 0, 0, 32; draw_string_vec4
    %pushi/vec4 29538, 0, 32; draw_string_vec4
    %concat/vec4; draw_string_vec4
    %store/vec4 v0xca0e7f700_0, 0, 64;
T_36.30 ;
    %load/vec4 v0xca0e7c500_0;
    %flag_set/vec4 8;
    %jmp/0xz  T_36.32, 8;
    %pushi/vec4 0, 0, 32; draw_string_vec4
    %pushi/vec4 29544, 0, 32; draw_string_vec4
    %concat/vec4; draw_string_vec4
    %store/vec4 v0xca0e7f700_0, 0, 64;
T_36.32 ;
    %load/vec4 v0xca0e7cc80_0;
    %flag_set/vec4 8;
    %jmp/0xz  T_36.34, 8;
    %pushi/vec4 0, 0, 32; draw_string_vec4
    %pushi/vec4 29559, 0, 32; draw_string_vec4
    %concat/vec4; draw_string_vec4
    %store/vec4 v0xca0e7f700_0, 0, 64;
T_36.34 ;
    %load/vec4 v0xca0e77160_0;
    %flag_set/vec4 8;
    %jmp/0xz  T_36.36, 8;
    %pushi/vec4 0, 0, 32; draw_string_vec4
    %pushi/vec4 1633969257, 0, 32; draw_string_vec4
    %concat/vec4; draw_string_vec4
    %store/vec4 v0xca0e7f700_0, 0, 64;
T_36.36 ;
    %load/vec4 v0xca0e7c780_0;
    %flag_set/vec4 8;
    %jmp/0xz  T_36.38, 8;
    %pushi/vec4 0, 0, 32; draw_string_vec4
    %pushi/vec4 1936487529, 0, 32; draw_string_vec4
    %concat/vec4; draw_string_vec4
    %store/vec4 v0xca0e7f700_0, 0, 64;
T_36.38 ;
    %load/vec4 v0xca0e7c820_0;
    %flag_set/vec4 8;
    %jmp/0xz  T_36.40, 8;
    %pushi/vec4 115, 0, 32; draw_string_vec4
    %pushi/vec4 1819568501, 0, 32; draw_string_vec4
    %concat/vec4; draw_string_vec4
    %store/vec4 v0xca0e7f700_0, 0, 64;
T_36.40 ;
    %load/vec4 v0xca0e7cfa0_0;
    %flag_set/vec4 8;
    %jmp/0xz  T_36.42, 8;
    %pushi/vec4 0, 0, 32; draw_string_vec4
    %pushi/vec4 2020569705, 0, 32; draw_string_vec4
    %concat/vec4; draw_string_vec4
    %store/vec4 v0xca0e7f700_0, 0, 64;
T_36.42 ;
    %load/vec4 v0xca0e7c000_0;
    %flag_set/vec4 8;
    %jmp/0xz  T_36.44, 8;
    %pushi/vec4 0, 0, 32; draw_string_vec4
    %pushi/vec4 7303785, 0, 32; draw_string_vec4
    %concat/vec4; draw_string_vec4
    %store/vec4 v0xca0e7f700_0, 0, 64;
T_36.44 ;
    %load/vec4 v0xca0e772a0_0;
    %flag_set/vec4 8;
    %jmp/0xz  T_36.46, 8;
    %pushi/vec4 0, 0, 32; draw_string_vec4
    %pushi/vec4 1634624617, 0, 32; draw_string_vec4
    %concat/vec4; draw_string_vec4
    %store/vec4 v0xca0e7f700_0, 0, 64;
T_36.46 ;
    %load/vec4 v0xca0e7c640_0;
    %flag_set/vec4 8;
    %jmp/0xz  T_36.48, 8;
    %pushi/vec4 0, 0, 32; draw_string_vec4
    %pushi/vec4 1936485481, 0, 32; draw_string_vec4
    %concat/vec4; draw_string_vec4
    %store/vec4 v0xca0e7f700_0, 0, 64;
T_36.48 ;
    %load/vec4 v0xca0e7cb40_0;
    %flag_set/vec4 8;
    %jmp/0xz  T_36.50, 8;
    %pushi/vec4 0, 0, 32; draw_string_vec4
    %pushi/vec4 1936878697, 0, 32; draw_string_vec4
    %concat/vec4; draw_string_vec4
    %store/vec4 v0xca0e7f700_0, 0, 64;
T_36.50 ;
    %load/vec4 v0xca0e7ca00_0;
    %flag_set/vec4 8;
    %jmp/0xz  T_36.52, 8;
    %pushi/vec4 0, 0, 32; draw_string_vec4
    %pushi/vec4 1936875881, 0, 32; draw_string_vec4
    %concat/vec4; draw_string_vec4
    %store/vec4 v0xca0e7f700_0, 0, 64;
T_36.52 ;
    %load/vec4 v0xca0e770c0_0;
    %flag_set/vec4 8;
    %jmp/0xz  T_36.54, 8;
    %pushi/vec4 0, 0, 32; draw_string_vec4
    %pushi/vec4 6382692, 0, 32; draw_string_vec4
    %concat/vec4; draw_string_vec4
    %store/vec4 v0xca0e7f700_0, 0, 64;
T_36.54 ;
    %load/vec4 v0xca0e7cbe0_0;
    %flag_set/vec4 8;
    %jmp/0xz  T_36.56, 8;
    %pushi/vec4 0, 0, 32; draw_string_vec4
    %pushi/vec4 7566690, 0, 32; draw_string_vec4
    %concat/vec4; draw_string_vec4
    %store/vec4 v0xca0e7f700_0, 0, 64;
T_36.56 ;
    %load/vec4 v0xca0e7c5a0_0;
    %flag_set/vec4 8;
    %jmp/0xz  T_36.58, 8;
    %pushi/vec4 0, 0, 32; draw_string_vec4
    %pushi/vec4 7564396, 0, 32; draw_string_vec4
    %concat/vec4; draw_string_vec4
    %store/vec4 v0xca0e7f700_0, 0, 64;
T_36.58 ;
    %load/vec4 v0xca0e7c6e0_0;
    %flag_set/vec4 8;
    %jmp/0xz  T_36.60, 8;
    %pushi/vec4 0, 0, 32; draw_string_vec4
    %pushi/vec4 7564404, 0, 32; draw_string_vec4
    %concat/vec4; draw_string_vec4
    %store/vec4 v0xca0e7f700_0, 0, 64;
T_36.60 ;
    %load/vec4 v0xca0e7c8c0_0;
    %flag_set/vec4 8;
    %jmp/0xz  T_36.62, 8;
    %pushi/vec4 0, 0, 32; draw_string_vec4
    %pushi/vec4 1936487541, 0, 32; draw_string_vec4
    %concat/vec4; draw_string_vec4
    %store/vec4 v0xca0e7f700_0, 0, 64;
T_36.62 ;
    %load/vec4 v0xca0e7cf00_0;
    %flag_set/vec4 8;
    %jmp/0xz  T_36.64, 8;
    %pushi/vec4 0, 0, 32; draw_string_vec4
    %pushi/vec4 7892850, 0, 32; draw_string_vec4
    %concat/vec4; draw_string_vec4
    %store/vec4 v0xca0e7f700_0, 0, 64;
T_36.64 ;
    %load/vec4 v0xca0e7caa0_0;
    %flag_set/vec4 8;
    %jmp/0xz  T_36.66, 8;
    %pushi/vec4 0, 0, 32; draw_string_vec4
    %pushi/vec4 7565932, 0, 32; draw_string_vec4
    %concat/vec4; draw_string_vec4
    %store/vec4 v0xca0e7f700_0, 0, 64;
T_36.66 ;
    %load/vec4 v0xca0e7c960_0;
    %flag_set/vec4 8;
    %jmp/0xz  T_36.68, 8;
    %pushi/vec4 0, 0, 32; draw_string_vec4
    %pushi/vec4 7565921, 0, 32; draw_string_vec4
    %concat/vec4; draw_string_vec4
    %store/vec4 v0xca0e7f700_0, 0, 64;
T_36.68 ;
    %load/vec4 v0xca0e77f20_0;
    %flag_set/vec4 8;
    %jmp/0xz  T_36.70, 8;
    %pushi/vec4 0, 0, 32; draw_string_vec4
    %pushi/vec4 28530, 0, 32; draw_string_vec4
    %concat/vec4; draw_string_vec4
    %store/vec4 v0xca0e7f700_0, 0, 64;
T_36.70 ;
    %load/vec4 v0xca0e77200_0;
    %flag_set/vec4 8;
    %jmp/0xz  T_36.72, 8;
    %pushi/vec4 0, 0, 32; draw_string_vec4
    %pushi/vec4 6385252, 0, 32; draw_string_vec4
    %concat/vec4; draw_string_vec4
    %store/vec4 v0xca0e7f700_0, 0, 64;
T_36.72 ;
    %load/vec4 v0xca0e7c0a0_0;
    %flag_set/vec4 8;
    %jmp/0xz  T_36.74, 8;
    %pushi/vec4 7496803, 0, 32; draw_string_vec4
    %pushi/vec4 2036558949, 0, 32; draw_string_vec4
    %concat/vec4; draw_string_vec4
    %store/vec4 v0xca0e7f700_0, 0, 64;
T_36.74 ;
    %load/vec4 v0xca0e7c140_0;
    %flag_set/vec4 8;
    %jmp/0xz  T_36.76, 8;
    %pushi/vec4 1919181689, 0, 32; draw_string_vec4
    %pushi/vec4 1668048232, 0, 32; draw_string_vec4
    %concat/vec4; draw_string_vec4
    %store/vec4 v0xca0e7f700_0, 0, 64;
T_36.76 ;
    %load/vec4 v0xca0e7c1e0_0;
    %flag_set/vec4 8;
    %jmp/0xz  T_36.78, 8;
    %pushi/vec4 7496809, 0, 32; draw_string_vec4
    %pushi/vec4 1853060210, 0, 32; draw_string_vec4
    %concat/vec4; draw_string_vec4
    %store/vec4 v0xca0e7f700_0, 0, 64;
T_36.78 ;
    %load/vec4 v0xca0e7c280_0;
    %flag_set/vec4 8;
    %jmp/0xz  T_36.80, 8;
    %pushi/vec4 1919183214, 0, 32; draw_string_vec4
    %pushi/vec4 1937011304, 0, 32; draw_string_vec4
    %concat/vec4; draw_string_vec4
    %store/vec4 v0xca0e7f700_0, 0, 64;
T_36.80 ;
    %load/vec4 v0xca0e77840_0;
    %flag_set/vec4 8;
    %jmp/0xz  T_36.82, 8;
    %pushi/vec4 102, 0, 32; draw_string_vec4
    %pushi/vec4 1701733221, 0, 32; draw_string_vec4
    %concat/vec4; draw_string_vec4
    %store/vec4 v0xca0e7f700_0, 0, 64;
T_36.82 ;
    %load/vec4 v0xca0e778e0_0;
    %flag_set/vec4 8;
    %jmp/0xz  T_36.84, 8;
    %pushi/vec4 0, 0, 32; draw_string_vec4
    %pushi/vec4 1734702193, 0, 32; draw_string_vec4
    %concat/vec4; draw_string_vec4
    %store/vec4 v0xca0e7f700_0, 0, 64;
T_36.84 ;
    %load/vec4 v0xca0e7c460_0;
    %flag_set/vec4 8;
    %jmp/0xz  T_36.86, 8;
    %pushi/vec4 0, 0, 32; draw_string_vec4
    %pushi/vec4 1936028785, 0, 32; draw_string_vec4
    %concat/vec4; draw_string_vec4
    %store/vec4 v0xca0e7f700_0, 0, 64;
T_36.86 ;
    %load/vec4 v0xca0e7c320_0;
    %flag_set/vec4 8;
    %jmp/0xz  T_36.88, 8;
    %pushi/vec4 29285, 0, 32; draw_string_vec4
    %pushi/vec4 1953067633, 0, 32; draw_string_vec4
    %concat/vec4; draw_string_vec4
    %store/vec4 v0xca0e7f700_0, 0, 64;
T_36.88 ;
    %load/vec4 v0xca0e77e80_0;
    %flag_set/vec4 8;
    %jmp/0xz  T_36.90, 8;
    %pushi/vec4 7168371, 0, 32; draw_string_vec4
    %pushi/vec4 1802072689, 0, 32; draw_string_vec4
    %concat/vec4; draw_string_vec4
    %store/vec4 v0xca0e7f700_0, 0, 64;
T_36.90 ;
    %load/vec4 v0xca0e7ce60_0;
    %flag_set/vec4 8;
    %jmp/0xz  T_36.92, 8;
    %pushi/vec4 7823721, 0, 32; draw_string_vec4
    %pushi/vec4 1953067633, 0, 32; draw_string_vec4
    %concat/vec4; draw_string_vec4
    %store/vec4 v0xca0e7f700_0, 0, 64;
T_36.92 ;
    %load/vec4 v0xca0e7cd20_0;
    %flag_set/vec4 8;
    %jmp/0xz  T_36.94, 8;
    %pushi/vec4 116, 0, 32; draw_string_vec4
    %pushi/vec4 1768777074, 0, 32; draw_string_vec4
    %concat/vec4; draw_string_vec4
    %store/vec4 v0xca0e7f700_0, 0, 64;
T_36.94 ;
    %jmp T_36;
    .thread T_36, $push;
    .scope S_0xca0e5c300;
T_37 ;
    %wait E_0xca11a9340;
    %load/vec4 v0xca0e75c20_0;
    %assign/vec4 v0xca0e80780_0, 0;
    %load/vec4 v0xca0e75e00_0;
    %assign/vec4 v0xca0e80820_0, 0;
    %load/vec4 v0xca0e75ea0_0;
    %assign/vec4 v0xca0e808c0_0, 0;
    %load/vec4 v0xca0e75fe0_0;
    %assign/vec4 v0xca0e80a00_0, 0;
    %load/vec4 v0xca0e76080_0;
    %assign/vec4 v0xca0e80aa0_0, 0;
    %load/vec4 v0xca0e75f40_0;
    %assign/vec4 v0xca0e80960_0, 0;
    %load/vec4 v0xca0e7e3a0_0;
    %assign/vec4 v0xca0e76580_0, 0;
    %load/vec4 v0xca0e80f00_0;
    %nor/r;
    %flag_set/vec4 8;
    %jmp/1 T_37.2, 8;
    %load/vec4 v0xca0e81360_0;
    %flag_set/vec4 9;
    %flag_or 8, 9;
T_37.2;
    %jmp/0xz  T_37.0, 8;
    %pushi/vec4 0, 0, 1;
    %assign/vec4 v0xca0e768a0_0, 0;
    %jmp T_37.1;
T_37.0 ;
    %load/vec4 v0xca0e7e3a0_0;
    %flag_set/vec4 8;
    %jmp/0xz  T_37.3, 8;
    %pushi/vec4 1, 0, 1;
    %assign/vec4 v0xca0e768a0_0, 0;
T_37.3 ;
T_37.1 ;
    %load/vec4 v0xca0e76ee0_0;
    %flag_set/vec4 8;
    %jmp/0xz  T_37.5, 8;
    %load/vec4 v0xca0e7f700_0;
    %assign/vec4 v0xca0e75040_0, 0;
    %load/vec4 v0xca0e76940_0;
    %assign/vec4 v0xca0e750e0_0, 0;
    %load/vec4 v0xca0e7f7a0_0;
    %parti/s 2, 0, 2;
    %and/r;
    %flag_set/vec4 8;
    %jmp/0xz  T_37.7, 8;
    %load/vec4 v0xca0e7f7a0_0;
    %assign/vec4 v0xca0e75180_0, 0;
    %jmp T_37.8;
T_37.7 ;
    %pushi/vec4 0, 0, 16;
    %load/vec4 v0xca0e7f7a0_0;
    %parti/s 16, 0, 2;
    %concat/vec4; draw_concat_vec4
    %assign/vec4 v0xca0e75180_0, 0;
T_37.8 ;
    %load/vec4 v0xca0e76bc0_0;
    %assign/vec4 v0xca0e752c0_0, 0;
    %load/vec4 v0xca0e76c60_0;
    %assign/vec4 v0xca0e75360_0, 0;
    %load/vec4 v0xca0e76a80_0;
    %assign/vec4 v0xca0e75220_0, 0;
T_37.5 ;
    %load/vec4 v0xca0e7e3a0_0;
    %flag_set/vec4 8;
    %jmp/0xz  T_37.9, 8;
    %load/vec4 v0xca0e7f8e0_0;
    %assign/vec4 v0xca0e75d60_0, 0;
T_37.9 ;
    %jmp T_37;
    .thread T_37;
    .scope S_0xca0e5c300;
T_38 ;
    %wait E_0xca11a94c0;
    %load/vec4 v0xca0e80780_0;
    %store/vec4 v0xca0e75c20_0, 0, 64;
    %load/vec4 v0xca0e80820_0;
    %store/vec4 v0xca0e75e00_0, 0, 32;
    %load/vec4 v0xca0e808c0_0;
    %store/vec4 v0xca0e75ea0_0, 0, 32;
    %load/vec4 v0xca0e80a00_0;
    %store/vec4 v0xca0e75fe0_0, 0, 5;
    %load/vec4 v0xca0e80aa0_0;
    %store/vec4 v0xca0e76080_0, 0, 5;
    %load/vec4 v0xca0e80960_0;
    %store/vec4 v0xca0e75f40_0, 0, 5;
    %load/vec4 v0xca0e76580_0;
    %flag_set/vec4 8;
    %jmp/0xz  T_38.0, 8;
    %load/vec4 v0xca0e76da0_0;
    %flag_set/vec4 8;
    %jmp/0xz  T_38.2, 8;
    %load/vec4 v0xca0e75040_0;
    %store/vec4 v0xca0e75c20_0, 0, 64;
    %load/vec4 v0xca0e750e0_0;
    %store/vec4 v0xca0e75e00_0, 0, 32;
    %load/vec4 v0xca0e75180_0;
    %store/vec4 v0xca0e75ea0_0, 0, 32;
    %load/vec4 v0xca0e752c0_0;
    %store/vec4 v0xca0e75fe0_0, 0, 5;
    %load/vec4 v0xca0e75360_0;
    %store/vec4 v0xca0e76080_0, 0, 5;
    %load/vec4 v0xca0e75220_0;
    %store/vec4 v0xca0e75f40_0, 0, 5;
    %jmp T_38.3;
T_38.2 ;
    %load/vec4 v0xca0e7f700_0;
    %store/vec4 v0xca0e75c20_0, 0, 64;
    %load/vec4 v0xca0e7f7a0_0;
    %parti/s 2, 0, 2;
    %and/r;
    %flag_set/vec4 8;
    %jmp/0xz  T_38.4, 8;
    %load/vec4 v0xca0e7f7a0_0;
    %store/vec4 v0xca0e75ea0_0, 0, 32;
    %jmp T_38.5;
T_38.4 ;
    %pushi/vec4 0, 0, 16;
    %load/vec4 v0xca0e7f7a0_0;
    %parti/s 16, 0, 2;
    %concat/vec4; draw_concat_vec4
    %store/vec4 v0xca0e75ea0_0, 0, 32;
T_38.5 ;
    %load/vec4 v0xca0e76940_0;
    %store/vec4 v0xca0e75e00_0, 0, 32;
    %load/vec4 v0xca0e76bc0_0;
    %store/vec4 v0xca0e75fe0_0, 0, 5;
    %load/vec4 v0xca0e76c60_0;
    %store/vec4 v0xca0e76080_0, 0, 5;
    %load/vec4 v0xca0e76a80_0;
    %store/vec4 v0xca0e75f40_0, 0, 5;
T_38.3 ;
T_38.0 ;
    %jmp T_38;
    .thread T_38, $push;
    .scope S_0xca0e5c300;
T_39 ;
    %wait E_0xca11a9340;
    %load/vec4 v0xca0e77d40_0;
    %load/vec4 v0xca0e77340_0;
    %concat/vec4; draw_concat_vec4
    %load/vec4 v0xca0e77980_0;
    %concat/vec4; draw_concat_vec4
    %or/r;
    %assign/vec4 v0xca0e7d860_0, 0;
    %load/vec4 v0xca0e77d40_0;
    %load/vec4 v0xca0e77340_0;
    %concat/vec4; draw_concat_vec4
    %load/vec4 v0xca0e77980_0;
    %concat/vec4; draw_concat_vec4
    %load/vec4 v0xca0e77a20_0;
    %concat/vec4; draw_concat_vec4
    %load/vec4 v0xca0e77160_0;
    %concat/vec4; draw_concat_vec4
    %load/vec4 v0xca0e770c0_0;
    %concat/vec4; draw_concat_vec4
    %load/vec4 v0xca0e7cbe0_0;
    %concat/vec4; draw_concat_vec4
    %or/r;
    %assign/vec4 v0xca0e7d900_0, 0;
    %load/vec4 v0xca0e7c780_0;
    %load/vec4 v0xca0e775c0_0;
    %concat/vec4; draw_concat_vec4
    %load/vec4 v0xca0e7c6e0_0;
    %concat/vec4; draw_concat_vec4
    %or/r;
    %assign/vec4 v0xca0e7dc20_0, 0;
    %load/vec4 v0xca0e7c820_0;
    %load/vec4 v0xca0e77660_0;
    %concat/vec4; draw_concat_vec4
    %load/vec4 v0xca0e7c8c0_0;
    %concat/vec4; draw_concat_vec4
    %or/r;
    %assign/vec4 v0xca0e7dcc0_0, 0;
    %load/vec4 v0xca0e77b60_0;
    %load/vec4 v0xca0e77ca0_0;
    %concat/vec4; draw_concat_vec4
    %load/vec4 v0xca0e77de0_0;
    %concat/vec4; draw_concat_vec4
    %or/r;
    %assign/vec4 v0xca0e7d7c0_0, 0;
    %load/vec4 v0xca0e7d540_0;
    %load/vec4 v0xca0e7c780_0;
    %concat/vec4; draw_concat_vec4
    %load/vec4 v0xca0e7c6e0_0;
    %concat/vec4; draw_concat_vec4
    %load/vec4 v0xca0e7c820_0;
    %concat/vec4; draw_concat_vec4
    %load/vec4 v0xca0e7c8c0_0;
    %concat/vec4; draw_concat_vec4
    %or/r;
    %assign/vec4 v0xca0e7d5e0_0, 0;
    %load/vec4 v0xca0e7e6c0_0;
    %flag_set/vec4 9;
    %flag_get/vec4 9;
    %jmp/0 T_39.2, 9;
    %load/vec4 v0xca0e7e800_0;
    %and;
T_39.2;
    %flag_set/vec4 8;
    %jmp/0xz  T_39.0, 8;
    %load/vec4 v0xca0e7f020_0;
    %parti/s 7, 0, 2;
    %pushi/vec4 55, 0, 7;
    %cmp/e;
    %flag_get/vec4 4;
    %assign/vec4 v0xca0e77d40_0, 0;
    %load/vec4 v0xca0e7f020_0;
    %parti/s 7, 0, 2;
    %pushi/vec4 23, 0, 7;
    %cmp/e;
    %flag_get/vec4 4;
    %assign/vec4 v0xca0e77340_0, 0;
    %load/vec4 v0xca0e7f020_0;
    %parti/s 7, 0, 2;
    %pushi/vec4 111, 0, 7;
    %cmp/e;
    %flag_get/vec4 4;
    %assign/vec4 v0xca0e77980_0, 0;
    %load/vec4 v0xca0e7f020_0;
    %parti/s 7, 0, 2;
    %cmpi/e 103, 0, 7;
    %flag_get/vec4 4;
    %jmp/0 T_39.3, 4;
    %load/vec4 v0xca0e7f020_0;
    %parti/s 3, 12, 5;
    %pushi/vec4 0, 0, 3;
    %cmp/e;
    %flag_get/vec4 4;
    %and;
T_39.3;
    %assign/vec4 v0xca0e77a20_0, 0;
    %load/vec4 v0xca0e7f020_0;
    %parti/s 7, 0, 2;
    %cmpi/e 11, 0, 7;
    %flag_get/vec4 4;
    %jmp/0 T_39.5, 4;
    %load/vec4 v0xca0e7f020_0;
    %parti/s 7, 25, 6;
    %pushi/vec4 2, 0, 7;
    %cmp/e;
    %flag_get/vec4 4;
    %and;
T_39.5;
    %flag_set/vec4 8;
    %flag_get/vec4 8;
    %jmp/0 T_39.4, 8;
    %pushi/vec4 0, 0, 1;
    %and;
T_39.4;
    %assign/vec4 v0xca0e7c320_0, 0;
    %load/vec4 v0xca0e7f020_0;
    %parti/s 7, 0, 2;
    %cmpi/e 11, 0, 7;
    %flag_get/vec4 4;
    %jmp/0 T_39.7, 4;
    %load/vec4 v0xca0e7f020_0;
    %parti/s 7, 25, 6;
    %pushi/vec4 4, 0, 7;
    %cmp/e;
    %flag_get/vec4 4;
    %and;
T_39.7;
    %flag_set/vec4 8;
    %flag_get/vec4 8;
    %jmp/0 T_39.6, 8;
    %pushi/vec4 0, 0, 1;
    %and;
T_39.6;
    %assign/vec4 v0xca0e7ce60_0, 0;
    %load/vec4 v0xca0e7f020_0;
    %parti/s 7, 0, 2;
    %pushi/vec4 99, 0, 7;
    %cmp/e;
    %flag_get/vec4 4;
    %assign/vec4 v0xca0e7d540_0, 0;
    %load/vec4 v0xca0e7f020_0;
    %parti/s 7, 0, 2;
    %pushi/vec4 3, 0, 7;
    %cmp/e;
    %flag_get/vec4 4;
    %assign/vec4 v0xca0e7d720_0, 0;
    %load/vec4 v0xca0e7f020_0;
    %parti/s 7, 0, 2;
    %pushi/vec4 35, 0, 7;
    %cmp/e;
    %flag_get/vec4 4;
    %assign/vec4 v0xca0e7da40_0, 0;
    %load/vec4 v0xca0e7f020_0;
    %parti/s 7, 0, 2;
    %pushi/vec4 19, 0, 7;
    %cmp/e;
    %flag_get/vec4 4;
    %assign/vec4 v0xca0e7d400_0, 0;
    %load/vec4 v0xca0e7f020_0;
    %parti/s 7, 0, 2;
    %pushi/vec4 51, 0, 7;
    %cmp/e;
    %flag_get/vec4 4;
    %assign/vec4 v0xca0e7d4a0_0, 0;
    %load/vec4 v0xca0e7f020_0;
    %parti/s 20, 12, 5;
    %concati/vec4 0, 0, 1;
    %pad/s 32;
    %split/vec4 1;
    %ix/load 5, 0, 0;
    %ix/load 4, 0, 0;
    %flag_set/imm 4, 0;
    %assign/vec4/off/d v0xca0e769e0_0, 4, 5;
    %split/vec4 8;
    %ix/load 5, 0, 0;
    %ix/load 4, 12, 0;
    %flag_set/imm 4, 0;
    %assign/vec4/off/d v0xca0e769e0_0, 4, 5;
    %split/vec4 1;
    %ix/load 5, 0, 0;
    %ix/load 4, 11, 0;
    %flag_set/imm 4, 0;
    %assign/vec4/off/d v0xca0e769e0_0, 4, 5;
    %split/vec4 10;
    %ix/load 5, 0, 0;
    %ix/load 4, 1, 0;
    %flag_set/imm 4, 0;
    %assign/vec4/off/d v0xca0e769e0_0, 4, 5;
    %ix/load 5, 0, 0;
    %ix/load 4, 20, 0;
    %flag_set/imm 4, 0;
    %assign/vec4/off/d v0xca0e769e0_0, 4, 5;
    %load/vec4 v0xca0e7f020_0;
    %parti/s 5, 7, 4;
    %assign/vec4 v0xca0e76a80_0, 0;
    %load/vec4 v0xca0e7f020_0;
    %parti/s 5, 15, 5;
    %assign/vec4 v0xca0e76bc0_0, 0;
    %load/vec4 v0xca0e7f020_0;
    %parti/s 5, 20, 6;
    %assign/vec4 v0xca0e76c60_0, 0;
    %load/vec4 v0xca0e7f020_0;
    %parti/s 7, 0, 2;
    %cmpi/e 11, 0, 7;
    %flag_get/vec4 4;
    %jmp/0 T_39.12, 4;
    %load/vec4 v0xca0e7f020_0;
    %parti/s 7, 25, 6;
    %pushi/vec4 0, 0, 7;
    %cmp/e;
    %flag_get/vec4 4;
    %and;
T_39.12;
    %flag_set/vec4 10;
    %flag_get/vec4 10;
    %jmp/0 T_39.11, 10;
    %pushi/vec4 0, 0, 1;
    %and;
T_39.11;
    %flag_set/vec4 9;
    %flag_get/vec4 9;
    %jmp/0 T_39.10, 9;
    %pushi/vec4 1, 0, 1;
    %and;
T_39.10;
    %flag_set/vec4 8;
    %jmp/0xz  T_39.8, 8;
    %pushi/vec4 1, 0, 1;
    %ix/load 5, 0, 0;
    %ix/load 4, 4, 0;
    %flag_set/imm 4, 0;
    %assign/vec4/off/d v0xca0e76bc0_0, 4, 5;
T_39.8 ;
    %load/vec4 v0xca0e7f020_0;
    %parti/s 7, 0, 2;
    %cmpi/e 11, 0, 7;
    %flag_get/vec4 4;
    %jmp/0 T_39.16, 4;
    %load/vec4 v0xca0e7f020_0;
    %parti/s 7, 25, 6;
    %pushi/vec4 2, 0, 7;
    %cmp/e;
    %flag_get/vec4 4;
    %and;
T_39.16;
    %flag_set/vec4 9;
    %flag_get/vec4 9;
    %jmp/0 T_39.15, 9;
    %pushi/vec4 0, 0, 1;
    %and;
T_39.15;
    %flag_set/vec4 8;
    %jmp/0xz  T_39.13, 8;
    %pushi/vec4 0, 0, 5;
    %assign/vec4 v0xca0e76bc0_0, 0;
T_39.13 ;
    %pushi/vec4 0, 0, 1;
    %assign/vec4 v0xca0e755e0_0, 0;
T_39.0 ;
    %load/vec4 v0xca0e76e40_0;
    %flag_set/vec4 9;
    %flag_get/vec4 9;
    %jmp/0 T_39.19, 9;
    %load/vec4 v0xca0e76d00_0;
    %nor/r;
    %and;
T_39.19;
    %flag_set/vec4 8;
    %jmp/0xz  T_39.17, 8;
    %pushi/vec4 4294967295, 4294967295, 32;
    %assign/vec4 v0xca0e7fc00_0, 0;
    %load/vec4 v0xca0e7d540_0;
    %flag_set/vec4 8;
    %flag_get/vec4 8;
    %jmp/0 T_39.20, 8;
    %load/vec4 v0xca0e7f160_0;
    %parti/s 3, 12, 5;
    %pushi/vec4 0, 0, 3;
    %cmp/e;
    %flag_get/vec4 4;
    %and;
T_39.20;
    %assign/vec4 v0xca0e773e0_0, 0;
    %load/vec4 v0xca0e7d540_0;
    %flag_set/vec4 8;
    %flag_get/vec4 8;
    %jmp/0 T_39.21, 8;
    %load/vec4 v0xca0e7f160_0;
    %parti/s 3, 12, 5;
    %pushi/vec4 1, 0, 3;
    %cmp/e;
    %flag_get/vec4 4;
    %and;
T_39.21;
    %assign/vec4 v0xca0e77700_0, 0;
    %load/vec4 v0xca0e7d540_0;
    %flag_set/vec4 8;
    %flag_get/vec4 8;
    %jmp/0 T_39.22, 8;
    %load/vec4 v0xca0e7f160_0;
    %parti/s 3, 12, 5;
    %pushi/vec4 4, 0, 3;
    %cmp/e;
    %flag_get/vec4 4;
    %and;
T_39.22;
    %assign/vec4 v0xca0e775c0_0, 0;
    %load/vec4 v0xca0e7d540_0;
    %flag_set/vec4 8;
    %flag_get/vec4 8;
    %jmp/0 T_39.23, 8;
    %load/vec4 v0xca0e7f160_0;
    %parti/s 3, 12, 5;
    %pushi/vec4 5, 0, 3;
    %cmp/e;
    %flag_get/vec4 4;
    %and;
T_39.23;
    %assign/vec4 v0xca0e77480_0, 0;
    %load/vec4 v0xca0e7d540_0;
    %flag_set/vec4 8;
    %flag_get/vec4 8;
    %jmp/0 T_39.24, 8;
    %load/vec4 v0xca0e7f160_0;
    %parti/s 3, 12, 5;
    %pushi/vec4 6, 0, 3;
    %cmp/e;
    %flag_get/vec4 4;
    %and;
T_39.24;
    %assign/vec4 v0xca0e77660_0, 0;
    %load/vec4 v0xca0e7d540_0;
    %flag_set/vec4 8;
    %flag_get/vec4 8;
    %jmp/0 T_39.25, 8;
    %load/vec4 v0xca0e7f160_0;
    %parti/s 3, 12, 5;
    %pushi/vec4 7, 0, 3;
    %cmp/e;
    %flag_get/vec4 4;
    %and;
T_39.25;
    %assign/vec4 v0xca0e77520_0, 0;
    %load/vec4 v0xca0e7d720_0;
    %flag_set/vec4 8;
    %flag_get/vec4 8;
    %jmp/0 T_39.26, 8;
    %load/vec4 v0xca0e7f160_0;
    %parti/s 3, 12, 5;
    %pushi/vec4 0, 0, 3;
    %cmp/e;
    %flag_get/vec4 4;
    %and;
T_39.26;
    %assign/vec4 v0xca0e77ac0_0, 0;
    %load/vec4 v0xca0e7d720_0;
    %flag_set/vec4 8;
    %flag_get/vec4 8;
    %jmp/0 T_39.27, 8;
    %load/vec4 v0xca0e7f160_0;
    %parti/s 3, 12, 5;
    %pushi/vec4 1, 0, 3;
    %cmp/e;
    %flag_get/vec4 4;
    %and;
T_39.27;
    %assign/vec4 v0xca0e77c00_0, 0;
    %load/vec4 v0xca0e7d720_0;
    %flag_set/vec4 8;
    %flag_get/vec4 8;
    %jmp/0 T_39.28, 8;
    %load/vec4 v0xca0e7f160_0;
    %parti/s 3, 12, 5;
    %pushi/vec4 2, 0, 3;
    %cmp/e;
    %flag_get/vec4 4;
    %and;
T_39.28;
    %assign/vec4 v0xca0e77de0_0, 0;
    %load/vec4 v0xca0e7d720_0;
    %flag_set/vec4 8;
    %flag_get/vec4 8;
    %jmp/0 T_39.29, 8;
    %load/vec4 v0xca0e7f160_0;
    %parti/s 3, 12, 5;
    %pushi/vec4 4, 0, 3;
    %cmp/e;
    %flag_get/vec4 4;
    %and;
T_39.29;
    %assign/vec4 v0xca0e77b60_0, 0;
    %load/vec4 v0xca0e7d720_0;
    %flag_set/vec4 8;
    %flag_get/vec4 8;
    %jmp/0 T_39.30, 8;
    %load/vec4 v0xca0e7f160_0;
    %parti/s 3, 12, 5;
    %pushi/vec4 5, 0, 3;
    %cmp/e;
    %flag_get/vec4 4;
    %and;
T_39.30;
    %assign/vec4 v0xca0e77ca0_0, 0;
    %load/vec4 v0xca0e7da40_0;
    %flag_set/vec4 8;
    %flag_get/vec4 8;
    %jmp/0 T_39.31, 8;
    %load/vec4 v0xca0e7f160_0;
    %parti/s 3, 12, 5;
    %pushi/vec4 0, 0, 3;
    %cmp/e;
    %flag_get/vec4 4;
    %and;
T_39.31;
    %assign/vec4 v0xca0e7c3c0_0, 0;
    %load/vec4 v0xca0e7da40_0;
    %flag_set/vec4 8;
    %flag_get/vec4 8;
    %jmp/0 T_39.32, 8;
    %load/vec4 v0xca0e7f160_0;
    %parti/s 3, 12, 5;
    %pushi/vec4 1, 0, 3;
    %cmp/e;
    %flag_get/vec4 4;
    %and;
T_39.32;
    %assign/vec4 v0xca0e7c500_0, 0;
    %load/vec4 v0xca0e7da40_0;
    %flag_set/vec4 8;
    %flag_get/vec4 8;
    %jmp/0 T_39.33, 8;
    %load/vec4 v0xca0e7f160_0;
    %parti/s 3, 12, 5;
    %pushi/vec4 2, 0, 3;
    %cmp/e;
    %flag_get/vec4 4;
    %and;
T_39.33;
    %assign/vec4 v0xca0e7cc80_0, 0;
    %load/vec4 v0xca0e7d400_0;
    %flag_set/vec4 8;
    %flag_get/vec4 8;
    %jmp/0 T_39.34, 8;
    %load/vec4 v0xca0e7f160_0;
    %parti/s 3, 12, 5;
    %pushi/vec4 0, 0, 3;
    %cmp/e;
    %flag_get/vec4 4;
    %and;
T_39.34;
    %assign/vec4 v0xca0e77160_0, 0;
    %load/vec4 v0xca0e7d400_0;
    %flag_set/vec4 8;
    %flag_get/vec4 8;
    %jmp/0 T_39.35, 8;
    %load/vec4 v0xca0e7f160_0;
    %parti/s 3, 12, 5;
    %pushi/vec4 2, 0, 3;
    %cmp/e;
    %flag_get/vec4 4;
    %and;
T_39.35;
    %assign/vec4 v0xca0e7c780_0, 0;
    %load/vec4 v0xca0e7d400_0;
    %flag_set/vec4 8;
    %flag_get/vec4 8;
    %jmp/0 T_39.36, 8;
    %load/vec4 v0xca0e7f160_0;
    %parti/s 3, 12, 5;
    %pushi/vec4 3, 0, 3;
    %cmp/e;
    %flag_get/vec4 4;
    %and;
T_39.36;
    %assign/vec4 v0xca0e7c820_0, 0;
    %load/vec4 v0xca0e7d400_0;
    %flag_set/vec4 8;
    %flag_get/vec4 8;
    %jmp/0 T_39.37, 8;
    %load/vec4 v0xca0e7f160_0;
    %parti/s 3, 12, 5;
    %pushi/vec4 4, 0, 3;
    %cmp/e;
    %flag_get/vec4 4;
    %and;
T_39.37;
    %assign/vec4 v0xca0e7cfa0_0, 0;
    %load/vec4 v0xca0e7d400_0;
    %flag_set/vec4 8;
    %flag_get/vec4 8;
    %jmp/0 T_39.38, 8;
    %load/vec4 v0xca0e7f160_0;
    %parti/s 3, 12, 5;
    %pushi/vec4 6, 0, 3;
    %cmp/e;
    %flag_get/vec4 4;
    %and;
T_39.38;
    %assign/vec4 v0xca0e7c000_0, 0;
    %load/vec4 v0xca0e7d400_0;
    %flag_set/vec4 8;
    %flag_get/vec4 8;
    %jmp/0 T_39.39, 8;
    %load/vec4 v0xca0e7f160_0;
    %parti/s 3, 12, 5;
    %pushi/vec4 7, 0, 3;
    %cmp/e;
    %flag_get/vec4 4;
    %and;
T_39.39;
    %assign/vec4 v0xca0e772a0_0, 0;
    %load/vec4 v0xca0e7d400_0;
    %flag_set/vec4 9;
    %flag_get/vec4 9;
    %jmp/0 T_39.41, 9;
    %load/vec4 v0xca0e7f160_0;
    %parti/s 3, 12, 5;
    %pushi/vec4 1, 0, 3;
    %cmp/e;
    %flag_get/vec4 4;
    %and;
T_39.41;
    %flag_set/vec4 8;
    %flag_get/vec4 8;
    %jmp/0 T_39.40, 8;
    %load/vec4 v0xca0e7f160_0;
    %parti/s 7, 25, 6;
    %pushi/vec4 0, 0, 7;
    %cmp/e;
    %flag_get/vec4 4;
    %and;
T_39.40;
    %assign/vec4 v0xca0e7c640_0, 0;
    %load/vec4 v0xca0e7d400_0;
    %flag_set/vec4 9;
    %flag_get/vec4 9;
    %jmp/0 T_39.43, 9;
    %load/vec4 v0xca0e7f160_0;
    %parti/s 3, 12, 5;
    %pushi/vec4 5, 0, 3;
    %cmp/e;
    %flag_get/vec4 4;
    %and;
T_39.43;
    %flag_set/vec4 8;
    %flag_get/vec4 8;
    %jmp/0 T_39.42, 8;
    %load/vec4 v0xca0e7f160_0;
    %parti/s 7, 25, 6;
    %pushi/vec4 0, 0, 7;
    %cmp/e;
    %flag_get/vec4 4;
    %and;
T_39.42;
    %assign/vec4 v0xca0e7cb40_0, 0;
    %load/vec4 v0xca0e7d400_0;
    %flag_set/vec4 9;
    %flag_get/vec4 9;
    %jmp/0 T_39.45, 9;
    %load/vec4 v0xca0e7f160_0;
    %parti/s 3, 12, 5;
    %pushi/vec4 5, 0, 3;
    %cmp/e;
    %flag_get/vec4 4;
    %and;
T_39.45;
    %flag_set/vec4 8;
    %flag_get/vec4 8;
    %jmp/0 T_39.44, 8;
    %load/vec4 v0xca0e7f160_0;
    %parti/s 7, 25, 6;
    %pushi/vec4 32, 0, 7;
    %cmp/e;
    %flag_get/vec4 4;
    %and;
T_39.44;
    %assign/vec4 v0xca0e7ca00_0, 0;
    %load/vec4 v0xca0e7d4a0_0;
    %flag_set/vec4 9;
    %flag_get/vec4 9;
    %jmp/0 T_39.47, 9;
    %load/vec4 v0xca0e7f160_0;
    %parti/s 3, 12, 5;
    %pushi/vec4 0, 0, 3;
    %cmp/e;
    %flag_get/vec4 4;
    %and;
T_39.47;
    %flag_set/vec4 8;
    %flag_get/vec4 8;
    %jmp/0 T_39.46, 8;
    %load/vec4 v0xca0e7f160_0;
    %parti/s 7, 25, 6;
    %pushi/vec4 0, 0, 7;
    %cmp/e;
    %flag_get/vec4 4;
    %and;
T_39.46;
    %assign/vec4 v0xca0e770c0_0, 0;
    %load/vec4 v0xca0e7d4a0_0;
    %flag_set/vec4 9;
    %flag_get/vec4 9;
    %jmp/0 T_39.49, 9;
    %load/vec4 v0xca0e7f160_0;
    %parti/s 3, 12, 5;
    %pushi/vec4 0, 0, 3;
    %cmp/e;
    %flag_get/vec4 4;
    %and;
T_39.49;
    %flag_set/vec4 8;
    %flag_get/vec4 8;
    %jmp/0 T_39.48, 8;
    %load/vec4 v0xca0e7f160_0;
    %parti/s 7, 25, 6;
    %pushi/vec4 32, 0, 7;
    %cmp/e;
    %flag_get/vec4 4;
    %and;
T_39.48;
    %assign/vec4 v0xca0e7cbe0_0, 0;
    %load/vec4 v0xca0e7d4a0_0;
    %flag_set/vec4 9;
    %flag_get/vec4 9;
    %jmp/0 T_39.51, 9;
    %load/vec4 v0xca0e7f160_0;
    %parti/s 3, 12, 5;
    %pushi/vec4 1, 0, 3;
    %cmp/e;
    %flag_get/vec4 4;
    %and;
T_39.51;
    %flag_set/vec4 8;
    %flag_get/vec4 8;
    %jmp/0 T_39.50, 8;
    %load/vec4 v0xca0e7f160_0;
    %parti/s 7, 25, 6;
    %pushi/vec4 0, 0, 7;
    %cmp/e;
    %flag_get/vec4 4;
    %and;
T_39.50;
    %assign/vec4 v0xca0e7c5a0_0, 0;
    %load/vec4 v0xca0e7d4a0_0;
    %flag_set/vec4 9;
    %flag_get/vec4 9;
    %jmp/0 T_39.53, 9;
    %load/vec4 v0xca0e7f160_0;
    %parti/s 3, 12, 5;
    %pushi/vec4 2, 0, 3;
    %cmp/e;
    %flag_get/vec4 4;
    %and;
T_39.53;
    %flag_set/vec4 8;
    %flag_get/vec4 8;
    %jmp/0 T_39.52, 8;
    %load/vec4 v0xca0e7f160_0;
    %parti/s 7, 25, 6;
    %pushi/vec4 0, 0, 7;
    %cmp/e;
    %flag_get/vec4 4;
    %and;
T_39.52;
    %assign/vec4 v0xca0e7c6e0_0, 0;
    %load/vec4 v0xca0e7d4a0_0;
    %flag_set/vec4 9;
    %flag_get/vec4 9;
    %jmp/0 T_39.55, 9;
    %load/vec4 v0xca0e7f160_0;
    %parti/s 3, 12, 5;
    %pushi/vec4 3, 0, 3;
    %cmp/e;
    %flag_get/vec4 4;
    %and;
T_39.55;
    %flag_set/vec4 8;
    %flag_get/vec4 8;
    %jmp/0 T_39.54, 8;
    %load/vec4 v0xca0e7f160_0;
    %parti/s 7, 25, 6;
    %pushi/vec4 0, 0, 7;
    %cmp/e;
    %flag_get/vec4 4;
    %and;
T_39.54;
    %assign/vec4 v0xca0e7c8c0_0, 0;
    %load/vec4 v0xca0e7d4a0_0;
    %flag_set/vec4 9;
    %flag_get/vec4 9;
    %jmp/0 T_39.57, 9;
    %load/vec4 v0xca0e7f160_0;
    %parti/s 3, 12, 5;
    %pushi/vec4 4, 0, 3;
    %cmp/e;
    %flag_get/vec4 4;
    %and;
T_39.57;
    %flag_set/vec4 8;
    %flag_get/vec4 8;
    %jmp/0 T_39.56, 8;
    %load/vec4 v0xca0e7f160_0;
    %parti/s 7, 25, 6;
    %pushi/vec4 0, 0, 7;
    %cmp/e;
    %flag_get/vec4 4;
    %and;
T_39.56;
    %assign/vec4 v0xca0e7cf00_0, 0;
    %load/vec4 v0xca0e7d4a0_0;
    %flag_set/vec4 9;
    %flag_get/vec4 9;
    %jmp/0 T_39.59, 9;
    %load/vec4 v0xca0e7f160_0;
    %parti/s 3, 12, 5;
    %pushi/vec4 5, 0, 3;
    %cmp/e;
    %flag_get/vec4 4;
    %and;
T_39.59;
    %flag_set/vec4 8;
    %flag_get/vec4 8;
    %jmp/0 T_39.58, 8;
    %load/vec4 v0xca0e7f160_0;
    %parti/s 7, 25, 6;
    %pushi/vec4 0, 0, 7;
    %cmp/e;
    %flag_get/vec4 4;
    %and;
T_39.58;
    %assign/vec4 v0xca0e7caa0_0, 0;
    %load/vec4 v0xca0e7d4a0_0;
    %flag_set/vec4 9;
    %flag_get/vec4 9;
    %jmp/0 T_39.61, 9;
    %load/vec4 v0xca0e7f160_0;
    %parti/s 3, 12, 5;
    %pushi/vec4 5, 0, 3;
    %cmp/e;
    %flag_get/vec4 4;
    %and;
T_39.61;
    %flag_set/vec4 8;
    %flag_get/vec4 8;
    %jmp/0 T_39.60, 8;
    %load/vec4 v0xca0e7f160_0;
    %parti/s 7, 25, 6;
    %pushi/vec4 32, 0, 7;
    %cmp/e;
    %flag_get/vec4 4;
    %and;
T_39.60;
    %assign/vec4 v0xca0e7c960_0, 0;
    %load/vec4 v0xca0e7d4a0_0;
    %flag_set/vec4 9;
    %flag_get/vec4 9;
    %jmp/0 T_39.63, 9;
    %load/vec4 v0xca0e7f160_0;
    %parti/s 3, 12, 5;
    %pushi/vec4 6, 0, 3;
    %cmp/e;
    %flag_get/vec4 4;
    %and;
T_39.63;
    %flag_set/vec4 8;
    %flag_get/vec4 8;
    %jmp/0 T_39.62, 8;
    %load/vec4 v0xca0e7f160_0;
    %parti/s 7, 25, 6;
    %pushi/vec4 0, 0, 7;
    %cmp/e;
    %flag_get/vec4 4;
    %and;
T_39.62;
    %assign/vec4 v0xca0e77f20_0, 0;
    %load/vec4 v0xca0e7d4a0_0;
    %flag_set/vec4 9;
    %flag_get/vec4 9;
    %jmp/0 T_39.65, 9;
    %load/vec4 v0xca0e7f160_0;
    %parti/s 3, 12, 5;
    %pushi/vec4 7, 0, 3;
    %cmp/e;
    %flag_get/vec4 4;
    %and;
T_39.65;
    %flag_set/vec4 8;
    %flag_get/vec4 8;
    %jmp/0 T_39.64, 8;
    %load/vec4 v0xca0e7f160_0;
    %parti/s 7, 25, 6;
    %pushi/vec4 0, 0, 7;
    %cmp/e;
    %flag_get/vec4 4;
    %and;
T_39.64;
    %assign/vec4 v0xca0e77200_0, 0;
    %load/vec4 v0xca0e7f160_0;
    %parti/s 7, 0, 2;
    %cmpi/e 115, 0, 7;
    %flag_get/vec4 4;
    %jmp/0 T_39.68, 4;
    %load/vec4 v0xca0e7f160_0;
    %parti/s 20, 12, 5;
    %pad/u 32;
    %pushi/vec4 786434, 0, 32;
    %cmp/e;
    %flag_get/vec4 4;
    %and;
T_39.68;
    %flag_set/vec4 8;
    %jmp/1 T_39.67, 8;
    %load/vec4 v0xca0e7f160_0;
    %parti/s 7, 0, 2;
    %cmpi/e 115, 0, 7;
    %flag_get/vec4 4;
    %jmp/0 T_39.69, 4;
    %load/vec4 v0xca0e7f160_0;
    %parti/s 20, 12, 5;
    %pad/u 32;
    %pushi/vec4 786690, 0, 32;
    %cmp/e;
    %flag_get/vec4 4;
    %and;
T_39.69;
    %flag_set/vec4 9;
    %flag_or 8, 9;
T_39.67;
    %flag_get/vec4 8;
    %jmp/0 T_39.66, 8;
    %pushi/vec4 1, 0, 1;
    %and;
T_39.66;
    %assign/vec4 v0xca0e7c0a0_0, 0;
    %load/vec4 v0xca0e7f160_0;
    %parti/s 7, 0, 2;
    %cmpi/e 115, 0, 7;
    %flag_get/vec4 4;
    %jmp/0 T_39.73, 4;
    %load/vec4 v0xca0e7f160_0;
    %parti/s 20, 12, 5;
    %pad/u 32;
    %pushi/vec4 819202, 0, 32;
    %cmp/e;
    %flag_get/vec4 4;
    %and;
T_39.73;
    %flag_set/vec4 9;
    %jmp/1 T_39.72, 9;
    %load/vec4 v0xca0e7f160_0;
    %parti/s 7, 0, 2;
    %cmpi/e 115, 0, 7;
    %flag_get/vec4 4;
    %jmp/0 T_39.74, 4;
    %load/vec4 v0xca0e7f160_0;
    %parti/s 20, 12, 5;
    %pad/u 32;
    %pushi/vec4 819458, 0, 32;
    %cmp/e;
    %flag_get/vec4 4;
    %and;
T_39.74;
    %flag_set/vec4 10;
    %flag_or 9, 10;
T_39.72;
    %flag_get/vec4 9;
    %jmp/0 T_39.71, 9;
    %pushi/vec4 1, 0, 1;
    %and;
T_39.71;
    %flag_set/vec4 8;
    %flag_get/vec4 8;
    %jmp/0 T_39.70, 8;
    %pushi/vec4 1, 0, 1;
    %and;
T_39.70;
    %assign/vec4 v0xca0e7c140_0, 0;
    %load/vec4 v0xca0e7f160_0;
    %parti/s 7, 0, 2;
    %cmpi/e 115, 0, 7;
    %flag_get/vec4 4;
    %jmp/0 T_39.76, 4;
    %load/vec4 v0xca0e7f160_0;
    %parti/s 20, 12, 5;
    %pad/u 32;
    %pushi/vec4 786946, 0, 32;
    %cmp/e;
    %flag_get/vec4 4;
    %and;
T_39.76;
    %flag_set/vec4 8;
    %flag_get/vec4 8;
    %jmp/0 T_39.75, 8;
    %pushi/vec4 1, 0, 1;
    %and;
T_39.75;
    %assign/vec4 v0xca0e7c1e0_0, 0;
    %load/vec4 v0xca0e7f160_0;
    %parti/s 7, 0, 2;
    %cmpi/e 115, 0, 7;
    %flag_get/vec4 4;
    %jmp/0 T_39.79, 4;
    %load/vec4 v0xca0e7f160_0;
    %parti/s 20, 12, 5;
    %pad/u 32;
    %pushi/vec4 819714, 0, 32;
    %cmp/e;
    %flag_get/vec4 4;
    %and;
T_39.79;
    %flag_set/vec4 9;
    %flag_get/vec4 9;
    %jmp/0 T_39.78, 9;
    %pushi/vec4 1, 0, 1;
    %and;
T_39.78;
    %flag_set/vec4 8;
    %flag_get/vec4 8;
    %jmp/0 T_39.77, 8;
    %pushi/vec4 1, 0, 1;
    %and;
T_39.77;
    %assign/vec4 v0xca0e7c280_0, 0;
    %load/vec4 v0xca0e7f160_0;
    %parti/s 7, 0, 2;
    %cmpi/e 115, 0, 7;
    %flag_get/vec4 4;
    %jmp/0 T_39.82, 4;
    %load/vec4 v0xca0e7f160_0;
    %parti/s 11, 21, 6;
    %nor/r;
    %and;
T_39.82;
    %flag_set/vec4 9;
    %flag_get/vec4 9;
    %jmp/0 T_39.81, 9;
    %load/vec4 v0xca0e7f160_0;
    %parti/s 13, 7, 4;
    %nor/r;
    %and;
T_39.81;
    %flag_set/vec4 8;
    %flag_get/vec4 8;
    %jmp/1 T_39.80, 8;
    %pushi/vec4 0, 0, 1;
    %or;
T_39.80;
    %assign/vec4 v0xca0e777a0_0, 0;
    %load/vec4 v0xca0e7f160_0;
    %parti/s 7, 0, 2;
    %cmpi/e 15, 0, 7;
    %flag_get/vec4 4;
    %jmp/0 T_39.83, 4;
    %load/vec4 v0xca0e7f160_0;
    %parti/s 3, 12, 5;
    %nor/r;
    %and;
T_39.83;
    %assign/vec4 v0xca0e77840_0, 0;
    %load/vec4 v0xca0e7f160_0;
    %parti/s 7, 0, 2;
    %cmpi/e 11, 0, 7;
    %flag_get/vec4 4;
    %jmp/0 T_39.86, 4;
    %load/vec4 v0xca0e7f160_0;
    %parti/s 7, 25, 6;
    %pushi/vec4 0, 0, 7;
    %cmp/e;
    %flag_get/vec4 4;
    %and;
T_39.86;
    %flag_set/vec4 9;
    %flag_get/vec4 9;
    %jmp/0 T_39.85, 9;
    %pushi/vec4 0, 0, 1;
    %and;
T_39.85;
    %flag_set/vec4 8;
    %flag_get/vec4 8;
    %jmp/0 T_39.84, 8;
    %pushi/vec4 1, 0, 1;
    %and;
T_39.84;
    %assign/vec4 v0xca0e778e0_0, 0;
    %load/vec4 v0xca0e7f160_0;
    %parti/s 7, 0, 2;
    %cmpi/e 11, 0, 7;
    %flag_get/vec4 4;
    %jmp/0 T_39.89, 4;
    %load/vec4 v0xca0e7f160_0;
    %parti/s 7, 25, 6;
    %pushi/vec4 1, 0, 7;
    %cmp/e;
    %flag_get/vec4 4;
    %and;
T_39.89;
    %flag_set/vec4 9;
    %flag_get/vec4 9;
    %jmp/0 T_39.88, 9;
    %pushi/vec4 0, 0, 1;
    %and;
T_39.88;
    %flag_set/vec4 8;
    %flag_get/vec4 8;
    %jmp/0 T_39.87, 8;
    %pushi/vec4 1, 0, 1;
    %and;
T_39.87;
    %assign/vec4 v0xca0e7c460_0, 0;
    %load/vec4 v0xca0e7f160_0;
    %parti/s 7, 0, 2;
    %cmpi/e 11, 0, 7;
    %flag_get/vec4 4;
    %jmp/0 T_39.91, 4;
    %load/vec4 v0xca0e7f160_0;
    %parti/s 7, 25, 6;
    %pushi/vec4 3, 0, 7;
    %cmp/e;
    %flag_get/vec4 4;
    %and;
T_39.91;
    %flag_set/vec4 8;
    %flag_get/vec4 8;
    %jmp/0 T_39.90, 8;
    %pushi/vec4 0, 0, 1;
    %and;
T_39.90;
    %assign/vec4 v0xca0e77e80_0, 0;
    %load/vec4 v0xca0e7f160_0;
    %parti/s 7, 0, 2;
    %cmpi/e 11, 0, 7;
    %flag_get/vec4 4;
    %jmp/0 T_39.94, 4;
    %load/vec4 v0xca0e7f160_0;
    %parti/s 7, 25, 6;
    %pushi/vec4 5, 0, 7;
    %cmp/e;
    %flag_get/vec4 4;
    %and;
T_39.94;
    %flag_set/vec4 9;
    %flag_get/vec4 9;
    %jmp/0 T_39.93, 9;
    %pushi/vec4 0, 0, 1;
    %and;
T_39.93;
    %flag_set/vec4 8;
    %flag_get/vec4 8;
    %jmp/0 T_39.92, 8;
    %pushi/vec4 1, 0, 1;
    %and;
T_39.92;
    %assign/vec4 v0xca0e7cd20_0, 0;
    %load/vec4 v0xca0e7d400_0;
    %flag_set/vec4 8;
    %flag_get/vec4 8;
    %jmp/0 T_39.95, 8;
    %load/vec4 v0xca0e7f160_0;
    %parti/s 3, 12, 5;
    %cmpi/e 1, 0, 3;
    %flag_get/vec4 4;
    %jmp/0 T_39.96, 4;
    %load/vec4 v0xca0e7f160_0;
    %parti/s 7, 25, 6;
    %pushi/vec4 0, 0, 7;
    %cmp/e;
    %flag_get/vec4 4;
    %and;
T_39.96;
    %load/vec4 v0xca0e7f160_0;
    %parti/s 3, 12, 5;
    %cmpi/e 5, 0, 3;
    %flag_get/vec4 4;
    %jmp/0 T_39.97, 4;
    %load/vec4 v0xca0e7f160_0;
    %parti/s 7, 25, 6;
    %pushi/vec4 0, 0, 7;
    %cmp/e;
    %flag_get/vec4 4;
    %and;
T_39.97;
    %concat/vec4; draw_concat_vec4
    %load/vec4 v0xca0e7f160_0;
    %parti/s 3, 12, 5;
    %cmpi/e 5, 0, 3;
    %flag_get/vec4 4;
    %jmp/0 T_39.98, 4;
    %load/vec4 v0xca0e7f160_0;
    %parti/s 7, 25, 6;
    %pushi/vec4 32, 0, 7;
    %cmp/e;
    %flag_get/vec4 4;
    %and;
T_39.98;
    %concat/vec4; draw_concat_vec4
    %or/r;
    %and;
T_39.95;
    %assign/vec4 v0xca0e7db80_0, 0;
    %load/vec4 v0xca0e77a20_0;
    %flag_set/vec4 8;
    %flag_get/vec4 8;
    %jmp/1 T_39.99, 8;
    %load/vec4 v0xca0e7d400_0;
    %flag_set/vec4 8;
    %flag_get/vec4 8;
    %jmp/0 T_39.100, 8;
    %load/vec4 v0xca0e7f160_0;
    %parti/s 3, 12, 5;
    %pushi/vec4 0, 0, 3;
    %cmp/e;
    %flag_get/vec4 4;
    %load/vec4 v0xca0e7f160_0;
    %parti/s 3, 12, 5;
    %pushi/vec4 2, 0, 3;
    %cmp/e;
    %flag_get/vec4 4;
    %concat/vec4; draw_concat_vec4
    %load/vec4 v0xca0e7f160_0;
    %parti/s 3, 12, 5;
    %pushi/vec4 3, 0, 3;
    %cmp/e;
    %flag_get/vec4 4;
    %concat/vec4; draw_concat_vec4
    %load/vec4 v0xca0e7f160_0;
    %parti/s 3, 12, 5;
    %pushi/vec4 4, 0, 3;
    %cmp/e;
    %flag_get/vec4 4;
    %concat/vec4; draw_concat_vec4
    %load/vec4 v0xca0e7f160_0;
    %parti/s 3, 12, 5;
    %pushi/vec4 6, 0, 3;
    %cmp/e;
    %flag_get/vec4 4;
    %concat/vec4; draw_concat_vec4
    %load/vec4 v0xca0e7f160_0;
    %parti/s 3, 12, 5;
    %pushi/vec4 7, 0, 3;
    %cmp/e;
    %flag_get/vec4 4;
    %concat/vec4; draw_concat_vec4
    %or/r;
    %and;
T_39.100;
    %or;
T_39.99;
    %assign/vec4 v0xca0e7d680_0, 0;
    %load/vec4 v0xca0e7d4a0_0;
    %flag_set/vec4 8;
    %flag_get/vec4 8;
    %jmp/0 T_39.101, 8;
    %load/vec4 v0xca0e7f160_0;
    %parti/s 3, 12, 5;
    %cmpi/e 1, 0, 3;
    %flag_get/vec4 4;
    %jmp/0 T_39.102, 4;
    %load/vec4 v0xca0e7f160_0;
    %parti/s 7, 25, 6;
    %pushi/vec4 0, 0, 7;
    %cmp/e;
    %flag_get/vec4 4;
    %and;
T_39.102;
    %load/vec4 v0xca0e7f160_0;
    %parti/s 3, 12, 5;
    %cmpi/e 5, 0, 3;
    %flag_get/vec4 4;
    %jmp/0 T_39.103, 4;
    %load/vec4 v0xca0e7f160_0;
    %parti/s 7, 25, 6;
    %pushi/vec4 0, 0, 7;
    %cmp/e;
    %flag_get/vec4 4;
    %and;
T_39.103;
    %concat/vec4; draw_concat_vec4
    %load/vec4 v0xca0e7f160_0;
    %parti/s 3, 12, 5;
    %cmpi/e 5, 0, 3;
    %flag_get/vec4 4;
    %jmp/0 T_39.104, 4;
    %load/vec4 v0xca0e7f160_0;
    %parti/s 7, 25, 6;
    %pushi/vec4 32, 0, 7;
    %cmp/e;
    %flag_get/vec4 4;
    %and;
T_39.104;
    %concat/vec4; draw_concat_vec4
    %or/r;
    %and;
T_39.101;
    %assign/vec4 v0xca0e7dae0_0, 0;
    %pushi/vec4 0, 0, 1;
    %assign/vec4 v0xca0e7d900_0, 0;
    %pushi/vec4 0, 0, 1;
    %assign/vec4 v0xca0e7d5e0_0, 0;
    %pushi/vec4 1, 0, 1;
    %dup/vec4;
    %load/vec4 v0xca0e77980_0;
    %cmp/u;
    %jmp/1 T_39.105, 6;
    %dup/vec4;
    %load/vec4 v0xca0e77d40_0;
    %load/vec4 v0xca0e77340_0;
    %concat/vec4; draw_concat_vec4
    %or/r;
    %cmp/u;
    %jmp/1 T_39.106, 6;
    %dup/vec4;
    %load/vec4 v0xca0e77a20_0;
    %load/vec4 v0xca0e7d720_0;
    %concat/vec4; draw_concat_vec4
    %load/vec4 v0xca0e7d400_0;
    %concat/vec4; draw_concat_vec4
    %or/r;
    %cmp/u;
    %jmp/1 T_39.107, 6;
    %dup/vec4;
    %load/vec4 v0xca0e7d540_0;
    %cmp/u;
    %jmp/1 T_39.108, 6;
    %dup/vec4;
    %load/vec4 v0xca0e7da40_0;
    %cmp/u;
    %jmp/1 T_39.109, 6;
    %pushi/vec4 1, 1, 32;
    %assign/vec4 v0xca0e76940_0, 0;
    %jmp T_39.111;
T_39.105 ;
    %load/vec4 v0xca0e769e0_0;
    %assign/vec4 v0xca0e76940_0, 0;
    %jmp T_39.111;
T_39.106 ;
    %load/vec4 v0xca0e7f160_0;
    %parti/s 20, 12, 5;
    %pad/u 32;
    %ix/load 4, 12, 0;
    %flag_set/imm 4, 0;
    %shiftl 4;
    %assign/vec4 v0xca0e76940_0, 0;
    %jmp T_39.111;
T_39.107 ;
    %load/vec4 v0xca0e7f160_0;
    %parti/s 12, 20, 6;
    %pad/s 32;
    %assign/vec4 v0xca0e76940_0, 0;
    %jmp T_39.111;
T_39.108 ;
    %load/vec4 v0xca0e7f160_0;
    %parti/s 1, 31, 6;
    %load/vec4 v0xca0e7f160_0;
    %parti/s 1, 7, 4;
    %concat/vec4; draw_concat_vec4
    %load/vec4 v0xca0e7f160_0;
    %parti/s 6, 25, 6;
    %concat/vec4; draw_concat_vec4
    %load/vec4 v0xca0e7f160_0;
    %parti/s 4, 8, 5;
    %concat/vec4; draw_concat_vec4
    %concati/vec4 0, 0, 1;
    %pad/s 32;
    %assign/vec4 v0xca0e76940_0, 0;
    %jmp T_39.111;
T_39.109 ;
    %load/vec4 v0xca0e7f160_0;
    %parti/s 7, 25, 6;
    %load/vec4 v0xca0e7f160_0;
    %parti/s 5, 7, 4;
    %concat/vec4; draw_concat_vec4
    %pad/s 32;
    %assign/vec4 v0xca0e76940_0, 0;
    %jmp T_39.111;
T_39.111 ;
    %pop/vec4 1;
T_39.17 ;
    %load/vec4 v0xca0e80f00_0;
    %nor/r;
    %flag_set/vec4 8;
    %jmp/0xz  T_39.112, 8;
    %pushi/vec4 0, 0, 1;
    %assign/vec4 v0xca0e7d540_0, 0;
    %pushi/vec4 0, 0, 1;
    %assign/vec4 v0xca0e7d5e0_0, 0;
    %pushi/vec4 0, 0, 1;
    %assign/vec4 v0xca0e773e0_0, 0;
    %pushi/vec4 0, 0, 1;
    %assign/vec4 v0xca0e77700_0, 0;
    %pushi/vec4 0, 0, 1;
    %assign/vec4 v0xca0e775c0_0, 0;
    %pushi/vec4 0, 0, 1;
    %assign/vec4 v0xca0e77480_0, 0;
    %pushi/vec4 0, 0, 1;
    %assign/vec4 v0xca0e77660_0, 0;
    %pushi/vec4 0, 0, 1;
    %assign/vec4 v0xca0e77520_0, 0;
    %pushi/vec4 0, 0, 1;
    %assign/vec4 v0xca0e77160_0, 0;
    %pushi/vec4 0, 0, 1;
    %assign/vec4 v0xca0e7c780_0, 0;
    %pushi/vec4 0, 0, 1;
    %assign/vec4 v0xca0e7c820_0, 0;
    %pushi/vec4 0, 0, 1;
    %assign/vec4 v0xca0e7cfa0_0, 0;
    %pushi/vec4 0, 0, 1;
    %assign/vec4 v0xca0e7c000_0, 0;
    %pushi/vec4 0, 0, 1;
    %assign/vec4 v0xca0e772a0_0, 0;
    %pushi/vec4 0, 0, 1;
    %assign/vec4 v0xca0e770c0_0, 0;
    %pushi/vec4 0, 0, 1;
    %assign/vec4 v0xca0e7cbe0_0, 0;
    %pushi/vec4 0, 0, 1;
    %assign/vec4 v0xca0e7c5a0_0, 0;
    %pushi/vec4 0, 0, 1;
    %assign/vec4 v0xca0e7c6e0_0, 0;
    %pushi/vec4 0, 0, 1;
    %assign/vec4 v0xca0e7c8c0_0, 0;
    %pushi/vec4 0, 0, 1;
    %assign/vec4 v0xca0e7cf00_0, 0;
    %pushi/vec4 0, 0, 1;
    %assign/vec4 v0xca0e7caa0_0, 0;
    %pushi/vec4 0, 0, 1;
    %assign/vec4 v0xca0e7c960_0, 0;
    %pushi/vec4 0, 0, 1;
    %assign/vec4 v0xca0e77f20_0, 0;
    %pushi/vec4 0, 0, 1;
    %assign/vec4 v0xca0e77200_0, 0;
    %pushi/vec4 0, 0, 1;
    %assign/vec4 v0xca0e77840_0, 0;
T_39.112 ;
    %jmp T_39;
    .thread T_39;
    .scope S_0xca0e5c300;
T_40 ;
    %wait E_0xca11a9480;
    %pushi/vec4 0, 0, 32; draw_string_vec4
    %pushi/vec4 0, 0, 32; draw_string_vec4
    %concat/vec4; draw_string_vec4
    %pushi/vec4 0, 0, 32; draw_string_vec4
    %concat/vec4; draw_string_vec4
    %pushi/vec4 0, 0, 32; draw_string_vec4
    %concat/vec4; draw_string_vec4
    %store/vec4 v0xca0e75cc0_0, 0, 128;
    %load/vec4 v0xca0e757c0_0;
    %cmpi/e 128, 0, 8;
    %jmp/0xz  T_40.0, 4;
    %pushi/vec4 0, 0, 32; draw_string_vec4
    %pushi/vec4 0, 0, 32; draw_string_vec4
    %concat/vec4; draw_string_vec4
    %pushi/vec4 0, 0, 32; draw_string_vec4
    %concat/vec4; draw_string_vec4
    %pushi/vec4 1953653104, 0, 32; draw_string_vec4
    %concat/vec4; draw_string_vec4
    %store/vec4 v0xca0e75cc0_0, 0, 128;
T_40.0 ;
    %load/vec4 v0xca0e757c0_0;
    %cmpi/e 64, 0, 8;
    %jmp/0xz  T_40.2, 4;
    %pushi/vec4 0, 0, 32; draw_string_vec4
    %pushi/vec4 0, 0, 32; draw_string_vec4
    %concat/vec4; draw_string_vec4
    %pushi/vec4 102, 0, 32; draw_string_vec4
    %concat/vec4; draw_string_vec4
    %pushi/vec4 1702126440, 0, 32; draw_string_vec4
    %concat/vec4; draw_string_vec4
    %store/vec4 v0xca0e75cc0_0, 0, 128;
T_40.2 ;
    %load/vec4 v0xca0e757c0_0;
    %cmpi/e 32, 0, 8;
    %jmp/0xz  T_40.4, 4;
    %pushi/vec4 0, 0, 32; draw_string_vec4
    %pushi/vec4 0, 0, 32; draw_string_vec4
    %concat/vec4; draw_string_vec4
    %pushi/vec4 27748, 0, 32; draw_string_vec4
    %concat/vec4; draw_string_vec4
    %pushi/vec4 1601336113, 0, 32; draw_string_vec4
    %concat/vec4; draw_string_vec4
    %store/vec4 v0xca0e75cc0_0, 0, 128;
T_40.4 ;
    %load/vec4 v0xca0e757c0_0;
    %cmpi/e 16, 0, 8;
    %jmp/0xz  T_40.6, 4;
    %pushi/vec4 0, 0, 32; draw_string_vec4
    %pushi/vec4 0, 0, 32; draw_string_vec4
    %concat/vec4; draw_string_vec4
    %pushi/vec4 27748, 0, 32; draw_string_vec4
    %concat/vec4; draw_string_vec4
    %pushi/vec4 1601336114, 0, 32; draw_string_vec4
    %concat/vec4; draw_string_vec4
    %store/vec4 v0xca0e75cc0_0, 0, 128;
T_40.6 ;
    %load/vec4 v0xca0e757c0_0;
    %cmpi/e 8, 0, 8;
    %jmp/0xz  T_40.8, 4;
    %pushi/vec4 0, 0, 32; draw_string_vec4
    %pushi/vec4 0, 0, 32; draw_string_vec4
    %concat/vec4; draw_string_vec4
    %pushi/vec4 0, 0, 32; draw_string_vec4
    %concat/vec4; draw_string_vec4
    %pushi/vec4 1702389091, 0, 32; draw_string_vec4
    %concat/vec4; draw_string_vec4
    %store/vec4 v0xca0e75cc0_0, 0, 128;
T_40.8 ;
    %load/vec4 v0xca0e757c0_0;
    %cmpi/e 4, 0, 8;
    %jmp/0xz  T_40.10, 4;
    %pushi/vec4 0, 0, 32; draw_string_vec4
    %pushi/vec4 0, 0, 32; draw_string_vec4
    %concat/vec4; draw_string_vec4
    %pushi/vec4 115, 0, 32; draw_string_vec4
    %concat/vec4; draw_string_vec4
    %pushi/vec4 1751737972, 0, 32; draw_string_vec4
    %concat/vec4; draw_string_vec4
    %store/vec4 v0xca0e75cc0_0, 0, 128;
T_40.10 ;
    %load/vec4 v0xca0e757c0_0;
    %cmpi/e 2, 0, 8;
    %jmp/0xz  T_40.12, 4;
    %pushi/vec4 0, 0, 32; draw_string_vec4
    %pushi/vec4 0, 0, 32; draw_string_vec4
    %concat/vec4; draw_string_vec4
    %pushi/vec4 115, 0, 32; draw_string_vec4
    %concat/vec4; draw_string_vec4
    %pushi/vec4 1953326445, 0, 32; draw_string_vec4
    %concat/vec4; draw_string_vec4
    %store/vec4 v0xca0e75cc0_0, 0, 128;
T_40.12 ;
    %load/vec4 v0xca0e757c0_0;
    %cmpi/e 1, 0, 8;
    %jmp/0xz  T_40.14, 4;
    %pushi/vec4 0, 0, 32; draw_string_vec4
    %pushi/vec4 0, 0, 32; draw_string_vec4
    %concat/vec4; draw_string_vec4
    %pushi/vec4 108, 0, 32; draw_string_vec4
    %concat/vec4; draw_string_vec4
    %pushi/vec4 1684890989, 0, 32; draw_string_vec4
    %concat/vec4; draw_string_vec4
    %store/vec4 v0xca0e75cc0_0, 0, 128;
T_40.14 ;
    %jmp T_40;
    .thread T_40, $push;
    .scope S_0xca0e5c300;
T_41 ;
    %wait E_0xca11a9440;
    %pushi/vec4 1, 1, 1;
    %store/vec4 v0xca0e74be0_0, 0, 1;
    %pushi/vec4 1, 0, 1;
    %dup/vec4;
    %load/vec4 v0xca0e773e0_0;
    %cmp/u;
    %jmp/1 T_41.0, 6;
    %dup/vec4;
    %load/vec4 v0xca0e77700_0;
    %cmp/u;
    %jmp/1 T_41.1, 6;
    %dup/vec4;
    %load/vec4 v0xca0e77480_0;
    %cmp/u;
    %jmp/1 T_41.2, 6;
    %dup/vec4;
    %load/vec4 v0xca0e77520_0;
    %cmp/u;
    %jmp/1 T_41.3, 6;
    %dup/vec4;
    %load/vec4 v0xca0e7dc20_0;
    %flag_set/vec4 8;
    %flag_get/vec4 8;
    %jmp/0 T_41.7, 8;
    %pushi/vec4 1, 0, 1;
    %and;
T_41.7;
    %cmp/u;
    %jmp/1 T_41.4, 6;
    %dup/vec4;
    %load/vec4 v0xca0e7dcc0_0;
    %flag_set/vec4 8;
    %flag_get/vec4 8;
    %jmp/0 T_41.8, 8;
    %pushi/vec4 1, 0, 1;
    %and;
T_41.8;
    %cmp/u;
    %jmp/1 T_41.5, 6;
    %jmp T_41.6;
T_41.0 ;
    %load/vec4 v0xca0e74960_0;
    %store/vec4 v0xca0e74be0_0, 0, 1;
    %jmp T_41.6;
T_41.1 ;
    %load/vec4 v0xca0e74960_0;
    %nor/r;
    %store/vec4 v0xca0e74be0_0, 0, 1;
    %jmp T_41.6;
T_41.2 ;
    %load/vec4 v0xca0e74a00_0;
    %nor/r;
    %store/vec4 v0xca0e74be0_0, 0, 1;
    %jmp T_41.6;
T_41.3 ;
    %load/vec4 v0xca0e74aa0_0;
    %nor/r;
    %store/vec4 v0xca0e74be0_0, 0, 1;
    %jmp T_41.6;
T_41.4 ;
    %load/vec4 v0xca0e74a00_0;
    %store/vec4 v0xca0e74be0_0, 0, 1;
    %jmp T_41.6;
T_41.5 ;
    %load/vec4 v0xca0e74aa0_0;
    %store/vec4 v0xca0e74be0_0, 0, 1;
    %jmp T_41.6;
T_41.6 ;
    %pop/vec4 1;
    %pushi/vec4 4294967295, 4294967295, 32;
    %store/vec4 v0xca0e74b40_0, 0, 32;
    %pushi/vec4 1, 0, 1;
    %dup/vec4;
    %load/vec4 v0xca0e7d900_0;
    %cmp/u;
    %jmp/1 T_41.9, 6;
    %dup/vec4;
    %load/vec4 v0xca0e7d5e0_0;
    %cmp/u;
    %jmp/1 T_41.10, 6;
    %dup/vec4;
    %load/vec4 v0xca0e7cfa0_0;
    %flag_set/vec4 8;
    %flag_get/vec4 8;
    %jmp/1 T_41.17, 8;
    %load/vec4 v0xca0e7cf00_0;
    %or;
T_41.17;
    %cmp/u;
    %jmp/1 T_41.11, 6;
    %dup/vec4;
    %load/vec4 v0xca0e7c000_0;
    %flag_set/vec4 8;
    %flag_get/vec4 8;
    %jmp/1 T_41.18, 8;
    %load/vec4 v0xca0e77f20_0;
    %or;
T_41.18;
    %cmp/u;
    %jmp/1 T_41.12, 6;
    %dup/vec4;
    %load/vec4 v0xca0e772a0_0;
    %flag_set/vec4 8;
    %flag_get/vec4 8;
    %jmp/1 T_41.19, 8;
    %load/vec4 v0xca0e77200_0;
    %or;
T_41.19;
    %cmp/u;
    %jmp/1 T_41.13, 6;
    %dup/vec4;
    %pushi/vec4 0, 0, 1;
    %cmp/u;
    %jmp/1 T_41.14, 6;
    %dup/vec4;
    %pushi/vec4 0, 0, 1;
    %cmp/u;
    %jmp/1 T_41.15, 6;
    %jmp T_41.16;
T_41.9 ;
    %load/vec4 v0xca0e748c0_0;
    %store/vec4 v0xca0e74b40_0, 0, 32;
    %jmp T_41.16;
T_41.10 ;
    %load/vec4 v0xca0e74be0_0;
    %pad/u 32;
    %store/vec4 v0xca0e74b40_0, 0, 32;
    %jmp T_41.16;
T_41.11 ;
    %load/vec4 v0xca0e80be0_0;
    %load/vec4 v0xca0e80c80_0;
    %xor;
    %store/vec4 v0xca0e74b40_0, 0, 32;
    %jmp T_41.16;
T_41.12 ;
    %load/vec4 v0xca0e80be0_0;
    %load/vec4 v0xca0e80c80_0;
    %or;
    %store/vec4 v0xca0e74b40_0, 0, 32;
    %jmp T_41.16;
T_41.13 ;
    %load/vec4 v0xca0e80be0_0;
    %load/vec4 v0xca0e80c80_0;
    %and;
    %store/vec4 v0xca0e74b40_0, 0, 32;
    %jmp T_41.16;
T_41.14 ;
    %load/vec4 v0xca0e74dc0_0;
    %store/vec4 v0xca0e74b40_0, 0, 32;
    %jmp T_41.16;
T_41.15 ;
    %load/vec4 v0xca0e74e60_0;
    %store/vec4 v0xca0e74b40_0, 0, 32;
    %jmp T_41.16;
T_41.16 ;
    %pop/vec4 1;
    %jmp T_41;
    .thread T_41, $push;
    .scope S_0xca0e5c300;
T_42 ;
    %wait E_0xca11a9340;
    %load/vec4 v0xca0e75400_0;
    %assign/vec4 v0xca0e754a0_0, 0;
    %jmp T_42;
    .thread T_42;
    .scope S_0xca0e5c300;
T_43 ;
    %wait E_0xca11a9400;
    %load/vec4 v0xca0e754a0_0;
    %store/vec4 v0xca0e75400_0, 0, 1;
    %load/vec4 v0xca0e806e0_0;
    %nor/r;
    %flag_set/vec4 8;
    %jmp/0xz  T_43.0, 8;
    %pushi/vec4 0, 0, 1;
    %store/vec4 v0xca0e75400_0, 0, 1;
T_43.0 ;
    %load/vec4 v0xca0e7de00_0;
    %flag_set/vec4 8;
    %jmp/1 T_43.5, 8;
    %load/vec4 v0xca0e7d360_0;
    %cmpi/ne 0, 0, 2;
    %flag_or 8, 4;
T_43.5;
    %jmp/1 T_43.4, 8;
    %load/vec4 v0xca0e80f00_0;
    %nor/r;
    %flag_set/vec4 9;
    %flag_or 8, 9;
T_43.4;
    %jmp/0xz  T_43.2, 8;
    %pushi/vec4 0, 0, 1;
    %store/vec4 v0xca0e75400_0, 0, 1;
T_43.2 ;
    %jmp T_43;
    .thread T_43, $push;
    .scope S_0xca0e5c300;
T_44 ;
    %wait E_0xca11a93c0;
    %pushi/vec4 0, 0, 1;
    %store/vec4 v0xca0e75ae0_0, 0, 1;
    %pushi/vec4 4294967295, 4294967295, 32;
    %store/vec4 v0xca0e75a40_0, 0, 32;
    %load/vec4 v0xca0e757c0_0;
    %cmpi/e 64, 0, 8;
    %jmp/0xz  T_44.0, 4;
    %pushi/vec4 1, 0, 1;
    %dup/vec4;
    %load/vec4 v0xca0e7de00_0;
    %cmp/u;
    %jmp/1 T_44.2, 6;
    %dup/vec4;
    %load/vec4 v0xca0e7e260_0;
    %flag_set/vec4 8;
    %flag_get/vec4 8;
    %jmp/0 T_44.7, 8;
    %load/vec4 v0xca0e7de00_0;
    %nor/r;
    %and;
T_44.7;
    %cmp/u;
    %jmp/1 T_44.3, 6;
    %dup/vec4;
    %pushi/vec4 0, 0, 1;
    %cmp/u;
    %jmp/1 T_44.4, 6;
    %dup/vec4;
    %pushi/vec4 0, 0, 1;
    %cmp/u;
    %jmp/1 T_44.5, 6;
    %jmp T_44.6;
T_44.2 ;
    %load/vec4 v0xca0e80dc0_0;
    %load/vec4 v0xca0e7dea0_0;
    %flag_set/vec4 8;
    %jmp/0 T_44.8, 8;
    %pushi/vec4 2, 0, 32;
    %jmp/1 T_44.9, 8;
T_44.8 ; End of true expr.
    %pushi/vec4 4, 0, 32;
    %jmp/0 T_44.9, 8;
 ; End of false expr.
    %blend;
T_44.9;
    %add;
    %store/vec4 v0xca0e75a40_0, 0, 32;
    %pushi/vec4 1, 0, 1;
    %store/vec4 v0xca0e75ae0_0, 0, 1;
    %jmp T_44.6;
T_44.3 ;
    %load/vec4 v0xca0e7e1c0_0;
    %flag_set/vec4 8;
    %jmp/0 T_44.10, 8;
    %load/vec4 v0xca0e74d20_0;
    %jmp/1 T_44.11, 8;
T_44.10 ; End of true expr.
    %load/vec4 v0xca0e80d20_0;
    %jmp/0 T_44.11, 8;
 ; End of false expr.
    %blend;
T_44.11;
    %store/vec4 v0xca0e75a40_0, 0, 32;
    %pushi/vec4 1, 0, 1;
    %store/vec4 v0xca0e75ae0_0, 0, 1;
    %jmp T_44.6;
T_44.4 ;
    %load/vec4 v0xca0e80b40_0;
    %load/vec4 v0xca0e7dea0_0;
    %pad/u 32;
    %or;
    %store/vec4 v0xca0e75a40_0, 0, 32;
    %pushi/vec4 1, 0, 1;
    %store/vec4 v0xca0e75ae0_0, 0, 1;
    %jmp T_44.6;
T_44.5 ;
    %load/vec4 v0xca0e7d2c0_0;
    %load/vec4 v0xca0e7d220_0;
    %inv;
    %and;
    %store/vec4 v0xca0e75a40_0, 0, 32;
    %pushi/vec4 1, 0, 1;
    %store/vec4 v0xca0e75ae0_0, 0, 1;
    %jmp T_44.6;
T_44.6 ;
    %pop/vec4 1;
T_44.0 ;
    %jmp T_44;
    .thread T_44, $push;
    .scope S_0xca0e5c300;
T_45 ;
    %wait E_0xca11a9340;
    %load/vec4 v0xca0e80f00_0;
    %flag_set/vec4 10;
    %flag_get/vec4 10;
    %jmp/0 T_45.3, 10;
    %load/vec4 v0xca0e75ae0_0;
    %and;
T_45.3;
    %flag_set/vec4 9;
    %flag_get/vec4 9;
    %jmp/0 T_45.2, 9;
    %load/vec4 v0xca0e7e120_0;
    %pushi/vec4 0, 0, 5;
    %cmp/ne;
    %flag_get/vec4 4;
    %and;
T_45.2;
    %flag_set/vec4 8;
    %jmp/0xz  T_45.0, 8;
    %load/vec4 v0xca0e75a40_0;
    %load/vec4 v0xca0e7e120_0;
    %pad/u 7;
    %ix/vec4 3;
    %ix/load 4, 0, 0; Constant delay
    %assign/vec4/a/d v0xca0e75860, 0, 4;
T_45.0 ;
    %jmp T_45;
    .thread T_45;
    .scope S_0xca0e5c300;
T_46 ;
    %wait E_0xca11a9380;
    %pushi/vec4 31, 31, 5;
    %store/vec4 v0xca0e76b20_0, 0, 5;
    %load/vec4 v0xca0e76bc0_0;
    %cmpi/ne 0, 0, 5;
    %flag_mov 8, 4;
    %jmp/0 T_46.0, 8;
    %load/vec4 v0xca0e76bc0_0;
    %pad/u 7;
    %ix/vec4 4;
    %load/vec4a v0xca0e75860, 4;
    %jmp/1 T_46.1, 8;
T_46.0 ; End of true expr.
    %pushi/vec4 0, 0, 32;
    %jmp/0 T_46.1, 8;
 ; End of false expr.
    %blend;
T_46.1;
    %store/vec4 v0xca0e75900_0, 0, 32;
    %load/vec4 v0xca0e76c60_0;
    %cmpi/ne 0, 0, 5;
    %flag_mov 8, 4;
    %jmp/0 T_46.2, 8;
    %load/vec4 v0xca0e76c60_0;
    %pad/u 7;
    %ix/vec4 4;
    %load/vec4a v0xca0e75860, 4;
    %jmp/1 T_46.3, 8;
T_46.2 ; End of true expr.
    %pushi/vec4 0, 0, 32;
    %jmp/0 T_46.3, 8;
 ; End of false expr.
    %blend;
T_46.3;
    %store/vec4 v0xca0e759a0_0, 0, 32;
    %jmp T_46;
    .thread T_46, $push;
    .scope S_0xca0e5c300;
T_47 ;
    %wait E_0xca11a9340;
    %pushi/vec4 0, 0, 1;
    %assign/vec4 v0xca0e81360_0, 0;
    %pushi/vec4 31, 31, 5;
    %assign/vec4 v0xca0e80e60_0, 0;
    %pushi/vec4 4294967295, 4294967295, 32;
    %assign/vec4 v0xca0e80d20_0, 0;
    %pushi/vec4 0, 0, 1;
    %store/vec4 v0xca0e81040_0, 0, 1;
    %pushi/vec4 0, 0, 1;
    %store/vec4 v0xca0e80fa0_0, 0, 1;
    %pushi/vec4 0, 0, 1;
    %store/vec4 v0xca0e810e0_0, 0, 1;
    %load/vec4 v0xca0e74be0_0;
    %assign/vec4 v0xca0e74c80_0, 0;
    %load/vec4 v0xca0e74b40_0;
    %assign/vec4 v0xca0e74d20_0, 0;
    %pushi/vec4 0, 0, 1;
    %assign/vec4 v0xca0e74f00_0, 0;
    %pushi/vec4 0, 0, 1;
    %assign/vec4 v0xca0e74fa0_0, 0;
    %load/vec4 v0xca0e7e3a0_0;
    %flag_set/vec4 8;
    %jmp/0xz  T_47.0, 8;
    %pushi/vec4 4294967295, 4294967295, 32;
    %assign/vec4 v0xca0e76620_0, 0;
    %pushi/vec4 4294967295, 4294967295, 32;
    %assign/vec4 v0xca0e76760_0, 0;
    %pushi/vec4 0, 0, 1;
    %assign/vec4 v0xca0e766c0_0, 0;
    %pushi/vec4 0, 0, 1;
    %assign/vec4 v0xca0e76800_0, 0;
T_47.0 ;
    %load/vec4 v0xca0e80f00_0;
    %flag_set/vec4 8;
    %jmp/0 T_47.2, 8;
    %load/vec4 v0xca0e75680_0;
    %addi 1, 0, 64;
    %jmp/1 T_47.3, 8;
T_47.2 ; End of true expr.
    %pushi/vec4 0, 0, 64;
    %jmp/0 T_47.3, 8;
 ; End of false expr.
    %blend;
T_47.3;
    %assign/vec4 v0xca0e75680_0, 0;
    %pushi/vec4 4294967295, 4294967295, 32;
    %store/vec4 v0xca0e7f840_0, 0, 32;
    %load/vec4 v0xca0e7e6c0_0;
    %flag_set/vec4 8;
    %flag_get/vec4 8;
    %jmp/0 T_47.4, 8;
    %load/vec4 v0xca0e7e800_0;
    %and;
T_47.4;
    %assign/vec4 v0xca0e76e40_0, 0;
    %load/vec4 v0xca0e76e40_0;
    %assign/vec4 v0xca0e76ee0_0, 0;
    %pushi/vec4 0, 0, 1;
    %assign/vec4 v0xca0e76d00_0, 0;
    %load/vec4 v0xca0e76d00_0;
    %assign/vec4 v0xca0e76da0_0, 0;
    %pushi/vec4 0, 0, 1;
    %assign/vec4 v0xca0e76f80_0, 0;
    %pushi/vec4 0, 0, 1;
    %assign/vec4 v0xca0e812c0_0, 0;
    %pushi/vec4 4294967295, 4294967295, 32;
    %concati/vec4 15, 15, 4;
    %assign/vec4 v0xca0e81220_0, 0;
    %load/vec4 v0xca0e80f00_0;
    %nor/r;
    %flag_set/vec4 8;
    %jmp/0xz  T_47.5, 8;
    %pushi/vec4 0, 0, 32;
    %assign/vec4 v0xca0e80dc0_0, 0;
    %pushi/vec4 0, 0, 32;
    %assign/vec4 v0xca0e80b40_0, 0;
    %pushi/vec4 0, 0, 64;
    %assign/vec4 v0xca0e75720_0, 0;
    %pushi/vec4 0, 0, 1;
    %assign/vec4 v0xca0e7e260_0, 0;
    %pushi/vec4 0, 0, 1;
    %assign/vec4 v0xca0e7e1c0_0, 0;
    %pushi/vec4 0, 0, 1;
    %assign/vec4 v0xca0e7de00_0, 0;
    %pushi/vec4 0, 0, 1;
    %assign/vec4 v0xca0e7e300_0, 0;
    %pushi/vec4 0, 0, 1;
    %assign/vec4 v0xca0e7e080_0, 0;
    %pushi/vec4 0, 0, 1;
    %assign/vec4 v0xca0e7dfe0_0, 0;
    %pushi/vec4 0, 0, 1;
    %assign/vec4 v0xca0e7df40_0, 0;
    %pushi/vec4 0, 0, 1;
    %assign/vec4 v0xca0e80500_0, 0;
    %pushi/vec4 0, 0, 1;
    %assign/vec4 v0xca0e80460_0, 0;
    %pushi/vec4 0, 0, 1;
    %assign/vec4 v0xca0e7d0e0_0, 0;
    %pushi/vec4 0, 0, 1;
    %assign/vec4 v0xca0e7d180_0, 0;
    %pushi/vec4 4294967295, 0, 32;
    %assign/vec4 v0xca0e7d220_0, 0;
    %pushi/vec4 0, 0, 32;
    %store/vec4 v0xca0e7f840_0, 0, 32;
    %pushi/vec4 0, 0, 2;
    %assign/vec4 v0xca0e7d360_0, 0;
    %pushi/vec4 0, 0, 32;
    %assign/vec4 v0xca0e77020_0, 0;
    %pushi/vec4 0, 0, 32;
    %assign/vec4 v0xca0e81180_0, 0;
    %pushi/vec4 64, 0, 8;
    %assign/vec4 v0xca0e757c0_0, 0;
    %jmp T_47.6;
T_47.5 ;
    %load/vec4 v0xca0e757c0_0;
    %dup/vec4;
    %pushi/vec4 128, 0, 8;
    %cmp/u;
    %jmp/1 T_47.7, 6;
    %dup/vec4;
    %pushi/vec4 64, 0, 8;
    %cmp/u;
    %jmp/1 T_47.8, 6;
    %dup/vec4;
    %pushi/vec4 32, 0, 8;
    %cmp/u;
    %jmp/1 T_47.9, 6;
    %dup/vec4;
    %pushi/vec4 16, 0, 8;
    %cmp/u;
    %jmp/1 T_47.10, 6;
    %dup/vec4;
    %pushi/vec4 8, 0, 8;
    %cmp/u;
    %jmp/1 T_47.11, 6;
    %dup/vec4;
    %pushi/vec4 4, 0, 8;
    %cmp/u;
    %jmp/1 T_47.12, 6;
    %dup/vec4;
    %pushi/vec4 2, 0, 8;
    %cmp/u;
    %jmp/1 T_47.13, 6;
    %dup/vec4;
    %pushi/vec4 1, 0, 8;
    %cmp/u;
    %jmp/1 T_47.14, 6;
    %jmp T_47.15;
T_47.7 ;
    %pushi/vec4 1, 0, 1;
    %assign/vec4 v0xca0e81360_0, 0;
    %jmp T_47.15;
T_47.8 ;
    %load/vec4 v0xca0e76e40_0;
    %nor/r;
    %flag_set/vec4 8;
    %flag_get/vec4 8;
    %jmp/0 T_47.16, 8;
    %load/vec4 v0xca0e76f80_0;
    %nor/r;
    %and;
T_47.16;
    %assign/vec4 v0xca0e7e6c0_0, 0;
    %pushi/vec4 0, 0, 2;
    %assign/vec4 v0xca0e7f520_0, 0;
    %load/vec4 v0xca0e80b40_0;
    %store/vec4 v0xca0e75b80_0, 0, 32;
    %pushi/vec4 1, 0, 1;
    %dup/vec4;
    %load/vec4 v0xca0e7de00_0;
    %cmp/u;
    %jmp/1 T_47.17, 6;
    %dup/vec4;
    %load/vec4 v0xca0e7e260_0;
    %flag_set/vec4 8;
    %flag_get/vec4 8;
    %jmp/0 T_47.22, 8;
    %load/vec4 v0xca0e7de00_0;
    %nor/r;
    %and;
T_47.22;
    %cmp/u;
    %jmp/1 T_47.18, 6;
    %dup/vec4;
    %pushi/vec4 0, 0, 1;
    %cmp/u;
    %jmp/1 T_47.19, 6;
    %dup/vec4;
    %pushi/vec4 0, 0, 1;
    %cmp/u;
    %jmp/1 T_47.20, 6;
    %jmp T_47.21;
T_47.17 ;
    %load/vec4 v0xca0e7e260_0;
    %flag_set/vec4 8;
    %jmp/0 T_47.23, 8;
    %load/vec4 v0xca0e7e1c0_0;
    %flag_set/vec4 9;
    %jmp/0 T_47.25, 9;
    %load/vec4 v0xca0e74d20_0;
    %jmp/1 T_47.26, 9;
T_47.25 ; End of true expr.
    %load/vec4 v0xca0e80d20_0;
    %jmp/0 T_47.26, 9;
 ; End of false expr.
    %blend;
T_47.26;
    %pushi/vec4 4294967294, 0, 32;
    %and;
    %jmp/1 T_47.24, 8;
T_47.23 ; End of true expr.
    %load/vec4 v0xca0e80b40_0;
    %jmp/0 T_47.24, 8;
 ; End of false expr.
    %blend;
T_47.24;
    %store/vec4 v0xca0e75b80_0, 0, 32;
    %jmp T_47.21;
T_47.18 ;
    %jmp T_47.21;
T_47.19 ;
    %pushi/vec4 16, 0, 32;
    %store/vec4 v0xca0e75b80_0, 0, 32;
    %pushi/vec4 1, 0, 1;
    %assign/vec4 v0xca0e7d0e0_0, 0;
    %pushi/vec4 1, 0, 1;
    %assign/vec4 v0xca0e7e6c0_0, 0;
    %jmp T_47.21;
T_47.20 ;
    %load/vec4 v0xca0e7d2c0_0;
    %load/vec4 v0xca0e7d220_0;
    %inv;
    %and;
    %assign/vec4 v0xca0e77020_0, 0;
    %load/vec4 v0xca0e7f840_0;
    %load/vec4 v0xca0e7d220_0;
    %and;
    %store/vec4 v0xca0e7f840_0, 0, 32;
    %jmp T_47.21;
T_47.21 ;
    %pop/vec4 1;
    %load/vec4 v0xca0e75b80_0;
    %assign/vec4 v0xca0e80dc0_0, 0;
    %load/vec4 v0xca0e75b80_0;
    %assign/vec4 v0xca0e80b40_0, 0;
    %pushi/vec4 0, 0, 1;
    %assign/vec4 v0xca0e7e260_0, 0;
    %pushi/vec4 0, 0, 1;
    %assign/vec4 v0xca0e7e1c0_0, 0;
    %pushi/vec4 0, 0, 1;
    %assign/vec4 v0xca0e7de00_0, 0;
    %pushi/vec4 0, 0, 1;
    %assign/vec4 v0xca0e7e080_0, 0;
    %pushi/vec4 0, 0, 1;
    %assign/vec4 v0xca0e7dfe0_0, 0;
    %pushi/vec4 0, 0, 1;
    %assign/vec4 v0xca0e7df40_0, 0;
    %load/vec4 v0xca0e76a80_0;
    %assign/vec4 v0xca0e7e120_0, 0;
    %load/vec4 v0xca0e755e0_0;
    %assign/vec4 v0xca0e7dea0_0, 0;
    %load/vec4 v0xca0e76e40_0;
    %flag_set/vec4 8;
    %jmp/0xz  T_47.27, 8;
    %load/vec4 v0xca0e7d0e0_0;
    %assign/vec4 v0xca0e7d180_0, 0;
    %load/vec4 v0xca0e75b80_0;
    %load/vec4 v0xca0e755e0_0;
    %flag_set/vec4 8;
    %jmp/0 T_47.29, 8;
    %pushi/vec4 2, 0, 32;
    %jmp/1 T_47.30, 8;
T_47.29 ; End of true expr.
    %pushi/vec4 4, 0, 32;
    %jmp/0 T_47.30, 8;
 ; End of false expr.
    %blend;
T_47.30;
    %add;
    %assign/vec4 v0xca0e80b40_0, 0;
    %load/vec4 v0xca0e75720_0;
    %addi 1, 0, 64;
    %assign/vec4 v0xca0e75720_0, 0;
    %load/vec4 v0xca0e77980_0;
    %flag_set/vec4 8;
    %jmp/0xz  T_47.31, 8;
    %pushi/vec4 1, 0, 1;
    %assign/vec4 v0xca0e7e6c0_0, 0;
    %load/vec4 v0xca0e75b80_0;
    %load/vec4 v0xca0e769e0_0;
    %add;
    %assign/vec4 v0xca0e80b40_0, 0;
    %pushi/vec4 1, 0, 1;
    %assign/vec4 v0xca0e7de00_0, 0;
    %jmp T_47.32;
T_47.31 ;
    %pushi/vec4 0, 0, 1;
    %assign/vec4 v0xca0e7e6c0_0, 0;
    %load/vec4 v0xca0e77a20_0;
    %nor/r;
    %flag_set/vec4 8;
    %flag_get/vec4 8;
    %jmp/0 T_47.33, 8;
    %load/vec4 v0xca0e7c320_0;
    %nor/r;
    %and;
T_47.33;
    %assign/vec4 v0xca0e7e580_0, 0;
    %pushi/vec4 32, 0, 8;
    %assign/vec4 v0xca0e757c0_0, 0;
T_47.32 ;
T_47.27 ;
    %jmp T_47.15;
T_47.9 ;
    %pushi/vec4 4294967295, 4294967295, 32;
    %assign/vec4 v0xca0e80be0_0, 0;
    %pushi/vec4 4294967295, 4294967295, 32;
    %assign/vec4 v0xca0e80c80_0, 0;
    %pushi/vec4 1, 0, 1;
    %dup/vec4;
    %pushi/vec4 1, 0, 1;
    %flag_set/vec4 8;
    %flag_get/vec4 8;
    %jmp/0 T_47.48, 8;
    %load/vec4 v0xca0e7cdc0_0;
    %and;
T_47.48;
    %cmp/u;
    %jmp/1 T_47.34, 6;
    %dup/vec4;
    %pushi/vec4 1, 0, 1;
    %flag_set/vec4 8;
    %flag_get/vec4 8;
    %jmp/0 T_47.49, 8;
    %load/vec4 v0xca0e7d9a0_0;
    %and;
T_47.49;
    %cmp/u;
    %jmp/1 T_47.35, 6;
    %dup/vec4;
    %load/vec4 v0xca0e7d860_0;
    %cmp/u;
    %jmp/1 T_47.36, 6;
    %dup/vec4;
    %pushi/vec4 0, 0, 1;
    %cmp/u;
    %jmp/1 T_47.37, 6;
    %dup/vec4;
    %pushi/vec4 0, 0, 1;
    %cmp/u;
    %jmp/1 T_47.38, 6;
    %dup/vec4;
    %pushi/vec4 0, 0, 1;
    %cmp/u;
    %jmp/1 T_47.39, 6;
    %dup/vec4;
    %pushi/vec4 0, 0, 1;
    %cmp/u;
    %jmp/1 T_47.40, 6;
    %dup/vec4;
    %pushi/vec4 0, 0, 1;
    %cmp/u;
    %jmp/1 T_47.41, 6;
    %dup/vec4;
    %load/vec4 v0xca0e7d720_0;
    %flag_set/vec4 8;
    %flag_get/vec4 8;
    %jmp/0 T_47.50, 8;
    %load/vec4 v0xca0e7cdc0_0;
    %nor/r;
    %and;
T_47.50;
    %cmp/u;
    %jmp/1 T_47.42, 6;
    %dup/vec4;
    %load/vec4 v0xca0e7db80_0;
    %flag_set/vec4 8;
    %flag_get/vec4 8;
    %jmp/0 T_47.51, 8;
    %pushi/vec4 1, 0, 1;
    %and;
T_47.51;
    %cmp/u;
    %jmp/1 T_47.43, 6;
    %dup/vec4;
    %load/vec4 v0xca0e7d680_0;
    %cmp/u;
    %jmp/1 T_47.44, 6;
    %dup/vec4;
    %load/vec4 v0xca0e7db80_0;
    %flag_set/vec4 8;
    %flag_get/vec4 8;
    %jmp/0 T_47.52, 8;
    %pushi/vec4 0, 0, 1;
    %and;
T_47.52;
    %cmp/u;
    %jmp/1 T_47.45, 6;
    %load/vec4 v0xca0e75900_0;
    %assign/vec4 v0xca0e80be0_0, 0;
    %load/vec4 v0xca0e75900_0;
    %assign/vec4 v0xca0e76620_0, 0;
    %pushi/vec4 1, 0, 1;
    %assign/vec4 v0xca0e766c0_0, 0;
    %load/vec4 v0xca0e759a0_0;
    %pad/u 5;
    %assign/vec4 v0xca0e80e60_0, 0;
    %load/vec4 v0xca0e759a0_0;
    %assign/vec4 v0xca0e80c80_0, 0;
    %load/vec4 v0xca0e759a0_0;
    %assign/vec4 v0xca0e76760_0, 0;
    %pushi/vec4 1, 0, 1;
    %assign/vec4 v0xca0e76800_0, 0;
    %pushi/vec4 1, 0, 1;
    %dup/vec4;
    %load/vec4 v0xca0e7da40_0;
    %cmp/u;
    %jmp/1 T_47.53, 6;
    %dup/vec4;
    %load/vec4 v0xca0e7dae0_0;
    %flag_set/vec4 8;
    %flag_get/vec4 8;
    %jmp/0 T_47.57, 8;
    %pushi/vec4 1, 0, 1;
    %and;
T_47.57;
    %cmp/u;
    %jmp/1 T_47.54, 6;
    %load/vec4 v0xca0e7e580_0;
    %assign/vec4 v0xca0e7e6c0_0, 0;
    %pushi/vec4 8, 0, 8;
    %assign/vec4 v0xca0e757c0_0, 0;
    %jmp T_47.56;
T_47.53 ;
    %pushi/vec4 2, 0, 8;
    %assign/vec4 v0xca0e757c0_0, 0;
    %pushi/vec4 1, 0, 1;
    %assign/vec4 v0xca0e7e6c0_0, 0;
    %jmp T_47.56;
T_47.54 ;
    %pushi/vec4 4, 0, 8;
    %assign/vec4 v0xca0e757c0_0, 0;
    %jmp T_47.56;
T_47.56 ;
    %pop/vec4 1;
    %jmp T_47.47;
T_47.34 ;
    %pushi/vec4 128, 0, 8;
    %assign/vec4 v0xca0e757c0_0, 0;
    %jmp T_47.47;
T_47.35 ;
    %pushi/vec4 1, 0, 1;
    %dup/vec4;
    %load/vec4 v0xca0e7c0a0_0;
    %cmp/u;
    %jmp/1 T_47.58, 6;
    %dup/vec4;
    %load/vec4 v0xca0e7c140_0;
    %flag_set/vec4 8;
    %flag_get/vec4 8;
    %jmp/0 T_47.63, 8;
    %pushi/vec4 1, 0, 1;
    %and;
T_47.63;
    %cmp/u;
    %jmp/1 T_47.59, 6;
    %dup/vec4;
    %load/vec4 v0xca0e7c1e0_0;
    %cmp/u;
    %jmp/1 T_47.60, 6;
    %dup/vec4;
    %load/vec4 v0xca0e7c280_0;
    %flag_set/vec4 8;
    %flag_get/vec4 8;
    %jmp/0 T_47.64, 8;
    %pushi/vec4 1, 0, 1;
    %and;
T_47.64;
    %cmp/u;
    %jmp/1 T_47.61, 6;
    %jmp T_47.62;
T_47.58 ;
    %load/vec4 v0xca0e75680_0;
    %parti/s 32, 0, 2;
    %assign/vec4 v0xca0e80d20_0, 0;
    %jmp T_47.62;
T_47.59 ;
    %load/vec4 v0xca0e75680_0;
    %parti/s 32, 32, 7;
    %assign/vec4 v0xca0e80d20_0, 0;
    %jmp T_47.62;
T_47.60 ;
    %load/vec4 v0xca0e75720_0;
    %parti/s 32, 0, 2;
    %assign/vec4 v0xca0e80d20_0, 0;
    %jmp T_47.62;
T_47.61 ;
    %load/vec4 v0xca0e75720_0;
    %parti/s 32, 32, 7;
    %assign/vec4 v0xca0e80d20_0, 0;
    %jmp T_47.62;
T_47.62 ;
    %pop/vec4 1;
    %pushi/vec4 1, 0, 1;
    %assign/vec4 v0xca0e7e260_0, 0;
    %pushi/vec4 64, 0, 8;
    %assign/vec4 v0xca0e757c0_0, 0;
    %jmp T_47.47;
T_47.36 ;
    %load/vec4 v0xca0e77d40_0;
    %flag_set/vec4 8;
    %jmp/0 T_47.65, 8;
    %pushi/vec4 0, 0, 32;
    %jmp/1 T_47.66, 8;
T_47.65 ; End of true expr.
    %load/vec4 v0xca0e80dc0_0;
    %jmp/0 T_47.66, 8;
 ; End of false expr.
    %blend;
T_47.66;
    %assign/vec4 v0xca0e80be0_0, 0;
    %load/vec4 v0xca0e76940_0;
    %assign/vec4 v0xca0e80c80_0, 0;
    %load/vec4 v0xca0e7e580_0;
    %assign/vec4 v0xca0e7e6c0_0, 0;
    %pushi/vec4 8, 0, 8;
    %assign/vec4 v0xca0e757c0_0, 0;
    %jmp T_47.47;
T_47.37 ;
    %load/vec4 v0xca0e75900_0;
    %assign/vec4 v0xca0e80d20_0, 0;
    %load/vec4 v0xca0e75900_0;
    %assign/vec4 v0xca0e76620_0, 0;
    %pushi/vec4 1, 0, 1;
    %assign/vec4 v0xca0e766c0_0, 0;
    %pushi/vec4 1, 0, 1;
    %assign/vec4 v0xca0e7e260_0, 0;
    %pushi/vec4 64, 0, 8;
    %assign/vec4 v0xca0e757c0_0, 0;
    %jmp T_47.47;
T_47.38 ;
    %load/vec4 v0xca0e75900_0;
    %assign/vec4 v0xca0e80d20_0, 0;
    %load/vec4 v0xca0e75900_0;
    %assign/vec4 v0xca0e76620_0, 0;
    %pushi/vec4 1, 0, 1;
    %assign/vec4 v0xca0e766c0_0, 0;
    %load/vec4 v0xca0e7e120_0;
    %pad/u 32;
    %pushi/vec4 32, 0, 32;
    %or;
    %pad/u 5;
    %assign/vec4 v0xca0e7e120_0, 0;
    %pushi/vec4 1, 0, 1;
    %assign/vec4 v0xca0e7e260_0, 0;
    %pushi/vec4 64, 0, 8;
    %assign/vec4 v0xca0e757c0_0, 0;
    %jmp T_47.47;
T_47.39 ;
    %pushi/vec4 0, 0, 32;
    %assign/vec4 v0xca0e77020_0, 0;
    %pushi/vec4 0, 0, 1;
    %assign/vec4 v0xca0e7d0e0_0, 0;
    %pushi/vec4 1, 0, 1;
    %assign/vec4 v0xca0e7de00_0, 0;
    %pushi/vec4 1, 0, 1;
    %assign/vec4 v0xca0e7e260_0, 0;
    %load/vec4 v0xca0e75900_0;
    %pushi/vec4 4294967294, 0, 32;
    %and;
    %assign/vec4 v0xca0e80d20_0, 0;
    %load/vec4 v0xca0e75900_0;
    %assign/vec4 v0xca0e76620_0, 0;
    %pushi/vec4 1, 0, 1;
    %assign/vec4 v0xca0e766c0_0, 0;
    %pushi/vec4 64, 0, 8;
    %assign/vec4 v0xca0e757c0_0, 0;
    %jmp T_47.47;
T_47.40 ;
    %pushi/vec4 1, 0, 1;
    %assign/vec4 v0xca0e7e260_0, 0;
    %load/vec4 v0xca0e7d220_0;
    %assign/vec4 v0xca0e80d20_0, 0;
    %load/vec4 v0xca0e75900_0;
    %pushi/vec4 0, 0, 32;
    %or;
    %assign/vec4 v0xca0e7d220_0, 0;
    %load/vec4 v0xca0e75900_0;
    %assign/vec4 v0xca0e76620_0, 0;
    %pushi/vec4 1, 0, 1;
    %assign/vec4 v0xca0e766c0_0, 0;
    %pushi/vec4 64, 0, 8;
    %assign/vec4 v0xca0e757c0_0, 0;
    %jmp T_47.47;
T_47.41 ;
    %pushi/vec4 1, 0, 1;
    %assign/vec4 v0xca0e7e260_0, 0;
    %load/vec4 v0xca0e81180_0;
    %assign/vec4 v0xca0e80d20_0, 0;
    %load/vec4 v0xca0e75900_0;
    %assign/vec4 v0xca0e81180_0, 0;
    %load/vec4 v0xca0e75900_0;
    %assign/vec4 v0xca0e76620_0, 0;
    %pushi/vec4 1, 0, 1;
    %assign/vec4 v0xca0e766c0_0, 0;
    %pushi/vec4 64, 0, 8;
    %assign/vec4 v0xca0e757c0_0, 0;
    %jmp T_47.47;
T_47.42 ;
    %load/vec4 v0xca0e75900_0;
    %assign/vec4 v0xca0e80be0_0, 0;
    %load/vec4 v0xca0e75900_0;
    %assign/vec4 v0xca0e76620_0, 0;
    %pushi/vec4 1, 0, 1;
    %assign/vec4 v0xca0e766c0_0, 0;
    %pushi/vec4 1, 0, 8;
    %assign/vec4 v0xca0e757c0_0, 0;
    %pushi/vec4 1, 0, 1;
    %assign/vec4 v0xca0e7e6c0_0, 0;
    %jmp T_47.47;
T_47.43 ;
    %load/vec4 v0xca0e75900_0;
    %assign/vec4 v0xca0e80be0_0, 0;
    %load/vec4 v0xca0e75900_0;
    %assign/vec4 v0xca0e76620_0, 0;
    %pushi/vec4 1, 0, 1;
    %assign/vec4 v0xca0e766c0_0, 0;
    %load/vec4 v0xca0e76c60_0;
    %assign/vec4 v0xca0e80e60_0, 0;
    %pushi/vec4 4, 0, 8;
    %assign/vec4 v0xca0e757c0_0, 0;
    %jmp T_47.47;
T_47.44 ;
    %load/vec4 v0xca0e75900_0;
    %assign/vec4 v0xca0e80be0_0, 0;
    %load/vec4 v0xca0e75900_0;
    %assign/vec4 v0xca0e76620_0, 0;
    %pushi/vec4 1, 0, 1;
    %assign/vec4 v0xca0e766c0_0, 0;
    %load/vec4 v0xca0e7db80_0;
    %flag_set/vec4 9;
    %flag_get/vec4 9;
    %jmp/0 T_47.69, 9;
    %pushi/vec4 0, 0, 1;
    %and;
T_47.69;
    %flag_set/vec4 8;
    %jmp/0 T_47.67, 8;
    %load/vec4 v0xca0e76c60_0;
    %pad/u 32;
    %jmp/1 T_47.68, 8;
T_47.67 ; End of true expr.
    %load/vec4 v0xca0e76940_0;
    %jmp/0 T_47.68, 8;
 ; End of false expr.
    %blend;
T_47.68;
    %assign/vec4 v0xca0e80c80_0, 0;
    %load/vec4 v0xca0e7e580_0;
    %assign/vec4 v0xca0e7e6c0_0, 0;
    %pushi/vec4 8, 0, 8;
    %assign/vec4 v0xca0e757c0_0, 0;
    %jmp T_47.47;
T_47.45 ;
    %load/vec4 v0xca0e75900_0;
    %assign/vec4 v0xca0e80be0_0, 0;
    %load/vec4 v0xca0e75900_0;
    %assign/vec4 v0xca0e76620_0, 0;
    %pushi/vec4 1, 0, 1;
    %assign/vec4 v0xca0e766c0_0, 0;
    %load/vec4 v0xca0e7db80_0;
    %flag_set/vec4 9;
    %flag_get/vec4 9;
    %jmp/0 T_47.72, 9;
    %pushi/vec4 0, 0, 1;
    %and;
T_47.72;
    %flag_set/vec4 8;
    %jmp/0 T_47.70, 8;
    %load/vec4 v0xca0e76c60_0;
    %pad/u 32;
    %jmp/1 T_47.71, 8;
T_47.70 ; End of true expr.
    %load/vec4 v0xca0e76940_0;
    %jmp/0 T_47.71, 8;
 ; End of false expr.
    %blend;
T_47.71;
    %assign/vec4 v0xca0e80c80_0, 0;
    %load/vec4 v0xca0e7e580_0;
    %assign/vec4 v0xca0e7e6c0_0, 0;
    %pushi/vec4 8, 0, 8;
    %assign/vec4 v0xca0e757c0_0, 0;
    %jmp T_47.47;
T_47.47 ;
    %pop/vec4 1;
    %jmp T_47.15;
T_47.10 ;
    %load/vec4 v0xca0e759a0_0;
    %pad/u 5;
    %assign/vec4 v0xca0e80e60_0, 0;
    %load/vec4 v0xca0e759a0_0;
    %assign/vec4 v0xca0e80c80_0, 0;
    %load/vec4 v0xca0e759a0_0;
    %assign/vec4 v0xca0e76760_0, 0;
    %pushi/vec4 1, 0, 1;
    %assign/vec4 v0xca0e76800_0, 0;
    %pushi/vec4 1, 0, 1;
    %dup/vec4;
    %pushi/vec4 0, 0, 1;
    %cmp/u;
    %jmp/1 T_47.73, 6;
    %dup/vec4;
    %load/vec4 v0xca0e7da40_0;
    %cmp/u;
    %jmp/1 T_47.74, 6;
    %dup/vec4;
    %load/vec4 v0xca0e7dae0_0;
    %flag_set/vec4 8;
    %flag_get/vec4 8;
    %jmp/0 T_47.78, 8;
    %pushi/vec4 1, 0, 1;
    %and;
T_47.78;
    %cmp/u;
    %jmp/1 T_47.75, 6;
    %load/vec4 v0xca0e7e580_0;
    %assign/vec4 v0xca0e7e6c0_0, 0;
    %pushi/vec4 8, 0, 8;
    %assign/vec4 v0xca0e757c0_0, 0;
    %jmp T_47.77;
T_47.73 ;
    %pushi/vec4 1, 0, 1;
    %assign/vec4 v0xca0e80500_0, 0;
    %load/vec4 v0xca0e7fd40_0;
    %flag_set/vec4 8;
    %jmp/0xz  T_47.79, 8;
    %pushi/vec4 1, 0, 1;
    %assign/vec4 v0xca0e7e6c0_0, 0;
    %pushi/vec4 0, 0, 1;
    %assign/vec4 v0xca0e80500_0, 0;
    %load/vec4 v0xca0e7fca0_0;
    %assign/vec4 v0xca0e80d20_0, 0;
    %load/vec4 v0xca0e7fe80_0;
    %assign/vec4 v0xca0e7e260_0, 0;
    %pushi/vec4 64, 0, 8;
    %assign/vec4 v0xca0e757c0_0, 0;
    %jmp T_47.80;
T_47.79 ;
    %pushi/vec4 1, 0, 1;
    %flag_set/vec4 9;
    %flag_get/vec4 9;
    %jmp/0 T_47.83, 9;
    %load/vec4 v0xca0e80460_0;
    %flag_set/vec4 9;
    %flag_get/vec4 9;
    %jmp/1 T_47.84, 9;
    %load/vec4 v0xca0e777a0_0;
    %or;
T_47.84;
    %and;
T_47.83;
    %flag_set/vec4 8;
    %jmp/0xz  T_47.81, 8;
    %pushi/vec4 0, 0, 1;
    %assign/vec4 v0xca0e80500_0, 0;
    %pushi/vec4 128, 0, 8;
    %assign/vec4 v0xca0e757c0_0, 0;
T_47.81 ;
T_47.80 ;
    %jmp T_47.77;
T_47.74 ;
    %pushi/vec4 2, 0, 8;
    %assign/vec4 v0xca0e757c0_0, 0;
    %pushi/vec4 1, 0, 1;
    %assign/vec4 v0xca0e7e6c0_0, 0;
    %jmp T_47.77;
T_47.75 ;
    %pushi/vec4 4, 0, 8;
    %assign/vec4 v0xca0e757c0_0, 0;
    %jmp T_47.77;
T_47.77 ;
    %pop/vec4 1;
    %jmp T_47.15;
T_47.11 ;
    %load/vec4 v0xca0e80dc0_0;
    %load/vec4 v0xca0e76940_0;
    %add;
    %assign/vec4 v0xca0e80d20_0, 0;
    %load/vec4 v0xca0e7d540_0;
    %flag_set/vec4 8;
    %jmp/0xz  T_47.85, 8;
    %pushi/vec4 0, 0, 5;
    %assign/vec4 v0xca0e7e120_0, 0;
    %load/vec4 v0xca0e74be0_0;
    %assign/vec4 v0xca0e7e260_0, 0;
    %load/vec4 v0xca0e74be0_0;
    %assign/vec4 v0xca0e7de00_0, 0;
    %load/vec4 v0xca0e7e800_0;
    %flag_set/vec4 8;
    %jmp/0xz  T_47.87, 8;
    %pushi/vec4 64, 0, 8;
    %assign/vec4 v0xca0e757c0_0, 0;
T_47.87 ;
    %load/vec4 v0xca0e74be0_0;
    %flag_set/vec4 8;
    %jmp/0xz  T_47.89, 8;
    %pushi/vec4 0, 0, 1;
    %assign/vec4 v0xca0e76e40_0, 0;
    %pushi/vec4 1, 0, 1;
    %store/vec4 v0xca0e81040_0, 0, 1;
T_47.89 ;
    %jmp T_47.86;
T_47.85 ;
    %load/vec4 v0xca0e77a20_0;
    %assign/vec4 v0xca0e7de00_0, 0;
    %pushi/vec4 1, 0, 1;
    %assign/vec4 v0xca0e7e260_0, 0;
    %pushi/vec4 1, 0, 1;
    %assign/vec4 v0xca0e7e1c0_0, 0;
    %pushi/vec4 64, 0, 8;
    %assign/vec4 v0xca0e757c0_0, 0;
T_47.86 ;
    %jmp T_47.15;
T_47.12 ;
    %pushi/vec4 1, 0, 1;
    %assign/vec4 v0xca0e7e260_0, 0;
    %load/vec4 v0xca0e80e60_0;
    %pad/u 32;
    %cmpi/e 0, 0, 32;
    %jmp/0xz  T_47.91, 4;
    %load/vec4 v0xca0e80be0_0;
    %assign/vec4 v0xca0e80d20_0, 0;
    %load/vec4 v0xca0e7e580_0;
    %assign/vec4 v0xca0e7e6c0_0, 0;
    %pushi/vec4 64, 0, 8;
    %assign/vec4 v0xca0e757c0_0, 0;
    %jmp T_47.92;
T_47.91 ;
    %pushi/vec4 1, 0, 1;
    %flag_set/vec4 9;
    %flag_get/vec4 9;
    %jmp/0 T_47.95, 9;
    %pushi/vec4 4, 0, 32;
    %load/vec4 v0xca0e80e60_0;
    %pad/u 32;
    %cmp/u;
    %flag_get/vec4 4;
    %flag_get/vec4 5;
    %or;
    %and;
T_47.95;
    %flag_set/vec4 8;
    %jmp/0xz  T_47.93, 8;
    %pushi/vec4 1, 0, 1;
    %dup/vec4;
    %load/vec4 v0xca0e7c640_0;
    %flag_set/vec4 8;
    %flag_get/vec4 8;
    %jmp/1 T_47.100, 8;
    %load/vec4 v0xca0e7c5a0_0;
    %or;
T_47.100;
    %cmp/u;
    %jmp/1 T_47.96, 6;
    %dup/vec4;
    %load/vec4 v0xca0e7cb40_0;
    %flag_set/vec4 8;
    %flag_get/vec4 8;
    %jmp/1 T_47.101, 8;
    %load/vec4 v0xca0e7caa0_0;
    %or;
T_47.101;
    %cmp/u;
    %jmp/1 T_47.97, 6;
    %dup/vec4;
    %load/vec4 v0xca0e7ca00_0;
    %flag_set/vec4 8;
    %flag_get/vec4 8;
    %jmp/1 T_47.102, 8;
    %load/vec4 v0xca0e7c960_0;
    %or;
T_47.102;
    %cmp/u;
    %jmp/1 T_47.98, 6;
    %jmp T_47.99;
T_47.96 ;
    %load/vec4 v0xca0e80be0_0;
    %ix/load 4, 4, 0;
    %flag_set/imm 4, 0;
    %shiftl 4;
    %assign/vec4 v0xca0e80be0_0, 0;
    %jmp T_47.99;
T_47.97 ;
    %load/vec4 v0xca0e80be0_0;
    %ix/load 4, 4, 0;
    %flag_set/imm 4, 0;
    %shiftr 4;
    %assign/vec4 v0xca0e80be0_0, 0;
    %jmp T_47.99;
T_47.98 ;
    %load/vec4 v0xca0e80be0_0;
    %ix/load 4, 4, 0;
    %flag_set/imm 4, 0;
    %shiftr/s 4;
    %assign/vec4 v0xca0e80be0_0, 0;
    %jmp T_47.99;
T_47.99 ;
    %pop/vec4 1;
    %load/vec4 v0xca0e80e60_0;
    %subi 4, 0, 5;
    %assign/vec4 v0xca0e80e60_0, 0;
    %jmp T_47.94;
T_47.93 ;
    %pushi/vec4 1, 0, 1;
    %dup/vec4;
    %load/vec4 v0xca0e7c640_0;
    %flag_set/vec4 8;
    %flag_get/vec4 8;
    %jmp/1 T_47.107, 8;
    %load/vec4 v0xca0e7c5a0_0;
    %or;
T_47.107;
    %cmp/u;
    %jmp/1 T_47.103, 6;
    %dup/vec4;
    %load/vec4 v0xca0e7cb40_0;
    %flag_set/vec4 8;
    %flag_get/vec4 8;
    %jmp/1 T_47.108, 8;
    %load/vec4 v0xca0e7caa0_0;
    %or;
T_47.108;
    %cmp/u;
    %jmp/1 T_47.104, 6;
    %dup/vec4;
    %load/vec4 v0xca0e7ca00_0;
    %flag_set/vec4 8;
    %flag_get/vec4 8;
    %jmp/1 T_47.109, 8;
    %load/vec4 v0xca0e7c960_0;
    %or;
T_47.109;
    %cmp/u;
    %jmp/1 T_47.105, 6;
    %jmp T_47.106;
T_47.103 ;
    %load/vec4 v0xca0e80be0_0;
    %ix/load 4, 1, 0;
    %flag_set/imm 4, 0;
    %shiftl 4;
    %assign/vec4 v0xca0e80be0_0, 0;
    %jmp T_47.106;
T_47.104 ;
    %load/vec4 v0xca0e80be0_0;
    %ix/load 4, 1, 0;
    %flag_set/imm 4, 0;
    %shiftr 4;
    %assign/vec4 v0xca0e80be0_0, 0;
    %jmp T_47.106;
T_47.105 ;
    %load/vec4 v0xca0e80be0_0;
    %ix/load 4, 1, 0;
    %flag_set/imm 4, 0;
    %shiftr/s 4;
    %assign/vec4 v0xca0e80be0_0, 0;
    %jmp T_47.106;
T_47.106 ;
    %pop/vec4 1;
    %load/vec4 v0xca0e80e60_0;
    %subi 1, 0, 5;
    %assign/vec4 v0xca0e80e60_0, 0;
T_47.94 ;
T_47.92 ;
    %jmp T_47.15;
T_47.13 ;
    %load/vec4 v0xca0e7e580_0;
    %nor/r;
    %flag_set/vec4 8;
    %jmp/1 T_47.112, 8;
    %load/vec4 v0xca0e7e800_0;
    %flag_set/vec4 9;
    %flag_or 8, 9;
T_47.112;
    %jmp/0xz  T_47.110, 8;
    %load/vec4 v0xca0e7e760_0;
    %nor/r;
    %flag_set/vec4 8;
    %jmp/0xz  T_47.113, 8;
    %pushi/vec4 1, 0, 1;
    %dup/vec4;
    %load/vec4 v0xca0e7c3c0_0;
    %cmp/u;
    %jmp/1 T_47.115, 6;
    %dup/vec4;
    %load/vec4 v0xca0e7c500_0;
    %cmp/u;
    %jmp/1 T_47.116, 6;
    %dup/vec4;
    %load/vec4 v0xca0e7cc80_0;
    %cmp/u;
    %jmp/1 T_47.117, 6;
    %jmp T_47.118;
T_47.115 ;
    %pushi/vec4 2, 0, 2;
    %assign/vec4 v0xca0e7f520_0, 0;
    %jmp T_47.118;
T_47.116 ;
    %pushi/vec4 1, 0, 2;
    %assign/vec4 v0xca0e7f520_0, 0;
    %jmp T_47.118;
T_47.117 ;
    %pushi/vec4 0, 0, 2;
    %assign/vec4 v0xca0e7f520_0, 0;
    %jmp T_47.118;
T_47.118 ;
    %pop/vec4 1;
    %load/vec4 v0xca0e80be0_0;
    %load/vec4 v0xca0e76940_0;
    %add;
    %assign/vec4 v0xca0e80be0_0, 0;
    %pushi/vec4 1, 0, 1;
    %store/vec4 v0xca0e810e0_0, 0, 1;
T_47.113 ;
    %load/vec4 v0xca0e7e580_0;
    %nor/r;
    %flag_set/vec4 9;
    %flag_get/vec4 9;
    %jmp/0 T_47.121, 9;
    %load/vec4 v0xca0e7e800_0;
    %and;
T_47.121;
    %flag_set/vec4 8;
    %jmp/0xz  T_47.119, 8;
    %pushi/vec4 64, 0, 8;
    %assign/vec4 v0xca0e757c0_0, 0;
    %pushi/vec4 1, 0, 1;
    %assign/vec4 v0xca0e76e40_0, 0;
    %pushi/vec4 1, 0, 1;
    %assign/vec4 v0xca0e76d00_0, 0;
T_47.119 ;
T_47.110 ;
    %jmp T_47.15;
T_47.14 ;
    %pushi/vec4 1, 0, 1;
    %assign/vec4 v0xca0e7e260_0, 0;
    %load/vec4 v0xca0e7e580_0;
    %nor/r;
    %flag_set/vec4 8;
    %jmp/1 T_47.124, 8;
    %load/vec4 v0xca0e7e800_0;
    %flag_set/vec4 9;
    %flag_or 8, 9;
T_47.124;
    %jmp/0xz  T_47.122, 8;
    %load/vec4 v0xca0e7e620_0;
    %nor/r;
    %flag_set/vec4 8;
    %jmp/0xz  T_47.125, 8;
    %pushi/vec4 1, 0, 1;
    %dup/vec4;
    %load/vec4 v0xca0e77ac0_0;
    %flag_set/vec4 8;
    %flag_get/vec4 8;
    %jmp/1 T_47.131, 8;
    %load/vec4 v0xca0e77b60_0;
    %or;
T_47.131;
    %cmp/u;
    %jmp/1 T_47.127, 6;
    %dup/vec4;
    %load/vec4 v0xca0e77c00_0;
    %flag_set/vec4 8;
    %flag_get/vec4 8;
    %jmp/1 T_47.132, 8;
    %load/vec4 v0xca0e77ca0_0;
    %or;
T_47.132;
    %cmp/u;
    %jmp/1 T_47.128, 6;
    %dup/vec4;
    %load/vec4 v0xca0e77de0_0;
    %cmp/u;
    %jmp/1 T_47.129, 6;
    %jmp T_47.130;
T_47.127 ;
    %pushi/vec4 2, 0, 2;
    %assign/vec4 v0xca0e7f520_0, 0;
    %jmp T_47.130;
T_47.128 ;
    %pushi/vec4 1, 0, 2;
    %assign/vec4 v0xca0e7f520_0, 0;
    %jmp T_47.130;
T_47.129 ;
    %pushi/vec4 0, 0, 2;
    %assign/vec4 v0xca0e7f520_0, 0;
    %jmp T_47.130;
T_47.130 ;
    %pop/vec4 1;
    %load/vec4 v0xca0e7d7c0_0;
    %assign/vec4 v0xca0e7e080_0, 0;
    %load/vec4 v0xca0e77c00_0;
    %assign/vec4 v0xca0e7dfe0_0, 0;
    %load/vec4 v0xca0e77ac0_0;
    %assign/vec4 v0xca0e7df40_0, 0;
    %load/vec4 v0xca0e80be0_0;
    %load/vec4 v0xca0e76940_0;
    %add;
    %assign/vec4 v0xca0e80be0_0, 0;
    %pushi/vec4 1, 0, 1;
    %store/vec4 v0xca0e80fa0_0, 0, 1;
T_47.125 ;
    %load/vec4 v0xca0e7e580_0;
    %nor/r;
    %flag_set/vec4 9;
    %flag_get/vec4 9;
    %jmp/0 T_47.135, 9;
    %load/vec4 v0xca0e7e800_0;
    %and;
T_47.135;
    %flag_set/vec4 8;
    %jmp/0xz  T_47.133, 8;
    %pushi/vec4 1, 0, 1;
    %dup/vec4;
    %load/vec4 v0xca0e7e080_0;
    %cmp/u;
    %jmp/1 T_47.136, 6;
    %dup/vec4;
    %load/vec4 v0xca0e7dfe0_0;
    %cmp/u;
    %jmp/1 T_47.137, 6;
    %dup/vec4;
    %load/vec4 v0xca0e7df40_0;
    %cmp/u;
    %jmp/1 T_47.138, 6;
    %jmp T_47.139;
T_47.136 ;
    %load/vec4 v0xca0e7f200_0;
    %assign/vec4 v0xca0e80d20_0, 0;
    %jmp T_47.139;
T_47.137 ;
    %load/vec4 v0xca0e7f200_0;
    %parti/s 16, 0, 2;
    %pad/s 32;
    %assign/vec4 v0xca0e80d20_0, 0;
    %jmp T_47.139;
T_47.138 ;
    %load/vec4 v0xca0e7f200_0;
    %parti/s 8, 0, 2;
    %pad/s 32;
    %assign/vec4 v0xca0e80d20_0, 0;
    %jmp T_47.139;
T_47.139 ;
    %pop/vec4 1;
    %pushi/vec4 1, 0, 1;
    %assign/vec4 v0xca0e76e40_0, 0;
    %pushi/vec4 1, 0, 1;
    %assign/vec4 v0xca0e76d00_0, 0;
    %pushi/vec4 64, 0, 8;
    %assign/vec4 v0xca0e757c0_0, 0;
T_47.133 ;
T_47.122 ;
    %jmp T_47.15;
T_47.15 ;
    %pop/vec4 1;
T_47.6 ;
    %pushi/vec4 1, 0, 1;
    %flag_set/vec4 10;
    %flag_get/vec4 10;
    %jmp/0 T_47.143, 10;
    %load/vec4 v0xca0e80f00_0;
    %and;
T_47.143;
    %flag_set/vec4 9;
    %flag_get/vec4 9;
    %jmp/0 T_47.142, 9;
    %load/vec4 v0xca0e7e620_0;
    %flag_set/vec4 9;
    %flag_get/vec4 9;
    %jmp/1 T_47.144, 9;
    %load/vec4 v0xca0e7e760_0;
    %or;
T_47.144;
    %and;
T_47.142;
    %flag_set/vec4 8;
    %jmp/0xz  T_47.140, 8;
    %load/vec4 v0xca0e7f520_0;
    %pad/u 32;
    %cmpi/e 0, 0, 32;
    %flag_get/vec4 4;
    %jmp/0 T_47.147, 4;
    %load/vec4 v0xca0e80be0_0;
    %parti/s 2, 0, 2;
    %pad/u 32;
    %pushi/vec4 0, 0, 32;
    %cmp/ne;
    %flag_get/vec4 4;
    %and;
T_47.147;
    %flag_set/vec4 8;
    %jmp/0xz  T_47.145, 8;
    %pushi/vec4 128, 0, 8;
    %assign/vec4 v0xca0e757c0_0, 0;
T_47.145 ;
    %load/vec4 v0xca0e7f520_0;
    %pad/u 32;
    %cmpi/e 1, 0, 32;
    %flag_get/vec4 4;
    %jmp/0 T_47.150, 4;
    %load/vec4 v0xca0e80be0_0;
    %parti/s 1, 0, 2;
    %pad/u 32;
    %pushi/vec4 0, 0, 32;
    %cmp/ne;
    %flag_get/vec4 4;
    %and;
T_47.150;
    %flag_set/vec4 8;
    %jmp/0xz  T_47.148, 8;
    %pushi/vec4 128, 0, 8;
    %assign/vec4 v0xca0e757c0_0, 0;
T_47.148 ;
T_47.140 ;
    %pushi/vec4 1, 0, 1;
    %flag_set/vec4 11;
    %flag_get/vec4 11;
    %jmp/0 T_47.155, 11;
    %load/vec4 v0xca0e80f00_0;
    %and;
T_47.155;
    %flag_set/vec4 10;
    %flag_get/vec4 10;
    %jmp/0 T_47.154, 10;
    %load/vec4 v0xca0e7e6c0_0;
    %and;
T_47.154;
    %flag_set/vec4 9;
    %flag_get/vec4 9;
    %jmp/0 T_47.153, 9;
    %load/vec4 v0xca0e80dc0_0;
    %parti/s 2, 0, 2;
    %or/r;
    %and;
T_47.153;
    %flag_set/vec4 8;
    %jmp/0xz  T_47.151, 8;
    %pushi/vec4 128, 0, 8;
    %assign/vec4 v0xca0e757c0_0, 0;
T_47.151 ;
    %load/vec4 v0xca0e80f00_0;
    %nor/r;
    %flag_set/vec4 8;
    %jmp/1 T_47.158, 8;
    %load/vec4 v0xca0e7e800_0;
    %flag_set/vec4 9;
    %flag_or 8, 9;
T_47.158;
    %jmp/0xz  T_47.156, 8;
    %pushi/vec4 0, 0, 1;
    %assign/vec4 v0xca0e7e580_0, 0;
    %pushi/vec4 0, 0, 1;
    %assign/vec4 v0xca0e7e6c0_0, 0;
    %pushi/vec4 0, 0, 1;
    %assign/vec4 v0xca0e7e620_0, 0;
    %pushi/vec4 0, 0, 1;
    %assign/vec4 v0xca0e7e760_0, 0;
T_47.156 ;
    %load/vec4 v0xca0e81040_0;
    %flag_set/vec4 8;
    %jmp/0xz  T_47.159, 8;
    %pushi/vec4 1, 0, 1;
    %assign/vec4 v0xca0e7e6c0_0, 0;
T_47.159 ;
    %load/vec4 v0xca0e80fa0_0;
    %flag_set/vec4 8;
    %jmp/0xz  T_47.161, 8;
    %pushi/vec4 1, 0, 1;
    %assign/vec4 v0xca0e7e620_0, 0;
T_47.161 ;
    %load/vec4 v0xca0e810e0_0;
    %flag_set/vec4 8;
    %jmp/0xz  T_47.163, 8;
    %pushi/vec4 1, 0, 1;
    %assign/vec4 v0xca0e7e760_0, 0;
T_47.163 ;
    %load/vec4 v0xca0e7f840_0;
    %pushi/vec4 4294967295, 0, 32;
    %and;
    %assign/vec4 v0xca0e7d2c0_0, 0;
    %pushi/vec4 4294967295, 4294967295, 32;
    %store/vec4 v0xca0e75b80_0, 0, 32;
    %jmp T_47;
    .thread T_47;
    .scope S_0x10382b7f0;
T_48 ;
    %wait E_0xca11a9300;
    %load/vec4 v0xca0e826c0_0;
    %flag_set/vec4 8;
    %jmp/0xz  T_48.0, 8;
    %pushi/vec4 0, 0, 32;
    %assign/vec4 v0xca0e82800_0, 0;
    %pushi/vec4 0, 0, 32;
    %assign/vec4 v0xca0e829e0_0, 0;
    %pushi/vec4 0, 0, 1;
    %assign/vec4 v0xca0e82bc0_0, 0;
    %pushi/vec4 0, 0, 4;
    %assign/vec4 v0xca0e82a80_0, 0;
    %pushi/vec4 0, 0, 1;
    %assign/vec4 v0xca0e82b20_0, 0;
    %pushi/vec4 0, 0, 1;
    %assign/vec4 v0xca0e828a0_0, 0;
    %pushi/vec4 0, 0, 2;
    %assign/vec4 v0xca0e823a0_0, 0;
    %jmp T_48.1;
T_48.0 ;
    %load/vec4 v0xca0e823a0_0;
    %dup/vec4;
    %pushi/vec4 0, 0, 2;
    %cmp/u;
    %jmp/1 T_48.2, 6;
    %dup/vec4;
    %pushi/vec4 1, 0, 2;
    %cmp/u;
    %jmp/1 T_48.3, 6;
    %dup/vec4;
    %pushi/vec4 2, 0, 2;
    %cmp/u;
    %jmp/1 T_48.4, 6;
    %pushi/vec4 0, 0, 2;
    %assign/vec4 v0xca0e823a0_0, 0;
    %jmp T_48.6;
T_48.2 ;
    %load/vec4 v0xca0e81c20_0;
    %flag_set/vec4 8;
    %jmp/0xz  T_48.7, 8;
    %load/vec4 v0xca0e819a0_0;
    %assign/vec4 v0xca0e82800_0, 0;
    %load/vec4 v0xca0e81cc0_0;
    %assign/vec4 v0xca0e829e0_0, 0;
    %load/vec4 v0xca0e82c60_0;
    %assign/vec4 v0xca0e82bc0_0, 0;
    %load/vec4 v0xca0e81d60_0;
    %assign/vec4 v0xca0e82a80_0, 0;
    %pushi/vec4 1, 0, 1;
    %assign/vec4 v0xca0e82b20_0, 0;
    %pushi/vec4 1, 0, 1;
    %assign/vec4 v0xca0e828a0_0, 0;
    %pushi/vec4 1, 0, 2;
    %assign/vec4 v0xca0e823a0_0, 0;
    %jmp T_48.8;
T_48.7 ;
    %pushi/vec4 0, 0, 1;
    %assign/vec4 v0xca0e81b80_0, 0;
    %pushi/vec4 0, 0, 1;
    %assign/vec4 v0xca0e82b20_0, 0;
    %pushi/vec4 0, 0, 1;
    %assign/vec4 v0xca0e828a0_0, 0;
    %pushi/vec4 0, 0, 1;
    %assign/vec4 v0xca0e82bc0_0, 0;
T_48.8 ;
    %jmp T_48.6;
T_48.3 ;
    %load/vec4 v0xca0e82760_0;
    %flag_set/vec4 8;
    %jmp/0xz  T_48.9, 8;
    %load/vec4 v0xca0e82940_0;
    %assign/vec4 v0xca0e81ae0_0, 0;
    %pushi/vec4 1, 0, 1;
    %assign/vec4 v0xca0e81b80_0, 0;
    %pushi/vec4 2, 0, 2;
    %assign/vec4 v0xca0e823a0_0, 0;
    %pushi/vec4 0, 0, 1;
    %assign/vec4 v0xca0e82b20_0, 0;
    %pushi/vec4 0, 0, 1;
    %assign/vec4 v0xca0e828a0_0, 0;
    %pushi/vec4 0, 0, 1;
    %assign/vec4 v0xca0e82bc0_0, 0;
T_48.9 ;
    %jmp T_48.6;
T_48.4 ;
    %pushi/vec4 0, 0, 1;
    %assign/vec4 v0xca0e81b80_0, 0;
    %pushi/vec4 0, 0, 2;
    %assign/vec4 v0xca0e823a0_0, 0;
    %jmp T_48.6;
T_48.6 ;
    %pop/vec4 1;
T_48.1 ;
    %jmp T_48;
    .thread T_48;
    .scope S_0xca0e5dc80;
T_49 ;
    %wait E_0xca11a9600;
    %load/vec4 v0xca0e8ed00_0;
    %assign/vec4 v0xca0e8ee40_0, 0;
    %load/vec4 v0xca0e8ee40_0;
    %assign/vec4 v0xca0e8eee0_0, 0;
    %jmp T_49;
    .thread T_49;
    .scope S_0xca0e5dc80;
T_50 ;
    %wait E_0xca11a9600;
    %load/vec4 v0xca0e8ec60_0;
    %nor/r;
    %flag_set/vec4 8;
    %jmp/0xz  T_50.0, 8;
    %pushi/vec4 0, 0, 2;
    %assign/vec4 v0xca0e8ef80_0, 0;
    %pushi/vec4 0, 0, 16;
    %assign/vec4 v0xca0e8eb20_0, 0;
    %pushi/vec4 0, 0, 3;
    %assign/vec4 v0xca0e8e9e0_0, 0;
    %pushi/vec4 0, 0, 8;
    %assign/vec4 v0xca0e8ebc0_0, 0;
    %pushi/vec4 0, 0, 1;
    %assign/vec4 v0xca0e8f020_0, 0;
    %jmp T_50.1;
T_50.0 ;
    %pushi/vec4 0, 0, 1;
    %assign/vec4 v0xca0e8f020_0, 0;
    %load/vec4 v0xca0e8ef80_0;
    %dup/vec4;
    %pushi/vec4 0, 0, 2;
    %cmp/u;
    %jmp/1 T_50.2, 6;
    %dup/vec4;
    %pushi/vec4 1, 0, 2;
    %cmp/u;
    %jmp/1 T_50.3, 6;
    %dup/vec4;
    %pushi/vec4 2, 0, 2;
    %cmp/u;
    %jmp/1 T_50.4, 6;
    %dup/vec4;
    %pushi/vec4 3, 0, 2;
    %cmp/u;
    %jmp/1 T_50.5, 6;
    %pushi/vec4 0, 0, 2;
    %assign/vec4 v0xca0e8ef80_0, 0;
    %jmp T_50.7;
T_50.2 ;
    %pushi/vec4 0, 0, 16;
    %assign/vec4 v0xca0e8eb20_0, 0;
    %pushi/vec4 0, 0, 3;
    %assign/vec4 v0xca0e8e9e0_0, 0;
    %load/vec4 v0xca0e8eda0_0;
    %cmpi/e 0, 0, 1;
    %jmp/0xz  T_50.8, 4;
    %pushi/vec4 1, 0, 2;
    %assign/vec4 v0xca0e8ef80_0, 0;
T_50.8 ;
    %jmp T_50.7;
T_50.3 ;
    %load/vec4 v0xca0e8eb20_0;
    %pad/u 32;
    %cmpi/e 7, 0, 32;
    %jmp/0xz  T_50.10, 4;
    %load/vec4 v0xca0e8eda0_0;
    %cmpi/e 0, 0, 1;
    %jmp/0xz  T_50.12, 4;
    %pushi/vec4 0, 0, 16;
    %assign/vec4 v0xca0e8eb20_0, 0;
    %pushi/vec4 2, 0, 2;
    %assign/vec4 v0xca0e8ef80_0, 0;
    %jmp T_50.13;
T_50.12 ;
    %pushi/vec4 0, 0, 2;
    %assign/vec4 v0xca0e8ef80_0, 0;
T_50.13 ;
    %jmp T_50.11;
T_50.10 ;
    %load/vec4 v0xca0e8eb20_0;
    %addi 1, 0, 16;
    %assign/vec4 v0xca0e8eb20_0, 0;
T_50.11 ;
    %jmp T_50.7;
T_50.4 ;
    %load/vec4 v0xca0e8eb20_0;
    %pad/u 32;
    %cmpi/u 15, 0, 32;
    %jmp/0xz  T_50.14, 5;
    %load/vec4 v0xca0e8eb20_0;
    %addi 1, 0, 16;
    %assign/vec4 v0xca0e8eb20_0, 0;
    %jmp T_50.15;
T_50.14 ;
    %pushi/vec4 0, 0, 16;
    %assign/vec4 v0xca0e8eb20_0, 0;
    %load/vec4 v0xca0e8eda0_0;
    %ix/load 5, 0, 0;
    %ix/getv 4, v0xca0e8e9e0_0;
    %assign/vec4/off/d v0xca0e8ebc0_0, 4, 5;
    %load/vec4 v0xca0e8e9e0_0;
    %pad/u 32;
    %cmpi/u 7, 0, 32;
    %jmp/0xz  T_50.16, 5;
    %load/vec4 v0xca0e8e9e0_0;
    %addi 1, 0, 3;
    %assign/vec4 v0xca0e8e9e0_0, 0;
    %jmp T_50.17;
T_50.16 ;
    %pushi/vec4 0, 0, 3;
    %assign/vec4 v0xca0e8e9e0_0, 0;
    %pushi/vec4 3, 0, 2;
    %assign/vec4 v0xca0e8ef80_0, 0;
T_50.17 ;
T_50.15 ;
    %jmp T_50.7;
T_50.5 ;
    %load/vec4 v0xca0e8eb20_0;
    %pad/u 32;
    %cmpi/u 15, 0, 32;
    %jmp/0xz  T_50.18, 5;
    %load/vec4 v0xca0e8eb20_0;
    %addi 1, 0, 16;
    %assign/vec4 v0xca0e8eb20_0, 0;
    %jmp T_50.19;
T_50.18 ;
    %pushi/vec4 0, 0, 16;
    %assign/vec4 v0xca0e8eb20_0, 0;
    %pushi/vec4 1, 0, 1;
    %assign/vec4 v0xca0e8f020_0, 0;
    %pushi/vec4 0, 0, 2;
    %assign/vec4 v0xca0e8ef80_0, 0;
T_50.19 ;
    %jmp T_50.7;
T_50.7 ;
    %pop/vec4 1;
T_50.1 ;
    %jmp T_50;
    .thread T_50;
    .scope S_0xca0e5d800;
T_51 ;
    %wait E_0xca11a9600;
    %load/vec4 v0xca0e8e440_0;
    %nor/r;
    %flag_set/vec4 8;
    %jmp/0xz  T_51.0, 8;
    %pushi/vec4 0, 0, 4;
    %assign/vec4 v0xca0e8e6c0_0, 0;
    %pushi/vec4 1, 0, 1;
    %assign/vec4 v0xca0e8e120_0, 0;
    %pushi/vec4 0, 0, 1;
    %assign/vec4 v0xca0e8e8a0_0, 0;
    %pushi/vec4 0, 0, 1;
    %assign/vec4 v0xca0e8e300_0, 0;
    %pushi/vec4 0, 0, 11;
    %assign/vec4 v0xca0e8dd60_0, 0;
    %pushi/vec4 0, 0, 2;
    %assign/vec4 v0xca0e8de00_0, 0;
    %pushi/vec4 0, 0, 8;
    %assign/vec4 v0xca0e8e940_0, 0;
    %pushi/vec4 65535, 0, 16;
    %assign/vec4 v0xca0e8dfe0_0, 0;
    %jmp T_51.1;
T_51.0 ;
    %pushi/vec4 0, 0, 1;
    %assign/vec4 v0xca0e8e8a0_0, 0;
    %pushi/vec4 0, 0, 1;
    %assign/vec4 v0xca0e8e300_0, 0;
    %load/vec4 v0xca0e8e6c0_0;
    %dup/vec4;
    %pushi/vec4 0, 0, 4;
    %cmp/u;
    %jmp/1 T_51.2, 6;
    %dup/vec4;
    %pushi/vec4 1, 0, 4;
    %cmp/u;
    %jmp/1 T_51.3, 6;
    %dup/vec4;
    %pushi/vec4 2, 0, 4;
    %cmp/u;
    %jmp/1 T_51.4, 6;
    %dup/vec4;
    %pushi/vec4 3, 0, 4;
    %cmp/u;
    %jmp/1 T_51.5, 6;
    %dup/vec4;
    %pushi/vec4 4, 0, 4;
    %cmp/u;
    %jmp/1 T_51.6, 6;
    %dup/vec4;
    %pushi/vec4 5, 0, 4;
    %cmp/u;
    %jmp/1 T_51.7, 6;
    %dup/vec4;
    %pushi/vec4 6, 0, 4;
    %cmp/u;
    %jmp/1 T_51.8, 6;
    %dup/vec4;
    %pushi/vec4 7, 0, 4;
    %cmp/u;
    %jmp/1 T_51.9, 6;
    %dup/vec4;
    %pushi/vec4 8, 0, 4;
    %cmp/u;
    %jmp/1 T_51.10, 6;
    %dup/vec4;
    %pushi/vec4 9, 0, 4;
    %cmp/u;
    %jmp/1 T_51.11, 6;
    %dup/vec4;
    %pushi/vec4 10, 0, 4;
    %cmp/u;
    %jmp/1 T_51.12, 6;
    %pushi/vec4 0, 0, 4;
    %assign/vec4 v0xca0e8e6c0_0, 0;
    %jmp T_51.14;
T_51.2 ;
    %load/vec4 v0xca0e8e620_0;
    %flag_set/vec4 9;
    %flag_get/vec4 9;
    %jmp/0 T_51.17, 9;
    %load/vec4 v0xca0e8e580_0;
    %pushi/vec4 126, 0, 8;
    %cmp/e;
    %flag_get/vec4 4;
    %and;
T_51.17;
    %flag_set/vec4 8;
    %jmp/0xz  T_51.15, 8;
    %pushi/vec4 65535, 0, 16;
    %assign/vec4 v0xca0e8dfe0_0, 0;
    %pushi/vec4 1, 0, 4;
    %assign/vec4 v0xca0e8e6c0_0, 0;
T_51.15 ;
    %jmp T_51.14;
T_51.3 ;
    %load/vec4 v0xca0e8e620_0;
    %flag_set/vec4 8;
    %jmp/0xz  T_51.18, 8;
    %load/vec4 v0xca0e8e580_0;
    %assign/vec4 v0xca0e8df40_0, 0;
    %load/vec4 v0xca0e8dfe0_0;
    %load/vec4 v0xca0e8e580_0;
    %store/vec4 v0xca0e8da40_0, 0, 8;
    %store/vec4 v0xca0e8dc20_0, 0, 16;
    %callf/vec4 TD_tb_dbg.dut.loader_i.crc16_next, S_0xca0e5db00;
    %assign/vec4 v0xca0e8dfe0_0, 0;
    %load/vec4 v0xca0e8e580_0;
    %cmpi/e 1, 0, 8;
    %jmp/0xz  T_51.20, 4;
    %pushi/vec4 2, 0, 4;
    %assign/vec4 v0xca0e8e6c0_0, 0;
    %jmp T_51.21;
T_51.20 ;
    %load/vec4 v0xca0e8e580_0;
    %cmpi/e 2, 0, 8;
    %jmp/0xz  T_51.22, 4;
    %pushi/vec4 6, 0, 4;
    %assign/vec4 v0xca0e8e6c0_0, 0;
    %jmp T_51.23;
T_51.22 ;
    %pushi/vec4 0, 0, 4;
    %assign/vec4 v0xca0e8e6c0_0, 0;
T_51.23 ;
T_51.21 ;
T_51.18 ;
    %jmp T_51.14;
T_51.4 ;
    %load/vec4 v0xca0e8e620_0;
    %flag_set/vec4 8;
    %jmp/0xz  T_51.24, 8;
    %load/vec4 v0xca0e8e580_0;
    %ix/load 5, 0, 0;
    %ix/load 4, 0, 0;
    %flag_set/imm 4, 0;
    %assign/vec4/off/d v0xca0e8dd60_0, 4, 5;
    %load/vec4 v0xca0e8dfe0_0;
    %load/vec4 v0xca0e8e580_0;
    %store/vec4 v0xca0e8da40_0, 0, 8;
    %store/vec4 v0xca0e8dc20_0, 0, 16;
    %callf/vec4 TD_tb_dbg.dut.loader_i.crc16_next, S_0xca0e5db00;
    %assign/vec4 v0xca0e8dfe0_0, 0;
    %pushi/vec4 3, 0, 4;
    %assign/vec4 v0xca0e8e6c0_0, 0;
T_51.24 ;
    %jmp T_51.14;
T_51.5 ;
    %load/vec4 v0xca0e8e620_0;
    %flag_set/vec4 8;
    %jmp/0xz  T_51.26, 8;
    %load/vec4 v0xca0e8e580_0;
    %parti/s 3, 0, 2;
    %ix/load 5, 0, 0;
    %ix/load 4, 8, 0;
    %flag_set/imm 4, 0;
    %assign/vec4/off/d v0xca0e8dd60_0, 4, 5;
    %load/vec4 v0xca0e8dfe0_0;
    %load/vec4 v0xca0e8e580_0;
    %store/vec4 v0xca0e8da40_0, 0, 8;
    %store/vec4 v0xca0e8dc20_0, 0, 16;
    %callf/vec4 TD_tb_dbg.dut.loader_i.crc16_next, S_0xca0e5db00;
    %assign/vec4 v0xca0e8dfe0_0, 0;
    %pushi/vec4 4, 0, 4;
    %assign/vec4 v0xca0e8e6c0_0, 0;
T_51.26 ;
    %jmp T_51.14;
T_51.6 ;
    %load/vec4 v0xca0e8e620_0;
    %flag_set/vec4 8;
    %jmp/0xz  T_51.28, 8;
    %load/vec4 v0xca0e8e580_0;
    %assign/vec4 v0xca0e8e3a0_0, 0;
    %load/vec4 v0xca0e8dfe0_0;
    %load/vec4 v0xca0e8e580_0;
    %store/vec4 v0xca0e8da40_0, 0, 8;
    %store/vec4 v0xca0e8dc20_0, 0, 16;
    %callf/vec4 TD_tb_dbg.dut.loader_i.crc16_next, S_0xca0e5db00;
    %assign/vec4 v0xca0e8dfe0_0, 0;
    %pushi/vec4 0, 0, 8;
    %assign/vec4 v0xca0e8e940_0, 0;
    %pushi/vec4 0, 0, 2;
    %assign/vec4 v0xca0e8de00_0, 0;
    %load/vec4 v0xca0e8e580_0;
    %cmpi/e 0, 0, 8;
    %jmp/0xz  T_51.30, 4;
    %pushi/vec4 6, 0, 4;
    %assign/vec4 v0xca0e8e6c0_0, 0;
    %jmp T_51.31;
T_51.30 ;
    %pushi/vec4 5, 0, 4;
    %assign/vec4 v0xca0e8e6c0_0, 0;
T_51.31 ;
T_51.28 ;
    %jmp T_51.14;
T_51.7 ;
    %load/vec4 v0xca0e8e620_0;
    %flag_set/vec4 8;
    %jmp/0xz  T_51.32, 8;
    %load/vec4 v0xca0e8dfe0_0;
    %load/vec4 v0xca0e8e580_0;
    %store/vec4 v0xca0e8da40_0, 0, 8;
    %store/vec4 v0xca0e8dc20_0, 0, 16;
    %callf/vec4 TD_tb_dbg.dut.loader_i.crc16_next, S_0xca0e5db00;
    %assign/vec4 v0xca0e8dfe0_0, 0;
    %load/vec4 v0xca0e8de00_0;
    %dup/vec4;
    %pushi/vec4 0, 0, 2;
    %cmp/u;
    %jmp/1 T_51.34, 6;
    %dup/vec4;
    %pushi/vec4 1, 0, 2;
    %cmp/u;
    %jmp/1 T_51.35, 6;
    %dup/vec4;
    %pushi/vec4 2, 0, 2;
    %cmp/u;
    %jmp/1 T_51.36, 6;
    %dup/vec4;
    %pushi/vec4 3, 0, 2;
    %cmp/u;
    %jmp/1 T_51.37, 6;
    %jmp T_51.38;
T_51.34 ;
    %load/vec4 v0xca0e8e580_0;
    %ix/load 5, 0, 0;
    %ix/load 4, 0, 0;
    %flag_set/imm 4, 0;
    %assign/vec4/off/d v0xca0e8e080_0, 4, 5;
    %jmp T_51.38;
T_51.35 ;
    %load/vec4 v0xca0e8e580_0;
    %ix/load 5, 0, 0;
    %ix/load 4, 8, 0;
    %flag_set/imm 4, 0;
    %assign/vec4/off/d v0xca0e8e080_0, 4, 5;
    %jmp T_51.38;
T_51.36 ;
    %load/vec4 v0xca0e8e580_0;
    %ix/load 5, 0, 0;
    %ix/load 4, 16, 0;
    %flag_set/imm 4, 0;
    %assign/vec4/off/d v0xca0e8e080_0, 4, 5;
    %jmp T_51.38;
T_51.37 ;
    %load/vec4 v0xca0e8e580_0;
    %ix/load 5, 0, 0;
    %ix/load 4, 24, 0;
    %flag_set/imm 4, 0;
    %assign/vec4/off/d v0xca0e8e080_0, 4, 5;
    %jmp T_51.38;
T_51.38 ;
    %pop/vec4 1;
    %load/vec4 v0xca0e8de00_0;
    %cmpi/e 3, 0, 2;
    %jmp/0xz  T_51.39, 4;
    %pushi/vec4 1, 0, 1;
    %assign/vec4 v0xca0e8e300_0, 0;
    %load/vec4 v0xca0e8dd60_0;
    %assign/vec4 v0xca0e8e1c0_0, 0;
    %load/vec4 v0xca0e8e580_0;
    %load/vec4 v0xca0e8e080_0;
    %parti/s 24, 0, 2;
    %concat/vec4; draw_concat_vec4
    %assign/vec4 v0xca0e8e260_0, 0;
    %load/vec4 v0xca0e8dd60_0;
    %addi 1, 0, 11;
    %assign/vec4 v0xca0e8dd60_0, 0;
    %pushi/vec4 0, 0, 2;
    %assign/vec4 v0xca0e8de00_0, 0;
    %load/vec4 v0xca0e8e940_0;
    %addi 1, 0, 8;
    %assign/vec4 v0xca0e8e940_0, 0;
    %load/vec4 v0xca0e8e940_0;
    %addi 1, 0, 8;
    %load/vec4 v0xca0e8e3a0_0;
    %cmp/e;
    %jmp/0xz  T_51.41, 4;
    %pushi/vec4 6, 0, 4;
    %assign/vec4 v0xca0e8e6c0_0, 0;
T_51.41 ;
    %jmp T_51.40;
T_51.39 ;
    %load/vec4 v0xca0e8de00_0;
    %addi 1, 0, 2;
    %assign/vec4 v0xca0e8de00_0, 0;
T_51.40 ;
T_51.32 ;
    %jmp T_51.14;
T_51.8 ;
    %load/vec4 v0xca0e8e620_0;
    %flag_set/vec4 8;
    %jmp/0xz  T_51.43, 8;
    %load/vec4 v0xca0e8e580_0;
    %ix/load 5, 0, 0;
    %ix/load 4, 8, 0;
    %flag_set/imm 4, 0;
    %assign/vec4/off/d v0xca0e8e4e0_0, 4, 5;
    %pushi/vec4 7, 0, 4;
    %assign/vec4 v0xca0e8e6c0_0, 0;
T_51.43 ;
    %jmp T_51.14;
T_51.9 ;
    %load/vec4 v0xca0e8e620_0;
    %flag_set/vec4 8;
    %jmp/0xz  T_51.45, 8;
    %load/vec4 v0xca0e8e580_0;
    %ix/load 5, 0, 0;
    %ix/load 4, 0, 0;
    %flag_set/imm 4, 0;
    %assign/vec4/off/d v0xca0e8e4e0_0, 4, 5;
    %pushi/vec4 8, 0, 4;
    %assign/vec4 v0xca0e8e6c0_0, 0;
T_51.45 ;
    %jmp T_51.14;
T_51.10 ;
    %load/vec4 v0xca0e8e4e0_0;
    %load/vec4 v0xca0e8dfe0_0;
    %cmp/e;
    %jmp/0xz  T_51.47, 4;
    %pushi/vec4 121, 0, 8;
    %assign/vec4 v0xca0e8e800_0, 0;
    %pushi/vec4 1, 0, 1;
    %assign/vec4 v0xca0e8e8a0_0, 0;
    %jmp T_51.48;
T_51.47 ;
    %pushi/vec4 110, 0, 8;
    %assign/vec4 v0xca0e8e800_0, 0;
    %pushi/vec4 1, 0, 1;
    %assign/vec4 v0xca0e8e8a0_0, 0;
T_51.48 ;
    %pushi/vec4 9, 0, 4;
    %assign/vec4 v0xca0e8e6c0_0, 0;
    %jmp T_51.14;
T_51.11 ;
    %load/vec4 v0xca0e8e760_0;
    %nor/r;
    %flag_set/vec4 9;
    %flag_get/vec4 9;
    %jmp/0 T_51.51, 9;
    %load/vec4 v0xca0e8e8a0_0;
    %nor/r;
    %and;
T_51.51;
    %flag_set/vec4 8;
    %jmp/0xz  T_51.49, 8;
    %load/vec4 v0xca0e8e4e0_0;
    %load/vec4 v0xca0e8dfe0_0;
    %cmp/e;
    %flag_get/vec4 4;
    %jmp/0 T_51.54, 4;
    %load/vec4 v0xca0e8df40_0;
    %pushi/vec4 2, 0, 8;
    %cmp/e;
    %flag_get/vec4 4;
    %and;
T_51.54;
    %flag_set/vec4 8;
    %jmp/0xz  T_51.52, 8;
    %pushi/vec4 0, 0, 1;
    %assign/vec4 v0xca0e8e120_0, 0;
    %pushi/vec4 10, 0, 4;
    %assign/vec4 v0xca0e8e6c0_0, 0;
    %jmp T_51.53;
T_51.52 ;
    %pushi/vec4 0, 0, 4;
    %assign/vec4 v0xca0e8e6c0_0, 0;
T_51.53 ;
T_51.49 ;
    %jmp T_51.14;
T_51.12 ;
    %pushi/vec4 0, 0, 1;
    %assign/vec4 v0xca0e8e120_0, 0;
    %jmp T_51.14;
T_51.14 ;
    %pop/vec4 1;
T_51.1 ;
    %jmp T_51;
    .thread T_51;
    .scope S_0xca0e5d680;
T_52 ;
    %wait E_0xca11a9880;
    %load/vec4 v0xca0e89220_0;
    %flag_set/vec4 8;
    %jmp/0 T_52.0, 8;
    %load/vec4 v0xca0e8d220_0;
    %load/vec4 v0xca0e8d2c0_0;
    %sub;
    %jmp/1 T_52.1, 8;
T_52.0 ; End of true expr.
    %load/vec4 v0xca0e8d220_0;
    %load/vec4 v0xca0e8d2c0_0;
    %add;
    %jmp/0 T_52.1, 8;
 ; End of false expr.
    %blend;
T_52.1;
    %store/vec4 v0xca0e84f00_0, 0, 32;
    %load/vec4 v0xca0e8d220_0;
    %load/vec4 v0xca0e8d2c0_0;
    %cmp/e;
    %flag_get/vec4 4;
    %store/vec4 v0xca0e84fa0_0, 0, 1;
    %load/vec4 v0xca0e8d220_0;
    %load/vec4 v0xca0e8d2c0_0;
    %cmp/s;
    %flag_get/vec4 5;
    %store/vec4 v0xca0e85040_0, 0, 1;
    %load/vec4 v0xca0e8d220_0;
    %load/vec4 v0xca0e8d2c0_0;
    %cmp/u;
    %flag_get/vec4 5;
    %store/vec4 v0xca0e850e0_0, 0, 1;
    %load/vec4 v0xca0e8d220_0;
    %load/vec4 v0xca0e8d2c0_0;
    %parti/s 5, 0, 2;
    %ix/vec4 4;
    %shiftl 4;
    %store/vec4 v0xca0e85400_0, 0, 32;
    %load/vec4 v0xca0e88fa0_0;
    %flag_set/vec4 8;
    %jmp/1 T_52.4, 8;
    %load/vec4 v0xca0e89040_0;
    %flag_set/vec4 9;
    %flag_or 8, 9;
T_52.4;
    %jmp/0 T_52.2, 8;
    %load/vec4 v0xca0e8d220_0;
    %parti/s 1, 31, 6;
    %jmp/1 T_52.3, 8;
T_52.2 ; End of true expr.
    %pushi/vec4 0, 0, 1;
    %jmp/0 T_52.3, 8;
 ; End of false expr.
    %blend;
T_52.3;
    %load/vec4 v0xca0e8d220_0;
    %concat/vec4; draw_concat_vec4
    %load/vec4 v0xca0e8d2c0_0;
    %parti/s 5, 0, 2;
    %ix/vec4 4;
    %shiftr/s 4;
    %pad/s 32;
    %store/vec4 v0xca0e854a0_0, 0, 32;
    %jmp T_52;
    .thread T_52, $push;
    .scope S_0xca0e5cf00;
T_53 ;
    %end;
    .thread T_53;
    .scope S_0xca0e5cf00;
T_54 ;
    %wait E_0xca11a9840;
    %pushi/vec4 0, 0, 1;
    %store/vec4 v0xca0e8c500_0, 0, 1;
    %pushi/vec4 4294967295, 4294967295, 32;
    %store/vec4 v0xca0e8c320_0, 0, 32;
    %pushi/vec4 0, 0, 1;
    %store/vec4 v0xca0e8c460_0, 0, 1;
    %pushi/vec4 0, 0, 1;
    %store/vec4 v0xca0e8c3c0_0, 0, 1;
    %pushi/vec4 1, 0, 1;
    %dup/vec4;
    %pushi/vec4 0, 0, 1;
    %cmp/u;
    %jmp/1 T_54.0, 6;
    %dup/vec4;
    %pushi/vec4 0, 0, 1;
    %cmp/u;
    %jmp/1 T_54.1, 6;
    %dup/vec4;
    %pushi/vec4 0, 0, 1;
    %cmp/u;
    %jmp/1 T_54.2, 6;
    %jmp T_54.3;
T_54.0 ;
    %pushi/vec4 0, 0, 1;
    %store/vec4 v0xca0e8c500_0, 0, 1;
    %pushi/vec4 0, 0, 32;
    %store/vec4 v0xca0e8c320_0, 0, 32;
    %jmp T_54.3;
T_54.1 ;
    %load/vec4 v0xca0e8c780_0;
    %store/vec4 v0xca0e8c500_0, 0, 1;
    %load/vec4 v0xca0e8c5a0_0;
    %store/vec4 v0xca0e8c320_0, 0, 32;
    %jmp T_54.3;
T_54.2 ;
    %load/vec4 v0xca0e8c1e0_0;
    %store/vec4 v0xca0e8c500_0, 0, 1;
    %load/vec4 v0xca0e8c000_0;
    %store/vec4 v0xca0e8c320_0, 0, 32;
    %jmp T_54.3;
T_54.3 ;
    %pop/vec4 1;
    %jmp T_54;
    .thread T_54, $push;
    .scope S_0xca0e5cf00;
T_55 ;
    %wait E_0xca11a9600;
    %load/vec4 v0xca0e8d540_0;
    %nor/r;
    %flag_set/vec4 8;
    %jmp/0xz  T_55.0, 8;
    %pushi/vec4 0, 0, 1;
    %assign/vec4 v0xca0e8b0c0_0, 0;
    %pushi/vec4 0, 0, 1;
    %assign/vec4 v0xca0e8a3a0_0, 0;
    %jmp T_55.1;
T_55.0 ;
    %load/vec4 v0xca0e8a3a0_0;
    %nor/r;
    %flag_set/vec4 8;
    %jmp/0xz  T_55.2, 8;
    %load/vec4 v0xca0e8b020_0;
    %assign/vec4 v0xca0e8b0c0_0, 0;
T_55.2 ;
    %load/vec4 v0xca0e8ba20_0;
    %flag_set/vec4 8;
    %flag_get/vec4 8;
    %jmp/0 T_55.4, 8;
    %load/vec4 v0xca0e8b8e0_0;
    %nor/r;
    %and;
T_55.4;
    %assign/vec4 v0xca0e8a3a0_0, 0;
T_55.1 ;
    %jmp T_55;
    .thread T_55;
    .scope S_0xca0e5cf00;
T_56 ;
    %wait E_0xca11a9800;
    %load/vec4 v0xca0e8bb60_0;
    %dup/vec4;
    %pushi/vec4 0, 0, 2;
    %cmp/u;
    %jmp/1 T_56.0, 6;
    %dup/vec4;
    %pushi/vec4 1, 0, 2;
    %cmp/u;
    %jmp/1 T_56.1, 6;
    %dup/vec4;
    %pushi/vec4 2, 0, 2;
    %cmp/u;
    %jmp/1 T_56.2, 6;
    %jmp T_56.3;
T_56.0 ;
    %load/vec4 v0xca0e8d2c0_0;
    %store/vec4 v0xca0e8b3e0_0, 0, 32;
    %pushi/vec4 15, 0, 4;
    %store/vec4 v0xca0e8b520_0, 0, 4;
    %load/vec4 v0xca0e8b5c0_0;
    %store/vec4 v0xca0e8b840_0, 0, 32;
    %jmp T_56.3;
T_56.1 ;
    %load/vec4 v0xca0e8d2c0_0;
    %parti/s 16, 0, 2;
    %replicate 2;
    %store/vec4 v0xca0e8b3e0_0, 0, 32;
    %load/vec4 v0xca0e8d220_0;
    %parti/s 1, 1, 2;
    %flag_set/vec4 8;
    %jmp/0 T_56.4, 8;
    %pushi/vec4 12, 0, 4;
    %jmp/1 T_56.5, 8;
T_56.4 ; End of true expr.
    %pushi/vec4 3, 0, 4;
    %jmp/0 T_56.5, 8;
 ; End of false expr.
    %blend;
T_56.5;
    %store/vec4 v0xca0e8b520_0, 0, 4;
    %load/vec4 v0xca0e8d220_0;
    %parti/s 1, 1, 2;
    %dup/vec4;
    %pushi/vec4 0, 0, 1;
    %cmp/u;
    %jmp/1 T_56.6, 6;
    %dup/vec4;
    %pushi/vec4 1, 0, 1;
    %cmp/u;
    %jmp/1 T_56.7, 6;
    %jmp T_56.8;
T_56.6 ;
    %pushi/vec4 0, 0, 16;
    %load/vec4 v0xca0e8b5c0_0;
    %parti/s 16, 0, 2;
    %concat/vec4; draw_concat_vec4
    %store/vec4 v0xca0e8b840_0, 0, 32;
    %jmp T_56.8;
T_56.7 ;
    %pushi/vec4 0, 0, 16;
    %load/vec4 v0xca0e8b5c0_0;
    %parti/s 16, 16, 6;
    %concat/vec4; draw_concat_vec4
    %store/vec4 v0xca0e8b840_0, 0, 32;
    %jmp T_56.8;
T_56.8 ;
    %pop/vec4 1;
    %jmp T_56.3;
T_56.2 ;
    %load/vec4 v0xca0e8d2c0_0;
    %parti/s 8, 0, 2;
    %replicate 4;
    %store/vec4 v0xca0e8b3e0_0, 0, 32;
    %pushi/vec4 1, 0, 4;
    %load/vec4 v0xca0e8d220_0;
    %parti/s 2, 0, 2;
    %ix/vec4 4;
    %shiftl 4;
    %store/vec4 v0xca0e8b520_0, 0, 4;
    %load/vec4 v0xca0e8d220_0;
    %parti/s 2, 0, 2;
    %dup/vec4;
    %pushi/vec4 0, 0, 2;
    %cmp/u;
    %jmp/1 T_56.9, 6;
    %dup/vec4;
    %pushi/vec4 1, 0, 2;
    %cmp/u;
    %jmp/1 T_56.10, 6;
    %dup/vec4;
    %pushi/vec4 2, 0, 2;
    %cmp/u;
    %jmp/1 T_56.11, 6;
    %dup/vec4;
    %pushi/vec4 3, 0, 2;
    %cmp/u;
    %jmp/1 T_56.12, 6;
    %jmp T_56.13;
T_56.9 ;
    %pushi/vec4 0, 0, 24;
    %load/vec4 v0xca0e8b5c0_0;
    %parti/s 8, 0, 2;
    %concat/vec4; draw_concat_vec4
    %store/vec4 v0xca0e8b840_0, 0, 32;
    %jmp T_56.13;
T_56.10 ;
    %pushi/vec4 0, 0, 24;
    %load/vec4 v0xca0e8b5c0_0;
    %parti/s 8, 8, 5;
    %concat/vec4; draw_concat_vec4
    %store/vec4 v0xca0e8b840_0, 0, 32;
    %jmp T_56.13;
T_56.11 ;
    %pushi/vec4 0, 0, 24;
    %load/vec4 v0xca0e8b5c0_0;
    %parti/s 8, 16, 6;
    %concat/vec4; draw_concat_vec4
    %store/vec4 v0xca0e8b840_0, 0, 32;
    %jmp T_56.13;
T_56.12 ;
    %pushi/vec4 0, 0, 24;
    %load/vec4 v0xca0e8b5c0_0;
    %parti/s 8, 24, 6;
    %concat/vec4; draw_concat_vec4
    %store/vec4 v0xca0e8b840_0, 0, 32;
    %jmp T_56.13;
T_56.13 ;
    %pop/vec4 1;
    %jmp T_56.3;
T_56.3 ;
    %pop/vec4 1;
    %jmp T_56;
    .thread T_56, $push;
    .scope S_0xca0e5cf00;
T_57 ;
    %wait E_0xca11a9600;
    %load/vec4 v0xca0e8bca0_0;
    %flag_set/vec4 8;
    %jmp/0xz  T_57.0, 8;
    %load/vec4 v0xca0e8b5c0_0;
    %assign/vec4 v0xca0e8b7a0_0, 0;
    %load/vec4 v0xca0e8b5c0_0;
    %assign/vec4 v0xca0e8bde0_0, 0;
T_57.0 ;
    %jmp T_57;
    .thread T_57;
    .scope S_0xca0e5cf00;
T_58 ;
    %wait E_0xca11a9600;
    %load/vec4 v0xca0e8d540_0;
    %flag_set/vec4 9;
    %flag_get/vec4 9;
    %jmp/0 T_58.2, 9;
    %load/vec4 v0xca0e8d9a0_0;
    %nor/r;
    %and;
T_58.2;
    %flag_set/vec4 8;
    %jmp/0xz  T_58.0, 8;
    %load/vec4 v0xca0e8abc0_0;
    %flag_set/vec4 8;
    %jmp/1 T_58.6, 8;
    %load/vec4 v0xca0e8ad00_0;
    %flag_set/vec4 9;
    %flag_or 8, 9;
T_58.6;
    %jmp/1 T_58.5, 8;
    %load/vec4 v0xca0e8ac60_0;
    %flag_set/vec4 9;
    %flag_or 8, 9;
T_58.5;
    %jmp/0xz  T_58.3, 8;
    %fork TD_tb_dbg.dut.cpu.empty_statement, S_0xca0e5d200;
    %join;
T_58.3 ;
    %load/vec4 v0xca0e8abc0_0;
    %flag_set/vec4 8;
    %jmp/1 T_58.9, 8;
    %load/vec4 v0xca0e8ad00_0;
    %flag_set/vec4 9;
    %flag_or 8, 9;
T_58.9;
    %jmp/0xz  T_58.7, 8;
    %fork TD_tb_dbg.dut.cpu.empty_statement, S_0xca0e5d200;
    %join;
T_58.7 ;
    %load/vec4 v0xca0e8ac60_0;
    %flag_set/vec4 8;
    %jmp/0xz  T_58.10, 8;
    %fork TD_tb_dbg.dut.cpu.empty_statement, S_0xca0e5d200;
    %join;
T_58.10 ;
    %load/vec4 v0xca0e8ada0_0;
    %flag_set/vec4 8;
    %jmp/0xz  T_58.12, 8;
    %fork TD_tb_dbg.dut.cpu.empty_statement, S_0xca0e5d200;
    %join;
T_58.12 ;
    %load/vec4 v0xca0e8b980_0;
    %pad/u 32;
    %cmpi/e 2, 0, 32;
    %jmp/1 T_58.16, 4;
    %flag_mov 8, 4;
    %load/vec4 v0xca0e8b980_0;
    %pad/u 32;
    %cmpi/e 3, 0, 32;
    %flag_or 4, 8;
T_58.16;
    %jmp/0xz  T_58.14, 4;
    %fork TD_tb_dbg.dut.cpu.empty_statement, S_0xca0e5d200;
    %join;
T_58.14 ;
T_58.0 ;
    %jmp T_58;
    .thread T_58;
    .scope S_0xca0e5cf00;
T_59 ;
    %wait E_0xca11a9600;
    %load/vec4 v0xca0e8d540_0;
    %nor/r;
    %flag_set/vec4 8;
    %jmp/1 T_59.2, 8;
    %load/vec4 v0xca0e8d9a0_0;
    %flag_set/vec4 9;
    %flag_or 8, 9;
T_59.2;
    %jmp/0xz  T_59.0, 8;
    %load/vec4 v0xca0e8d540_0;
    %nor/r;
    %flag_set/vec4 8;
    %jmp/0xz  T_59.3, 8;
    %pushi/vec4 0, 0, 2;
    %assign/vec4 v0xca0e8b980_0, 0;
T_59.3 ;
    %load/vec4 v0xca0e8d540_0;
    %nor/r;
    %flag_set/vec4 8;
    %jmp/1 T_59.7, 8;
    %load/vec4 v0xca0e8b8e0_0;
    %flag_set/vec4 9;
    %flag_or 8, 9;
T_59.7;
    %jmp/0xz  T_59.5, 8;
    %pushi/vec4 0, 0, 1;
    %assign/vec4 v0xca0e8ba20_0, 0;
T_59.5 ;
    %pushi/vec4 0, 0, 1;
    %assign/vec4 v0xca0e8b2a0_0, 0;
    %pushi/vec4 0, 0, 1;
    %assign/vec4 v0xca0e8cd20_0, 0;
    %jmp T_59.1;
T_59.0 ;
    %load/vec4 v0xca0e8b200_0;
    %flag_set/vec4 8;
    %jmp/1 T_59.10, 8;
    %load/vec4 v0xca0e8b480_0;
    %flag_set/vec4 9;
    %flag_or 8, 9;
T_59.10;
    %jmp/0xz  T_59.8, 8;
    %load/vec4 v0xca0e8af80_0;
    %assign/vec4 v0xca0e8aa80_0, 0;
    %load/vec4 v0xca0e8b520_0;
    %load/vec4 v0xca0e8b480_0;
    %replicate 4;
    %and;
    %assign/vec4 v0xca0e8bc00_0, 0;
T_59.8 ;
    %load/vec4 v0xca0e8b480_0;
    %flag_set/vec4 8;
    %jmp/0xz  T_59.11, 8;
    %load/vec4 v0xca0e8b3e0_0;
    %assign/vec4 v0xca0e8bac0_0, 0;
T_59.11 ;
    %load/vec4 v0xca0e8b980_0;
    %dup/vec4;
    %pushi/vec4 0, 0, 2;
    %cmp/u;
    %jmp/1 T_59.13, 6;
    %dup/vec4;
    %pushi/vec4 1, 0, 2;
    %cmp/u;
    %jmp/1 T_59.14, 6;
    %dup/vec4;
    %pushi/vec4 2, 0, 2;
    %cmp/u;
    %jmp/1 T_59.15, 6;
    %dup/vec4;
    %pushi/vec4 3, 0, 2;
    %cmp/u;
    %jmp/1 T_59.16, 6;
    %jmp T_59.17;
T_59.13 ;
    %load/vec4 v0xca0e8abc0_0;
    %flag_set/vec4 8;
    %jmp/1 T_59.21, 8;
    %load/vec4 v0xca0e8ad00_0;
    %flag_set/vec4 9;
    %flag_or 8, 9;
T_59.21;
    %jmp/1 T_59.20, 8;
    %load/vec4 v0xca0e8ac60_0;
    %flag_set/vec4 9;
    %flag_or 8, 9;
T_59.20;
    %jmp/0xz  T_59.18, 8;
    %load/vec4 v0xca0e8b340_0;
    %nor/r;
    %assign/vec4 v0xca0e8ba20_0, 0;
    %load/vec4 v0xca0e8abc0_0;
    %flag_set/vec4 8;
    %flag_get/vec4 8;
    %jmp/1 T_59.22, 8;
    %load/vec4 v0xca0e8ad00_0;
    %or;
T_59.22;
    %assign/vec4 v0xca0e8aee0_0, 0;
    %pushi/vec4 0, 0, 4;
    %assign/vec4 v0xca0e8bc00_0, 0;
    %pushi/vec4 1, 0, 2;
    %assign/vec4 v0xca0e8b980_0, 0;
T_59.18 ;
    %load/vec4 v0xca0e8ada0_0;
    %flag_set/vec4 8;
    %jmp/0xz  T_59.23, 8;
    %pushi/vec4 1, 0, 1;
    %assign/vec4 v0xca0e8ba20_0, 0;
    %pushi/vec4 0, 0, 1;
    %assign/vec4 v0xca0e8aee0_0, 0;
    %pushi/vec4 2, 0, 2;
    %assign/vec4 v0xca0e8b980_0, 0;
T_59.23 ;
    %jmp T_59.17;
T_59.14 ;
    %fork TD_tb_dbg.dut.cpu.empty_statement, S_0xca0e5d200;
    %join;
    %fork TD_tb_dbg.dut.cpu.empty_statement, S_0xca0e5d200;
    %join;
    %fork TD_tb_dbg.dut.cpu.empty_statement, S_0xca0e5d200;
    %join;
    %fork TD_tb_dbg.dut.cpu.empty_statement, S_0xca0e5d200;
    %join;
    %load/vec4 v0xca0e8bca0_0;
    %flag_set/vec4 8;
    %jmp/0xz  T_59.25, 8;
    %pushi/vec4 0, 0, 1;
    %assign/vec4 v0xca0e8ba20_0, 0;
    %pushi/vec4 0, 0, 1;
    %assign/vec4 v0xca0e8b2a0_0, 0;
    %load/vec4 v0xca0e8ad00_0;
    %flag_set/vec4 8;
    %jmp/1 T_59.29, 8;
    %load/vec4 v0xca0e8ac60_0;
    %flag_set/vec4 9;
    %flag_or 8, 9;
T_59.29;
    %jmp/0 T_59.27, 8;
    %pushi/vec4 0, 0, 3;
    %jmp/1 T_59.28, 8;
T_59.27 ; End of true expr.
    %pushi/vec4 3, 0, 3;
    %jmp/0 T_59.28, 8;
 ; End of false expr.
    %blend;
T_59.28;
    %pad/s 2;
    %assign/vec4 v0xca0e8b980_0, 0;
T_59.25 ;
    %jmp T_59.17;
T_59.15 ;
    %fork TD_tb_dbg.dut.cpu.empty_statement, S_0xca0e5d200;
    %join;
    %fork TD_tb_dbg.dut.cpu.empty_statement, S_0xca0e5d200;
    %join;
    %load/vec4 v0xca0e8bca0_0;
    %flag_set/vec4 8;
    %jmp/0xz  T_59.30, 8;
    %pushi/vec4 0, 0, 1;
    %assign/vec4 v0xca0e8ba20_0, 0;
    %pushi/vec4 0, 0, 2;
    %assign/vec4 v0xca0e8b980_0, 0;
T_59.30 ;
    %jmp T_59.17;
T_59.16 ;
    %fork TD_tb_dbg.dut.cpu.empty_statement, S_0xca0e5d200;
    %join;
    %fork TD_tb_dbg.dut.cpu.empty_statement, S_0xca0e5d200;
    %join;
    %load/vec4 v0xca0e8ad00_0;
    %flag_set/vec4 8;
    %jmp/0xz  T_59.32, 8;
    %pushi/vec4 0, 0, 2;
    %assign/vec4 v0xca0e8b980_0, 0;
T_59.32 ;
    %jmp T_59.17;
T_59.17 ;
    %pop/vec4 1;
T_59.1 ;
    %load/vec4 v0xca0e85a40_0;
    %flag_set/vec4 8;
    %jmp/0xz  T_59.34, 8;
    %pushi/vec4 0, 0, 1;
    %assign/vec4 v0xca0e8cd20_0, 0;
T_59.34 ;
    %jmp T_59;
    .thread T_59;
    .scope S_0xca0e5cf00;
T_60 ;
    %wait E_0xca11a97c0;
    %pushi/vec4 0, 0, 32; draw_string_vec4
    %pushi/vec4 0, 0, 32; draw_string_vec4
    %concat/vec4; draw_string_vec4
    %store/vec4 v0xca0e8bd40_0, 0, 64;
    %load/vec4 v0xca0e883c0_0;
    %flag_set/vec4 8;
    %jmp/0xz  T_60.0, 8;
    %pushi/vec4 0, 0, 32; draw_string_vec4
    %pushi/vec4 7107945, 0, 32; draw_string_vec4
    %concat/vec4; draw_string_vec4
    %store/vec4 v0xca0e8bd40_0, 0, 64;
T_60.0 ;
    %load/vec4 v0xca0e87980_0;
    %flag_set/vec4 8;
    %jmp/0xz  T_60.2, 8;
    %pushi/vec4 97, 0, 32; draw_string_vec4
    %pushi/vec4 1969844323, 0, 32; draw_string_vec4
    %concat/vec4; draw_string_vec4
    %store/vec4 v0xca0e8bd40_0, 0, 64;
T_60.2 ;
    %load/vec4 v0xca0e88000_0;
    %flag_set/vec4 8;
    %jmp/0xz  T_60.4, 8;
    %pushi/vec4 0, 0, 32; draw_string_vec4
    %pushi/vec4 6971756, 0, 32; draw_string_vec4
    %concat/vec4; draw_string_vec4
    %store/vec4 v0xca0e8bd40_0, 0, 64;
T_60.4 ;
    %load/vec4 v0xca0e880a0_0;
    %flag_set/vec4 8;
    %jmp/0xz  T_60.6, 8;
    %pushi/vec4 0, 0, 32; draw_string_vec4
    %pushi/vec4 1784769650, 0, 32; draw_string_vec4
    %concat/vec4; draw_string_vec4
    %store/vec4 v0xca0e8bd40_0, 0, 64;
T_60.6 ;
    %load/vec4 v0xca0e87a20_0;
    %flag_set/vec4 8;
    %jmp/0xz  T_60.8, 8;
    %pushi/vec4 0, 0, 32; draw_string_vec4
    %pushi/vec4 6448497, 0, 32; draw_string_vec4
    %concat/vec4; draw_string_vec4
    %store/vec4 v0xca0e8bd40_0, 0, 64;
T_60.8 ;
    %load/vec4 v0xca0e87d40_0;
    %flag_set/vec4 8;
    %jmp/0xz  T_60.10, 8;
    %pushi/vec4 0, 0, 32; draw_string_vec4
    %pushi/vec4 6450789, 0, 32; draw_string_vec4
    %concat/vec4; draw_string_vec4
    %store/vec4 v0xca0e8bd40_0, 0, 64;
T_60.10 ;
    %load/vec4 v0xca0e87c00_0;
    %flag_set/vec4 8;
    %jmp/0xz  T_60.12, 8;
    %pushi/vec4 0, 0, 32; draw_string_vec4
    %pushi/vec4 6450292, 0, 32; draw_string_vec4
    %concat/vec4; draw_string_vec4
    %store/vec4 v0xca0e8bd40_0, 0, 64;
T_60.12 ;
    %load/vec4 v0xca0e87ac0_0;
    %flag_set/vec4 8;
    %jmp/0xz  T_60.14, 8;
    %pushi/vec4 0, 0, 32; draw_string_vec4
    %pushi/vec4 6448997, 0, 32; draw_string_vec4
    %concat/vec4; draw_string_vec4
    %store/vec4 v0xca0e8bd40_0, 0, 64;
T_60.14 ;
    %load/vec4 v0xca0e87ca0_0;
    %flag_set/vec4 8;
    %jmp/0xz  T_60.16, 8;
    %pushi/vec4 0, 0, 32; draw_string_vec4
    %pushi/vec4 1651274869, 0, 32; draw_string_vec4
    %concat/vec4; draw_string_vec4
    %store/vec4 v0xca0e8bd40_0, 0, 64;
T_60.16 ;
    %load/vec4 v0xca0e87b60_0;
    %flag_set/vec4 8;
    %jmp/0xz  T_60.18, 8;
    %pushi/vec4 0, 0, 32; draw_string_vec4
    %pushi/vec4 1650943349, 0, 32; draw_string_vec4
    %concat/vec4; draw_string_vec4
    %store/vec4 v0xca0e8bd40_0, 0, 64;
T_60.18 ;
    %load/vec4 v0xca0e88140_0;
    %flag_set/vec4 8;
    %jmp/0xz  T_60.20, 8;
    %pushi/vec4 0, 0, 32; draw_string_vec4
    %pushi/vec4 27746, 0, 32; draw_string_vec4
    %concat/vec4; draw_string_vec4
    %store/vec4 v0xca0e8bd40_0, 0, 64;
T_60.20 ;
    %load/vec4 v0xca0e88280_0;
    %flag_set/vec4 8;
    %jmp/0xz  T_60.22, 8;
    %pushi/vec4 0, 0, 32; draw_string_vec4
    %pushi/vec4 27752, 0, 32; draw_string_vec4
    %concat/vec4; draw_string_vec4
    %store/vec4 v0xca0e8bd40_0, 0, 64;
T_60.22 ;
    %load/vec4 v0xca0e88460_0;
    %flag_set/vec4 8;
    %jmp/0xz  T_60.24, 8;
    %pushi/vec4 0, 0, 32; draw_string_vec4
    %pushi/vec4 27767, 0, 32; draw_string_vec4
    %concat/vec4; draw_string_vec4
    %store/vec4 v0xca0e8bd40_0, 0, 64;
T_60.24 ;
    %load/vec4 v0xca0e881e0_0;
    %flag_set/vec4 8;
    %jmp/0xz  T_60.26, 8;
    %pushi/vec4 0, 0, 32; draw_string_vec4
    %pushi/vec4 7103093, 0, 32; draw_string_vec4
    %concat/vec4; draw_string_vec4
    %store/vec4 v0xca0e8bd40_0, 0, 64;
T_60.26 ;
    %load/vec4 v0xca0e88320_0;
    %flag_set/vec4 8;
    %jmp/0xz  T_60.28, 8;
    %pushi/vec4 0, 0, 32; draw_string_vec4
    %pushi/vec4 7104629, 0, 32; draw_string_vec4
    %concat/vec4; draw_string_vec4
    %store/vec4 v0xca0e8bd40_0, 0, 64;
T_60.28 ;
    %load/vec4 v0xca0e88a00_0;
    %flag_set/vec4 8;
    %jmp/0xz  T_60.30, 8;
    %pushi/vec4 0, 0, 32; draw_string_vec4
    %pushi/vec4 29538, 0, 32; draw_string_vec4
    %concat/vec4; draw_string_vec4
    %store/vec4 v0xca0e8bd40_0, 0, 64;
T_60.30 ;
    %load/vec4 v0xca0e88b40_0;
    %flag_set/vec4 8;
    %jmp/0xz  T_60.32, 8;
    %pushi/vec4 0, 0, 32; draw_string_vec4
    %pushi/vec4 29544, 0, 32; draw_string_vec4
    %concat/vec4; draw_string_vec4
    %store/vec4 v0xca0e8bd40_0, 0, 64;
T_60.32 ;
    %load/vec4 v0xca0e892c0_0;
    %flag_set/vec4 8;
    %jmp/0xz  T_60.34, 8;
    %pushi/vec4 0, 0, 32; draw_string_vec4
    %pushi/vec4 29559, 0, 32; draw_string_vec4
    %concat/vec4; draw_string_vec4
    %store/vec4 v0xca0e8bd40_0, 0, 64;
T_60.34 ;
    %load/vec4 v0xca0e877a0_0;
    %flag_set/vec4 8;
    %jmp/0xz  T_60.36, 8;
    %pushi/vec4 0, 0, 32; draw_string_vec4
    %pushi/vec4 1633969257, 0, 32; draw_string_vec4
    %concat/vec4; draw_string_vec4
    %store/vec4 v0xca0e8bd40_0, 0, 64;
T_60.36 ;
    %load/vec4 v0xca0e88dc0_0;
    %flag_set/vec4 8;
    %jmp/0xz  T_60.38, 8;
    %pushi/vec4 0, 0, 32; draw_string_vec4
    %pushi/vec4 1936487529, 0, 32; draw_string_vec4
    %concat/vec4; draw_string_vec4
    %store/vec4 v0xca0e8bd40_0, 0, 64;
T_60.38 ;
    %load/vec4 v0xca0e88e60_0;
    %flag_set/vec4 8;
    %jmp/0xz  T_60.40, 8;
    %pushi/vec4 115, 0, 32; draw_string_vec4
    %pushi/vec4 1819568501, 0, 32; draw_string_vec4
    %concat/vec4; draw_string_vec4
    %store/vec4 v0xca0e8bd40_0, 0, 64;
T_60.40 ;
    %load/vec4 v0xca0e895e0_0;
    %flag_set/vec4 8;
    %jmp/0xz  T_60.42, 8;
    %pushi/vec4 0, 0, 32; draw_string_vec4
    %pushi/vec4 2020569705, 0, 32; draw_string_vec4
    %concat/vec4; draw_string_vec4
    %store/vec4 v0xca0e8bd40_0, 0, 64;
T_60.42 ;
    %load/vec4 v0xca0e88640_0;
    %flag_set/vec4 8;
    %jmp/0xz  T_60.44, 8;
    %pushi/vec4 0, 0, 32; draw_string_vec4
    %pushi/vec4 7303785, 0, 32; draw_string_vec4
    %concat/vec4; draw_string_vec4
    %store/vec4 v0xca0e8bd40_0, 0, 64;
T_60.44 ;
    %load/vec4 v0xca0e878e0_0;
    %flag_set/vec4 8;
    %jmp/0xz  T_60.46, 8;
    %pushi/vec4 0, 0, 32; draw_string_vec4
    %pushi/vec4 1634624617, 0, 32; draw_string_vec4
    %concat/vec4; draw_string_vec4
    %store/vec4 v0xca0e8bd40_0, 0, 64;
T_60.46 ;
    %load/vec4 v0xca0e88c80_0;
    %flag_set/vec4 8;
    %jmp/0xz  T_60.48, 8;
    %pushi/vec4 0, 0, 32; draw_string_vec4
    %pushi/vec4 1936485481, 0, 32; draw_string_vec4
    %concat/vec4; draw_string_vec4
    %store/vec4 v0xca0e8bd40_0, 0, 64;
T_60.48 ;
    %load/vec4 v0xca0e89180_0;
    %flag_set/vec4 8;
    %jmp/0xz  T_60.50, 8;
    %pushi/vec4 0, 0, 32; draw_string_vec4
    %pushi/vec4 1936878697, 0, 32; draw_string_vec4
    %concat/vec4; draw_string_vec4
    %store/vec4 v0xca0e8bd40_0, 0, 64;
T_60.50 ;
    %load/vec4 v0xca0e89040_0;
    %flag_set/vec4 8;
    %jmp/0xz  T_60.52, 8;
    %pushi/vec4 0, 0, 32; draw_string_vec4
    %pushi/vec4 1936875881, 0, 32; draw_string_vec4
    %concat/vec4; draw_string_vec4
    %store/vec4 v0xca0e8bd40_0, 0, 64;
T_60.52 ;
    %load/vec4 v0xca0e87700_0;
    %flag_set/vec4 8;
    %jmp/0xz  T_60.54, 8;
    %pushi/vec4 0, 0, 32; draw_string_vec4
    %pushi/vec4 6382692, 0, 32; draw_string_vec4
    %concat/vec4; draw_string_vec4
    %store/vec4 v0xca0e8bd40_0, 0, 64;
T_60.54 ;
    %load/vec4 v0xca0e89220_0;
    %flag_set/vec4 8;
    %jmp/0xz  T_60.56, 8;
    %pushi/vec4 0, 0, 32; draw_string_vec4
    %pushi/vec4 7566690, 0, 32; draw_string_vec4
    %concat/vec4; draw_string_vec4
    %store/vec4 v0xca0e8bd40_0, 0, 64;
T_60.56 ;
    %load/vec4 v0xca0e88be0_0;
    %flag_set/vec4 8;
    %jmp/0xz  T_60.58, 8;
    %pushi/vec4 0, 0, 32; draw_string_vec4
    %pushi/vec4 7564396, 0, 32; draw_string_vec4
    %concat/vec4; draw_string_vec4
    %store/vec4 v0xca0e8bd40_0, 0, 64;
T_60.58 ;
    %load/vec4 v0xca0e88d20_0;
    %flag_set/vec4 8;
    %jmp/0xz  T_60.60, 8;
    %pushi/vec4 0, 0, 32; draw_string_vec4
    %pushi/vec4 7564404, 0, 32; draw_string_vec4
    %concat/vec4; draw_string_vec4
    %store/vec4 v0xca0e8bd40_0, 0, 64;
T_60.60 ;
    %load/vec4 v0xca0e88f00_0;
    %flag_set/vec4 8;
    %jmp/0xz  T_60.62, 8;
    %pushi/vec4 0, 0, 32; draw_string_vec4
    %pushi/vec4 1936487541, 0, 32; draw_string_vec4
    %concat/vec4; draw_string_vec4
    %store/vec4 v0xca0e8bd40_0, 0, 64;
T_60.62 ;
    %load/vec4 v0xca0e89540_0;
    %flag_set/vec4 8;
    %jmp/0xz  T_60.64, 8;
    %pushi/vec4 0, 0, 32; draw_string_vec4
    %pushi/vec4 7892850, 0, 32; draw_string_vec4
    %concat/vec4; draw_string_vec4
    %store/vec4 v0xca0e8bd40_0, 0, 64;
T_60.64 ;
    %load/vec4 v0xca0e890e0_0;
    %flag_set/vec4 8;
    %jmp/0xz  T_60.66, 8;
    %pushi/vec4 0, 0, 32; draw_string_vec4
    %pushi/vec4 7565932, 0, 32; draw_string_vec4
    %concat/vec4; draw_string_vec4
    %store/vec4 v0xca0e8bd40_0, 0, 64;
T_60.66 ;
    %load/vec4 v0xca0e88fa0_0;
    %flag_set/vec4 8;
    %jmp/0xz  T_60.68, 8;
    %pushi/vec4 0, 0, 32; draw_string_vec4
    %pushi/vec4 7565921, 0, 32; draw_string_vec4
    %concat/vec4; draw_string_vec4
    %store/vec4 v0xca0e8bd40_0, 0, 64;
T_60.68 ;
    %load/vec4 v0xca0e885a0_0;
    %flag_set/vec4 8;
    %jmp/0xz  T_60.70, 8;
    %pushi/vec4 0, 0, 32; draw_string_vec4
    %pushi/vec4 28530, 0, 32; draw_string_vec4
    %concat/vec4; draw_string_vec4
    %store/vec4 v0xca0e8bd40_0, 0, 64;
T_60.70 ;
    %load/vec4 v0xca0e87840_0;
    %flag_set/vec4 8;
    %jmp/0xz  T_60.72, 8;
    %pushi/vec4 0, 0, 32; draw_string_vec4
    %pushi/vec4 6385252, 0, 32; draw_string_vec4
    %concat/vec4; draw_string_vec4
    %store/vec4 v0xca0e8bd40_0, 0, 64;
T_60.72 ;
    %load/vec4 v0xca0e886e0_0;
    %flag_set/vec4 8;
    %jmp/0xz  T_60.74, 8;
    %pushi/vec4 7496803, 0, 32; draw_string_vec4
    %pushi/vec4 2036558949, 0, 32; draw_string_vec4
    %concat/vec4; draw_string_vec4
    %store/vec4 v0xca0e8bd40_0, 0, 64;
T_60.74 ;
    %load/vec4 v0xca0e88780_0;
    %flag_set/vec4 8;
    %jmp/0xz  T_60.76, 8;
    %pushi/vec4 1919181689, 0, 32; draw_string_vec4
    %pushi/vec4 1668048232, 0, 32; draw_string_vec4
    %concat/vec4; draw_string_vec4
    %store/vec4 v0xca0e8bd40_0, 0, 64;
T_60.76 ;
    %load/vec4 v0xca0e88820_0;
    %flag_set/vec4 8;
    %jmp/0xz  T_60.78, 8;
    %pushi/vec4 7496809, 0, 32; draw_string_vec4
    %pushi/vec4 1853060210, 0, 32; draw_string_vec4
    %concat/vec4; draw_string_vec4
    %store/vec4 v0xca0e8bd40_0, 0, 64;
T_60.78 ;
    %load/vec4 v0xca0e888c0_0;
    %flag_set/vec4 8;
    %jmp/0xz  T_60.80, 8;
    %pushi/vec4 1919183214, 0, 32; draw_string_vec4
    %pushi/vec4 1937011304, 0, 32; draw_string_vec4
    %concat/vec4; draw_string_vec4
    %store/vec4 v0xca0e8bd40_0, 0, 64;
T_60.80 ;
    %load/vec4 v0xca0e87e80_0;
    %flag_set/vec4 8;
    %jmp/0xz  T_60.82, 8;
    %pushi/vec4 102, 0, 32; draw_string_vec4
    %pushi/vec4 1701733221, 0, 32; draw_string_vec4
    %concat/vec4; draw_string_vec4
    %store/vec4 v0xca0e8bd40_0, 0, 64;
T_60.82 ;
    %load/vec4 v0xca0e87f20_0;
    %flag_set/vec4 8;
    %jmp/0xz  T_60.84, 8;
    %pushi/vec4 0, 0, 32; draw_string_vec4
    %pushi/vec4 1734702193, 0, 32; draw_string_vec4
    %concat/vec4; draw_string_vec4
    %store/vec4 v0xca0e8bd40_0, 0, 64;
T_60.84 ;
    %load/vec4 v0xca0e88aa0_0;
    %flag_set/vec4 8;
    %jmp/0xz  T_60.86, 8;
    %pushi/vec4 0, 0, 32; draw_string_vec4
    %pushi/vec4 1936028785, 0, 32; draw_string_vec4
    %concat/vec4; draw_string_vec4
    %store/vec4 v0xca0e8bd40_0, 0, 64;
T_60.86 ;
    %load/vec4 v0xca0e88960_0;
    %flag_set/vec4 8;
    %jmp/0xz  T_60.88, 8;
    %pushi/vec4 29285, 0, 32; draw_string_vec4
    %pushi/vec4 1953067633, 0, 32; draw_string_vec4
    %concat/vec4; draw_string_vec4
    %store/vec4 v0xca0e8bd40_0, 0, 64;
T_60.88 ;
    %load/vec4 v0xca0e88500_0;
    %flag_set/vec4 8;
    %jmp/0xz  T_60.90, 8;
    %pushi/vec4 7168371, 0, 32; draw_string_vec4
    %pushi/vec4 1802072689, 0, 32; draw_string_vec4
    %concat/vec4; draw_string_vec4
    %store/vec4 v0xca0e8bd40_0, 0, 64;
T_60.90 ;
    %load/vec4 v0xca0e894a0_0;
    %flag_set/vec4 8;
    %jmp/0xz  T_60.92, 8;
    %pushi/vec4 7823721, 0, 32; draw_string_vec4
    %pushi/vec4 1953067633, 0, 32; draw_string_vec4
    %concat/vec4; draw_string_vec4
    %store/vec4 v0xca0e8bd40_0, 0, 64;
T_60.92 ;
    %load/vec4 v0xca0e89360_0;
    %flag_set/vec4 8;
    %jmp/0xz  T_60.94, 8;
    %pushi/vec4 116, 0, 32; draw_string_vec4
    %pushi/vec4 1768777074, 0, 32; draw_string_vec4
    %concat/vec4; draw_string_vec4
    %store/vec4 v0xca0e8bd40_0, 0, 64;
T_60.94 ;
    %jmp T_60;
    .thread T_60, $push;
    .scope S_0xca0e5cf00;
T_61 ;
    %wait E_0xca11a9600;
    %load/vec4 v0xca0e86260_0;
    %assign/vec4 v0xca0e8cdc0_0, 0;
    %load/vec4 v0xca0e86440_0;
    %assign/vec4 v0xca0e8ce60_0, 0;
    %load/vec4 v0xca0e864e0_0;
    %assign/vec4 v0xca0e8cf00_0, 0;
    %load/vec4 v0xca0e86620_0;
    %assign/vec4 v0xca0e8d040_0, 0;
    %load/vec4 v0xca0e866c0_0;
    %assign/vec4 v0xca0e8d0e0_0, 0;
    %load/vec4 v0xca0e86580_0;
    %assign/vec4 v0xca0e8cfa0_0, 0;
    %load/vec4 v0xca0e8a9e0_0;
    %assign/vec4 v0xca0e86bc0_0, 0;
    %load/vec4 v0xca0e8d540_0;
    %nor/r;
    %flag_set/vec4 8;
    %jmp/1 T_61.2, 8;
    %load/vec4 v0xca0e8d9a0_0;
    %flag_set/vec4 9;
    %flag_or 8, 9;
T_61.2;
    %jmp/0xz  T_61.0, 8;
    %pushi/vec4 0, 0, 1;
    %assign/vec4 v0xca0e86ee0_0, 0;
    %jmp T_61.1;
T_61.0 ;
    %load/vec4 v0xca0e8a9e0_0;
    %flag_set/vec4 8;
    %jmp/0xz  T_61.3, 8;
    %pushi/vec4 1, 0, 1;
    %assign/vec4 v0xca0e86ee0_0, 0;
T_61.3 ;
T_61.1 ;
    %load/vec4 v0xca0e87520_0;
    %flag_set/vec4 8;
    %jmp/0xz  T_61.5, 8;
    %load/vec4 v0xca0e8bd40_0;
    %assign/vec4 v0xca0e85680_0, 0;
    %load/vec4 v0xca0e86f80_0;
    %assign/vec4 v0xca0e85720_0, 0;
    %load/vec4 v0xca0e8bde0_0;
    %parti/s 2, 0, 2;
    %and/r;
    %flag_set/vec4 8;
    %jmp/0xz  T_61.7, 8;
    %load/vec4 v0xca0e8bde0_0;
    %assign/vec4 v0xca0e857c0_0, 0;
    %jmp T_61.8;
T_61.7 ;
    %pushi/vec4 0, 0, 16;
    %load/vec4 v0xca0e8bde0_0;
    %parti/s 16, 0, 2;
    %concat/vec4; draw_concat_vec4
    %assign/vec4 v0xca0e857c0_0, 0;
T_61.8 ;
    %load/vec4 v0xca0e87200_0;
    %assign/vec4 v0xca0e85900_0, 0;
    %load/vec4 v0xca0e872a0_0;
    %assign/vec4 v0xca0e859a0_0, 0;
    %load/vec4 v0xca0e870c0_0;
    %assign/vec4 v0xca0e85860_0, 0;
T_61.5 ;
    %load/vec4 v0xca0e8a9e0_0;
    %flag_set/vec4 8;
    %jmp/0xz  T_61.9, 8;
    %load/vec4 v0xca0e8bf20_0;
    %assign/vec4 v0xca0e863a0_0, 0;
T_61.9 ;
    %jmp T_61;
    .thread T_61;
    .scope S_0xca0e5cf00;
T_62 ;
    %wait E_0xca11a9780;
    %load/vec4 v0xca0e8cdc0_0;
    %store/vec4 v0xca0e86260_0, 0, 64;
    %load/vec4 v0xca0e8ce60_0;
    %store/vec4 v0xca0e86440_0, 0, 32;
    %load/vec4 v0xca0e8cf00_0;
    %store/vec4 v0xca0e864e0_0, 0, 32;
    %load/vec4 v0xca0e8d040_0;
    %store/vec4 v0xca0e86620_0, 0, 5;
    %load/vec4 v0xca0e8d0e0_0;
    %store/vec4 v0xca0e866c0_0, 0, 5;
    %load/vec4 v0xca0e8cfa0_0;
    %store/vec4 v0xca0e86580_0, 0, 5;
    %load/vec4 v0xca0e86bc0_0;
    %flag_set/vec4 8;
    %jmp/0xz  T_62.0, 8;
    %load/vec4 v0xca0e873e0_0;
    %flag_set/vec4 8;
    %jmp/0xz  T_62.2, 8;
    %load/vec4 v0xca0e85680_0;
    %store/vec4 v0xca0e86260_0, 0, 64;
    %load/vec4 v0xca0e85720_0;
    %store/vec4 v0xca0e86440_0, 0, 32;
    %load/vec4 v0xca0e857c0_0;
    %store/vec4 v0xca0e864e0_0, 0, 32;
    %load/vec4 v0xca0e85900_0;
    %store/vec4 v0xca0e86620_0, 0, 5;
    %load/vec4 v0xca0e859a0_0;
    %store/vec4 v0xca0e866c0_0, 0, 5;
    %load/vec4 v0xca0e85860_0;
    %store/vec4 v0xca0e86580_0, 0, 5;
    %jmp T_62.3;
T_62.2 ;
    %load/vec4 v0xca0e8bd40_0;
    %store/vec4 v0xca0e86260_0, 0, 64;
    %load/vec4 v0xca0e8bde0_0;
    %parti/s 2, 0, 2;
    %and/r;
    %flag_set/vec4 8;
    %jmp/0xz  T_62.4, 8;
    %load/vec4 v0xca0e8bde0_0;
    %store/vec4 v0xca0e864e0_0, 0, 32;
    %jmp T_62.5;
T_62.4 ;
    %pushi/vec4 0, 0, 16;
    %load/vec4 v0xca0e8bde0_0;
    %parti/s 16, 0, 2;
    %concat/vec4; draw_concat_vec4
    %store/vec4 v0xca0e864e0_0, 0, 32;
T_62.5 ;
    %load/vec4 v0xca0e86f80_0;
    %store/vec4 v0xca0e86440_0, 0, 32;
    %load/vec4 v0xca0e87200_0;
    %store/vec4 v0xca0e86620_0, 0, 5;
    %load/vec4 v0xca0e872a0_0;
    %store/vec4 v0xca0e866c0_0, 0, 5;
    %load/vec4 v0xca0e870c0_0;
    %store/vec4 v0xca0e86580_0, 0, 5;
T_62.3 ;
T_62.0 ;
    %jmp T_62;
    .thread T_62, $push;
    .scope S_0xca0e5cf00;
T_63 ;
    %wait E_0xca11a9600;
    %load/vec4 v0xca0e883c0_0;
    %load/vec4 v0xca0e87980_0;
    %concat/vec4; draw_concat_vec4
    %load/vec4 v0xca0e88000_0;
    %concat/vec4; draw_concat_vec4
    %or/r;
    %assign/vec4 v0xca0e89ea0_0, 0;
    %load/vec4 v0xca0e883c0_0;
    %load/vec4 v0xca0e87980_0;
    %concat/vec4; draw_concat_vec4
    %load/vec4 v0xca0e88000_0;
    %concat/vec4; draw_concat_vec4
    %load/vec4 v0xca0e880a0_0;
    %concat/vec4; draw_concat_vec4
    %load/vec4 v0xca0e877a0_0;
    %concat/vec4; draw_concat_vec4
    %load/vec4 v0xca0e87700_0;
    %concat/vec4; draw_concat_vec4
    %load/vec4 v0xca0e89220_0;
    %concat/vec4; draw_concat_vec4
    %or/r;
    %assign/vec4 v0xca0e89f40_0, 0;
    %load/vec4 v0xca0e88dc0_0;
    %load/vec4 v0xca0e87c00_0;
    %concat/vec4; draw_concat_vec4
    %load/vec4 v0xca0e88d20_0;
    %concat/vec4; draw_concat_vec4
    %or/r;
    %assign/vec4 v0xca0e8a260_0, 0;
    %load/vec4 v0xca0e88e60_0;
    %load/vec4 v0xca0e87ca0_0;
    %concat/vec4; draw_concat_vec4
    %load/vec4 v0xca0e88f00_0;
    %concat/vec4; draw_concat_vec4
    %or/r;
    %assign/vec4 v0xca0e8a300_0, 0;
    %load/vec4 v0xca0e881e0_0;
    %load/vec4 v0xca0e88320_0;
    %concat/vec4; draw_concat_vec4
    %load/vec4 v0xca0e88460_0;
    %concat/vec4; draw_concat_vec4
    %or/r;
    %assign/vec4 v0xca0e89e00_0, 0;
    %load/vec4 v0xca0e89b80_0;
    %load/vec4 v0xca0e88dc0_0;
    %concat/vec4; draw_concat_vec4
    %load/vec4 v0xca0e88d20_0;
    %concat/vec4; draw_concat_vec4
    %load/vec4 v0xca0e88e60_0;
    %concat/vec4; draw_concat_vec4
    %load/vec4 v0xca0e88f00_0;
    %concat/vec4; draw_concat_vec4
    %or/r;
    %assign/vec4 v0xca0e89c20_0, 0;
    %load/vec4 v0xca0e8ad00_0;
    %flag_set/vec4 9;
    %flag_get/vec4 9;
    %jmp/0 T_63.2, 9;
    %load/vec4 v0xca0e8ae40_0;
    %and;
T_63.2;
    %flag_set/vec4 8;
    %jmp/0xz  T_63.0, 8;
    %load/vec4 v0xca0e8b660_0;
    %parti/s 7, 0, 2;
    %pushi/vec4 55, 0, 7;
    %cmp/e;
    %flag_get/vec4 4;
    %assign/vec4 v0xca0e883c0_0, 0;
    %load/vec4 v0xca0e8b660_0;
    %parti/s 7, 0, 2;
    %pushi/vec4 23, 0, 7;
    %cmp/e;
    %flag_get/vec4 4;
    %assign/vec4 v0xca0e87980_0, 0;
    %load/vec4 v0xca0e8b660_0;
    %parti/s 7, 0, 2;
    %pushi/vec4 111, 0, 7;
    %cmp/e;
    %flag_get/vec4 4;
    %assign/vec4 v0xca0e88000_0, 0;
    %load/vec4 v0xca0e8b660_0;
    %parti/s 7, 0, 2;
    %cmpi/e 103, 0, 7;
    %flag_get/vec4 4;
    %jmp/0 T_63.3, 4;
    %load/vec4 v0xca0e8b660_0;
    %parti/s 3, 12, 5;
    %pushi/vec4 0, 0, 3;
    %cmp/e;
    %flag_get/vec4 4;
    %and;
T_63.3;
    %assign/vec4 v0xca0e880a0_0, 0;
    %load/vec4 v0xca0e8b660_0;
    %parti/s 7, 0, 2;
    %cmpi/e 11, 0, 7;
    %flag_get/vec4 4;
    %jmp/0 T_63.5, 4;
    %load/vec4 v0xca0e8b660_0;
    %parti/s 7, 25, 6;
    %pushi/vec4 2, 0, 7;
    %cmp/e;
    %flag_get/vec4 4;
    %and;
T_63.5;
    %flag_set/vec4 8;
    %flag_get/vec4 8;
    %jmp/0 T_63.4, 8;
    %pushi/vec4 0, 0, 1;
    %and;
T_63.4;
    %assign/vec4 v0xca0e88960_0, 0;
    %load/vec4 v0xca0e8b660_0;
    %parti/s 7, 0, 2;
    %cmpi/e 11, 0, 7;
    %flag_get/vec4 4;
    %jmp/0 T_63.7, 4;
    %load/vec4 v0xca0e8b660_0;
    %parti/s 7, 25, 6;
    %pushi/vec4 4, 0, 7;
    %cmp/e;
    %flag_get/vec4 4;
    %and;
T_63.7;
    %flag_set/vec4 8;
    %flag_get/vec4 8;
    %jmp/0 T_63.6, 8;
    %pushi/vec4 0, 0, 1;
    %and;
T_63.6;
    %assign/vec4 v0xca0e894a0_0, 0;
    %load/vec4 v0xca0e8b660_0;
    %parti/s 7, 0, 2;
    %pushi/vec4 99, 0, 7;
    %cmp/e;
    %flag_get/vec4 4;
    %assign/vec4 v0xca0e89b80_0, 0;
    %load/vec4 v0xca0e8b660_0;
    %parti/s 7, 0, 2;
    %pushi/vec4 3, 0, 7;
    %cmp/e;
    %flag_get/vec4 4;
    %assign/vec4 v0xca0e89d60_0, 0;
    %load/vec4 v0xca0e8b660_0;
    %parti/s 7, 0, 2;
    %pushi/vec4 35, 0, 7;
    %cmp/e;
    %flag_get/vec4 4;
    %assign/vec4 v0xca0e8a080_0, 0;
    %load/vec4 v0xca0e8b660_0;
    %parti/s 7, 0, 2;
    %pushi/vec4 19, 0, 7;
    %cmp/e;
    %flag_get/vec4 4;
    %assign/vec4 v0xca0e89a40_0, 0;
    %load/vec4 v0xca0e8b660_0;
    %parti/s 7, 0, 2;
    %pushi/vec4 51, 0, 7;
    %cmp/e;
    %flag_get/vec4 4;
    %assign/vec4 v0xca0e89ae0_0, 0;
    %load/vec4 v0xca0e8b660_0;
    %parti/s 20, 12, 5;
    %concati/vec4 0, 0, 1;
    %pad/s 32;
    %split/vec4 1;
    %ix/load 5, 0, 0;
    %ix/load 4, 0, 0;
    %flag_set/imm 4, 0;
    %assign/vec4/off/d v0xca0e87020_0, 4, 5;
    %split/vec4 8;
    %ix/load 5, 0, 0;
    %ix/load 4, 12, 0;
    %flag_set/imm 4, 0;
    %assign/vec4/off/d v0xca0e87020_0, 4, 5;
    %split/vec4 1;
    %ix/load 5, 0, 0;
    %ix/load 4, 11, 0;
    %flag_set/imm 4, 0;
    %assign/vec4/off/d v0xca0e87020_0, 4, 5;
    %split/vec4 10;
    %ix/load 5, 0, 0;
    %ix/load 4, 1, 0;
    %flag_set/imm 4, 0;
    %assign/vec4/off/d v0xca0e87020_0, 4, 5;
    %ix/load 5, 0, 0;
    %ix/load 4, 20, 0;
    %flag_set/imm 4, 0;
    %assign/vec4/off/d v0xca0e87020_0, 4, 5;
    %load/vec4 v0xca0e8b660_0;
    %parti/s 5, 7, 4;
    %assign/vec4 v0xca0e870c0_0, 0;
    %load/vec4 v0xca0e8b660_0;
    %parti/s 5, 15, 5;
    %assign/vec4 v0xca0e87200_0, 0;
    %load/vec4 v0xca0e8b660_0;
    %parti/s 5, 20, 6;
    %assign/vec4 v0xca0e872a0_0, 0;
    %load/vec4 v0xca0e8b660_0;
    %parti/s 7, 0, 2;
    %cmpi/e 11, 0, 7;
    %flag_get/vec4 4;
    %jmp/0 T_63.12, 4;
    %load/vec4 v0xca0e8b660_0;
    %parti/s 7, 25, 6;
    %pushi/vec4 0, 0, 7;
    %cmp/e;
    %flag_get/vec4 4;
    %and;
T_63.12;
    %flag_set/vec4 10;
    %flag_get/vec4 10;
    %jmp/0 T_63.11, 10;
    %pushi/vec4 0, 0, 1;
    %and;
T_63.11;
    %flag_set/vec4 9;
    %flag_get/vec4 9;
    %jmp/0 T_63.10, 9;
    %pushi/vec4 1, 0, 1;
    %and;
T_63.10;
    %flag_set/vec4 8;
    %jmp/0xz  T_63.8, 8;
    %pushi/vec4 1, 0, 1;
    %ix/load 5, 0, 0;
    %ix/load 4, 4, 0;
    %flag_set/imm 4, 0;
    %assign/vec4/off/d v0xca0e87200_0, 4, 5;
T_63.8 ;
    %load/vec4 v0xca0e8b660_0;
    %parti/s 7, 0, 2;
    %cmpi/e 11, 0, 7;
    %flag_get/vec4 4;
    %jmp/0 T_63.16, 4;
    %load/vec4 v0xca0e8b660_0;
    %parti/s 7, 25, 6;
    %pushi/vec4 2, 0, 7;
    %cmp/e;
    %flag_get/vec4 4;
    %and;
T_63.16;
    %flag_set/vec4 9;
    %flag_get/vec4 9;
    %jmp/0 T_63.15, 9;
    %pushi/vec4 0, 0, 1;
    %and;
T_63.15;
    %flag_set/vec4 8;
    %jmp/0xz  T_63.13, 8;
    %pushi/vec4 0, 0, 5;
    %assign/vec4 v0xca0e87200_0, 0;
T_63.13 ;
    %pushi/vec4 0, 0, 1;
    %assign/vec4 v0xca0e85c20_0, 0;
T_63.0 ;
    %load/vec4 v0xca0e87480_0;
    %flag_set/vec4 9;
    %flag_get/vec4 9;
    %jmp/0 T_63.19, 9;
    %load/vec4 v0xca0e87340_0;
    %nor/r;
    %and;
T_63.19;
    %flag_set/vec4 8;
    %jmp/0xz  T_63.17, 8;
    %pushi/vec4 4294967295, 4294967295, 32;
    %assign/vec4 v0xca0e8c280_0, 0;
    %load/vec4 v0xca0e89b80_0;
    %flag_set/vec4 8;
    %flag_get/vec4 8;
    %jmp/0 T_63.20, 8;
    %load/vec4 v0xca0e8b7a0_0;
    %parti/s 3, 12, 5;
    %pushi/vec4 0, 0, 3;
    %cmp/e;
    %flag_get/vec4 4;
    %and;
T_63.20;
    %assign/vec4 v0xca0e87a20_0, 0;
    %load/vec4 v0xca0e89b80_0;
    %flag_set/vec4 8;
    %flag_get/vec4 8;
    %jmp/0 T_63.21, 8;
    %load/vec4 v0xca0e8b7a0_0;
    %parti/s 3, 12, 5;
    %pushi/vec4 1, 0, 3;
    %cmp/e;
    %flag_get/vec4 4;
    %and;
T_63.21;
    %assign/vec4 v0xca0e87d40_0, 0;
    %load/vec4 v0xca0e89b80_0;
    %flag_set/vec4 8;
    %flag_get/vec4 8;
    %jmp/0 T_63.22, 8;
    %load/vec4 v0xca0e8b7a0_0;
    %parti/s 3, 12, 5;
    %pushi/vec4 4, 0, 3;
    %cmp/e;
    %flag_get/vec4 4;
    %and;
T_63.22;
    %assign/vec4 v0xca0e87c00_0, 0;
    %load/vec4 v0xca0e89b80_0;
    %flag_set/vec4 8;
    %flag_get/vec4 8;
    %jmp/0 T_63.23, 8;
    %load/vec4 v0xca0e8b7a0_0;
    %parti/s 3, 12, 5;
    %pushi/vec4 5, 0, 3;
    %cmp/e;
    %flag_get/vec4 4;
    %and;
T_63.23;
    %assign/vec4 v0xca0e87ac0_0, 0;
    %load/vec4 v0xca0e89b80_0;
    %flag_set/vec4 8;
    %flag_get/vec4 8;
    %jmp/0 T_63.24, 8;
    %load/vec4 v0xca0e8b7a0_0;
    %parti/s 3, 12, 5;
    %pushi/vec4 6, 0, 3;
    %cmp/e;
    %flag_get/vec4 4;
    %and;
T_63.24;
    %assign/vec4 v0xca0e87ca0_0, 0;
    %load/vec4 v0xca0e89b80_0;
    %flag_set/vec4 8;
    %flag_get/vec4 8;
    %jmp/0 T_63.25, 8;
    %load/vec4 v0xca0e8b7a0_0;
    %parti/s 3, 12, 5;
    %pushi/vec4 7, 0, 3;
    %cmp/e;
    %flag_get/vec4 4;
    %and;
T_63.25;
    %assign/vec4 v0xca0e87b60_0, 0;
    %load/vec4 v0xca0e89d60_0;
    %flag_set/vec4 8;
    %flag_get/vec4 8;
    %jmp/0 T_63.26, 8;
    %load/vec4 v0xca0e8b7a0_0;
    %parti/s 3, 12, 5;
    %pushi/vec4 0, 0, 3;
    %cmp/e;
    %flag_get/vec4 4;
    %and;
T_63.26;
    %assign/vec4 v0xca0e88140_0, 0;
    %load/vec4 v0xca0e89d60_0;
    %flag_set/vec4 8;
    %flag_get/vec4 8;
    %jmp/0 T_63.27, 8;
    %load/vec4 v0xca0e8b7a0_0;
    %parti/s 3, 12, 5;
    %pushi/vec4 1, 0, 3;
    %cmp/e;
    %flag_get/vec4 4;
    %and;
T_63.27;
    %assign/vec4 v0xca0e88280_0, 0;
    %load/vec4 v0xca0e89d60_0;
    %flag_set/vec4 8;
    %flag_get/vec4 8;
    %jmp/0 T_63.28, 8;
    %load/vec4 v0xca0e8b7a0_0;
    %parti/s 3, 12, 5;
    %pushi/vec4 2, 0, 3;
    %cmp/e;
    %flag_get/vec4 4;
    %and;
T_63.28;
    %assign/vec4 v0xca0e88460_0, 0;
    %load/vec4 v0xca0e89d60_0;
    %flag_set/vec4 8;
    %flag_get/vec4 8;
    %jmp/0 T_63.29, 8;
    %load/vec4 v0xca0e8b7a0_0;
    %parti/s 3, 12, 5;
    %pushi/vec4 4, 0, 3;
    %cmp/e;
    %flag_get/vec4 4;
    %and;
T_63.29;
    %assign/vec4 v0xca0e881e0_0, 0;
    %load/vec4 v0xca0e89d60_0;
    %flag_set/vec4 8;
    %flag_get/vec4 8;
    %jmp/0 T_63.30, 8;
    %load/vec4 v0xca0e8b7a0_0;
    %parti/s 3, 12, 5;
    %pushi/vec4 5, 0, 3;
    %cmp/e;
    %flag_get/vec4 4;
    %and;
T_63.30;
    %assign/vec4 v0xca0e88320_0, 0;
    %load/vec4 v0xca0e8a080_0;
    %flag_set/vec4 8;
    %flag_get/vec4 8;
    %jmp/0 T_63.31, 8;
    %load/vec4 v0xca0e8b7a0_0;
    %parti/s 3, 12, 5;
    %pushi/vec4 0, 0, 3;
    %cmp/e;
    %flag_get/vec4 4;
    %and;
T_63.31;
    %assign/vec4 v0xca0e88a00_0, 0;
    %load/vec4 v0xca0e8a080_0;
    %flag_set/vec4 8;
    %flag_get/vec4 8;
    %jmp/0 T_63.32, 8;
    %load/vec4 v0xca0e8b7a0_0;
    %parti/s 3, 12, 5;
    %pushi/vec4 1, 0, 3;
    %cmp/e;
    %flag_get/vec4 4;
    %and;
T_63.32;
    %assign/vec4 v0xca0e88b40_0, 0;
    %load/vec4 v0xca0e8a080_0;
    %flag_set/vec4 8;
    %flag_get/vec4 8;
    %jmp/0 T_63.33, 8;
    %load/vec4 v0xca0e8b7a0_0;
    %parti/s 3, 12, 5;
    %pushi/vec4 2, 0, 3;
    %cmp/e;
    %flag_get/vec4 4;
    %and;
T_63.33;
    %assign/vec4 v0xca0e892c0_0, 0;
    %load/vec4 v0xca0e89a40_0;
    %flag_set/vec4 8;
    %flag_get/vec4 8;
    %jmp/0 T_63.34, 8;
    %load/vec4 v0xca0e8b7a0_0;
    %parti/s 3, 12, 5;
    %pushi/vec4 0, 0, 3;
    %cmp/e;
    %flag_get/vec4 4;
    %and;
T_63.34;
    %assign/vec4 v0xca0e877a0_0, 0;
    %load/vec4 v0xca0e89a40_0;
    %flag_set/vec4 8;
    %flag_get/vec4 8;
    %jmp/0 T_63.35, 8;
    %load/vec4 v0xca0e8b7a0_0;
    %parti/s 3, 12, 5;
    %pushi/vec4 2, 0, 3;
    %cmp/e;
    %flag_get/vec4 4;
    %and;
T_63.35;
    %assign/vec4 v0xca0e88dc0_0, 0;
    %load/vec4 v0xca0e89a40_0;
    %flag_set/vec4 8;
    %flag_get/vec4 8;
    %jmp/0 T_63.36, 8;
    %load/vec4 v0xca0e8b7a0_0;
    %parti/s 3, 12, 5;
    %pushi/vec4 3, 0, 3;
    %cmp/e;
    %flag_get/vec4 4;
    %and;
T_63.36;
    %assign/vec4 v0xca0e88e60_0, 0;
    %load/vec4 v0xca0e89a40_0;
    %flag_set/vec4 8;
    %flag_get/vec4 8;
    %jmp/0 T_63.37, 8;
    %load/vec4 v0xca0e8b7a0_0;
    %parti/s 3, 12, 5;
    %pushi/vec4 4, 0, 3;
    %cmp/e;
    %flag_get/vec4 4;
    %and;
T_63.37;
    %assign/vec4 v0xca0e895e0_0, 0;
    %load/vec4 v0xca0e89a40_0;
    %flag_set/vec4 8;
    %flag_get/vec4 8;
    %jmp/0 T_63.38, 8;
    %load/vec4 v0xca0e8b7a0_0;
    %parti/s 3, 12, 5;
    %pushi/vec4 6, 0, 3;
    %cmp/e;
    %flag_get/vec4 4;
    %and;
T_63.38;
    %assign/vec4 v0xca0e88640_0, 0;
    %load/vec4 v0xca0e89a40_0;
    %flag_set/vec4 8;
    %flag_get/vec4 8;
    %jmp/0 T_63.39, 8;
    %load/vec4 v0xca0e8b7a0_0;
    %parti/s 3, 12, 5;
    %pushi/vec4 7, 0, 3;
    %cmp/e;
    %flag_get/vec4 4;
    %and;
T_63.39;
    %assign/vec4 v0xca0e878e0_0, 0;
    %load/vec4 v0xca0e89a40_0;
    %flag_set/vec4 9;
    %flag_get/vec4 9;
    %jmp/0 T_63.41, 9;
    %load/vec4 v0xca0e8b7a0_0;
    %parti/s 3, 12, 5;
    %pushi/vec4 1, 0, 3;
    %cmp/e;
    %flag_get/vec4 4;
    %and;
T_63.41;
    %flag_set/vec4 8;
    %flag_get/vec4 8;
    %jmp/0 T_63.40, 8;
    %load/vec4 v0xca0e8b7a0_0;
    %parti/s 7, 25, 6;
    %pushi/vec4 0, 0, 7;
    %cmp/e;
    %flag_get/vec4 4;
    %and;
T_63.40;
    %assign/vec4 v0xca0e88c80_0, 0;
    %load/vec4 v0xca0e89a40_0;
    %flag_set/vec4 9;
    %flag_get/vec4 9;
    %jmp/0 T_63.43, 9;
    %load/vec4 v0xca0e8b7a0_0;
    %parti/s 3, 12, 5;
    %pushi/vec4 5, 0, 3;
    %cmp/e;
    %flag_get/vec4 4;
    %and;
T_63.43;
    %flag_set/vec4 8;
    %flag_get/vec4 8;
    %jmp/0 T_63.42, 8;
    %load/vec4 v0xca0e8b7a0_0;
    %parti/s 7, 25, 6;
    %pushi/vec4 0, 0, 7;
    %cmp/e;
    %flag_get/vec4 4;
    %and;
T_63.42;
    %assign/vec4 v0xca0e89180_0, 0;
    %load/vec4 v0xca0e89a40_0;
    %flag_set/vec4 9;
    %flag_get/vec4 9;
    %jmp/0 T_63.45, 9;
    %load/vec4 v0xca0e8b7a0_0;
    %parti/s 3, 12, 5;
    %pushi/vec4 5, 0, 3;
    %cmp/e;
    %flag_get/vec4 4;
    %and;
T_63.45;
    %flag_set/vec4 8;
    %flag_get/vec4 8;
    %jmp/0 T_63.44, 8;
    %load/vec4 v0xca0e8b7a0_0;
    %parti/s 7, 25, 6;
    %pushi/vec4 32, 0, 7;
    %cmp/e;
    %flag_get/vec4 4;
    %and;
T_63.44;
    %assign/vec4 v0xca0e89040_0, 0;
    %load/vec4 v0xca0e89ae0_0;
    %flag_set/vec4 9;
    %flag_get/vec4 9;
    %jmp/0 T_63.47, 9;
    %load/vec4 v0xca0e8b7a0_0;
    %parti/s 3, 12, 5;
    %pushi/vec4 0, 0, 3;
    %cmp/e;
    %flag_get/vec4 4;
    %and;
T_63.47;
    %flag_set/vec4 8;
    %flag_get/vec4 8;
    %jmp/0 T_63.46, 8;
    %load/vec4 v0xca0e8b7a0_0;
    %parti/s 7, 25, 6;
    %pushi/vec4 0, 0, 7;
    %cmp/e;
    %flag_get/vec4 4;
    %and;
T_63.46;
    %assign/vec4 v0xca0e87700_0, 0;
    %load/vec4 v0xca0e89ae0_0;
    %flag_set/vec4 9;
    %flag_get/vec4 9;
    %jmp/0 T_63.49, 9;
    %load/vec4 v0xca0e8b7a0_0;
    %parti/s 3, 12, 5;
    %pushi/vec4 0, 0, 3;
    %cmp/e;
    %flag_get/vec4 4;
    %and;
T_63.49;
    %flag_set/vec4 8;
    %flag_get/vec4 8;
    %jmp/0 T_63.48, 8;
    %load/vec4 v0xca0e8b7a0_0;
    %parti/s 7, 25, 6;
    %pushi/vec4 32, 0, 7;
    %cmp/e;
    %flag_get/vec4 4;
    %and;
T_63.48;
    %assign/vec4 v0xca0e89220_0, 0;
    %load/vec4 v0xca0e89ae0_0;
    %flag_set/vec4 9;
    %flag_get/vec4 9;
    %jmp/0 T_63.51, 9;
    %load/vec4 v0xca0e8b7a0_0;
    %parti/s 3, 12, 5;
    %pushi/vec4 1, 0, 3;
    %cmp/e;
    %flag_get/vec4 4;
    %and;
T_63.51;
    %flag_set/vec4 8;
    %flag_get/vec4 8;
    %jmp/0 T_63.50, 8;
    %load/vec4 v0xca0e8b7a0_0;
    %parti/s 7, 25, 6;
    %pushi/vec4 0, 0, 7;
    %cmp/e;
    %flag_get/vec4 4;
    %and;
T_63.50;
    %assign/vec4 v0xca0e88be0_0, 0;
    %load/vec4 v0xca0e89ae0_0;
    %flag_set/vec4 9;
    %flag_get/vec4 9;
    %jmp/0 T_63.53, 9;
    %load/vec4 v0xca0e8b7a0_0;
    %parti/s 3, 12, 5;
    %pushi/vec4 2, 0, 3;
    %cmp/e;
    %flag_get/vec4 4;
    %and;
T_63.53;
    %flag_set/vec4 8;
    %flag_get/vec4 8;
    %jmp/0 T_63.52, 8;
    %load/vec4 v0xca0e8b7a0_0;
    %parti/s 7, 25, 6;
    %pushi/vec4 0, 0, 7;
    %cmp/e;
    %flag_get/vec4 4;
    %and;
T_63.52;
    %assign/vec4 v0xca0e88d20_0, 0;
    %load/vec4 v0xca0e89ae0_0;
    %flag_set/vec4 9;
    %flag_get/vec4 9;
    %jmp/0 T_63.55, 9;
    %load/vec4 v0xca0e8b7a0_0;
    %parti/s 3, 12, 5;
    %pushi/vec4 3, 0, 3;
    %cmp/e;
    %flag_get/vec4 4;
    %and;
T_63.55;
    %flag_set/vec4 8;
    %flag_get/vec4 8;
    %jmp/0 T_63.54, 8;
    %load/vec4 v0xca0e8b7a0_0;
    %parti/s 7, 25, 6;
    %pushi/vec4 0, 0, 7;
    %cmp/e;
    %flag_get/vec4 4;
    %and;
T_63.54;
    %assign/vec4 v0xca0e88f00_0, 0;
    %load/vec4 v0xca0e89ae0_0;
    %flag_set/vec4 9;
    %flag_get/vec4 9;
    %jmp/0 T_63.57, 9;
    %load/vec4 v0xca0e8b7a0_0;
    %parti/s 3, 12, 5;
    %pushi/vec4 4, 0, 3;
    %cmp/e;
    %flag_get/vec4 4;
    %and;
T_63.57;
    %flag_set/vec4 8;
    %flag_get/vec4 8;
    %jmp/0 T_63.56, 8;
    %load/vec4 v0xca0e8b7a0_0;
    %parti/s 7, 25, 6;
    %pushi/vec4 0, 0, 7;
    %cmp/e;
    %flag_get/vec4 4;
    %and;
T_63.56;
    %assign/vec4 v0xca0e89540_0, 0;
    %load/vec4 v0xca0e89ae0_0;
    %flag_set/vec4 9;
    %flag_get/vec4 9;
    %jmp/0 T_63.59, 9;
    %load/vec4 v0xca0e8b7a0_0;
    %parti/s 3, 12, 5;
    %pushi/vec4 5, 0, 3;
    %cmp/e;
    %flag_get/vec4 4;
    %and;
T_63.59;
    %flag_set/vec4 8;
    %flag_get/vec4 8;
    %jmp/0 T_63.58, 8;
    %load/vec4 v0xca0e8b7a0_0;
    %parti/s 7, 25, 6;
    %pushi/vec4 0, 0, 7;
    %cmp/e;
    %flag_get/vec4 4;
    %and;
T_63.58;
    %assign/vec4 v0xca0e890e0_0, 0;
    %load/vec4 v0xca0e89ae0_0;
    %flag_set/vec4 9;
    %flag_get/vec4 9;
    %jmp/0 T_63.61, 9;
    %load/vec4 v0xca0e8b7a0_0;
    %parti/s 3, 12, 5;
    %pushi/vec4 5, 0, 3;
    %cmp/e;
    %flag_get/vec4 4;
    %and;
T_63.61;
    %flag_set/vec4 8;
    %flag_get/vec4 8;
    %jmp/0 T_63.60, 8;
    %load/vec4 v0xca0e8b7a0_0;
    %parti/s 7, 25, 6;
    %pushi/vec4 32, 0, 7;
    %cmp/e;
    %flag_get/vec4 4;
    %and;
T_63.60;
    %assign/vec4 v0xca0e88fa0_0, 0;
    %load/vec4 v0xca0e89ae0_0;
    %flag_set/vec4 9;
    %flag_get/vec4 9;
    %jmp/0 T_63.63, 9;
    %load/vec4 v0xca0e8b7a0_0;
    %parti/s 3, 12, 5;
    %pushi/vec4 6, 0, 3;
    %cmp/e;
    %flag_get/vec4 4;
    %and;
T_63.63;
    %flag_set/vec4 8;
    %flag_get/vec4 8;
    %jmp/0 T_63.62, 8;
    %load/vec4 v0xca0e8b7a0_0;
    %parti/s 7, 25, 6;
    %pushi/vec4 0, 0, 7;
    %cmp/e;
    %flag_get/vec4 4;
    %and;
T_63.62;
    %assign/vec4 v0xca0e885a0_0, 0;
    %load/vec4 v0xca0e89ae0_0;
    %flag_set/vec4 9;
    %flag_get/vec4 9;
    %jmp/0 T_63.65, 9;
    %load/vec4 v0xca0e8b7a0_0;
    %parti/s 3, 12, 5;
    %pushi/vec4 7, 0, 3;
    %cmp/e;
    %flag_get/vec4 4;
    %and;
T_63.65;
    %flag_set/vec4 8;
    %flag_get/vec4 8;
    %jmp/0 T_63.64, 8;
    %load/vec4 v0xca0e8b7a0_0;
    %parti/s 7, 25, 6;
    %pushi/vec4 0, 0, 7;
    %cmp/e;
    %flag_get/vec4 4;
    %and;
T_63.64;
    %assign/vec4 v0xca0e87840_0, 0;
    %load/vec4 v0xca0e8b7a0_0;
    %parti/s 7, 0, 2;
    %cmpi/e 115, 0, 7;
    %flag_get/vec4 4;
    %jmp/0 T_63.68, 4;
    %load/vec4 v0xca0e8b7a0_0;
    %parti/s 20, 12, 5;
    %pad/u 32;
    %pushi/vec4 786434, 0, 32;
    %cmp/e;
    %flag_get/vec4 4;
    %and;
T_63.68;
    %flag_set/vec4 8;
    %jmp/1 T_63.67, 8;
    %load/vec4 v0xca0e8b7a0_0;
    %parti/s 7, 0, 2;
    %cmpi/e 115, 0, 7;
    %flag_get/vec4 4;
    %jmp/0 T_63.69, 4;
    %load/vec4 v0xca0e8b7a0_0;
    %parti/s 20, 12, 5;
    %pad/u 32;
    %pushi/vec4 786690, 0, 32;
    %cmp/e;
    %flag_get/vec4 4;
    %and;
T_63.69;
    %flag_set/vec4 9;
    %flag_or 8, 9;
T_63.67;
    %flag_get/vec4 8;
    %jmp/0 T_63.66, 8;
    %pushi/vec4 0, 0, 1;
    %and;
T_63.66;
    %assign/vec4 v0xca0e886e0_0, 0;
    %load/vec4 v0xca0e8b7a0_0;
    %parti/s 7, 0, 2;
    %cmpi/e 115, 0, 7;
    %flag_get/vec4 4;
    %jmp/0 T_63.73, 4;
    %load/vec4 v0xca0e8b7a0_0;
    %parti/s 20, 12, 5;
    %pad/u 32;
    %pushi/vec4 819202, 0, 32;
    %cmp/e;
    %flag_get/vec4 4;
    %and;
T_63.73;
    %flag_set/vec4 9;
    %jmp/1 T_63.72, 9;
    %load/vec4 v0xca0e8b7a0_0;
    %parti/s 7, 0, 2;
    %cmpi/e 115, 0, 7;
    %flag_get/vec4 4;
    %jmp/0 T_63.74, 4;
    %load/vec4 v0xca0e8b7a0_0;
    %parti/s 20, 12, 5;
    %pad/u 32;
    %pushi/vec4 819458, 0, 32;
    %cmp/e;
    %flag_get/vec4 4;
    %and;
T_63.74;
    %flag_set/vec4 10;
    %flag_or 9, 10;
T_63.72;
    %flag_get/vec4 9;
    %jmp/0 T_63.71, 9;
    %pushi/vec4 0, 0, 1;
    %and;
T_63.71;
    %flag_set/vec4 8;
    %flag_get/vec4 8;
    %jmp/0 T_63.70, 8;
    %pushi/vec4 0, 0, 1;
    %and;
T_63.70;
    %assign/vec4 v0xca0e88780_0, 0;
    %load/vec4 v0xca0e8b7a0_0;
    %parti/s 7, 0, 2;
    %cmpi/e 115, 0, 7;
    %flag_get/vec4 4;
    %jmp/0 T_63.76, 4;
    %load/vec4 v0xca0e8b7a0_0;
    %parti/s 20, 12, 5;
    %pad/u 32;
    %pushi/vec4 786946, 0, 32;
    %cmp/e;
    %flag_get/vec4 4;
    %and;
T_63.76;
    %flag_set/vec4 8;
    %flag_get/vec4 8;
    %jmp/0 T_63.75, 8;
    %pushi/vec4 0, 0, 1;
    %and;
T_63.75;
    %assign/vec4 v0xca0e88820_0, 0;
    %load/vec4 v0xca0e8b7a0_0;
    %parti/s 7, 0, 2;
    %cmpi/e 115, 0, 7;
    %flag_get/vec4 4;
    %jmp/0 T_63.79, 4;
    %load/vec4 v0xca0e8b7a0_0;
    %parti/s 20, 12, 5;
    %pad/u 32;
    %pushi/vec4 819714, 0, 32;
    %cmp/e;
    %flag_get/vec4 4;
    %and;
T_63.79;
    %flag_set/vec4 9;
    %flag_get/vec4 9;
    %jmp/0 T_63.78, 9;
    %pushi/vec4 0, 0, 1;
    %and;
T_63.78;
    %flag_set/vec4 8;
    %flag_get/vec4 8;
    %jmp/0 T_63.77, 8;
    %pushi/vec4 0, 0, 1;
    %and;
T_63.77;
    %assign/vec4 v0xca0e888c0_0, 0;
    %load/vec4 v0xca0e8b7a0_0;
    %parti/s 7, 0, 2;
    %cmpi/e 115, 0, 7;
    %flag_get/vec4 4;
    %jmp/0 T_63.82, 4;
    %load/vec4 v0xca0e8b7a0_0;
    %parti/s 11, 21, 6;
    %nor/r;
    %and;
T_63.82;
    %flag_set/vec4 9;
    %flag_get/vec4 9;
    %jmp/0 T_63.81, 9;
    %load/vec4 v0xca0e8b7a0_0;
    %parti/s 13, 7, 4;
    %nor/r;
    %and;
T_63.81;
    %flag_set/vec4 8;
    %flag_get/vec4 8;
    %jmp/1 T_63.80, 8;
    %pushi/vec4 0, 0, 1;
    %or;
T_63.80;
    %assign/vec4 v0xca0e87de0_0, 0;
    %load/vec4 v0xca0e8b7a0_0;
    %parti/s 7, 0, 2;
    %cmpi/e 15, 0, 7;
    %flag_get/vec4 4;
    %jmp/0 T_63.83, 4;
    %load/vec4 v0xca0e8b7a0_0;
    %parti/s 3, 12, 5;
    %nor/r;
    %and;
T_63.83;
    %assign/vec4 v0xca0e87e80_0, 0;
    %load/vec4 v0xca0e8b7a0_0;
    %parti/s 7, 0, 2;
    %cmpi/e 11, 0, 7;
    %flag_get/vec4 4;
    %jmp/0 T_63.86, 4;
    %load/vec4 v0xca0e8b7a0_0;
    %parti/s 7, 25, 6;
    %pushi/vec4 0, 0, 7;
    %cmp/e;
    %flag_get/vec4 4;
    %and;
T_63.86;
    %flag_set/vec4 9;
    %flag_get/vec4 9;
    %jmp/0 T_63.85, 9;
    %pushi/vec4 0, 0, 1;
    %and;
T_63.85;
    %flag_set/vec4 8;
    %flag_get/vec4 8;
    %jmp/0 T_63.84, 8;
    %pushi/vec4 1, 0, 1;
    %and;
T_63.84;
    %assign/vec4 v0xca0e87f20_0, 0;
    %load/vec4 v0xca0e8b7a0_0;
    %parti/s 7, 0, 2;
    %cmpi/e 11, 0, 7;
    %flag_get/vec4 4;
    %jmp/0 T_63.89, 4;
    %load/vec4 v0xca0e8b7a0_0;
    %parti/s 7, 25, 6;
    %pushi/vec4 1, 0, 7;
    %cmp/e;
    %flag_get/vec4 4;
    %and;
T_63.89;
    %flag_set/vec4 9;
    %flag_get/vec4 9;
    %jmp/0 T_63.88, 9;
    %pushi/vec4 0, 0, 1;
    %and;
T_63.88;
    %flag_set/vec4 8;
    %flag_get/vec4 8;
    %jmp/0 T_63.87, 8;
    %pushi/vec4 1, 0, 1;
    %and;
T_63.87;
    %assign/vec4 v0xca0e88aa0_0, 0;
    %load/vec4 v0xca0e8b7a0_0;
    %parti/s 7, 0, 2;
    %cmpi/e 11, 0, 7;
    %flag_get/vec4 4;
    %jmp/0 T_63.91, 4;
    %load/vec4 v0xca0e8b7a0_0;
    %parti/s 7, 25, 6;
    %pushi/vec4 3, 0, 7;
    %cmp/e;
    %flag_get/vec4 4;
    %and;
T_63.91;
    %flag_set/vec4 8;
    %flag_get/vec4 8;
    %jmp/0 T_63.90, 8;
    %pushi/vec4 0, 0, 1;
    %and;
T_63.90;
    %assign/vec4 v0xca0e88500_0, 0;
    %load/vec4 v0xca0e8b7a0_0;
    %parti/s 7, 0, 2;
    %cmpi/e 11, 0, 7;
    %flag_get/vec4 4;
    %jmp/0 T_63.94, 4;
    %load/vec4 v0xca0e8b7a0_0;
    %parti/s 7, 25, 6;
    %pushi/vec4 5, 0, 7;
    %cmp/e;
    %flag_get/vec4 4;
    %and;
T_63.94;
    %flag_set/vec4 9;
    %flag_get/vec4 9;
    %jmp/0 T_63.93, 9;
    %pushi/vec4 0, 0, 1;
    %and;
T_63.93;
    %flag_set/vec4 8;
    %flag_get/vec4 8;
    %jmp/0 T_63.92, 8;
    %pushi/vec4 1, 0, 1;
    %and;
T_63.92;
    %assign/vec4 v0xca0e89360_0, 0;
    %load/vec4 v0xca0e89a40_0;
    %flag_set/vec4 8;
    %flag_get/vec4 8;
    %jmp/0 T_63.95, 8;
    %load/vec4 v0xca0e8b7a0_0;
    %parti/s 3, 12, 5;
    %cmpi/e 1, 0, 3;
    %flag_get/vec4 4;
    %jmp/0 T_63.96, 4;
    %load/vec4 v0xca0e8b7a0_0;
    %parti/s 7, 25, 6;
    %pushi/vec4 0, 0, 7;
    %cmp/e;
    %flag_get/vec4 4;
    %and;
T_63.96;
    %load/vec4 v0xca0e8b7a0_0;
    %parti/s 3, 12, 5;
    %cmpi/e 5, 0, 3;
    %flag_get/vec4 4;
    %jmp/0 T_63.97, 4;
    %load/vec4 v0xca0e8b7a0_0;
    %parti/s 7, 25, 6;
    %pushi/vec4 0, 0, 7;
    %cmp/e;
    %flag_get/vec4 4;
    %and;
T_63.97;
    %concat/vec4; draw_concat_vec4
    %load/vec4 v0xca0e8b7a0_0;
    %parti/s 3, 12, 5;
    %cmpi/e 5, 0, 3;
    %flag_get/vec4 4;
    %jmp/0 T_63.98, 4;
    %load/vec4 v0xca0e8b7a0_0;
    %parti/s 7, 25, 6;
    %pushi/vec4 32, 0, 7;
    %cmp/e;
    %flag_get/vec4 4;
    %and;
T_63.98;
    %concat/vec4; draw_concat_vec4
    %or/r;
    %and;
T_63.95;
    %assign/vec4 v0xca0e8a1c0_0, 0;
    %load/vec4 v0xca0e880a0_0;
    %flag_set/vec4 8;
    %flag_get/vec4 8;
    %jmp/1 T_63.99, 8;
    %load/vec4 v0xca0e89a40_0;
    %flag_set/vec4 8;
    %flag_get/vec4 8;
    %jmp/0 T_63.100, 8;
    %load/vec4 v0xca0e8b7a0_0;
    %parti/s 3, 12, 5;
    %pushi/vec4 0, 0, 3;
    %cmp/e;
    %flag_get/vec4 4;
    %load/vec4 v0xca0e8b7a0_0;
    %parti/s 3, 12, 5;
    %pushi/vec4 2, 0, 3;
    %cmp/e;
    %flag_get/vec4 4;
    %concat/vec4; draw_concat_vec4
    %load/vec4 v0xca0e8b7a0_0;
    %parti/s 3, 12, 5;
    %pushi/vec4 3, 0, 3;
    %cmp/e;
    %flag_get/vec4 4;
    %concat/vec4; draw_concat_vec4
    %load/vec4 v0xca0e8b7a0_0;
    %parti/s 3, 12, 5;
    %pushi/vec4 4, 0, 3;
    %cmp/e;
    %flag_get/vec4 4;
    %concat/vec4; draw_concat_vec4
    %load/vec4 v0xca0e8b7a0_0;
    %parti/s 3, 12, 5;
    %pushi/vec4 6, 0, 3;
    %cmp/e;
    %flag_get/vec4 4;
    %concat/vec4; draw_concat_vec4
    %load/vec4 v0xca0e8b7a0_0;
    %parti/s 3, 12, 5;
    %pushi/vec4 7, 0, 3;
    %cmp/e;
    %flag_get/vec4 4;
    %concat/vec4; draw_concat_vec4
    %or/r;
    %and;
T_63.100;
    %or;
T_63.99;
    %assign/vec4 v0xca0e89cc0_0, 0;
    %load/vec4 v0xca0e89ae0_0;
    %flag_set/vec4 8;
    %flag_get/vec4 8;
    %jmp/0 T_63.101, 8;
    %load/vec4 v0xca0e8b7a0_0;
    %parti/s 3, 12, 5;
    %cmpi/e 1, 0, 3;
    %flag_get/vec4 4;
    %jmp/0 T_63.102, 4;
    %load/vec4 v0xca0e8b7a0_0;
    %parti/s 7, 25, 6;
    %pushi/vec4 0, 0, 7;
    %cmp/e;
    %flag_get/vec4 4;
    %and;
T_63.102;
    %load/vec4 v0xca0e8b7a0_0;
    %parti/s 3, 12, 5;
    %cmpi/e 5, 0, 3;
    %flag_get/vec4 4;
    %jmp/0 T_63.103, 4;
    %load/vec4 v0xca0e8b7a0_0;
    %parti/s 7, 25, 6;
    %pushi/vec4 0, 0, 7;
    %cmp/e;
    %flag_get/vec4 4;
    %and;
T_63.103;
    %concat/vec4; draw_concat_vec4
    %load/vec4 v0xca0e8b7a0_0;
    %parti/s 3, 12, 5;
    %cmpi/e 5, 0, 3;
    %flag_get/vec4 4;
    %jmp/0 T_63.104, 4;
    %load/vec4 v0xca0e8b7a0_0;
    %parti/s 7, 25, 6;
    %pushi/vec4 32, 0, 7;
    %cmp/e;
    %flag_get/vec4 4;
    %and;
T_63.104;
    %concat/vec4; draw_concat_vec4
    %or/r;
    %and;
T_63.101;
    %assign/vec4 v0xca0e8a120_0, 0;
    %pushi/vec4 0, 0, 1;
    %assign/vec4 v0xca0e89f40_0, 0;
    %pushi/vec4 0, 0, 1;
    %assign/vec4 v0xca0e89c20_0, 0;
    %pushi/vec4 1, 0, 1;
    %dup/vec4;
    %load/vec4 v0xca0e88000_0;
    %cmp/u;
    %jmp/1 T_63.105, 6;
    %dup/vec4;
    %load/vec4 v0xca0e883c0_0;
    %load/vec4 v0xca0e87980_0;
    %concat/vec4; draw_concat_vec4
    %or/r;
    %cmp/u;
    %jmp/1 T_63.106, 6;
    %dup/vec4;
    %load/vec4 v0xca0e880a0_0;
    %load/vec4 v0xca0e89d60_0;
    %concat/vec4; draw_concat_vec4
    %load/vec4 v0xca0e89a40_0;
    %concat/vec4; draw_concat_vec4
    %or/r;
    %cmp/u;
    %jmp/1 T_63.107, 6;
    %dup/vec4;
    %load/vec4 v0xca0e89b80_0;
    %cmp/u;
    %jmp/1 T_63.108, 6;
    %dup/vec4;
    %load/vec4 v0xca0e8a080_0;
    %cmp/u;
    %jmp/1 T_63.109, 6;
    %pushi/vec4 1, 1, 32;
    %assign/vec4 v0xca0e86f80_0, 0;
    %jmp T_63.111;
T_63.105 ;
    %load/vec4 v0xca0e87020_0;
    %assign/vec4 v0xca0e86f80_0, 0;
    %jmp T_63.111;
T_63.106 ;
    %load/vec4 v0xca0e8b7a0_0;
    %parti/s 20, 12, 5;
    %pad/u 32;
    %ix/load 4, 12, 0;
    %flag_set/imm 4, 0;
    %shiftl 4;
    %assign/vec4 v0xca0e86f80_0, 0;
    %jmp T_63.111;
T_63.107 ;
    %load/vec4 v0xca0e8b7a0_0;
    %parti/s 12, 20, 6;
    %pad/s 32;
    %assign/vec4 v0xca0e86f80_0, 0;
    %jmp T_63.111;
T_63.108 ;
    %load/vec4 v0xca0e8b7a0_0;
    %parti/s 1, 31, 6;
    %load/vec4 v0xca0e8b7a0_0;
    %parti/s 1, 7, 4;
    %concat/vec4; draw_concat_vec4
    %load/vec4 v0xca0e8b7a0_0;
    %parti/s 6, 25, 6;
    %concat/vec4; draw_concat_vec4
    %load/vec4 v0xca0e8b7a0_0;
    %parti/s 4, 8, 5;
    %concat/vec4; draw_concat_vec4
    %concati/vec4 0, 0, 1;
    %pad/s 32;
    %assign/vec4 v0xca0e86f80_0, 0;
    %jmp T_63.111;
T_63.109 ;
    %load/vec4 v0xca0e8b7a0_0;
    %parti/s 7, 25, 6;
    %load/vec4 v0xca0e8b7a0_0;
    %parti/s 5, 7, 4;
    %concat/vec4; draw_concat_vec4
    %pad/s 32;
    %assign/vec4 v0xca0e86f80_0, 0;
    %jmp T_63.111;
T_63.111 ;
    %pop/vec4 1;
T_63.17 ;
    %load/vec4 v0xca0e8d540_0;
    %nor/r;
    %flag_set/vec4 8;
    %jmp/0xz  T_63.112, 8;
    %pushi/vec4 0, 0, 1;
    %assign/vec4 v0xca0e89b80_0, 0;
    %pushi/vec4 0, 0, 1;
    %assign/vec4 v0xca0e89c20_0, 0;
    %pushi/vec4 0, 0, 1;
    %assign/vec4 v0xca0e87a20_0, 0;
    %pushi/vec4 0, 0, 1;
    %assign/vec4 v0xca0e87d40_0, 0;
    %pushi/vec4 0, 0, 1;
    %assign/vec4 v0xca0e87c00_0, 0;
    %pushi/vec4 0, 0, 1;
    %assign/vec4 v0xca0e87ac0_0, 0;
    %pushi/vec4 0, 0, 1;
    %assign/vec4 v0xca0e87ca0_0, 0;
    %pushi/vec4 0, 0, 1;
    %assign/vec4 v0xca0e87b60_0, 0;
    %pushi/vec4 0, 0, 1;
    %assign/vec4 v0xca0e877a0_0, 0;
    %pushi/vec4 0, 0, 1;
    %assign/vec4 v0xca0e88dc0_0, 0;
    %pushi/vec4 0, 0, 1;
    %assign/vec4 v0xca0e88e60_0, 0;
    %pushi/vec4 0, 0, 1;
    %assign/vec4 v0xca0e895e0_0, 0;
    %pushi/vec4 0, 0, 1;
    %assign/vec4 v0xca0e88640_0, 0;
    %pushi/vec4 0, 0, 1;
    %assign/vec4 v0xca0e878e0_0, 0;
    %pushi/vec4 0, 0, 1;
    %assign/vec4 v0xca0e87700_0, 0;
    %pushi/vec4 0, 0, 1;
    %assign/vec4 v0xca0e89220_0, 0;
    %pushi/vec4 0, 0, 1;
    %assign/vec4 v0xca0e88be0_0, 0;
    %pushi/vec4 0, 0, 1;
    %assign/vec4 v0xca0e88d20_0, 0;
    %pushi/vec4 0, 0, 1;
    %assign/vec4 v0xca0e88f00_0, 0;
    %pushi/vec4 0, 0, 1;
    %assign/vec4 v0xca0e89540_0, 0;
    %pushi/vec4 0, 0, 1;
    %assign/vec4 v0xca0e890e0_0, 0;
    %pushi/vec4 0, 0, 1;
    %assign/vec4 v0xca0e88fa0_0, 0;
    %pushi/vec4 0, 0, 1;
    %assign/vec4 v0xca0e885a0_0, 0;
    %pushi/vec4 0, 0, 1;
    %assign/vec4 v0xca0e87840_0, 0;
    %pushi/vec4 0, 0, 1;
    %assign/vec4 v0xca0e87e80_0, 0;
T_63.112 ;
    %jmp T_63;
    .thread T_63;
    .scope S_0xca0e5cf00;
T_64 ;
    %wait E_0xca11a9740;
    %pushi/vec4 0, 0, 32; draw_string_vec4
    %pushi/vec4 0, 0, 32; draw_string_vec4
    %concat/vec4; draw_string_vec4
    %pushi/vec4 0, 0, 32; draw_string_vec4
    %concat/vec4; draw_string_vec4
    %pushi/vec4 0, 0, 32; draw_string_vec4
    %concat/vec4; draw_string_vec4
    %store/vec4 v0xca0e86300_0, 0, 128;
    %load/vec4 v0xca0e85e00_0;
    %cmpi/e 128, 0, 8;
    %jmp/0xz  T_64.0, 4;
    %pushi/vec4 0, 0, 32; draw_string_vec4
    %pushi/vec4 0, 0, 32; draw_string_vec4
    %concat/vec4; draw_string_vec4
    %pushi/vec4 0, 0, 32; draw_string_vec4
    %concat/vec4; draw_string_vec4
    %pushi/vec4 1953653104, 0, 32; draw_string_vec4
    %concat/vec4; draw_string_vec4
    %store/vec4 v0xca0e86300_0, 0, 128;
T_64.0 ;
    %load/vec4 v0xca0e85e00_0;
    %cmpi/e 64, 0, 8;
    %jmp/0xz  T_64.2, 4;
    %pushi/vec4 0, 0, 32; draw_string_vec4
    %pushi/vec4 0, 0, 32; draw_string_vec4
    %concat/vec4; draw_string_vec4
    %pushi/vec4 102, 0, 32; draw_string_vec4
    %concat/vec4; draw_string_vec4
    %pushi/vec4 1702126440, 0, 32; draw_string_vec4
    %concat/vec4; draw_string_vec4
    %store/vec4 v0xca0e86300_0, 0, 128;
T_64.2 ;
    %load/vec4 v0xca0e85e00_0;
    %cmpi/e 32, 0, 8;
    %jmp/0xz  T_64.4, 4;
    %pushi/vec4 0, 0, 32; draw_string_vec4
    %pushi/vec4 0, 0, 32; draw_string_vec4
    %concat/vec4; draw_string_vec4
    %pushi/vec4 27748, 0, 32; draw_string_vec4
    %concat/vec4; draw_string_vec4
    %pushi/vec4 1601336113, 0, 32; draw_string_vec4
    %concat/vec4; draw_string_vec4
    %store/vec4 v0xca0e86300_0, 0, 128;
T_64.4 ;
    %load/vec4 v0xca0e85e00_0;
    %cmpi/e 16, 0, 8;
    %jmp/0xz  T_64.6, 4;
    %pushi/vec4 0, 0, 32; draw_string_vec4
    %pushi/vec4 0, 0, 32; draw_string_vec4
    %concat/vec4; draw_string_vec4
    %pushi/vec4 27748, 0, 32; draw_string_vec4
    %concat/vec4; draw_string_vec4
    %pushi/vec4 1601336114, 0, 32; draw_string_vec4
    %concat/vec4; draw_string_vec4
    %store/vec4 v0xca0e86300_0, 0, 128;
T_64.6 ;
    %load/vec4 v0xca0e85e00_0;
    %cmpi/e 8, 0, 8;
    %jmp/0xz  T_64.8, 4;
    %pushi/vec4 0, 0, 32; draw_string_vec4
    %pushi/vec4 0, 0, 32; draw_string_vec4
    %concat/vec4; draw_string_vec4
    %pushi/vec4 0, 0, 32; draw_string_vec4
    %concat/vec4; draw_string_vec4
    %pushi/vec4 1702389091, 0, 32; draw_string_vec4
    %concat/vec4; draw_string_vec4
    %store/vec4 v0xca0e86300_0, 0, 128;
T_64.8 ;
    %load/vec4 v0xca0e85e00_0;
    %cmpi/e 4, 0, 8;
    %jmp/0xz  T_64.10, 4;
    %pushi/vec4 0, 0, 32; draw_string_vec4
    %pushi/vec4 0, 0, 32; draw_string_vec4
    %concat/vec4; draw_string_vec4
    %pushi/vec4 115, 0, 32; draw_string_vec4
    %concat/vec4; draw_string_vec4
    %pushi/vec4 1751737972, 0, 32; draw_string_vec4
    %concat/vec4; draw_string_vec4
    %store/vec4 v0xca0e86300_0, 0, 128;
T_64.10 ;
    %load/vec4 v0xca0e85e00_0;
    %cmpi/e 2, 0, 8;
    %jmp/0xz  T_64.12, 4;
    %pushi/vec4 0, 0, 32; draw_string_vec4
    %pushi/vec4 0, 0, 32; draw_string_vec4
    %concat/vec4; draw_string_vec4
    %pushi/vec4 115, 0, 32; draw_string_vec4
    %concat/vec4; draw_string_vec4
    %pushi/vec4 1953326445, 0, 32; draw_string_vec4
    %concat/vec4; draw_string_vec4
    %store/vec4 v0xca0e86300_0, 0, 128;
T_64.12 ;
    %load/vec4 v0xca0e85e00_0;
    %cmpi/e 1, 0, 8;
    %jmp/0xz  T_64.14, 4;
    %pushi/vec4 0, 0, 32; draw_string_vec4
    %pushi/vec4 0, 0, 32; draw_string_vec4
    %concat/vec4; draw_string_vec4
    %pushi/vec4 108, 0, 32; draw_string_vec4
    %concat/vec4; draw_string_vec4
    %pushi/vec4 1684890989, 0, 32; draw_string_vec4
    %concat/vec4; draw_string_vec4
    %store/vec4 v0xca0e86300_0, 0, 128;
T_64.14 ;
    %jmp T_64;
    .thread T_64, $push;
    .scope S_0xca0e5cf00;
T_65 ;
    %wait E_0xca11a9700;
    %pushi/vec4 1, 1, 1;
    %store/vec4 v0xca0e85220_0, 0, 1;
    %pushi/vec4 1, 0, 1;
    %dup/vec4;
    %load/vec4 v0xca0e87a20_0;
    %cmp/u;
    %jmp/1 T_65.0, 6;
    %dup/vec4;
    %load/vec4 v0xca0e87d40_0;
    %cmp/u;
    %jmp/1 T_65.1, 6;
    %dup/vec4;
    %load/vec4 v0xca0e87ac0_0;
    %cmp/u;
    %jmp/1 T_65.2, 6;
    %dup/vec4;
    %load/vec4 v0xca0e87b60_0;
    %cmp/u;
    %jmp/1 T_65.3, 6;
    %dup/vec4;
    %load/vec4 v0xca0e8a260_0;
    %flag_set/vec4 8;
    %flag_get/vec4 8;
    %jmp/0 T_65.7, 8;
    %pushi/vec4 1, 0, 1;
    %and;
T_65.7;
    %cmp/u;
    %jmp/1 T_65.4, 6;
    %dup/vec4;
    %load/vec4 v0xca0e8a300_0;
    %flag_set/vec4 8;
    %flag_get/vec4 8;
    %jmp/0 T_65.8, 8;
    %pushi/vec4 1, 0, 1;
    %and;
T_65.8;
    %cmp/u;
    %jmp/1 T_65.5, 6;
    %jmp T_65.6;
T_65.0 ;
    %load/vec4 v0xca0e84fa0_0;
    %store/vec4 v0xca0e85220_0, 0, 1;
    %jmp T_65.6;
T_65.1 ;
    %load/vec4 v0xca0e84fa0_0;
    %nor/r;
    %store/vec4 v0xca0e85220_0, 0, 1;
    %jmp T_65.6;
T_65.2 ;
    %load/vec4 v0xca0e85040_0;
    %nor/r;
    %store/vec4 v0xca0e85220_0, 0, 1;
    %jmp T_65.6;
T_65.3 ;
    %load/vec4 v0xca0e850e0_0;
    %nor/r;
    %store/vec4 v0xca0e85220_0, 0, 1;
    %jmp T_65.6;
T_65.4 ;
    %load/vec4 v0xca0e85040_0;
    %store/vec4 v0xca0e85220_0, 0, 1;
    %jmp T_65.6;
T_65.5 ;
    %load/vec4 v0xca0e850e0_0;
    %store/vec4 v0xca0e85220_0, 0, 1;
    %jmp T_65.6;
T_65.6 ;
    %pop/vec4 1;
    %pushi/vec4 4294967295, 4294967295, 32;
    %store/vec4 v0xca0e85180_0, 0, 32;
    %pushi/vec4 1, 0, 1;
    %dup/vec4;
    %load/vec4 v0xca0e89f40_0;
    %cmp/u;
    %jmp/1 T_65.9, 6;
    %dup/vec4;
    %load/vec4 v0xca0e89c20_0;
    %cmp/u;
    %jmp/1 T_65.10, 6;
    %dup/vec4;
    %load/vec4 v0xca0e895e0_0;
    %flag_set/vec4 8;
    %flag_get/vec4 8;
    %jmp/1 T_65.17, 8;
    %load/vec4 v0xca0e89540_0;
    %or;
T_65.17;
    %cmp/u;
    %jmp/1 T_65.11, 6;
    %dup/vec4;
    %load/vec4 v0xca0e88640_0;
    %flag_set/vec4 8;
    %flag_get/vec4 8;
    %jmp/1 T_65.18, 8;
    %load/vec4 v0xca0e885a0_0;
    %or;
T_65.18;
    %cmp/u;
    %jmp/1 T_65.12, 6;
    %dup/vec4;
    %load/vec4 v0xca0e878e0_0;
    %flag_set/vec4 8;
    %flag_get/vec4 8;
    %jmp/1 T_65.19, 8;
    %load/vec4 v0xca0e87840_0;
    %or;
T_65.19;
    %cmp/u;
    %jmp/1 T_65.13, 6;
    %dup/vec4;
    %pushi/vec4 0, 0, 1;
    %cmp/u;
    %jmp/1 T_65.14, 6;
    %dup/vec4;
    %pushi/vec4 0, 0, 1;
    %cmp/u;
    %jmp/1 T_65.15, 6;
    %jmp T_65.16;
T_65.9 ;
    %load/vec4 v0xca0e84f00_0;
    %store/vec4 v0xca0e85180_0, 0, 32;
    %jmp T_65.16;
T_65.10 ;
    %load/vec4 v0xca0e85220_0;
    %pad/u 32;
    %store/vec4 v0xca0e85180_0, 0, 32;
    %jmp T_65.16;
T_65.11 ;
    %load/vec4 v0xca0e8d220_0;
    %load/vec4 v0xca0e8d2c0_0;
    %xor;
    %store/vec4 v0xca0e85180_0, 0, 32;
    %jmp T_65.16;
T_65.12 ;
    %load/vec4 v0xca0e8d220_0;
    %load/vec4 v0xca0e8d2c0_0;
    %or;
    %store/vec4 v0xca0e85180_0, 0, 32;
    %jmp T_65.16;
T_65.13 ;
    %load/vec4 v0xca0e8d220_0;
    %load/vec4 v0xca0e8d2c0_0;
    %and;
    %store/vec4 v0xca0e85180_0, 0, 32;
    %jmp T_65.16;
T_65.14 ;
    %load/vec4 v0xca0e85400_0;
    %store/vec4 v0xca0e85180_0, 0, 32;
    %jmp T_65.16;
T_65.15 ;
    %load/vec4 v0xca0e854a0_0;
    %store/vec4 v0xca0e85180_0, 0, 32;
    %jmp T_65.16;
T_65.16 ;
    %pop/vec4 1;
    %jmp T_65;
    .thread T_65, $push;
    .scope S_0xca0e5cf00;
T_66 ;
    %wait E_0xca11a9600;
    %load/vec4 v0xca0e85a40_0;
    %assign/vec4 v0xca0e85ae0_0, 0;
    %jmp T_66;
    .thread T_66;
    .scope S_0xca0e5cf00;
T_67 ;
    %wait E_0xca11a96c0;
    %load/vec4 v0xca0e85ae0_0;
    %store/vec4 v0xca0e85a40_0, 0, 1;
    %load/vec4 v0xca0e8cd20_0;
    %nor/r;
    %flag_set/vec4 8;
    %jmp/0xz  T_67.0, 8;
    %pushi/vec4 0, 0, 1;
    %store/vec4 v0xca0e85a40_0, 0, 1;
T_67.0 ;
    %load/vec4 v0xca0e8a440_0;
    %flag_set/vec4 8;
    %jmp/1 T_67.5, 8;
    %load/vec4 v0xca0e899a0_0;
    %cmpi/ne 0, 0, 2;
    %flag_or 8, 4;
T_67.5;
    %jmp/1 T_67.4, 8;
    %load/vec4 v0xca0e8d540_0;
    %nor/r;
    %flag_set/vec4 9;
    %flag_or 8, 9;
T_67.4;
    %jmp/0xz  T_67.2, 8;
    %pushi/vec4 0, 0, 1;
    %store/vec4 v0xca0e85a40_0, 0, 1;
T_67.2 ;
    %jmp T_67;
    .thread T_67, $push;
    .scope S_0xca0e5cf00;
T_68 ;
    %wait E_0xca11a9680;
    %pushi/vec4 0, 0, 1;
    %store/vec4 v0xca0e86120_0, 0, 1;
    %pushi/vec4 4294967295, 4294967295, 32;
    %store/vec4 v0xca0e86080_0, 0, 32;
    %load/vec4 v0xca0e85e00_0;
    %cmpi/e 64, 0, 8;
    %jmp/0xz  T_68.0, 4;
    %pushi/vec4 1, 0, 1;
    %dup/vec4;
    %load/vec4 v0xca0e8a440_0;
    %cmp/u;
    %jmp/1 T_68.2, 6;
    %dup/vec4;
    %load/vec4 v0xca0e8a8a0_0;
    %flag_set/vec4 8;
    %flag_get/vec4 8;
    %jmp/0 T_68.7, 8;
    %load/vec4 v0xca0e8a440_0;
    %nor/r;
    %and;
T_68.7;
    %cmp/u;
    %jmp/1 T_68.3, 6;
    %dup/vec4;
    %pushi/vec4 0, 0, 1;
    %cmp/u;
    %jmp/1 T_68.4, 6;
    %dup/vec4;
    %pushi/vec4 0, 0, 1;
    %cmp/u;
    %jmp/1 T_68.5, 6;
    %jmp T_68.6;
T_68.2 ;
    %load/vec4 v0xca0e8d400_0;
    %load/vec4 v0xca0e8a4e0_0;
    %flag_set/vec4 8;
    %jmp/0 T_68.8, 8;
    %pushi/vec4 2, 0, 32;
    %jmp/1 T_68.9, 8;
T_68.8 ; End of true expr.
    %pushi/vec4 4, 0, 32;
    %jmp/0 T_68.9, 8;
 ; End of false expr.
    %blend;
T_68.9;
    %add;
    %store/vec4 v0xca0e86080_0, 0, 32;
    %pushi/vec4 1, 0, 1;
    %store/vec4 v0xca0e86120_0, 0, 1;
    %jmp T_68.6;
T_68.3 ;
    %load/vec4 v0xca0e8a800_0;
    %flag_set/vec4 8;
    %jmp/0 T_68.10, 8;
    %load/vec4 v0xca0e85360_0;
    %jmp/1 T_68.11, 8;
T_68.10 ; End of true expr.
    %load/vec4 v0xca0e8d360_0;
    %jmp/0 T_68.11, 8;
 ; End of false expr.
    %blend;
T_68.11;
    %store/vec4 v0xca0e86080_0, 0, 32;
    %pushi/vec4 1, 0, 1;
    %store/vec4 v0xca0e86120_0, 0, 1;
    %jmp T_68.6;
T_68.4 ;
    %load/vec4 v0xca0e8d180_0;
    %load/vec4 v0xca0e8a4e0_0;
    %pad/u 32;
    %or;
    %store/vec4 v0xca0e86080_0, 0, 32;
    %pushi/vec4 1, 0, 1;
    %store/vec4 v0xca0e86120_0, 0, 1;
    %jmp T_68.6;
T_68.5 ;
    %load/vec4 v0xca0e89900_0;
    %load/vec4 v0xca0e89860_0;
    %inv;
    %and;
    %store/vec4 v0xca0e86080_0, 0, 32;
    %pushi/vec4 1, 0, 1;
    %store/vec4 v0xca0e86120_0, 0, 1;
    %jmp T_68.6;
T_68.6 ;
    %pop/vec4 1;
T_68.0 ;
    %jmp T_68;
    .thread T_68, $push;
    .scope S_0xca0e5cf00;
T_69 ;
    %wait E_0xca11a9600;
    %load/vec4 v0xca0e8d540_0;
    %flag_set/vec4 10;
    %flag_get/vec4 10;
    %jmp/0 T_69.3, 10;
    %load/vec4 v0xca0e86120_0;
    %and;
T_69.3;
    %flag_set/vec4 9;
    %flag_get/vec4 9;
    %jmp/0 T_69.2, 9;
    %load/vec4 v0xca0e8a760_0;
    %pushi/vec4 0, 0, 5;
    %cmp/ne;
    %flag_get/vec4 4;
    %and;
T_69.2;
    %flag_set/vec4 8;
    %jmp/0xz  T_69.0, 8;
    %load/vec4 v0xca0e86080_0;
    %load/vec4 v0xca0e8a760_0;
    %pad/u 7;
    %ix/vec4 3;
    %ix/load 4, 0, 0; Constant delay
    %assign/vec4/a/d v0xca0e85ea0, 0, 4;
T_69.0 ;
    %jmp T_69;
    .thread T_69;
    .scope S_0xca0e5cf00;
T_70 ;
    %wait E_0xca11a9640;
    %pushi/vec4 31, 31, 5;
    %store/vec4 v0xca0e87160_0, 0, 5;
    %load/vec4 v0xca0e87200_0;
    %cmpi/ne 0, 0, 5;
    %flag_mov 8, 4;
    %jmp/0 T_70.0, 8;
    %load/vec4 v0xca0e87200_0;
    %pad/u 7;
    %ix/vec4 4;
    %load/vec4a v0xca0e85ea0, 4;
    %jmp/1 T_70.1, 8;
T_70.0 ; End of true expr.
    %pushi/vec4 0, 0, 32;
    %jmp/0 T_70.1, 8;
 ; End of false expr.
    %blend;
T_70.1;
    %store/vec4 v0xca0e85f40_0, 0, 32;
    %load/vec4 v0xca0e872a0_0;
    %cmpi/ne 0, 0, 5;
    %flag_mov 8, 4;
    %jmp/0 T_70.2, 8;
    %load/vec4 v0xca0e872a0_0;
    %pad/u 7;
    %ix/vec4 4;
    %load/vec4a v0xca0e85ea0, 4;
    %jmp/1 T_70.3, 8;
T_70.2 ; End of true expr.
    %pushi/vec4 0, 0, 32;
    %jmp/0 T_70.3, 8;
 ; End of false expr.
    %blend;
T_70.3;
    %store/vec4 v0xca0e85fe0_0, 0, 32;
    %jmp T_70;
    .thread T_70, $push;
    .scope S_0xca0e5cf00;
T_71 ;
    %wait E_0xca11a9600;
    %pushi/vec4 0, 0, 1;
    %assign/vec4 v0xca0e8d9a0_0, 0;
    %pushi/vec4 31, 31, 5;
    %assign/vec4 v0xca0e8d4a0_0, 0;
    %pushi/vec4 4294967295, 4294967295, 32;
    %assign/vec4 v0xca0e8d360_0, 0;
    %pushi/vec4 0, 0, 1;
    %store/vec4 v0xca0e8d680_0, 0, 1;
    %pushi/vec4 0, 0, 1;
    %store/vec4 v0xca0e8d5e0_0, 0, 1;
    %pushi/vec4 0, 0, 1;
    %store/vec4 v0xca0e8d720_0, 0, 1;
    %load/vec4 v0xca0e85220_0;
    %assign/vec4 v0xca0e852c0_0, 0;
    %load/vec4 v0xca0e85180_0;
    %assign/vec4 v0xca0e85360_0, 0;
    %pushi/vec4 0, 0, 1;
    %assign/vec4 v0xca0e85540_0, 0;
    %pushi/vec4 0, 0, 1;
    %assign/vec4 v0xca0e855e0_0, 0;
    %load/vec4 v0xca0e8a9e0_0;
    %flag_set/vec4 8;
    %jmp/0xz  T_71.0, 8;
    %pushi/vec4 4294967295, 4294967295, 32;
    %assign/vec4 v0xca0e86c60_0, 0;
    %pushi/vec4 4294967295, 4294967295, 32;
    %assign/vec4 v0xca0e86da0_0, 0;
    %pushi/vec4 0, 0, 1;
    %assign/vec4 v0xca0e86d00_0, 0;
    %pushi/vec4 0, 0, 1;
    %assign/vec4 v0xca0e86e40_0, 0;
T_71.0 ;
    %pushi/vec4 4294967295, 4294967295, 32;
    %concati/vec4 4294967295, 4294967295, 32;
    %assign/vec4 v0xca0e85cc0_0, 0;
    %pushi/vec4 4294967295, 4294967295, 32;
    %concati/vec4 4294967295, 4294967295, 32;
    %assign/vec4 v0xca0e85d60_0, 0;
    %pushi/vec4 4294967295, 4294967295, 32;
    %store/vec4 v0xca0e8be80_0, 0, 32;
    %load/vec4 v0xca0e8ad00_0;
    %flag_set/vec4 8;
    %flag_get/vec4 8;
    %jmp/0 T_71.2, 8;
    %load/vec4 v0xca0e8ae40_0;
    %and;
T_71.2;
    %assign/vec4 v0xca0e87480_0, 0;
    %load/vec4 v0xca0e87480_0;
    %assign/vec4 v0xca0e87520_0, 0;
    %pushi/vec4 0, 0, 1;
    %assign/vec4 v0xca0e87340_0, 0;
    %load/vec4 v0xca0e87340_0;
    %assign/vec4 v0xca0e873e0_0, 0;
    %pushi/vec4 0, 0, 1;
    %assign/vec4 v0xca0e875c0_0, 0;
    %pushi/vec4 0, 0, 1;
    %assign/vec4 v0xca0e8d900_0, 0;
    %pushi/vec4 4294967295, 4294967295, 32;
    %concati/vec4 15, 15, 4;
    %assign/vec4 v0xca0e8d860_0, 0;
    %load/vec4 v0xca0e8d540_0;
    %nor/r;
    %flag_set/vec4 8;
    %jmp/0xz  T_71.3, 8;
    %pushi/vec4 0, 0, 32;
    %assign/vec4 v0xca0e8d400_0, 0;
    %pushi/vec4 0, 0, 32;
    %assign/vec4 v0xca0e8d180_0, 0;
    %pushi/vec4 0, 0, 1;
    %assign/vec4 v0xca0e8a8a0_0, 0;
    %pushi/vec4 0, 0, 1;
    %assign/vec4 v0xca0e8a800_0, 0;
    %pushi/vec4 0, 0, 1;
    %assign/vec4 v0xca0e8a440_0, 0;
    %pushi/vec4 0, 0, 1;
    %assign/vec4 v0xca0e8a940_0, 0;
    %pushi/vec4 0, 0, 1;
    %assign/vec4 v0xca0e8a6c0_0, 0;
    %pushi/vec4 0, 0, 1;
    %assign/vec4 v0xca0e8a620_0, 0;
    %pushi/vec4 0, 0, 1;
    %assign/vec4 v0xca0e8a580_0, 0;
    %pushi/vec4 0, 0, 1;
    %assign/vec4 v0xca0e8cb40_0, 0;
    %pushi/vec4 0, 0, 1;
    %assign/vec4 v0xca0e8caa0_0, 0;
    %pushi/vec4 0, 0, 1;
    %assign/vec4 v0xca0e89720_0, 0;
    %pushi/vec4 0, 0, 1;
    %assign/vec4 v0xca0e897c0_0, 0;
    %pushi/vec4 4294967295, 0, 32;
    %assign/vec4 v0xca0e89860_0, 0;
    %pushi/vec4 0, 0, 32;
    %store/vec4 v0xca0e8be80_0, 0, 32;
    %pushi/vec4 0, 0, 2;
    %assign/vec4 v0xca0e899a0_0, 0;
    %pushi/vec4 0, 0, 32;
    %assign/vec4 v0xca0e87660_0, 0;
    %pushi/vec4 0, 0, 32;
    %assign/vec4 v0xca0e8d7c0_0, 0;
    %pushi/vec4 1, 0, 1;
    %assign/vec4 v0xca0e8a8a0_0, 0;
    %pushi/vec4 2, 0, 5;
    %assign/vec4 v0xca0e8a760_0, 0;
    %pushi/vec4 8176, 0, 32;
    %assign/vec4 v0xca0e8d360_0, 0;
    %pushi/vec4 64, 0, 8;
    %assign/vec4 v0xca0e85e00_0, 0;
    %jmp T_71.4;
T_71.3 ;
    %load/vec4 v0xca0e85e00_0;
    %dup/vec4;
    %pushi/vec4 128, 0, 8;
    %cmp/u;
    %jmp/1 T_71.5, 6;
    %dup/vec4;
    %pushi/vec4 64, 0, 8;
    %cmp/u;
    %jmp/1 T_71.6, 6;
    %dup/vec4;
    %pushi/vec4 32, 0, 8;
    %cmp/u;
    %jmp/1 T_71.7, 6;
    %dup/vec4;
    %pushi/vec4 16, 0, 8;
    %cmp/u;
    %jmp/1 T_71.8, 6;
    %dup/vec4;
    %pushi/vec4 8, 0, 8;
    %cmp/u;
    %jmp/1 T_71.9, 6;
    %dup/vec4;
    %pushi/vec4 4, 0, 8;
    %cmp/u;
    %jmp/1 T_71.10, 6;
    %dup/vec4;
    %pushi/vec4 2, 0, 8;
    %cmp/u;
    %jmp/1 T_71.11, 6;
    %dup/vec4;
    %pushi/vec4 1, 0, 8;
    %cmp/u;
    %jmp/1 T_71.12, 6;
    %jmp T_71.13;
T_71.5 ;
    %pushi/vec4 1, 0, 1;
    %assign/vec4 v0xca0e8d9a0_0, 0;
    %jmp T_71.13;
T_71.6 ;
    %load/vec4 v0xca0e87480_0;
    %nor/r;
    %flag_set/vec4 8;
    %flag_get/vec4 8;
    %jmp/0 T_71.14, 8;
    %load/vec4 v0xca0e875c0_0;
    %nor/r;
    %and;
T_71.14;
    %assign/vec4 v0xca0e8ad00_0, 0;
    %pushi/vec4 0, 0, 2;
    %assign/vec4 v0xca0e8bb60_0, 0;
    %load/vec4 v0xca0e8d180_0;
    %store/vec4 v0xca0e861c0_0, 0, 32;
    %pushi/vec4 1, 0, 1;
    %dup/vec4;
    %load/vec4 v0xca0e8a440_0;
    %cmp/u;
    %jmp/1 T_71.15, 6;
    %dup/vec4;
    %load/vec4 v0xca0e8a8a0_0;
    %flag_set/vec4 8;
    %flag_get/vec4 8;
    %jmp/0 T_71.20, 8;
    %load/vec4 v0xca0e8a440_0;
    %nor/r;
    %and;
T_71.20;
    %cmp/u;
    %jmp/1 T_71.16, 6;
    %dup/vec4;
    %pushi/vec4 0, 0, 1;
    %cmp/u;
    %jmp/1 T_71.17, 6;
    %dup/vec4;
    %pushi/vec4 0, 0, 1;
    %cmp/u;
    %jmp/1 T_71.18, 6;
    %jmp T_71.19;
T_71.15 ;
    %load/vec4 v0xca0e8a8a0_0;
    %flag_set/vec4 8;
    %jmp/0 T_71.21, 8;
    %load/vec4 v0xca0e8a800_0;
    %flag_set/vec4 9;
    %jmp/0 T_71.23, 9;
    %load/vec4 v0xca0e85360_0;
    %jmp/1 T_71.24, 9;
T_71.23 ; End of true expr.
    %load/vec4 v0xca0e8d360_0;
    %jmp/0 T_71.24, 9;
 ; End of false expr.
    %blend;
T_71.24;
    %pushi/vec4 4294967294, 0, 32;
    %and;
    %jmp/1 T_71.22, 8;
T_71.21 ; End of true expr.
    %load/vec4 v0xca0e8d180_0;
    %jmp/0 T_71.22, 8;
 ; End of false expr.
    %blend;
T_71.22;
    %store/vec4 v0xca0e861c0_0, 0, 32;
    %jmp T_71.19;
T_71.16 ;
    %jmp T_71.19;
T_71.17 ;
    %pushi/vec4 16, 0, 32;
    %store/vec4 v0xca0e861c0_0, 0, 32;
    %pushi/vec4 1, 0, 1;
    %assign/vec4 v0xca0e89720_0, 0;
    %pushi/vec4 1, 0, 1;
    %assign/vec4 v0xca0e8ad00_0, 0;
    %jmp T_71.19;
T_71.18 ;
    %load/vec4 v0xca0e89900_0;
    %load/vec4 v0xca0e89860_0;
    %inv;
    %and;
    %assign/vec4 v0xca0e87660_0, 0;
    %load/vec4 v0xca0e8be80_0;
    %load/vec4 v0xca0e89860_0;
    %and;
    %store/vec4 v0xca0e8be80_0, 0, 32;
    %jmp T_71.19;
T_71.19 ;
    %pop/vec4 1;
    %load/vec4 v0xca0e861c0_0;
    %assign/vec4 v0xca0e8d400_0, 0;
    %load/vec4 v0xca0e861c0_0;
    %assign/vec4 v0xca0e8d180_0, 0;
    %pushi/vec4 0, 0, 1;
    %assign/vec4 v0xca0e8a8a0_0, 0;
    %pushi/vec4 0, 0, 1;
    %assign/vec4 v0xca0e8a800_0, 0;
    %pushi/vec4 0, 0, 1;
    %assign/vec4 v0xca0e8a440_0, 0;
    %pushi/vec4 0, 0, 1;
    %assign/vec4 v0xca0e8a6c0_0, 0;
    %pushi/vec4 0, 0, 1;
    %assign/vec4 v0xca0e8a620_0, 0;
    %pushi/vec4 0, 0, 1;
    %assign/vec4 v0xca0e8a580_0, 0;
    %load/vec4 v0xca0e870c0_0;
    %assign/vec4 v0xca0e8a760_0, 0;
    %load/vec4 v0xca0e85c20_0;
    %assign/vec4 v0xca0e8a4e0_0, 0;
    %load/vec4 v0xca0e87480_0;
    %flag_set/vec4 8;
    %jmp/0xz  T_71.25, 8;
    %load/vec4 v0xca0e89720_0;
    %assign/vec4 v0xca0e897c0_0, 0;
    %load/vec4 v0xca0e861c0_0;
    %load/vec4 v0xca0e85c20_0;
    %flag_set/vec4 8;
    %jmp/0 T_71.27, 8;
    %pushi/vec4 2, 0, 32;
    %jmp/1 T_71.28, 8;
T_71.27 ; End of true expr.
    %pushi/vec4 4, 0, 32;
    %jmp/0 T_71.28, 8;
 ; End of false expr.
    %blend;
T_71.28;
    %add;
    %assign/vec4 v0xca0e8d180_0, 0;
    %load/vec4 v0xca0e88000_0;
    %flag_set/vec4 8;
    %jmp/0xz  T_71.29, 8;
    %pushi/vec4 1, 0, 1;
    %assign/vec4 v0xca0e8ad00_0, 0;
    %load/vec4 v0xca0e861c0_0;
    %load/vec4 v0xca0e87020_0;
    %add;
    %assign/vec4 v0xca0e8d180_0, 0;
    %pushi/vec4 1, 0, 1;
    %assign/vec4 v0xca0e8a440_0, 0;
    %jmp T_71.30;
T_71.29 ;
    %pushi/vec4 0, 0, 1;
    %assign/vec4 v0xca0e8ad00_0, 0;
    %load/vec4 v0xca0e880a0_0;
    %nor/r;
    %flag_set/vec4 8;
    %flag_get/vec4 8;
    %jmp/0 T_71.31, 8;
    %load/vec4 v0xca0e88960_0;
    %nor/r;
    %and;
T_71.31;
    %assign/vec4 v0xca0e8abc0_0, 0;
    %pushi/vec4 32, 0, 8;
    %assign/vec4 v0xca0e85e00_0, 0;
T_71.30 ;
T_71.25 ;
    %jmp T_71.13;
T_71.7 ;
    %pushi/vec4 4294967295, 4294967295, 32;
    %assign/vec4 v0xca0e8d220_0, 0;
    %pushi/vec4 4294967295, 4294967295, 32;
    %assign/vec4 v0xca0e8d2c0_0, 0;
    %pushi/vec4 1, 0, 1;
    %dup/vec4;
    %pushi/vec4 1, 0, 1;
    %flag_set/vec4 8;
    %flag_get/vec4 8;
    %jmp/0 T_71.46, 8;
    %load/vec4 v0xca0e89400_0;
    %and;
T_71.46;
    %cmp/u;
    %jmp/1 T_71.32, 6;
    %dup/vec4;
    %pushi/vec4 0, 0, 1;
    %cmp/u;
    %jmp/1 T_71.33, 6;
    %dup/vec4;
    %load/vec4 v0xca0e89ea0_0;
    %cmp/u;
    %jmp/1 T_71.34, 6;
    %dup/vec4;
    %pushi/vec4 0, 0, 1;
    %cmp/u;
    %jmp/1 T_71.35, 6;
    %dup/vec4;
    %pushi/vec4 0, 0, 1;
    %cmp/u;
    %jmp/1 T_71.36, 6;
    %dup/vec4;
    %pushi/vec4 0, 0, 1;
    %cmp/u;
    %jmp/1 T_71.37, 6;
    %dup/vec4;
    %pushi/vec4 0, 0, 1;
    %cmp/u;
    %jmp/1 T_71.38, 6;
    %dup/vec4;
    %pushi/vec4 0, 0, 1;
    %cmp/u;
    %jmp/1 T_71.39, 6;
    %dup/vec4;
    %load/vec4 v0xca0e89d60_0;
    %flag_set/vec4 8;
    %flag_get/vec4 8;
    %jmp/0 T_71.47, 8;
    %load/vec4 v0xca0e89400_0;
    %nor/r;
    %and;
T_71.47;
    %cmp/u;
    %jmp/1 T_71.40, 6;
    %dup/vec4;
    %load/vec4 v0xca0e8a1c0_0;
    %flag_set/vec4 8;
    %flag_get/vec4 8;
    %jmp/0 T_71.48, 8;
    %pushi/vec4 1, 0, 1;
    %and;
T_71.48;
    %cmp/u;
    %jmp/1 T_71.41, 6;
    %dup/vec4;
    %load/vec4 v0xca0e89cc0_0;
    %cmp/u;
    %jmp/1 T_71.42, 6;
    %dup/vec4;
    %load/vec4 v0xca0e8a1c0_0;
    %flag_set/vec4 8;
    %flag_get/vec4 8;
    %jmp/0 T_71.49, 8;
    %pushi/vec4 0, 0, 1;
    %and;
T_71.49;
    %cmp/u;
    %jmp/1 T_71.43, 6;
    %load/vec4 v0xca0e85f40_0;
    %assign/vec4 v0xca0e8d220_0, 0;
    %load/vec4 v0xca0e85f40_0;
    %assign/vec4 v0xca0e86c60_0, 0;
    %pushi/vec4 1, 0, 1;
    %assign/vec4 v0xca0e86d00_0, 0;
    %load/vec4 v0xca0e85fe0_0;
    %pad/u 5;
    %assign/vec4 v0xca0e8d4a0_0, 0;
    %load/vec4 v0xca0e85fe0_0;
    %assign/vec4 v0xca0e8d2c0_0, 0;
    %load/vec4 v0xca0e85fe0_0;
    %assign/vec4 v0xca0e86da0_0, 0;
    %pushi/vec4 1, 0, 1;
    %assign/vec4 v0xca0e86e40_0, 0;
    %pushi/vec4 1, 0, 1;
    %dup/vec4;
    %load/vec4 v0xca0e8a080_0;
    %cmp/u;
    %jmp/1 T_71.50, 6;
    %dup/vec4;
    %load/vec4 v0xca0e8a120_0;
    %flag_set/vec4 8;
    %flag_get/vec4 8;
    %jmp/0 T_71.54, 8;
    %pushi/vec4 1, 0, 1;
    %and;
T_71.54;
    %cmp/u;
    %jmp/1 T_71.51, 6;
    %load/vec4 v0xca0e8abc0_0;
    %assign/vec4 v0xca0e8ad00_0, 0;
    %pushi/vec4 8, 0, 8;
    %assign/vec4 v0xca0e85e00_0, 0;
    %jmp T_71.53;
T_71.50 ;
    %pushi/vec4 2, 0, 8;
    %assign/vec4 v0xca0e85e00_0, 0;
    %pushi/vec4 1, 0, 1;
    %assign/vec4 v0xca0e8ad00_0, 0;
    %jmp T_71.53;
T_71.51 ;
    %pushi/vec4 4, 0, 8;
    %assign/vec4 v0xca0e85e00_0, 0;
    %jmp T_71.53;
T_71.53 ;
    %pop/vec4 1;
    %jmp T_71.45;
T_71.32 ;
    %pushi/vec4 128, 0, 8;
    %assign/vec4 v0xca0e85e00_0, 0;
    %jmp T_71.45;
T_71.33 ;
    %pushi/vec4 1, 0, 1;
    %dup/vec4;
    %load/vec4 v0xca0e886e0_0;
    %cmp/u;
    %jmp/1 T_71.55, 6;
    %dup/vec4;
    %load/vec4 v0xca0e88780_0;
    %flag_set/vec4 8;
    %flag_get/vec4 8;
    %jmp/0 T_71.60, 8;
    %pushi/vec4 0, 0, 1;
    %and;
T_71.60;
    %cmp/u;
    %jmp/1 T_71.56, 6;
    %dup/vec4;
    %load/vec4 v0xca0e88820_0;
    %cmp/u;
    %jmp/1 T_71.57, 6;
    %dup/vec4;
    %load/vec4 v0xca0e888c0_0;
    %flag_set/vec4 8;
    %flag_get/vec4 8;
    %jmp/0 T_71.61, 8;
    %pushi/vec4 0, 0, 1;
    %and;
T_71.61;
    %cmp/u;
    %jmp/1 T_71.58, 6;
    %jmp T_71.59;
T_71.55 ;
    %load/vec4 v0xca0e85cc0_0;
    %parti/s 32, 0, 2;
    %assign/vec4 v0xca0e8d360_0, 0;
    %jmp T_71.59;
T_71.56 ;
    %load/vec4 v0xca0e85cc0_0;
    %parti/s 32, 32, 7;
    %assign/vec4 v0xca0e8d360_0, 0;
    %jmp T_71.59;
T_71.57 ;
    %load/vec4 v0xca0e85d60_0;
    %parti/s 32, 0, 2;
    %assign/vec4 v0xca0e8d360_0, 0;
    %jmp T_71.59;
T_71.58 ;
    %load/vec4 v0xca0e85d60_0;
    %parti/s 32, 32, 7;
    %assign/vec4 v0xca0e8d360_0, 0;
    %jmp T_71.59;
T_71.59 ;
    %pop/vec4 1;
    %pushi/vec4 1, 0, 1;
    %assign/vec4 v0xca0e8a8a0_0, 0;
    %pushi/vec4 64, 0, 8;
    %assign/vec4 v0xca0e85e00_0, 0;
    %jmp T_71.45;
T_71.34 ;
    %load/vec4 v0xca0e883c0_0;
    %flag_set/vec4 8;
    %jmp/0 T_71.62, 8;
    %pushi/vec4 0, 0, 32;
    %jmp/1 T_71.63, 8;
T_71.62 ; End of true expr.
    %load/vec4 v0xca0e8d400_0;
    %jmp/0 T_71.63, 8;
 ; End of false expr.
    %blend;
T_71.63;
    %assign/vec4 v0xca0e8d220_0, 0;
    %load/vec4 v0xca0e86f80_0;
    %assign/vec4 v0xca0e8d2c0_0, 0;
    %load/vec4 v0xca0e8abc0_0;
    %assign/vec4 v0xca0e8ad00_0, 0;
    %pushi/vec4 8, 0, 8;
    %assign/vec4 v0xca0e85e00_0, 0;
    %jmp T_71.45;
T_71.35 ;
    %load/vec4 v0xca0e85f40_0;
    %assign/vec4 v0xca0e8d360_0, 0;
    %load/vec4 v0xca0e85f40_0;
    %assign/vec4 v0xca0e86c60_0, 0;
    %pushi/vec4 1, 0, 1;
    %assign/vec4 v0xca0e86d00_0, 0;
    %pushi/vec4 1, 0, 1;
    %assign/vec4 v0xca0e8a8a0_0, 0;
    %pushi/vec4 64, 0, 8;
    %assign/vec4 v0xca0e85e00_0, 0;
    %jmp T_71.45;
T_71.36 ;
    %load/vec4 v0xca0e85f40_0;
    %assign/vec4 v0xca0e8d360_0, 0;
    %load/vec4 v0xca0e85f40_0;
    %assign/vec4 v0xca0e86c60_0, 0;
    %pushi/vec4 1, 0, 1;
    %assign/vec4 v0xca0e86d00_0, 0;
    %load/vec4 v0xca0e8a760_0;
    %pad/u 32;
    %pushi/vec4 32, 0, 32;
    %or;
    %pad/u 5;
    %assign/vec4 v0xca0e8a760_0, 0;
    %pushi/vec4 1, 0, 1;
    %assign/vec4 v0xca0e8a8a0_0, 0;
    %pushi/vec4 64, 0, 8;
    %assign/vec4 v0xca0e85e00_0, 0;
    %jmp T_71.45;
T_71.37 ;
    %pushi/vec4 0, 0, 32;
    %assign/vec4 v0xca0e87660_0, 0;
    %pushi/vec4 0, 0, 1;
    %assign/vec4 v0xca0e89720_0, 0;
    %pushi/vec4 1, 0, 1;
    %assign/vec4 v0xca0e8a440_0, 0;
    %pushi/vec4 1, 0, 1;
    %assign/vec4 v0xca0e8a8a0_0, 0;
    %load/vec4 v0xca0e85f40_0;
    %pushi/vec4 4294967294, 0, 32;
    %and;
    %assign/vec4 v0xca0e8d360_0, 0;
    %load/vec4 v0xca0e85f40_0;
    %assign/vec4 v0xca0e86c60_0, 0;
    %pushi/vec4 1, 0, 1;
    %assign/vec4 v0xca0e86d00_0, 0;
    %pushi/vec4 64, 0, 8;
    %assign/vec4 v0xca0e85e00_0, 0;
    %jmp T_71.45;
T_71.38 ;
    %pushi/vec4 1, 0, 1;
    %assign/vec4 v0xca0e8a8a0_0, 0;
    %load/vec4 v0xca0e89860_0;
    %assign/vec4 v0xca0e8d360_0, 0;
    %load/vec4 v0xca0e85f40_0;
    %pushi/vec4 0, 0, 32;
    %or;
    %assign/vec4 v0xca0e89860_0, 0;
    %load/vec4 v0xca0e85f40_0;
    %assign/vec4 v0xca0e86c60_0, 0;
    %pushi/vec4 1, 0, 1;
    %assign/vec4 v0xca0e86d00_0, 0;
    %pushi/vec4 64, 0, 8;
    %assign/vec4 v0xca0e85e00_0, 0;
    %jmp T_71.45;
T_71.39 ;
    %pushi/vec4 1, 0, 1;
    %assign/vec4 v0xca0e8a8a0_0, 0;
    %load/vec4 v0xca0e8d7c0_0;
    %assign/vec4 v0xca0e8d360_0, 0;
    %load/vec4 v0xca0e85f40_0;
    %assign/vec4 v0xca0e8d7c0_0, 0;
    %load/vec4 v0xca0e85f40_0;
    %assign/vec4 v0xca0e86c60_0, 0;
    %pushi/vec4 1, 0, 1;
    %assign/vec4 v0xca0e86d00_0, 0;
    %pushi/vec4 64, 0, 8;
    %assign/vec4 v0xca0e85e00_0, 0;
    %jmp T_71.45;
T_71.40 ;
    %load/vec4 v0xca0e85f40_0;
    %assign/vec4 v0xca0e8d220_0, 0;
    %load/vec4 v0xca0e85f40_0;
    %assign/vec4 v0xca0e86c60_0, 0;
    %pushi/vec4 1, 0, 1;
    %assign/vec4 v0xca0e86d00_0, 0;
    %pushi/vec4 1, 0, 8;
    %assign/vec4 v0xca0e85e00_0, 0;
    %pushi/vec4 1, 0, 1;
    %assign/vec4 v0xca0e8ad00_0, 0;
    %jmp T_71.45;
T_71.41 ;
    %load/vec4 v0xca0e85f40_0;
    %assign/vec4 v0xca0e8d220_0, 0;
    %load/vec4 v0xca0e85f40_0;
    %assign/vec4 v0xca0e86c60_0, 0;
    %pushi/vec4 1, 0, 1;
    %assign/vec4 v0xca0e86d00_0, 0;
    %load/vec4 v0xca0e872a0_0;
    %assign/vec4 v0xca0e8d4a0_0, 0;
    %pushi/vec4 4, 0, 8;
    %assign/vec4 v0xca0e85e00_0, 0;
    %jmp T_71.45;
T_71.42 ;
    %load/vec4 v0xca0e85f40_0;
    %assign/vec4 v0xca0e8d220_0, 0;
    %load/vec4 v0xca0e85f40_0;
    %assign/vec4 v0xca0e86c60_0, 0;
    %pushi/vec4 1, 0, 1;
    %assign/vec4 v0xca0e86d00_0, 0;
    %load/vec4 v0xca0e8a1c0_0;
    %flag_set/vec4 9;
    %flag_get/vec4 9;
    %jmp/0 T_71.66, 9;
    %pushi/vec4 0, 0, 1;
    %and;
T_71.66;
    %flag_set/vec4 8;
    %jmp/0 T_71.64, 8;
    %load/vec4 v0xca0e872a0_0;
    %pad/u 32;
    %jmp/1 T_71.65, 8;
T_71.64 ; End of true expr.
    %load/vec4 v0xca0e86f80_0;
    %jmp/0 T_71.65, 8;
 ; End of false expr.
    %blend;
T_71.65;
    %assign/vec4 v0xca0e8d2c0_0, 0;
    %load/vec4 v0xca0e8abc0_0;
    %assign/vec4 v0xca0e8ad00_0, 0;
    %pushi/vec4 8, 0, 8;
    %assign/vec4 v0xca0e85e00_0, 0;
    %jmp T_71.45;
T_71.43 ;
    %load/vec4 v0xca0e85f40_0;
    %assign/vec4 v0xca0e8d220_0, 0;
    %load/vec4 v0xca0e85f40_0;
    %assign/vec4 v0xca0e86c60_0, 0;
    %pushi/vec4 1, 0, 1;
    %assign/vec4 v0xca0e86d00_0, 0;
    %load/vec4 v0xca0e8a1c0_0;
    %flag_set/vec4 9;
    %flag_get/vec4 9;
    %jmp/0 T_71.69, 9;
    %pushi/vec4 0, 0, 1;
    %and;
T_71.69;
    %flag_set/vec4 8;
    %jmp/0 T_71.67, 8;
    %load/vec4 v0xca0e872a0_0;
    %pad/u 32;
    %jmp/1 T_71.68, 8;
T_71.67 ; End of true expr.
    %load/vec4 v0xca0e86f80_0;
    %jmp/0 T_71.68, 8;
 ; End of false expr.
    %blend;
T_71.68;
    %assign/vec4 v0xca0e8d2c0_0, 0;
    %load/vec4 v0xca0e8abc0_0;
    %assign/vec4 v0xca0e8ad00_0, 0;
    %pushi/vec4 8, 0, 8;
    %assign/vec4 v0xca0e85e00_0, 0;
    %jmp T_71.45;
T_71.45 ;
    %pop/vec4 1;
    %jmp T_71.13;
T_71.8 ;
    %load/vec4 v0xca0e85fe0_0;
    %pad/u 5;
    %assign/vec4 v0xca0e8d4a0_0, 0;
    %load/vec4 v0xca0e85fe0_0;
    %assign/vec4 v0xca0e8d2c0_0, 0;
    %load/vec4 v0xca0e85fe0_0;
    %assign/vec4 v0xca0e86da0_0, 0;
    %pushi/vec4 1, 0, 1;
    %assign/vec4 v0xca0e86e40_0, 0;
    %pushi/vec4 1, 0, 1;
    %dup/vec4;
    %pushi/vec4 0, 0, 1;
    %cmp/u;
    %jmp/1 T_71.70, 6;
    %dup/vec4;
    %load/vec4 v0xca0e8a080_0;
    %cmp/u;
    %jmp/1 T_71.71, 6;
    %dup/vec4;
    %load/vec4 v0xca0e8a120_0;
    %flag_set/vec4 8;
    %flag_get/vec4 8;
    %jmp/0 T_71.75, 8;
    %pushi/vec4 1, 0, 1;
    %and;
T_71.75;
    %cmp/u;
    %jmp/1 T_71.72, 6;
    %load/vec4 v0xca0e8abc0_0;
    %assign/vec4 v0xca0e8ad00_0, 0;
    %pushi/vec4 8, 0, 8;
    %assign/vec4 v0xca0e85e00_0, 0;
    %jmp T_71.74;
T_71.70 ;
    %pushi/vec4 1, 0, 1;
    %assign/vec4 v0xca0e8cb40_0, 0;
    %load/vec4 v0xca0e8c3c0_0;
    %flag_set/vec4 8;
    %jmp/0xz  T_71.76, 8;
    %pushi/vec4 1, 0, 1;
    %assign/vec4 v0xca0e8ad00_0, 0;
    %pushi/vec4 0, 0, 1;
    %assign/vec4 v0xca0e8cb40_0, 0;
    %load/vec4 v0xca0e8c320_0;
    %assign/vec4 v0xca0e8d360_0, 0;
    %load/vec4 v0xca0e8c500_0;
    %assign/vec4 v0xca0e8a8a0_0, 0;
    %pushi/vec4 64, 0, 8;
    %assign/vec4 v0xca0e85e00_0, 0;
    %jmp T_71.77;
T_71.76 ;
    %pushi/vec4 1, 0, 1;
    %flag_set/vec4 9;
    %flag_get/vec4 9;
    %jmp/0 T_71.80, 9;
    %load/vec4 v0xca0e8caa0_0;
    %flag_set/vec4 9;
    %flag_get/vec4 9;
    %jmp/1 T_71.81, 9;
    %load/vec4 v0xca0e87de0_0;
    %or;
T_71.81;
    %and;
T_71.80;
    %flag_set/vec4 8;
    %jmp/0xz  T_71.78, 8;
    %pushi/vec4 0, 0, 1;
    %assign/vec4 v0xca0e8cb40_0, 0;
    %pushi/vec4 128, 0, 8;
    %assign/vec4 v0xca0e85e00_0, 0;
T_71.78 ;
T_71.77 ;
    %jmp T_71.74;
T_71.71 ;
    %pushi/vec4 2, 0, 8;
    %assign/vec4 v0xca0e85e00_0, 0;
    %pushi/vec4 1, 0, 1;
    %assign/vec4 v0xca0e8ad00_0, 0;
    %jmp T_71.74;
T_71.72 ;
    %pushi/vec4 4, 0, 8;
    %assign/vec4 v0xca0e85e00_0, 0;
    %jmp T_71.74;
T_71.74 ;
    %pop/vec4 1;
    %jmp T_71.13;
T_71.9 ;
    %load/vec4 v0xca0e8d400_0;
    %load/vec4 v0xca0e86f80_0;
    %add;
    %assign/vec4 v0xca0e8d360_0, 0;
    %load/vec4 v0xca0e89b80_0;
    %flag_set/vec4 8;
    %jmp/0xz  T_71.82, 8;
    %pushi/vec4 0, 0, 5;
    %assign/vec4 v0xca0e8a760_0, 0;
    %load/vec4 v0xca0e85220_0;
    %assign/vec4 v0xca0e8a8a0_0, 0;
    %load/vec4 v0xca0e85220_0;
    %assign/vec4 v0xca0e8a440_0, 0;
    %load/vec4 v0xca0e8ae40_0;
    %flag_set/vec4 8;
    %jmp/0xz  T_71.84, 8;
    %pushi/vec4 64, 0, 8;
    %assign/vec4 v0xca0e85e00_0, 0;
T_71.84 ;
    %load/vec4 v0xca0e85220_0;
    %flag_set/vec4 8;
    %jmp/0xz  T_71.86, 8;
    %pushi/vec4 0, 0, 1;
    %assign/vec4 v0xca0e87480_0, 0;
    %pushi/vec4 1, 0, 1;
    %store/vec4 v0xca0e8d680_0, 0, 1;
T_71.86 ;
    %jmp T_71.83;
T_71.82 ;
    %load/vec4 v0xca0e880a0_0;
    %assign/vec4 v0xca0e8a440_0, 0;
    %pushi/vec4 1, 0, 1;
    %assign/vec4 v0xca0e8a8a0_0, 0;
    %pushi/vec4 1, 0, 1;
    %assign/vec4 v0xca0e8a800_0, 0;
    %pushi/vec4 64, 0, 8;
    %assign/vec4 v0xca0e85e00_0, 0;
T_71.83 ;
    %jmp T_71.13;
T_71.10 ;
    %pushi/vec4 1, 0, 1;
    %assign/vec4 v0xca0e8a8a0_0, 0;
    %load/vec4 v0xca0e8d4a0_0;
    %pad/u 32;
    %cmpi/e 0, 0, 32;
    %jmp/0xz  T_71.88, 4;
    %load/vec4 v0xca0e8d220_0;
    %assign/vec4 v0xca0e8d360_0, 0;
    %load/vec4 v0xca0e8abc0_0;
    %assign/vec4 v0xca0e8ad00_0, 0;
    %pushi/vec4 64, 0, 8;
    %assign/vec4 v0xca0e85e00_0, 0;
    %jmp T_71.89;
T_71.88 ;
    %pushi/vec4 1, 0, 1;
    %flag_set/vec4 9;
    %flag_get/vec4 9;
    %jmp/0 T_71.92, 9;
    %pushi/vec4 4, 0, 32;
    %load/vec4 v0xca0e8d4a0_0;
    %pad/u 32;
    %cmp/u;
    %flag_get/vec4 4;
    %flag_get/vec4 5;
    %or;
    %and;
T_71.92;
    %flag_set/vec4 8;
    %jmp/0xz  T_71.90, 8;
    %pushi/vec4 1, 0, 1;
    %dup/vec4;
    %load/vec4 v0xca0e88c80_0;
    %flag_set/vec4 8;
    %flag_get/vec4 8;
    %jmp/1 T_71.97, 8;
    %load/vec4 v0xca0e88be0_0;
    %or;
T_71.97;
    %cmp/u;
    %jmp/1 T_71.93, 6;
    %dup/vec4;
    %load/vec4 v0xca0e89180_0;
    %flag_set/vec4 8;
    %flag_get/vec4 8;
    %jmp/1 T_71.98, 8;
    %load/vec4 v0xca0e890e0_0;
    %or;
T_71.98;
    %cmp/u;
    %jmp/1 T_71.94, 6;
    %dup/vec4;
    %load/vec4 v0xca0e89040_0;
    %flag_set/vec4 8;
    %flag_get/vec4 8;
    %jmp/1 T_71.99, 8;
    %load/vec4 v0xca0e88fa0_0;
    %or;
T_71.99;
    %cmp/u;
    %jmp/1 T_71.95, 6;
    %jmp T_71.96;
T_71.93 ;
    %load/vec4 v0xca0e8d220_0;
    %ix/load 4, 4, 0;
    %flag_set/imm 4, 0;
    %shiftl 4;
    %assign/vec4 v0xca0e8d220_0, 0;
    %jmp T_71.96;
T_71.94 ;
    %load/vec4 v0xca0e8d220_0;
    %ix/load 4, 4, 0;
    %flag_set/imm 4, 0;
    %shiftr 4;
    %assign/vec4 v0xca0e8d220_0, 0;
    %jmp T_71.96;
T_71.95 ;
    %load/vec4 v0xca0e8d220_0;
    %ix/load 4, 4, 0;
    %flag_set/imm 4, 0;
    %shiftr/s 4;
    %assign/vec4 v0xca0e8d220_0, 0;
    %jmp T_71.96;
T_71.96 ;
    %pop/vec4 1;
    %load/vec4 v0xca0e8d4a0_0;
    %subi 4, 0, 5;
    %assign/vec4 v0xca0e8d4a0_0, 0;
    %jmp T_71.91;
T_71.90 ;
    %pushi/vec4 1, 0, 1;
    %dup/vec4;
    %load/vec4 v0xca0e88c80_0;
    %flag_set/vec4 8;
    %flag_get/vec4 8;
    %jmp/1 T_71.104, 8;
    %load/vec4 v0xca0e88be0_0;
    %or;
T_71.104;
    %cmp/u;
    %jmp/1 T_71.100, 6;
    %dup/vec4;
    %load/vec4 v0xca0e89180_0;
    %flag_set/vec4 8;
    %flag_get/vec4 8;
    %jmp/1 T_71.105, 8;
    %load/vec4 v0xca0e890e0_0;
    %or;
T_71.105;
    %cmp/u;
    %jmp/1 T_71.101, 6;
    %dup/vec4;
    %load/vec4 v0xca0e89040_0;
    %flag_set/vec4 8;
    %flag_get/vec4 8;
    %jmp/1 T_71.106, 8;
    %load/vec4 v0xca0e88fa0_0;
    %or;
T_71.106;
    %cmp/u;
    %jmp/1 T_71.102, 6;
    %jmp T_71.103;
T_71.100 ;
    %load/vec4 v0xca0e8d220_0;
    %ix/load 4, 1, 0;
    %flag_set/imm 4, 0;
    %shiftl 4;
    %assign/vec4 v0xca0e8d220_0, 0;
    %jmp T_71.103;
T_71.101 ;
    %load/vec4 v0xca0e8d220_0;
    %ix/load 4, 1, 0;
    %flag_set/imm 4, 0;
    %shiftr 4;
    %assign/vec4 v0xca0e8d220_0, 0;
    %jmp T_71.103;
T_71.102 ;
    %load/vec4 v0xca0e8d220_0;
    %ix/load 4, 1, 0;
    %flag_set/imm 4, 0;
    %shiftr/s 4;
    %assign/vec4 v0xca0e8d220_0, 0;
    %jmp T_71.103;
T_71.103 ;
    %pop/vec4 1;
    %load/vec4 v0xca0e8d4a0_0;
    %subi 1, 0, 5;
    %assign/vec4 v0xca0e8d4a0_0, 0;
T_71.91 ;
T_71.89 ;
    %jmp T_71.13;
T_71.11 ;
    %load/vec4 v0xca0e8abc0_0;
    %nor/r;
    %flag_set/vec4 8;
    %jmp/1 T_71.109, 8;
    %load/vec4 v0xca0e8ae40_0;
    %flag_set/vec4 9;
    %flag_or 8, 9;
T_71.109;
    %jmp/0xz  T_71.107, 8;
    %load/vec4 v0xca0e8ada0_0;
    %nor/r;
    %flag_set/vec4 8;
    %jmp/0xz  T_71.110, 8;
    %pushi/vec4 1, 0, 1;
    %dup/vec4;
    %load/vec4 v0xca0e88a00_0;
    %cmp/u;
    %jmp/1 T_71.112, 6;
    %dup/vec4;
    %load/vec4 v0xca0e88b40_0;
    %cmp/u;
    %jmp/1 T_71.113, 6;
    %dup/vec4;
    %load/vec4 v0xca0e892c0_0;
    %cmp/u;
    %jmp/1 T_71.114, 6;
    %jmp T_71.115;
T_71.112 ;
    %pushi/vec4 2, 0, 2;
    %assign/vec4 v0xca0e8bb60_0, 0;
    %jmp T_71.115;
T_71.113 ;
    %pushi/vec4 1, 0, 2;
    %assign/vec4 v0xca0e8bb60_0, 0;
    %jmp T_71.115;
T_71.114 ;
    %pushi/vec4 0, 0, 2;
    %assign/vec4 v0xca0e8bb60_0, 0;
    %jmp T_71.115;
T_71.115 ;
    %pop/vec4 1;
    %load/vec4 v0xca0e8d220_0;
    %load/vec4 v0xca0e86f80_0;
    %add;
    %assign/vec4 v0xca0e8d220_0, 0;
    %pushi/vec4 1, 0, 1;
    %store/vec4 v0xca0e8d720_0, 0, 1;
T_71.110 ;
    %load/vec4 v0xca0e8abc0_0;
    %nor/r;
    %flag_set/vec4 9;
    %flag_get/vec4 9;
    %jmp/0 T_71.118, 9;
    %load/vec4 v0xca0e8ae40_0;
    %and;
T_71.118;
    %flag_set/vec4 8;
    %jmp/0xz  T_71.116, 8;
    %pushi/vec4 64, 0, 8;
    %assign/vec4 v0xca0e85e00_0, 0;
    %pushi/vec4 1, 0, 1;
    %assign/vec4 v0xca0e87480_0, 0;
    %pushi/vec4 1, 0, 1;
    %assign/vec4 v0xca0e87340_0, 0;
T_71.116 ;
T_71.107 ;
    %jmp T_71.13;
T_71.12 ;
    %pushi/vec4 1, 0, 1;
    %assign/vec4 v0xca0e8a8a0_0, 0;
    %load/vec4 v0xca0e8abc0_0;
    %nor/r;
    %flag_set/vec4 8;
    %jmp/1 T_71.121, 8;
    %load/vec4 v0xca0e8ae40_0;
    %flag_set/vec4 9;
    %flag_or 8, 9;
T_71.121;
    %jmp/0xz  T_71.119, 8;
    %load/vec4 v0xca0e8ac60_0;
    %nor/r;
    %flag_set/vec4 8;
    %jmp/0xz  T_71.122, 8;
    %pushi/vec4 1, 0, 1;
    %dup/vec4;
    %load/vec4 v0xca0e88140_0;
    %flag_set/vec4 8;
    %flag_get/vec4 8;
    %jmp/1 T_71.128, 8;
    %load/vec4 v0xca0e881e0_0;
    %or;
T_71.128;
    %cmp/u;
    %jmp/1 T_71.124, 6;
    %dup/vec4;
    %load/vec4 v0xca0e88280_0;
    %flag_set/vec4 8;
    %flag_get/vec4 8;
    %jmp/1 T_71.129, 8;
    %load/vec4 v0xca0e88320_0;
    %or;
T_71.129;
    %cmp/u;
    %jmp/1 T_71.125, 6;
    %dup/vec4;
    %load/vec4 v0xca0e88460_0;
    %cmp/u;
    %jmp/1 T_71.126, 6;
    %jmp T_71.127;
T_71.124 ;
    %pushi/vec4 2, 0, 2;
    %assign/vec4 v0xca0e8bb60_0, 0;
    %jmp T_71.127;
T_71.125 ;
    %pushi/vec4 1, 0, 2;
    %assign/vec4 v0xca0e8bb60_0, 0;
    %jmp T_71.127;
T_71.126 ;
    %pushi/vec4 0, 0, 2;
    %assign/vec4 v0xca0e8bb60_0, 0;
    %jmp T_71.127;
T_71.127 ;
    %pop/vec4 1;
    %load/vec4 v0xca0e89e00_0;
    %assign/vec4 v0xca0e8a6c0_0, 0;
    %load/vec4 v0xca0e88280_0;
    %assign/vec4 v0xca0e8a620_0, 0;
    %load/vec4 v0xca0e88140_0;
    %assign/vec4 v0xca0e8a580_0, 0;
    %load/vec4 v0xca0e8d220_0;
    %load/vec4 v0xca0e86f80_0;
    %add;
    %assign/vec4 v0xca0e8d220_0, 0;
    %pushi/vec4 1, 0, 1;
    %store/vec4 v0xca0e8d5e0_0, 0, 1;
T_71.122 ;
    %load/vec4 v0xca0e8abc0_0;
    %nor/r;
    %flag_set/vec4 9;
    %flag_get/vec4 9;
    %jmp/0 T_71.132, 9;
    %load/vec4 v0xca0e8ae40_0;
    %and;
T_71.132;
    %flag_set/vec4 8;
    %jmp/0xz  T_71.130, 8;
    %pushi/vec4 1, 0, 1;
    %dup/vec4;
    %load/vec4 v0xca0e8a6c0_0;
    %cmp/u;
    %jmp/1 T_71.133, 6;
    %dup/vec4;
    %load/vec4 v0xca0e8a620_0;
    %cmp/u;
    %jmp/1 T_71.134, 6;
    %dup/vec4;
    %load/vec4 v0xca0e8a580_0;
    %cmp/u;
    %jmp/1 T_71.135, 6;
    %jmp T_71.136;
T_71.133 ;
    %load/vec4 v0xca0e8b840_0;
    %assign/vec4 v0xca0e8d360_0, 0;
    %jmp T_71.136;
T_71.134 ;
    %load/vec4 v0xca0e8b840_0;
    %parti/s 16, 0, 2;
    %pad/s 32;
    %assign/vec4 v0xca0e8d360_0, 0;
    %jmp T_71.136;
T_71.135 ;
    %load/vec4 v0xca0e8b840_0;
    %parti/s 8, 0, 2;
    %pad/s 32;
    %assign/vec4 v0xca0e8d360_0, 0;
    %jmp T_71.136;
T_71.136 ;
    %pop/vec4 1;
    %pushi/vec4 1, 0, 1;
    %assign/vec4 v0xca0e87480_0, 0;
    %pushi/vec4 1, 0, 1;
    %assign/vec4 v0xca0e87340_0, 0;
    %pushi/vec4 64, 0, 8;
    %assign/vec4 v0xca0e85e00_0, 0;
T_71.130 ;
T_71.119 ;
    %jmp T_71.13;
T_71.13 ;
    %pop/vec4 1;
T_71.4 ;
    %pushi/vec4 1, 0, 1;
    %flag_set/vec4 10;
    %flag_get/vec4 10;
    %jmp/0 T_71.140, 10;
    %load/vec4 v0xca0e8d540_0;
    %and;
T_71.140;
    %flag_set/vec4 9;
    %flag_get/vec4 9;
    %jmp/0 T_71.139, 9;
    %load/vec4 v0xca0e8ac60_0;
    %flag_set/vec4 9;
    %flag_get/vec4 9;
    %jmp/1 T_71.141, 9;
    %load/vec4 v0xca0e8ada0_0;
    %or;
T_71.141;
    %and;
T_71.139;
    %flag_set/vec4 8;
    %jmp/0xz  T_71.137, 8;
    %load/vec4 v0xca0e8bb60_0;
    %pad/u 32;
    %cmpi/e 0, 0, 32;
    %flag_get/vec4 4;
    %jmp/0 T_71.144, 4;
    %load/vec4 v0xca0e8d220_0;
    %parti/s 2, 0, 2;
    %pad/u 32;
    %pushi/vec4 0, 0, 32;
    %cmp/ne;
    %flag_get/vec4 4;
    %and;
T_71.144;
    %flag_set/vec4 8;
    %jmp/0xz  T_71.142, 8;
    %pushi/vec4 128, 0, 8;
    %assign/vec4 v0xca0e85e00_0, 0;
T_71.142 ;
    %load/vec4 v0xca0e8bb60_0;
    %pad/u 32;
    %cmpi/e 1, 0, 32;
    %flag_get/vec4 4;
    %jmp/0 T_71.147, 4;
    %load/vec4 v0xca0e8d220_0;
    %parti/s 1, 0, 2;
    %pad/u 32;
    %pushi/vec4 0, 0, 32;
    %cmp/ne;
    %flag_get/vec4 4;
    %and;
T_71.147;
    %flag_set/vec4 8;
    %jmp/0xz  T_71.145, 8;
    %pushi/vec4 128, 0, 8;
    %assign/vec4 v0xca0e85e00_0, 0;
T_71.145 ;
T_71.137 ;
    %pushi/vec4 1, 0, 1;
    %flag_set/vec4 11;
    %flag_get/vec4 11;
    %jmp/0 T_71.152, 11;
    %load/vec4 v0xca0e8d540_0;
    %and;
T_71.152;
    %flag_set/vec4 10;
    %flag_get/vec4 10;
    %jmp/0 T_71.151, 10;
    %load/vec4 v0xca0e8ad00_0;
    %and;
T_71.151;
    %flag_set/vec4 9;
    %flag_get/vec4 9;
    %jmp/0 T_71.150, 9;
    %load/vec4 v0xca0e8d400_0;
    %parti/s 2, 0, 2;
    %or/r;
    %and;
T_71.150;
    %flag_set/vec4 8;
    %jmp/0xz  T_71.148, 8;
    %pushi/vec4 128, 0, 8;
    %assign/vec4 v0xca0e85e00_0, 0;
T_71.148 ;
    %load/vec4 v0xca0e8d540_0;
    %nor/r;
    %flag_set/vec4 8;
    %jmp/1 T_71.155, 8;
    %load/vec4 v0xca0e8ae40_0;
    %flag_set/vec4 9;
    %flag_or 8, 9;
T_71.155;
    %jmp/0xz  T_71.153, 8;
    %pushi/vec4 0, 0, 1;
    %assign/vec4 v0xca0e8abc0_0, 0;
    %pushi/vec4 0, 0, 1;
    %assign/vec4 v0xca0e8ad00_0, 0;
    %pushi/vec4 0, 0, 1;
    %assign/vec4 v0xca0e8ac60_0, 0;
    %pushi/vec4 0, 0, 1;
    %assign/vec4 v0xca0e8ada0_0, 0;
T_71.153 ;
    %load/vec4 v0xca0e8d680_0;
    %flag_set/vec4 8;
    %jmp/0xz  T_71.156, 8;
    %pushi/vec4 1, 0, 1;
    %assign/vec4 v0xca0e8ad00_0, 0;
T_71.156 ;
    %load/vec4 v0xca0e8d5e0_0;
    %flag_set/vec4 8;
    %jmp/0xz  T_71.158, 8;
    %pushi/vec4 1, 0, 1;
    %assign/vec4 v0xca0e8ac60_0, 0;
T_71.158 ;
    %load/vec4 v0xca0e8d720_0;
    %flag_set/vec4 8;
    %jmp/0xz  T_71.160, 8;
    %pushi/vec4 1, 0, 1;
    %assign/vec4 v0xca0e8ada0_0, 0;
T_71.160 ;
    %load/vec4 v0xca0e8be80_0;
    %pushi/vec4 4294967295, 0, 32;
    %and;
    %assign/vec4 v0xca0e89900_0, 0;
    %pushi/vec4 4294967295, 4294967295, 32;
    %store/vec4 v0xca0e861c0_0, 0, 32;
    %jmp T_71;
    .thread T_71;
    .scope S_0xca0e5de00;
T_72 ;
    %wait E_0xca11a9600;
    %load/vec4 v0xca0e8f480_0;
    %nor/r;
    %flag_set/vec4 8;
    %jmp/0xz  T_72.0, 8;
    %pushi/vec4 0, 0, 2;
    %assign/vec4 v0xca0e8f5c0_0, 0;
    %pushi/vec4 1, 0, 1;
    %assign/vec4 v0xca0e8f660_0, 0;
    %pushi/vec4 0, 0, 16;
    %assign/vec4 v0xca0e8f340_0, 0;
    %pushi/vec4 0, 0, 3;
    %assign/vec4 v0xca0e8f160_0, 0;
    %pushi/vec4 0, 0, 8;
    %assign/vec4 v0xca0e8f520_0, 0;
    %jmp T_72.1;
T_72.0 ;
    %load/vec4 v0xca0e8f5c0_0;
    %dup/vec4;
    %pushi/vec4 0, 0, 2;
    %cmp/u;
    %jmp/1 T_72.2, 6;
    %dup/vec4;
    %pushi/vec4 1, 0, 2;
    %cmp/u;
    %jmp/1 T_72.3, 6;
    %dup/vec4;
    %pushi/vec4 2, 0, 2;
    %cmp/u;
    %jmp/1 T_72.4, 6;
    %dup/vec4;
    %pushi/vec4 3, 0, 2;
    %cmp/u;
    %jmp/1 T_72.5, 6;
    %pushi/vec4 0, 0, 2;
    %assign/vec4 v0xca0e8f5c0_0, 0;
    %jmp T_72.7;
T_72.2 ;
    %pushi/vec4 1, 0, 1;
    %assign/vec4 v0xca0e8f660_0, 0;
    %pushi/vec4 0, 0, 16;
    %assign/vec4 v0xca0e8f340_0, 0;
    %pushi/vec4 0, 0, 3;
    %assign/vec4 v0xca0e8f160_0, 0;
    %load/vec4 v0xca0e8f700_0;
    %flag_set/vec4 8;
    %jmp/0xz  T_72.8, 8;
    %load/vec4 v0xca0e8f3e0_0;
    %assign/vec4 v0xca0e8f520_0, 0;
    %pushi/vec4 1, 0, 2;
    %assign/vec4 v0xca0e8f5c0_0, 0;
T_72.8 ;
    %jmp T_72.7;
T_72.3 ;
    %pushi/vec4 0, 0, 1;
    %assign/vec4 v0xca0e8f660_0, 0;
    %load/vec4 v0xca0e8f340_0;
    %pad/u 32;
    %cmpi/u 15, 0, 32;
    %jmp/0xz  T_72.10, 5;
    %load/vec4 v0xca0e8f340_0;
    %addi 1, 0, 16;
    %assign/vec4 v0xca0e8f340_0, 0;
    %jmp T_72.11;
T_72.10 ;
    %pushi/vec4 0, 0, 16;
    %assign/vec4 v0xca0e8f340_0, 0;
    %pushi/vec4 2, 0, 2;
    %assign/vec4 v0xca0e8f5c0_0, 0;
T_72.11 ;
    %jmp T_72.7;
T_72.4 ;
    %load/vec4 v0xca0e8f520_0;
    %load/vec4 v0xca0e8f160_0;
    %part/u 1;
    %assign/vec4 v0xca0e8f660_0, 0;
    %load/vec4 v0xca0e8f340_0;
    %pad/u 32;
    %cmpi/u 15, 0, 32;
    %jmp/0xz  T_72.12, 5;
    %load/vec4 v0xca0e8f340_0;
    %addi 1, 0, 16;
    %assign/vec4 v0xca0e8f340_0, 0;
    %jmp T_72.13;
T_72.12 ;
    %pushi/vec4 0, 0, 16;
    %assign/vec4 v0xca0e8f340_0, 0;
    %load/vec4 v0xca0e8f160_0;
    %pad/u 32;
    %cmpi/u 7, 0, 32;
    %jmp/0xz  T_72.14, 5;
    %load/vec4 v0xca0e8f160_0;
    %addi 1, 0, 3;
    %assign/vec4 v0xca0e8f160_0, 0;
    %jmp T_72.15;
T_72.14 ;
    %pushi/vec4 0, 0, 3;
    %assign/vec4 v0xca0e8f160_0, 0;
    %pushi/vec4 3, 0, 2;
    %assign/vec4 v0xca0e8f5c0_0, 0;
T_72.15 ;
T_72.13 ;
    %jmp T_72.7;
T_72.5 ;
    %pushi/vec4 1, 0, 1;
    %assign/vec4 v0xca0e8f660_0, 0;
    %load/vec4 v0xca0e8f340_0;
    %pad/u 32;
    %cmpi/u 15, 0, 32;
    %jmp/0xz  T_72.16, 5;
    %load/vec4 v0xca0e8f340_0;
    %addi 1, 0, 16;
    %assign/vec4 v0xca0e8f340_0, 0;
    %jmp T_72.17;
T_72.16 ;
    %pushi/vec4 0, 0, 16;
    %assign/vec4 v0xca0e8f340_0, 0;
    %pushi/vec4 0, 0, 2;
    %assign/vec4 v0xca0e8f5c0_0, 0;
T_72.17 ;
    %jmp T_72.7;
T_72.7 ;
    %pop/vec4 1;
T_72.1 ;
    %jmp T_72;
    .thread T_72;
    .scope S_0xca0e5cd80;
T_73 ;
    %pushi/vec4 0, 0, 32;
    %store/vec4 v0xca0e8ff20_0, 0, 32;
T_73.0 ; Top of for-loop
    %load/vec4 v0xca0e8ff20_0;
    %cmpi/s 2048, 0, 32;
	  %jmp/0xz T_73.1, 5;
    %pushi/vec4 19, 0, 32;
    %ix/getv/s 4, v0xca0e8ff20_0;
    %store/vec4a v0xca0e903c0, 4, 0;
T_73.2 ; for-loop step statement
    %load/vec4 v0xca0e8ff20_0;
    %addi 1, 0, 32;
    %store/vec4 v0xca0e8ff20_0, 0, 32;
    %jmp T_73.0;
T_73.1 ; for-loop exit label
    %pushi/vec4 0, 0, 32;
    %store/vec4 v0xca0e908c0_0, 0, 32;
    %pushi/vec4 0, 0, 1;
    %store/vec4 v0xca0e90a00_0, 0, 1;
    %pushi/vec4 0, 0, 8;
    %store/vec4 v0xca0e90960_0, 0, 8;
    %pushi/vec4 0, 0, 1;
    %store/vec4 v0xca0e90640_0, 0, 1;
    %end;
    .thread T_73;
    .scope S_0xca0e5cd80;
T_74 ;
    %wait E_0xca11a9600;
    %pushi/vec4 0, 0, 1;
    %assign/vec4 v0xca0e90a00_0, 0;
    %pushi/vec4 0, 0, 1;
    %assign/vec4 v0xca0e90640_0, 0;
    %load/vec4 v0xca0e90320_0;
    %flag_set/vec4 8;
    %jmp/0xz  T_74.0, 8;
    %load/vec4 v0xca0e90140_0;
    %flag_set/vec4 8;
    %jmp/0xz  T_74.2, 8;
    %load/vec4 v0xca0e900a0_0;
    %load/vec4 v0xca0e90000_0;
    %pad/u 13;
    %ix/vec4 3;
    %ix/load 4, 0, 0; Constant delay
    %assign/vec4/a/d v0xca0e903c0, 0, 4;
T_74.2 ;
    %jmp T_74.1;
T_74.0 ;
    %load/vec4 v0xca0e906e0_0;
    %flag_set/vec4 9;
    %flag_get/vec4 9;
    %jmp/0 T_74.6, 9;
    %load/vec4 v0xca0e90640_0;
    %nor/r;
    %and;
T_74.6;
    %flag_set/vec4 8;
    %jmp/0xz  T_74.4, 8;
    %load/vec4 v0xca0e8fde0_0;
    %flag_set/vec4 8;
    %jmp/0xz  T_74.7, 8;
    %load/vec4 v0xca0e90820_0;
    %cmpi/e 0, 0, 4;
    %jmp/0xz  T_74.9, 4;
    %load/vec4 v0xca0e8fca0_0;
    %pad/u 13;
    %ix/vec4 4;
    %load/vec4a v0xca0e903c0, 4;
    %assign/vec4 v0xca0e905a0_0, 0;
    %jmp T_74.10;
T_74.9 ;
    %load/vec4 v0xca0e90820_0;
    %parti/s 1, 0, 2;
    %flag_set/vec4 8;
    %jmp/0xz  T_74.11, 8;
    %load/vec4 v0xca0e90780_0;
    %parti/s 8, 0, 2;
    %load/vec4 v0xca0e8fca0_0;
    %pad/u 13;
    %ix/vec4 3;
    %ix/load 4, 0, 0; Constant delay
    %assign/vec4/a/d v0xca0e903c0, 0, 4;
T_74.11 ;
    %load/vec4 v0xca0e90820_0;
    %parti/s 1, 1, 2;
    %flag_set/vec4 8;
    %jmp/0xz  T_74.13, 8;
    %load/vec4 v0xca0e90780_0;
    %parti/s 8, 8, 5;
    %load/vec4 v0xca0e8fca0_0;
    %pad/u 13;
    %ix/vec4 3;
    %ix/load 4, 8, 0; part off
    %ix/load 5, 0, 0; Constant delay
    %assign/vec4/a/d v0xca0e903c0, 4, 5;
T_74.13 ;
    %load/vec4 v0xca0e90820_0;
    %parti/s 1, 2, 3;
    %flag_set/vec4 8;
    %jmp/0xz  T_74.15, 8;
    %load/vec4 v0xca0e90780_0;
    %parti/s 8, 16, 6;
    %load/vec4 v0xca0e8fca0_0;
    %pad/u 13;
    %ix/vec4 3;
    %ix/load 4, 16, 0; part off
    %ix/load 5, 0, 0; Constant delay
    %assign/vec4/a/d v0xca0e903c0, 4, 5;
T_74.15 ;
    %load/vec4 v0xca0e90820_0;
    %parti/s 1, 3, 3;
    %flag_set/vec4 8;
    %jmp/0xz  T_74.17, 8;
    %load/vec4 v0xca0e90780_0;
    %parti/s 8, 24, 6;
    %load/vec4 v0xca0e8fca0_0;
    %pad/u 13;
    %ix/vec4 3;
    %ix/load 4, 24, 0; part off
    %ix/load 5, 0, 0; Constant delay
    %assign/vec4/a/d v0xca0e903c0, 4, 5;
T_74.17 ;
T_74.10 ;
    %pushi/vec4 1, 0, 1;
    %assign/vec4 v0xca0e90640_0, 0;
    %jmp T_74.8;
T_74.7 ;
    %load/vec4 v0xca0e8fe80_0;
    %flag_set/vec4 8;
    %jmp/0xz  T_74.19, 8;
    %load/vec4 v0xca0e90460_0;
    %parti/s 8, 0, 2;
    %dup/vec4;
    %pushi/vec4 0, 0, 8;
    %cmp/u;
    %jmp/1 T_74.21, 6;
    %dup/vec4;
    %pushi/vec4 4, 0, 8;
    %cmp/u;
    %jmp/1 T_74.22, 6;
    %dup/vec4;
    %pushi/vec4 12, 0, 8;
    %cmp/u;
    %jmp/1 T_74.23, 6;
    %pushi/vec4 0, 0, 32;
    %assign/vec4 v0xca0e905a0_0, 0;
    %pushi/vec4 1, 0, 1;
    %assign/vec4 v0xca0e90640_0, 0;
    %jmp T_74.25;
T_74.21 ;
    %load/vec4 v0xca0e90820_0;
    %cmpi/ne 0, 0, 4;
    %jmp/0xz  T_74.26, 4;
    %load/vec4 v0xca0e90780_0;
    %assign/vec4 v0xca0e908c0_0, 0;
T_74.26 ;
    %load/vec4 v0xca0e908c0_0;
    %assign/vec4 v0xca0e905a0_0, 0;
    %pushi/vec4 1, 0, 1;
    %assign/vec4 v0xca0e90640_0, 0;
    %jmp T_74.25;
T_74.22 ;
    %load/vec4 v0xca0e90820_0;
    %cmpi/ne 0, 0, 4;
    %jmp/0xz  T_74.28, 4;
    %load/vec4 v0xca0e90780_0;
    %parti/s 8, 0, 2;
    %assign/vec4 v0xca0e90960_0, 0;
    %pushi/vec4 1, 0, 1;
    %assign/vec4 v0xca0e90a00_0, 0;
T_74.28 ;
    %pushi/vec4 0, 0, 32;
    %assign/vec4 v0xca0e905a0_0, 0;
    %pushi/vec4 1, 0, 1;
    %assign/vec4 v0xca0e90640_0, 0;
    %jmp T_74.25;
T_74.23 ;
    %pushi/vec4 0, 0, 30;
    %load/vec4 v0xca0e8fac0_0;
    %concat/vec4; draw_concat_vec4
    %assign/vec4 v0xca0e905a0_0, 0;
    %pushi/vec4 1, 0, 1;
    %assign/vec4 v0xca0e90640_0, 0;
    %jmp T_74.25;
T_74.25 ;
    %pop/vec4 1;
    %jmp T_74.20;
T_74.19 ;
    %pushi/vec4 3735931646, 0, 32;
    %assign/vec4 v0xca0e905a0_0, 0;
    %pushi/vec4 1, 0, 1;
    %assign/vec4 v0xca0e90640_0, 0;
T_74.20 ;
T_74.8 ;
T_74.4 ;
T_74.1 ;
    %jmp T_74;
    .thread T_74;
    .scope S_0x10382b970;
T_75 ;
    %pushi/vec4 0, 0, 1;
    %store/vec4 v0xca0e912c0_0, 0, 1;
    %pushi/vec4 0, 0, 1;
    %store/vec4 v0xca0e915e0_0, 0, 1;
    %pushi/vec4 1, 0, 1;
    %store/vec4 v0xca0e91680_0, 0, 1;
    %pushi/vec4 0, 0, 2;
    %store/vec4 v0xca0e91220_0, 0, 2;
    %end;
    .thread T_75, $init;
    .scope S_0x10382b970;
T_76 ;
    %delay 5000, 0;
    %load/vec4 v0xca0e912c0_0;
    %inv;
    %store/vec4 v0xca0e912c0_0, 0, 1;
    %jmp T_76;
    .thread T_76;
    .scope S_0x10382b970;
T_77 ;
    %vpi_call/w 4 15 "$monitor", "t=%0t state=%0d crc=%04x rx_crc=%04x tx=%b loading=%b tx_send=%b", $time, v0xca0e8e6c0_0, v0xca0e8dfe0_0, v0xca0e8e4e0_0, v0xca0e91720_0, v0xca0e8e120_0, v0xca0e8e8a0_0 {0 0 0};
    %end;
    .thread T_77;
    .scope S_0x10382b970;
T_78 ;
    %pushi/vec4 44041491, 0, 32;
    %ix/load 4, 0, 0;
    %flag_set/imm 4, 0;
    %store/vec4a v0xca0e91540, 4, 0;
    %pushi/vec4 268436919, 0, 32;
    %ix/load 4, 1, 0;
    %flag_set/imm 4, 0;
    %store/vec4a v0xca0e91540, 4, 0;
    %pushi/vec4 10854435, 0, 32;
    %ix/load 4, 2, 0;
    %flag_set/imm 4, 0;
    %store/vec4a v0xca0e91540, 4, 0;
    %pushi/vec4 111, 0, 32;
    %ix/load 4, 3, 0;
    %flag_set/imm 4, 0;
    %store/vec4a v0xca0e91540, 4, 0;
    %pushi/vec4 1, 0, 8;
    %ix/load 4, 0, 0;
    %flag_set/imm 4, 0;
    %store/vec4a v0xca0e910e0, 4, 0;
    %pushi/vec4 0, 0, 8;
    %ix/load 4, 1, 0;
    %flag_set/imm 4, 0;
    %store/vec4a v0xca0e910e0, 4, 0;
    %pushi/vec4 0, 0, 8;
    %ix/load 4, 2, 0;
    %flag_set/imm 4, 0;
    %store/vec4a v0xca0e910e0, 4, 0;
    %pushi/vec4 4, 0, 8;
    %ix/load 4, 3, 0;
    %flag_set/imm 4, 0;
    %store/vec4a v0xca0e910e0, 4, 0;
    %pushi/vec4 0, 0, 32;
    %store/vec4 v0xca0e917c0_0, 0, 32;
T_78.0 ; Top of for-loop
    %load/vec4 v0xca0e917c0_0;
    %cmpi/s 4, 0, 32;
	  %jmp/0xz T_78.1, 5;
    %ix/getv/s 4, v0xca0e917c0_0;
    %load/vec4a v0xca0e91540, 4;
    %parti/s 8, 0, 2;
    %pushi/vec4 4, 0, 32;
    %load/vec4 v0xca0e917c0_0;
    %muli 4, 0, 32;
    %add;
    %addi 0, 0, 32;
    %ix/vec4/s 4;
    %store/vec4a v0xca0e910e0, 4, 0;
    %ix/getv/s 4, v0xca0e917c0_0;
    %load/vec4a v0xca0e91540, 4;
    %parti/s 8, 8, 5;
    %pushi/vec4 4, 0, 32;
    %load/vec4 v0xca0e917c0_0;
    %muli 4, 0, 32;
    %add;
    %addi 1, 0, 32;
    %ix/vec4/s 4;
    %store/vec4a v0xca0e910e0, 4, 0;
    %ix/getv/s 4, v0xca0e917c0_0;
    %load/vec4a v0xca0e91540, 4;
    %parti/s 8, 16, 6;
    %pushi/vec4 4, 0, 32;
    %load/vec4 v0xca0e917c0_0;
    %muli 4, 0, 32;
    %add;
    %addi 2, 0, 32;
    %ix/vec4/s 4;
    %store/vec4a v0xca0e910e0, 4, 0;
    %ix/getv/s 4, v0xca0e917c0_0;
    %load/vec4a v0xca0e91540, 4;
    %parti/s 8, 24, 6;
    %pushi/vec4 4, 0, 32;
    %load/vec4 v0xca0e917c0_0;
    %muli 4, 0, 32;
    %add;
    %addi 3, 0, 32;
    %ix/vec4/s 4;
    %store/vec4a v0xca0e910e0, 4, 0;
T_78.2 ; for-loop step statement
    %load/vec4 v0xca0e917c0_0;
    %addi 1, 0, 32;
    %store/vec4 v0xca0e917c0_0, 0, 32;
    %jmp T_78.0;
T_78.1 ; for-loop exit label
    %pushi/vec4 20, 0, 32;
    %store/vec4 v0xca0e91180_0, 0, 32;
    %pushi/vec4 65535, 0, 16;
    %store/vec4 v0xca0e91360_0, 0, 16;
    %pushi/vec4 0, 0, 32;
    %store/vec4 v0xca0e914a0_0, 0, 32;
T_78.3 ; Top of for-loop
    %load/vec4 v0xca0e914a0_0;
    %load/vec4 v0xca0e91180_0;
    %cmp/s;
	  %jmp/0xz T_78.4, 5;
    %load/vec4 v0xca0e91360_0;
    %ix/getv/s 4, v0xca0e914a0_0;
    %load/vec4a v0xca0e910e0, 4;
    %store/vec4 v0xca0e82d00_0, 0, 8;
    %store/vec4 v0xca0e82ee0_0, 0, 16;
    %callf/vec4 TD_tb_dbg.crc16_next, S_0xca0e5cc00;
    %store/vec4 v0xca0e91360_0, 0, 16;
T_78.5 ; for-loop step statement
    %load/vec4 v0xca0e914a0_0;
    %addi 1, 0, 32;
    %store/vec4 v0xca0e914a0_0, 0, 32;
    %jmp T_78.3;
T_78.4 ; for-loop exit label
    %vpi_call/w 4 24 "$display", "[dbg] TB hesapladigi CRC=%04x", v0xca0e91360_0 {0 0 0};
    %pushi/vec4 0, 0, 1;
    %store/vec4 v0xca0e915e0_0, 0, 1;
    %pushi/vec4 20, 0, 32;
T_78.6 %dup/vec4;
    %cmpi/s 0, 0, 32;
    %jmp/1xz T_78.7, 5;
    %jmp/1 T_78.7, 4;
    %subi 1, 0, 32;
    %wait E_0xca11a9600;
    %jmp T_78.6;
T_78.7 ;
    %pop/vec4 1;
    %pushi/vec4 1, 0, 1;
    %store/vec4 v0xca0e915e0_0, 0, 1;
    %pushi/vec4 20, 0, 32;
T_78.8 %dup/vec4;
    %cmpi/s 0, 0, 32;
    %jmp/1xz T_78.9, 5;
    %jmp/1 T_78.9, 4;
    %subi 1, 0, 32;
    %wait E_0xca11a9600;
    %jmp T_78.8;
T_78.9 ;
    %pop/vec4 1;
    %pushi/vec4 126, 0, 8;
    %store/vec4 v0xca0e90fa0_0, 0, 8;
    %fork TD_tb_dbg.uart_send_byte, S_0xca0e5df80;
    %join;
    %pushi/vec4 0, 0, 32;
    %store/vec4 v0xca0e914a0_0, 0, 32;
T_78.10 ; Top of for-loop
    %load/vec4 v0xca0e914a0_0;
    %load/vec4 v0xca0e91180_0;
    %cmp/s;
	  %jmp/0xz T_78.11, 5;
    %ix/getv/s 4, v0xca0e914a0_0;
    %load/vec4a v0xca0e910e0, 4;
    %store/vec4 v0xca0e90fa0_0, 0, 8;
    %fork TD_tb_dbg.uart_send_byte, S_0xca0e5df80;
    %join;
T_78.12 ; for-loop step statement
    %load/vec4 v0xca0e914a0_0;
    %addi 1, 0, 32;
    %store/vec4 v0xca0e914a0_0, 0, 32;
    %jmp T_78.10;
T_78.11 ; for-loop exit label
    %load/vec4 v0xca0e91360_0;
    %parti/s 8, 8, 5;
    %store/vec4 v0xca0e90fa0_0, 0, 8;
    %fork TD_tb_dbg.uart_send_byte, S_0xca0e5df80;
    %join;
    %load/vec4 v0xca0e91360_0;
    %parti/s 8, 0, 2;
    %store/vec4 v0xca0e90fa0_0, 0, 8;
    %fork TD_tb_dbg.uart_send_byte, S_0xca0e5df80;
    %join;
    %pushi/vec4 400, 0, 32;
T_78.13 %dup/vec4;
    %cmpi/s 0, 0, 32;
    %jmp/1xz T_78.14, 5;
    %jmp/1 T_78.14, 4;
    %subi 1, 0, 32;
    %wait E_0xca11a9600;
    %jmp T_78.13;
T_78.14 ;
    %pop/vec4 1;
    %vpi_call/w 4 30 "$display", "[dbg] son: loader.crc=%04x rx_crc=%04x state=%0d", v0xca0e8dfe0_0, v0xca0e8e4e0_0, v0xca0e8e6c0_0 {0 0 0};
    %vpi_call/w 4 31 "$finish" {0 0 0};
    %end;
    .thread T_78;
# The file index is used to find the file name in the following table.
:file_names 9;
    "N/A";
    "<interactive>";
    "-";
    "sim/picorv32.v";
    "/tmp/tb_dbg.v";
    "fpga/tangnano9k/soc_loader.v";
    "fpga/tangnano9k/loader.v";
    "fpga/tangnano9k/uart_rx.v";
    "fpga/uart_tx.v";
