#! /opt/homebrew/Cellar/icarus-verilog/13.0/bin/vvp
:ivl_version "13.0 (stable)" "(v13_0)";
:ivl_delay_selection "TYPICAL";
:vpi_time_precision - 12;
:vpi_module "/opt/homebrew/Cellar/icarus-verilog/13.0/lib/ivl/system.vpi";
:vpi_module "/opt/homebrew/Cellar/icarus-verilog/13.0/lib/ivl/vhdl_sys.vpi";
:vpi_module "/opt/homebrew/Cellar/icarus-verilog/13.0/lib/ivl/vhdl_textio.vpi";
:vpi_module "/opt/homebrew/Cellar/icarus-verilog/13.0/lib/ivl/v2005_math.vpi";
:vpi_module "/opt/homebrew/Cellar/icarus-verilog/13.0/lib/ivl/va_math.vpi";
:vpi_module "/opt/homebrew/Cellar/icarus-verilog/13.0/lib/ivl/v2009.vpi";
S_0x1057313b0 .scope package, "$unit" "$unit" 2 1;
 .timescale 0 0;
S_0x10572ecf0 .scope module, "picorv32_axi" "picorv32_axi" 3 2517;
 .timescale -9 -12;
    .port_info 0 /INPUT 1 "clk";
    .port_info 1 /INPUT 1 "resetn";
    .port_info 2 /OUTPUT 1 "trap";
    .port_info 3 /OUTPUT 1 "mem_axi_awvalid";
    .port_info 4 /INPUT 1 "mem_axi_awready";
    .port_info 5 /OUTPUT 32 "mem_axi_awaddr";
    .port_info 6 /OUTPUT 3 "mem_axi_awprot";
    .port_info 7 /OUTPUT 1 "mem_axi_wvalid";
    .port_info 8 /INPUT 1 "mem_axi_wready";
    .port_info 9 /OUTPUT 32 "mem_axi_wdata";
    .port_info 10 /OUTPUT 4 "mem_axi_wstrb";
    .port_info 11 /INPUT 1 "mem_axi_bvalid";
    .port_info 12 /OUTPUT 1 "mem_axi_bready";
    .port_info 13 /OUTPUT 1 "mem_axi_arvalid";
    .port_info 14 /INPUT 1 "mem_axi_arready";
    .port_info 15 /OUTPUT 32 "mem_axi_araddr";
    .port_info 16 /OUTPUT 3 "mem_axi_arprot";
    .port_info 17 /INPUT 1 "mem_axi_rvalid";
    .port_info 18 /OUTPUT 1 "mem_axi_rready";
    .port_info 19 /INPUT 32 "mem_axi_rdata";
    .port_info 20 /OUTPUT 1 "pcpi_valid";
    .port_info 21 /OUTPUT 32 "pcpi_insn";
    .port_info 22 /OUTPUT 32 "pcpi_rs1";
    .port_info 23 /OUTPUT 32 "pcpi_rs2";
    .port_info 24 /INPUT 1 "pcpi_wr";
    .port_info 25 /INPUT 32 "pcpi_rd";
    .port_info 26 /INPUT 1 "pcpi_wait";
    .port_info 27 /INPUT 1 "pcpi_ready";
    .port_info 28 /INPUT 32 "irq";
    .port_info 29 /OUTPUT 32 "eoi";
    .port_info 30 /OUTPUT 1 "trace_valid";
    .port_info 31 /OUTPUT 36 "trace_data";
P_0x818e14e00 .param/l "BARREL_SHIFTER" 0 3 2523, C4<0>;
P_0x818e14e40 .param/l "CATCH_ILLINSN" 0 3 2528, C4<1>;
P_0x818e14e80 .param/l "CATCH_MISALIGN" 0 3 2527, C4<1>;
P_0x818e14ec0 .param/l "COMPRESSED_ISA" 0 3 2526, C4<0>;
P_0x818e14f00 .param/l "ENABLE_COUNTERS" 0 3 2518, C4<1>;
P_0x818e14f40 .param/l "ENABLE_COUNTERS64" 0 3 2519, C4<1>;
P_0x818e14f80 .param/l "ENABLE_DIV" 0 3 2532, C4<0>;
P_0x818e14fc0 .param/l "ENABLE_FAST_MUL" 0 3 2531, C4<0>;
P_0x818e15000 .param/l "ENABLE_IRQ" 0 3 2533, C4<0>;
P_0x818e15040 .param/l "ENABLE_IRQ_QREGS" 0 3 2534, C4<1>;
P_0x818e15080 .param/l "ENABLE_IRQ_TIMER" 0 3 2535, C4<1>;
P_0x818e150c0 .param/l "ENABLE_MUL" 0 3 2530, C4<0>;
P_0x818e15100 .param/l "ENABLE_PCPI" 0 3 2529, C4<0>;
P_0x818e15140 .param/l "ENABLE_REGS_16_31" 0 3 2520, C4<1>;
P_0x818e15180 .param/l "ENABLE_REGS_DUALPORT" 0 3 2521, C4<1>;
P_0x818e151c0 .param/l "ENABLE_TRACE" 0 3 2536, C4<0>;
P_0x818e15200 .param/l "LATCHED_IRQ" 0 3 2539, C4<11111111111111111111111111111111>;
P_0x818e15240 .param/l "MASKED_IRQ" 0 3 2538, C4<00000000000000000000000000000000>;
P_0x818e15280 .param/l "PROGADDR_IRQ" 0 3 2541, C4<00000000000000000000000000010000>;
P_0x818e152c0 .param/l "PROGADDR_RESET" 0 3 2540, C4<00000000000000000000000000000000>;
P_0x818e15300 .param/l "REGS_INIT_ZERO" 0 3 2537, C4<0>;
P_0x818e15340 .param/l "STACKADDR" 0 3 2542, C4<11111111111111111111111111111111>;
P_0x818e15380 .param/l "TWO_CYCLE_ALU" 0 3 2525, C4<0>;
P_0x818e153c0 .param/l "TWO_CYCLE_COMPARE" 0 3 2524, C4<0>;
P_0x818e15400 .param/l "TWO_STAGE_SHIFT" 0 3 2522, C4<1>;
o0x819444310 .functor BUFZ 1, c4<z>; HiZ drive
v0x818e7c8c0_0 .net "clk", 0 0, o0x819444310;  0 drivers
v0x818e7c960_0 .net "eoi", 31 0, v0x818e764e0_0;  1 drivers
o0x819447130 .functor BUFZ 32, c4<zzzzzzzzzzzzzzzzzzzzzzzzzzzzzzzz>; HiZ drive
v0x818e7ca00_0 .net "irq", 31 0, o0x819447130;  0 drivers
v0x818e7caa0_0 .net "mem_addr", 31 0, v0x818e79900_0;  1 drivers
v0x818e7cb40_0 .net "mem_axi_araddr", 31 0, L_0x81909dab0;  1 drivers
v0x818e7cbe0_0 .net "mem_axi_arprot", 2 0, L_0x818d77c00;  1 drivers
o0x8194443d0 .functor BUFZ 1, c4<z>; HiZ drive
v0x818e7cc80_0 .net "mem_axi_arready", 0 0, o0x8194443d0;  0 drivers
v0x818e7cd20_0 .net "mem_axi_arvalid", 0 0, L_0x105714cd0;  1 drivers
v0x818e7cdc0_0 .net "mem_axi_awaddr", 31 0, L_0x81909da40;  1 drivers
L_0x819478010 .functor BUFT 1, C4<000>, C4<0>, C4<0>, C4<0>;
v0x818e7ce60_0 .net "mem_axi_awprot", 2 0, L_0x819478010;  1 drivers
o0x819444490 .functor BUFZ 1, c4<z>; HiZ drive
v0x818e7cf00_0 .net "mem_axi_awready", 0 0, o0x819444490;  0 drivers
v0x818e7cfa0_0 .net "mem_axi_awvalid", 0 0, L_0x10573cc70;  1 drivers
v0x818e7d040_0 .net "mem_axi_bready", 0 0, L_0x8191b4150;  1 drivers
o0x819444520 .functor BUFZ 1, c4<z>; HiZ drive
v0x818e7d0e0_0 .net "mem_axi_bvalid", 0 0, o0x819444520;  0 drivers
o0x819444550 .functor BUFZ 32, c4<zzzzzzzzzzzzzzzzzzzzzzzzzzzzzzzz>; HiZ drive
v0x818e7d180_0 .net "mem_axi_rdata", 31 0, o0x819444550;  0 drivers
v0x818e7d220_0 .net "mem_axi_rready", 0 0, L_0x8191b41c0;  1 drivers
o0x8194445b0 .functor BUFZ 1, c4<z>; HiZ drive
v0x818e7d2c0_0 .net "mem_axi_rvalid", 0 0, o0x8194445b0;  0 drivers
v0x818e7d360_0 .net "mem_axi_wdata", 31 0, L_0x81909db20;  1 drivers
o0x819444610 .functor BUFZ 1, c4<z>; HiZ drive
v0x818e7d400_0 .net "mem_axi_wready", 0 0, o0x819444610;  0 drivers
v0x818e7d4a0_0 .net "mem_axi_wstrb", 3 0, L_0x81909db90;  1 drivers
v0x818e7d540_0 .net "mem_axi_wvalid", 0 0, L_0x8191b4070;  1 drivers
v0x818e7d5e0_0 .net "mem_instr", 0 0, v0x818e79d60_0;  1 drivers
v0x818e7d680_0 .net "mem_rdata", 31 0, L_0x81909dc00;  1 drivers
v0x818e7d720_0 .net "mem_ready", 0 0, L_0x8191b40e0;  1 drivers
v0x818e7d7c0_0 .net "mem_valid", 0 0, v0x818e7a8a0_0;  1 drivers
v0x818e7d860_0 .net "mem_wdata", 31 0, v0x818e7a940_0;  1 drivers
v0x818e7d900_0 .net "mem_wstrb", 3 0, v0x818e7aa80_0;  1 drivers
v0x818e7d9a0_0 .net "pcpi_insn", 31 0, v0x818e7b0c0_0;  1 drivers
o0x819447eb0 .functor BUFZ 32, c4<zzzzzzzzzzzzzzzzzzzzzzzzzzzzzzzz>; HiZ drive
v0x818e7da40_0 .net "pcpi_rd", 31 0, o0x819447eb0;  0 drivers
o0x819447ee0 .functor BUFZ 1, c4<z>; HiZ drive
v0x818e7dae0_0 .net "pcpi_ready", 0 0, o0x819447ee0;  0 drivers
v0x818e7db80_0 .net "pcpi_rs1", 31 0, L_0x81909df80;  1 drivers
v0x818e7dc20_0 .net "pcpi_rs2", 31 0, L_0x81909dff0;  1 drivers
v0x818e7dcc0_0 .net "pcpi_valid", 0 0, v0x818e7b980_0;  1 drivers
o0x819447fd0 .functor BUFZ 1, c4<z>; HiZ drive
v0x818e7dd60_0 .net "pcpi_wait", 0 0, o0x819447fd0;  0 drivers
o0x819448000 .functor BUFZ 1, c4<z>; HiZ drive
v0x818e7de00_0 .net "pcpi_wr", 0 0, o0x819448000;  0 drivers
o0x8194447c0 .functor BUFZ 1, c4<z>; HiZ drive
v0x818e7dea0_0 .net "resetn", 0 0, o0x8194447c0;  0 drivers
v0x818e7df40_0 .net "trace_data", 35 0, v0x818e7c6e0_0;  1 drivers
v0x818e7dfe0_0 .net "trace_valid", 0 0, v0x818e7c780_0;  1 drivers
v0x818e7e080_0 .net "trap", 0 0, v0x818e7c820_0;  1 drivers
S_0x105724950 .scope module, "axi_adapter" "picorv32_axi_adapter" 3 2619, 3 2731 0, S_0x10572ecf0;
 .timescale -9 -12;
    .port_info 0 /INPUT 1 "clk";
    .port_info 1 /INPUT 1 "resetn";
    .port_info 2 /OUTPUT 1 "mem_axi_awvalid";
    .port_info 3 /INPUT 1 "mem_axi_awready";
    .port_info 4 /OUTPUT 32 "mem_axi_awaddr";
    .port_info 5 /OUTPUT 3 "mem_axi_awprot";
    .port_info 6 /OUTPUT 1 "mem_axi_wvalid";
    .port_info 7 /INPUT 1 "mem_axi_wready";
    .port_info 8 /OUTPUT 32 "mem_axi_wdata";
    .port_info 9 /OUTPUT 4 "mem_axi_wstrb";
    .port_info 10 /INPUT 1 "mem_axi_bvalid";
    .port_info 11 /OUTPUT 1 "mem_axi_bready";
    .port_info 12 /OUTPUT 1 "mem_axi_arvalid";
    .port_info 13 /INPUT 1 "mem_axi_arready";
    .port_info 14 /OUTPUT 32 "mem_axi_araddr";
    .port_info 15 /OUTPUT 3 "mem_axi_arprot";
    .port_info 16 /INPUT 1 "mem_axi_rvalid";
    .port_info 17 /OUTPUT 1 "mem_axi_rready";
    .port_info 18 /INPUT 32 "mem_axi_rdata";
    .port_info 19 /INPUT 1 "mem_valid";
    .port_info 20 /INPUT 1 "mem_instr";
    .port_info 21 /OUTPUT 1 "mem_ready";
    .port_info 22 /INPUT 32 "mem_addr";
    .port_info 23 /INPUT 32 "mem_wdata";
    .port_info 24 /INPUT 4 "mem_wstrb";
    .port_info 25 /OUTPUT 32 "mem_rdata";
L_0x105724690 .functor AND 1, v0x818e7a8a0_0, L_0x818d77980, C4<1>, C4<1>;
L_0x10573cc70 .functor AND 1, L_0x105724690, L_0x818d77a20, C4<1>, C4<1>;
L_0x81909da40 .functor BUFZ 32, v0x818e79900_0, C4<00000000000000000000000000000000>, C4<00000000000000000000000000000000>, C4<00000000000000000000000000000000>;
L_0x1057262e0 .functor AND 1, v0x818e7a8a0_0, L_0x818d77ac0, C4<1>, C4<1>;
L_0x105714cd0 .functor AND 1, L_0x1057262e0, L_0x818d77b60, C4<1>, C4<1>;
L_0x81909dab0 .functor BUFZ 32, v0x818e79900_0, C4<00000000000000000000000000000000>, C4<00000000000000000000000000000000>, C4<00000000000000000000000000000000>;
L_0x8191b4000 .functor AND 1, v0x818e7a8a0_0, L_0x818d77ca0, C4<1>, C4<1>;
L_0x8191b4070 .functor AND 1, L_0x8191b4000, L_0x818d77d40, C4<1>, C4<1>;
L_0x81909db20 .functor BUFZ 32, v0x818e7a940_0, C4<00000000000000000000000000000000>, C4<00000000000000000000000000000000>, C4<00000000000000000000000000000000>;
L_0x81909db90 .functor BUFZ 4, v0x818e7aa80_0, C4<0000>, C4<0000>, C4<0000>;
L_0x8191b40e0 .functor OR 1, o0x819444520, o0x8194445b0, C4<0>, C4<0>;
L_0x8191b4150 .functor AND 1, v0x818e7a8a0_0, L_0x818d77de0, C4<1>, C4<1>;
L_0x8191b41c0 .functor AND 1, v0x818e7a8a0_0, L_0x818d77e80, C4<1>, C4<1>;
L_0x81909dc00 .functor BUFZ 32, o0x819444550, C4<00000000000000000000000000000000>, C4<00000000000000000000000000000000>, C4<00000000000000000000000000000000>;
v0x818e383c0_0 .net *"_ivl_1", 0 0, L_0x818d77980;  1 drivers
v0x818e38460_0 .net *"_ivl_13", 0 0, L_0x818d77ac0;  1 drivers
v0x818e38500_0 .net *"_ivl_15", 0 0, L_0x1057262e0;  1 drivers
v0x818e385a0_0 .net *"_ivl_17", 0 0, L_0x818d77b60;  1 drivers
L_0x819478058 .functor BUFT 1, C4<100>, C4<0>, C4<0>, C4<0>;
v0x818e38640_0 .net/2u *"_ivl_22", 2 0, L_0x819478058;  1 drivers
L_0x8194780a0 .functor BUFT 1, C4<000>, C4<0>, C4<0>, C4<0>;
v0x818e386e0_0 .net/2u *"_ivl_24", 2 0, L_0x8194780a0;  1 drivers
v0x818e38780_0 .net *"_ivl_29", 0 0, L_0x818d77ca0;  1 drivers
v0x818e38820_0 .net *"_ivl_3", 0 0, L_0x105724690;  1 drivers
v0x818e388c0_0 .net *"_ivl_31", 0 0, L_0x8191b4000;  1 drivers
v0x818e38960_0 .net *"_ivl_33", 0 0, L_0x818d77d40;  1 drivers
v0x818e38a00_0 .net *"_ivl_43", 0 0, L_0x818d77de0;  1 drivers
v0x818e38aa0_0 .net *"_ivl_47", 0 0, L_0x818d77e80;  1 drivers
v0x818e38b40_0 .net *"_ivl_5", 0 0, L_0x818d77a20;  1 drivers
v0x818e38be0_0 .var "ack_arvalid", 0 0;
v0x818e38c80_0 .var "ack_awvalid", 0 0;
v0x818e38d20_0 .var "ack_wvalid", 0 0;
v0x818e38dc0_0 .net "clk", 0 0, o0x819444310;  alias, 0 drivers
v0x818e38e60_0 .net "mem_addr", 31 0, v0x818e79900_0;  alias, 1 drivers
v0x818e38f00_0 .net "mem_axi_araddr", 31 0, L_0x81909dab0;  alias, 1 drivers
v0x818e38fa0_0 .net "mem_axi_arprot", 2 0, L_0x818d77c00;  alias, 1 drivers
v0x818e39040_0 .net "mem_axi_arready", 0 0, o0x8194443d0;  alias, 0 drivers
v0x818e390e0_0 .net "mem_axi_arvalid", 0 0, L_0x105714cd0;  alias, 1 drivers
v0x818e39180_0 .net "mem_axi_awaddr", 31 0, L_0x81909da40;  alias, 1 drivers
v0x818e39220_0 .net "mem_axi_awprot", 2 0, L_0x819478010;  alias, 1 drivers
v0x818e392c0_0 .net "mem_axi_awready", 0 0, o0x819444490;  alias, 0 drivers
v0x818e39360_0 .net "mem_axi_awvalid", 0 0, L_0x10573cc70;  alias, 1 drivers
v0x818e39400_0 .net "mem_axi_bready", 0 0, L_0x8191b4150;  alias, 1 drivers
v0x818e394a0_0 .net "mem_axi_bvalid", 0 0, o0x819444520;  alias, 0 drivers
v0x818e39540_0 .net "mem_axi_rdata", 31 0, o0x819444550;  alias, 0 drivers
v0x818e395e0_0 .net "mem_axi_rready", 0 0, L_0x8191b41c0;  alias, 1 drivers
v0x818e39680_0 .net "mem_axi_rvalid", 0 0, o0x8194445b0;  alias, 0 drivers
v0x818e39720_0 .net "mem_axi_wdata", 31 0, L_0x81909db20;  alias, 1 drivers
v0x818e397c0_0 .net "mem_axi_wready", 0 0, o0x819444610;  alias, 0 drivers
v0x818e39860_0 .net "mem_axi_wstrb", 3 0, L_0x81909db90;  alias, 1 drivers
v0x818e39900_0 .net "mem_axi_wvalid", 0 0, L_0x8191b4070;  alias, 1 drivers
v0x818e399a0_0 .net "mem_instr", 0 0, v0x818e79d60_0;  alias, 1 drivers
v0x818e39a40_0 .net "mem_rdata", 31 0, L_0x81909dc00;  alias, 1 drivers
v0x818e39ae0_0 .net "mem_ready", 0 0, L_0x8191b40e0;  alias, 1 drivers
v0x818e39b80_0 .net "mem_valid", 0 0, v0x818e7a8a0_0;  alias, 1 drivers
v0x818e39c20_0 .net "mem_wdata", 31 0, v0x818e7a940_0;  alias, 1 drivers
v0x818e39cc0_0 .net "mem_wstrb", 3 0, v0x818e7aa80_0;  alias, 1 drivers
v0x818e39d60_0 .net "resetn", 0 0, o0x8194447c0;  alias, 0 drivers
v0x818e39e00_0 .var "xfer_done", 0 0;
E_0x8191a2640 .event posedge, v0x818e38dc0_0;
L_0x818d77980 .reduce/or v0x818e7aa80_0;
L_0x818d77a20 .reduce/nor v0x818e38c80_0;
L_0x818d77ac0 .reduce/nor v0x818e7aa80_0;
L_0x818d77b60 .reduce/nor v0x818e38be0_0;
L_0x818d77c00 .functor MUXZ 3, L_0x8194780a0, L_0x819478058, v0x818e79d60_0, C4<>;
L_0x818d77ca0 .reduce/or v0x818e7aa80_0;
L_0x818d77d40 .reduce/nor v0x818e38d20_0;
L_0x818d77de0 .reduce/or v0x818e7aa80_0;
L_0x818d77e80 .reduce/nor v0x818e7aa80_0;
S_0x105724c10 .scope module, "picorv32_core" "picorv32" 3 2674, 3 62 0, S_0x10572ecf0;
 .timescale -9 -12;
    .port_info 0 /INPUT 1 "clk";
    .port_info 1 /INPUT 1 "resetn";
    .port_info 2 /OUTPUT 1 "trap";
    .port_info 3 /OUTPUT 1 "mem_valid";
    .port_info 4 /OUTPUT 1 "mem_instr";
    .port_info 5 /INPUT 1 "mem_ready";
    .port_info 6 /OUTPUT 32 "mem_addr";
    .port_info 7 /OUTPUT 32 "mem_wdata";
    .port_info 8 /OUTPUT 4 "mem_wstrb";
    .port_info 9 /INPUT 32 "mem_rdata";
    .port_info 10 /OUTPUT 1 "mem_la_read";
    .port_info 11 /OUTPUT 1 "mem_la_write";
    .port_info 12 /OUTPUT 32 "mem_la_addr";
    .port_info 13 /OUTPUT 32 "mem_la_wdata";
    .port_info 14 /OUTPUT 4 "mem_la_wstrb";
    .port_info 15 /OUTPUT 1 "pcpi_valid";
    .port_info 16 /OUTPUT 32 "pcpi_insn";
    .port_info 17 /OUTPUT 32 "pcpi_rs1";
    .port_info 18 /OUTPUT 32 "pcpi_rs2";
    .port_info 19 /INPUT 1 "pcpi_wr";
    .port_info 20 /INPUT 32 "pcpi_rd";
    .port_info 21 /INPUT 1 "pcpi_wait";
    .port_info 22 /INPUT 1 "pcpi_ready";
    .port_info 23 /INPUT 32 "irq";
    .port_info 24 /OUTPUT 32 "eoi";
    .port_info 25 /OUTPUT 1 "trace_valid";
    .port_info 26 /OUTPUT 36 "trace_data";
P_0x10573b8f0 .param/l "BARREL_SHIFTER" 0 3 69, C4<0>;
P_0x10573b930 .param/l "CATCH_ILLINSN" 0 3 74, C4<1>;
P_0x10573b970 .param/l "CATCH_MISALIGN" 0 3 73, C4<1>;
P_0x10573b9b0 .param/l "COMPRESSED_ISA" 0 3 72, C4<0>;
P_0x10573b9f0 .param/l "ENABLE_COUNTERS" 0 3 63, C4<1>;
P_0x10573ba30 .param/l "ENABLE_COUNTERS64" 0 3 64, C4<1>;
P_0x10573ba70 .param/l "ENABLE_DIV" 0 3 78, C4<0>;
P_0x10573bab0 .param/l "ENABLE_FAST_MUL" 0 3 77, C4<0>;
P_0x10573baf0 .param/l "ENABLE_IRQ" 0 3 79, C4<0>;
P_0x10573bb30 .param/l "ENABLE_IRQ_QREGS" 0 3 80, C4<1>;
P_0x10573bb70 .param/l "ENABLE_IRQ_TIMER" 0 3 81, C4<1>;
P_0x10573bbb0 .param/l "ENABLE_MUL" 0 3 76, C4<0>;
P_0x10573bbf0 .param/l "ENABLE_PCPI" 0 3 75, C4<0>;
P_0x10573bc30 .param/l "ENABLE_REGS_16_31" 0 3 65, C4<1>;
P_0x10573bc70 .param/l "ENABLE_REGS_DUALPORT" 0 3 66, C4<1>;
P_0x10573bcb0 .param/l "ENABLE_TRACE" 0 3 82, C4<0>;
P_0x10573bcf0 .param/l "LATCHED_IRQ" 0 3 85, C4<11111111111111111111111111111111>;
P_0x10573bd30 .param/l "LATCHED_MEM_RDATA" 0 3 67, C4<0>;
P_0x10573bd70 .param/l "MASKED_IRQ" 0 3 84, C4<00000000000000000000000000000000>;
P_0x10573bdb0 .param/l "PROGADDR_IRQ" 0 3 87, C4<00000000000000000000000000010000>;
P_0x10573bdf0 .param/l "PROGADDR_RESET" 0 3 86, C4<00000000000000000000000000000000>;
P_0x10573be30 .param/l "REGS_INIT_ZERO" 0 3 83, C4<0>;
P_0x10573be70 .param/l "STACKADDR" 0 3 88, C4<11111111111111111111111111111111>;
P_0x10573beb0 .param/l "TRACE_ADDR" 1 3 172, C4<001000000000000000000000000000000000>;
P_0x10573bef0 .param/l "TRACE_BRANCH" 1 3 171, C4<000100000000000000000000000000000000>;
P_0x10573bf30 .param/l "TRACE_IRQ" 1 3 173, C4<100000000000000000000000000000000000>;
P_0x10573bf70 .param/l "TWO_CYCLE_ALU" 0 3 71, C4<0>;
P_0x10573bfb0 .param/l "TWO_CYCLE_COMPARE" 0 3 70, C4<0>;
P_0x10573bff0 .param/l "TWO_STAGE_SHIFT" 0 3 68, C4<1>;
P_0x10573c030 .param/l "WITH_PCPI" 1 3 169, C4<0>;
P_0x10573c070 .param/l "cpu_state_exec" 1 3 1176, C4<00001000>;
P_0x10573c0b0 .param/l "cpu_state_fetch" 1 3 1173, C4<01000000>;
P_0x10573c0f0 .param/l "cpu_state_ld_rs1" 1 3 1174, C4<00100000>;
P_0x10573c130 .param/l "cpu_state_ld_rs2" 1 3 1175, C4<00010000>;
P_0x10573c170 .param/l "cpu_state_ldmem" 1 3 1179, C4<00000001>;
P_0x10573c1b0 .param/l "cpu_state_shift" 1 3 1177, C4<00000100>;
P_0x10573c1f0 .param/l "cpu_state_stmem" 1 3 1178, C4<00000010>;
P_0x10573c230 .param/l "cpu_state_trap" 1 3 1172, C4<10000000>;
P_0x10573c270 .param/l "irq_buserror" 1 3 163, +C4<00000000000000000000000000000010>;
P_0x10573c2b0 .param/l "irq_ebreak" 1 3 162, +C4<00000000000000000000000000000001>;
P_0x10573c2f0 .param/l "irq_timer" 1 3 161, +C4<00000000000000000000000000000000>;
P_0x10573c330 .param/l "irqregs_offset" 1 3 165, +C4<00000000000000000000000000100000>;
P_0x10573c370 .param/l "regfile_size" 1 3 166, +C4<00000000000000000000000000100000>;
P_0x10573c3b0 .param/l "regindex_bits" 1 3 167, +C4<00000000000000000000000000000101>;
L_0x81909dc70 .functor BUFZ 1, v0x818e7a8a0_0, C4<0>, C4<0>, C4<0>;
L_0x81909dce0 .functor BUFZ 1, v0x818e79d60_0, C4<0>, C4<0>, C4<0>;
L_0x81909dd50 .functor BUFZ 1, L_0x8191b40e0, C4<0>, C4<0>, C4<0>;
L_0x81909ddc0 .functor BUFZ 32, v0x818e79900_0, C4<00000000000000000000000000000000>, C4<00000000000000000000000000000000>, C4<00000000000000000000000000000000>;
L_0x81909de30 .functor BUFZ 32, v0x818e7a940_0, C4<00000000000000000000000000000000>, C4<00000000000000000000000000000000>, C4<00000000000000000000000000000000>;
L_0x81909dea0 .functor BUFZ 4, v0x818e7aa80_0, C4<0000>, C4<0000>, C4<0000>;
L_0x81909df10 .functor BUFZ 32, L_0x81909dc00, C4<00000000000000000000000000000000>, C4<00000000000000000000000000000000>, C4<00000000000000000000000000000000>;
L_0x81909df80 .functor BUFZ 32, v0x818e7c0a0_0, C4<00000000000000000000000000000000>, C4<00000000000000000000000000000000>, C4<00000000000000000000000000000000>;
L_0x81909dff0 .functor BUFZ 32, v0x818e7c140_0, C4<00000000000000000000000000000000>, C4<00000000000000000000000000000000>, C4<00000000000000000000000000000000>;
L_0x8191b4230 .functor AND 1, v0x818e7a8a0_0, L_0x8191b40e0, C4<1>, C4<1>;
L_0x8194783b8 .functor BUFT 1, C4<0>, C4<0>, C4<0>, C4<0>;
L_0x8191b42a0 .functor AND 1, L_0x8194783b8, v0x818e79b80_0, C4<1>, C4<1>;
L_0x8191b4310 .functor OR 1, L_0x8191b4230, L_0x8191b42a0, C4<0>, C4<0>;
L_0x8191b4380 .functor AND 1, L_0x8191b4310, L_0x818eb0000, C4<1>, C4<1>;
L_0x8191b43f0 .functor OR 1, v0x818e79b80_0, v0x818e79ae0_0, C4<0>, C4<0>;
L_0x8191b4460 .functor OR 1, L_0x8191b43f0, v0x818e79c20_0, C4<0>, C4<0>;
L_0x8191b44d0 .functor AND 1, L_0x8191b4380, L_0x8191b4460, C4<1>, C4<1>;
L_0x8191b4540 .functor AND 1, L_0x818eb00a0, v0x818e79b80_0, C4<1>, C4<1>;
L_0x8191b45b0 .functor OR 1, L_0x8191b44d0, L_0x8191b4540, C4<0>, C4<0>;
L_0x8191b4620 .functor AND 1, o0x8194447c0, L_0x8191b45b0, C4<1>, C4<1>;
L_0x8191b4690 .functor AND 1, L_0x818eb01e0, L_0x8191b4310, C4<1>, C4<1>;
L_0x8191b4700 .functor OR 1, L_0x818eb0140, L_0x8191b4690, C4<0>, C4<0>;
L_0x8191b4770 .functor AND 1, L_0x8191b4620, L_0x8191b4700, C4<1>, C4<1>;
L_0x8191b47e0 .functor AND 1, o0x8194447c0, L_0x818eb0280, C4<1>, C4<1>;
L_0x8191b4850 .functor AND 1, L_0x8191b47e0, v0x818e79c20_0, C4<1>, C4<1>;
L_0x8191b48c0 .functor AND 1, L_0x818eb0320, L_0x818eb03c0, C4<1>, C4<1>;
L_0x8191b4930 .functor OR 1, v0x818e79b80_0, v0x818e79a40_0, C4<0>, C4<0>;
L_0x8191b49a0 .functor OR 1, L_0x8191b4930, v0x818e79ae0_0, C4<0>, C4<0>;
L_0x8191b4a10 .functor AND 1, L_0x8191b48c0, L_0x8191b49a0, C4<1>, C4<1>;
L_0x819478400 .functor BUFT 1, C4<0>, C4<0>, C4<0>, C4<0>;
L_0x8191b4a80 .functor OR 1, L_0x8191b4a10, L_0x819478400, C4<0>, C4<0>;
L_0x8191b4af0 .functor AND 1, o0x8194447c0, L_0x8191b4a80, C4<1>, C4<1>;
L_0x8191b4b60 .functor OR 1, v0x818e79a40_0, v0x818e79b80_0, C4<0>, C4<0>;
L_0x8194784d8 .functor BUFT 1, C4<0>, C4<0>, C4<0>, C4<0>;
L_0x8191b4bd0 .functor OR 1, L_0x8191b4310, L_0x8194784d8, C4<0>, C4<0>;
L_0x81909e060 .functor BUFZ 32, L_0x818eb0500, C4<00000000000000000000000000000000>, C4<00000000000000000000000000000000>, C4<00000000000000000000000000000000>;
L_0x819478520 .functor BUFT 1, C4<1>, C4<0>, C4<0>, C4<0>;
L_0x8191b4c40 .functor AND 1, L_0x819478520, L_0x818eb05a0, C4<1>, C4<1>;
L_0x8191b4cb0 .functor AND 1, v0x818e79720_0, v0x818e792c0_0, C4<1>, C4<1>;
L_0x819478568 .functor BUFT 1, C4<11111111111111111111111111111110>, C4<0>, C4<0>, C4<0>;
L_0x8191b4d20 .functor AND 32, v0x818e7c1e0_0, L_0x819478568, C4<11111111111111111111111111111111>, C4<11111111111111111111111111111111>;
L_0x8191b4d90 .functor AND 1, L_0x818eae120, v0x818e76300_0, C4<1>, C4<1>;
L_0x8194785f8 .functor BUFT 1, C4<1>, C4<0>, C4<0>, C4<0>;
L_0x8191b4e00 .functor AND 1, L_0x8191b4d90, L_0x8194785f8, C4<1>, C4<1>;
v0x818e39ea0_0 .net *"_ivl_100", 31 0, L_0x818d733e0;  1 drivers
v0x818e39f40_0 .net *"_ivl_103", 29 0, L_0x818eae080;  1 drivers
L_0x819478490 .functor BUFT 1, C4<00>, C4<0>, C4<0>, C4<0>;
v0x818e39fe0_0 .net/2u *"_ivl_104", 1 0, L_0x819478490;  1 drivers
v0x818e3a080_0 .net *"_ivl_106", 31 0, L_0x818d73480;  1 drivers
v0x818e3a120_0 .net/2u *"_ivl_110", 0 0, L_0x8194784d8;  1 drivers
v0x818e3a1c0_0 .net *"_ivl_113", 0 0, L_0x8191b4bd0;  1 drivers
v0x818e3a260_0 .net/2u *"_ivl_118", 0 0, L_0x819478520;  1 drivers
v0x818e3a300_0 .net *"_ivl_120", 47 0, L_0x818d71e00;  1 drivers
v0x818e3a3a0_0 .net *"_ivl_123", 0 0, L_0x818eb05a0;  1 drivers
v0x818e3a440_0 .net *"_ivl_126", 3 0, L_0x818d71ea0;  1 drivers
v0x818e3a4e0_0 .net *"_ivl_131", 0 0, L_0x8191b4cb0;  1 drivers
v0x818e3a580_0 .net/2u *"_ivl_132", 31 0, L_0x819478568;  1 drivers
v0x818e3a620_0 .net *"_ivl_134", 31 0, L_0x8191b4d20;  1 drivers
L_0x8194785b0 .functor BUFT 1, C4<01000000>, C4<0>, C4<0>, C4<0>;
v0x818e3a6c0_0 .net/2u *"_ivl_138", 7 0, L_0x8194785b0;  1 drivers
v0x818e3a760_0 .net *"_ivl_140", 0 0, L_0x818eae120;  1 drivers
v0x818e3a800_0 .net *"_ivl_143", 0 0, L_0x8191b4d90;  1 drivers
v0x818e3a8a0_0 .net/2u *"_ivl_144", 0 0, L_0x8194785f8;  1 drivers
v0x818e3a940_0 .net *"_ivl_25", 0 0, L_0x8191b4230;  1 drivers
v0x818e3a9e0_0 .net *"_ivl_27", 0 0, L_0x8191b42a0;  1 drivers
v0x818e3aa80_0 .net *"_ivl_30", 3 0, L_0x818d732a0;  1 drivers
v0x818e3ab20_0 .net *"_ivl_35", 0 0, L_0x818eb0000;  1 drivers
v0x818e3abc0_0 .net *"_ivl_37", 0 0, L_0x8191b4380;  1 drivers
v0x818e3ac60_0 .net *"_ivl_39", 0 0, L_0x8191b43f0;  1 drivers
v0x818e3ad00_0 .net *"_ivl_41", 0 0, L_0x8191b4460;  1 drivers
v0x818e3ada0_0 .net *"_ivl_43", 0 0, L_0x8191b44d0;  1 drivers
v0x818e3ae40_0 .net *"_ivl_45", 0 0, L_0x818eb00a0;  1 drivers
v0x818e3aee0_0 .net *"_ivl_47", 0 0, L_0x8191b4540;  1 drivers
v0x818e3af80_0 .net *"_ivl_49", 0 0, L_0x8191b45b0;  1 drivers
v0x818e3b020_0 .net *"_ivl_51", 0 0, L_0x8191b4620;  1 drivers
v0x818e3b0c0_0 .net *"_ivl_53", 0 0, L_0x818eb0140;  1 drivers
v0x818e3b160_0 .net *"_ivl_55", 1 0, L_0x818eadf40;  1 drivers
v0x818e3b200_0 .net *"_ivl_57", 0 0, L_0x818eb01e0;  1 drivers
v0x818e3b2a0_0 .net *"_ivl_59", 0 0, L_0x8191b4690;  1 drivers
v0x818e3b340_0 .net *"_ivl_61", 0 0, L_0x8191b4700;  1 drivers
v0x818e3b3e0_0 .net *"_ivl_65", 0 0, L_0x818eb0280;  1 drivers
v0x818e3b480_0 .net *"_ivl_67", 0 0, L_0x8191b47e0;  1 drivers
v0x818e3b520_0 .net *"_ivl_71", 0 0, L_0x818eb0320;  1 drivers
v0x818e3b5c0_0 .net *"_ivl_73", 0 0, L_0x818eb03c0;  1 drivers
v0x818e3b660_0 .net *"_ivl_75", 0 0, L_0x8191b48c0;  1 drivers
v0x818e3b700_0 .net *"_ivl_77", 0 0, L_0x8191b4930;  1 drivers
v0x818e3b7a0_0 .net *"_ivl_79", 0 0, L_0x8191b49a0;  1 drivers
v0x818e3b840_0 .net *"_ivl_81", 0 0, L_0x8191b4a10;  1 drivers
v0x818e3b8e0_0 .net/2u *"_ivl_82", 0 0, L_0x819478400;  1 drivers
v0x818e3b980_0 .net *"_ivl_85", 0 0, L_0x8191b4a80;  1 drivers
v0x818e3ba20_0 .net *"_ivl_89", 0 0, L_0x8191b4b60;  1 drivers
v0x818e3bac0_0 .net *"_ivl_91", 29 0, L_0x818eadfe0;  1 drivers
L_0x8194792a0 .functor BUFT 1, C4<000000000000000000000000000000>, C4<0>, C4<0>, C4<0>;
v0x818e3bb60_0 .net *"_ivl_92", 29 0, L_0x8194792a0;  1 drivers
v0x818e3bc00_0 .net *"_ivl_96", 29 0, L_0x818d73340;  1 drivers
L_0x819478448 .functor BUFT 1, C4<00>, C4<0>, C4<0>, C4<0>;
v0x818e3bca0_0 .net/2u *"_ivl_98", 1 0, L_0x819478448;  1 drivers
v0x818e3bd40_0 .var "alu_add_sub", 31 0;
v0x818e3bde0_0 .var "alu_eq", 0 0;
v0x818e3be80_0 .var "alu_lts", 0 0;
v0x818e3bf20_0 .var "alu_ltu", 0 0;
v0x818e74000_0 .var "alu_out", 31 0;
v0x818e740a0_0 .var "alu_out_0", 0 0;
v0x818e74140_0 .var "alu_out_0_q", 0 0;
v0x818e741e0_0 .var "alu_out_q", 31 0;
v0x818e74280_0 .var "alu_shl", 31 0;
v0x818e74320_0 .var "alu_shr", 31 0;
v0x818e743c0_0 .var "alu_wait", 0 0;
v0x818e74460_0 .var "alu_wait_2", 0 0;
v0x818e74500_0 .var "cached_ascii_instr", 63 0;
v0x818e745a0_0 .var "cached_insn_imm", 31 0;
v0x818e74640_0 .var "cached_insn_opcode", 31 0;
v0x818e746e0_0 .var "cached_insn_rd", 4 0;
v0x818e74780_0 .var "cached_insn_rs1", 4 0;
v0x818e74820_0 .var "cached_insn_rs2", 4 0;
v0x818e748c0_0 .var "clear_prefetched_high_word", 0 0;
v0x818e74960_0 .var "clear_prefetched_high_word_q", 0 0;
v0x818e74a00_0 .net "clk", 0 0, o0x819444310;  alias, 0 drivers
v0x818e74aa0_0 .var "compressed_instr", 0 0;
v0x818e74b40_0 .var "count_cycle", 63 0;
v0x818e74be0_0 .var "count_instr", 63 0;
v0x818e74c80_0 .var "cpu_state", 7 0;
v0x818e74d20 .array "cpuregs", 31 0, 31 0;
v0x818e74dc0_0 .var "cpuregs_rs1", 31 0;
v0x818e74e60_0 .var "cpuregs_rs2", 31 0;
v0x818e74f00_0 .var "cpuregs_wrdata", 31 0;
v0x818e74fa0_0 .var "cpuregs_write", 0 0;
v0x818e75040_0 .var "current_pc", 31 0;
v0x818e750e0_0 .var "dbg_ascii_instr", 63 0;
v0x818e75180_0 .var "dbg_ascii_state", 127 0;
v0x818e75220_0 .var "dbg_insn_addr", 31 0;
v0x818e752c0_0 .var "dbg_insn_imm", 31 0;
v0x818e75360_0 .var "dbg_insn_opcode", 31 0;
v0x818e75400_0 .var "dbg_insn_rd", 4 0;
v0x818e754a0_0 .var "dbg_insn_rs1", 4 0;
v0x818e75540_0 .var "dbg_insn_rs2", 4 0;
v0x818e755e0_0 .net "dbg_mem_addr", 31 0, L_0x81909ddc0;  1 drivers
v0x818e75680_0 .net "dbg_mem_instr", 0 0, L_0x81909dce0;  1 drivers
v0x818e75720_0 .net "dbg_mem_rdata", 31 0, L_0x81909df10;  1 drivers
v0x818e757c0_0 .net "dbg_mem_ready", 0 0, L_0x81909dd50;  1 drivers
v0x818e75860_0 .net "dbg_mem_valid", 0 0, L_0x81909dc70;  1 drivers
v0x818e75900_0 .net "dbg_mem_wdata", 31 0, L_0x81909de30;  1 drivers
v0x818e759a0_0 .net "dbg_mem_wstrb", 3 0, L_0x81909dea0;  1 drivers
v0x818e75a40_0 .var "dbg_next", 0 0;
v0x818e75ae0_0 .var "dbg_rs1val", 31 0;
v0x818e75b80_0 .var "dbg_rs1val_valid", 0 0;
v0x818e75c20_0 .var "dbg_rs2val", 31 0;
v0x818e75cc0_0 .var "dbg_rs2val_valid", 0 0;
v0x818e75d60_0 .var "dbg_valid_insn", 0 0;
v0x818e75e00_0 .var "decoded_imm", 31 0;
v0x818e75ea0_0 .var "decoded_imm_j", 31 0;
v0x818e75f40_0 .var "decoded_rd", 4 0;
v0x818e75fe0_0 .var "decoded_rs", 4 0;
v0x818e76080_0 .var "decoded_rs1", 4 0;
v0x818e76120_0 .var "decoded_rs2", 4 0;
v0x818e761c0_0 .var "decoder_pseudo_trigger", 0 0;
v0x818e76260_0 .var "decoder_pseudo_trigger_q", 0 0;
v0x818e76300_0 .var "decoder_trigger", 0 0;
v0x818e763a0_0 .var "decoder_trigger_q", 0 0;
v0x818e76440_0 .var "do_waitirq", 0 0;
v0x818e764e0_0 .var "eoi", 31 0;
v0x818e76580_0 .var "instr_add", 0 0;
v0x818e76620_0 .var "instr_addi", 0 0;
v0x818e766c0_0 .var "instr_and", 0 0;
v0x818e76760_0 .var "instr_andi", 0 0;
v0x818e76800_0 .var "instr_auipc", 0 0;
v0x818e768a0_0 .var "instr_beq", 0 0;
v0x818e76940_0 .var "instr_bge", 0 0;
v0x818e769e0_0 .var "instr_bgeu", 0 0;
v0x818e76a80_0 .var "instr_blt", 0 0;
v0x818e76b20_0 .var "instr_bltu", 0 0;
v0x818e76bc0_0 .var "instr_bne", 0 0;
v0x818e76c60_0 .var "instr_ecall_ebreak", 0 0;
v0x818e76d00_0 .var "instr_fence", 0 0;
v0x818e76da0_0 .var "instr_getq", 0 0;
v0x818e76e40_0 .var "instr_jal", 0 0;
v0x818e76ee0_0 .var "instr_jalr", 0 0;
v0x818e76f80_0 .var "instr_lb", 0 0;
v0x818e77020_0 .var "instr_lbu", 0 0;
v0x818e770c0_0 .var "instr_lh", 0 0;
v0x818e77160_0 .var "instr_lhu", 0 0;
v0x818e77200_0 .var "instr_lui", 0 0;
v0x818e772a0_0 .var "instr_lw", 0 0;
v0x818e77340_0 .var "instr_maskirq", 0 0;
v0x818e773e0_0 .var "instr_or", 0 0;
v0x818e77480_0 .var "instr_ori", 0 0;
v0x818e77520_0 .var "instr_rdcycle", 0 0;
v0x818e775c0_0 .var "instr_rdcycleh", 0 0;
v0x818e77660_0 .var "instr_rdinstr", 0 0;
v0x818e77700_0 .var "instr_rdinstrh", 0 0;
v0x818e777a0_0 .var "instr_retirq", 0 0;
v0x818e77840_0 .var "instr_sb", 0 0;
v0x818e778e0_0 .var "instr_setq", 0 0;
v0x818e77980_0 .var "instr_sh", 0 0;
v0x818e77a20_0 .var "instr_sll", 0 0;
v0x818e77ac0_0 .var "instr_slli", 0 0;
v0x818e77b60_0 .var "instr_slt", 0 0;
v0x818e77c00_0 .var "instr_slti", 0 0;
v0x818e77ca0_0 .var "instr_sltiu", 0 0;
v0x818e77d40_0 .var "instr_sltu", 0 0;
v0x818e77de0_0 .var "instr_sra", 0 0;
v0x818e77e80_0 .var "instr_srai", 0 0;
v0x818e77f20_0 .var "instr_srl", 0 0;
v0x818e78000_0 .var "instr_srli", 0 0;
v0x818e780a0_0 .var "instr_sub", 0 0;
v0x818e78140_0 .var "instr_sw", 0 0;
v0x818e781e0_0 .var "instr_timer", 0 0;
v0x818e78280_0 .net "instr_trap", 0 0, L_0x8191b4c40;  1 drivers
v0x818e78320_0 .var "instr_waitirq", 0 0;
v0x818e783c0_0 .var "instr_xor", 0 0;
v0x818e78460_0 .var "instr_xori", 0 0;
v0x818e78500_0 .net "irq", 31 0, o0x819447130;  alias, 0 drivers
v0x818e785a0_0 .var "irq_active", 0 0;
v0x818e78640_0 .var "irq_delay", 0 0;
v0x818e786e0_0 .var "irq_mask", 31 0;
v0x818e78780_0 .var "irq_pending", 31 0;
v0x818e78820_0 .var "irq_state", 1 0;
v0x818e788c0_0 .var "is_alu_reg_imm", 0 0;
v0x818e78960_0 .var "is_alu_reg_reg", 0 0;
v0x818e78a00_0 .var "is_beq_bne_blt_bge_bltu_bgeu", 0 0;
v0x818e78aa0_0 .var "is_compare", 0 0;
v0x818e78b40_0 .var "is_jalr_addi_slti_sltiu_xori_ori_andi", 0 0;
v0x818e78be0_0 .var "is_lb_lh_lw_lbu_lhu", 0 0;
v0x818e78c80_0 .var "is_lbu_lhu_lw", 0 0;
v0x818e78d20_0 .var "is_lui_auipc_jal", 0 0;
v0x818e78dc0_0 .var "is_lui_auipc_jal_jalr_addi_add_sub", 0 0;
v0x818e78e60_0 .net "is_rdcycle_rdcycleh_rdinstr_rdinstrh", 0 0, L_0x818eb0640;  1 drivers
v0x818e78f00_0 .var "is_sb_sh_sw", 0 0;
v0x818e78fa0_0 .var "is_sll_srl_sra", 0 0;
v0x818e79040_0 .var "is_slli_srli_srai", 0 0;
v0x818e790e0_0 .var "is_slti_blt_slt", 0 0;
v0x818e79180_0 .var "is_sltiu_bltu_sltu", 0 0;
v0x818e79220_0 .var "last_mem_valid", 0 0;
v0x818e792c0_0 .var "latched_branch", 0 0;
v0x818e79360_0 .var "latched_compr", 0 0;
v0x818e79400_0 .var "latched_is_lb", 0 0;
v0x818e794a0_0 .var "latched_is_lh", 0 0;
v0x818e79540_0 .var "latched_is_lu", 0 0;
v0x818e795e0_0 .var "latched_rd", 4 0;
v0x818e79680_0 .var "latched_stalu", 0 0;
v0x818e79720_0 .var "latched_store", 0 0;
v0x818e797c0_0 .var "latched_trace", 0 0;
v0x818e79860_0 .net "launch_next_insn", 0 0, L_0x8191b4e00;  1 drivers
v0x818e79900_0 .var "mem_addr", 31 0;
v0x818e799a0_0 .net "mem_busy", 0 0, L_0x818d77f20;  1 drivers
v0x818e79a40_0 .var "mem_do_prefetch", 0 0;
v0x818e79ae0_0 .var "mem_do_rdata", 0 0;
v0x818e79b80_0 .var "mem_do_rinst", 0 0;
v0x818e79c20_0 .var "mem_do_wdata", 0 0;
v0x818e79cc0_0 .net "mem_done", 0 0, L_0x8191b4770;  1 drivers
v0x818e79d60_0 .var "mem_instr", 0 0;
v0x818e79e00_0 .net "mem_la_addr", 31 0, L_0x818eb0460;  1 drivers
L_0x819478328 .functor BUFT 1, C4<0>, C4<0>, C4<0>, C4<0>;
v0x818e79ea0_0 .net "mem_la_firstword", 0 0, L_0x819478328;  1 drivers
v0x818e79f40_0 .var "mem_la_firstword_reg", 0 0;
L_0x819478370 .functor BUFT 1, C4<0>, C4<0>, C4<0>, C4<0>;
v0x818e79fe0_0 .net "mem_la_firstword_xfer", 0 0, L_0x819478370;  1 drivers
v0x818e7a080_0 .net "mem_la_read", 0 0, L_0x8191b4af0;  1 drivers
v0x818e7a120_0 .var "mem_la_secondword", 0 0;
v0x818e7a1c0_0 .net "mem_la_use_prefetched_high_word", 0 0, L_0x8194783b8;  1 drivers
v0x818e7a260_0 .var "mem_la_wdata", 31 0;
v0x818e7a300_0 .net "mem_la_write", 0 0, L_0x8191b4850;  1 drivers
v0x818e7a3a0_0 .var "mem_la_wstrb", 3 0;
v0x818e7a440_0 .net "mem_rdata", 31 0, L_0x81909dc00;  alias, 1 drivers
v0x818e7a4e0_0 .net "mem_rdata_latched", 31 0, L_0x81909e060;  1 drivers
v0x818e7a580_0 .net "mem_rdata_latched_noshuffle", 31 0, L_0x818eb0500;  1 drivers
v0x818e7a620_0 .var "mem_rdata_q", 31 0;
v0x818e7a6c0_0 .var "mem_rdata_word", 31 0;
v0x818e7a760_0 .net "mem_ready", 0 0, L_0x8191b40e0;  alias, 1 drivers
v0x818e7a800_0 .var "mem_state", 1 0;
v0x818e7a8a0_0 .var "mem_valid", 0 0;
v0x818e7a940_0 .var "mem_wdata", 31 0;
v0x818e7a9e0_0 .var "mem_wordsize", 1 0;
v0x818e7aa80_0 .var "mem_wstrb", 3 0;
v0x818e7ab20_0 .net "mem_xfer", 0 0, L_0x8191b4310;  1 drivers
v0x818e7abc0_0 .var "new_ascii_instr", 63 0;
v0x818e7ac60_0 .var "next_insn_opcode", 31 0;
v0x818e7ad00_0 .var "next_irq_pending", 31 0;
v0x818e7ada0_0 .net "next_pc", 31 0, L_0x818eb06e0;  1 drivers
L_0x819478250 .functor BUFT 1, C4<xxxxxxxxxxxxxxxxxxxxxxxxxxxxxxxx>, C4<0>, C4<0>, C4<0>;
v0x818e7ae40_0 .net "pcpi_div_rd", 31 0, L_0x819478250;  1 drivers
L_0x8194782e0 .functor BUFT 1, C4<0>, C4<0>, C4<0>, C4<0>;
v0x818e7aee0_0 .net "pcpi_div_ready", 0 0, L_0x8194782e0;  1 drivers
L_0x819478298 .functor BUFT 1, C4<0>, C4<0>, C4<0>, C4<0>;
v0x818e7af80_0 .net "pcpi_div_wait", 0 0, L_0x819478298;  1 drivers
L_0x819478208 .functor BUFT 1, C4<0>, C4<0>, C4<0>, C4<0>;
v0x818e7b020_0 .net "pcpi_div_wr", 0 0, L_0x819478208;  1 drivers
v0x818e7b0c0_0 .var "pcpi_insn", 31 0;
v0x818e7b160_0 .var "pcpi_int_rd", 31 0;
v0x818e7b200_0 .var "pcpi_int_ready", 0 0;
v0x818e7b2a0_0 .var "pcpi_int_wait", 0 0;
v0x818e7b340_0 .var "pcpi_int_wr", 0 0;
L_0x819478130 .functor BUFT 1, C4<xxxxxxxxxxxxxxxxxxxxxxxxxxxxxxxx>, C4<0>, C4<0>, C4<0>;
v0x818e7b3e0_0 .net "pcpi_mul_rd", 31 0, L_0x819478130;  1 drivers
L_0x8194781c0 .functor BUFT 1, C4<0>, C4<0>, C4<0>, C4<0>;
v0x818e7b480_0 .net "pcpi_mul_ready", 0 0, L_0x8194781c0;  1 drivers
L_0x819478178 .functor BUFT 1, C4<0>, C4<0>, C4<0>, C4<0>;
v0x818e7b520_0 .net "pcpi_mul_wait", 0 0, L_0x819478178;  1 drivers
L_0x8194780e8 .functor BUFT 1, C4<0>, C4<0>, C4<0>, C4<0>;
v0x818e7b5c0_0 .net "pcpi_mul_wr", 0 0, L_0x8194780e8;  1 drivers
v0x818e7b660_0 .net "pcpi_rd", 31 0, o0x819447eb0;  alias, 0 drivers
v0x818e7b700_0 .net "pcpi_ready", 0 0, o0x819447ee0;  alias, 0 drivers
v0x818e7b7a0_0 .net "pcpi_rs1", 31 0, L_0x81909df80;  alias, 1 drivers
v0x818e7b840_0 .net "pcpi_rs2", 31 0, L_0x81909dff0;  alias, 1 drivers
v0x818e7b8e0_0 .var "pcpi_timeout", 0 0;
v0x818e7b980_0 .var "pcpi_valid", 0 0;
v0x818e7ba20_0 .net "pcpi_wait", 0 0, o0x819447fd0;  alias, 0 drivers
v0x818e7bac0_0 .net "pcpi_wr", 0 0, o0x819448000;  alias, 0 drivers
v0x818e7bb60_0 .var "prefetched_high_word", 0 0;
v0x818e7bc00_0 .var "q_ascii_instr", 63 0;
v0x818e7bca0_0 .var "q_insn_imm", 31 0;
v0x818e7bd40_0 .var "q_insn_opcode", 31 0;
v0x818e7bde0_0 .var "q_insn_rd", 4 0;
v0x818e7be80_0 .var "q_insn_rs1", 4 0;
v0x818e7bf20_0 .var "q_insn_rs2", 4 0;
v0x818e7c000_0 .var "reg_next_pc", 31 0;
v0x818e7c0a0_0 .var "reg_op1", 31 0;
v0x818e7c140_0 .var "reg_op2", 31 0;
v0x818e7c1e0_0 .var "reg_out", 31 0;
v0x818e7c280_0 .var "reg_pc", 31 0;
v0x818e7c320_0 .var "reg_sh", 4 0;
v0x818e7c3c0_0 .net "resetn", 0 0, o0x8194447c0;  alias, 0 drivers
v0x818e7c460_0 .var "set_mem_do_rdata", 0 0;
v0x818e7c500_0 .var "set_mem_do_rinst", 0 0;
v0x818e7c5a0_0 .var "set_mem_do_wdata", 0 0;
v0x818e7c640_0 .var "timer", 31 0;
v0x818e7c6e0_0 .var "trace_data", 35 0;
v0x818e7c780_0 .var "trace_valid", 0 0;
v0x818e7c820_0 .var "trap", 0 0;
v0x818e74d20_0 .array/port v0x818e74d20, 0;
v0x818e74d20_1 .array/port v0x818e74d20, 1;
v0x818e74d20_2 .array/port v0x818e74d20, 2;
E_0x8191a2680/0 .event anyedge, v0x818e76080_0, v0x818e74d20_0, v0x818e74d20_1, v0x818e74d20_2;
v0x818e74d20_3 .array/port v0x818e74d20, 3;
v0x818e74d20_4 .array/port v0x818e74d20, 4;
v0x818e74d20_5 .array/port v0x818e74d20, 5;
v0x818e74d20_6 .array/port v0x818e74d20, 6;
E_0x8191a2680/1 .event anyedge, v0x818e74d20_3, v0x818e74d20_4, v0x818e74d20_5, v0x818e74d20_6;
v0x818e74d20_7 .array/port v0x818e74d20, 7;
v0x818e74d20_8 .array/port v0x818e74d20, 8;
v0x818e74d20_9 .array/port v0x818e74d20, 9;
v0x818e74d20_10 .array/port v0x818e74d20, 10;
E_0x8191a2680/2 .event anyedge, v0x818e74d20_7, v0x818e74d20_8, v0x818e74d20_9, v0x818e74d20_10;
v0x818e74d20_11 .array/port v0x818e74d20, 11;
v0x818e74d20_12 .array/port v0x818e74d20, 12;
v0x818e74d20_13 .array/port v0x818e74d20, 13;
v0x818e74d20_14 .array/port v0x818e74d20, 14;
E_0x8191a2680/3 .event anyedge, v0x818e74d20_11, v0x818e74d20_12, v0x818e74d20_13, v0x818e74d20_14;
v0x818e74d20_15 .array/port v0x818e74d20, 15;
v0x818e74d20_16 .array/port v0x818e74d20, 16;
v0x818e74d20_17 .array/port v0x818e74d20, 17;
v0x818e74d20_18 .array/port v0x818e74d20, 18;
E_0x8191a2680/4 .event anyedge, v0x818e74d20_15, v0x818e74d20_16, v0x818e74d20_17, v0x818e74d20_18;
v0x818e74d20_19 .array/port v0x818e74d20, 19;
v0x818e74d20_20 .array/port v0x818e74d20, 20;
v0x818e74d20_21 .array/port v0x818e74d20, 21;
v0x818e74d20_22 .array/port v0x818e74d20, 22;
E_0x8191a2680/5 .event anyedge, v0x818e74d20_19, v0x818e74d20_20, v0x818e74d20_21, v0x818e74d20_22;
v0x818e74d20_23 .array/port v0x818e74d20, 23;
v0x818e74d20_24 .array/port v0x818e74d20, 24;
v0x818e74d20_25 .array/port v0x818e74d20, 25;
v0x818e74d20_26 .array/port v0x818e74d20, 26;
E_0x8191a2680/6 .event anyedge, v0x818e74d20_23, v0x818e74d20_24, v0x818e74d20_25, v0x818e74d20_26;
v0x818e74d20_27 .array/port v0x818e74d20, 27;
v0x818e74d20_28 .array/port v0x818e74d20, 28;
v0x818e74d20_29 .array/port v0x818e74d20, 29;
v0x818e74d20_30 .array/port v0x818e74d20, 30;
E_0x8191a2680/7 .event anyedge, v0x818e74d20_27, v0x818e74d20_28, v0x818e74d20_29, v0x818e74d20_30;
v0x818e74d20_31 .array/port v0x818e74d20, 31;
E_0x8191a2680/8 .event anyedge, v0x818e74d20_31, v0x818e76120_0;
E_0x8191a2680 .event/or E_0x8191a2680/0, E_0x8191a2680/1, E_0x8191a2680/2, E_0x8191a2680/3, E_0x8191a2680/4, E_0x8191a2680/5, E_0x8191a2680/6, E_0x8191a2680/7, E_0x8191a2680/8;
E_0x8191a26c0/0 .event anyedge, v0x818e74c80_0, v0x818e7c280_0, v0x818e79360_0, v0x818e792c0_0;
E_0x8191a26c0/1 .event anyedge, v0x818e79680_0, v0x818e741e0_0, v0x818e7c1e0_0, v0x818e79720_0;
E_0x8191a26c0/2 .event anyedge, v0x818e7c000_0, v0x818e78780_0, v0x818e786e0_0;
E_0x8191a26c0 .event/or E_0x8191a26c0/0, E_0x8191a26c0/1, E_0x8191a26c0/2;
E_0x8191a2700/0 .event anyedge, v0x818e74960_0, v0x818e7bb60_0, v0x818e792c0_0, v0x818e78820_0;
E_0x8191a2700/1 .event anyedge, v0x818e39d60_0;
E_0x8191a2700 .event/or E_0x8191a2700/0, E_0x8191a2700/1;
E_0x8191a2740/0 .event anyedge, v0x818e3bde0_0, v0x818e768a0_0, v0x818e76bc0_0, v0x818e3be80_0;
E_0x8191a2740/1 .event anyedge, v0x818e76940_0, v0x818e3bf20_0, v0x818e769e0_0, v0x818e790e0_0;
E_0x8191a2740/2 .event anyedge, v0x818e79180_0, v0x818e3bd40_0, v0x818e78dc0_0, v0x818e740a0_0;
E_0x8191a2740/3 .event anyedge, v0x818e78aa0_0, v0x818e7c0a0_0, v0x818e7c140_0, v0x818e78460_0;
E_0x8191a2740/4 .event anyedge, v0x818e783c0_0, v0x818e77480_0, v0x818e773e0_0, v0x818e76760_0;
E_0x8191a2740/5 .event anyedge, v0x818e766c0_0, v0x818e74280_0, v0x818e74320_0;
E_0x8191a2740 .event/or E_0x8191a2740/0, E_0x8191a2740/1, E_0x8191a2740/2, E_0x8191a2740/3, E_0x8191a2740/4, E_0x8191a2740/5;
E_0x8191a2780 .event anyedge, v0x818e74c80_0;
E_0x8191a27c0/0 .event anyedge, v0x818e7bc00_0, v0x818e7bca0_0, v0x818e7bd40_0, v0x818e7be80_0;
E_0x8191a27c0/1 .event anyedge, v0x818e7bf20_0, v0x818e7bde0_0, v0x818e75a40_0, v0x818e76260_0;
E_0x8191a27c0/2 .event anyedge, v0x818e74500_0, v0x818e745a0_0, v0x818e74640_0, v0x818e74780_0;
E_0x8191a27c0/3 .event anyedge, v0x818e74820_0, v0x818e746e0_0, v0x818e7abc0_0, v0x818e7ac60_0;
E_0x8191a27c0/4 .event anyedge, v0x818e75e00_0, v0x818e76080_0, v0x818e76120_0, v0x818e75f40_0;
E_0x8191a27c0 .event/or E_0x8191a27c0/0, E_0x8191a27c0/1, E_0x8191a27c0/2, E_0x8191a27c0/3, E_0x8191a27c0/4;
E_0x8191a2800/0 .event anyedge, v0x818e77200_0, v0x818e76800_0, v0x818e76e40_0, v0x818e76ee0_0;
E_0x8191a2800/1 .event anyedge, v0x818e768a0_0, v0x818e76bc0_0, v0x818e76a80_0, v0x818e76940_0;
E_0x8191a2800/2 .event anyedge, v0x818e76b20_0, v0x818e769e0_0, v0x818e76f80_0, v0x818e770c0_0;
E_0x8191a2800/3 .event anyedge, v0x818e772a0_0, v0x818e77020_0, v0x818e77160_0, v0x818e77840_0;
E_0x8191a2800/4 .event anyedge, v0x818e77980_0, v0x818e78140_0, v0x818e76620_0, v0x818e77c00_0;
E_0x8191a2800/5 .event anyedge, v0x818e77ca0_0, v0x818e78460_0, v0x818e77480_0, v0x818e76760_0;
E_0x8191a2800/6 .event anyedge, v0x818e77ac0_0, v0x818e78000_0, v0x818e77e80_0, v0x818e76580_0;
E_0x8191a2800/7 .event anyedge, v0x818e780a0_0, v0x818e77a20_0, v0x818e77b60_0, v0x818e77d40_0;
E_0x8191a2800/8 .event anyedge, v0x818e783c0_0, v0x818e77f20_0, v0x818e77de0_0, v0x818e773e0_0;
E_0x8191a2800/9 .event anyedge, v0x818e766c0_0, v0x818e77520_0, v0x818e775c0_0, v0x818e77660_0;
E_0x8191a2800/10 .event anyedge, v0x818e77700_0, v0x818e76d00_0, v0x818e76da0_0, v0x818e778e0_0;
E_0x8191a2800/11 .event anyedge, v0x818e777a0_0, v0x818e77340_0, v0x818e78320_0, v0x818e781e0_0;
E_0x8191a2800 .event/or E_0x8191a2800/0, E_0x8191a2800/1, E_0x8191a2800/2, E_0x8191a2800/3, E_0x8191a2800/4, E_0x8191a2800/5, E_0x8191a2800/6, E_0x8191a2800/7, E_0x8191a2800/8, E_0x8191a2800/9, E_0x8191a2800/10, E_0x8191a2800/11;
E_0x8191a2840 .event anyedge, v0x818e7a9e0_0, v0x818e7c140_0, v0x818e39a40_0, v0x818e7c0a0_0;
E_0x8191a2880 .event anyedge, v0x818e7b5c0_0, v0x818e7b3e0_0, v0x818e7b020_0, v0x818e7ae40_0;
L_0x818d732a0 .concat [ 1 1 1 1], v0x818e79c20_0, v0x818e79ae0_0, v0x818e79b80_0, v0x818e79a40_0;
L_0x818d77f20 .reduce/or L_0x818d732a0;
L_0x818eb0000 .reduce/or v0x818e7a800_0;
L_0x818eb00a0 .reduce/and v0x818e7a800_0;
L_0x818eb0140 .reduce/nor L_0x819478328;
L_0x818eadf40 .part L_0x81909e060, 0, 2;
L_0x818eb01e0 .reduce/nand L_0x818eadf40;
L_0x818eb0280 .reduce/nor v0x818e7a800_0;
L_0x818eb0320 .reduce/nor L_0x8194783b8;
L_0x818eb03c0 .reduce/nor v0x818e7a800_0;
L_0x818eadfe0 .part L_0x818eb06e0, 2, 30;
L_0x818d73340 .arith/sum 30, L_0x818eadfe0, L_0x8194792a0;
L_0x818d733e0 .concat [ 2 30 0 0], L_0x819478448, L_0x818d73340;
L_0x818eae080 .part v0x818e7c0a0_0, 2, 30;
L_0x818d73480 .concat [ 2 30 0 0], L_0x819478490, L_0x818eae080;
L_0x818eb0460 .functor MUXZ 32, L_0x818d73480, L_0x818d733e0, L_0x8191b4b60, C4<>;
L_0x818eb0500 .functor MUXZ 32, v0x818e7a620_0, L_0x81909dc00, L_0x8191b4bd0, C4<>;
LS_0x818d71e00_0_0 .concat [ 1 1 1 1], v0x818e781e0_0, v0x818e78320_0, v0x818e77340_0, v0x818e777a0_0;
LS_0x818d71e00_0_4 .concat [ 1 1 1 1], v0x818e778e0_0, v0x818e76da0_0, v0x818e76d00_0, v0x818e77700_0;
LS_0x818d71e00_0_8 .concat [ 1 1 1 1], v0x818e77660_0, v0x818e775c0_0, v0x818e77520_0, v0x818e766c0_0;
LS_0x818d71e00_0_12 .concat [ 1 1 1 1], v0x818e773e0_0, v0x818e77de0_0, v0x818e77f20_0, v0x818e783c0_0;
LS_0x818d71e00_0_16 .concat [ 1 1 1 1], v0x818e77d40_0, v0x818e77b60_0, v0x818e77a20_0, v0x818e780a0_0;
LS_0x818d71e00_0_20 .concat [ 1 1 1 1], v0x818e76580_0, v0x818e77e80_0, v0x818e78000_0, v0x818e77ac0_0;
LS_0x818d71e00_0_24 .concat [ 1 1 1 1], v0x818e76760_0, v0x818e77480_0, v0x818e78460_0, v0x818e77ca0_0;
LS_0x818d71e00_0_28 .concat [ 1 1 1 1], v0x818e77c00_0, v0x818e76620_0, v0x818e78140_0, v0x818e77980_0;
LS_0x818d71e00_0_32 .concat [ 1 1 1 1], v0x818e77840_0, v0x818e77160_0, v0x818e77020_0, v0x818e772a0_0;
LS_0x818d71e00_0_36 .concat [ 1 1 1 1], v0x818e770c0_0, v0x818e76f80_0, v0x818e769e0_0, v0x818e76b20_0;
LS_0x818d71e00_0_40 .concat [ 1 1 1 1], v0x818e76940_0, v0x818e76a80_0, v0x818e76bc0_0, v0x818e768a0_0;
LS_0x818d71e00_0_44 .concat [ 1 1 1 1], v0x818e76ee0_0, v0x818e76e40_0, v0x818e76800_0, v0x818e77200_0;
LS_0x818d71e00_1_0 .concat [ 4 4 4 4], LS_0x818d71e00_0_0, LS_0x818d71e00_0_4, LS_0x818d71e00_0_8, LS_0x818d71e00_0_12;
LS_0x818d71e00_1_4 .concat [ 4 4 4 4], LS_0x818d71e00_0_16, LS_0x818d71e00_0_20, LS_0x818d71e00_0_24, LS_0x818d71e00_0_28;
LS_0x818d71e00_1_8 .concat [ 4 4 4 4], LS_0x818d71e00_0_32, LS_0x818d71e00_0_36, LS_0x818d71e00_0_40, LS_0x818d71e00_0_44;
L_0x818d71e00 .concat [ 16 16 16 0], LS_0x818d71e00_1_0, LS_0x818d71e00_1_4, LS_0x818d71e00_1_8;
L_0x818eb05a0 .reduce/nor L_0x818d71e00;
L_0x818d71ea0 .concat [ 1 1 1 1], v0x818e77700_0, v0x818e77660_0, v0x818e775c0_0, v0x818e77520_0;
L_0x818eb0640 .reduce/or L_0x818d71ea0;
L_0x818eb06e0 .functor MUXZ 32, v0x818e7c000_0, L_0x8191b4d20, L_0x8191b4cb0, C4<>;
L_0x818eae120 .cmp/eq 8, v0x818e74c80_0, L_0x8194785b0;
S_0x1057149d0 .scope task, "empty_statement" "empty_statement" 3 214, 3 214 0, S_0x105724c10;
 .timescale -9 -12;
TD_picorv32_axi.picorv32_core.empty_statement ;
    %end;
S_0x105714b50 .scope generate, "genblk1" "genblk1" 3 285, 3 285 0, S_0x105724c10;
 .timescale -9 -12;
S_0x105724010 .scope generate, "genblk2" "genblk2" 3 305, 3 305 0, S_0x105724c10;
 .timescale -9 -12;
S_0x818e70000 .scope generate, "genblk3" "genblk3" 3 1229, 3 1229 0, S_0x105724c10;
 .timescale -9 -12;
E_0x8191a28c0/0 .event anyedge, v0x818e780a0_0, v0x818e7c0a0_0, v0x818e7c140_0, v0x818e77de0_0;
E_0x8191a28c0/1 .event anyedge, v0x818e77e80_0;
E_0x8191a28c0 .event/or E_0x8191a28c0/0, E_0x8191a28c0/1;
S_0x105727250 .scope module, "picorv32_regs" "picorv32_regs" 3 2174;
 .timescale -9 -12;
    .port_info 0 /INPUT 1 "clk";
    .port_info 1 /INPUT 1 "wen";
    .port_info 2 /INPUT 6 "waddr";
    .port_info 3 /INPUT 6 "raddr1";
    .port_info 4 /INPUT 6 "raddr2";
    .port_info 5 /INPUT 32 "wdata";
    .port_info 6 /OUTPUT 32 "rdata1";
    .port_info 7 /OUTPUT 32 "rdata2";
L_0x8191b4e70 .functor NOT 5, L_0x818eae260, C4<00000>, C4<00000>, C4<00000>;
L_0x81909e0d0 .functor BUFZ 32, L_0x818eae1c0, C4<00000000000000000000000000000000>, C4<00000000000000000000000000000000>, C4<00000000000000000000000000000000>;
L_0x8191b4ee0 .functor NOT 5, L_0x818eae3a0, C4<00000>, C4<00000>, C4<00000>;
L_0x81909e140 .functor BUFZ 32, L_0x818eae300, C4<00000000000000000000000000000000>, C4<00000000000000000000000000000000>, C4<00000000000000000000000000000000>;
v0x818e7e120_0 .net *"_ivl_0", 31 0, L_0x818eae1c0;  1 drivers
v0x818e7e1c0_0 .net *"_ivl_12", 31 0, L_0x818eae300;  1 drivers
v0x818e7e260_0 .net *"_ivl_15", 4 0, L_0x818eae3a0;  1 drivers
v0x818e7e300_0 .net *"_ivl_16", 4 0, L_0x8191b4ee0;  1 drivers
v0x818e7e3a0_0 .net *"_ivl_18", 6 0, L_0x818d73160;  1 drivers
L_0x819478688 .functor BUFT 1, C4<00>, C4<0>, C4<0>, C4<0>;
v0x818e7e440_0 .net *"_ivl_21", 1 0, L_0x819478688;  1 drivers
v0x818e7e4e0_0 .net *"_ivl_3", 4 0, L_0x818eae260;  1 drivers
v0x818e7e580_0 .net *"_ivl_4", 4 0, L_0x8191b4e70;  1 drivers
v0x818e7e620_0 .net *"_ivl_6", 6 0, L_0x818d71d60;  1 drivers
L_0x819478640 .functor BUFT 1, C4<00>, C4<0>, C4<0>, C4<0>;
v0x818e7e6c0_0 .net *"_ivl_9", 1 0, L_0x819478640;  1 drivers
o0x8194490e0 .functor BUFZ 1, c4<z>; HiZ drive
v0x818e7e760_0 .net "clk", 0 0, o0x8194490e0;  0 drivers
o0x819449110 .functor BUFZ 6, c4<zzzzzz>; HiZ drive
v0x818e7e800_0 .net "raddr1", 5 0, o0x819449110;  0 drivers
o0x819449140 .functor BUFZ 6, c4<zzzzzz>; HiZ drive
v0x818e7e8a0_0 .net "raddr2", 5 0, o0x819449140;  0 drivers
v0x818e7e940_0 .net "rdata1", 31 0, L_0x81909e0d0;  1 drivers
v0x818e7e9e0_0 .net "rdata2", 31 0, L_0x81909e140;  1 drivers
v0x818e7ea80 .array "regs", 30 0, 31 0;
o0x8194491d0 .functor BUFZ 6, c4<zzzzzz>; HiZ drive
v0x818e7eb20_0 .net "waddr", 5 0, o0x8194491d0;  0 drivers
o0x819449200 .functor BUFZ 32, c4<zzzzzzzzzzzzzzzzzzzzzzzzzzzzzzzz>; HiZ drive
v0x818e7ebc0_0 .net "wdata", 31 0, o0x819449200;  0 drivers
o0x819449230 .functor BUFZ 1, c4<z>; HiZ drive
v0x818e7ec60_0 .net "wen", 0 0, o0x819449230;  0 drivers
E_0x8191a2b40 .event posedge, v0x818e7e760_0;
L_0x818eae1c0 .array/port v0x818e7ea80, L_0x818d71d60;
L_0x818eae260 .part o0x819449110, 0, 5;
L_0x818d71d60 .concat [ 5 2 0 0], L_0x8191b4e70, L_0x819478640;
L_0x818eae300 .array/port v0x818e7ea80, L_0x818d73160;
L_0x818eae3a0 .part o0x819449140, 0, 5;
L_0x818d73160 .concat [ 5 2 0 0], L_0x8191b4ee0, L_0x819478688;
S_0x1057273d0 .scope module, "picorv32_wb" "picorv32_wb" 3 2815;
 .timescale -9 -12;
    .port_info 0 /OUTPUT 1 "trap";
    .port_info 1 /INPUT 1 "wb_rst_i";
    .port_info 2 /INPUT 1 "wb_clk_i";
    .port_info 3 /OUTPUT 32 "wbm_adr_o";
    .port_info 4 /OUTPUT 32 "wbm_dat_o";
    .port_info 5 /INPUT 32 "wbm_dat_i";
    .port_info 6 /OUTPUT 1 "wbm_we_o";
    .port_info 7 /OUTPUT 4 "wbm_sel_o";
    .port_info 8 /OUTPUT 1 "wbm_stb_o";
    .port_info 9 /INPUT 1 "wbm_ack_i";
    .port_info 10 /OUTPUT 1 "wbm_cyc_o";
    .port_info 11 /OUTPUT 1 "pcpi_valid";
    .port_info 12 /OUTPUT 32 "pcpi_insn";
    .port_info 13 /OUTPUT 32 "pcpi_rs1";
    .port_info 14 /OUTPUT 32 "pcpi_rs2";
    .port_info 15 /INPUT 1 "pcpi_wr";
    .port_info 16 /INPUT 32 "pcpi_rd";
    .port_info 17 /INPUT 1 "pcpi_wait";
    .port_info 18 /INPUT 1 "pcpi_ready";
    .port_info 19 /INPUT 32 "irq";
    .port_info 20 /OUTPUT 32 "eoi";
    .port_info 21 /OUTPUT 1 "trace_valid";
    .port_info 22 /OUTPUT 36 "trace_data";
    .port_info 23 /OUTPUT 1 "mem_instr";
P_0x818e15500 .param/l "BARREL_SHIFTER" 0 3 2821, C4<0>;
P_0x818e15540 .param/l "CATCH_ILLINSN" 0 3 2826, C4<1>;
P_0x818e15580 .param/l "CATCH_MISALIGN" 0 3 2825, C4<1>;
P_0x818e155c0 .param/l "COMPRESSED_ISA" 0 3 2824, C4<0>;
P_0x818e15600 .param/l "ENABLE_COUNTERS" 0 3 2816, C4<1>;
P_0x818e15640 .param/l "ENABLE_COUNTERS64" 0 3 2817, C4<1>;
P_0x818e15680 .param/l "ENABLE_DIV" 0 3 2830, C4<0>;
P_0x818e156c0 .param/l "ENABLE_FAST_MUL" 0 3 2829, C4<0>;
P_0x818e15700 .param/l "ENABLE_IRQ" 0 3 2831, C4<0>;
P_0x818e15740 .param/l "ENABLE_IRQ_QREGS" 0 3 2832, C4<1>;
P_0x818e15780 .param/l "ENABLE_IRQ_TIMER" 0 3 2833, C4<1>;
P_0x818e157c0 .param/l "ENABLE_MUL" 0 3 2828, C4<0>;
P_0x818e15800 .param/l "ENABLE_PCPI" 0 3 2827, C4<0>;
P_0x818e15840 .param/l "ENABLE_REGS_16_31" 0 3 2818, C4<1>;
P_0x818e15880 .param/l "ENABLE_REGS_DUALPORT" 0 3 2819, C4<1>;
P_0x818e158c0 .param/l "ENABLE_TRACE" 0 3 2834, C4<0>;
P_0x818e15900 .param/l "IDLE" 1 3 2989, C4<00>;
P_0x818e15940 .param/l "LATCHED_IRQ" 0 3 2837, C4<11111111111111111111111111111111>;
P_0x818e15980 .param/l "MASKED_IRQ" 0 3 2836, C4<00000000000000000000000000000000>;
P_0x818e159c0 .param/l "PROGADDR_IRQ" 0 3 2839, C4<00000000000000000000000000010000>;
P_0x818e15a00 .param/l "PROGADDR_RESET" 0 3 2838, C4<00000000000000000000000000000000>;
P_0x818e15a40 .param/l "REGS_INIT_ZERO" 0 3 2835, C4<0>;
P_0x818e15a80 .param/l "STACKADDR" 0 3 2840, C4<11111111111111111111111111111111>;
P_0x818e15ac0 .param/l "TWO_CYCLE_ALU" 0 3 2823, C4<0>;
P_0x818e15b00 .param/l "TWO_CYCLE_COMPARE" 0 3 2822, C4<0>;
P_0x818e15b40 .param/l "TWO_STAGE_SHIFT" 0 3 2820, C4<1>;
P_0x818e15b80 .param/l "WBEND" 1 3 2991, C4<10>;
P_0x818e15bc0 .param/l "WBSTART" 1 3 2990, C4<01>;
o0x81944d2e0 .functor BUFZ 1, c4<z>; HiZ drive
L_0x81909e1b0 .functor BUFZ 1, o0x81944d2e0, C4<0>, C4<0>, C4<0>;
o0x81944d310 .functor BUFZ 1, c4<z>; HiZ drive
L_0x8191b4f50 .functor NOT 1, o0x81944d310, C4<0>, C4<0>, C4<0>;
L_0x8191b5c00 .functor OR 1, L_0x818eae6c0, L_0x818eae760, C4<0>, C4<0>;
L_0x8191b5c70 .functor OR 1, L_0x8191b5c00, L_0x818eae800, C4<0>, C4<0>;
L_0x8191b5ce0 .functor OR 1, L_0x8191b5c70, L_0x818eae8a0, C4<0>, C4<0>;
v0x818e91720_0 .net *"_ivl_11", 0 0, L_0x818eae800;  1 drivers
v0x818e917c0_0 .net *"_ivl_12", 0 0, L_0x8191b5c70;  1 drivers
v0x818e91860_0 .net *"_ivl_15", 0 0, L_0x818eae8a0;  1 drivers
v0x818e91900_0 .net *"_ivl_5", 0 0, L_0x818eae6c0;  1 drivers
v0x818e919a0_0 .net *"_ivl_7", 0 0, L_0x818eae760;  1 drivers
v0x818e91a40_0 .net *"_ivl_8", 0 0, L_0x8191b5c00;  1 drivers
v0x818e91ae0_0 .net "clk", 0 0, L_0x81909e1b0;  1 drivers
v0x818e91b80_0 .net "eoi", 31 0, v0x818e8b340_0;  1 drivers
o0x81944b840 .functor BUFZ 32, c4<zzzzzzzzzzzzzzzzzzzzzzzzzzzzzzzz>; HiZ drive
v0x818e91c20_0 .net "irq", 31 0, o0x81944b840;  0 drivers
v0x818e91cc0_0 .net "mem_addr", 31 0, v0x818e8e760_0;  1 drivers
v0x818e91d60_0 .net "mem_instr", 0 0, v0x818e8ebc0_0;  1 drivers
v0x818e91e00_0 .var "mem_rdata", 31 0;
v0x818e91ea0_0 .var "mem_ready", 0 0;
v0x818e91f40_0 .net "mem_valid", 0 0, v0x818e8f700_0;  1 drivers
v0x818e91fe0_0 .net "mem_wdata", 31 0, v0x818e8f7a0_0;  1 drivers
v0x818e92080_0 .net "mem_wstrb", 3 0, v0x818e8f8e0_0;  1 drivers
v0x818e92120_0 .net "pcpi_insn", 31 0, v0x818e8ff20_0;  1 drivers
o0x81944c710 .functor BUFZ 32, c4<zzzzzzzzzzzzzzzzzzzzzzzzzzzzzzzz>; HiZ drive
v0x818e921c0_0 .net "pcpi_rd", 31 0, o0x81944c710;  0 drivers
o0x81944c740 .functor BUFZ 1, c4<z>; HiZ drive
v0x818e92260_0 .net "pcpi_ready", 0 0, o0x81944c740;  0 drivers
v0x818e92300_0 .net "pcpi_rs1", 31 0, L_0x81909e530;  1 drivers
v0x818e923a0_0 .net "pcpi_rs2", 31 0, L_0x81909e5a0;  1 drivers
v0x818e92440_0 .net "pcpi_valid", 0 0, v0x818e90820_0;  1 drivers
o0x81944c830 .functor BUFZ 1, c4<z>; HiZ drive
v0x818e924e0_0 .net "pcpi_wait", 0 0, o0x81944c830;  0 drivers
o0x81944c860 .functor BUFZ 1, c4<z>; HiZ drive
v0x818e92580_0 .net "pcpi_wr", 0 0, o0x81944c860;  0 drivers
v0x818e92620_0 .net "resetn", 0 0, L_0x8191b4f50;  1 drivers
v0x818e926c0_0 .var "state", 1 0;
v0x818e92760_0 .net "trace_data", 35 0, v0x818e91540_0;  1 drivers
v0x818e92800_0 .net "trace_valid", 0 0, v0x818e915e0_0;  1 drivers
v0x818e928a0_0 .net "trap", 0 0, v0x818e91680_0;  1 drivers
v0x818e92940_0 .net "wb_clk_i", 0 0, o0x81944d2e0;  0 drivers
v0x818e929e0_0 .net "wb_rst_i", 0 0, o0x81944d310;  0 drivers
o0x81944d340 .functor BUFZ 1, c4<z>; HiZ drive
v0x818e92a80_0 .net "wbm_ack_i", 0 0, o0x81944d340;  0 drivers
v0x818e92b20_0 .var "wbm_adr_o", 31 0;
v0x818e92bc0_0 .var "wbm_cyc_o", 0 0;
o0x81944d3d0 .functor BUFZ 32, c4<zzzzzzzzzzzzzzzzzzzzzzzzzzzzzzzz>; HiZ drive
v0x818e92c60_0 .net "wbm_dat_i", 31 0, o0x81944d3d0;  0 drivers
v0x818e92d00_0 .var "wbm_dat_o", 31 0;
v0x818e92da0_0 .var "wbm_sel_o", 3 0;
v0x818e92e40_0 .var "wbm_stb_o", 0 0;
v0x818e92ee0_0 .var "wbm_we_o", 0 0;
v0x818e92f80_0 .net "we", 0 0, L_0x8191b5ce0;  1 drivers
E_0x8191a2b80 .event posedge, v0x818e92940_0;
L_0x818eae6c0 .part v0x818e8f8e0_0, 0, 1;
L_0x818eae760 .part v0x818e8f8e0_0, 1, 1;
L_0x818eae800 .part v0x818e8f8e0_0, 2, 1;
L_0x818eae8a0 .part v0x818e8f8e0_0, 3, 1;
S_0x818e70180 .scope module, "picorv32_core" "picorv32" 3 2938, 3 62 0, S_0x1057273d0;
 .timescale -9 -12;
    .port_info 0 /INPUT 1 "clk";
    .port_info 1 /INPUT 1 "resetn";
    .port_info 2 /OUTPUT 1 "trap";
    .port_info 3 /OUTPUT 1 "mem_valid";
    .port_info 4 /OUTPUT 1 "mem_instr";
    .port_info 5 /INPUT 1 "mem_ready";
    .port_info 6 /OUTPUT 32 "mem_addr";
    .port_info 7 /OUTPUT 32 "mem_wdata";
    .port_info 8 /OUTPUT 4 "mem_wstrb";
    .port_info 9 /INPUT 32 "mem_rdata";
    .port_info 10 /OUTPUT 1 "mem_la_read";
    .port_info 11 /OUTPUT 1 "mem_la_write";
    .port_info 12 /OUTPUT 32 "mem_la_addr";
    .port_info 13 /OUTPUT 32 "mem_la_wdata";
    .port_info 14 /OUTPUT 4 "mem_la_wstrb";
    .port_info 15 /OUTPUT 1 "pcpi_valid";
    .port_info 16 /OUTPUT 32 "pcpi_insn";
    .port_info 17 /OUTPUT 32 "pcpi_rs1";
    .port_info 18 /OUTPUT 32 "pcpi_rs2";
    .port_info 19 /INPUT 1 "pcpi_wr";
    .port_info 20 /INPUT 32 "pcpi_rd";
    .port_info 21 /INPUT 1 "pcpi_wait";
    .port_info 22 /INPUT 1 "pcpi_ready";
    .port_info 23 /INPUT 32 "irq";
    .port_info 24 /OUTPUT 32 "eoi";
    .port_info 25 /OUTPUT 1 "trace_valid";
    .port_info 26 /OUTPUT 36 "trace_data";
P_0x818e84000 .param/l "BARREL_SHIFTER" 0 3 69, C4<0>;
P_0x818e84040 .param/l "CATCH_ILLINSN" 0 3 74, C4<1>;
P_0x818e84080 .param/l "CATCH_MISALIGN" 0 3 73, C4<1>;
P_0x818e840c0 .param/l "COMPRESSED_ISA" 0 3 72, C4<0>;
P_0x818e84100 .param/l "ENABLE_COUNTERS" 0 3 63, C4<1>;
P_0x818e84140 .param/l "ENABLE_COUNTERS64" 0 3 64, C4<1>;
P_0x818e84180 .param/l "ENABLE_DIV" 0 3 78, C4<0>;
P_0x818e841c0 .param/l "ENABLE_FAST_MUL" 0 3 77, C4<0>;
P_0x818e84200 .param/l "ENABLE_IRQ" 0 3 79, C4<0>;
P_0x818e84240 .param/l "ENABLE_IRQ_QREGS" 0 3 80, C4<1>;
P_0x818e84280 .param/l "ENABLE_IRQ_TIMER" 0 3 81, C4<1>;
P_0x818e842c0 .param/l "ENABLE_MUL" 0 3 76, C4<0>;
P_0x818e84300 .param/l "ENABLE_PCPI" 0 3 75, C4<0>;
P_0x818e84340 .param/l "ENABLE_REGS_16_31" 0 3 65, C4<1>;
P_0x818e84380 .param/l "ENABLE_REGS_DUALPORT" 0 3 66, C4<1>;
P_0x818e843c0 .param/l "ENABLE_TRACE" 0 3 82, C4<0>;
P_0x818e84400 .param/l "LATCHED_IRQ" 0 3 85, C4<11111111111111111111111111111111>;
P_0x818e84440 .param/l "LATCHED_MEM_RDATA" 0 3 67, C4<0>;
P_0x818e84480 .param/l "MASKED_IRQ" 0 3 84, C4<00000000000000000000000000000000>;
P_0x818e844c0 .param/l "PROGADDR_IRQ" 0 3 87, C4<00000000000000000000000000010000>;
P_0x818e84500 .param/l "PROGADDR_RESET" 0 3 86, C4<00000000000000000000000000000000>;
P_0x818e84540 .param/l "REGS_INIT_ZERO" 0 3 83, C4<0>;
P_0x818e84580 .param/l "STACKADDR" 0 3 88, C4<11111111111111111111111111111111>;
P_0x818e845c0 .param/l "TRACE_ADDR" 1 3 172, C4<001000000000000000000000000000000000>;
P_0x818e84600 .param/l "TRACE_BRANCH" 1 3 171, C4<000100000000000000000000000000000000>;
P_0x818e84640 .param/l "TRACE_IRQ" 1 3 173, C4<100000000000000000000000000000000000>;
P_0x818e84680 .param/l "TWO_CYCLE_ALU" 0 3 71, C4<0>;
P_0x818e846c0 .param/l "TWO_CYCLE_COMPARE" 0 3 70, C4<0>;
P_0x818e84700 .param/l "TWO_STAGE_SHIFT" 0 3 68, C4<1>;
P_0x818e84740 .param/l "WITH_PCPI" 1 3 169, C4<0>;
P_0x818e84780 .param/l "cpu_state_exec" 1 3 1176, C4<00001000>;
P_0x818e847c0 .param/l "cpu_state_fetch" 1 3 1173, C4<01000000>;
P_0x818e84800 .param/l "cpu_state_ld_rs1" 1 3 1174, C4<00100000>;
P_0x818e84840 .param/l "cpu_state_ld_rs2" 1 3 1175, C4<00010000>;
P_0x818e84880 .param/l "cpu_state_ldmem" 1 3 1179, C4<00000001>;
P_0x818e848c0 .param/l "cpu_state_shift" 1 3 1177, C4<00000100>;
P_0x818e84900 .param/l "cpu_state_stmem" 1 3 1178, C4<00000010>;
P_0x818e84940 .param/l "cpu_state_trap" 1 3 1172, C4<10000000>;
P_0x818e84980 .param/l "irq_buserror" 1 3 163, +C4<00000000000000000000000000000010>;
P_0x818e849c0 .param/l "irq_ebreak" 1 3 162, +C4<00000000000000000000000000000001>;
P_0x818e84a00 .param/l "irq_timer" 1 3 161, +C4<00000000000000000000000000000000>;
P_0x818e84a40 .param/l "irqregs_offset" 1 3 165, +C4<00000000000000000000000000100000>;
P_0x818e84a80 .param/l "regfile_size" 1 3 166, +C4<00000000000000000000000000100000>;
P_0x818e84ac0 .param/l "regindex_bits" 1 3 167, +C4<00000000000000000000000000000101>;
L_0x81909e220 .functor BUFZ 1, v0x818e8f700_0, C4<0>, C4<0>, C4<0>;
L_0x81909e290 .functor BUFZ 1, v0x818e8ebc0_0, C4<0>, C4<0>, C4<0>;
L_0x81909e300 .functor BUFZ 1, v0x818e91ea0_0, C4<0>, C4<0>, C4<0>;
L_0x81909e370 .functor BUFZ 32, v0x818e8e760_0, C4<00000000000000000000000000000000>, C4<00000000000000000000000000000000>, C4<00000000000000000000000000000000>;
L_0x81909e3e0 .functor BUFZ 32, v0x818e8f7a0_0, C4<00000000000000000000000000000000>, C4<00000000000000000000000000000000>, C4<00000000000000000000000000000000>;
L_0x81909e450 .functor BUFZ 4, v0x818e8f8e0_0, C4<0000>, C4<0000>, C4<0000>;
L_0x81909e4c0 .functor BUFZ 32, v0x818e91e00_0, C4<00000000000000000000000000000000>, C4<00000000000000000000000000000000>, C4<00000000000000000000000000000000>;
L_0x81909e530 .functor BUFZ 32, v0x818e90f00_0, C4<00000000000000000000000000000000>, C4<00000000000000000000000000000000>, C4<00000000000000000000000000000000>;
L_0x81909e5a0 .functor BUFZ 32, v0x818e90fa0_0, C4<00000000000000000000000000000000>, C4<00000000000000000000000000000000>, C4<00000000000000000000000000000000>;
L_0x8191b4fc0 .functor AND 1, v0x818e8f700_0, v0x818e91ea0_0, C4<1>, C4<1>;
L_0x8194789a0 .functor BUFT 1, C4<0>, C4<0>, C4<0>, C4<0>;
L_0x8191b5030 .functor AND 1, L_0x8194789a0, v0x818e8e9e0_0, C4<1>, C4<1>;
L_0x8191b50a0 .functor OR 1, L_0x8191b4fc0, L_0x8191b5030, C4<0>, C4<0>;
L_0x8191b5110 .functor AND 1, L_0x8191b50a0, L_0x818eb0820, C4<1>, C4<1>;
L_0x8191b5180 .functor OR 1, v0x818e8e9e0_0, v0x818e8e940_0, C4<0>, C4<0>;
L_0x8191b51f0 .functor OR 1, L_0x8191b5180, v0x818e8ea80_0, C4<0>, C4<0>;
L_0x8191b5260 .functor AND 1, L_0x8191b5110, L_0x8191b51f0, C4<1>, C4<1>;
L_0x8191b52d0 .functor AND 1, L_0x818eb08c0, v0x818e8e9e0_0, C4<1>, C4<1>;
L_0x8191b5340 .functor OR 1, L_0x8191b5260, L_0x8191b52d0, C4<0>, C4<0>;
L_0x8191b53b0 .functor AND 1, L_0x8191b4f50, L_0x8191b5340, C4<1>, C4<1>;
L_0x8191b5420 .functor AND 1, L_0x818eb0a00, L_0x8191b50a0, C4<1>, C4<1>;
L_0x8191b5490 .functor OR 1, L_0x818eb0960, L_0x8191b5420, C4<0>, C4<0>;
L_0x8191b5500 .functor AND 1, L_0x8191b53b0, L_0x8191b5490, C4<1>, C4<1>;
L_0x8191b5570 .functor AND 1, L_0x8191b4f50, L_0x818eb0aa0, C4<1>, C4<1>;
L_0x8191b55e0 .functor AND 1, L_0x8191b5570, v0x818e8ea80_0, C4<1>, C4<1>;
L_0x8191b5650 .functor AND 1, L_0x818eb0b40, L_0x818eb0be0, C4<1>, C4<1>;
L_0x8191b56c0 .functor OR 1, v0x818e8e9e0_0, v0x818e8e8a0_0, C4<0>, C4<0>;
L_0x8191b5730 .functor OR 1, L_0x8191b56c0, v0x818e8e940_0, C4<0>, C4<0>;
L_0x8191b57a0 .functor AND 1, L_0x8191b5650, L_0x8191b5730, C4<1>, C4<1>;
L_0x8194789e8 .functor BUFT 1, C4<0>, C4<0>, C4<0>, C4<0>;
L_0x8191b5810 .functor OR 1, L_0x8191b57a0, L_0x8194789e8, C4<0>, C4<0>;
L_0x8191b5880 .functor AND 1, L_0x8191b4f50, L_0x8191b5810, C4<1>, C4<1>;
L_0x8191b58f0 .functor OR 1, v0x818e8e8a0_0, v0x818e8e9e0_0, C4<0>, C4<0>;
L_0x819478ac0 .functor BUFT 1, C4<0>, C4<0>, C4<0>, C4<0>;
L_0x8191b5960 .functor OR 1, L_0x8191b50a0, L_0x819478ac0, C4<0>, C4<0>;
L_0x81909e610 .functor BUFZ 32, L_0x818eb0d20, C4<00000000000000000000000000000000>, C4<00000000000000000000000000000000>, C4<00000000000000000000000000000000>;
L_0x819478b08 .functor BUFT 1, C4<1>, C4<0>, C4<0>, C4<0>;
L_0x8191b59d0 .functor AND 1, L_0x819478b08, L_0x818eb0dc0, C4<1>, C4<1>;
L_0x8191b5a40 .functor AND 1, v0x818e8e580_0, v0x818e8e120_0, C4<1>, C4<1>;
L_0x819478b50 .functor BUFT 1, C4<11111111111111111111111111111110>, C4<0>, C4<0>, C4<0>;
L_0x8191b5ab0 .functor AND 32, v0x818e91040_0, L_0x819478b50, C4<11111111111111111111111111111111>, C4<11111111111111111111111111111111>;
L_0x8191b5b20 .functor AND 1, L_0x818eae620, v0x818e8b160_0, C4<1>, C4<1>;
L_0x819478be0 .functor BUFT 1, C4<1>, C4<0>, C4<0>, C4<0>;
L_0x8191b5b90 .functor AND 1, L_0x8191b5b20, L_0x819478be0, C4<1>, C4<1>;
v0x818e7ed00_0 .net *"_ivl_100", 31 0, L_0x818d72080;  1 drivers
v0x818e7eda0_0 .net *"_ivl_103", 29 0, L_0x818eae580;  1 drivers
L_0x819478a78 .functor BUFT 1, C4<00>, C4<0>, C4<0>, C4<0>;
v0x818e7ee40_0 .net/2u *"_ivl_104", 1 0, L_0x819478a78;  1 drivers
v0x818e7eee0_0 .net *"_ivl_106", 31 0, L_0x818d721c0;  1 drivers
v0x818e7ef80_0 .net/2u *"_ivl_110", 0 0, L_0x819478ac0;  1 drivers
v0x818e7f020_0 .net *"_ivl_113", 0 0, L_0x8191b5960;  1 drivers
v0x818e7f0c0_0 .net/2u *"_ivl_118", 0 0, L_0x819478b08;  1 drivers
v0x818e7f160_0 .net *"_ivl_120", 47 0, L_0x818d72b20;  1 drivers
v0x818e7f200_0 .net *"_ivl_123", 0 0, L_0x818eb0dc0;  1 drivers
v0x818e7f2a0_0 .net *"_ivl_126", 3 0, L_0x818d72bc0;  1 drivers
v0x818e7f340_0 .net *"_ivl_131", 0 0, L_0x8191b5a40;  1 drivers
v0x818e7f3e0_0 .net/2u *"_ivl_132", 31 0, L_0x819478b50;  1 drivers
v0x818e7f480_0 .net *"_ivl_134", 31 0, L_0x8191b5ab0;  1 drivers
L_0x819478b98 .functor BUFT 1, C4<01000000>, C4<0>, C4<0>, C4<0>;
v0x818e7f520_0 .net/2u *"_ivl_138", 7 0, L_0x819478b98;  1 drivers
v0x818e7f5c0_0 .net *"_ivl_140", 0 0, L_0x818eae620;  1 drivers
v0x818e7f660_0 .net *"_ivl_143", 0 0, L_0x8191b5b20;  1 drivers
v0x818e7f700_0 .net/2u *"_ivl_144", 0 0, L_0x819478be0;  1 drivers
v0x818e7f7a0_0 .net *"_ivl_25", 0 0, L_0x8191b4fc0;  1 drivers
v0x818e7f840_0 .net *"_ivl_27", 0 0, L_0x8191b5030;  1 drivers
v0x818e7f8e0_0 .net *"_ivl_30", 3 0, L_0x818d730c0;  1 drivers
v0x818e7f980_0 .net *"_ivl_35", 0 0, L_0x818eb0820;  1 drivers
v0x818e7fa20_0 .net *"_ivl_37", 0 0, L_0x8191b5110;  1 drivers
v0x818e7fac0_0 .net *"_ivl_39", 0 0, L_0x8191b5180;  1 drivers
v0x818e7fb60_0 .net *"_ivl_41", 0 0, L_0x8191b51f0;  1 drivers
v0x818e7fc00_0 .net *"_ivl_43", 0 0, L_0x8191b5260;  1 drivers
v0x818e7fca0_0 .net *"_ivl_45", 0 0, L_0x818eb08c0;  1 drivers
v0x818e7fd40_0 .net *"_ivl_47", 0 0, L_0x8191b52d0;  1 drivers
v0x818e7fde0_0 .net *"_ivl_49", 0 0, L_0x8191b5340;  1 drivers
v0x818e7fe80_0 .net *"_ivl_51", 0 0, L_0x8191b53b0;  1 drivers
v0x818e7ff20_0 .net *"_ivl_53", 0 0, L_0x818eb0960;  1 drivers
v0x818e88000_0 .net *"_ivl_55", 1 0, L_0x818eae440;  1 drivers
v0x818e880a0_0 .net *"_ivl_57", 0 0, L_0x818eb0a00;  1 drivers
v0x818e88140_0 .net *"_ivl_59", 0 0, L_0x8191b5420;  1 drivers
v0x818e881e0_0 .net *"_ivl_61", 0 0, L_0x8191b5490;  1 drivers
v0x818e88280_0 .net *"_ivl_65", 0 0, L_0x818eb0aa0;  1 drivers
v0x818e88320_0 .net *"_ivl_67", 0 0, L_0x8191b5570;  1 drivers
v0x818e883c0_0 .net *"_ivl_71", 0 0, L_0x818eb0b40;  1 drivers
v0x818e88460_0 .net *"_ivl_73", 0 0, L_0x818eb0be0;  1 drivers
v0x818e88500_0 .net *"_ivl_75", 0 0, L_0x8191b5650;  1 drivers
v0x818e885a0_0 .net *"_ivl_77", 0 0, L_0x8191b56c0;  1 drivers
v0x818e88640_0 .net *"_ivl_79", 0 0, L_0x8191b5730;  1 drivers
v0x818e886e0_0 .net *"_ivl_81", 0 0, L_0x8191b57a0;  1 drivers
v0x818e88780_0 .net/2u *"_ivl_82", 0 0, L_0x8194789e8;  1 drivers
v0x818e88820_0 .net *"_ivl_85", 0 0, L_0x8191b5810;  1 drivers
v0x818e888c0_0 .net *"_ivl_89", 0 0, L_0x8191b58f0;  1 drivers
v0x818e88960_0 .net *"_ivl_91", 29 0, L_0x818eae4e0;  1 drivers
L_0x8194792e8 .functor BUFT 1, C4<000000000000000000000000000000>, C4<0>, C4<0>, C4<0>;
v0x818e88a00_0 .net *"_ivl_92", 29 0, L_0x8194792e8;  1 drivers
v0x818e88aa0_0 .net *"_ivl_96", 29 0, L_0x818d71fe0;  1 drivers
L_0x819478a30 .functor BUFT 1, C4<00>, C4<0>, C4<0>, C4<0>;
v0x818e88b40_0 .net/2u *"_ivl_98", 1 0, L_0x819478a30;  1 drivers
v0x818e88be0_0 .var "alu_add_sub", 31 0;
v0x818e88c80_0 .var "alu_eq", 0 0;
v0x818e88d20_0 .var "alu_lts", 0 0;
v0x818e88dc0_0 .var "alu_ltu", 0 0;
v0x818e88e60_0 .var "alu_out", 31 0;
v0x818e88f00_0 .var "alu_out_0", 0 0;
v0x818e88fa0_0 .var "alu_out_0_q", 0 0;
v0x818e89040_0 .var "alu_out_q", 31 0;
v0x818e890e0_0 .var "alu_shl", 31 0;
v0x818e89180_0 .var "alu_shr", 31 0;
v0x818e89220_0 .var "alu_wait", 0 0;
v0x818e892c0_0 .var "alu_wait_2", 0 0;
v0x818e89360_0 .var "cached_ascii_instr", 63 0;
v0x818e89400_0 .var "cached_insn_imm", 31 0;
v0x818e894a0_0 .var "cached_insn_opcode", 31 0;
v0x818e89540_0 .var "cached_insn_rd", 4 0;
v0x818e895e0_0 .var "cached_insn_rs1", 4 0;
v0x818e89680_0 .var "cached_insn_rs2", 4 0;
v0x818e89720_0 .var "clear_prefetched_high_word", 0 0;
v0x818e897c0_0 .var "clear_prefetched_high_word_q", 0 0;
v0x818e89860_0 .net "clk", 0 0, L_0x81909e1b0;  alias, 1 drivers
v0x818e89900_0 .var "compressed_instr", 0 0;
v0x818e899a0_0 .var "count_cycle", 63 0;
v0x818e89a40_0 .var "count_instr", 63 0;
v0x818e89ae0_0 .var "cpu_state", 7 0;
v0x818e89b80 .array "cpuregs", 31 0, 31 0;
v0x818e89c20_0 .var "cpuregs_rs1", 31 0;
v0x818e89cc0_0 .var "cpuregs_rs2", 31 0;
v0x818e89d60_0 .var "cpuregs_wrdata", 31 0;
v0x818e89e00_0 .var "cpuregs_write", 0 0;
v0x818e89ea0_0 .var "current_pc", 31 0;
v0x818e89f40_0 .var "dbg_ascii_instr", 63 0;
v0x818e89fe0_0 .var "dbg_ascii_state", 127 0;
v0x818e8a080_0 .var "dbg_insn_addr", 31 0;
v0x818e8a120_0 .var "dbg_insn_imm", 31 0;
v0x818e8a1c0_0 .var "dbg_insn_opcode", 31 0;
v0x818e8a260_0 .var "dbg_insn_rd", 4 0;
v0x818e8a300_0 .var "dbg_insn_rs1", 4 0;
v0x818e8a3a0_0 .var "dbg_insn_rs2", 4 0;
v0x818e8a440_0 .net "dbg_mem_addr", 31 0, L_0x81909e370;  1 drivers
v0x818e8a4e0_0 .net "dbg_mem_instr", 0 0, L_0x81909e290;  1 drivers
v0x818e8a580_0 .net "dbg_mem_rdata", 31 0, L_0x81909e4c0;  1 drivers
v0x818e8a620_0 .net "dbg_mem_ready", 0 0, L_0x81909e300;  1 drivers
v0x818e8a6c0_0 .net "dbg_mem_valid", 0 0, L_0x81909e220;  1 drivers
v0x818e8a760_0 .net "dbg_mem_wdata", 31 0, L_0x81909e3e0;  1 drivers
v0x818e8a800_0 .net "dbg_mem_wstrb", 3 0, L_0x81909e450;  1 drivers
v0x818e8a8a0_0 .var "dbg_next", 0 0;
v0x818e8a940_0 .var "dbg_rs1val", 31 0;
v0x818e8a9e0_0 .var "dbg_rs1val_valid", 0 0;
v0x818e8aa80_0 .var "dbg_rs2val", 31 0;
v0x818e8ab20_0 .var "dbg_rs2val_valid", 0 0;
v0x818e8abc0_0 .var "dbg_valid_insn", 0 0;
v0x818e8ac60_0 .var "decoded_imm", 31 0;
v0x818e8ad00_0 .var "decoded_imm_j", 31 0;
v0x818e8ada0_0 .var "decoded_rd", 4 0;
v0x818e8ae40_0 .var "decoded_rs", 4 0;
v0x818e8aee0_0 .var "decoded_rs1", 4 0;
v0x818e8af80_0 .var "decoded_rs2", 4 0;
v0x818e8b020_0 .var "decoder_pseudo_trigger", 0 0;
v0x818e8b0c0_0 .var "decoder_pseudo_trigger_q", 0 0;
v0x818e8b160_0 .var "decoder_trigger", 0 0;
v0x818e8b200_0 .var "decoder_trigger_q", 0 0;
v0x818e8b2a0_0 .var "do_waitirq", 0 0;
v0x818e8b340_0 .var "eoi", 31 0;
v0x818e8b3e0_0 .var "instr_add", 0 0;
v0x818e8b480_0 .var "instr_addi", 0 0;
v0x818e8b520_0 .var "instr_and", 0 0;
v0x818e8b5c0_0 .var "instr_andi", 0 0;
v0x818e8b660_0 .var "instr_auipc", 0 0;
v0x818e8b700_0 .var "instr_beq", 0 0;
v0x818e8b7a0_0 .var "instr_bge", 0 0;
v0x818e8b840_0 .var "instr_bgeu", 0 0;
v0x818e8b8e0_0 .var "instr_blt", 0 0;
v0x818e8b980_0 .var "instr_bltu", 0 0;
v0x818e8ba20_0 .var "instr_bne", 0 0;
v0x818e8bac0_0 .var "instr_ecall_ebreak", 0 0;
v0x818e8bb60_0 .var "instr_fence", 0 0;
v0x818e8bc00_0 .var "instr_getq", 0 0;
v0x818e8bca0_0 .var "instr_jal", 0 0;
v0x818e8bd40_0 .var "instr_jalr", 0 0;
v0x818e8bde0_0 .var "instr_lb", 0 0;
v0x818e8be80_0 .var "instr_lbu", 0 0;
v0x818e8bf20_0 .var "instr_lh", 0 0;
v0x818e8c000_0 .var "instr_lhu", 0 0;
v0x818e8c0a0_0 .var "instr_lui", 0 0;
v0x818e8c140_0 .var "instr_lw", 0 0;
v0x818e8c1e0_0 .var "instr_maskirq", 0 0;
v0x818e8c280_0 .var "instr_or", 0 0;
v0x818e8c320_0 .var "instr_ori", 0 0;
v0x818e8c3c0_0 .var "instr_rdcycle", 0 0;
v0x818e8c460_0 .var "instr_rdcycleh", 0 0;
v0x818e8c500_0 .var "instr_rdinstr", 0 0;
v0x818e8c5a0_0 .var "instr_rdinstrh", 0 0;
v0x818e8c640_0 .var "instr_retirq", 0 0;
v0x818e8c6e0_0 .var "instr_sb", 0 0;
v0x818e8c780_0 .var "instr_setq", 0 0;
v0x818e8c820_0 .var "instr_sh", 0 0;
v0x818e8c8c0_0 .var "instr_sll", 0 0;
v0x818e8c960_0 .var "instr_slli", 0 0;
v0x818e8ca00_0 .var "instr_slt", 0 0;
v0x818e8caa0_0 .var "instr_slti", 0 0;
v0x818e8cb40_0 .var "instr_sltiu", 0 0;
v0x818e8cbe0_0 .var "instr_sltu", 0 0;
v0x818e8cc80_0 .var "instr_sra", 0 0;
v0x818e8cd20_0 .var "instr_srai", 0 0;
v0x818e8cdc0_0 .var "instr_srl", 0 0;
v0x818e8ce60_0 .var "instr_srli", 0 0;
v0x818e8cf00_0 .var "instr_sub", 0 0;
v0x818e8cfa0_0 .var "instr_sw", 0 0;
v0x818e8d040_0 .var "instr_timer", 0 0;
v0x818e8d0e0_0 .net "instr_trap", 0 0, L_0x8191b59d0;  1 drivers
v0x818e8d180_0 .var "instr_waitirq", 0 0;
v0x818e8d220_0 .var "instr_xor", 0 0;
v0x818e8d2c0_0 .var "instr_xori", 0 0;
v0x818e8d360_0 .net "irq", 31 0, o0x81944b840;  alias, 0 drivers
v0x818e8d400_0 .var "irq_active", 0 0;
v0x818e8d4a0_0 .var "irq_delay", 0 0;
v0x818e8d540_0 .var "irq_mask", 31 0;
v0x818e8d5e0_0 .var "irq_pending", 31 0;
v0x818e8d680_0 .var "irq_state", 1 0;
v0x818e8d720_0 .var "is_alu_reg_imm", 0 0;
v0x818e8d7c0_0 .var "is_alu_reg_reg", 0 0;
v0x818e8d860_0 .var "is_beq_bne_blt_bge_bltu_bgeu", 0 0;
v0x818e8d900_0 .var "is_compare", 0 0;
v0x818e8d9a0_0 .var "is_jalr_addi_slti_sltiu_xori_ori_andi", 0 0;
v0x818e8da40_0 .var "is_lb_lh_lw_lbu_lhu", 0 0;
v0x818e8dae0_0 .var "is_lbu_lhu_lw", 0 0;
v0x818e8db80_0 .var "is_lui_auipc_jal", 0 0;
v0x818e8dc20_0 .var "is_lui_auipc_jal_jalr_addi_add_sub", 0 0;
v0x818e8dcc0_0 .net "is_rdcycle_rdcycleh_rdinstr_rdinstrh", 0 0, L_0x818eb0e60;  1 drivers
v0x818e8dd60_0 .var "is_sb_sh_sw", 0 0;
v0x818e8de00_0 .var "is_sll_srl_sra", 0 0;
v0x818e8dea0_0 .var "is_slli_srli_srai", 0 0;
v0x818e8df40_0 .var "is_slti_blt_slt", 0 0;
v0x818e8dfe0_0 .var "is_sltiu_bltu_sltu", 0 0;
v0x818e8e080_0 .var "last_mem_valid", 0 0;
v0x818e8e120_0 .var "latched_branch", 0 0;
v0x818e8e1c0_0 .var "latched_compr", 0 0;
v0x818e8e260_0 .var "latched_is_lb", 0 0;
v0x818e8e300_0 .var "latched_is_lh", 0 0;
v0x818e8e3a0_0 .var "latched_is_lu", 0 0;
v0x818e8e440_0 .var "latched_rd", 4 0;
v0x818e8e4e0_0 .var "latched_stalu", 0 0;
v0x818e8e580_0 .var "latched_store", 0 0;
v0x818e8e620_0 .var "latched_trace", 0 0;
v0x818e8e6c0_0 .net "launch_next_insn", 0 0, L_0x8191b5b90;  1 drivers
v0x818e8e760_0 .var "mem_addr", 31 0;
v0x818e8e800_0 .net "mem_busy", 0 0, L_0x818eb0780;  1 drivers
v0x818e8e8a0_0 .var "mem_do_prefetch", 0 0;
v0x818e8e940_0 .var "mem_do_rdata", 0 0;
v0x818e8e9e0_0 .var "mem_do_rinst", 0 0;
v0x818e8ea80_0 .var "mem_do_wdata", 0 0;
v0x818e8eb20_0 .net "mem_done", 0 0, L_0x8191b5500;  1 drivers
v0x818e8ebc0_0 .var "mem_instr", 0 0;
v0x818e8ec60_0 .net "mem_la_addr", 31 0, L_0x818eb0c80;  1 drivers
L_0x819478910 .functor BUFT 1, C4<0>, C4<0>, C4<0>, C4<0>;
v0x818e8ed00_0 .net "mem_la_firstword", 0 0, L_0x819478910;  1 drivers
v0x818e8eda0_0 .var "mem_la_firstword_reg", 0 0;
L_0x819478958 .functor BUFT 1, C4<0>, C4<0>, C4<0>, C4<0>;
v0x818e8ee40_0 .net "mem_la_firstword_xfer", 0 0, L_0x819478958;  1 drivers
v0x818e8eee0_0 .net "mem_la_read", 0 0, L_0x8191b5880;  1 drivers
v0x818e8ef80_0 .var "mem_la_secondword", 0 0;
v0x818e8f020_0 .net "mem_la_use_prefetched_high_word", 0 0, L_0x8194789a0;  1 drivers
v0x818e8f0c0_0 .var "mem_la_wdata", 31 0;
v0x818e8f160_0 .net "mem_la_write", 0 0, L_0x8191b55e0;  1 drivers
v0x818e8f200_0 .var "mem_la_wstrb", 3 0;
v0x818e8f2a0_0 .net "mem_rdata", 31 0, v0x818e91e00_0;  1 drivers
v0x818e8f340_0 .net "mem_rdata_latched", 31 0, L_0x81909e610;  1 drivers
v0x818e8f3e0_0 .net "mem_rdata_latched_noshuffle", 31 0, L_0x818eb0d20;  1 drivers
v0x818e8f480_0 .var "mem_rdata_q", 31 0;
v0x818e8f520_0 .var "mem_rdata_word", 31 0;
v0x818e8f5c0_0 .net "mem_ready", 0 0, v0x818e91ea0_0;  1 drivers
v0x818e8f660_0 .var "mem_state", 1 0;
v0x818e8f700_0 .var "mem_valid", 0 0;
v0x818e8f7a0_0 .var "mem_wdata", 31 0;
v0x818e8f840_0 .var "mem_wordsize", 1 0;
v0x818e8f8e0_0 .var "mem_wstrb", 3 0;
v0x818e8f980_0 .net "mem_xfer", 0 0, L_0x8191b50a0;  1 drivers
v0x818e8fa20_0 .var "new_ascii_instr", 63 0;
v0x818e8fac0_0 .var "next_insn_opcode", 31 0;
v0x818e8fb60_0 .var "next_irq_pending", 31 0;
v0x818e8fc00_0 .net "next_pc", 31 0, L_0x818eb0f00;  1 drivers
L_0x819478838 .functor BUFT 1, C4<xxxxxxxxxxxxxxxxxxxxxxxxxxxxxxxx>, C4<0>, C4<0>, C4<0>;
v0x818e8fca0_0 .net "pcpi_div_rd", 31 0, L_0x819478838;  1 drivers
L_0x8194788c8 .functor BUFT 1, C4<0>, C4<0>, C4<0>, C4<0>;
v0x818e8fd40_0 .net "pcpi_div_ready", 0 0, L_0x8194788c8;  1 drivers
L_0x819478880 .functor BUFT 1, C4<0>, C4<0>, C4<0>, C4<0>;
v0x818e8fde0_0 .net "pcpi_div_wait", 0 0, L_0x819478880;  1 drivers
L_0x8194787f0 .functor BUFT 1, C4<0>, C4<0>, C4<0>, C4<0>;
v0x818e8fe80_0 .net "pcpi_div_wr", 0 0, L_0x8194787f0;  1 drivers
v0x818e8ff20_0 .var "pcpi_insn", 31 0;
v0x818e90000_0 .var "pcpi_int_rd", 31 0;
v0x818e900a0_0 .var "pcpi_int_ready", 0 0;
v0x818e90140_0 .var "pcpi_int_wait", 0 0;
v0x818e901e0_0 .var "pcpi_int_wr", 0 0;
L_0x819478718 .functor BUFT 1, C4<xxxxxxxxxxxxxxxxxxxxxxxxxxxxxxxx>, C4<0>, C4<0>, C4<0>;
v0x818e90280_0 .net "pcpi_mul_rd", 31 0, L_0x819478718;  1 drivers
L_0x8194787a8 .functor BUFT 1, C4<0>, C4<0>, C4<0>, C4<0>;
v0x818e90320_0 .net "pcpi_mul_ready", 0 0, L_0x8194787a8;  1 drivers
L_0x819478760 .functor BUFT 1, C4<0>, C4<0>, C4<0>, C4<0>;
v0x818e903c0_0 .net "pcpi_mul_wait", 0 0, L_0x819478760;  1 drivers
L_0x8194786d0 .functor BUFT 1, C4<0>, C4<0>, C4<0>, C4<0>;
v0x818e90460_0 .net "pcpi_mul_wr", 0 0, L_0x8194786d0;  1 drivers
v0x818e90500_0 .net "pcpi_rd", 31 0, o0x81944c710;  alias, 0 drivers
v0x818e905a0_0 .net "pcpi_ready", 0 0, o0x81944c740;  alias, 0 drivers
v0x818e90640_0 .net "pcpi_rs1", 31 0, L_0x81909e530;  alias, 1 drivers
v0x818e906e0_0 .net "pcpi_rs2", 31 0, L_0x81909e5a0;  alias, 1 drivers
v0x818e90780_0 .var "pcpi_timeout", 0 0;
v0x818e90820_0 .var "pcpi_valid", 0 0;
v0x818e908c0_0 .net "pcpi_wait", 0 0, o0x81944c830;  alias, 0 drivers
v0x818e90960_0 .net "pcpi_wr", 0 0, o0x81944c860;  alias, 0 drivers
v0x818e90a00_0 .var "prefetched_high_word", 0 0;
v0x818e90aa0_0 .var "q_ascii_instr", 63 0;
v0x818e90b40_0 .var "q_insn_imm", 31 0;
v0x818e90be0_0 .var "q_insn_opcode", 31 0;
v0x818e90c80_0 .var "q_insn_rd", 4 0;
v0x818e90d20_0 .var "q_insn_rs1", 4 0;
v0x818e90dc0_0 .var "q_insn_rs2", 4 0;
v0x818e90e60_0 .var "reg_next_pc", 31 0;
v0x818e90f00_0 .var "reg_op1", 31 0;
v0x818e90fa0_0 .var "reg_op2", 31 0;
v0x818e91040_0 .var "reg_out", 31 0;
v0x818e910e0_0 .var "reg_pc", 31 0;
v0x818e91180_0 .var "reg_sh", 4 0;
v0x818e91220_0 .net "resetn", 0 0, L_0x8191b4f50;  alias, 1 drivers
v0x818e912c0_0 .var "set_mem_do_rdata", 0 0;
v0x818e91360_0 .var "set_mem_do_rinst", 0 0;
v0x818e91400_0 .var "set_mem_do_wdata", 0 0;
v0x818e914a0_0 .var "timer", 31 0;
v0x818e91540_0 .var "trace_data", 35 0;
v0x818e915e0_0 .var "trace_valid", 0 0;
v0x818e91680_0 .var "trap", 0 0;
E_0x8191a2bc0 .event posedge, v0x818e89860_0;
v0x818e89b80_0 .array/port v0x818e89b80, 0;
v0x818e89b80_1 .array/port v0x818e89b80, 1;
v0x818e89b80_2 .array/port v0x818e89b80, 2;
E_0x8191a2c00/0 .event anyedge, v0x818e8aee0_0, v0x818e89b80_0, v0x818e89b80_1, v0x818e89b80_2;
v0x818e89b80_3 .array/port v0x818e89b80, 3;
v0x818e89b80_4 .array/port v0x818e89b80, 4;
v0x818e89b80_5 .array/port v0x818e89b80, 5;
v0x818e89b80_6 .array/port v0x818e89b80, 6;
E_0x8191a2c00/1 .event anyedge, v0x818e89b80_3, v0x818e89b80_4, v0x818e89b80_5, v0x818e89b80_6;
v0x818e89b80_7 .array/port v0x818e89b80, 7;
v0x818e89b80_8 .array/port v0x818e89b80, 8;
v0x818e89b80_9 .array/port v0x818e89b80, 9;
v0x818e89b80_10 .array/port v0x818e89b80, 10;
E_0x8191a2c00/2 .event anyedge, v0x818e89b80_7, v0x818e89b80_8, v0x818e89b80_9, v0x818e89b80_10;
v0x818e89b80_11 .array/port v0x818e89b80, 11;
v0x818e89b80_12 .array/port v0x818e89b80, 12;
v0x818e89b80_13 .array/port v0x818e89b80, 13;
v0x818e89b80_14 .array/port v0x818e89b80, 14;
E_0x8191a2c00/3 .event anyedge, v0x818e89b80_11, v0x818e89b80_12, v0x818e89b80_13, v0x818e89b80_14;
v0x818e89b80_15 .array/port v0x818e89b80, 15;
v0x818e89b80_16 .array/port v0x818e89b80, 16;
v0x818e89b80_17 .array/port v0x818e89b80, 17;
v0x818e89b80_18 .array/port v0x818e89b80, 18;
E_0x8191a2c00/4 .event anyedge, v0x818e89b80_15, v0x818e89b80_16, v0x818e89b80_17, v0x818e89b80_18;
v0x818e89b80_19 .array/port v0x818e89b80, 19;
v0x818e89b80_20 .array/port v0x818e89b80, 20;
v0x818e89b80_21 .array/port v0x818e89b80, 21;
v0x818e89b80_22 .array/port v0x818e89b80, 22;
E_0x8191a2c00/5 .event anyedge, v0x818e89b80_19, v0x818e89b80_20, v0x818e89b80_21, v0x818e89b80_22;
v0x818e89b80_23 .array/port v0x818e89b80, 23;
v0x818e89b80_24 .array/port v0x818e89b80, 24;
v0x818e89b80_25 .array/port v0x818e89b80, 25;
v0x818e89b80_26 .array/port v0x818e89b80, 26;
E_0x8191a2c00/6 .event anyedge, v0x818e89b80_23, v0x818e89b80_24, v0x818e89b80_25, v0x818e89b80_26;
v0x818e89b80_27 .array/port v0x818e89b80, 27;
v0x818e89b80_28 .array/port v0x818e89b80, 28;
v0x818e89b80_29 .array/port v0x818e89b80, 29;
v0x818e89b80_30 .array/port v0x818e89b80, 30;
E_0x8191a2c00/7 .event anyedge, v0x818e89b80_27, v0x818e89b80_28, v0x818e89b80_29, v0x818e89b80_30;
v0x818e89b80_31 .array/port v0x818e89b80, 31;
E_0x8191a2c00/8 .event anyedge, v0x818e89b80_31, v0x818e8af80_0;
E_0x8191a2c00 .event/or E_0x8191a2c00/0, E_0x8191a2c00/1, E_0x8191a2c00/2, E_0x8191a2c00/3, E_0x8191a2c00/4, E_0x8191a2c00/5, E_0x8191a2c00/6, E_0x8191a2c00/7, E_0x8191a2c00/8;
E_0x8191a2c40/0 .event anyedge, v0x818e89ae0_0, v0x818e910e0_0, v0x818e8e1c0_0, v0x818e8e120_0;
E_0x8191a2c40/1 .event anyedge, v0x818e8e4e0_0, v0x818e89040_0, v0x818e91040_0, v0x818e8e580_0;
E_0x8191a2c40/2 .event anyedge, v0x818e90e60_0, v0x818e8d5e0_0, v0x818e8d540_0;
E_0x8191a2c40 .event/or E_0x8191a2c40/0, E_0x8191a2c40/1, E_0x8191a2c40/2;
E_0x8191a2c80/0 .event anyedge, v0x818e897c0_0, v0x818e90a00_0, v0x818e8e120_0, v0x818e8d680_0;
E_0x8191a2c80/1 .event anyedge, v0x818e91220_0;
E_0x8191a2c80 .event/or E_0x8191a2c80/0, E_0x8191a2c80/1;
E_0x8191a2cc0/0 .event anyedge, v0x818e88c80_0, v0x818e8b700_0, v0x818e8ba20_0, v0x818e88d20_0;
E_0x8191a2cc0/1 .event anyedge, v0x818e8b7a0_0, v0x818e88dc0_0, v0x818e8b840_0, v0x818e8df40_0;
E_0x8191a2cc0/2 .event anyedge, v0x818e8dfe0_0, v0x818e88be0_0, v0x818e8dc20_0, v0x818e88f00_0;
E_0x8191a2cc0/3 .event anyedge, v0x818e8d900_0, v0x818e90f00_0, v0x818e90fa0_0, v0x818e8d2c0_0;
E_0x8191a2cc0/4 .event anyedge, v0x818e8d220_0, v0x818e8c320_0, v0x818e8c280_0, v0x818e8b5c0_0;
E_0x8191a2cc0/5 .event anyedge, v0x818e8b520_0, v0x818e890e0_0, v0x818e89180_0;
E_0x8191a2cc0 .event/or E_0x8191a2cc0/0, E_0x8191a2cc0/1, E_0x8191a2cc0/2, E_0x8191a2cc0/3, E_0x8191a2cc0/4, E_0x8191a2cc0/5;
E_0x8191a2d00 .event anyedge, v0x818e89ae0_0;
E_0x8191a2d40/0 .event anyedge, v0x818e90aa0_0, v0x818e90b40_0, v0x818e90be0_0, v0x818e90d20_0;
E_0x8191a2d40/1 .event anyedge, v0x818e90dc0_0, v0x818e90c80_0, v0x818e8a8a0_0, v0x818e8b0c0_0;
E_0x8191a2d40/2 .event anyedge, v0x818e89360_0, v0x818e89400_0, v0x818e894a0_0, v0x818e895e0_0;
E_0x8191a2d40/3 .event anyedge, v0x818e89680_0, v0x818e89540_0, v0x818e8fa20_0, v0x818e8fac0_0;
E_0x8191a2d40/4 .event anyedge, v0x818e8ac60_0, v0x818e8aee0_0, v0x818e8af80_0, v0x818e8ada0_0;
E_0x8191a2d40 .event/or E_0x8191a2d40/0, E_0x8191a2d40/1, E_0x8191a2d40/2, E_0x8191a2d40/3, E_0x8191a2d40/4;
E_0x8191a2d80/0 .event anyedge, v0x818e8c0a0_0, v0x818e8b660_0, v0x818e8bca0_0, v0x818e8bd40_0;
E_0x8191a2d80/1 .event anyedge, v0x818e8b700_0, v0x818e8ba20_0, v0x818e8b8e0_0, v0x818e8b7a0_0;
E_0x8191a2d80/2 .event anyedge, v0x818e8b980_0, v0x818e8b840_0, v0x818e8bde0_0, v0x818e8bf20_0;
E_0x8191a2d80/3 .event anyedge, v0x818e8c140_0, v0x818e8be80_0, v0x818e8c000_0, v0x818e8c6e0_0;
E_0x8191a2d80/4 .event anyedge, v0x818e8c820_0, v0x818e8cfa0_0, v0x818e8b480_0, v0x818e8caa0_0;
E_0x8191a2d80/5 .event anyedge, v0x818e8cb40_0, v0x818e8d2c0_0, v0x818e8c320_0, v0x818e8b5c0_0;
E_0x8191a2d80/6 .event anyedge, v0x818e8c960_0, v0x818e8ce60_0, v0x818e8cd20_0, v0x818e8b3e0_0;
E_0x8191a2d80/7 .event anyedge, v0x818e8cf00_0, v0x818e8c8c0_0, v0x818e8ca00_0, v0x818e8cbe0_0;
E_0x8191a2d80/8 .event anyedge, v0x818e8d220_0, v0x818e8cdc0_0, v0x818e8cc80_0, v0x818e8c280_0;
E_0x8191a2d80/9 .event anyedge, v0x818e8b520_0, v0x818e8c3c0_0, v0x818e8c460_0, v0x818e8c500_0;
E_0x8191a2d80/10 .event anyedge, v0x818e8c5a0_0, v0x818e8bb60_0, v0x818e8bc00_0, v0x818e8c780_0;
E_0x8191a2d80/11 .event anyedge, v0x818e8c640_0, v0x818e8c1e0_0, v0x818e8d180_0, v0x818e8d040_0;
E_0x8191a2d80 .event/or E_0x8191a2d80/0, E_0x8191a2d80/1, E_0x8191a2d80/2, E_0x8191a2d80/3, E_0x8191a2d80/4, E_0x8191a2d80/5, E_0x8191a2d80/6, E_0x8191a2d80/7, E_0x8191a2d80/8, E_0x8191a2d80/9, E_0x8191a2d80/10, E_0x8191a2d80/11;
E_0x8191a2dc0 .event anyedge, v0x818e8f840_0, v0x818e90fa0_0, v0x818e8f2a0_0, v0x818e90f00_0;
E_0x8191a2e00 .event anyedge, v0x818e90460_0, v0x818e90280_0, v0x818e8fe80_0, v0x818e8fca0_0;
L_0x818d730c0 .concat [ 1 1 1 1], v0x818e8ea80_0, v0x818e8e940_0, v0x818e8e9e0_0, v0x818e8e8a0_0;
L_0x818eb0780 .reduce/or L_0x818d730c0;
L_0x818eb0820 .reduce/or v0x818e8f660_0;
L_0x818eb08c0 .reduce/and v0x818e8f660_0;
L_0x818eb0960 .reduce/nor L_0x819478910;
L_0x818eae440 .part L_0x81909e610, 0, 2;
L_0x818eb0a00 .reduce/nand L_0x818eae440;
L_0x818eb0aa0 .reduce/nor v0x818e8f660_0;
L_0x818eb0b40 .reduce/nor L_0x8194789a0;
L_0x818eb0be0 .reduce/nor v0x818e8f660_0;
L_0x818eae4e0 .part L_0x818eb0f00, 2, 30;
L_0x818d71fe0 .arith/sum 30, L_0x818eae4e0, L_0x8194792e8;
L_0x818d72080 .concat [ 2 30 0 0], L_0x819478a30, L_0x818d71fe0;
L_0x818eae580 .part v0x818e90f00_0, 2, 30;
L_0x818d721c0 .concat [ 2 30 0 0], L_0x819478a78, L_0x818eae580;
L_0x818eb0c80 .functor MUXZ 32, L_0x818d721c0, L_0x818d72080, L_0x8191b58f0, C4<>;
L_0x818eb0d20 .functor MUXZ 32, v0x818e8f480_0, v0x818e91e00_0, L_0x8191b5960, C4<>;
LS_0x818d72b20_0_0 .concat [ 1 1 1 1], v0x818e8d040_0, v0x818e8d180_0, v0x818e8c1e0_0, v0x818e8c640_0;
LS_0x818d72b20_0_4 .concat [ 1 1 1 1], v0x818e8c780_0, v0x818e8bc00_0, v0x818e8bb60_0, v0x818e8c5a0_0;
LS_0x818d72b20_0_8 .concat [ 1 1 1 1], v0x818e8c500_0, v0x818e8c460_0, v0x818e8c3c0_0, v0x818e8b520_0;
LS_0x818d72b20_0_12 .concat [ 1 1 1 1], v0x818e8c280_0, v0x818e8cc80_0, v0x818e8cdc0_0, v0x818e8d220_0;
LS_0x818d72b20_0_16 .concat [ 1 1 1 1], v0x818e8cbe0_0, v0x818e8ca00_0, v0x818e8c8c0_0, v0x818e8cf00_0;
LS_0x818d72b20_0_20 .concat [ 1 1 1 1], v0x818e8b3e0_0, v0x818e8cd20_0, v0x818e8ce60_0, v0x818e8c960_0;
LS_0x818d72b20_0_24 .concat [ 1 1 1 1], v0x818e8b5c0_0, v0x818e8c320_0, v0x818e8d2c0_0, v0x818e8cb40_0;
LS_0x818d72b20_0_28 .concat [ 1 1 1 1], v0x818e8caa0_0, v0x818e8b480_0, v0x818e8cfa0_0, v0x818e8c820_0;
LS_0x818d72b20_0_32 .concat [ 1 1 1 1], v0x818e8c6e0_0, v0x818e8c000_0, v0x818e8be80_0, v0x818e8c140_0;
LS_0x818d72b20_0_36 .concat [ 1 1 1 1], v0x818e8bf20_0, v0x818e8bde0_0, v0x818e8b840_0, v0x818e8b980_0;
LS_0x818d72b20_0_40 .concat [ 1 1 1 1], v0x818e8b7a0_0, v0x818e8b8e0_0, v0x818e8ba20_0, v0x818e8b700_0;
LS_0x818d72b20_0_44 .concat [ 1 1 1 1], v0x818e8bd40_0, v0x818e8bca0_0, v0x818e8b660_0, v0x818e8c0a0_0;
LS_0x818d72b20_1_0 .concat [ 4 4 4 4], LS_0x818d72b20_0_0, LS_0x818d72b20_0_4, LS_0x818d72b20_0_8, LS_0x818d72b20_0_12;
LS_0x818d72b20_1_4 .concat [ 4 4 4 4], LS_0x818d72b20_0_16, LS_0x818d72b20_0_20, LS_0x818d72b20_0_24, LS_0x818d72b20_0_28;
LS_0x818d72b20_1_8 .concat [ 4 4 4 4], LS_0x818d72b20_0_32, LS_0x818d72b20_0_36, LS_0x818d72b20_0_40, LS_0x818d72b20_0_44;
L_0x818d72b20 .concat [ 16 16 16 0], LS_0x818d72b20_1_0, LS_0x818d72b20_1_4, LS_0x818d72b20_1_8;
L_0x818eb0dc0 .reduce/nor L_0x818d72b20;
L_0x818d72bc0 .concat [ 1 1 1 1], v0x818e8c5a0_0, v0x818e8c500_0, v0x818e8c460_0, v0x818e8c3c0_0;
L_0x818eb0e60 .reduce/or L_0x818d72bc0;
L_0x818eb0f00 .functor MUXZ 32, v0x818e90e60_0, L_0x8191b5ab0, L_0x8191b5a40, C4<>;
L_0x818eae620 .cmp/eq 8, v0x818e89ae0_0, L_0x819478b98;
S_0x818e70480 .scope task, "empty_statement" "empty_statement" 3 214, 3 214 0, S_0x818e70180;
 .timescale -9 -12;
TD_picorv32_wb.picorv32_core.empty_statement ;
    %end;
S_0x818e70600 .scope generate, "genblk1" "genblk1" 3 285, 3 285 0, S_0x818e70180;
 .timescale -9 -12;
S_0x818e70780 .scope generate, "genblk2" "genblk2" 3 305, 3 305 0, S_0x818e70180;
 .timescale -9 -12;
S_0x818e70900 .scope generate, "genblk3" "genblk3" 3 1229, 3 1229 0, S_0x818e70180;
 .timescale -9 -12;
E_0x8191a2e40/0 .event anyedge, v0x818e8cf00_0, v0x818e90f00_0, v0x818e90fa0_0, v0x818e8cc80_0;
E_0x8191a2e40/1 .event anyedge, v0x818e8cd20_0;
E_0x8191a2e40 .event/or E_0x8191a2e40/0, E_0x8191a2e40/1;
S_0x1057247d0 .scope module, "tb_loader" "tb_loader" 4 23;
 .timescale -9 -12;
P_0x8191a2600 .param/l "CPB" 1 4 26, +C4<00000000000000000000000000010000>;
v0x818ead4a0_0 .var "ack", 7 0;
v0x818ead540 .array "body", 63 0, 7 0;
v0x818ead5e0_0 .var/i "body_len", 31 0;
v0x818ead680_0 .var "btn", 1 0;
v0x818ead720_0 .var "clk", 0 0;
v0x818ead7c0_0 .var "crc", 15 0;
v0x818ead860_0 .net "gpio_out", 31 0, L_0x81909eb50;  1 drivers
v0x818ead900_0 .var/i "j", 31 0;
v0x818ead9a0_0 .var "last_byte", 7 0;
v0x818eada40_0 .var/i "prev_count", 31 0;
v0x818eadae0 .array "prog", 3 0, 31 0;
v0x818eadb80_0 .var "resetn", 0 0;
v0x818eadc20_0 .var/i "ri", 31 0;
v0x818eadcc0_0 .var "rx", 0 0;
v0x818eadd60_0 .var/i "rx_count", 31 0;
v0x818eade00_0 .net "tx", 0 0, v0x818e9f980_0;  1 drivers
v0x818eadea0_0 .var/i "w", 31 0;
E_0x8191a2e80 .event negedge, v0x818e9f980_0;
S_0x818e70a80 .scope function.vec4.s16, "crc16_next" "crc16_next" 4 48, 4 48 0, S_0x1057247d0;
 .timescale -9 -12;
v0x818e93020_0 .var "b", 7 0;
v0x818e930c0_0 .var "c", 15 0;
; Variable crc16_next is vec4 return value of scope S_0x818e70a80
v0x818e93200_0 .var "crc_in", 15 0;
v0x818e932a0_0 .var/i "i", 31 0;
TD_tb_loader.crc16_next ;
    %load/vec4 v0x818e93200_0;
    %load/vec4 v0x818e93020_0;
    %pad/u 16;
    %ix/load 4, 8, 0;
    %flag_set/imm 4, 0;
    %shiftl 4;
    %xor;
    %store/vec4 v0x818e930c0_0, 0, 16;
    %pushi/vec4 0, 0, 32;
    %store/vec4 v0x818e932a0_0, 0, 32;
T_2.0 ; Top of for-loop
    %load/vec4 v0x818e932a0_0;
    %cmpi/s 8, 0, 32;
	  %jmp/0xz T_2.1, 5;
    %load/vec4 v0x818e930c0_0;
    %parti/s 1, 15, 5;
    %flag_set/vec4 8;
    %jmp/0 T_2.3, 8;
    %load/vec4 v0x818e930c0_0;
    %ix/load 4, 1, 0;
    %flag_set/imm 4, 0;
    %shiftl 4;
    %pushi/vec4 4129, 0, 16;
    %xor;
    %jmp/1 T_2.4, 8;
T_2.3 ; End of true expr.
    %load/vec4 v0x818e930c0_0;
    %ix/load 4, 1, 0;
    %flag_set/imm 4, 0;
    %shiftl 4;
    %jmp/0 T_2.4, 8;
 ; End of false expr.
    %blend;
T_2.4;
    %store/vec4 v0x818e930c0_0, 0, 16;
T_2.2 ; for-loop step statement
    %load/vec4 v0x818e932a0_0;
    %addi 1, 0, 32;
    %store/vec4 v0x818e932a0_0, 0, 32;
    %jmp T_2.0;
T_2.1 ; for-loop exit label
    %load/vec4 v0x818e930c0_0;
    %ret/vec4 0, 0, 16;  Assign to crc16_next (store_vec4_to_lval)
    %end;
S_0x818e70c00 .scope module, "dut" "soc_loader" 4 38, 5 28 0, S_0x1057247d0;
 .timescale -9 -12;
    .port_info 0 /INPUT 1 "clk";
    .port_info 1 /INPUT 1 "resetn";
    .port_info 2 /INPUT 1 "uart_rx_pin";
    .port_info 3 /OUTPUT 1 "uart_tx_pin";
    .port_info 4 /INPUT 2 "btn_in";
    .port_info 5 /OUTPUT 32 "gpio_out";
P_0x818d3ec80 .param/l "CLOCKS_PER_BIT" 0 5 29, +C4<00000000000000000000000000010000>;
P_0x818d3ecc0 .param/l "MEM_WORDS" 1 5 139, +C4<00000000000000000000100000000000>;
L_0x8191b5d50 .functor NOT 1, v0x818e9e440_0, C4<0>, C4<0>, C4<0>;
L_0x8191b5dc0 .functor AND 1, v0x818eadb80_0, L_0x8191b5d50, C4<1>, C4<1>;
L_0x81909eb50 .functor BUFZ 32, v0x818eacbe0_0, C4<00000000000000000000000000000000>, C4<00000000000000000000000000000000>, C4<00000000000000000000000000000000>;
v0x818e9fac0_0 .net *"_ivl_0", 0 0, L_0x8191b5d50;  1 drivers
L_0x8194791c8 .functor BUFT 1, C4<0000000000000000>, C4<0>, C4<0>, C4<0>;
v0x818e9fb60_0 .net/2u *"_ivl_10", 15 0, L_0x8194791c8;  1 drivers
v0x818e9fc00_0 .net *"_ivl_15", 15 0, L_0x818eaed00;  1 drivers
L_0x819479210 .functor BUFT 1, C4<0001000000000000>, C4<0>, C4<0>, C4<0>;
v0x818e9fca0_0 .net/2u *"_ivl_16", 15 0, L_0x819479210;  1 drivers
v0x818e9fd40_0 .net *"_ivl_9", 15 0, L_0x818eaebc0;  1 drivers
v0x818e9fde0_0 .net "btn_in", 1 0, v0x818ead680_0;  1 drivers
v0x818e9fe80_0 .net "clk", 0 0, v0x818ead720_0;  1 drivers
v0x818e9ff20_0 .net "cpu_resetn", 0 0, L_0x8191b5dc0;  1 drivers
v0x818eac000_0 .net "cpu_word_addr", 10 0, L_0x818eaee40;  1 drivers
v0x818eac0a0_0 .net "gpio_out", 31 0, L_0x81909eb50;  alias, 1 drivers
v0x818eac140_0 .net "is_bram", 0 0, L_0x818eaec60;  1 drivers
v0x818eac1e0_0 .net "is_io", 0 0, L_0x818eaeda0;  1 drivers
v0x818eac280_0 .var/i "k", 31 0;
v0x818eac320_0 .net "ld_mem_waddr", 10 0, v0x818e9e4e0_0;  1 drivers
v0x818eac3c0_0 .net "ld_mem_wdata", 31 0, v0x818e9e580_0;  1 drivers
v0x818eac460_0 .net "ld_mem_we", 0 0, v0x818e9e620_0;  1 drivers
v0x818eac500_0 .net "ld_tx_data", 7 0, v0x818e9eb20_0;  1 drivers
v0x818eac5a0_0 .net "ld_tx_send", 0 0, v0x818e9ebc0_0;  1 drivers
v0x818eac640_0 .net "loading", 0 0, v0x818e9e440_0;  1 drivers
v0x818eac6e0 .array "mem", 2047 0, 31 0;
v0x818eac780_0 .net "mem_addr", 31 0, v0x818e9ada0_0;  1 drivers
v0x818eac820_0 .net "mem_instr", 0 0, v0x818e9b200_0;  1 drivers
v0x818eac8c0_0 .var "mem_rdata", 31 0;
v0x818eac960_0 .var "mem_ready", 0 0;
v0x818eaca00_0 .net "mem_valid", 0 0, v0x818e9bd40_0;  1 drivers
v0x818eacaa0_0 .net "mem_wdata", 31 0, v0x818e9bde0_0;  1 drivers
v0x818eacb40_0 .net "mem_wstrb", 3 0, v0x818e9bf20_0;  1 drivers
v0x818eacbe0_0 .var "r_gpio_out", 31 0;
v0x818eacc80_0 .var "r_uart_data", 7 0;
v0x818eacd20_0 .var "r_uart_valid", 0 0;
v0x818eacdc0_0 .net "resetn", 0 0, v0x818eadb80_0;  1 drivers
v0x818eace60_0 .net "rx_data", 7 0, v0x818e9eee0_0;  1 drivers
v0x818eacf00_0 .net "rx_valid", 0 0, v0x818e9f340_0;  1 drivers
v0x818eacfa0_0 .net "tx_busy", 0 0, L_0x818eaeee0;  1 drivers
v0x818ead040_0 .net "tx_data", 7 0, L_0x818eb1860;  1 drivers
v0x818ead0e0_0 .net "tx_valid", 0 0, L_0x818eb17c0;  1 drivers
v0x818ead180_0 .net "uart_rx_pin", 0 0, v0x818eadcc0_0;  1 drivers
v0x818ead220_0 .net "uart_tx_pin", 0 0, v0x818e9f980_0;  alias, 1 drivers
L_0x818eaebc0 .part v0x818e9ada0_0, 16, 16;
L_0x818eaec60 .cmp/eq 16, L_0x818eaebc0, L_0x8194791c8;
L_0x818eaed00 .part v0x818e9ada0_0, 16, 16;
L_0x818eaeda0 .cmp/eq 16, L_0x818eaed00, L_0x819479210;
L_0x818eaee40 .part v0x818e9ada0_0, 2, 11;
L_0x818eb17c0 .functor MUXZ 1, v0x818eacd20_0, v0x818e9ebc0_0, v0x818e9e440_0, C4<>;
L_0x818eb1860 .functor MUXZ 8, v0x818eacc80_0, v0x818e9eb20_0, v0x818e9e440_0, C4<>;
S_0x818e70d80 .scope module, "cpu" "picorv32" 5 108, 3 62 0, S_0x818e70c00;
 .timescale -9 -12;
    .port_info 0 /INPUT 1 "clk";
    .port_info 1 /INPUT 1 "resetn";
    .port_info 2 /OUTPUT 1 "trap";
    .port_info 3 /OUTPUT 1 "mem_valid";
    .port_info 4 /OUTPUT 1 "mem_instr";
    .port_info 5 /INPUT 1 "mem_ready";
    .port_info 6 /OUTPUT 32 "mem_addr";
    .port_info 7 /OUTPUT 32 "mem_wdata";
    .port_info 8 /OUTPUT 4 "mem_wstrb";
    .port_info 9 /INPUT 32 "mem_rdata";
    .port_info 10 /OUTPUT 1 "mem_la_read";
    .port_info 11 /OUTPUT 1 "mem_la_write";
    .port_info 12 /OUTPUT 32 "mem_la_addr";
    .port_info 13 /OUTPUT 32 "mem_la_wdata";
    .port_info 14 /OUTPUT 4 "mem_la_wstrb";
    .port_info 15 /OUTPUT 1 "pcpi_valid";
    .port_info 16 /OUTPUT 32 "pcpi_insn";
    .port_info 17 /OUTPUT 32 "pcpi_rs1";
    .port_info 18 /OUTPUT 32 "pcpi_rs2";
    .port_info 19 /INPUT 1 "pcpi_wr";
    .port_info 20 /INPUT 32 "pcpi_rd";
    .port_info 21 /INPUT 1 "pcpi_wait";
    .port_info 22 /INPUT 1 "pcpi_ready";
    .port_info 23 /INPUT 32 "irq";
    .port_info 24 /OUTPUT 32 "eoi";
    .port_info 25 /OUTPUT 1 "trace_valid";
    .port_info 26 /OUTPUT 36 "trace_data";
P_0x818e84c00 .param/l "BARREL_SHIFTER" 0 3 69, C4<0>;
P_0x818e84c40 .param/l "CATCH_ILLINSN" 0 3 74, C4<1>;
P_0x818e84c80 .param/l "CATCH_MISALIGN" 0 3 73, C4<1>;
P_0x818e84cc0 .param/l "COMPRESSED_ISA" 0 3 72, C4<0>;
P_0x818e84d00 .param/l "ENABLE_COUNTERS" 0 3 63, C4<0>;
P_0x818e84d40 .param/l "ENABLE_COUNTERS64" 0 3 64, C4<0>;
P_0x818e84d80 .param/l "ENABLE_DIV" 0 3 78, C4<0>;
P_0x818e84dc0 .param/l "ENABLE_FAST_MUL" 0 3 77, C4<0>;
P_0x818e84e00 .param/l "ENABLE_IRQ" 0 3 79, C4<0>;
P_0x818e84e40 .param/l "ENABLE_IRQ_QREGS" 0 3 80, C4<1>;
P_0x818e84e80 .param/l "ENABLE_IRQ_TIMER" 0 3 81, C4<1>;
P_0x818e84ec0 .param/l "ENABLE_MUL" 0 3 76, C4<0>;
P_0x818e84f00 .param/l "ENABLE_PCPI" 0 3 75, C4<0>;
P_0x818e84f40 .param/l "ENABLE_REGS_16_31" 0 3 65, C4<1>;
P_0x818e84f80 .param/l "ENABLE_REGS_DUALPORT" 0 3 66, C4<1>;
P_0x818e84fc0 .param/l "ENABLE_TRACE" 0 3 82, C4<0>;
P_0x818e85000 .param/l "LATCHED_IRQ" 0 3 85, C4<11111111111111111111111111111111>;
P_0x818e85040 .param/l "LATCHED_MEM_RDATA" 0 3 67, C4<0>;
P_0x818e85080 .param/l "MASKED_IRQ" 0 3 84, C4<00000000000000000000000000000000>;
P_0x818e850c0 .param/l "PROGADDR_IRQ" 0 3 87, C4<00000000000000000000000000010000>;
P_0x818e85100 .param/l "PROGADDR_RESET" 0 3 86, C4<00000000000000000000000000000000>;
P_0x818e85140 .param/l "REGS_INIT_ZERO" 0 3 83, C4<0>;
P_0x818e85180 .param/l "STACKADDR" 0 3 88, C4<00000000000000000001111111110000>;
P_0x818e851c0 .param/l "TRACE_ADDR" 1 3 172, C4<001000000000000000000000000000000000>;
P_0x818e85200 .param/l "TRACE_BRANCH" 1 3 171, C4<000100000000000000000000000000000000>;
P_0x818e85240 .param/l "TRACE_IRQ" 1 3 173, C4<100000000000000000000000000000000000>;
P_0x818e85280 .param/l "TWO_CYCLE_ALU" 0 3 71, C4<0>;
P_0x818e852c0 .param/l "TWO_CYCLE_COMPARE" 0 3 70, C4<0>;
P_0x818e85300 .param/l "TWO_STAGE_SHIFT" 0 3 68, C4<1>;
P_0x818e85340 .param/l "WITH_PCPI" 1 3 169, C4<0>;
P_0x818e85380 .param/l "cpu_state_exec" 1 3 1176, C4<00001000>;
P_0x818e853c0 .param/l "cpu_state_fetch" 1 3 1173, C4<01000000>;
P_0x818e85400 .param/l "cpu_state_ld_rs1" 1 3 1174, C4<00100000>;
P_0x818e85440 .param/l "cpu_state_ld_rs2" 1 3 1175, C4<00010000>;
P_0x818e85480 .param/l "cpu_state_ldmem" 1 3 1179, C4<00000001>;
P_0x818e854c0 .param/l "cpu_state_shift" 1 3 1177, C4<00000100>;
P_0x818e85500 .param/l "cpu_state_stmem" 1 3 1178, C4<00000010>;
P_0x818e85540 .param/l "cpu_state_trap" 1 3 1172, C4<10000000>;
P_0x818e85580 .param/l "irq_buserror" 1 3 163, +C4<00000000000000000000000000000010>;
P_0x818e855c0 .param/l "irq_ebreak" 1 3 162, +C4<00000000000000000000000000000001>;
P_0x818e85600 .param/l "irq_timer" 1 3 161, +C4<00000000000000000000000000000000>;
P_0x818e85640 .param/l "irqregs_offset" 1 3 165, +C4<00000000000000000000000000100000>;
P_0x818e85680 .param/l "regfile_size" 1 3 166, +C4<00000000000000000000000000100000>;
P_0x818e856c0 .param/l "regindex_bits" 1 3 167, +C4<00000000000000000000000000000101>;
L_0x81909e6f0 .functor BUFZ 1, v0x818e9bd40_0, C4<0>, C4<0>, C4<0>;
L_0x81909e760 .functor BUFZ 1, v0x818e9b200_0, C4<0>, C4<0>, C4<0>;
L_0x81909e7d0 .functor BUFZ 1, v0x818eac960_0, C4<0>, C4<0>, C4<0>;
L_0x81909e840 .functor BUFZ 32, v0x818e9ada0_0, C4<00000000000000000000000000000000>, C4<00000000000000000000000000000000>, C4<00000000000000000000000000000000>;
L_0x81909e8b0 .functor BUFZ 32, v0x818e9bde0_0, C4<00000000000000000000000000000000>, C4<00000000000000000000000000000000>, C4<00000000000000000000000000000000>;
L_0x81909e920 .functor BUFZ 4, v0x818e9bf20_0, C4<0000>, C4<0000>, C4<0000>;
L_0x81909e990 .functor BUFZ 32, v0x818eac8c0_0, C4<00000000000000000000000000000000>, C4<00000000000000000000000000000000>, C4<00000000000000000000000000000000>;
L_0x81909ea00 .functor BUFZ 32, v0x818e9d540_0, C4<00000000000000000000000000000000>, C4<00000000000000000000000000000000>, C4<00000000000000000000000000000000>;
L_0x81909ea70 .functor BUFZ 32, v0x818e9d5e0_0, C4<00000000000000000000000000000000>, C4<00000000000000000000000000000000>, C4<00000000000000000000000000000000>;
L_0x8191b5e30 .functor AND 1, v0x818e9bd40_0, v0x818eac960_0, C4<1>, C4<1>;
L_0x819478ef8 .functor BUFT 1, C4<0>, C4<0>, C4<0>, C4<0>;
L_0x8191b5ea0 .functor AND 1, L_0x819478ef8, v0x818e9b020_0, C4<1>, C4<1>;
L_0x8191b5f10 .functor OR 1, L_0x8191b5e30, L_0x8191b5ea0, C4<0>, C4<0>;
L_0x8191b5f80 .functor AND 1, L_0x8191b5f10, L_0x818eb1040, C4<1>, C4<1>;
L_0x8191b5ff0 .functor OR 1, v0x818e9b020_0, v0x818e9af80_0, C4<0>, C4<0>;
L_0x8191b6060 .functor OR 1, L_0x8191b5ff0, v0x818e9b0c0_0, C4<0>, C4<0>;
L_0x8191b60d0 .functor AND 1, L_0x8191b5f80, L_0x8191b6060, C4<1>, C4<1>;
L_0x8191b6140 .functor AND 1, L_0x818eb10e0, v0x818e9b020_0, C4<1>, C4<1>;
L_0x8191b61b0 .functor OR 1, L_0x8191b60d0, L_0x8191b6140, C4<0>, C4<0>;
L_0x8191b6220 .functor AND 1, L_0x8191b5dc0, L_0x8191b61b0, C4<1>, C4<1>;
L_0x8191b6290 .functor AND 1, L_0x818eb1220, L_0x8191b5f10, C4<1>, C4<1>;
L_0x8191b6300 .functor OR 1, L_0x818eb1180, L_0x8191b6290, C4<0>, C4<0>;
L_0x8191b6370 .functor AND 1, L_0x8191b6220, L_0x8191b6300, C4<1>, C4<1>;
L_0x8191b63e0 .functor AND 1, L_0x8191b5dc0, L_0x818eb12c0, C4<1>, C4<1>;
L_0x8191b6450 .functor AND 1, L_0x8191b63e0, v0x818e9b0c0_0, C4<1>, C4<1>;
L_0x8191b64c0 .functor AND 1, L_0x818eb1360, L_0x818eb1400, C4<1>, C4<1>;
L_0x8191b6530 .functor OR 1, v0x818e9b020_0, v0x818e9aee0_0, C4<0>, C4<0>;
L_0x8191b65a0 .functor OR 1, L_0x8191b6530, v0x818e9af80_0, C4<0>, C4<0>;
L_0x8191b6610 .functor AND 1, L_0x8191b64c0, L_0x8191b65a0, C4<1>, C4<1>;
L_0x819478f40 .functor BUFT 1, C4<0>, C4<0>, C4<0>, C4<0>;
L_0x8191b6680 .functor OR 1, L_0x8191b6610, L_0x819478f40, C4<0>, C4<0>;
L_0x8191b66f0 .functor AND 1, L_0x8191b5dc0, L_0x8191b6680, C4<1>, C4<1>;
L_0x8191b6760 .functor OR 1, v0x818e9aee0_0, v0x818e9b020_0, C4<0>, C4<0>;
L_0x819479018 .functor BUFT 1, C4<0>, C4<0>, C4<0>, C4<0>;
L_0x8191b67d0 .functor OR 1, L_0x8191b5f10, L_0x819479018, C4<0>, C4<0>;
L_0x81909eae0 .functor BUFZ 32, L_0x818eb1540, C4<00000000000000000000000000000000>, C4<00000000000000000000000000000000>, C4<00000000000000000000000000000000>;
L_0x819479060 .functor BUFT 1, C4<1>, C4<0>, C4<0>, C4<0>;
L_0x8191b6840 .functor AND 1, L_0x819479060, L_0x818eb15e0, C4<1>, C4<1>;
L_0x8191b68b0 .functor AND 1, v0x818e9abc0_0, v0x818e9a760_0, C4<1>, C4<1>;
L_0x8194790a8 .functor BUFT 1, C4<11111111111111111111111111111110>, C4<0>, C4<0>, C4<0>;
L_0x8191b6920 .functor AND 32, v0x818e9d680_0, L_0x8194790a8, C4<11111111111111111111111111111111>, C4<11111111111111111111111111111111>;
L_0x8191b6990 .functor AND 1, L_0x818eaeb20, v0x818e977a0_0, C4<1>, C4<1>;
L_0x819479138 .functor BUFT 1, C4<1>, C4<0>, C4<0>, C4<0>;
L_0x8191b6a00 .functor AND 1, L_0x8191b6990, L_0x819479138, C4<1>, C4<1>;
v0x818e93340_0 .net *"_ivl_100", 31 0, L_0x818d72d00;  1 drivers
v0x818e933e0_0 .net *"_ivl_103", 29 0, L_0x818eaea80;  1 drivers
L_0x819478fd0 .functor BUFT 1, C4<00>, C4<0>, C4<0>, C4<0>;
v0x818e93480_0 .net/2u *"_ivl_104", 1 0, L_0x819478fd0;  1 drivers
v0x818e93520_0 .net *"_ivl_106", 31 0, L_0x818d72da0;  1 drivers
v0x818e935c0_0 .net/2u *"_ivl_110", 0 0, L_0x819479018;  1 drivers
v0x818e93660_0 .net *"_ivl_113", 0 0, L_0x8191b67d0;  1 drivers
v0x818e93700_0 .net/2u *"_ivl_118", 0 0, L_0x819479060;  1 drivers
v0x818e937a0_0 .net *"_ivl_120", 47 0, L_0x818d72ee0;  1 drivers
v0x818e93840_0 .net *"_ivl_123", 0 0, L_0x818eb15e0;  1 drivers
v0x818e938e0_0 .net *"_ivl_126", 3 0, L_0x818d71720;  1 drivers
v0x818e93980_0 .net *"_ivl_131", 0 0, L_0x8191b68b0;  1 drivers
v0x818e93a20_0 .net/2u *"_ivl_132", 31 0, L_0x8194790a8;  1 drivers
v0x818e93ac0_0 .net *"_ivl_134", 31 0, L_0x8191b6920;  1 drivers
L_0x8194790f0 .functor BUFT 1, C4<01000000>, C4<0>, C4<0>, C4<0>;
v0x818e93b60_0 .net/2u *"_ivl_138", 7 0, L_0x8194790f0;  1 drivers
v0x818e93c00_0 .net *"_ivl_140", 0 0, L_0x818eaeb20;  1 drivers
v0x818e93ca0_0 .net *"_ivl_143", 0 0, L_0x8191b6990;  1 drivers
v0x818e93d40_0 .net/2u *"_ivl_144", 0 0, L_0x819479138;  1 drivers
v0x818e93de0_0 .net *"_ivl_25", 0 0, L_0x8191b5e30;  1 drivers
v0x818e93e80_0 .net *"_ivl_27", 0 0, L_0x8191b5ea0;  1 drivers
v0x818e93f20_0 .net *"_ivl_30", 3 0, L_0x818d72a80;  1 drivers
v0x818e94000_0 .net *"_ivl_35", 0 0, L_0x818eb1040;  1 drivers
v0x818e940a0_0 .net *"_ivl_37", 0 0, L_0x8191b5f80;  1 drivers
v0x818e94140_0 .net *"_ivl_39", 0 0, L_0x8191b5ff0;  1 drivers
v0x818e941e0_0 .net *"_ivl_41", 0 0, L_0x8191b6060;  1 drivers
v0x818e94280_0 .net *"_ivl_43", 0 0, L_0x8191b60d0;  1 drivers
v0x818e94320_0 .net *"_ivl_45", 0 0, L_0x818eb10e0;  1 drivers
v0x818e943c0_0 .net *"_ivl_47", 0 0, L_0x8191b6140;  1 drivers
v0x818e94460_0 .net *"_ivl_49", 0 0, L_0x8191b61b0;  1 drivers
v0x818e94500_0 .net *"_ivl_51", 0 0, L_0x8191b6220;  1 drivers
v0x818e945a0_0 .net *"_ivl_53", 0 0, L_0x818eb1180;  1 drivers
v0x818e94640_0 .net *"_ivl_55", 1 0, L_0x818eae940;  1 drivers
v0x818e946e0_0 .net *"_ivl_57", 0 0, L_0x818eb1220;  1 drivers
v0x818e94780_0 .net *"_ivl_59", 0 0, L_0x8191b6290;  1 drivers
v0x818e94820_0 .net *"_ivl_61", 0 0, L_0x8191b6300;  1 drivers
v0x818e948c0_0 .net *"_ivl_65", 0 0, L_0x818eb12c0;  1 drivers
v0x818e94960_0 .net *"_ivl_67", 0 0, L_0x8191b63e0;  1 drivers
v0x818e94a00_0 .net *"_ivl_71", 0 0, L_0x818eb1360;  1 drivers
v0x818e94aa0_0 .net *"_ivl_73", 0 0, L_0x818eb1400;  1 drivers
v0x818e94b40_0 .net *"_ivl_75", 0 0, L_0x8191b64c0;  1 drivers
v0x818e94be0_0 .net *"_ivl_77", 0 0, L_0x8191b6530;  1 drivers
v0x818e94c80_0 .net *"_ivl_79", 0 0, L_0x8191b65a0;  1 drivers
v0x818e94d20_0 .net *"_ivl_81", 0 0, L_0x8191b6610;  1 drivers
v0x818e94dc0_0 .net/2u *"_ivl_82", 0 0, L_0x819478f40;  1 drivers
v0x818e94e60_0 .net *"_ivl_85", 0 0, L_0x8191b6680;  1 drivers
v0x818e94f00_0 .net *"_ivl_89", 0 0, L_0x8191b6760;  1 drivers
v0x818e94fa0_0 .net *"_ivl_91", 29 0, L_0x818eae9e0;  1 drivers
L_0x819479330 .functor BUFT 1, C4<000000000000000000000000000000>, C4<0>, C4<0>, C4<0>;
v0x818e95040_0 .net *"_ivl_92", 29 0, L_0x819479330;  1 drivers
v0x818e950e0_0 .net *"_ivl_96", 29 0, L_0x818d72c60;  1 drivers
L_0x819478f88 .functor BUFT 1, C4<00>, C4<0>, C4<0>, C4<0>;
v0x818e95180_0 .net/2u *"_ivl_98", 1 0, L_0x819478f88;  1 drivers
v0x818e95220_0 .var "alu_add_sub", 31 0;
v0x818e952c0_0 .var "alu_eq", 0 0;
v0x818e95360_0 .var "alu_lts", 0 0;
v0x818e95400_0 .var "alu_ltu", 0 0;
v0x818e954a0_0 .var "alu_out", 31 0;
v0x818e95540_0 .var "alu_out_0", 0 0;
v0x818e955e0_0 .var "alu_out_0_q", 0 0;
v0x818e95680_0 .var "alu_out_q", 31 0;
v0x818e95720_0 .var "alu_shl", 31 0;
v0x818e957c0_0 .var "alu_shr", 31 0;
v0x818e95860_0 .var "alu_wait", 0 0;
v0x818e95900_0 .var "alu_wait_2", 0 0;
v0x818e959a0_0 .var "cached_ascii_instr", 63 0;
v0x818e95a40_0 .var "cached_insn_imm", 31 0;
v0x818e95ae0_0 .var "cached_insn_opcode", 31 0;
v0x818e95b80_0 .var "cached_insn_rd", 4 0;
v0x818e95c20_0 .var "cached_insn_rs1", 4 0;
v0x818e95cc0_0 .var "cached_insn_rs2", 4 0;
v0x818e95d60_0 .var "clear_prefetched_high_word", 0 0;
v0x818e95e00_0 .var "clear_prefetched_high_word_q", 0 0;
v0x818e95ea0_0 .net "clk", 0 0, v0x818ead720_0;  alias, 1 drivers
v0x818e95f40_0 .var "compressed_instr", 0 0;
v0x818e95fe0_0 .var "count_cycle", 63 0;
v0x818e96080_0 .var "count_instr", 63 0;
v0x818e96120_0 .var "cpu_state", 7 0;
v0x818e961c0 .array "cpuregs", 31 0, 31 0;
v0x818e96260_0 .var "cpuregs_rs1", 31 0;
v0x818e96300_0 .var "cpuregs_rs2", 31 0;
v0x818e963a0_0 .var "cpuregs_wrdata", 31 0;
v0x818e96440_0 .var "cpuregs_write", 0 0;
v0x818e964e0_0 .var "current_pc", 31 0;
v0x818e96580_0 .var "dbg_ascii_instr", 63 0;
v0x818e96620_0 .var "dbg_ascii_state", 127 0;
v0x818e966c0_0 .var "dbg_insn_addr", 31 0;
v0x818e96760_0 .var "dbg_insn_imm", 31 0;
v0x818e96800_0 .var "dbg_insn_opcode", 31 0;
v0x818e968a0_0 .var "dbg_insn_rd", 4 0;
v0x818e96940_0 .var "dbg_insn_rs1", 4 0;
v0x818e969e0_0 .var "dbg_insn_rs2", 4 0;
v0x818e96a80_0 .net "dbg_mem_addr", 31 0, L_0x81909e840;  1 drivers
v0x818e96b20_0 .net "dbg_mem_instr", 0 0, L_0x81909e760;  1 drivers
v0x818e96bc0_0 .net "dbg_mem_rdata", 31 0, L_0x81909e990;  1 drivers
v0x818e96c60_0 .net "dbg_mem_ready", 0 0, L_0x81909e7d0;  1 drivers
v0x818e96d00_0 .net "dbg_mem_valid", 0 0, L_0x81909e6f0;  1 drivers
v0x818e96da0_0 .net "dbg_mem_wdata", 31 0, L_0x81909e8b0;  1 drivers
v0x818e96e40_0 .net "dbg_mem_wstrb", 3 0, L_0x81909e920;  1 drivers
v0x818e96ee0_0 .var "dbg_next", 0 0;
v0x818e96f80_0 .var "dbg_rs1val", 31 0;
v0x818e97020_0 .var "dbg_rs1val_valid", 0 0;
v0x818e970c0_0 .var "dbg_rs2val", 31 0;
v0x818e97160_0 .var "dbg_rs2val_valid", 0 0;
v0x818e97200_0 .var "dbg_valid_insn", 0 0;
v0x818e972a0_0 .var "decoded_imm", 31 0;
v0x818e97340_0 .var "decoded_imm_j", 31 0;
v0x818e973e0_0 .var "decoded_rd", 4 0;
v0x818e97480_0 .var "decoded_rs", 4 0;
v0x818e97520_0 .var "decoded_rs1", 4 0;
v0x818e975c0_0 .var "decoded_rs2", 4 0;
v0x818e97660_0 .var "decoder_pseudo_trigger", 0 0;
v0x818e97700_0 .var "decoder_pseudo_trigger_q", 0 0;
v0x818e977a0_0 .var "decoder_trigger", 0 0;
v0x818e97840_0 .var "decoder_trigger_q", 0 0;
v0x818e978e0_0 .var "do_waitirq", 0 0;
v0x818e97980_0 .var "eoi", 31 0;
v0x818e97a20_0 .var "instr_add", 0 0;
v0x818e97ac0_0 .var "instr_addi", 0 0;
v0x818e97b60_0 .var "instr_and", 0 0;
v0x818e97c00_0 .var "instr_andi", 0 0;
v0x818e97ca0_0 .var "instr_auipc", 0 0;
v0x818e97d40_0 .var "instr_beq", 0 0;
v0x818e97de0_0 .var "instr_bge", 0 0;
v0x818e97e80_0 .var "instr_bgeu", 0 0;
v0x818e97f20_0 .var "instr_blt", 0 0;
v0x818e98000_0 .var "instr_bltu", 0 0;
v0x818e980a0_0 .var "instr_bne", 0 0;
v0x818e98140_0 .var "instr_ecall_ebreak", 0 0;
v0x818e981e0_0 .var "instr_fence", 0 0;
v0x818e98280_0 .var "instr_getq", 0 0;
v0x818e98320_0 .var "instr_jal", 0 0;
v0x818e983c0_0 .var "instr_jalr", 0 0;
v0x818e98460_0 .var "instr_lb", 0 0;
v0x818e98500_0 .var "instr_lbu", 0 0;
v0x818e985a0_0 .var "instr_lh", 0 0;
v0x818e98640_0 .var "instr_lhu", 0 0;
v0x818e986e0_0 .var "instr_lui", 0 0;
v0x818e98780_0 .var "instr_lw", 0 0;
v0x818e98820_0 .var "instr_maskirq", 0 0;
v0x818e988c0_0 .var "instr_or", 0 0;
v0x818e98960_0 .var "instr_ori", 0 0;
v0x818e98a00_0 .var "instr_rdcycle", 0 0;
v0x818e98aa0_0 .var "instr_rdcycleh", 0 0;
v0x818e98b40_0 .var "instr_rdinstr", 0 0;
v0x818e98be0_0 .var "instr_rdinstrh", 0 0;
v0x818e98c80_0 .var "instr_retirq", 0 0;
v0x818e98d20_0 .var "instr_sb", 0 0;
v0x818e98dc0_0 .var "instr_setq", 0 0;
v0x818e98e60_0 .var "instr_sh", 0 0;
v0x818e98f00_0 .var "instr_sll", 0 0;
v0x818e98fa0_0 .var "instr_slli", 0 0;
v0x818e99040_0 .var "instr_slt", 0 0;
v0x818e990e0_0 .var "instr_slti", 0 0;
v0x818e99180_0 .var "instr_sltiu", 0 0;
v0x818e99220_0 .var "instr_sltu", 0 0;
v0x818e992c0_0 .var "instr_sra", 0 0;
v0x818e99360_0 .var "instr_srai", 0 0;
v0x818e99400_0 .var "instr_srl", 0 0;
v0x818e994a0_0 .var "instr_srli", 0 0;
v0x818e99540_0 .var "instr_sub", 0 0;
v0x818e995e0_0 .var "instr_sw", 0 0;
v0x818e99680_0 .var "instr_timer", 0 0;
v0x818e99720_0 .net "instr_trap", 0 0, L_0x8191b6840;  1 drivers
v0x818e997c0_0 .var "instr_waitirq", 0 0;
v0x818e99860_0 .var "instr_xor", 0 0;
v0x818e99900_0 .var "instr_xori", 0 0;
L_0x819479180 .functor BUFT 1, C4<00000000000000000000000000000000>, C4<0>, C4<0>, C4<0>;
v0x818e999a0_0 .net "irq", 31 0, L_0x819479180;  1 drivers
v0x818e99a40_0 .var "irq_active", 0 0;
v0x818e99ae0_0 .var "irq_delay", 0 0;
v0x818e99b80_0 .var "irq_mask", 31 0;
v0x818e99c20_0 .var "irq_pending", 31 0;
v0x818e99cc0_0 .var "irq_state", 1 0;
v0x818e99d60_0 .var "is_alu_reg_imm", 0 0;
v0x818e99e00_0 .var "is_alu_reg_reg", 0 0;
v0x818e99ea0_0 .var "is_beq_bne_blt_bge_bltu_bgeu", 0 0;
v0x818e99f40_0 .var "is_compare", 0 0;
v0x818e99fe0_0 .var "is_jalr_addi_slti_sltiu_xori_ori_andi", 0 0;
v0x818e9a080_0 .var "is_lb_lh_lw_lbu_lhu", 0 0;
v0x818e9a120_0 .var "is_lbu_lhu_lw", 0 0;
v0x818e9a1c0_0 .var "is_lui_auipc_jal", 0 0;
v0x818e9a260_0 .var "is_lui_auipc_jal_jalr_addi_add_sub", 0 0;
v0x818e9a300_0 .net "is_rdcycle_rdcycleh_rdinstr_rdinstrh", 0 0, L_0x818eb1680;  1 drivers
v0x818e9a3a0_0 .var "is_sb_sh_sw", 0 0;
v0x818e9a440_0 .var "is_sll_srl_sra", 0 0;
v0x818e9a4e0_0 .var "is_slli_srli_srai", 0 0;
v0x818e9a580_0 .var "is_slti_blt_slt", 0 0;
v0x818e9a620_0 .var "is_sltiu_bltu_sltu", 0 0;
v0x818e9a6c0_0 .var "last_mem_valid", 0 0;
v0x818e9a760_0 .var "latched_branch", 0 0;
v0x818e9a800_0 .var "latched_compr", 0 0;
v0x818e9a8a0_0 .var "latched_is_lb", 0 0;
v0x818e9a940_0 .var "latched_is_lh", 0 0;
v0x818e9a9e0_0 .var "latched_is_lu", 0 0;
v0x818e9aa80_0 .var "latched_rd", 4 0;
v0x818e9ab20_0 .var "latched_stalu", 0 0;
v0x818e9abc0_0 .var "latched_store", 0 0;
v0x818e9ac60_0 .var "latched_trace", 0 0;
v0x818e9ad00_0 .net "launch_next_insn", 0 0, L_0x8191b6a00;  1 drivers
v0x818e9ada0_0 .var "mem_addr", 31 0;
v0x818e9ae40_0 .net "mem_busy", 0 0, L_0x818eb0fa0;  1 drivers
v0x818e9aee0_0 .var "mem_do_prefetch", 0 0;
v0x818e9af80_0 .var "mem_do_rdata", 0 0;
v0x818e9b020_0 .var "mem_do_rinst", 0 0;
v0x818e9b0c0_0 .var "mem_do_wdata", 0 0;
v0x818e9b160_0 .net "mem_done", 0 0, L_0x8191b6370;  1 drivers
v0x818e9b200_0 .var "mem_instr", 0 0;
v0x818e9b2a0_0 .net "mem_la_addr", 31 0, L_0x818eb14a0;  1 drivers
L_0x819478e68 .functor BUFT 1, C4<0>, C4<0>, C4<0>, C4<0>;
v0x818e9b340_0 .net "mem_la_firstword", 0 0, L_0x819478e68;  1 drivers
v0x818e9b3e0_0 .var "mem_la_firstword_reg", 0 0;
L_0x819478eb0 .functor BUFT 1, C4<0>, C4<0>, C4<0>, C4<0>;
v0x818e9b480_0 .net "mem_la_firstword_xfer", 0 0, L_0x819478eb0;  1 drivers
v0x818e9b520_0 .net "mem_la_read", 0 0, L_0x8191b66f0;  1 drivers
v0x818e9b5c0_0 .var "mem_la_secondword", 0 0;
v0x818e9b660_0 .net "mem_la_use_prefetched_high_word", 0 0, L_0x819478ef8;  1 drivers
v0x818e9b700_0 .var "mem_la_wdata", 31 0;
v0x818e9b7a0_0 .net "mem_la_write", 0 0, L_0x8191b6450;  1 drivers
v0x818e9b840_0 .var "mem_la_wstrb", 3 0;
v0x818e9b8e0_0 .net "mem_rdata", 31 0, v0x818eac8c0_0;  1 drivers
v0x818e9b980_0 .net "mem_rdata_latched", 31 0, L_0x81909eae0;  1 drivers
v0x818e9ba20_0 .net "mem_rdata_latched_noshuffle", 31 0, L_0x818eb1540;  1 drivers
v0x818e9bac0_0 .var "mem_rdata_q", 31 0;
v0x818e9bb60_0 .var "mem_rdata_word", 31 0;
v0x818e9bc00_0 .net "mem_ready", 0 0, v0x818eac960_0;  1 drivers
v0x818e9bca0_0 .var "mem_state", 1 0;
v0x818e9bd40_0 .var "mem_valid", 0 0;
v0x818e9bde0_0 .var "mem_wdata", 31 0;
v0x818e9be80_0 .var "mem_wordsize", 1 0;
v0x818e9bf20_0 .var "mem_wstrb", 3 0;
v0x818e9c000_0 .net "mem_xfer", 0 0, L_0x8191b5f10;  1 drivers
v0x818e9c0a0_0 .var "new_ascii_instr", 63 0;
v0x818e9c140_0 .var "next_insn_opcode", 31 0;
v0x818e9c1e0_0 .var "next_irq_pending", 31 0;
v0x818e9c280_0 .net "next_pc", 31 0, L_0x818eb1720;  1 drivers
L_0x819478d90 .functor BUFT 1, C4<xxxxxxxxxxxxxxxxxxxxxxxxxxxxxxxx>, C4<0>, C4<0>, C4<0>;
v0x818e9c320_0 .net "pcpi_div_rd", 31 0, L_0x819478d90;  1 drivers
L_0x819478e20 .functor BUFT 1, C4<0>, C4<0>, C4<0>, C4<0>;
v0x818e9c3c0_0 .net "pcpi_div_ready", 0 0, L_0x819478e20;  1 drivers
L_0x819478dd8 .functor BUFT 1, C4<0>, C4<0>, C4<0>, C4<0>;
v0x818e9c460_0 .net "pcpi_div_wait", 0 0, L_0x819478dd8;  1 drivers
L_0x819478d48 .functor BUFT 1, C4<0>, C4<0>, C4<0>, C4<0>;
v0x818e9c500_0 .net "pcpi_div_wr", 0 0, L_0x819478d48;  1 drivers
v0x818e9c5a0_0 .var "pcpi_insn", 31 0;
v0x818e9c640_0 .var "pcpi_int_rd", 31 0;
v0x818e9c6e0_0 .var "pcpi_int_ready", 0 0;
v0x818e9c780_0 .var "pcpi_int_wait", 0 0;
v0x818e9c820_0 .var "pcpi_int_wr", 0 0;
L_0x819478c70 .functor BUFT 1, C4<xxxxxxxxxxxxxxxxxxxxxxxxxxxxxxxx>, C4<0>, C4<0>, C4<0>;
v0x818e9c8c0_0 .net "pcpi_mul_rd", 31 0, L_0x819478c70;  1 drivers
L_0x819478d00 .functor BUFT 1, C4<0>, C4<0>, C4<0>, C4<0>;
v0x818e9c960_0 .net "pcpi_mul_ready", 0 0, L_0x819478d00;  1 drivers
L_0x819478cb8 .functor BUFT 1, C4<0>, C4<0>, C4<0>, C4<0>;
v0x818e9ca00_0 .net "pcpi_mul_wait", 0 0, L_0x819478cb8;  1 drivers
L_0x819478c28 .functor BUFT 1, C4<0>, C4<0>, C4<0>, C4<0>;
v0x818e9caa0_0 .net "pcpi_mul_wr", 0 0, L_0x819478c28;  1 drivers
o0x819450d90 .functor BUFZ 32, c4<zzzzzzzzzzzzzzzzzzzzzzzzzzzzzzzz>; HiZ drive
v0x818e9cb40_0 .net "pcpi_rd", 31 0, o0x819450d90;  0 drivers
o0x819450dc0 .functor BUFZ 1, c4<z>; HiZ drive
v0x818e9cbe0_0 .net "pcpi_ready", 0 0, o0x819450dc0;  0 drivers
v0x818e9cc80_0 .net "pcpi_rs1", 31 0, L_0x81909ea00;  1 drivers
v0x818e9cd20_0 .net "pcpi_rs2", 31 0, L_0x81909ea70;  1 drivers
v0x818e9cdc0_0 .var "pcpi_timeout", 0 0;
v0x818e9ce60_0 .var "pcpi_valid", 0 0;
o0x819450eb0 .functor BUFZ 1, c4<z>; HiZ drive
v0x818e9cf00_0 .net "pcpi_wait", 0 0, o0x819450eb0;  0 drivers
o0x819450ee0 .functor BUFZ 1, c4<z>; HiZ drive
v0x818e9cfa0_0 .net "pcpi_wr", 0 0, o0x819450ee0;  0 drivers
v0x818e9d040_0 .var "prefetched_high_word", 0 0;
v0x818e9d0e0_0 .var "q_ascii_instr", 63 0;
v0x818e9d180_0 .var "q_insn_imm", 31 0;
v0x818e9d220_0 .var "q_insn_opcode", 31 0;
v0x818e9d2c0_0 .var "q_insn_rd", 4 0;
v0x818e9d360_0 .var "q_insn_rs1", 4 0;
v0x818e9d400_0 .var "q_insn_rs2", 4 0;
v0x818e9d4a0_0 .var "reg_next_pc", 31 0;
v0x818e9d540_0 .var "reg_op1", 31 0;
v0x818e9d5e0_0 .var "reg_op2", 31 0;
v0x818e9d680_0 .var "reg_out", 31 0;
v0x818e9d720_0 .var "reg_pc", 31 0;
v0x818e9d7c0_0 .var "reg_sh", 4 0;
v0x818e9d860_0 .net "resetn", 0 0, L_0x8191b5dc0;  alias, 1 drivers
v0x818e9d900_0 .var "set_mem_do_rdata", 0 0;
v0x818e9d9a0_0 .var "set_mem_do_rinst", 0 0;
v0x818e9da40_0 .var "set_mem_do_wdata", 0 0;
v0x818e9dae0_0 .var "timer", 31 0;
v0x818e9db80_0 .var "trace_data", 35 0;
v0x818e9dc20_0 .var "trace_valid", 0 0;
v0x818e9dcc0_0 .var "trap", 0 0;
E_0x8191a2ec0 .event posedge, v0x818e95ea0_0;
v0x818e961c0_0 .array/port v0x818e961c0, 0;
v0x818e961c0_1 .array/port v0x818e961c0, 1;
v0x818e961c0_2 .array/port v0x818e961c0, 2;
E_0x8191a2f00/0 .event anyedge, v0x818e97520_0, v0x818e961c0_0, v0x818e961c0_1, v0x818e961c0_2;
v0x818e961c0_3 .array/port v0x818e961c0, 3;
v0x818e961c0_4 .array/port v0x818e961c0, 4;
v0x818e961c0_5 .array/port v0x818e961c0, 5;
v0x818e961c0_6 .array/port v0x818e961c0, 6;
E_0x8191a2f00/1 .event anyedge, v0x818e961c0_3, v0x818e961c0_4, v0x818e961c0_5, v0x818e961c0_6;
v0x818e961c0_7 .array/port v0x818e961c0, 7;
v0x818e961c0_8 .array/port v0x818e961c0, 8;
v0x818e961c0_9 .array/port v0x818e961c0, 9;
v0x818e961c0_10 .array/port v0x818e961c0, 10;
E_0x8191a2f00/2 .event anyedge, v0x818e961c0_7, v0x818e961c0_8, v0x818e961c0_9, v0x818e961c0_10;
v0x818e961c0_11 .array/port v0x818e961c0, 11;
v0x818e961c0_12 .array/port v0x818e961c0, 12;
v0x818e961c0_13 .array/port v0x818e961c0, 13;
v0x818e961c0_14 .array/port v0x818e961c0, 14;
E_0x8191a2f00/3 .event anyedge, v0x818e961c0_11, v0x818e961c0_12, v0x818e961c0_13, v0x818e961c0_14;
v0x818e961c0_15 .array/port v0x818e961c0, 15;
v0x818e961c0_16 .array/port v0x818e961c0, 16;
v0x818e961c0_17 .array/port v0x818e961c0, 17;
v0x818e961c0_18 .array/port v0x818e961c0, 18;
E_0x8191a2f00/4 .event anyedge, v0x818e961c0_15, v0x818e961c0_16, v0x818e961c0_17, v0x818e961c0_18;
v0x818e961c0_19 .array/port v0x818e961c0, 19;
v0x818e961c0_20 .array/port v0x818e961c0, 20;
v0x818e961c0_21 .array/port v0x818e961c0, 21;
v0x818e961c0_22 .array/port v0x818e961c0, 22;
E_0x8191a2f00/5 .event anyedge, v0x818e961c0_19, v0x818e961c0_20, v0x818e961c0_21, v0x818e961c0_22;
v0x818e961c0_23 .array/port v0x818e961c0, 23;
v0x818e961c0_24 .array/port v0x818e961c0, 24;
v0x818e961c0_25 .array/port v0x818e961c0, 25;
v0x818e961c0_26 .array/port v0x818e961c0, 26;
E_0x8191a2f00/6 .event anyedge, v0x818e961c0_23, v0x818e961c0_24, v0x818e961c0_25, v0x818e961c0_26;
v0x818e961c0_27 .array/port v0x818e961c0, 27;
v0x818e961c0_28 .array/port v0x818e961c0, 28;
v0x818e961c0_29 .array/port v0x818e961c0, 29;
v0x818e961c0_30 .array/port v0x818e961c0, 30;
E_0x8191a2f00/7 .event anyedge, v0x818e961c0_27, v0x818e961c0_28, v0x818e961c0_29, v0x818e961c0_30;
v0x818e961c0_31 .array/port v0x818e961c0, 31;
E_0x8191a2f00/8 .event anyedge, v0x818e961c0_31, v0x818e975c0_0;
E_0x8191a2f00 .event/or E_0x8191a2f00/0, E_0x8191a2f00/1, E_0x8191a2f00/2, E_0x8191a2f00/3, E_0x8191a2f00/4, E_0x8191a2f00/5, E_0x8191a2f00/6, E_0x8191a2f00/7, E_0x8191a2f00/8;
E_0x8191a2f40/0 .event anyedge, v0x818e96120_0, v0x818e9d720_0, v0x818e9a800_0, v0x818e9a760_0;
E_0x8191a2f40/1 .event anyedge, v0x818e9ab20_0, v0x818e95680_0, v0x818e9d680_0, v0x818e9abc0_0;
E_0x8191a2f40/2 .event anyedge, v0x818e9d4a0_0, v0x818e99c20_0, v0x818e99b80_0;
E_0x8191a2f40 .event/or E_0x8191a2f40/0, E_0x8191a2f40/1, E_0x8191a2f40/2;
E_0x8191a2f80/0 .event anyedge, v0x818e95e00_0, v0x818e9d040_0, v0x818e9a760_0, v0x818e99cc0_0;
E_0x8191a2f80/1 .event anyedge, v0x818e9d860_0;
E_0x8191a2f80 .event/or E_0x8191a2f80/0, E_0x8191a2f80/1;
E_0x8191a2fc0/0 .event anyedge, v0x818e952c0_0, v0x818e97d40_0, v0x818e980a0_0, v0x818e95360_0;
E_0x8191a2fc0/1 .event anyedge, v0x818e97de0_0, v0x818e95400_0, v0x818e97e80_0, v0x818e9a580_0;
E_0x8191a2fc0/2 .event anyedge, v0x818e9a620_0, v0x818e95220_0, v0x818e9a260_0, v0x818e95540_0;
E_0x8191a2fc0/3 .event anyedge, v0x818e99f40_0, v0x818e9d540_0, v0x818e9d5e0_0, v0x818e99900_0;
E_0x8191a2fc0/4 .event anyedge, v0x818e99860_0, v0x818e98960_0, v0x818e988c0_0, v0x818e97c00_0;
E_0x8191a2fc0/5 .event anyedge, v0x818e97b60_0, v0x818e95720_0, v0x818e957c0_0;
E_0x8191a2fc0 .event/or E_0x8191a2fc0/0, E_0x8191a2fc0/1, E_0x8191a2fc0/2, E_0x8191a2fc0/3, E_0x8191a2fc0/4, E_0x8191a2fc0/5;
E_0x8191a3000 .event anyedge, v0x818e96120_0;
E_0x8191a3040/0 .event anyedge, v0x818e9d0e0_0, v0x818e9d180_0, v0x818e9d220_0, v0x818e9d360_0;
E_0x8191a3040/1 .event anyedge, v0x818e9d400_0, v0x818e9d2c0_0, v0x818e96ee0_0, v0x818e97700_0;
E_0x8191a3040/2 .event anyedge, v0x818e959a0_0, v0x818e95a40_0, v0x818e95ae0_0, v0x818e95c20_0;
E_0x8191a3040/3 .event anyedge, v0x818e95cc0_0, v0x818e95b80_0, v0x818e9c0a0_0, v0x818e9c140_0;
E_0x8191a3040/4 .event anyedge, v0x818e972a0_0, v0x818e97520_0, v0x818e975c0_0, v0x818e973e0_0;
E_0x8191a3040 .event/or E_0x8191a3040/0, E_0x8191a3040/1, E_0x8191a3040/2, E_0x8191a3040/3, E_0x8191a3040/4;
E_0x8191a3080/0 .event anyedge, v0x818e986e0_0, v0x818e97ca0_0, v0x818e98320_0, v0x818e983c0_0;
E_0x8191a3080/1 .event anyedge, v0x818e97d40_0, v0x818e980a0_0, v0x818e97f20_0, v0x818e97de0_0;
E_0x8191a3080/2 .event anyedge, v0x818e98000_0, v0x818e97e80_0, v0x818e98460_0, v0x818e985a0_0;
E_0x8191a3080/3 .event anyedge, v0x818e98780_0, v0x818e98500_0, v0x818e98640_0, v0x818e98d20_0;
E_0x8191a3080/4 .event anyedge, v0x818e98e60_0, v0x818e995e0_0, v0x818e97ac0_0, v0x818e990e0_0;
E_0x8191a3080/5 .event anyedge, v0x818e99180_0, v0x818e99900_0, v0x818e98960_0, v0x818e97c00_0;
E_0x8191a3080/6 .event anyedge, v0x818e98fa0_0, v0x818e994a0_0, v0x818e99360_0, v0x818e97a20_0;
E_0x8191a3080/7 .event anyedge, v0x818e99540_0, v0x818e98f00_0, v0x818e99040_0, v0x818e99220_0;
E_0x8191a3080/8 .event anyedge, v0x818e99860_0, v0x818e99400_0, v0x818e992c0_0, v0x818e988c0_0;
E_0x8191a3080/9 .event anyedge, v0x818e97b60_0, v0x818e98a00_0, v0x818e98aa0_0, v0x818e98b40_0;
E_0x8191a3080/10 .event anyedge, v0x818e98be0_0, v0x818e981e0_0, v0x818e98280_0, v0x818e98dc0_0;
E_0x8191a3080/11 .event anyedge, v0x818e98c80_0, v0x818e98820_0, v0x818e997c0_0, v0x818e99680_0;
E_0x8191a3080 .event/or E_0x8191a3080/0, E_0x8191a3080/1, E_0x8191a3080/2, E_0x8191a3080/3, E_0x8191a3080/4, E_0x8191a3080/5, E_0x8191a3080/6, E_0x8191a3080/7, E_0x8191a3080/8, E_0x8191a3080/9, E_0x8191a3080/10, E_0x8191a3080/11;
E_0x8191a30c0 .event anyedge, v0x818e9be80_0, v0x818e9d5e0_0, v0x818e9b8e0_0, v0x818e9d540_0;
E_0x8191a3100 .event anyedge, v0x818e9caa0_0, v0x818e9c8c0_0, v0x818e9c500_0, v0x818e9c320_0;
L_0x818d72a80 .concat [ 1 1 1 1], v0x818e9b0c0_0, v0x818e9af80_0, v0x818e9b020_0, v0x818e9aee0_0;
L_0x818eb0fa0 .reduce/or L_0x818d72a80;
L_0x818eb1040 .reduce/or v0x818e9bca0_0;
L_0x818eb10e0 .reduce/and v0x818e9bca0_0;
L_0x818eb1180 .reduce/nor L_0x819478e68;
L_0x818eae940 .part L_0x81909eae0, 0, 2;
L_0x818eb1220 .reduce/nand L_0x818eae940;
L_0x818eb12c0 .reduce/nor v0x818e9bca0_0;
L_0x818eb1360 .reduce/nor L_0x819478ef8;
L_0x818eb1400 .reduce/nor v0x818e9bca0_0;
L_0x818eae9e0 .part L_0x818eb1720, 2, 30;
L_0x818d72c60 .arith/sum 30, L_0x818eae9e0, L_0x819479330;
L_0x818d72d00 .concat [ 2 30 0 0], L_0x819478f88, L_0x818d72c60;
L_0x818eaea80 .part v0x818e9d540_0, 2, 30;
L_0x818d72da0 .concat [ 2 30 0 0], L_0x819478fd0, L_0x818eaea80;
L_0x818eb14a0 .functor MUXZ 32, L_0x818d72da0, L_0x818d72d00, L_0x8191b6760, C4<>;
L_0x818eb1540 .functor MUXZ 32, v0x818e9bac0_0, v0x818eac8c0_0, L_0x8191b67d0, C4<>;
LS_0x818d72ee0_0_0 .concat [ 1 1 1 1], v0x818e99680_0, v0x818e997c0_0, v0x818e98820_0, v0x818e98c80_0;
LS_0x818d72ee0_0_4 .concat [ 1 1 1 1], v0x818e98dc0_0, v0x818e98280_0, v0x818e981e0_0, v0x818e98be0_0;
LS_0x818d72ee0_0_8 .concat [ 1 1 1 1], v0x818e98b40_0, v0x818e98aa0_0, v0x818e98a00_0, v0x818e97b60_0;
LS_0x818d72ee0_0_12 .concat [ 1 1 1 1], v0x818e988c0_0, v0x818e992c0_0, v0x818e99400_0, v0x818e99860_0;
LS_0x818d72ee0_0_16 .concat [ 1 1 1 1], v0x818e99220_0, v0x818e99040_0, v0x818e98f00_0, v0x818e99540_0;
LS_0x818d72ee0_0_20 .concat [ 1 1 1 1], v0x818e97a20_0, v0x818e99360_0, v0x818e994a0_0, v0x818e98fa0_0;
LS_0x818d72ee0_0_24 .concat [ 1 1 1 1], v0x818e97c00_0, v0x818e98960_0, v0x818e99900_0, v0x818e99180_0;
LS_0x818d72ee0_0_28 .concat [ 1 1 1 1], v0x818e990e0_0, v0x818e97ac0_0, v0x818e995e0_0, v0x818e98e60_0;
LS_0x818d72ee0_0_32 .concat [ 1 1 1 1], v0x818e98d20_0, v0x818e98640_0, v0x818e98500_0, v0x818e98780_0;
LS_0x818d72ee0_0_36 .concat [ 1 1 1 1], v0x818e985a0_0, v0x818e98460_0, v0x818e97e80_0, v0x818e98000_0;
LS_0x818d72ee0_0_40 .concat [ 1 1 1 1], v0x818e97de0_0, v0x818e97f20_0, v0x818e980a0_0, v0x818e97d40_0;
LS_0x818d72ee0_0_44 .concat [ 1 1 1 1], v0x818e983c0_0, v0x818e98320_0, v0x818e97ca0_0, v0x818e986e0_0;
LS_0x818d72ee0_1_0 .concat [ 4 4 4 4], LS_0x818d72ee0_0_0, LS_0x818d72ee0_0_4, LS_0x818d72ee0_0_8, LS_0x818d72ee0_0_12;
LS_0x818d72ee0_1_4 .concat [ 4 4 4 4], LS_0x818d72ee0_0_16, LS_0x818d72ee0_0_20, LS_0x818d72ee0_0_24, LS_0x818d72ee0_0_28;
LS_0x818d72ee0_1_8 .concat [ 4 4 4 4], LS_0x818d72ee0_0_32, LS_0x818d72ee0_0_36, LS_0x818d72ee0_0_40, LS_0x818d72ee0_0_44;
L_0x818d72ee0 .concat [ 16 16 16 0], LS_0x818d72ee0_1_0, LS_0x818d72ee0_1_4, LS_0x818d72ee0_1_8;
L_0x818eb15e0 .reduce/nor L_0x818d72ee0;
L_0x818d71720 .concat [ 1 1 1 1], v0x818e98be0_0, v0x818e98b40_0, v0x818e98aa0_0, v0x818e98a00_0;
L_0x818eb1680 .reduce/or L_0x818d71720;
L_0x818eb1720 .functor MUXZ 32, v0x818e9d4a0_0, L_0x8191b6920, L_0x8191b68b0, C4<>;
L_0x818eaeb20 .cmp/eq 8, v0x818e96120_0, L_0x8194790f0;
S_0x818e71080 .scope task, "empty_statement" "empty_statement" 3 214, 3 214 0, S_0x818e70d80;
 .timescale -9 -12;
TD_tb_loader.dut.cpu.empty_statement ;
    %end;
S_0x818e71200 .scope generate, "genblk1" "genblk1" 3 285, 3 285 0, S_0x818e70d80;
 .timescale -9 -12;
S_0x818e71380 .scope generate, "genblk2" "genblk2" 3 305, 3 305 0, S_0x818e70d80;
 .timescale -9 -12;
S_0x818e71500 .scope generate, "genblk3" "genblk3" 3 1229, 3 1229 0, S_0x818e70d80;
 .timescale -9 -12;
E_0x8191a3140/0 .event anyedge, v0x818e99540_0, v0x818e9d540_0, v0x818e9d5e0_0, v0x818e992c0_0;
E_0x8191a3140/1 .event anyedge, v0x818e99360_0;
E_0x8191a3140 .event/or E_0x8191a3140/0, E_0x8191a3140/1;
S_0x818e71680 .scope module, "loader_i" "loader" 5 64, 6 23 0, S_0x818e70c00;
 .timescale -9 -12;
    .port_info 0 /INPUT 1 "clk";
    .port_info 1 /INPUT 1 "resetn";
    .port_info 2 /INPUT 1 "rx_valid";
    .port_info 3 /INPUT 8 "rx_data";
    .port_info 4 /OUTPUT 1 "tx_send";
    .port_info 5 /OUTPUT 8 "tx_data";
    .port_info 6 /INPUT 1 "tx_busy";
    .port_info 7 /OUTPUT 1 "mem_we";
    .port_info 8 /OUTPUT 11 "mem_waddr";
    .port_info 9 /OUTPUT 32 "mem_wdata";
    .port_info 10 /OUTPUT 1 "loading";
P_0x10573c870 .param/l "ACK" 1 6 49, C4<01111001>;
P_0x10573c8b0 .param/l "CMD_RUN" 1 6 48, C4<00000010>;
P_0x10573c8f0 .param/l "CMD_WRITE" 1 6 47, C4<00000001>;
P_0x10573c930 .param/l "NAK" 1 6 50, C4<01101110>;
P_0x10573c970 .param/l "SYNC" 1 6 46, C4<01111110>;
P_0x10573c9b0 .param/l "S_ADDR_H" 1 6 56, C4<0011>;
P_0x10573c9f0 .param/l "S_ADDR_L" 1 6 55, C4<0010>;
P_0x10573ca30 .param/l "S_CHECK" 1 6 61, C4<1000>;
P_0x10573ca70 .param/l "S_CMD" 1 6 54, C4<0001>;
P_0x10573cab0 .param/l "S_CRC_H" 1 6 59, C4<0110>;
P_0x10573caf0 .param/l "S_CRC_L" 1 6 60, C4<0111>;
P_0x10573cb30 .param/l "S_DATA" 1 6 58, C4<0101>;
P_0x10573cb70 .param/l "S_NWORDS" 1 6 57, C4<0100>;
P_0x10573cbb0 .param/l "S_RUN" 1 6 63, C4<1010>;
P_0x10573cbf0 .param/l "S_SYNC" 1 6 53, C4<0000>;
P_0x10573cc30 .param/l "S_WAITTX" 1 6 62, C4<1001>;
v0x818e9e080_0 .var "addr", 10 0;
v0x818e9e120_0 .var "byte_in_word", 1 0;
v0x818e9e1c0_0 .net "clk", 0 0, v0x818ead720_0;  alias, 1 drivers
v0x818e9e260_0 .var "cmd", 7 0;
v0x818e9e300_0 .var "crc", 15 0;
v0x818e9e3a0_0 .var "cur_word", 31 0;
v0x818e9e440_0 .var "loading", 0 0;
v0x818e9e4e0_0 .var "mem_waddr", 10 0;
v0x818e9e580_0 .var "mem_wdata", 31 0;
v0x818e9e620_0 .var "mem_we", 0 0;
v0x818e9e6c0_0 .var "nwords", 7 0;
v0x818e9e760_0 .net "resetn", 0 0, v0x818eadb80_0;  alias, 1 drivers
v0x818e9e800_0 .var "rx_crc", 15 0;
v0x818e9e8a0_0 .net "rx_data", 7 0, v0x818e9eee0_0;  alias, 1 drivers
v0x818e9e940_0 .net "rx_valid", 0 0, v0x818e9f340_0;  alias, 1 drivers
v0x818e9e9e0_0 .var "state", 3 0;
v0x818e9ea80_0 .net "tx_busy", 0 0, L_0x818eaeee0;  alias, 1 drivers
v0x818e9eb20_0 .var "tx_data", 7 0;
v0x818e9ebc0_0 .var "tx_send", 0 0;
v0x818e9ec60_0 .var "word_count", 7 0;
S_0x818e71800 .scope function.vec4.s16, "crc16_next" "crc16_next" 6 77, 6 77 0, S_0x818e71680;
 .timescale -9 -12;
v0x818e9dd60_0 .var "b", 7 0;
v0x818e9de00_0 .var "c", 15 0;
; Variable crc16_next is vec4 return value of scope S_0x818e71800
v0x818e9df40_0 .var "crc_in", 15 0;
v0x818e9dfe0_0 .var/i "i", 31 0;
TD_tb_loader.dut.loader_i.crc16_next ;
    %load/vec4 v0x818e9df40_0;
    %load/vec4 v0x818e9dd60_0;
    %pad/u 16;
    %ix/load 4, 8, 0;
    %flag_set/imm 4, 0;
    %shiftl 4;
    %xor;
    %store/vec4 v0x818e9de00_0, 0, 16;
    %pushi/vec4 0, 0, 32;
    %store/vec4 v0x818e9dfe0_0, 0, 32;
T_4.5 ; Top of for-loop
    %load/vec4 v0x818e9dfe0_0;
    %cmpi/s 8, 0, 32;
	  %jmp/0xz T_4.6, 5;
    %load/vec4 v0x818e9de00_0;
    %parti/s 1, 15, 5;
    %flag_set/vec4 8;
    %jmp/0xz  T_4.8, 8;
    %load/vec4 v0x818e9de00_0;
    %ix/load 4, 1, 0;
    %flag_set/imm 4, 0;
    %shiftl 4;
    %pushi/vec4 4129, 0, 16;
    %xor;
    %store/vec4 v0x818e9de00_0, 0, 16;
    %jmp T_4.9;
T_4.8 ;
    %load/vec4 v0x818e9de00_0;
    %ix/load 4, 1, 0;
    %flag_set/imm 4, 0;
    %shiftl 4;
    %store/vec4 v0x818e9de00_0, 0, 16;
T_4.9 ;
T_4.7 ; for-loop step statement
    %load/vec4 v0x818e9dfe0_0;
    %addi 1, 0, 32;
    %store/vec4 v0x818e9dfe0_0, 0, 32;
    %jmp T_4.5;
T_4.6 ; for-loop exit label
    %load/vec4 v0x818e9de00_0;
    %ret/vec4 0, 0, 16;  Assign to crc16_next (store_vec4_to_lval)
    %end;
S_0x818e71980 .scope module, "rx_i" "uart_rx" 5 45, 7 14 0, S_0x818e70c00;
 .timescale -9 -12;
    .port_info 0 /INPUT 1 "clk";
    .port_info 1 /INPUT 1 "resetn";
    .port_info 2 /INPUT 1 "rx";
    .port_info 3 /OUTPUT 8 "data";
    .port_info 4 /OUTPUT 1 "valid";
P_0x81911db80 .param/l "CLOCKS_PER_BIT" 0 7 15, +C4<00000000000000000000000000010000>;
P_0x81911dbc0 .param/l "DATA" 1 7 34, C4<10>;
P_0x81911dc00 .param/l "IDLE" 1 7 32, C4<00>;
P_0x81911dc40 .param/l "START" 1 7 33, C4<01>;
P_0x81911dc80 .param/l "STOP" 1 7 35, C4<11>;
L_0x81909e680 .functor BUFZ 1, v0x818e9f200_0, C4<0>, C4<0>, C4<0>;
v0x818e9ed00_0 .var "bit_index", 2 0;
v0x818e9eda0_0 .net "clk", 0 0, v0x818ead720_0;  alias, 1 drivers
v0x818e9ee40_0 .var "clk_count", 15 0;
v0x818e9eee0_0 .var "data", 7 0;
v0x818e9ef80_0 .net "resetn", 0 0, v0x818eadb80_0;  alias, 1 drivers
v0x818e9f020_0 .net "rx", 0 0, v0x818eadcc0_0;  alias, 1 drivers
v0x818e9f0c0_0 .net "rx_in", 0 0, L_0x81909e680;  1 drivers
v0x818e9f160_0 .var "rx_sync_0", 0 0;
v0x818e9f200_0 .var "rx_sync_1", 0 0;
v0x818e9f2a0_0 .var "state", 1 0;
v0x818e9f340_0 .var "valid", 0 0;
S_0x818e71b00 .scope module, "tx_i" "uart_tx" 5 217, 8 11 0, S_0x818e70c00;
 .timescale -9 -12;
    .port_info 0 /INPUT 1 "clk";
    .port_info 1 /INPUT 1 "resetn";
    .port_info 2 /INPUT 1 "valid";
    .port_info 3 /INPUT 8 "data";
    .port_info 4 /OUTPUT 1 "tx";
    .port_info 5 /OUTPUT 1 "busy";
P_0x81911dcc0 .param/l "CLOCKS_PER_BIT" 0 8 12, +C4<00000000000000000000000000010000>;
P_0x81911dd00 .param/l "DATA" 1 8 24, C4<10>;
P_0x81911dd40 .param/l "IDLE" 1 8 22, C4<00>;
P_0x81911dd80 .param/l "START" 1 8 23, C4<01>;
P_0x81911ddc0 .param/l "STOP" 1 8 25, C4<11>;
L_0x819479258 .functor BUFT 1, C4<00>, C4<0>, C4<0>, C4<0>;
v0x818e9f3e0_0 .net/2u *"_ivl_0", 1 0, L_0x819479258;  1 drivers
v0x818e9f480_0 .var "bit_index", 2 0;
v0x818e9f520_0 .net "busy", 0 0, L_0x818eaeee0;  alias, 1 drivers
v0x818e9f5c0_0 .net "clk", 0 0, v0x818ead720_0;  alias, 1 drivers
v0x818e9f660_0 .var "clk_count", 15 0;
v0x818e9f700_0 .net "data", 7 0, L_0x818eb1860;  alias, 1 drivers
v0x818e9f7a0_0 .net "resetn", 0 0, v0x818eadb80_0;  alias, 1 drivers
v0x818e9f840_0 .var "shift", 7 0;
v0x818e9f8e0_0 .var "state", 1 0;
v0x818e9f980_0 .var "tx", 0 0;
v0x818e9fa20_0 .net "valid", 0 0, L_0x818eb17c0;  alias, 1 drivers
L_0x818eaeee0 .cmp/ne 2, v0x818e9f8e0_0, L_0x819479258;
S_0x818e71c80 .scope task, "uart_send_byte" "uart_send_byte" 4 62, 4 62 0, S_0x1057247d0;
 .timescale -9 -12;
v0x818ead2c0_0 .var "b", 7 0;
v0x818ead360_0 .var/i "i", 31 0;
TD_tb_loader.uart_send_byte ;
    %pushi/vec4 0, 0, 1;
    %store/vec4 v0x818eadcc0_0, 0, 1;
    %pushi/vec4 16, 0, 32;
T_5.10 %dup/vec4;
    %cmpi/s 0, 0, 32;
    %jmp/1xz T_5.11, 5;
    %jmp/1 T_5.11, 4;
    %subi 1, 0, 32;
    %wait E_0x8191a2ec0;
    %jmp T_5.10;
T_5.11 ;
    %pop/vec4 1;
    %pushi/vec4 0, 0, 32;
    %store/vec4 v0x818ead360_0, 0, 32;
T_5.12 ; Top of for-loop
    %load/vec4 v0x818ead360_0;
    %cmpi/s 8, 0, 32;
	  %jmp/0xz T_5.13, 5;
    %load/vec4 v0x818ead2c0_0;
    %load/vec4 v0x818ead360_0;
    %part/s 1;
    %store/vec4 v0x818eadcc0_0, 0, 1;
    %pushi/vec4 16, 0, 32;
T_5.15 %dup/vec4;
    %cmpi/s 0, 0, 32;
    %jmp/1xz T_5.16, 5;
    %jmp/1 T_5.16, 4;
    %subi 1, 0, 32;
    %wait E_0x8191a2ec0;
    %jmp T_5.15;
T_5.16 ;
    %pop/vec4 1;
T_5.14 ; for-loop step statement
    %load/vec4 v0x818ead360_0;
    %addi 1, 0, 32;
    %store/vec4 v0x818ead360_0, 0, 32;
    %jmp T_5.12;
T_5.13 ; for-loop exit label
    %pushi/vec4 1, 0, 1;
    %store/vec4 v0x818eadcc0_0, 0, 1;
    %pushi/vec4 16, 0, 32;
T_5.17 %dup/vec4;
    %cmpi/s 0, 0, 32;
    %jmp/1xz T_5.18, 5;
    %jmp/1 T_5.18, 4;
    %subi 1, 0, 32;
    %wait E_0x8191a2ec0;
    %jmp T_5.17;
T_5.18 ;
    %pop/vec4 1;
    %end;
S_0x818e71e00 .scope task, "wait_byte" "wait_byte" 4 97, 4 97 0, S_0x1057247d0;
 .timescale -9 -12;
v0x818ead400_0 .var "b", 7 0;
E_0x8191a3280 .event anyedge, v0x818eadd60_0, v0x818eada40_0;
TD_tb_loader.wait_byte ;
T_6.19 ;
    %load/vec4 v0x818eada40_0;
    %load/vec4 v0x818eadd60_0;
    %cmp/s;
    %flag_get/vec4 5;
    %cmpi/ne 1, 0, 1;
    %jmp/0xz T_6.20, 6;
    %wait E_0x8191a3280;
    %jmp T_6.19;
T_6.20 ;
    %load/vec4 v0x818eadd60_0;
    %store/vec4 v0x818eada40_0, 0, 32;
    %load/vec4 v0x818ead9a0_0;
    %store/vec4 v0x818ead400_0, 0, 8;
    %end;
    .scope S_0x105724950;
T_7 ;
    %wait E_0x8191a2640;
    %load/vec4 v0x818e39d60_0;
    %nor/r;
    %flag_set/vec4 8;
    %jmp/0xz  T_7.0, 8;
    %pushi/vec4 0, 0, 1;
    %assign/vec4 v0x818e38c80_0, 0;
    %jmp T_7.1;
T_7.0 ;
    %load/vec4 v0x818e39b80_0;
    %flag_set/vec4 8;
    %flag_get/vec4 8;
    %jmp/0 T_7.2, 8;
    %load/vec4 v0x818e39ae0_0;
    %and;
T_7.2;
    %assign/vec4 v0x818e39e00_0, 0;
    %load/vec4 v0x818e392c0_0;
    %flag_set/vec4 9;
    %flag_get/vec4 9;
    %jmp/0 T_7.5, 9;
    %load/vec4 v0x818e39360_0;
    %and;
T_7.5;
    %flag_set/vec4 8;
    %jmp/0xz  T_7.3, 8;
    %pushi/vec4 1, 0, 1;
    %assign/vec4 v0x818e38c80_0, 0;
T_7.3 ;
    %load/vec4 v0x818e39040_0;
    %flag_set/vec4 9;
    %flag_get/vec4 9;
    %jmp/0 T_7.8, 9;
    %load/vec4 v0x818e390e0_0;
    %and;
T_7.8;
    %flag_set/vec4 8;
    %jmp/0xz  T_7.6, 8;
    %pushi/vec4 1, 0, 1;
    %assign/vec4 v0x818e38be0_0, 0;
T_7.6 ;
    %load/vec4 v0x818e397c0_0;
    %flag_set/vec4 9;
    %flag_get/vec4 9;
    %jmp/0 T_7.11, 9;
    %load/vec4 v0x818e39900_0;
    %and;
T_7.11;
    %flag_set/vec4 8;
    %jmp/0xz  T_7.9, 8;
    %pushi/vec4 1, 0, 1;
    %assign/vec4 v0x818e38d20_0, 0;
T_7.9 ;
    %load/vec4 v0x818e39e00_0;
    %flag_set/vec4 8;
    %jmp/1 T_7.14, 8;
    %load/vec4 v0x818e39b80_0;
    %nor/r;
    %flag_set/vec4 9;
    %flag_or 8, 9;
T_7.14;
    %jmp/0xz  T_7.12, 8;
    %pushi/vec4 0, 0, 1;
    %assign/vec4 v0x818e38c80_0, 0;
    %pushi/vec4 0, 0, 1;
    %assign/vec4 v0x818e38be0_0, 0;
    %pushi/vec4 0, 0, 1;
    %assign/vec4 v0x818e38d20_0, 0;
T_7.12 ;
T_7.1 ;
    %jmp T_7;
    .thread T_7;
    .scope S_0x818e70000;
T_8 ;
    %wait E_0x8191a28c0;
    %load/vec4 v0x818e780a0_0;
    %flag_set/vec4 8;
    %jmp/0 T_8.0, 8;
    %load/vec4 v0x818e7c0a0_0;
    %load/vec4 v0x818e7c140_0;
    %sub;
    %jmp/1 T_8.1, 8;
T_8.0 ; End of true expr.
    %load/vec4 v0x818e7c0a0_0;
    %load/vec4 v0x818e7c140_0;
    %add;
    %jmp/0 T_8.1, 8;
 ; End of false expr.
    %blend;
T_8.1;
    %store/vec4 v0x818e3bd40_0, 0, 32;
    %load/vec4 v0x818e7c0a0_0;
    %load/vec4 v0x818e7c140_0;
    %cmp/e;
    %flag_get/vec4 4;
    %store/vec4 v0x818e3bde0_0, 0, 1;
    %load/vec4 v0x818e7c0a0_0;
    %load/vec4 v0x818e7c140_0;
    %cmp/s;
    %flag_get/vec4 5;
    %store/vec4 v0x818e3be80_0, 0, 1;
    %load/vec4 v0x818e7c0a0_0;
    %load/vec4 v0x818e7c140_0;
    %cmp/u;
    %flag_get/vec4 5;
    %store/vec4 v0x818e3bf20_0, 0, 1;
    %load/vec4 v0x818e7c0a0_0;
    %load/vec4 v0x818e7c140_0;
    %parti/s 5, 0, 2;
    %ix/vec4 4;
    %shiftl 4;
    %store/vec4 v0x818e74280_0, 0, 32;
    %load/vec4 v0x818e77de0_0;
    %flag_set/vec4 8;
    %jmp/1 T_8.4, 8;
    %load/vec4 v0x818e77e80_0;
    %flag_set/vec4 9;
    %flag_or 8, 9;
T_8.4;
    %jmp/0 T_8.2, 8;
    %load/vec4 v0x818e7c0a0_0;
    %parti/s 1, 31, 6;
    %jmp/1 T_8.3, 8;
T_8.2 ; End of true expr.
    %pushi/vec4 0, 0, 1;
    %jmp/0 T_8.3, 8;
 ; End of false expr.
    %blend;
T_8.3;
    %load/vec4 v0x818e7c0a0_0;
    %concat/vec4; draw_concat_vec4
    %load/vec4 v0x818e7c140_0;
    %parti/s 5, 0, 2;
    %ix/vec4 4;
    %shiftr/s 4;
    %pad/s 32;
    %store/vec4 v0x818e74320_0, 0, 32;
    %jmp T_8;
    .thread T_8, $push;
    .scope S_0x105724c10;
T_9 ;
    %end;
    .thread T_9;
    .scope S_0x105724c10;
T_10 ;
    %wait E_0x8191a2880;
    %pushi/vec4 0, 0, 1;
    %store/vec4 v0x818e7b340_0, 0, 1;
    %pushi/vec4 4294967295, 4294967295, 32;
    %store/vec4 v0x818e7b160_0, 0, 32;
    %pushi/vec4 0, 0, 1;
    %store/vec4 v0x818e7b2a0_0, 0, 1;
    %pushi/vec4 0, 0, 1;
    %store/vec4 v0x818e7b200_0, 0, 1;
    %pushi/vec4 1, 0, 1;
    %dup/vec4;
    %pushi/vec4 0, 0, 1;
    %cmp/u;
    %jmp/1 T_10.0, 6;
    %dup/vec4;
    %pushi/vec4 0, 0, 1;
    %cmp/u;
    %jmp/1 T_10.1, 6;
    %dup/vec4;
    %pushi/vec4 0, 0, 1;
    %cmp/u;
    %jmp/1 T_10.2, 6;
    %jmp T_10.3;
T_10.0 ;
    %pushi/vec4 0, 0, 1;
    %store/vec4 v0x818e7b340_0, 0, 1;
    %pushi/vec4 0, 0, 32;
    %store/vec4 v0x818e7b160_0, 0, 32;
    %jmp T_10.3;
T_10.1 ;
    %load/vec4 v0x818e7b5c0_0;
    %store/vec4 v0x818e7b340_0, 0, 1;
    %load/vec4 v0x818e7b3e0_0;
    %store/vec4 v0x818e7b160_0, 0, 32;
    %jmp T_10.3;
T_10.2 ;
    %load/vec4 v0x818e7b020_0;
    %store/vec4 v0x818e7b340_0, 0, 1;
    %load/vec4 v0x818e7ae40_0;
    %store/vec4 v0x818e7b160_0, 0, 32;
    %jmp T_10.3;
T_10.3 ;
    %pop/vec4 1;
    %jmp T_10;
    .thread T_10, $push;
    .scope S_0x105724c10;
T_11 ;
    %wait E_0x8191a2640;
    %load/vec4 v0x818e7c3c0_0;
    %nor/r;
    %flag_set/vec4 8;
    %jmp/0xz  T_11.0, 8;
    %pushi/vec4 0, 0, 1;
    %assign/vec4 v0x818e79f40_0, 0;
    %pushi/vec4 0, 0, 1;
    %assign/vec4 v0x818e79220_0, 0;
    %jmp T_11.1;
T_11.0 ;
    %load/vec4 v0x818e79220_0;
    %nor/r;
    %flag_set/vec4 8;
    %jmp/0xz  T_11.2, 8;
    %load/vec4 v0x818e79ea0_0;
    %assign/vec4 v0x818e79f40_0, 0;
T_11.2 ;
    %load/vec4 v0x818e7a8a0_0;
    %flag_set/vec4 8;
    %flag_get/vec4 8;
    %jmp/0 T_11.4, 8;
    %load/vec4 v0x818e7a760_0;
    %nor/r;
    %and;
T_11.4;
    %assign/vec4 v0x818e79220_0, 0;
T_11.1 ;
    %jmp T_11;
    .thread T_11;
    .scope S_0x105724c10;
T_12 ;
    %wait E_0x8191a2840;
    %load/vec4 v0x818e7a9e0_0;
    %dup/vec4;
    %pushi/vec4 0, 0, 2;
    %cmp/u;
    %jmp/1 T_12.0, 6;
    %dup/vec4;
    %pushi/vec4 1, 0, 2;
    %cmp/u;
    %jmp/1 T_12.1, 6;
    %dup/vec4;
    %pushi/vec4 2, 0, 2;
    %cmp/u;
    %jmp/1 T_12.2, 6;
    %jmp T_12.3;
T_12.0 ;
    %load/vec4 v0x818e7c140_0;
    %store/vec4 v0x818e7a260_0, 0, 32;
    %pushi/vec4 15, 0, 4;
    %store/vec4 v0x818e7a3a0_0, 0, 4;
    %load/vec4 v0x818e7a440_0;
    %store/vec4 v0x818e7a6c0_0, 0, 32;
    %jmp T_12.3;
T_12.1 ;
    %load/vec4 v0x818e7c140_0;
    %parti/s 16, 0, 2;
    %replicate 2;
    %store/vec4 v0x818e7a260_0, 0, 32;
    %load/vec4 v0x818e7c0a0_0;
    %parti/s 1, 1, 2;
    %flag_set/vec4 8;
    %jmp/0 T_12.4, 8;
    %pushi/vec4 12, 0, 4;
    %jmp/1 T_12.5, 8;
T_12.4 ; End of true expr.
    %pushi/vec4 3, 0, 4;
    %jmp/0 T_12.5, 8;
 ; End of false expr.
    %blend;
T_12.5;
    %store/vec4 v0x818e7a3a0_0, 0, 4;
    %load/vec4 v0x818e7c0a0_0;
    %parti/s 1, 1, 2;
    %dup/vec4;
    %pushi/vec4 0, 0, 1;
    %cmp/u;
    %jmp/1 T_12.6, 6;
    %dup/vec4;
    %pushi/vec4 1, 0, 1;
    %cmp/u;
    %jmp/1 T_12.7, 6;
    %jmp T_12.8;
T_12.6 ;
    %pushi/vec4 0, 0, 16;
    %load/vec4 v0x818e7a440_0;
    %parti/s 16, 0, 2;
    %concat/vec4; draw_concat_vec4
    %store/vec4 v0x818e7a6c0_0, 0, 32;
    %jmp T_12.8;
T_12.7 ;
    %pushi/vec4 0, 0, 16;
    %load/vec4 v0x818e7a440_0;
    %parti/s 16, 16, 6;
    %concat/vec4; draw_concat_vec4
    %store/vec4 v0x818e7a6c0_0, 0, 32;
    %jmp T_12.8;
T_12.8 ;
    %pop/vec4 1;
    %jmp T_12.3;
T_12.2 ;
    %load/vec4 v0x818e7c140_0;
    %parti/s 8, 0, 2;
    %replicate 4;
    %store/vec4 v0x818e7a260_0, 0, 32;
    %pushi/vec4 1, 0, 4;
    %load/vec4 v0x818e7c0a0_0;
    %parti/s 2, 0, 2;
    %ix/vec4 4;
    %shiftl 4;
    %store/vec4 v0x818e7a3a0_0, 0, 4;
    %load/vec4 v0x818e7c0a0_0;
    %parti/s 2, 0, 2;
    %dup/vec4;
    %pushi/vec4 0, 0, 2;
    %cmp/u;
    %jmp/1 T_12.9, 6;
    %dup/vec4;
    %pushi/vec4 1, 0, 2;
    %cmp/u;
    %jmp/1 T_12.10, 6;
    %dup/vec4;
    %pushi/vec4 2, 0, 2;
    %cmp/u;
    %jmp/1 T_12.11, 6;
    %dup/vec4;
    %pushi/vec4 3, 0, 2;
    %cmp/u;
    %jmp/1 T_12.12, 6;
    %jmp T_12.13;
T_12.9 ;
    %pushi/vec4 0, 0, 24;
    %load/vec4 v0x818e7a440_0;
    %parti/s 8, 0, 2;
    %concat/vec4; draw_concat_vec4
    %store/vec4 v0x818e7a6c0_0, 0, 32;
    %jmp T_12.13;
T_12.10 ;
    %pushi/vec4 0, 0, 24;
    %load/vec4 v0x818e7a440_0;
    %parti/s 8, 8, 5;
    %concat/vec4; draw_concat_vec4
    %store/vec4 v0x818e7a6c0_0, 0, 32;
    %jmp T_12.13;
T_12.11 ;
    %pushi/vec4 0, 0, 24;
    %load/vec4 v0x818e7a440_0;
    %parti/s 8, 16, 6;
    %concat/vec4; draw_concat_vec4
    %store/vec4 v0x818e7a6c0_0, 0, 32;
    %jmp T_12.13;
T_12.12 ;
    %pushi/vec4 0, 0, 24;
    %load/vec4 v0x818e7a440_0;
    %parti/s 8, 24, 6;
    %concat/vec4; draw_concat_vec4
    %store/vec4 v0x818e7a6c0_0, 0, 32;
    %jmp T_12.13;
T_12.13 ;
    %pop/vec4 1;
    %jmp T_12.3;
T_12.3 ;
    %pop/vec4 1;
    %jmp T_12;
    .thread T_12, $push;
    .scope S_0x105724c10;
T_13 ;
    %wait E_0x8191a2640;
    %load/vec4 v0x818e7ab20_0;
    %flag_set/vec4 8;
    %jmp/0xz  T_13.0, 8;
    %load/vec4 v0x818e7a440_0;
    %assign/vec4 v0x818e7a620_0, 0;
    %load/vec4 v0x818e7a440_0;
    %assign/vec4 v0x818e7ac60_0, 0;
T_13.0 ;
    %jmp T_13;
    .thread T_13;
    .scope S_0x105724c10;
T_14 ;
    %wait E_0x8191a2640;
    %load/vec4 v0x818e7c3c0_0;
    %flag_set/vec4 9;
    %flag_get/vec4 9;
    %jmp/0 T_14.2, 9;
    %load/vec4 v0x818e7c820_0;
    %nor/r;
    %and;
T_14.2;
    %flag_set/vec4 8;
    %jmp/0xz  T_14.0, 8;
    %load/vec4 v0x818e79a40_0;
    %flag_set/vec4 8;
    %jmp/1 T_14.6, 8;
    %load/vec4 v0x818e79b80_0;
    %flag_set/vec4 9;
    %flag_or 8, 9;
T_14.6;
    %jmp/1 T_14.5, 8;
    %load/vec4 v0x818e79ae0_0;
    %flag_set/vec4 9;
    %flag_or 8, 9;
T_14.5;
    %jmp/0xz  T_14.3, 8;
    %fork TD_picorv32_axi.picorv32_core.empty_statement, S_0x1057149d0;
    %join;
T_14.3 ;
    %load/vec4 v0x818e79a40_0;
    %flag_set/vec4 8;
    %jmp/1 T_14.9, 8;
    %load/vec4 v0x818e79b80_0;
    %flag_set/vec4 9;
    %flag_or 8, 9;
T_14.9;
    %jmp/0xz  T_14.7, 8;
    %fork TD_picorv32_axi.picorv32_core.empty_statement, S_0x1057149d0;
    %join;
T_14.7 ;
    %load/vec4 v0x818e79ae0_0;
    %flag_set/vec4 8;
    %jmp/0xz  T_14.10, 8;
    %fork TD_picorv32_axi.picorv32_core.empty_statement, S_0x1057149d0;
    %join;
T_14.10 ;
    %load/vec4 v0x818e79c20_0;
    %flag_set/vec4 8;
    %jmp/0xz  T_14.12, 8;
    %fork TD_picorv32_axi.picorv32_core.empty_statement, S_0x1057149d0;
    %join;
T_14.12 ;
    %load/vec4 v0x818e7a800_0;
    %pad/u 32;
    %cmpi/e 2, 0, 32;
    %jmp/1 T_14.16, 4;
    %flag_mov 8, 4;
    %load/vec4 v0x818e7a800_0;
    %pad/u 32;
    %cmpi/e 3, 0, 32;
    %flag_or 4, 8;
T_14.16;
    %jmp/0xz  T_14.14, 4;
    %fork TD_picorv32_axi.picorv32_core.empty_statement, S_0x1057149d0;
    %join;
T_14.14 ;
T_14.0 ;
    %jmp T_14;
    .thread T_14;
    .scope S_0x105724c10;
T_15 ;
    %wait E_0x8191a2640;
    %load/vec4 v0x818e7c3c0_0;
    %nor/r;
    %flag_set/vec4 8;
    %jmp/1 T_15.2, 8;
    %load/vec4 v0x818e7c820_0;
    %flag_set/vec4 9;
    %flag_or 8, 9;
T_15.2;
    %jmp/0xz  T_15.0, 8;
    %load/vec4 v0x818e7c3c0_0;
    %nor/r;
    %flag_set/vec4 8;
    %jmp/0xz  T_15.3, 8;
    %pushi/vec4 0, 0, 2;
    %assign/vec4 v0x818e7a800_0, 0;
T_15.3 ;
    %load/vec4 v0x818e7c3c0_0;
    %nor/r;
    %flag_set/vec4 8;
    %jmp/1 T_15.7, 8;
    %load/vec4 v0x818e7a760_0;
    %flag_set/vec4 9;
    %flag_or 8, 9;
T_15.7;
    %jmp/0xz  T_15.5, 8;
    %pushi/vec4 0, 0, 1;
    %assign/vec4 v0x818e7a8a0_0, 0;
T_15.5 ;
    %pushi/vec4 0, 0, 1;
    %assign/vec4 v0x818e7a120_0, 0;
    %pushi/vec4 0, 0, 1;
    %assign/vec4 v0x818e7bb60_0, 0;
    %jmp T_15.1;
T_15.0 ;
    %load/vec4 v0x818e7a080_0;
    %flag_set/vec4 8;
    %jmp/1 T_15.10, 8;
    %load/vec4 v0x818e7a300_0;
    %flag_set/vec4 9;
    %flag_or 8, 9;
T_15.10;
    %jmp/0xz  T_15.8, 8;
    %load/vec4 v0x818e79e00_0;
    %assign/vec4 v0x818e79900_0, 0;
    %load/vec4 v0x818e7a3a0_0;
    %load/vec4 v0x818e7a300_0;
    %replicate 4;
    %and;
    %assign/vec4 v0x818e7aa80_0, 0;
T_15.8 ;
    %load/vec4 v0x818e7a300_0;
    %flag_set/vec4 8;
    %jmp/0xz  T_15.11, 8;
    %load/vec4 v0x818e7a260_0;
    %assign/vec4 v0x818e7a940_0, 0;
T_15.11 ;
    %load/vec4 v0x818e7a800_0;
    %dup/vec4;
    %pushi/vec4 0, 0, 2;
    %cmp/u;
    %jmp/1 T_15.13, 6;
    %dup/vec4;
    %pushi/vec4 1, 0, 2;
    %cmp/u;
    %jmp/1 T_15.14, 6;
    %dup/vec4;
    %pushi/vec4 2, 0, 2;
    %cmp/u;
    %jmp/1 T_15.15, 6;
    %dup/vec4;
    %pushi/vec4 3, 0, 2;
    %cmp/u;
    %jmp/1 T_15.16, 6;
    %jmp T_15.17;
T_15.13 ;
    %load/vec4 v0x818e79a40_0;
    %flag_set/vec4 8;
    %jmp/1 T_15.21, 8;
    %load/vec4 v0x818e79b80_0;
    %flag_set/vec4 9;
    %flag_or 8, 9;
T_15.21;
    %jmp/1 T_15.20, 8;
    %load/vec4 v0x818e79ae0_0;
    %flag_set/vec4 9;
    %flag_or 8, 9;
T_15.20;
    %jmp/0xz  T_15.18, 8;
    %load/vec4 v0x818e7a1c0_0;
    %nor/r;
    %assign/vec4 v0x818e7a8a0_0, 0;
    %load/vec4 v0x818e79a40_0;
    %flag_set/vec4 8;
    %flag_get/vec4 8;
    %jmp/1 T_15.22, 8;
    %load/vec4 v0x818e79b80_0;
    %or;
T_15.22;
    %assign/vec4 v0x818e79d60_0, 0;
    %pushi/vec4 0, 0, 4;
    %assign/vec4 v0x818e7aa80_0, 0;
    %pushi/vec4 1, 0, 2;
    %assign/vec4 v0x818e7a800_0, 0;
T_15.18 ;
    %load/vec4 v0x818e79c20_0;
    %flag_set/vec4 8;
    %jmp/0xz  T_15.23, 8;
    %pushi/vec4 1, 0, 1;
    %assign/vec4 v0x818e7a8a0_0, 0;
    %pushi/vec4 0, 0, 1;
    %assign/vec4 v0x818e79d60_0, 0;
    %pushi/vec4 2, 0, 2;
    %assign/vec4 v0x818e7a800_0, 0;
T_15.23 ;
    %jmp T_15.17;
T_15.14 ;
    %fork TD_picorv32_axi.picorv32_core.empty_statement, S_0x1057149d0;
    %join;
    %fork TD_picorv32_axi.picorv32_core.empty_statement, S_0x1057149d0;
    %join;
    %fork TD_picorv32_axi.picorv32_core.empty_statement, S_0x1057149d0;
    %join;
    %fork TD_picorv32_axi.picorv32_core.empty_statement, S_0x1057149d0;
    %join;
    %load/vec4 v0x818e7ab20_0;
    %flag_set/vec4 8;
    %jmp/0xz  T_15.25, 8;
    %pushi/vec4 0, 0, 1;
    %assign/vec4 v0x818e7a8a0_0, 0;
    %pushi/vec4 0, 0, 1;
    %assign/vec4 v0x818e7a120_0, 0;
    %load/vec4 v0x818e79b80_0;
    %flag_set/vec4 8;
    %jmp/1 T_15.29, 8;
    %load/vec4 v0x818e79ae0_0;
    %flag_set/vec4 9;
    %flag_or 8, 9;
T_15.29;
    %jmp/0 T_15.27, 8;
    %pushi/vec4 0, 0, 3;
    %jmp/1 T_15.28, 8;
T_15.27 ; End of true expr.
    %pushi/vec4 3, 0, 3;
    %jmp/0 T_15.28, 8;
 ; End of false expr.
    %blend;
T_15.28;
    %pad/s 2;
    %assign/vec4 v0x818e7a800_0, 0;
T_15.25 ;
    %jmp T_15.17;
T_15.15 ;
    %fork TD_picorv32_axi.picorv32_core.empty_statement, S_0x1057149d0;
    %join;
    %fork TD_picorv32_axi.picorv32_core.empty_statement, S_0x1057149d0;
    %join;
    %load/vec4 v0x818e7ab20_0;
    %flag_set/vec4 8;
    %jmp/0xz  T_15.30, 8;
    %pushi/vec4 0, 0, 1;
    %assign/vec4 v0x818e7a8a0_0, 0;
    %pushi/vec4 0, 0, 2;
    %assign/vec4 v0x818e7a800_0, 0;
T_15.30 ;
    %jmp T_15.17;
T_15.16 ;
    %fork TD_picorv32_axi.picorv32_core.empty_statement, S_0x1057149d0;
    %join;
    %fork TD_picorv32_axi.picorv32_core.empty_statement, S_0x1057149d0;
    %join;
    %load/vec4 v0x818e79b80_0;
    %flag_set/vec4 8;
    %jmp/0xz  T_15.32, 8;
    %pushi/vec4 0, 0, 2;
    %assign/vec4 v0x818e7a800_0, 0;
T_15.32 ;
    %jmp T_15.17;
T_15.17 ;
    %pop/vec4 1;
T_15.1 ;
    %load/vec4 v0x818e748c0_0;
    %flag_set/vec4 8;
    %jmp/0xz  T_15.34, 8;
    %pushi/vec4 0, 0, 1;
    %assign/vec4 v0x818e7bb60_0, 0;
T_15.34 ;
    %jmp T_15;
    .thread T_15;
    .scope S_0x105724c10;
T_16 ;
    %wait E_0x8191a2800;
    %pushi/vec4 0, 0, 32; draw_string_vec4
    %pushi/vec4 0, 0, 32; draw_string_vec4
    %concat/vec4; draw_string_vec4
    %store/vec4 v0x818e7abc0_0, 0, 64;
    %load/vec4 v0x818e77200_0;
    %flag_set/vec4 8;
    %jmp/0xz  T_16.0, 8;
    %pushi/vec4 0, 0, 32; draw_string_vec4
    %pushi/vec4 7107945, 0, 32; draw_string_vec4
    %concat/vec4; draw_string_vec4
    %store/vec4 v0x818e7abc0_0, 0, 64;
T_16.0 ;
    %load/vec4 v0x818e76800_0;
    %flag_set/vec4 8;
    %jmp/0xz  T_16.2, 8;
    %pushi/vec4 97, 0, 32; draw_string_vec4
    %pushi/vec4 1969844323, 0, 32; draw_string_vec4
    %concat/vec4; draw_string_vec4
    %store/vec4 v0x818e7abc0_0, 0, 64;
T_16.2 ;
    %load/vec4 v0x818e76e40_0;
    %flag_set/vec4 8;
    %jmp/0xz  T_16.4, 8;
    %pushi/vec4 0, 0, 32; draw_string_vec4
    %pushi/vec4 6971756, 0, 32; draw_string_vec4
    %concat/vec4; draw_string_vec4
    %store/vec4 v0x818e7abc0_0, 0, 64;
T_16.4 ;
    %load/vec4 v0x818e76ee0_0;
    %flag_set/vec4 8;
    %jmp/0xz  T_16.6, 8;
    %pushi/vec4 0, 0, 32; draw_string_vec4
    %pushi/vec4 1784769650, 0, 32; draw_string_vec4
    %concat/vec4; draw_string_vec4
    %store/vec4 v0x818e7abc0_0, 0, 64;
T_16.6 ;
    %load/vec4 v0x818e768a0_0;
    %flag_set/vec4 8;
    %jmp/0xz  T_16.8, 8;
    %pushi/vec4 0, 0, 32; draw_string_vec4
    %pushi/vec4 6448497, 0, 32; draw_string_vec4
    %concat/vec4; draw_string_vec4
    %store/vec4 v0x818e7abc0_0, 0, 64;
T_16.8 ;
    %load/vec4 v0x818e76bc0_0;
    %flag_set/vec4 8;
    %jmp/0xz  T_16.10, 8;
    %pushi/vec4 0, 0, 32; draw_string_vec4
    %pushi/vec4 6450789, 0, 32; draw_string_vec4
    %concat/vec4; draw_string_vec4
    %store/vec4 v0x818e7abc0_0, 0, 64;
T_16.10 ;
    %load/vec4 v0x818e76a80_0;
    %flag_set/vec4 8;
    %jmp/0xz  T_16.12, 8;
    %pushi/vec4 0, 0, 32; draw_string_vec4
    %pushi/vec4 6450292, 0, 32; draw_string_vec4
    %concat/vec4; draw_string_vec4
    %store/vec4 v0x818e7abc0_0, 0, 64;
T_16.12 ;
    %load/vec4 v0x818e76940_0;
    %flag_set/vec4 8;
    %jmp/0xz  T_16.14, 8;
    %pushi/vec4 0, 0, 32; draw_string_vec4
    %pushi/vec4 6448997, 0, 32; draw_string_vec4
    %concat/vec4; draw_string_vec4
    %store/vec4 v0x818e7abc0_0, 0, 64;
T_16.14 ;
    %load/vec4 v0x818e76b20_0;
    %flag_set/vec4 8;
    %jmp/0xz  T_16.16, 8;
    %pushi/vec4 0, 0, 32; draw_string_vec4
    %pushi/vec4 1651274869, 0, 32; draw_string_vec4
    %concat/vec4; draw_string_vec4
    %store/vec4 v0x818e7abc0_0, 0, 64;
T_16.16 ;
    %load/vec4 v0x818e769e0_0;
    %flag_set/vec4 8;
    %jmp/0xz  T_16.18, 8;
    %pushi/vec4 0, 0, 32; draw_string_vec4
    %pushi/vec4 1650943349, 0, 32; draw_string_vec4
    %concat/vec4; draw_string_vec4
    %store/vec4 v0x818e7abc0_0, 0, 64;
T_16.18 ;
    %load/vec4 v0x818e76f80_0;
    %flag_set/vec4 8;
    %jmp/0xz  T_16.20, 8;
    %pushi/vec4 0, 0, 32; draw_string_vec4
    %pushi/vec4 27746, 0, 32; draw_string_vec4
    %concat/vec4; draw_string_vec4
    %store/vec4 v0x818e7abc0_0, 0, 64;
T_16.20 ;
    %load/vec4 v0x818e770c0_0;
    %flag_set/vec4 8;
    %jmp/0xz  T_16.22, 8;
    %pushi/vec4 0, 0, 32; draw_string_vec4
    %pushi/vec4 27752, 0, 32; draw_string_vec4
    %concat/vec4; draw_string_vec4
    %store/vec4 v0x818e7abc0_0, 0, 64;
T_16.22 ;
    %load/vec4 v0x818e772a0_0;
    %flag_set/vec4 8;
    %jmp/0xz  T_16.24, 8;
    %pushi/vec4 0, 0, 32; draw_string_vec4
    %pushi/vec4 27767, 0, 32; draw_string_vec4
    %concat/vec4; draw_string_vec4
    %store/vec4 v0x818e7abc0_0, 0, 64;
T_16.24 ;
    %load/vec4 v0x818e77020_0;
    %flag_set/vec4 8;
    %jmp/0xz  T_16.26, 8;
    %pushi/vec4 0, 0, 32; draw_string_vec4
    %pushi/vec4 7103093, 0, 32; draw_string_vec4
    %concat/vec4; draw_string_vec4
    %store/vec4 v0x818e7abc0_0, 0, 64;
T_16.26 ;
    %load/vec4 v0x818e77160_0;
    %flag_set/vec4 8;
    %jmp/0xz  T_16.28, 8;
    %pushi/vec4 0, 0, 32; draw_string_vec4
    %pushi/vec4 7104629, 0, 32; draw_string_vec4
    %concat/vec4; draw_string_vec4
    %store/vec4 v0x818e7abc0_0, 0, 64;
T_16.28 ;
    %load/vec4 v0x818e77840_0;
    %flag_set/vec4 8;
    %jmp/0xz  T_16.30, 8;
    %pushi/vec4 0, 0, 32; draw_string_vec4
    %pushi/vec4 29538, 0, 32; draw_string_vec4
    %concat/vec4; draw_string_vec4
    %store/vec4 v0x818e7abc0_0, 0, 64;
T_16.30 ;
    %load/vec4 v0x818e77980_0;
    %flag_set/vec4 8;
    %jmp/0xz  T_16.32, 8;
    %pushi/vec4 0, 0, 32; draw_string_vec4
    %pushi/vec4 29544, 0, 32; draw_string_vec4
    %concat/vec4; draw_string_vec4
    %store/vec4 v0x818e7abc0_0, 0, 64;
T_16.32 ;
    %load/vec4 v0x818e78140_0;
    %flag_set/vec4 8;
    %jmp/0xz  T_16.34, 8;
    %pushi/vec4 0, 0, 32; draw_string_vec4
    %pushi/vec4 29559, 0, 32; draw_string_vec4
    %concat/vec4; draw_string_vec4
    %store/vec4 v0x818e7abc0_0, 0, 64;
T_16.34 ;
    %load/vec4 v0x818e76620_0;
    %flag_set/vec4 8;
    %jmp/0xz  T_16.36, 8;
    %pushi/vec4 0, 0, 32; draw_string_vec4
    %pushi/vec4 1633969257, 0, 32; draw_string_vec4
    %concat/vec4; draw_string_vec4
    %store/vec4 v0x818e7abc0_0, 0, 64;
T_16.36 ;
    %load/vec4 v0x818e77c00_0;
    %flag_set/vec4 8;
    %jmp/0xz  T_16.38, 8;
    %pushi/vec4 0, 0, 32; draw_string_vec4
    %pushi/vec4 1936487529, 0, 32; draw_string_vec4
    %concat/vec4; draw_string_vec4
    %store/vec4 v0x818e7abc0_0, 0, 64;
T_16.38 ;
    %load/vec4 v0x818e77ca0_0;
    %flag_set/vec4 8;
    %jmp/0xz  T_16.40, 8;
    %pushi/vec4 115, 0, 32; draw_string_vec4
    %pushi/vec4 1819568501, 0, 32; draw_string_vec4
    %concat/vec4; draw_string_vec4
    %store/vec4 v0x818e7abc0_0, 0, 64;
T_16.40 ;
    %load/vec4 v0x818e78460_0;
    %flag_set/vec4 8;
    %jmp/0xz  T_16.42, 8;
    %pushi/vec4 0, 0, 32; draw_string_vec4
    %pushi/vec4 2020569705, 0, 32; draw_string_vec4
    %concat/vec4; draw_string_vec4
    %store/vec4 v0x818e7abc0_0, 0, 64;
T_16.42 ;
    %load/vec4 v0x818e77480_0;
    %flag_set/vec4 8;
    %jmp/0xz  T_16.44, 8;
    %pushi/vec4 0, 0, 32; draw_string_vec4
    %pushi/vec4 7303785, 0, 32; draw_string_vec4
    %concat/vec4; draw_string_vec4
    %store/vec4 v0x818e7abc0_0, 0, 64;
T_16.44 ;
    %load/vec4 v0x818e76760_0;
    %flag_set/vec4 8;
    %jmp/0xz  T_16.46, 8;
    %pushi/vec4 0, 0, 32; draw_string_vec4
    %pushi/vec4 1634624617, 0, 32; draw_string_vec4
    %concat/vec4; draw_string_vec4
    %store/vec4 v0x818e7abc0_0, 0, 64;
T_16.46 ;
    %load/vec4 v0x818e77ac0_0;
    %flag_set/vec4 8;
    %jmp/0xz  T_16.48, 8;
    %pushi/vec4 0, 0, 32; draw_string_vec4
    %pushi/vec4 1936485481, 0, 32; draw_string_vec4
    %concat/vec4; draw_string_vec4
    %store/vec4 v0x818e7abc0_0, 0, 64;
T_16.48 ;
    %load/vec4 v0x818e78000_0;
    %flag_set/vec4 8;
    %jmp/0xz  T_16.50, 8;
    %pushi/vec4 0, 0, 32; draw_string_vec4
    %pushi/vec4 1936878697, 0, 32; draw_string_vec4
    %concat/vec4; draw_string_vec4
    %store/vec4 v0x818e7abc0_0, 0, 64;
T_16.50 ;
    %load/vec4 v0x818e77e80_0;
    %flag_set/vec4 8;
    %jmp/0xz  T_16.52, 8;
    %pushi/vec4 0, 0, 32; draw_string_vec4
    %pushi/vec4 1936875881, 0, 32; draw_string_vec4
    %concat/vec4; draw_string_vec4
    %store/vec4 v0x818e7abc0_0, 0, 64;
T_16.52 ;
    %load/vec4 v0x818e76580_0;
    %flag_set/vec4 8;
    %jmp/0xz  T_16.54, 8;
    %pushi/vec4 0, 0, 32; draw_string_vec4
    %pushi/vec4 6382692, 0, 32; draw_string_vec4
    %concat/vec4; draw_string_vec4
    %store/vec4 v0x818e7abc0_0, 0, 64;
T_16.54 ;
    %load/vec4 v0x818e780a0_0;
    %flag_set/vec4 8;
    %jmp/0xz  T_16.56, 8;
    %pushi/vec4 0, 0, 32; draw_string_vec4
    %pushi/vec4 7566690, 0, 32; draw_string_vec4
    %concat/vec4; draw_string_vec4
    %store/vec4 v0x818e7abc0_0, 0, 64;
T_16.56 ;
    %load/vec4 v0x818e77a20_0;
    %flag_set/vec4 8;
    %jmp/0xz  T_16.58, 8;
    %pushi/vec4 0, 0, 32; draw_string_vec4
    %pushi/vec4 7564396, 0, 32; draw_string_vec4
    %concat/vec4; draw_string_vec4
    %store/vec4 v0x818e7abc0_0, 0, 64;
T_16.58 ;
    %load/vec4 v0x818e77b60_0;
    %flag_set/vec4 8;
    %jmp/0xz  T_16.60, 8;
    %pushi/vec4 0, 0, 32; draw_string_vec4
    %pushi/vec4 7564404, 0, 32; draw_string_vec4
    %concat/vec4; draw_string_vec4
    %store/vec4 v0x818e7abc0_0, 0, 64;
T_16.60 ;
    %load/vec4 v0x818e77d40_0;
    %flag_set/vec4 8;
    %jmp/0xz  T_16.62, 8;
    %pushi/vec4 0, 0, 32; draw_string_vec4
    %pushi/vec4 1936487541, 0, 32; draw_string_vec4
    %concat/vec4; draw_string_vec4
    %store/vec4 v0x818e7abc0_0, 0, 64;
T_16.62 ;
    %load/vec4 v0x818e783c0_0;
    %flag_set/vec4 8;
    %jmp/0xz  T_16.64, 8;
    %pushi/vec4 0, 0, 32; draw_string_vec4
    %pushi/vec4 7892850, 0, 32; draw_string_vec4
    %concat/vec4; draw_string_vec4
    %store/vec4 v0x818e7abc0_0, 0, 64;
T_16.64 ;
    %load/vec4 v0x818e77f20_0;
    %flag_set/vec4 8;
    %jmp/0xz  T_16.66, 8;
    %pushi/vec4 0, 0, 32; draw_string_vec4
    %pushi/vec4 7565932, 0, 32; draw_string_vec4
    %concat/vec4; draw_string_vec4
    %store/vec4 v0x818e7abc0_0, 0, 64;
T_16.66 ;
    %load/vec4 v0x818e77de0_0;
    %flag_set/vec4 8;
    %jmp/0xz  T_16.68, 8;
    %pushi/vec4 0, 0, 32; draw_string_vec4
    %pushi/vec4 7565921, 0, 32; draw_string_vec4
    %concat/vec4; draw_string_vec4
    %store/vec4 v0x818e7abc0_0, 0, 64;
T_16.68 ;
    %load/vec4 v0x818e773e0_0;
    %flag_set/vec4 8;
    %jmp/0xz  T_16.70, 8;
    %pushi/vec4 0, 0, 32; draw_string_vec4
    %pushi/vec4 28530, 0, 32; draw_string_vec4
    %concat/vec4; draw_string_vec4
    %store/vec4 v0x818e7abc0_0, 0, 64;
T_16.70 ;
    %load/vec4 v0x818e766c0_0;
    %flag_set/vec4 8;
    %jmp/0xz  T_16.72, 8;
    %pushi/vec4 0, 0, 32; draw_string_vec4
    %pushi/vec4 6385252, 0, 32; draw_string_vec4
    %concat/vec4; draw_string_vec4
    %store/vec4 v0x818e7abc0_0, 0, 64;
T_16.72 ;
    %load/vec4 v0x818e77520_0;
    %flag_set/vec4 8;
    %jmp/0xz  T_16.74, 8;
    %pushi/vec4 7496803, 0, 32; draw_string_vec4
    %pushi/vec4 2036558949, 0, 32; draw_string_vec4
    %concat/vec4; draw_string_vec4
    %store/vec4 v0x818e7abc0_0, 0, 64;
T_16.74 ;
    %load/vec4 v0x818e775c0_0;
    %flag_set/vec4 8;
    %jmp/0xz  T_16.76, 8;
    %pushi/vec4 1919181689, 0, 32; draw_string_vec4
    %pushi/vec4 1668048232, 0, 32; draw_string_vec4
    %concat/vec4; draw_string_vec4
    %store/vec4 v0x818e7abc0_0, 0, 64;
T_16.76 ;
    %load/vec4 v0x818e77660_0;
    %flag_set/vec4 8;
    %jmp/0xz  T_16.78, 8;
    %pushi/vec4 7496809, 0, 32; draw_string_vec4
    %pushi/vec4 1853060210, 0, 32; draw_string_vec4
    %concat/vec4; draw_string_vec4
    %store/vec4 v0x818e7abc0_0, 0, 64;
T_16.78 ;
    %load/vec4 v0x818e77700_0;
    %flag_set/vec4 8;
    %jmp/0xz  T_16.80, 8;
    %pushi/vec4 1919183214, 0, 32; draw_string_vec4
    %pushi/vec4 1937011304, 0, 32; draw_string_vec4
    %concat/vec4; draw_string_vec4
    %store/vec4 v0x818e7abc0_0, 0, 64;
T_16.80 ;
    %load/vec4 v0x818e76d00_0;
    %flag_set/vec4 8;
    %jmp/0xz  T_16.82, 8;
    %pushi/vec4 102, 0, 32; draw_string_vec4
    %pushi/vec4 1701733221, 0, 32; draw_string_vec4
    %concat/vec4; draw_string_vec4
    %store/vec4 v0x818e7abc0_0, 0, 64;
T_16.82 ;
    %load/vec4 v0x818e76da0_0;
    %flag_set/vec4 8;
    %jmp/0xz  T_16.84, 8;
    %pushi/vec4 0, 0, 32; draw_string_vec4
    %pushi/vec4 1734702193, 0, 32; draw_string_vec4
    %concat/vec4; draw_string_vec4
    %store/vec4 v0x818e7abc0_0, 0, 64;
T_16.84 ;
    %load/vec4 v0x818e778e0_0;
    %flag_set/vec4 8;
    %jmp/0xz  T_16.86, 8;
    %pushi/vec4 0, 0, 32; draw_string_vec4
    %pushi/vec4 1936028785, 0, 32; draw_string_vec4
    %concat/vec4; draw_string_vec4
    %store/vec4 v0x818e7abc0_0, 0, 64;
T_16.86 ;
    %load/vec4 v0x818e777a0_0;
    %flag_set/vec4 8;
    %jmp/0xz  T_16.88, 8;
    %pushi/vec4 29285, 0, 32; draw_string_vec4
    %pushi/vec4 1953067633, 0, 32; draw_string_vec4
    %concat/vec4; draw_string_vec4
    %store/vec4 v0x818e7abc0_0, 0, 64;
T_16.88 ;
    %load/vec4 v0x818e77340_0;
    %flag_set/vec4 8;
    %jmp/0xz  T_16.90, 8;
    %pushi/vec4 7168371, 0, 32; draw_string_vec4
    %pushi/vec4 1802072689, 0, 32; draw_string_vec4
    %concat/vec4; draw_string_vec4
    %store/vec4 v0x818e7abc0_0, 0, 64;
T_16.90 ;
    %load/vec4 v0x818e78320_0;
    %flag_set/vec4 8;
    %jmp/0xz  T_16.92, 8;
    %pushi/vec4 7823721, 0, 32; draw_string_vec4
    %pushi/vec4 1953067633, 0, 32; draw_string_vec4
    %concat/vec4; draw_string_vec4
    %store/vec4 v0x818e7abc0_0, 0, 64;
T_16.92 ;
    %load/vec4 v0x818e781e0_0;
    %flag_set/vec4 8;
    %jmp/0xz  T_16.94, 8;
    %pushi/vec4 116, 0, 32; draw_string_vec4
    %pushi/vec4 1768777074, 0, 32; draw_string_vec4
    %concat/vec4; draw_string_vec4
    %store/vec4 v0x818e7abc0_0, 0, 64;
T_16.94 ;
    %jmp T_16;
    .thread T_16, $push;
    .scope S_0x105724c10;
T_17 ;
    %wait E_0x8191a2640;
    %load/vec4 v0x818e750e0_0;
    %assign/vec4 v0x818e7bc00_0, 0;
    %load/vec4 v0x818e752c0_0;
    %assign/vec4 v0x818e7bca0_0, 0;
    %load/vec4 v0x818e75360_0;
    %assign/vec4 v0x818e7bd40_0, 0;
    %load/vec4 v0x818e754a0_0;
    %assign/vec4 v0x818e7be80_0, 0;
    %load/vec4 v0x818e75540_0;
    %assign/vec4 v0x818e7bf20_0, 0;
    %load/vec4 v0x818e75400_0;
    %assign/vec4 v0x818e7bde0_0, 0;
    %load/vec4 v0x818e79860_0;
    %assign/vec4 v0x818e75a40_0, 0;
    %load/vec4 v0x818e7c3c0_0;
    %nor/r;
    %flag_set/vec4 8;
    %jmp/1 T_17.2, 8;
    %load/vec4 v0x818e7c820_0;
    %flag_set/vec4 9;
    %flag_or 8, 9;
T_17.2;
    %jmp/0xz  T_17.0, 8;
    %pushi/vec4 0, 0, 1;
    %assign/vec4 v0x818e75d60_0, 0;
    %jmp T_17.1;
T_17.0 ;
    %load/vec4 v0x818e79860_0;
    %flag_set/vec4 8;
    %jmp/0xz  T_17.3, 8;
    %pushi/vec4 1, 0, 1;
    %assign/vec4 v0x818e75d60_0, 0;
T_17.3 ;
T_17.1 ;
    %load/vec4 v0x818e763a0_0;
    %flag_set/vec4 8;
    %jmp/0xz  T_17.5, 8;
    %load/vec4 v0x818e7abc0_0;
    %assign/vec4 v0x818e74500_0, 0;
    %load/vec4 v0x818e75e00_0;
    %assign/vec4 v0x818e745a0_0, 0;
    %load/vec4 v0x818e7ac60_0;
    %parti/s 2, 0, 2;
    %and/r;
    %flag_set/vec4 8;
    %jmp/0xz  T_17.7, 8;
    %load/vec4 v0x818e7ac60_0;
    %assign/vec4 v0x818e74640_0, 0;
    %jmp T_17.8;
T_17.7 ;
    %pushi/vec4 0, 0, 16;
    %load/vec4 v0x818e7ac60_0;
    %parti/s 16, 0, 2;
    %concat/vec4; draw_concat_vec4
    %assign/vec4 v0x818e74640_0, 0;
T_17.8 ;
    %load/vec4 v0x818e76080_0;
    %assign/vec4 v0x818e74780_0, 0;
    %load/vec4 v0x818e76120_0;
    %assign/vec4 v0x818e74820_0, 0;
    %load/vec4 v0x818e75f40_0;
    %assign/vec4 v0x818e746e0_0, 0;
T_17.5 ;
    %load/vec4 v0x818e79860_0;
    %flag_set/vec4 8;
    %jmp/0xz  T_17.9, 8;
    %load/vec4 v0x818e7ada0_0;
    %assign/vec4 v0x818e75220_0, 0;
T_17.9 ;
    %jmp T_17;
    .thread T_17;
    .scope S_0x105724c10;
T_18 ;
    %wait E_0x8191a27c0;
    %load/vec4 v0x818e7bc00_0;
    %store/vec4 v0x818e750e0_0, 0, 64;
    %load/vec4 v0x818e7bca0_0;
    %store/vec4 v0x818e752c0_0, 0, 32;
    %load/vec4 v0x818e7bd40_0;
    %store/vec4 v0x818e75360_0, 0, 32;
    %load/vec4 v0x818e7be80_0;
    %store/vec4 v0x818e754a0_0, 0, 5;
    %load/vec4 v0x818e7bf20_0;
    %store/vec4 v0x818e75540_0, 0, 5;
    %load/vec4 v0x818e7bde0_0;
    %store/vec4 v0x818e75400_0, 0, 5;
    %load/vec4 v0x818e75a40_0;
    %flag_set/vec4 8;
    %jmp/0xz  T_18.0, 8;
    %load/vec4 v0x818e76260_0;
    %flag_set/vec4 8;
    %jmp/0xz  T_18.2, 8;
    %load/vec4 v0x818e74500_0;
    %store/vec4 v0x818e750e0_0, 0, 64;
    %load/vec4 v0x818e745a0_0;
    %store/vec4 v0x818e752c0_0, 0, 32;
    %load/vec4 v0x818e74640_0;
    %store/vec4 v0x818e75360_0, 0, 32;
    %load/vec4 v0x818e74780_0;
    %store/vec4 v0x818e754a0_0, 0, 5;
    %load/vec4 v0x818e74820_0;
    %store/vec4 v0x818e75540_0, 0, 5;
    %load/vec4 v0x818e746e0_0;
    %store/vec4 v0x818e75400_0, 0, 5;
    %jmp T_18.3;
T_18.2 ;
    %load/vec4 v0x818e7abc0_0;
    %store/vec4 v0x818e750e0_0, 0, 64;
    %load/vec4 v0x818e7ac60_0;
    %parti/s 2, 0, 2;
    %and/r;
    %flag_set/vec4 8;
    %jmp/0xz  T_18.4, 8;
    %load/vec4 v0x818e7ac60_0;
    %store/vec4 v0x818e75360_0, 0, 32;
    %jmp T_18.5;
T_18.4 ;
    %pushi/vec4 0, 0, 16;
    %load/vec4 v0x818e7ac60_0;
    %parti/s 16, 0, 2;
    %concat/vec4; draw_concat_vec4
    %store/vec4 v0x818e75360_0, 0, 32;
T_18.5 ;
    %load/vec4 v0x818e75e00_0;
    %store/vec4 v0x818e752c0_0, 0, 32;
    %load/vec4 v0x818e76080_0;
    %store/vec4 v0x818e754a0_0, 0, 5;
    %load/vec4 v0x818e76120_0;
    %store/vec4 v0x818e75540_0, 0, 5;
    %load/vec4 v0x818e75f40_0;
    %store/vec4 v0x818e75400_0, 0, 5;
T_18.3 ;
T_18.0 ;
    %jmp T_18;
    .thread T_18, $push;
    .scope S_0x105724c10;
T_19 ;
    %wait E_0x8191a2640;
    %load/vec4 v0x818e77200_0;
    %load/vec4 v0x818e76800_0;
    %concat/vec4; draw_concat_vec4
    %load/vec4 v0x818e76e40_0;
    %concat/vec4; draw_concat_vec4
    %or/r;
    %assign/vec4 v0x818e78d20_0, 0;
    %load/vec4 v0x818e77200_0;
    %load/vec4 v0x818e76800_0;
    %concat/vec4; draw_concat_vec4
    %load/vec4 v0x818e76e40_0;
    %concat/vec4; draw_concat_vec4
    %load/vec4 v0x818e76ee0_0;
    %concat/vec4; draw_concat_vec4
    %load/vec4 v0x818e76620_0;
    %concat/vec4; draw_concat_vec4
    %load/vec4 v0x818e76580_0;
    %concat/vec4; draw_concat_vec4
    %load/vec4 v0x818e780a0_0;
    %concat/vec4; draw_concat_vec4
    %or/r;
    %assign/vec4 v0x818e78dc0_0, 0;
    %load/vec4 v0x818e77c00_0;
    %load/vec4 v0x818e76a80_0;
    %concat/vec4; draw_concat_vec4
    %load/vec4 v0x818e77b60_0;
    %concat/vec4; draw_concat_vec4
    %or/r;
    %assign/vec4 v0x818e790e0_0, 0;
    %load/vec4 v0x818e77ca0_0;
    %load/vec4 v0x818e76b20_0;
    %concat/vec4; draw_concat_vec4
    %load/vec4 v0x818e77d40_0;
    %concat/vec4; draw_concat_vec4
    %or/r;
    %assign/vec4 v0x818e79180_0, 0;
    %load/vec4 v0x818e77020_0;
    %load/vec4 v0x818e77160_0;
    %concat/vec4; draw_concat_vec4
    %load/vec4 v0x818e772a0_0;
    %concat/vec4; draw_concat_vec4
    %or/r;
    %assign/vec4 v0x818e78c80_0, 0;
    %load/vec4 v0x818e78a00_0;
    %load/vec4 v0x818e77c00_0;
    %concat/vec4; draw_concat_vec4
    %load/vec4 v0x818e77b60_0;
    %concat/vec4; draw_concat_vec4
    %load/vec4 v0x818e77ca0_0;
    %concat/vec4; draw_concat_vec4
    %load/vec4 v0x818e77d40_0;
    %concat/vec4; draw_concat_vec4
    %or/r;
    %assign/vec4 v0x818e78aa0_0, 0;
    %load/vec4 v0x818e79b80_0;
    %flag_set/vec4 9;
    %flag_get/vec4 9;
    %jmp/0 T_19.2, 9;
    %load/vec4 v0x818e79cc0_0;
    %and;
T_19.2;
    %flag_set/vec4 8;
    %jmp/0xz  T_19.0, 8;
    %load/vec4 v0x818e7a4e0_0;
    %parti/s 7, 0, 2;
    %pushi/vec4 55, 0, 7;
    %cmp/e;
    %flag_get/vec4 4;
    %assign/vec4 v0x818e77200_0, 0;
    %load/vec4 v0x818e7a4e0_0;
    %parti/s 7, 0, 2;
    %pushi/vec4 23, 0, 7;
    %cmp/e;
    %flag_get/vec4 4;
    %assign/vec4 v0x818e76800_0, 0;
    %load/vec4 v0x818e7a4e0_0;
    %parti/s 7, 0, 2;
    %pushi/vec4 111, 0, 7;
    %cmp/e;
    %flag_get/vec4 4;
    %assign/vec4 v0x818e76e40_0, 0;
    %load/vec4 v0x818e7a4e0_0;
    %parti/s 7, 0, 2;
    %cmpi/e 103, 0, 7;
    %flag_get/vec4 4;
    %jmp/0 T_19.3, 4;
    %load/vec4 v0x818e7a4e0_0;
    %parti/s 3, 12, 5;
    %pushi/vec4 0, 0, 3;
    %cmp/e;
    %flag_get/vec4 4;
    %and;
T_19.3;
    %assign/vec4 v0x818e76ee0_0, 0;
    %load/vec4 v0x818e7a4e0_0;
    %parti/s 7, 0, 2;
    %cmpi/e 11, 0, 7;
    %flag_get/vec4 4;
    %jmp/0 T_19.5, 4;
    %load/vec4 v0x818e7a4e0_0;
    %parti/s 7, 25, 6;
    %pushi/vec4 2, 0, 7;
    %cmp/e;
    %flag_get/vec4 4;
    %and;
T_19.5;
    %flag_set/vec4 8;
    %flag_get/vec4 8;
    %jmp/0 T_19.4, 8;
    %pushi/vec4 0, 0, 1;
    %and;
T_19.4;
    %assign/vec4 v0x818e777a0_0, 0;
    %load/vec4 v0x818e7a4e0_0;
    %parti/s 7, 0, 2;
    %cmpi/e 11, 0, 7;
    %flag_get/vec4 4;
    %jmp/0 T_19.7, 4;
    %load/vec4 v0x818e7a4e0_0;
    %parti/s 7, 25, 6;
    %pushi/vec4 4, 0, 7;
    %cmp/e;
    %flag_get/vec4 4;
    %and;
T_19.7;
    %flag_set/vec4 8;
    %flag_get/vec4 8;
    %jmp/0 T_19.6, 8;
    %pushi/vec4 0, 0, 1;
    %and;
T_19.6;
    %assign/vec4 v0x818e78320_0, 0;
    %load/vec4 v0x818e7a4e0_0;
    %parti/s 7, 0, 2;
    %pushi/vec4 99, 0, 7;
    %cmp/e;
    %flag_get/vec4 4;
    %assign/vec4 v0x818e78a00_0, 0;
    %load/vec4 v0x818e7a4e0_0;
    %parti/s 7, 0, 2;
    %pushi/vec4 3, 0, 7;
    %cmp/e;
    %flag_get/vec4 4;
    %assign/vec4 v0x818e78be0_0, 0;
    %load/vec4 v0x818e7a4e0_0;
    %parti/s 7, 0, 2;
    %pushi/vec4 35, 0, 7;
    %cmp/e;
    %flag_get/vec4 4;
    %assign/vec4 v0x818e78f00_0, 0;
    %load/vec4 v0x818e7a4e0_0;
    %parti/s 7, 0, 2;
    %pushi/vec4 19, 0, 7;
    %cmp/e;
    %flag_get/vec4 4;
    %assign/vec4 v0x818e788c0_0, 0;
    %load/vec4 v0x818e7a4e0_0;
    %parti/s 7, 0, 2;
    %pushi/vec4 51, 0, 7;
    %cmp/e;
    %flag_get/vec4 4;
    %assign/vec4 v0x818e78960_0, 0;
    %load/vec4 v0x818e7a4e0_0;
    %parti/s 20, 12, 5;
    %concati/vec4 0, 0, 1;
    %pad/s 32;
    %split/vec4 1;
    %ix/load 5, 0, 0;
    %ix/load 4, 0, 0;
    %flag_set/imm 4, 0;
    %assign/vec4/off/d v0x818e75ea0_0, 4, 5;
    %split/vec4 8;
    %ix/load 5, 0, 0;
    %ix/load 4, 12, 0;
    %flag_set/imm 4, 0;
    %assign/vec4/off/d v0x818e75ea0_0, 4, 5;
    %split/vec4 1;
    %ix/load 5, 0, 0;
    %ix/load 4, 11, 0;
    %flag_set/imm 4, 0;
    %assign/vec4/off/d v0x818e75ea0_0, 4, 5;
    %split/vec4 10;
    %ix/load 5, 0, 0;
    %ix/load 4, 1, 0;
    %flag_set/imm 4, 0;
    %assign/vec4/off/d v0x818e75ea0_0, 4, 5;
    %ix/load 5, 0, 0;
    %ix/load 4, 20, 0;
    %flag_set/imm 4, 0;
    %assign/vec4/off/d v0x818e75ea0_0, 4, 5;
    %load/vec4 v0x818e7a4e0_0;
    %parti/s 5, 7, 4;
    %assign/vec4 v0x818e75f40_0, 0;
    %load/vec4 v0x818e7a4e0_0;
    %parti/s 5, 15, 5;
    %assign/vec4 v0x818e76080_0, 0;
    %load/vec4 v0x818e7a4e0_0;
    %parti/s 5, 20, 6;
    %assign/vec4 v0x818e76120_0, 0;
    %load/vec4 v0x818e7a4e0_0;
    %parti/s 7, 0, 2;
    %cmpi/e 11, 0, 7;
    %flag_get/vec4 4;
    %jmp/0 T_19.12, 4;
    %load/vec4 v0x818e7a4e0_0;
    %parti/s 7, 25, 6;
    %pushi/vec4 0, 0, 7;
    %cmp/e;
    %flag_get/vec4 4;
    %and;
T_19.12;
    %flag_set/vec4 10;
    %flag_get/vec4 10;
    %jmp/0 T_19.11, 10;
    %pushi/vec4 0, 0, 1;
    %and;
T_19.11;
    %flag_set/vec4 9;
    %flag_get/vec4 9;
    %jmp/0 T_19.10, 9;
    %pushi/vec4 1, 0, 1;
    %and;
T_19.10;
    %flag_set/vec4 8;
    %jmp/0xz  T_19.8, 8;
    %pushi/vec4 1, 0, 1;
    %ix/load 5, 0, 0;
    %ix/load 4, 4, 0;
    %flag_set/imm 4, 0;
    %assign/vec4/off/d v0x818e76080_0, 4, 5;
T_19.8 ;
    %load/vec4 v0x818e7a4e0_0;
    %parti/s 7, 0, 2;
    %cmpi/e 11, 0, 7;
    %flag_get/vec4 4;
    %jmp/0 T_19.16, 4;
    %load/vec4 v0x818e7a4e0_0;
    %parti/s 7, 25, 6;
    %pushi/vec4 2, 0, 7;
    %cmp/e;
    %flag_get/vec4 4;
    %and;
T_19.16;
    %flag_set/vec4 9;
    %flag_get/vec4 9;
    %jmp/0 T_19.15, 9;
    %pushi/vec4 0, 0, 1;
    %and;
T_19.15;
    %flag_set/vec4 8;
    %jmp/0xz  T_19.13, 8;
    %pushi/vec4 0, 0, 5;
    %assign/vec4 v0x818e76080_0, 0;
T_19.13 ;
    %pushi/vec4 0, 0, 1;
    %assign/vec4 v0x818e74aa0_0, 0;
T_19.0 ;
    %load/vec4 v0x818e76300_0;
    %flag_set/vec4 9;
    %flag_get/vec4 9;
    %jmp/0 T_19.19, 9;
    %load/vec4 v0x818e761c0_0;
    %nor/r;
    %and;
T_19.19;
    %flag_set/vec4 8;
    %jmp/0xz  T_19.17, 8;
    %pushi/vec4 4294967295, 4294967295, 32;
    %assign/vec4 v0x818e7b0c0_0, 0;
    %load/vec4 v0x818e78a00_0;
    %flag_set/vec4 8;
    %flag_get/vec4 8;
    %jmp/0 T_19.20, 8;
    %load/vec4 v0x818e7a620_0;
    %parti/s 3, 12, 5;
    %pushi/vec4 0, 0, 3;
    %cmp/e;
    %flag_get/vec4 4;
    %and;
T_19.20;
    %assign/vec4 v0x818e768a0_0, 0;
    %load/vec4 v0x818e78a00_0;
    %flag_set/vec4 8;
    %flag_get/vec4 8;
    %jmp/0 T_19.21, 8;
    %load/vec4 v0x818e7a620_0;
    %parti/s 3, 12, 5;
    %pushi/vec4 1, 0, 3;
    %cmp/e;
    %flag_get/vec4 4;
    %and;
T_19.21;
    %assign/vec4 v0x818e76bc0_0, 0;
    %load/vec4 v0x818e78a00_0;
    %flag_set/vec4 8;
    %flag_get/vec4 8;
    %jmp/0 T_19.22, 8;
    %load/vec4 v0x818e7a620_0;
    %parti/s 3, 12, 5;
    %pushi/vec4 4, 0, 3;
    %cmp/e;
    %flag_get/vec4 4;
    %and;
T_19.22;
    %assign/vec4 v0x818e76a80_0, 0;
    %load/vec4 v0x818e78a00_0;
    %flag_set/vec4 8;
    %flag_get/vec4 8;
    %jmp/0 T_19.23, 8;
    %load/vec4 v0x818e7a620_0;
    %parti/s 3, 12, 5;
    %pushi/vec4 5, 0, 3;
    %cmp/e;
    %flag_get/vec4 4;
    %and;
T_19.23;
    %assign/vec4 v0x818e76940_0, 0;
    %load/vec4 v0x818e78a00_0;
    %flag_set/vec4 8;
    %flag_get/vec4 8;
    %jmp/0 T_19.24, 8;
    %load/vec4 v0x818e7a620_0;
    %parti/s 3, 12, 5;
    %pushi/vec4 6, 0, 3;
    %cmp/e;
    %flag_get/vec4 4;
    %and;
T_19.24;
    %assign/vec4 v0x818e76b20_0, 0;
    %load/vec4 v0x818e78a00_0;
    %flag_set/vec4 8;
    %flag_get/vec4 8;
    %jmp/0 T_19.25, 8;
    %load/vec4 v0x818e7a620_0;
    %parti/s 3, 12, 5;
    %pushi/vec4 7, 0, 3;
    %cmp/e;
    %flag_get/vec4 4;
    %and;
T_19.25;
    %assign/vec4 v0x818e769e0_0, 0;
    %load/vec4 v0x818e78be0_0;
    %flag_set/vec4 8;
    %flag_get/vec4 8;
    %jmp/0 T_19.26, 8;
    %load/vec4 v0x818e7a620_0;
    %parti/s 3, 12, 5;
    %pushi/vec4 0, 0, 3;
    %cmp/e;
    %flag_get/vec4 4;
    %and;
T_19.26;
    %assign/vec4 v0x818e76f80_0, 0;
    %load/vec4 v0x818e78be0_0;
    %flag_set/vec4 8;
    %flag_get/vec4 8;
    %jmp/0 T_19.27, 8;
    %load/vec4 v0x818e7a620_0;
    %parti/s 3, 12, 5;
    %pushi/vec4 1, 0, 3;
    %cmp/e;
    %flag_get/vec4 4;
    %and;
T_19.27;
    %assign/vec4 v0x818e770c0_0, 0;
    %load/vec4 v0x818e78be0_0;
    %flag_set/vec4 8;
    %flag_get/vec4 8;
    %jmp/0 T_19.28, 8;
    %load/vec4 v0x818e7a620_0;
    %parti/s 3, 12, 5;
    %pushi/vec4 2, 0, 3;
    %cmp/e;
    %flag_get/vec4 4;
    %and;
T_19.28;
    %assign/vec4 v0x818e772a0_0, 0;
    %load/vec4 v0x818e78be0_0;
    %flag_set/vec4 8;
    %flag_get/vec4 8;
    %jmp/0 T_19.29, 8;
    %load/vec4 v0x818e7a620_0;
    %parti/s 3, 12, 5;
    %pushi/vec4 4, 0, 3;
    %cmp/e;
    %flag_get/vec4 4;
    %and;
T_19.29;
    %assign/vec4 v0x818e77020_0, 0;
    %load/vec4 v0x818e78be0_0;
    %flag_set/vec4 8;
    %flag_get/vec4 8;
    %jmp/0 T_19.30, 8;
    %load/vec4 v0x818e7a620_0;
    %parti/s 3, 12, 5;
    %pushi/vec4 5, 0, 3;
    %cmp/e;
    %flag_get/vec4 4;
    %and;
T_19.30;
    %assign/vec4 v0x818e77160_0, 0;
    %load/vec4 v0x818e78f00_0;
    %flag_set/vec4 8;
    %flag_get/vec4 8;
    %jmp/0 T_19.31, 8;
    %load/vec4 v0x818e7a620_0;
    %parti/s 3, 12, 5;
    %pushi/vec4 0, 0, 3;
    %cmp/e;
    %flag_get/vec4 4;
    %and;
T_19.31;
    %assign/vec4 v0x818e77840_0, 0;
    %load/vec4 v0x818e78f00_0;
    %flag_set/vec4 8;
    %flag_get/vec4 8;
    %jmp/0 T_19.32, 8;
    %load/vec4 v0x818e7a620_0;
    %parti/s 3, 12, 5;
    %pushi/vec4 1, 0, 3;
    %cmp/e;
    %flag_get/vec4 4;
    %and;
T_19.32;
    %assign/vec4 v0x818e77980_0, 0;
    %load/vec4 v0x818e78f00_0;
    %flag_set/vec4 8;
    %flag_get/vec4 8;
    %jmp/0 T_19.33, 8;
    %load/vec4 v0x818e7a620_0;
    %parti/s 3, 12, 5;
    %pushi/vec4 2, 0, 3;
    %cmp/e;
    %flag_get/vec4 4;
    %and;
T_19.33;
    %assign/vec4 v0x818e78140_0, 0;
    %load/vec4 v0x818e788c0_0;
    %flag_set/vec4 8;
    %flag_get/vec4 8;
    %jmp/0 T_19.34, 8;
    %load/vec4 v0x818e7a620_0;
    %parti/s 3, 12, 5;
    %pushi/vec4 0, 0, 3;
    %cmp/e;
    %flag_get/vec4 4;
    %and;
T_19.34;
    %assign/vec4 v0x818e76620_0, 0;
    %load/vec4 v0x818e788c0_0;
    %flag_set/vec4 8;
    %flag_get/vec4 8;
    %jmp/0 T_19.35, 8;
    %load/vec4 v0x818e7a620_0;
    %parti/s 3, 12, 5;
    %pushi/vec4 2, 0, 3;
    %cmp/e;
    %flag_get/vec4 4;
    %and;
T_19.35;
    %assign/vec4 v0x818e77c00_0, 0;
    %load/vec4 v0x818e788c0_0;
    %flag_set/vec4 8;
    %flag_get/vec4 8;
    %jmp/0 T_19.36, 8;
    %load/vec4 v0x818e7a620_0;
    %parti/s 3, 12, 5;
    %pushi/vec4 3, 0, 3;
    %cmp/e;
    %flag_get/vec4 4;
    %and;
T_19.36;
    %assign/vec4 v0x818e77ca0_0, 0;
    %load/vec4 v0x818e788c0_0;
    %flag_set/vec4 8;
    %flag_get/vec4 8;
    %jmp/0 T_19.37, 8;
    %load/vec4 v0x818e7a620_0;
    %parti/s 3, 12, 5;
    %pushi/vec4 4, 0, 3;
    %cmp/e;
    %flag_get/vec4 4;
    %and;
T_19.37;
    %assign/vec4 v0x818e78460_0, 0;
    %load/vec4 v0x818e788c0_0;
    %flag_set/vec4 8;
    %flag_get/vec4 8;
    %jmp/0 T_19.38, 8;
    %load/vec4 v0x818e7a620_0;
    %parti/s 3, 12, 5;
    %pushi/vec4 6, 0, 3;
    %cmp/e;
    %flag_get/vec4 4;
    %and;
T_19.38;
    %assign/vec4 v0x818e77480_0, 0;
    %load/vec4 v0x818e788c0_0;
    %flag_set/vec4 8;
    %flag_get/vec4 8;
    %jmp/0 T_19.39, 8;
    %load/vec4 v0x818e7a620_0;
    %parti/s 3, 12, 5;
    %pushi/vec4 7, 0, 3;
    %cmp/e;
    %flag_get/vec4 4;
    %and;
T_19.39;
    %assign/vec4 v0x818e76760_0, 0;
    %load/vec4 v0x818e788c0_0;
    %flag_set/vec4 9;
    %flag_get/vec4 9;
    %jmp/0 T_19.41, 9;
    %load/vec4 v0x818e7a620_0;
    %parti/s 3, 12, 5;
    %pushi/vec4 1, 0, 3;
    %cmp/e;
    %flag_get/vec4 4;
    %and;
T_19.41;
    %flag_set/vec4 8;
    %flag_get/vec4 8;
    %jmp/0 T_19.40, 8;
    %load/vec4 v0x818e7a620_0;
    %parti/s 7, 25, 6;
    %pushi/vec4 0, 0, 7;
    %cmp/e;
    %flag_get/vec4 4;
    %and;
T_19.40;
    %assign/vec4 v0x818e77ac0_0, 0;
    %load/vec4 v0x818e788c0_0;
    %flag_set/vec4 9;
    %flag_get/vec4 9;
    %jmp/0 T_19.43, 9;
    %load/vec4 v0x818e7a620_0;
    %parti/s 3, 12, 5;
    %pushi/vec4 5, 0, 3;
    %cmp/e;
    %flag_get/vec4 4;
    %and;
T_19.43;
    %flag_set/vec4 8;
    %flag_get/vec4 8;
    %jmp/0 T_19.42, 8;
    %load/vec4 v0x818e7a620_0;
    %parti/s 7, 25, 6;
    %pushi/vec4 0, 0, 7;
    %cmp/e;
    %flag_get/vec4 4;
    %and;
T_19.42;
    %assign/vec4 v0x818e78000_0, 0;
    %load/vec4 v0x818e788c0_0;
    %flag_set/vec4 9;
    %flag_get/vec4 9;
    %jmp/0 T_19.45, 9;
    %load/vec4 v0x818e7a620_0;
    %parti/s 3, 12, 5;
    %pushi/vec4 5, 0, 3;
    %cmp/e;
    %flag_get/vec4 4;
    %and;
T_19.45;
    %flag_set/vec4 8;
    %flag_get/vec4 8;
    %jmp/0 T_19.44, 8;
    %load/vec4 v0x818e7a620_0;
    %parti/s 7, 25, 6;
    %pushi/vec4 32, 0, 7;
    %cmp/e;
    %flag_get/vec4 4;
    %and;
T_19.44;
    %assign/vec4 v0x818e77e80_0, 0;
    %load/vec4 v0x818e78960_0;
    %flag_set/vec4 9;
    %flag_get/vec4 9;
    %jmp/0 T_19.47, 9;
    %load/vec4 v0x818e7a620_0;
    %parti/s 3, 12, 5;
    %pushi/vec4 0, 0, 3;
    %cmp/e;
    %flag_get/vec4 4;
    %and;
T_19.47;
    %flag_set/vec4 8;
    %flag_get/vec4 8;
    %jmp/0 T_19.46, 8;
    %load/vec4 v0x818e7a620_0;
    %parti/s 7, 25, 6;
    %pushi/vec4 0, 0, 7;
    %cmp/e;
    %flag_get/vec4 4;
    %and;
T_19.46;
    %assign/vec4 v0x818e76580_0, 0;
    %load/vec4 v0x818e78960_0;
    %flag_set/vec4 9;
    %flag_get/vec4 9;
    %jmp/0 T_19.49, 9;
    %load/vec4 v0x818e7a620_0;
    %parti/s 3, 12, 5;
    %pushi/vec4 0, 0, 3;
    %cmp/e;
    %flag_get/vec4 4;
    %and;
T_19.49;
    %flag_set/vec4 8;
    %flag_get/vec4 8;
    %jmp/0 T_19.48, 8;
    %load/vec4 v0x818e7a620_0;
    %parti/s 7, 25, 6;
    %pushi/vec4 32, 0, 7;
    %cmp/e;
    %flag_get/vec4 4;
    %and;
T_19.48;
    %assign/vec4 v0x818e780a0_0, 0;
    %load/vec4 v0x818e78960_0;
    %flag_set/vec4 9;
    %flag_get/vec4 9;
    %jmp/0 T_19.51, 9;
    %load/vec4 v0x818e7a620_0;
    %parti/s 3, 12, 5;
    %pushi/vec4 1, 0, 3;
    %cmp/e;
    %flag_get/vec4 4;
    %and;
T_19.51;
    %flag_set/vec4 8;
    %flag_get/vec4 8;
    %jmp/0 T_19.50, 8;
    %load/vec4 v0x818e7a620_0;
    %parti/s 7, 25, 6;
    %pushi/vec4 0, 0, 7;
    %cmp/e;
    %flag_get/vec4 4;
    %and;
T_19.50;
    %assign/vec4 v0x818e77a20_0, 0;
    %load/vec4 v0x818e78960_0;
    %flag_set/vec4 9;
    %flag_get/vec4 9;
    %jmp/0 T_19.53, 9;
    %load/vec4 v0x818e7a620_0;
    %parti/s 3, 12, 5;
    %pushi/vec4 2, 0, 3;
    %cmp/e;
    %flag_get/vec4 4;
    %and;
T_19.53;
    %flag_set/vec4 8;
    %flag_get/vec4 8;
    %jmp/0 T_19.52, 8;
    %load/vec4 v0x818e7a620_0;
    %parti/s 7, 25, 6;
    %pushi/vec4 0, 0, 7;
    %cmp/e;
    %flag_get/vec4 4;
    %and;
T_19.52;
    %assign/vec4 v0x818e77b60_0, 0;
    %load/vec4 v0x818e78960_0;
    %flag_set/vec4 9;
    %flag_get/vec4 9;
    %jmp/0 T_19.55, 9;
    %load/vec4 v0x818e7a620_0;
    %parti/s 3, 12, 5;
    %pushi/vec4 3, 0, 3;
    %cmp/e;
    %flag_get/vec4 4;
    %and;
T_19.55;
    %flag_set/vec4 8;
    %flag_get/vec4 8;
    %jmp/0 T_19.54, 8;
    %load/vec4 v0x818e7a620_0;
    %parti/s 7, 25, 6;
    %pushi/vec4 0, 0, 7;
    %cmp/e;
    %flag_get/vec4 4;
    %and;
T_19.54;
    %assign/vec4 v0x818e77d40_0, 0;
    %load/vec4 v0x818e78960_0;
    %flag_set/vec4 9;
    %flag_get/vec4 9;
    %jmp/0 T_19.57, 9;
    %load/vec4 v0x818e7a620_0;
    %parti/s 3, 12, 5;
    %pushi/vec4 4, 0, 3;
    %cmp/e;
    %flag_get/vec4 4;
    %and;
T_19.57;
    %flag_set/vec4 8;
    %flag_get/vec4 8;
    %jmp/0 T_19.56, 8;
    %load/vec4 v0x818e7a620_0;
    %parti/s 7, 25, 6;
    %pushi/vec4 0, 0, 7;
    %cmp/e;
    %flag_get/vec4 4;
    %and;
T_19.56;
    %assign/vec4 v0x818e783c0_0, 0;
    %load/vec4 v0x818e78960_0;
    %flag_set/vec4 9;
    %flag_get/vec4 9;
    %jmp/0 T_19.59, 9;
    %load/vec4 v0x818e7a620_0;
    %parti/s 3, 12, 5;
    %pushi/vec4 5, 0, 3;
    %cmp/e;
    %flag_get/vec4 4;
    %and;
T_19.59;
    %flag_set/vec4 8;
    %flag_get/vec4 8;
    %jmp/0 T_19.58, 8;
    %load/vec4 v0x818e7a620_0;
    %parti/s 7, 25, 6;
    %pushi/vec4 0, 0, 7;
    %cmp/e;
    %flag_get/vec4 4;
    %and;
T_19.58;
    %assign/vec4 v0x818e77f20_0, 0;
    %load/vec4 v0x818e78960_0;
    %flag_set/vec4 9;
    %flag_get/vec4 9;
    %jmp/0 T_19.61, 9;
    %load/vec4 v0x818e7a620_0;
    %parti/s 3, 12, 5;
    %pushi/vec4 5, 0, 3;
    %cmp/e;
    %flag_get/vec4 4;
    %and;
T_19.61;
    %flag_set/vec4 8;
    %flag_get/vec4 8;
    %jmp/0 T_19.60, 8;
    %load/vec4 v0x818e7a620_0;
    %parti/s 7, 25, 6;
    %pushi/vec4 32, 0, 7;
    %cmp/e;
    %flag_get/vec4 4;
    %and;
T_19.60;
    %assign/vec4 v0x818e77de0_0, 0;
    %load/vec4 v0x818e78960_0;
    %flag_set/vec4 9;
    %flag_get/vec4 9;
    %jmp/0 T_19.63, 9;
    %load/vec4 v0x818e7a620_0;
    %parti/s 3, 12, 5;
    %pushi/vec4 6, 0, 3;
    %cmp/e;
    %flag_get/vec4 4;
    %and;
T_19.63;
    %flag_set/vec4 8;
    %flag_get/vec4 8;
    %jmp/0 T_19.62, 8;
    %load/vec4 v0x818e7a620_0;
    %parti/s 7, 25, 6;
    %pushi/vec4 0, 0, 7;
    %cmp/e;
    %flag_get/vec4 4;
    %and;
T_19.62;
    %assign/vec4 v0x818e773e0_0, 0;
    %load/vec4 v0x818e78960_0;
    %flag_set/vec4 9;
    %flag_get/vec4 9;
    %jmp/0 T_19.65, 9;
    %load/vec4 v0x818e7a620_0;
    %parti/s 3, 12, 5;
    %pushi/vec4 7, 0, 3;
    %cmp/e;
    %flag_get/vec4 4;
    %and;
T_19.65;
    %flag_set/vec4 8;
    %flag_get/vec4 8;
    %jmp/0 T_19.64, 8;
    %load/vec4 v0x818e7a620_0;
    %parti/s 7, 25, 6;
    %pushi/vec4 0, 0, 7;
    %cmp/e;
    %flag_get/vec4 4;
    %and;
T_19.64;
    %assign/vec4 v0x818e766c0_0, 0;
    %load/vec4 v0x818e7a620_0;
    %parti/s 7, 0, 2;
    %cmpi/e 115, 0, 7;
    %flag_get/vec4 4;
    %jmp/0 T_19.68, 4;
    %load/vec4 v0x818e7a620_0;
    %parti/s 20, 12, 5;
    %pad/u 32;
    %pushi/vec4 786434, 0, 32;
    %cmp/e;
    %flag_get/vec4 4;
    %and;
T_19.68;
    %flag_set/vec4 8;
    %jmp/1 T_19.67, 8;
    %load/vec4 v0x818e7a620_0;
    %parti/s 7, 0, 2;
    %cmpi/e 115, 0, 7;
    %flag_get/vec4 4;
    %jmp/0 T_19.69, 4;
    %load/vec4 v0x818e7a620_0;
    %parti/s 20, 12, 5;
    %pad/u 32;
    %pushi/vec4 786690, 0, 32;
    %cmp/e;
    %flag_get/vec4 4;
    %and;
T_19.69;
    %flag_set/vec4 9;
    %flag_or 8, 9;
T_19.67;
    %flag_get/vec4 8;
    %jmp/0 T_19.66, 8;
    %pushi/vec4 1, 0, 1;
    %and;
T_19.66;
    %assign/vec4 v0x818e77520_0, 0;
    %load/vec4 v0x818e7a620_0;
    %parti/s 7, 0, 2;
    %cmpi/e 115, 0, 7;
    %flag_get/vec4 4;
    %jmp/0 T_19.73, 4;
    %load/vec4 v0x818e7a620_0;
    %parti/s 20, 12, 5;
    %pad/u 32;
    %pushi/vec4 819202, 0, 32;
    %cmp/e;
    %flag_get/vec4 4;
    %and;
T_19.73;
    %flag_set/vec4 9;
    %jmp/1 T_19.72, 9;
    %load/vec4 v0x818e7a620_0;
    %parti/s 7, 0, 2;
    %cmpi/e 115, 0, 7;
    %flag_get/vec4 4;
    %jmp/0 T_19.74, 4;
    %load/vec4 v0x818e7a620_0;
    %parti/s 20, 12, 5;
    %pad/u 32;
    %pushi/vec4 819458, 0, 32;
    %cmp/e;
    %flag_get/vec4 4;
    %and;
T_19.74;
    %flag_set/vec4 10;
    %flag_or 9, 10;
T_19.72;
    %flag_get/vec4 9;
    %jmp/0 T_19.71, 9;
    %pushi/vec4 1, 0, 1;
    %and;
T_19.71;
    %flag_set/vec4 8;
    %flag_get/vec4 8;
    %jmp/0 T_19.70, 8;
    %pushi/vec4 1, 0, 1;
    %and;
T_19.70;
    %assign/vec4 v0x818e775c0_0, 0;
    %load/vec4 v0x818e7a620_0;
    %parti/s 7, 0, 2;
    %cmpi/e 115, 0, 7;
    %flag_get/vec4 4;
    %jmp/0 T_19.76, 4;
    %load/vec4 v0x818e7a620_0;
    %parti/s 20, 12, 5;
    %pad/u 32;
    %pushi/vec4 786946, 0, 32;
    %cmp/e;
    %flag_get/vec4 4;
    %and;
T_19.76;
    %flag_set/vec4 8;
    %flag_get/vec4 8;
    %jmp/0 T_19.75, 8;
    %pushi/vec4 1, 0, 1;
    %and;
T_19.75;
    %assign/vec4 v0x818e77660_0, 0;
    %load/vec4 v0x818e7a620_0;
    %parti/s 7, 0, 2;
    %cmpi/e 115, 0, 7;
    %flag_get/vec4 4;
    %jmp/0 T_19.79, 4;
    %load/vec4 v0x818e7a620_0;
    %parti/s 20, 12, 5;
    %pad/u 32;
    %pushi/vec4 819714, 0, 32;
    %cmp/e;
    %flag_get/vec4 4;
    %and;
T_19.79;
    %flag_set/vec4 9;
    %flag_get/vec4 9;
    %jmp/0 T_19.78, 9;
    %pushi/vec4 1, 0, 1;
    %and;
T_19.78;
    %flag_set/vec4 8;
    %flag_get/vec4 8;
    %jmp/0 T_19.77, 8;
    %pushi/vec4 1, 0, 1;
    %and;
T_19.77;
    %assign/vec4 v0x818e77700_0, 0;
    %load/vec4 v0x818e7a620_0;
    %parti/s 7, 0, 2;
    %cmpi/e 115, 0, 7;
    %flag_get/vec4 4;
    %jmp/0 T_19.82, 4;
    %load/vec4 v0x818e7a620_0;
    %parti/s 11, 21, 6;
    %nor/r;
    %and;
T_19.82;
    %flag_set/vec4 9;
    %flag_get/vec4 9;
    %jmp/0 T_19.81, 9;
    %load/vec4 v0x818e7a620_0;
    %parti/s 13, 7, 4;
    %nor/r;
    %and;
T_19.81;
    %flag_set/vec4 8;
    %flag_get/vec4 8;
    %jmp/1 T_19.80, 8;
    %pushi/vec4 0, 0, 1;
    %or;
T_19.80;
    %assign/vec4 v0x818e76c60_0, 0;
    %load/vec4 v0x818e7a620_0;
    %parti/s 7, 0, 2;
    %cmpi/e 15, 0, 7;
    %flag_get/vec4 4;
    %jmp/0 T_19.83, 4;
    %load/vec4 v0x818e7a620_0;
    %parti/s 3, 12, 5;
    %nor/r;
    %and;
T_19.83;
    %assign/vec4 v0x818e76d00_0, 0;
    %load/vec4 v0x818e7a620_0;
    %parti/s 7, 0, 2;
    %cmpi/e 11, 0, 7;
    %flag_get/vec4 4;
    %jmp/0 T_19.86, 4;
    %load/vec4 v0x818e7a620_0;
    %parti/s 7, 25, 6;
    %pushi/vec4 0, 0, 7;
    %cmp/e;
    %flag_get/vec4 4;
    %and;
T_19.86;
    %flag_set/vec4 9;
    %flag_get/vec4 9;
    %jmp/0 T_19.85, 9;
    %pushi/vec4 0, 0, 1;
    %and;
T_19.85;
    %flag_set/vec4 8;
    %flag_get/vec4 8;
    %jmp/0 T_19.84, 8;
    %pushi/vec4 1, 0, 1;
    %and;
T_19.84;
    %assign/vec4 v0x818e76da0_0, 0;
    %load/vec4 v0x818e7a620_0;
    %parti/s 7, 0, 2;
    %cmpi/e 11, 0, 7;
    %flag_get/vec4 4;
    %jmp/0 T_19.89, 4;
    %load/vec4 v0x818e7a620_0;
    %parti/s 7, 25, 6;
    %pushi/vec4 1, 0, 7;
    %cmp/e;
    %flag_get/vec4 4;
    %and;
T_19.89;
    %flag_set/vec4 9;
    %flag_get/vec4 9;
    %jmp/0 T_19.88, 9;
    %pushi/vec4 0, 0, 1;
    %and;
T_19.88;
    %flag_set/vec4 8;
    %flag_get/vec4 8;
    %jmp/0 T_19.87, 8;
    %pushi/vec4 1, 0, 1;
    %and;
T_19.87;
    %assign/vec4 v0x818e778e0_0, 0;
    %load/vec4 v0x818e7a620_0;
    %parti/s 7, 0, 2;
    %cmpi/e 11, 0, 7;
    %flag_get/vec4 4;
    %jmp/0 T_19.91, 4;
    %load/vec4 v0x818e7a620_0;
    %parti/s 7, 25, 6;
    %pushi/vec4 3, 0, 7;
    %cmp/e;
    %flag_get/vec4 4;
    %and;
T_19.91;
    %flag_set/vec4 8;
    %flag_get/vec4 8;
    %jmp/0 T_19.90, 8;
    %pushi/vec4 0, 0, 1;
    %and;
T_19.90;
    %assign/vec4 v0x818e77340_0, 0;
    %load/vec4 v0x818e7a620_0;
    %parti/s 7, 0, 2;
    %cmpi/e 11, 0, 7;
    %flag_get/vec4 4;
    %jmp/0 T_19.94, 4;
    %load/vec4 v0x818e7a620_0;
    %parti/s 7, 25, 6;
    %pushi/vec4 5, 0, 7;
    %cmp/e;
    %flag_get/vec4 4;
    %and;
T_19.94;
    %flag_set/vec4 9;
    %flag_get/vec4 9;
    %jmp/0 T_19.93, 9;
    %pushi/vec4 0, 0, 1;
    %and;
T_19.93;
    %flag_set/vec4 8;
    %flag_get/vec4 8;
    %jmp/0 T_19.92, 8;
    %pushi/vec4 1, 0, 1;
    %and;
T_19.92;
    %assign/vec4 v0x818e781e0_0, 0;
    %load/vec4 v0x818e788c0_0;
    %flag_set/vec4 8;
    %flag_get/vec4 8;
    %jmp/0 T_19.95, 8;
    %load/vec4 v0x818e7a620_0;
    %parti/s 3, 12, 5;
    %cmpi/e 1, 0, 3;
    %flag_get/vec4 4;
    %jmp/0 T_19.96, 4;
    %load/vec4 v0x818e7a620_0;
    %parti/s 7, 25, 6;
    %pushi/vec4 0, 0, 7;
    %cmp/e;
    %flag_get/vec4 4;
    %and;
T_19.96;
    %load/vec4 v0x818e7a620_0;
    %parti/s 3, 12, 5;
    %cmpi/e 5, 0, 3;
    %flag_get/vec4 4;
    %jmp/0 T_19.97, 4;
    %load/vec4 v0x818e7a620_0;
    %parti/s 7, 25, 6;
    %pushi/vec4 0, 0, 7;
    %cmp/e;
    %flag_get/vec4 4;
    %and;
T_19.97;
    %concat/vec4; draw_concat_vec4
    %load/vec4 v0x818e7a620_0;
    %parti/s 3, 12, 5;
    %cmpi/e 5, 0, 3;
    %flag_get/vec4 4;
    %jmp/0 T_19.98, 4;
    %load/vec4 v0x818e7a620_0;
    %parti/s 7, 25, 6;
    %pushi/vec4 32, 0, 7;
    %cmp/e;
    %flag_get/vec4 4;
    %and;
T_19.98;
    %concat/vec4; draw_concat_vec4
    %or/r;
    %and;
T_19.95;
    %assign/vec4 v0x818e79040_0, 0;
    %load/vec4 v0x818e76ee0_0;
    %flag_set/vec4 8;
    %flag_get/vec4 8;
    %jmp/1 T_19.99, 8;
    %load/vec4 v0x818e788c0_0;
    %flag_set/vec4 8;
    %flag_get/vec4 8;
    %jmp/0 T_19.100, 8;
    %load/vec4 v0x818e7a620_0;
    %parti/s 3, 12, 5;
    %pushi/vec4 0, 0, 3;
    %cmp/e;
    %flag_get/vec4 4;
    %load/vec4 v0x818e7a620_0;
    %parti/s 3, 12, 5;
    %pushi/vec4 2, 0, 3;
    %cmp/e;
    %flag_get/vec4 4;
    %concat/vec4; draw_concat_vec4
    %load/vec4 v0x818e7a620_0;
    %parti/s 3, 12, 5;
    %pushi/vec4 3, 0, 3;
    %cmp/e;
    %flag_get/vec4 4;
    %concat/vec4; draw_concat_vec4
    %load/vec4 v0x818e7a620_0;
    %parti/s 3, 12, 5;
    %pushi/vec4 4, 0, 3;
    %cmp/e;
    %flag_get/vec4 4;
    %concat/vec4; draw_concat_vec4
    %load/vec4 v0x818e7a620_0;
    %parti/s 3, 12, 5;
    %pushi/vec4 6, 0, 3;
    %cmp/e;
    %flag_get/vec4 4;
    %concat/vec4; draw_concat_vec4
    %load/vec4 v0x818e7a620_0;
    %parti/s 3, 12, 5;
    %pushi/vec4 7, 0, 3;
    %cmp/e;
    %flag_get/vec4 4;
    %concat/vec4; draw_concat_vec4
    %or/r;
    %and;
T_19.100;
    %or;
T_19.99;
    %assign/vec4 v0x818e78b40_0, 0;
    %load/vec4 v0x818e78960_0;
    %flag_set/vec4 8;
    %flag_get/vec4 8;
    %jmp/0 T_19.101, 8;
    %load/vec4 v0x818e7a620_0;
    %parti/s 3, 12, 5;
    %cmpi/e 1, 0, 3;
    %flag_get/vec4 4;
    %jmp/0 T_19.102, 4;
    %load/vec4 v0x818e7a620_0;
    %parti/s 7, 25, 6;
    %pushi/vec4 0, 0, 7;
    %cmp/e;
    %flag_get/vec4 4;
    %and;
T_19.102;
    %load/vec4 v0x818e7a620_0;
    %parti/s 3, 12, 5;
    %cmpi/e 5, 0, 3;
    %flag_get/vec4 4;
    %jmp/0 T_19.103, 4;
    %load/vec4 v0x818e7a620_0;
    %parti/s 7, 25, 6;
    %pushi/vec4 0, 0, 7;
    %cmp/e;
    %flag_get/vec4 4;
    %and;
T_19.103;
    %concat/vec4; draw_concat_vec4
    %load/vec4 v0x818e7a620_0;
    %parti/s 3, 12, 5;
    %cmpi/e 5, 0, 3;
    %flag_get/vec4 4;
    %jmp/0 T_19.104, 4;
    %load/vec4 v0x818e7a620_0;
    %parti/s 7, 25, 6;
    %pushi/vec4 32, 0, 7;
    %cmp/e;
    %flag_get/vec4 4;
    %and;
T_19.104;
    %concat/vec4; draw_concat_vec4
    %or/r;
    %and;
T_19.101;
    %assign/vec4 v0x818e78fa0_0, 0;
    %pushi/vec4 0, 0, 1;
    %assign/vec4 v0x818e78dc0_0, 0;
    %pushi/vec4 0, 0, 1;
    %assign/vec4 v0x818e78aa0_0, 0;
    %pushi/vec4 1, 0, 1;
    %dup/vec4;
    %load/vec4 v0x818e76e40_0;
    %cmp/u;
    %jmp/1 T_19.105, 6;
    %dup/vec4;
    %load/vec4 v0x818e77200_0;
    %load/vec4 v0x818e76800_0;
    %concat/vec4; draw_concat_vec4
    %or/r;
    %cmp/u;
    %jmp/1 T_19.106, 6;
    %dup/vec4;
    %load/vec4 v0x818e76ee0_0;
    %load/vec4 v0x818e78be0_0;
    %concat/vec4; draw_concat_vec4
    %load/vec4 v0x818e788c0_0;
    %concat/vec4; draw_concat_vec4
    %or/r;
    %cmp/u;
    %jmp/1 T_19.107, 6;
    %dup/vec4;
    %load/vec4 v0x818e78a00_0;
    %cmp/u;
    %jmp/1 T_19.108, 6;
    %dup/vec4;
    %load/vec4 v0x818e78f00_0;
    %cmp/u;
    %jmp/1 T_19.109, 6;
    %pushi/vec4 1, 1, 32;
    %assign/vec4 v0x818e75e00_0, 0;
    %jmp T_19.111;
T_19.105 ;
    %load/vec4 v0x818e75ea0_0;
    %assign/vec4 v0x818e75e00_0, 0;
    %jmp T_19.111;
T_19.106 ;
    %load/vec4 v0x818e7a620_0;
    %parti/s 20, 12, 5;
    %pad/u 32;
    %ix/load 4, 12, 0;
    %flag_set/imm 4, 0;
    %shiftl 4;
    %assign/vec4 v0x818e75e00_0, 0;
    %jmp T_19.111;
T_19.107 ;
    %load/vec4 v0x818e7a620_0;
    %parti/s 12, 20, 6;
    %pad/s 32;
    %assign/vec4 v0x818e75e00_0, 0;
    %jmp T_19.111;
T_19.108 ;
    %load/vec4 v0x818e7a620_0;
    %parti/s 1, 31, 6;
    %load/vec4 v0x818e7a620_0;
    %parti/s 1, 7, 4;
    %concat/vec4; draw_concat_vec4
    %load/vec4 v0x818e7a620_0;
    %parti/s 6, 25, 6;
    %concat/vec4; draw_concat_vec4
    %load/vec4 v0x818e7a620_0;
    %parti/s 4, 8, 5;
    %concat/vec4; draw_concat_vec4
    %concati/vec4 0, 0, 1;
    %pad/s 32;
    %assign/vec4 v0x818e75e00_0, 0;
    %jmp T_19.111;
T_19.109 ;
    %load/vec4 v0x818e7a620_0;
    %parti/s 7, 25, 6;
    %load/vec4 v0x818e7a620_0;
    %parti/s 5, 7, 4;
    %concat/vec4; draw_concat_vec4
    %pad/s 32;
    %assign/vec4 v0x818e75e00_0, 0;
    %jmp T_19.111;
T_19.111 ;
    %pop/vec4 1;
T_19.17 ;
    %load/vec4 v0x818e7c3c0_0;
    %nor/r;
    %flag_set/vec4 8;
    %jmp/0xz  T_19.112, 8;
    %pushi/vec4 0, 0, 1;
    %assign/vec4 v0x818e78a00_0, 0;
    %pushi/vec4 0, 0, 1;
    %assign/vec4 v0x818e78aa0_0, 0;
    %pushi/vec4 0, 0, 1;
    %assign/vec4 v0x818e768a0_0, 0;
    %pushi/vec4 0, 0, 1;
    %assign/vec4 v0x818e76bc0_0, 0;
    %pushi/vec4 0, 0, 1;
    %assign/vec4 v0x818e76a80_0, 0;
    %pushi/vec4 0, 0, 1;
    %assign/vec4 v0x818e76940_0, 0;
    %pushi/vec4 0, 0, 1;
    %assign/vec4 v0x818e76b20_0, 0;
    %pushi/vec4 0, 0, 1;
    %assign/vec4 v0x818e769e0_0, 0;
    %pushi/vec4 0, 0, 1;
    %assign/vec4 v0x818e76620_0, 0;
    %pushi/vec4 0, 0, 1;
    %assign/vec4 v0x818e77c00_0, 0;
    %pushi/vec4 0, 0, 1;
    %assign/vec4 v0x818e77ca0_0, 0;
    %pushi/vec4 0, 0, 1;
    %assign/vec4 v0x818e78460_0, 0;
    %pushi/vec4 0, 0, 1;
    %assign/vec4 v0x818e77480_0, 0;
    %pushi/vec4 0, 0, 1;
    %assign/vec4 v0x818e76760_0, 0;
    %pushi/vec4 0, 0, 1;
    %assign/vec4 v0x818e76580_0, 0;
    %pushi/vec4 0, 0, 1;
    %assign/vec4 v0x818e780a0_0, 0;
    %pushi/vec4 0, 0, 1;
    %assign/vec4 v0x818e77a20_0, 0;
    %pushi/vec4 0, 0, 1;
    %assign/vec4 v0x818e77b60_0, 0;
    %pushi/vec4 0, 0, 1;
    %assign/vec4 v0x818e77d40_0, 0;
    %pushi/vec4 0, 0, 1;
    %assign/vec4 v0x818e783c0_0, 0;
    %pushi/vec4 0, 0, 1;
    %assign/vec4 v0x818e77f20_0, 0;
    %pushi/vec4 0, 0, 1;
    %assign/vec4 v0x818e77de0_0, 0;
    %pushi/vec4 0, 0, 1;
    %assign/vec4 v0x818e773e0_0, 0;
    %pushi/vec4 0, 0, 1;
    %assign/vec4 v0x818e766c0_0, 0;
    %pushi/vec4 0, 0, 1;
    %assign/vec4 v0x818e76d00_0, 0;
T_19.112 ;
    %jmp T_19;
    .thread T_19;
    .scope S_0x105724c10;
T_20 ;
    %wait E_0x8191a2780;
    %pushi/vec4 0, 0, 32; draw_string_vec4
    %pushi/vec4 0, 0, 32; draw_string_vec4
    %concat/vec4; draw_string_vec4
    %pushi/vec4 0, 0, 32; draw_string_vec4
    %concat/vec4; draw_string_vec4
    %pushi/vec4 0, 0, 32; draw_string_vec4
    %concat/vec4; draw_string_vec4
    %store/vec4 v0x818e75180_0, 0, 128;
    %load/vec4 v0x818e74c80_0;
    %cmpi/e 128, 0, 8;
    %jmp/0xz  T_20.0, 4;
    %pushi/vec4 0, 0, 32; draw_string_vec4
    %pushi/vec4 0, 0, 32; draw_string_vec4
    %concat/vec4; draw_string_vec4
    %pushi/vec4 0, 0, 32; draw_string_vec4
    %concat/vec4; draw_string_vec4
    %pushi/vec4 1953653104, 0, 32; draw_string_vec4
    %concat/vec4; draw_string_vec4
    %store/vec4 v0x818e75180_0, 0, 128;
T_20.0 ;
    %load/vec4 v0x818e74c80_0;
    %cmpi/e 64, 0, 8;
    %jmp/0xz  T_20.2, 4;
    %pushi/vec4 0, 0, 32; draw_string_vec4
    %pushi/vec4 0, 0, 32; draw_string_vec4
    %concat/vec4; draw_string_vec4
    %pushi/vec4 102, 0, 32; draw_string_vec4
    %concat/vec4; draw_string_vec4
    %pushi/vec4 1702126440, 0, 32; draw_string_vec4
    %concat/vec4; draw_string_vec4
    %store/vec4 v0x818e75180_0, 0, 128;
T_20.2 ;
    %load/vec4 v0x818e74c80_0;
    %cmpi/e 32, 0, 8;
    %jmp/0xz  T_20.4, 4;
    %pushi/vec4 0, 0, 32; draw_string_vec4
    %pushi/vec4 0, 0, 32; draw_string_vec4
    %concat/vec4; draw_string_vec4
    %pushi/vec4 27748, 0, 32; draw_string_vec4
    %concat/vec4; draw_string_vec4
    %pushi/vec4 1601336113, 0, 32; draw_string_vec4
    %concat/vec4; draw_string_vec4
    %store/vec4 v0x818e75180_0, 0, 128;
T_20.4 ;
    %load/vec4 v0x818e74c80_0;
    %cmpi/e 16, 0, 8;
    %jmp/0xz  T_20.6, 4;
    %pushi/vec4 0, 0, 32; draw_string_vec4
    %pushi/vec4 0, 0, 32; draw_string_vec4
    %concat/vec4; draw_string_vec4
    %pushi/vec4 27748, 0, 32; draw_string_vec4
    %concat/vec4; draw_string_vec4
    %pushi/vec4 1601336114, 0, 32; draw_string_vec4
    %concat/vec4; draw_string_vec4
    %store/vec4 v0x818e75180_0, 0, 128;
T_20.6 ;
    %load/vec4 v0x818e74c80_0;
    %cmpi/e 8, 0, 8;
    %jmp/0xz  T_20.8, 4;
    %pushi/vec4 0, 0, 32; draw_string_vec4
    %pushi/vec4 0, 0, 32; draw_string_vec4
    %concat/vec4; draw_string_vec4
    %pushi/vec4 0, 0, 32; draw_string_vec4
    %concat/vec4; draw_string_vec4
    %pushi/vec4 1702389091, 0, 32; draw_string_vec4
    %concat/vec4; draw_string_vec4
    %store/vec4 v0x818e75180_0, 0, 128;
T_20.8 ;
    %load/vec4 v0x818e74c80_0;
    %cmpi/e 4, 0, 8;
    %jmp/0xz  T_20.10, 4;
    %pushi/vec4 0, 0, 32; draw_string_vec4
    %pushi/vec4 0, 0, 32; draw_string_vec4
    %concat/vec4; draw_string_vec4
    %pushi/vec4 115, 0, 32; draw_string_vec4
    %concat/vec4; draw_string_vec4
    %pushi/vec4 1751737972, 0, 32; draw_string_vec4
    %concat/vec4; draw_string_vec4
    %store/vec4 v0x818e75180_0, 0, 128;
T_20.10 ;
    %load/vec4 v0x818e74c80_0;
    %cmpi/e 2, 0, 8;
    %jmp/0xz  T_20.12, 4;
    %pushi/vec4 0, 0, 32; draw_string_vec4
    %pushi/vec4 0, 0, 32; draw_string_vec4
    %concat/vec4; draw_string_vec4
    %pushi/vec4 115, 0, 32; draw_string_vec4
    %concat/vec4; draw_string_vec4
    %pushi/vec4 1953326445, 0, 32; draw_string_vec4
    %concat/vec4; draw_string_vec4
    %store/vec4 v0x818e75180_0, 0, 128;
T_20.12 ;
    %load/vec4 v0x818e74c80_0;
    %cmpi/e 1, 0, 8;
    %jmp/0xz  T_20.14, 4;
    %pushi/vec4 0, 0, 32; draw_string_vec4
    %pushi/vec4 0, 0, 32; draw_string_vec4
    %concat/vec4; draw_string_vec4
    %pushi/vec4 108, 0, 32; draw_string_vec4
    %concat/vec4; draw_string_vec4
    %pushi/vec4 1684890989, 0, 32; draw_string_vec4
    %concat/vec4; draw_string_vec4
    %store/vec4 v0x818e75180_0, 0, 128;
T_20.14 ;
    %jmp T_20;
    .thread T_20, $push;
    .scope S_0x105724c10;
T_21 ;
    %wait E_0x8191a2740;
    %pushi/vec4 1, 1, 1;
    %store/vec4 v0x818e740a0_0, 0, 1;
    %pushi/vec4 1, 0, 1;
    %dup/vec4;
    %load/vec4 v0x818e768a0_0;
    %cmp/u;
    %jmp/1 T_21.0, 6;
    %dup/vec4;
    %load/vec4 v0x818e76bc0_0;
    %cmp/u;
    %jmp/1 T_21.1, 6;
    %dup/vec4;
    %load/vec4 v0x818e76940_0;
    %cmp/u;
    %jmp/1 T_21.2, 6;
    %dup/vec4;
    %load/vec4 v0x818e769e0_0;
    %cmp/u;
    %jmp/1 T_21.3, 6;
    %dup/vec4;
    %load/vec4 v0x818e790e0_0;
    %flag_set/vec4 8;
    %flag_get/vec4 8;
    %jmp/0 T_21.7, 8;
    %pushi/vec4 1, 0, 1;
    %and;
T_21.7;
    %cmp/u;
    %jmp/1 T_21.4, 6;
    %dup/vec4;
    %load/vec4 v0x818e79180_0;
    %flag_set/vec4 8;
    %flag_get/vec4 8;
    %jmp/0 T_21.8, 8;
    %pushi/vec4 1, 0, 1;
    %and;
T_21.8;
    %cmp/u;
    %jmp/1 T_21.5, 6;
    %jmp T_21.6;
T_21.0 ;
    %load/vec4 v0x818e3bde0_0;
    %store/vec4 v0x818e740a0_0, 0, 1;
    %jmp T_21.6;
T_21.1 ;
    %load/vec4 v0x818e3bde0_0;
    %nor/r;
    %store/vec4 v0x818e740a0_0, 0, 1;
    %jmp T_21.6;
T_21.2 ;
    %load/vec4 v0x818e3be80_0;
    %nor/r;
    %store/vec4 v0x818e740a0_0, 0, 1;
    %jmp T_21.6;
T_21.3 ;
    %load/vec4 v0x818e3bf20_0;
    %nor/r;
    %store/vec4 v0x818e740a0_0, 0, 1;
    %jmp T_21.6;
T_21.4 ;
    %load/vec4 v0x818e3be80_0;
    %store/vec4 v0x818e740a0_0, 0, 1;
    %jmp T_21.6;
T_21.5 ;
    %load/vec4 v0x818e3bf20_0;
    %store/vec4 v0x818e740a0_0, 0, 1;
    %jmp T_21.6;
T_21.6 ;
    %pop/vec4 1;
    %pushi/vec4 4294967295, 4294967295, 32;
    %store/vec4 v0x818e74000_0, 0, 32;
    %pushi/vec4 1, 0, 1;
    %dup/vec4;
    %load/vec4 v0x818e78dc0_0;
    %cmp/u;
    %jmp/1 T_21.9, 6;
    %dup/vec4;
    %load/vec4 v0x818e78aa0_0;
    %cmp/u;
    %jmp/1 T_21.10, 6;
    %dup/vec4;
    %load/vec4 v0x818e78460_0;
    %flag_set/vec4 8;
    %flag_get/vec4 8;
    %jmp/1 T_21.17, 8;
    %load/vec4 v0x818e783c0_0;
    %or;
T_21.17;
    %cmp/u;
    %jmp/1 T_21.11, 6;
    %dup/vec4;
    %load/vec4 v0x818e77480_0;
    %flag_set/vec4 8;
    %flag_get/vec4 8;
    %jmp/1 T_21.18, 8;
    %load/vec4 v0x818e773e0_0;
    %or;
T_21.18;
    %cmp/u;
    %jmp/1 T_21.12, 6;
    %dup/vec4;
    %load/vec4 v0x818e76760_0;
    %flag_set/vec4 8;
    %flag_get/vec4 8;
    %jmp/1 T_21.19, 8;
    %load/vec4 v0x818e766c0_0;
    %or;
T_21.19;
    %cmp/u;
    %jmp/1 T_21.13, 6;
    %dup/vec4;
    %pushi/vec4 0, 0, 1;
    %cmp/u;
    %jmp/1 T_21.14, 6;
    %dup/vec4;
    %pushi/vec4 0, 0, 1;
    %cmp/u;
    %jmp/1 T_21.15, 6;
    %jmp T_21.16;
T_21.9 ;
    %load/vec4 v0x818e3bd40_0;
    %store/vec4 v0x818e74000_0, 0, 32;
    %jmp T_21.16;
T_21.10 ;
    %load/vec4 v0x818e740a0_0;
    %pad/u 32;
    %store/vec4 v0x818e74000_0, 0, 32;
    %jmp T_21.16;
T_21.11 ;
    %load/vec4 v0x818e7c0a0_0;
    %load/vec4 v0x818e7c140_0;
    %xor;
    %store/vec4 v0x818e74000_0, 0, 32;
    %jmp T_21.16;
T_21.12 ;
    %load/vec4 v0x818e7c0a0_0;
    %load/vec4 v0x818e7c140_0;
    %or;
    %store/vec4 v0x818e74000_0, 0, 32;
    %jmp T_21.16;
T_21.13 ;
    %load/vec4 v0x818e7c0a0_0;
    %load/vec4 v0x818e7c140_0;
    %and;
    %store/vec4 v0x818e74000_0, 0, 32;
    %jmp T_21.16;
T_21.14 ;
    %load/vec4 v0x818e74280_0;
    %store/vec4 v0x818e74000_0, 0, 32;
    %jmp T_21.16;
T_21.15 ;
    %load/vec4 v0x818e74320_0;
    %store/vec4 v0x818e74000_0, 0, 32;
    %jmp T_21.16;
T_21.16 ;
    %pop/vec4 1;
    %jmp T_21;
    .thread T_21, $push;
    .scope S_0x105724c10;
T_22 ;
    %wait E_0x8191a2640;
    %load/vec4 v0x818e748c0_0;
    %assign/vec4 v0x818e74960_0, 0;
    %jmp T_22;
    .thread T_22;
    .scope S_0x105724c10;
T_23 ;
    %wait E_0x8191a2700;
    %load/vec4 v0x818e74960_0;
    %store/vec4 v0x818e748c0_0, 0, 1;
    %load/vec4 v0x818e7bb60_0;
    %nor/r;
    %flag_set/vec4 8;
    %jmp/0xz  T_23.0, 8;
    %pushi/vec4 0, 0, 1;
    %store/vec4 v0x818e748c0_0, 0, 1;
T_23.0 ;
    %load/vec4 v0x818e792c0_0;
    %flag_set/vec4 8;
    %jmp/1 T_23.5, 8;
    %load/vec4 v0x818e78820_0;
    %cmpi/ne 0, 0, 2;
    %flag_or 8, 4;
T_23.5;
    %jmp/1 T_23.4, 8;
    %load/vec4 v0x818e7c3c0_0;
    %nor/r;
    %flag_set/vec4 9;
    %flag_or 8, 9;
T_23.4;
    %jmp/0xz  T_23.2, 8;
    %pushi/vec4 0, 0, 1;
    %store/vec4 v0x818e748c0_0, 0, 1;
T_23.2 ;
    %jmp T_23;
    .thread T_23, $push;
    .scope S_0x105724c10;
T_24 ;
    %wait E_0x8191a26c0;
    %pushi/vec4 0, 0, 1;
    %store/vec4 v0x818e74fa0_0, 0, 1;
    %pushi/vec4 4294967295, 4294967295, 32;
    %store/vec4 v0x818e74f00_0, 0, 32;
    %load/vec4 v0x818e74c80_0;
    %cmpi/e 64, 0, 8;
    %jmp/0xz  T_24.0, 4;
    %pushi/vec4 1, 0, 1;
    %dup/vec4;
    %load/vec4 v0x818e792c0_0;
    %cmp/u;
    %jmp/1 T_24.2, 6;
    %dup/vec4;
    %load/vec4 v0x818e79720_0;
    %flag_set/vec4 8;
    %flag_get/vec4 8;
    %jmp/0 T_24.7, 8;
    %load/vec4 v0x818e792c0_0;
    %nor/r;
    %and;
T_24.7;
    %cmp/u;
    %jmp/1 T_24.3, 6;
    %dup/vec4;
    %pushi/vec4 0, 0, 1;
    %cmp/u;
    %jmp/1 T_24.4, 6;
    %dup/vec4;
    %pushi/vec4 0, 0, 1;
    %cmp/u;
    %jmp/1 T_24.5, 6;
    %jmp T_24.6;
T_24.2 ;
    %load/vec4 v0x818e7c280_0;
    %load/vec4 v0x818e79360_0;
    %flag_set/vec4 8;
    %jmp/0 T_24.8, 8;
    %pushi/vec4 2, 0, 32;
    %jmp/1 T_24.9, 8;
T_24.8 ; End of true expr.
    %pushi/vec4 4, 0, 32;
    %jmp/0 T_24.9, 8;
 ; End of false expr.
    %blend;
T_24.9;
    %add;
    %store/vec4 v0x818e74f00_0, 0, 32;
    %pushi/vec4 1, 0, 1;
    %store/vec4 v0x818e74fa0_0, 0, 1;
    %jmp T_24.6;
T_24.3 ;
    %load/vec4 v0x818e79680_0;
    %flag_set/vec4 8;
    %jmp/0 T_24.10, 8;
    %load/vec4 v0x818e741e0_0;
    %jmp/1 T_24.11, 8;
T_24.10 ; End of true expr.
    %load/vec4 v0x818e7c1e0_0;
    %jmp/0 T_24.11, 8;
 ; End of false expr.
    %blend;
T_24.11;
    %store/vec4 v0x818e74f00_0, 0, 32;
    %pushi/vec4 1, 0, 1;
    %store/vec4 v0x818e74fa0_0, 0, 1;
    %jmp T_24.6;
T_24.4 ;
    %load/vec4 v0x818e7c000_0;
    %load/vec4 v0x818e79360_0;
    %pad/u 32;
    %or;
    %store/vec4 v0x818e74f00_0, 0, 32;
    %pushi/vec4 1, 0, 1;
    %store/vec4 v0x818e74fa0_0, 0, 1;
    %jmp T_24.6;
T_24.5 ;
    %load/vec4 v0x818e78780_0;
    %load/vec4 v0x818e786e0_0;
    %inv;
    %and;
    %store/vec4 v0x818e74f00_0, 0, 32;
    %pushi/vec4 1, 0, 1;
    %store/vec4 v0x818e74fa0_0, 0, 1;
    %jmp T_24.6;
T_24.6 ;
    %pop/vec4 1;
T_24.0 ;
    %jmp T_24;
    .thread T_24, $push;
    .scope S_0x105724c10;
T_25 ;
    %wait E_0x8191a2640;
    %load/vec4 v0x818e7c3c0_0;
    %flag_set/vec4 10;
    %flag_get/vec4 10;
    %jmp/0 T_25.3, 10;
    %load/vec4 v0x818e74fa0_0;
    %and;
T_25.3;
    %flag_set/vec4 9;
    %flag_get/vec4 9;
    %jmp/0 T_25.2, 9;
    %load/vec4 v0x818e795e0_0;
    %pushi/vec4 0, 0, 5;
    %cmp/ne;
    %flag_get/vec4 4;
    %and;
T_25.2;
    %flag_set/vec4 8;
    %jmp/0xz  T_25.0, 8;
    %load/vec4 v0x818e74f00_0;
    %load/vec4 v0x818e795e0_0;
    %pad/u 7;
    %ix/vec4 3;
    %ix/load 4, 0, 0; Constant delay
    %assign/vec4/a/d v0x818e74d20, 0, 4;
T_25.0 ;
    %jmp T_25;
    .thread T_25;
    .scope S_0x105724c10;
T_26 ;
    %wait E_0x8191a2680;
    %pushi/vec4 31, 31, 5;
    %store/vec4 v0x818e75fe0_0, 0, 5;
    %load/vec4 v0x818e76080_0;
    %cmpi/ne 0, 0, 5;
    %flag_mov 8, 4;
    %jmp/0 T_26.0, 8;
    %load/vec4 v0x818e76080_0;
    %pad/u 7;
    %ix/vec4 4;
    %load/vec4a v0x818e74d20, 4;
    %jmp/1 T_26.1, 8;
T_26.0 ; End of true expr.
    %pushi/vec4 0, 0, 32;
    %jmp/0 T_26.1, 8;
 ; End of false expr.
    %blend;
T_26.1;
    %store/vec4 v0x818e74dc0_0, 0, 32;
    %load/vec4 v0x818e76120_0;
    %cmpi/ne 0, 0, 5;
    %flag_mov 8, 4;
    %jmp/0 T_26.2, 8;
    %load/vec4 v0x818e76120_0;
    %pad/u 7;
    %ix/vec4 4;
    %load/vec4a v0x818e74d20, 4;
    %jmp/1 T_26.3, 8;
T_26.2 ; End of true expr.
    %pushi/vec4 0, 0, 32;
    %jmp/0 T_26.3, 8;
 ; End of false expr.
    %blend;
T_26.3;
    %store/vec4 v0x818e74e60_0, 0, 32;
    %jmp T_26;
    .thread T_26, $push;
    .scope S_0x105724c10;
T_27 ;
    %wait E_0x8191a2640;
    %pushi/vec4 0, 0, 1;
    %assign/vec4 v0x818e7c820_0, 0;
    %pushi/vec4 31, 31, 5;
    %assign/vec4 v0x818e7c320_0, 0;
    %pushi/vec4 4294967295, 4294967295, 32;
    %assign/vec4 v0x818e7c1e0_0, 0;
    %pushi/vec4 0, 0, 1;
    %store/vec4 v0x818e7c500_0, 0, 1;
    %pushi/vec4 0, 0, 1;
    %store/vec4 v0x818e7c460_0, 0, 1;
    %pushi/vec4 0, 0, 1;
    %store/vec4 v0x818e7c5a0_0, 0, 1;
    %load/vec4 v0x818e740a0_0;
    %assign/vec4 v0x818e74140_0, 0;
    %load/vec4 v0x818e74000_0;
    %assign/vec4 v0x818e741e0_0, 0;
    %pushi/vec4 0, 0, 1;
    %assign/vec4 v0x818e743c0_0, 0;
    %pushi/vec4 0, 0, 1;
    %assign/vec4 v0x818e74460_0, 0;
    %load/vec4 v0x818e79860_0;
    %flag_set/vec4 8;
    %jmp/0xz  T_27.0, 8;
    %pushi/vec4 4294967295, 4294967295, 32;
    %assign/vec4 v0x818e75ae0_0, 0;
    %pushi/vec4 4294967295, 4294967295, 32;
    %assign/vec4 v0x818e75c20_0, 0;
    %pushi/vec4 0, 0, 1;
    %assign/vec4 v0x818e75b80_0, 0;
    %pushi/vec4 0, 0, 1;
    %assign/vec4 v0x818e75cc0_0, 0;
T_27.0 ;
    %load/vec4 v0x818e7c3c0_0;
    %flag_set/vec4 8;
    %jmp/0 T_27.2, 8;
    %load/vec4 v0x818e74b40_0;
    %addi 1, 0, 64;
    %jmp/1 T_27.3, 8;
T_27.2 ; End of true expr.
    %pushi/vec4 0, 0, 64;
    %jmp/0 T_27.3, 8;
 ; End of false expr.
    %blend;
T_27.3;
    %assign/vec4 v0x818e74b40_0, 0;
    %pushi/vec4 4294967295, 4294967295, 32;
    %store/vec4 v0x818e7ad00_0, 0, 32;
    %load/vec4 v0x818e79b80_0;
    %flag_set/vec4 8;
    %flag_get/vec4 8;
    %jmp/0 T_27.4, 8;
    %load/vec4 v0x818e79cc0_0;
    %and;
T_27.4;
    %assign/vec4 v0x818e76300_0, 0;
    %load/vec4 v0x818e76300_0;
    %assign/vec4 v0x818e763a0_0, 0;
    %pushi/vec4 0, 0, 1;
    %assign/vec4 v0x818e761c0_0, 0;
    %load/vec4 v0x818e761c0_0;
    %assign/vec4 v0x818e76260_0, 0;
    %pushi/vec4 0, 0, 1;
    %assign/vec4 v0x818e76440_0, 0;
    %pushi/vec4 0, 0, 1;
    %assign/vec4 v0x818e7c780_0, 0;
    %pushi/vec4 4294967295, 4294967295, 32;
    %concati/vec4 15, 15, 4;
    %assign/vec4 v0x818e7c6e0_0, 0;
    %load/vec4 v0x818e7c3c0_0;
    %nor/r;
    %flag_set/vec4 8;
    %jmp/0xz  T_27.5, 8;
    %pushi/vec4 0, 0, 32;
    %assign/vec4 v0x818e7c280_0, 0;
    %pushi/vec4 0, 0, 32;
    %assign/vec4 v0x818e7c000_0, 0;
    %pushi/vec4 0, 0, 64;
    %assign/vec4 v0x818e74be0_0, 0;
    %pushi/vec4 0, 0, 1;
    %assign/vec4 v0x818e79720_0, 0;
    %pushi/vec4 0, 0, 1;
    %assign/vec4 v0x818e79680_0, 0;
    %pushi/vec4 0, 0, 1;
    %assign/vec4 v0x818e792c0_0, 0;
    %pushi/vec4 0, 0, 1;
    %assign/vec4 v0x818e797c0_0, 0;
    %pushi/vec4 0, 0, 1;
    %assign/vec4 v0x818e79540_0, 0;
    %pushi/vec4 0, 0, 1;
    %assign/vec4 v0x818e794a0_0, 0;
    %pushi/vec4 0, 0, 1;
    %assign/vec4 v0x818e79400_0, 0;
    %pushi/vec4 0, 0, 1;
    %assign/vec4 v0x818e7b980_0, 0;
    %pushi/vec4 0, 0, 1;
    %assign/vec4 v0x818e7b8e0_0, 0;
    %pushi/vec4 0, 0, 1;
    %assign/vec4 v0x818e785a0_0, 0;
    %pushi/vec4 0, 0, 1;
    %assign/vec4 v0x818e78640_0, 0;
    %pushi/vec4 4294967295, 0, 32;
    %assign/vec4 v0x818e786e0_0, 0;
    %pushi/vec4 0, 0, 32;
    %store/vec4 v0x818e7ad00_0, 0, 32;
    %pushi/vec4 0, 0, 2;
    %assign/vec4 v0x818e78820_0, 0;
    %pushi/vec4 0, 0, 32;
    %assign/vec4 v0x818e764e0_0, 0;
    %pushi/vec4 0, 0, 32;
    %assign/vec4 v0x818e7c640_0, 0;
    %pushi/vec4 64, 0, 8;
    %assign/vec4 v0x818e74c80_0, 0;
    %jmp T_27.6;
T_27.5 ;
    %load/vec4 v0x818e74c80_0;
    %dup/vec4;
    %pushi/vec4 128, 0, 8;
    %cmp/u;
    %jmp/1 T_27.7, 6;
    %dup/vec4;
    %pushi/vec4 64, 0, 8;
    %cmp/u;
    %jmp/1 T_27.8, 6;
    %dup/vec4;
    %pushi/vec4 32, 0, 8;
    %cmp/u;
    %jmp/1 T_27.9, 6;
    %dup/vec4;
    %pushi/vec4 16, 0, 8;
    %cmp/u;
    %jmp/1 T_27.10, 6;
    %dup/vec4;
    %pushi/vec4 8, 0, 8;
    %cmp/u;
    %jmp/1 T_27.11, 6;
    %dup/vec4;
    %pushi/vec4 4, 0, 8;
    %cmp/u;
    %jmp/1 T_27.12, 6;
    %dup/vec4;
    %pushi/vec4 2, 0, 8;
    %cmp/u;
    %jmp/1 T_27.13, 6;
    %dup/vec4;
    %pushi/vec4 1, 0, 8;
    %cmp/u;
    %jmp/1 T_27.14, 6;
    %jmp T_27.15;
T_27.7 ;
    %pushi/vec4 1, 0, 1;
    %assign/vec4 v0x818e7c820_0, 0;
    %jmp T_27.15;
T_27.8 ;
    %load/vec4 v0x818e76300_0;
    %nor/r;
    %flag_set/vec4 8;
    %flag_get/vec4 8;
    %jmp/0 T_27.16, 8;
    %load/vec4 v0x818e76440_0;
    %nor/r;
    %and;
T_27.16;
    %assign/vec4 v0x818e79b80_0, 0;
    %pushi/vec4 0, 0, 2;
    %assign/vec4 v0x818e7a9e0_0, 0;
    %load/vec4 v0x818e7c000_0;
    %store/vec4 v0x818e75040_0, 0, 32;
    %pushi/vec4 1, 0, 1;
    %dup/vec4;
    %load/vec4 v0x818e792c0_0;
    %cmp/u;
    %jmp/1 T_27.17, 6;
    %dup/vec4;
    %load/vec4 v0x818e79720_0;
    %flag_set/vec4 8;
    %flag_get/vec4 8;
    %jmp/0 T_27.22, 8;
    %load/vec4 v0x818e792c0_0;
    %nor/r;
    %and;
T_27.22;
    %cmp/u;
    %jmp/1 T_27.18, 6;
    %dup/vec4;
    %pushi/vec4 0, 0, 1;
    %cmp/u;
    %jmp/1 T_27.19, 6;
    %dup/vec4;
    %pushi/vec4 0, 0, 1;
    %cmp/u;
    %jmp/1 T_27.20, 6;
    %jmp T_27.21;
T_27.17 ;
    %load/vec4 v0x818e79720_0;
    %flag_set/vec4 8;
    %jmp/0 T_27.23, 8;
    %load/vec4 v0x818e79680_0;
    %flag_set/vec4 9;
    %jmp/0 T_27.25, 9;
    %load/vec4 v0x818e741e0_0;
    %jmp/1 T_27.26, 9;
T_27.25 ; End of true expr.
    %load/vec4 v0x818e7c1e0_0;
    %jmp/0 T_27.26, 9;
 ; End of false expr.
    %blend;
T_27.26;
    %pushi/vec4 4294967294, 0, 32;
    %and;
    %jmp/1 T_27.24, 8;
T_27.23 ; End of true expr.
    %load/vec4 v0x818e7c000_0;
    %jmp/0 T_27.24, 8;
 ; End of false expr.
    %blend;
T_27.24;
    %store/vec4 v0x818e75040_0, 0, 32;
    %jmp T_27.21;
T_27.18 ;
    %jmp T_27.21;
T_27.19 ;
    %pushi/vec4 16, 0, 32;
    %store/vec4 v0x818e75040_0, 0, 32;
    %pushi/vec4 1, 0, 1;
    %assign/vec4 v0x818e785a0_0, 0;
    %pushi/vec4 1, 0, 1;
    %assign/vec4 v0x818e79b80_0, 0;
    %jmp T_27.21;
T_27.20 ;
    %load/vec4 v0x818e78780_0;
    %load/vec4 v0x818e786e0_0;
    %inv;
    %and;
    %assign/vec4 v0x818e764e0_0, 0;
    %load/vec4 v0x818e7ad00_0;
    %load/vec4 v0x818e786e0_0;
    %and;
    %store/vec4 v0x818e7ad00_0, 0, 32;
    %jmp T_27.21;
T_27.21 ;
    %pop/vec4 1;
    %load/vec4 v0x818e75040_0;
    %assign/vec4 v0x818e7c280_0, 0;
    %load/vec4 v0x818e75040_0;
    %assign/vec4 v0x818e7c000_0, 0;
    %pushi/vec4 0, 0, 1;
    %assign/vec4 v0x818e79720_0, 0;
    %pushi/vec4 0, 0, 1;
    %assign/vec4 v0x818e79680_0, 0;
    %pushi/vec4 0, 0, 1;
    %assign/vec4 v0x818e792c0_0, 0;
    %pushi/vec4 0, 0, 1;
    %assign/vec4 v0x818e79540_0, 0;
    %pushi/vec4 0, 0, 1;
    %assign/vec4 v0x818e794a0_0, 0;
    %pushi/vec4 0, 0, 1;
    %assign/vec4 v0x818e79400_0, 0;
    %load/vec4 v0x818e75f40_0;
    %assign/vec4 v0x818e795e0_0, 0;
    %load/vec4 v0x818e74aa0_0;
    %assign/vec4 v0x818e79360_0, 0;
    %load/vec4 v0x818e76300_0;
    %flag_set/vec4 8;
    %jmp/0xz  T_27.27, 8;
    %load/vec4 v0x818e785a0_0;
    %assign/vec4 v0x818e78640_0, 0;
    %load/vec4 v0x818e75040_0;
    %load/vec4 v0x818e74aa0_0;
    %flag_set/vec4 8;
    %jmp/0 T_27.29, 8;
    %pushi/vec4 2, 0, 32;
    %jmp/1 T_27.30, 8;
T_27.29 ; End of true expr.
    %pushi/vec4 4, 0, 32;
    %jmp/0 T_27.30, 8;
 ; End of false expr.
    %blend;
T_27.30;
    %add;
    %assign/vec4 v0x818e7c000_0, 0;
    %load/vec4 v0x818e74be0_0;
    %addi 1, 0, 64;
    %assign/vec4 v0x818e74be0_0, 0;
    %load/vec4 v0x818e76e40_0;
    %flag_set/vec4 8;
    %jmp/0xz  T_27.31, 8;
    %pushi/vec4 1, 0, 1;
    %assign/vec4 v0x818e79b80_0, 0;
    %load/vec4 v0x818e75040_0;
    %load/vec4 v0x818e75ea0_0;
    %add;
    %assign/vec4 v0x818e7c000_0, 0;
    %pushi/vec4 1, 0, 1;
    %assign/vec4 v0x818e792c0_0, 0;
    %jmp T_27.32;
T_27.31 ;
    %pushi/vec4 0, 0, 1;
    %assign/vec4 v0x818e79b80_0, 0;
    %load/vec4 v0x818e76ee0_0;
    %nor/r;
    %flag_set/vec4 8;
    %flag_get/vec4 8;
    %jmp/0 T_27.33, 8;
    %load/vec4 v0x818e777a0_0;
    %nor/r;
    %and;
T_27.33;
    %assign/vec4 v0x818e79a40_0, 0;
    %pushi/vec4 32, 0, 8;
    %assign/vec4 v0x818e74c80_0, 0;
T_27.32 ;
T_27.27 ;
    %jmp T_27.15;
T_27.9 ;
    %pushi/vec4 4294967295, 4294967295, 32;
    %assign/vec4 v0x818e7c0a0_0, 0;
    %pushi/vec4 4294967295, 4294967295, 32;
    %assign/vec4 v0x818e7c140_0, 0;
    %pushi/vec4 1, 0, 1;
    %dup/vec4;
    %pushi/vec4 1, 0, 1;
    %flag_set/vec4 8;
    %flag_get/vec4 8;
    %jmp/0 T_27.48, 8;
    %load/vec4 v0x818e78280_0;
    %and;
T_27.48;
    %cmp/u;
    %jmp/1 T_27.34, 6;
    %dup/vec4;
    %pushi/vec4 1, 0, 1;
    %flag_set/vec4 8;
    %flag_get/vec4 8;
    %jmp/0 T_27.49, 8;
    %load/vec4 v0x818e78e60_0;
    %and;
T_27.49;
    %cmp/u;
    %jmp/1 T_27.35, 6;
    %dup/vec4;
    %load/vec4 v0x818e78d20_0;
    %cmp/u;
    %jmp/1 T_27.36, 6;
    %dup/vec4;
    %pushi/vec4 0, 0, 1;
    %cmp/u;
    %jmp/1 T_27.37, 6;
    %dup/vec4;
    %pushi/vec4 0, 0, 1;
    %cmp/u;
    %jmp/1 T_27.38, 6;
    %dup/vec4;
    %pushi/vec4 0, 0, 1;
    %cmp/u;
    %jmp/1 T_27.39, 6;
    %dup/vec4;
    %pushi/vec4 0, 0, 1;
    %cmp/u;
    %jmp/1 T_27.40, 6;
    %dup/vec4;
    %pushi/vec4 0, 0, 1;
    %cmp/u;
    %jmp/1 T_27.41, 6;
    %dup/vec4;
    %load/vec4 v0x818e78be0_0;
    %flag_set/vec4 8;
    %flag_get/vec4 8;
    %jmp/0 T_27.50, 8;
    %load/vec4 v0x818e78280_0;
    %nor/r;
    %and;
T_27.50;
    %cmp/u;
    %jmp/1 T_27.42, 6;
    %dup/vec4;
    %load/vec4 v0x818e79040_0;
    %flag_set/vec4 8;
    %flag_get/vec4 8;
    %jmp/0 T_27.51, 8;
    %pushi/vec4 1, 0, 1;
    %and;
T_27.51;
    %cmp/u;
    %jmp/1 T_27.43, 6;
    %dup/vec4;
    %load/vec4 v0x818e78b40_0;
    %cmp/u;
    %jmp/1 T_27.44, 6;
    %dup/vec4;
    %load/vec4 v0x818e79040_0;
    %flag_set/vec4 8;
    %flag_get/vec4 8;
    %jmp/0 T_27.52, 8;
    %pushi/vec4 0, 0, 1;
    %and;
T_27.52;
    %cmp/u;
    %jmp/1 T_27.45, 6;
    %load/vec4 v0x818e74dc0_0;
    %assign/vec4 v0x818e7c0a0_0, 0;
    %load/vec4 v0x818e74dc0_0;
    %assign/vec4 v0x818e75ae0_0, 0;
    %pushi/vec4 1, 0, 1;
    %assign/vec4 v0x818e75b80_0, 0;
    %load/vec4 v0x818e74e60_0;
    %pad/u 5;
    %assign/vec4 v0x818e7c320_0, 0;
    %load/vec4 v0x818e74e60_0;
    %assign/vec4 v0x818e7c140_0, 0;
    %load/vec4 v0x818e74e60_0;
    %assign/vec4 v0x818e75c20_0, 0;
    %pushi/vec4 1, 0, 1;
    %assign/vec4 v0x818e75cc0_0, 0;
    %pushi/vec4 1, 0, 1;
    %dup/vec4;
    %load/vec4 v0x818e78f00_0;
    %cmp/u;
    %jmp/1 T_27.53, 6;
    %dup/vec4;
    %load/vec4 v0x818e78fa0_0;
    %flag_set/vec4 8;
    %flag_get/vec4 8;
    %jmp/0 T_27.57, 8;
    %pushi/vec4 1, 0, 1;
    %and;
T_27.57;
    %cmp/u;
    %jmp/1 T_27.54, 6;
    %load/vec4 v0x818e79a40_0;
    %assign/vec4 v0x818e79b80_0, 0;
    %pushi/vec4 8, 0, 8;
    %assign/vec4 v0x818e74c80_0, 0;
    %jmp T_27.56;
T_27.53 ;
    %pushi/vec4 2, 0, 8;
    %assign/vec4 v0x818e74c80_0, 0;
    %pushi/vec4 1, 0, 1;
    %assign/vec4 v0x818e79b80_0, 0;
    %jmp T_27.56;
T_27.54 ;
    %pushi/vec4 4, 0, 8;
    %assign/vec4 v0x818e74c80_0, 0;
    %jmp T_27.56;
T_27.56 ;
    %pop/vec4 1;
    %jmp T_27.47;
T_27.34 ;
    %pushi/vec4 128, 0, 8;
    %assign/vec4 v0x818e74c80_0, 0;
    %jmp T_27.47;
T_27.35 ;
    %pushi/vec4 1, 0, 1;
    %dup/vec4;
    %load/vec4 v0x818e77520_0;
    %cmp/u;
    %jmp/1 T_27.58, 6;
    %dup/vec4;
    %load/vec4 v0x818e775c0_0;
    %flag_set/vec4 8;
    %flag_get/vec4 8;
    %jmp/0 T_27.63, 8;
    %pushi/vec4 1, 0, 1;
    %and;
T_27.63;
    %cmp/u;
    %jmp/1 T_27.59, 6;
    %dup/vec4;
    %load/vec4 v0x818e77660_0;
    %cmp/u;
    %jmp/1 T_27.60, 6;
    %dup/vec4;
    %load/vec4 v0x818e77700_0;
    %flag_set/vec4 8;
    %flag_get/vec4 8;
    %jmp/0 T_27.64, 8;
    %pushi/vec4 1, 0, 1;
    %and;
T_27.64;
    %cmp/u;
    %jmp/1 T_27.61, 6;
    %jmp T_27.62;
T_27.58 ;
    %load/vec4 v0x818e74b40_0;
    %parti/s 32, 0, 2;
    %assign/vec4 v0x818e7c1e0_0, 0;
    %jmp T_27.62;
T_27.59 ;
    %load/vec4 v0x818e74b40_0;
    %parti/s 32, 32, 7;
    %assign/vec4 v0x818e7c1e0_0, 0;
    %jmp T_27.62;
T_27.60 ;
    %load/vec4 v0x818e74be0_0;
    %parti/s 32, 0, 2;
    %assign/vec4 v0x818e7c1e0_0, 0;
    %jmp T_27.62;
T_27.61 ;
    %load/vec4 v0x818e74be0_0;
    %parti/s 32, 32, 7;
    %assign/vec4 v0x818e7c1e0_0, 0;
    %jmp T_27.62;
T_27.62 ;
    %pop/vec4 1;
    %pushi/vec4 1, 0, 1;
    %assign/vec4 v0x818e79720_0, 0;
    %pushi/vec4 64, 0, 8;
    %assign/vec4 v0x818e74c80_0, 0;
    %jmp T_27.47;
T_27.36 ;
    %load/vec4 v0x818e77200_0;
    %flag_set/vec4 8;
    %jmp/0 T_27.65, 8;
    %pushi/vec4 0, 0, 32;
    %jmp/1 T_27.66, 8;
T_27.65 ; End of true expr.
    %load/vec4 v0x818e7c280_0;
    %jmp/0 T_27.66, 8;
 ; End of false expr.
    %blend;
T_27.66;
    %assign/vec4 v0x818e7c0a0_0, 0;
    %load/vec4 v0x818e75e00_0;
    %assign/vec4 v0x818e7c140_0, 0;
    %load/vec4 v0x818e79a40_0;
    %assign/vec4 v0x818e79b80_0, 0;
    %pushi/vec4 8, 0, 8;
    %assign/vec4 v0x818e74c80_0, 0;
    %jmp T_27.47;
T_27.37 ;
    %load/vec4 v0x818e74dc0_0;
    %assign/vec4 v0x818e7c1e0_0, 0;
    %load/vec4 v0x818e74dc0_0;
    %assign/vec4 v0x818e75ae0_0, 0;
    %pushi/vec4 1, 0, 1;
    %assign/vec4 v0x818e75b80_0, 0;
    %pushi/vec4 1, 0, 1;
    %assign/vec4 v0x818e79720_0, 0;
    %pushi/vec4 64, 0, 8;
    %assign/vec4 v0x818e74c80_0, 0;
    %jmp T_27.47;
T_27.38 ;
    %load/vec4 v0x818e74dc0_0;
    %assign/vec4 v0x818e7c1e0_0, 0;
    %load/vec4 v0x818e74dc0_0;
    %assign/vec4 v0x818e75ae0_0, 0;
    %pushi/vec4 1, 0, 1;
    %assign/vec4 v0x818e75b80_0, 0;
    %load/vec4 v0x818e795e0_0;
    %pad/u 32;
    %pushi/vec4 32, 0, 32;
    %or;
    %pad/u 5;
    %assign/vec4 v0x818e795e0_0, 0;
    %pushi/vec4 1, 0, 1;
    %assign/vec4 v0x818e79720_0, 0;
    %pushi/vec4 64, 0, 8;
    %assign/vec4 v0x818e74c80_0, 0;
    %jmp T_27.47;
T_27.39 ;
    %pushi/vec4 0, 0, 32;
    %assign/vec4 v0x818e764e0_0, 0;
    %pushi/vec4 0, 0, 1;
    %assign/vec4 v0x818e785a0_0, 0;
    %pushi/vec4 1, 0, 1;
    %assign/vec4 v0x818e792c0_0, 0;
    %pushi/vec4 1, 0, 1;
    %assign/vec4 v0x818e79720_0, 0;
    %load/vec4 v0x818e74dc0_0;
    %pushi/vec4 4294967294, 0, 32;
    %and;
    %assign/vec4 v0x818e7c1e0_0, 0;
    %load/vec4 v0x818e74dc0_0;
    %assign/vec4 v0x818e75ae0_0, 0;
    %pushi/vec4 1, 0, 1;
    %assign/vec4 v0x818e75b80_0, 0;
    %pushi/vec4 64, 0, 8;
    %assign/vec4 v0x818e74c80_0, 0;
    %jmp T_27.47;
T_27.40 ;
    %pushi/vec4 1, 0, 1;
    %assign/vec4 v0x818e79720_0, 0;
    %load/vec4 v0x818e786e0_0;
    %assign/vec4 v0x818e7c1e0_0, 0;
    %load/vec4 v0x818e74dc0_0;
    %pushi/vec4 0, 0, 32;
    %or;
    %assign/vec4 v0x818e786e0_0, 0;
    %load/vec4 v0x818e74dc0_0;
    %assign/vec4 v0x818e75ae0_0, 0;
    %pushi/vec4 1, 0, 1;
    %assign/vec4 v0x818e75b80_0, 0;
    %pushi/vec4 64, 0, 8;
    %assign/vec4 v0x818e74c80_0, 0;
    %jmp T_27.47;
T_27.41 ;
    %pushi/vec4 1, 0, 1;
    %assign/vec4 v0x818e79720_0, 0;
    %load/vec4 v0x818e7c640_0;
    %assign/vec4 v0x818e7c1e0_0, 0;
    %load/vec4 v0x818e74dc0_0;
    %assign/vec4 v0x818e7c640_0, 0;
    %load/vec4 v0x818e74dc0_0;
    %assign/vec4 v0x818e75ae0_0, 0;
    %pushi/vec4 1, 0, 1;
    %assign/vec4 v0x818e75b80_0, 0;
    %pushi/vec4 64, 0, 8;
    %assign/vec4 v0x818e74c80_0, 0;
    %jmp T_27.47;
T_27.42 ;
    %load/vec4 v0x818e74dc0_0;
    %assign/vec4 v0x818e7c0a0_0, 0;
    %load/vec4 v0x818e74dc0_0;
    %assign/vec4 v0x818e75ae0_0, 0;
    %pushi/vec4 1, 0, 1;
    %assign/vec4 v0x818e75b80_0, 0;
    %pushi/vec4 1, 0, 8;
    %assign/vec4 v0x818e74c80_0, 0;
    %pushi/vec4 1, 0, 1;
    %assign/vec4 v0x818e79b80_0, 0;
    %jmp T_27.47;
T_27.43 ;
    %load/vec4 v0x818e74dc0_0;
    %assign/vec4 v0x818e7c0a0_0, 0;
    %load/vec4 v0x818e74dc0_0;
    %assign/vec4 v0x818e75ae0_0, 0;
    %pushi/vec4 1, 0, 1;
    %assign/vec4 v0x818e75b80_0, 0;
    %load/vec4 v0x818e76120_0;
    %assign/vec4 v0x818e7c320_0, 0;
    %pushi/vec4 4, 0, 8;
    %assign/vec4 v0x818e74c80_0, 0;
    %jmp T_27.47;
T_27.44 ;
    %load/vec4 v0x818e74dc0_0;
    %assign/vec4 v0x818e7c0a0_0, 0;
    %load/vec4 v0x818e74dc0_0;
    %assign/vec4 v0x818e75ae0_0, 0;
    %pushi/vec4 1, 0, 1;
    %assign/vec4 v0x818e75b80_0, 0;
    %load/vec4 v0x818e79040_0;
    %flag_set/vec4 9;
    %flag_get/vec4 9;
    %jmp/0 T_27.69, 9;
    %pushi/vec4 0, 0, 1;
    %and;
T_27.69;
    %flag_set/vec4 8;
    %jmp/0 T_27.67, 8;
    %load/vec4 v0x818e76120_0;
    %pad/u 32;
    %jmp/1 T_27.68, 8;
T_27.67 ; End of true expr.
    %load/vec4 v0x818e75e00_0;
    %jmp/0 T_27.68, 8;
 ; End of false expr.
    %blend;
T_27.68;
    %assign/vec4 v0x818e7c140_0, 0;
    %load/vec4 v0x818e79a40_0;
    %assign/vec4 v0x818e79b80_0, 0;
    %pushi/vec4 8, 0, 8;
    %assign/vec4 v0x818e74c80_0, 0;
    %jmp T_27.47;
T_27.45 ;
    %load/vec4 v0x818e74dc0_0;
    %assign/vec4 v0x818e7c0a0_0, 0;
    %load/vec4 v0x818e74dc0_0;
    %assign/vec4 v0x818e75ae0_0, 0;
    %pushi/vec4 1, 0, 1;
    %assign/vec4 v0x818e75b80_0, 0;
    %load/vec4 v0x818e79040_0;
    %flag_set/vec4 9;
    %flag_get/vec4 9;
    %jmp/0 T_27.72, 9;
    %pushi/vec4 0, 0, 1;
    %and;
T_27.72;
    %flag_set/vec4 8;
    %jmp/0 T_27.70, 8;
    %load/vec4 v0x818e76120_0;
    %pad/u 32;
    %jmp/1 T_27.71, 8;
T_27.70 ; End of true expr.
    %load/vec4 v0x818e75e00_0;
    %jmp/0 T_27.71, 8;
 ; End of false expr.
    %blend;
T_27.71;
    %assign/vec4 v0x818e7c140_0, 0;
    %load/vec4 v0x818e79a40_0;
    %assign/vec4 v0x818e79b80_0, 0;
    %pushi/vec4 8, 0, 8;
    %assign/vec4 v0x818e74c80_0, 0;
    %jmp T_27.47;
T_27.47 ;
    %pop/vec4 1;
    %jmp T_27.15;
T_27.10 ;
    %load/vec4 v0x818e74e60_0;
    %pad/u 5;
    %assign/vec4 v0x818e7c320_0, 0;
    %load/vec4 v0x818e74e60_0;
    %assign/vec4 v0x818e7c140_0, 0;
    %load/vec4 v0x818e74e60_0;
    %assign/vec4 v0x818e75c20_0, 0;
    %pushi/vec4 1, 0, 1;
    %assign/vec4 v0x818e75cc0_0, 0;
    %pushi/vec4 1, 0, 1;
    %dup/vec4;
    %pushi/vec4 0, 0, 1;
    %cmp/u;
    %jmp/1 T_27.73, 6;
    %dup/vec4;
    %load/vec4 v0x818e78f00_0;
    %cmp/u;
    %jmp/1 T_27.74, 6;
    %dup/vec4;
    %load/vec4 v0x818e78fa0_0;
    %flag_set/vec4 8;
    %flag_get/vec4 8;
    %jmp/0 T_27.78, 8;
    %pushi/vec4 1, 0, 1;
    %and;
T_27.78;
    %cmp/u;
    %jmp/1 T_27.75, 6;
    %load/vec4 v0x818e79a40_0;
    %assign/vec4 v0x818e79b80_0, 0;
    %pushi/vec4 8, 0, 8;
    %assign/vec4 v0x818e74c80_0, 0;
    %jmp T_27.77;
T_27.73 ;
    %pushi/vec4 1, 0, 1;
    %assign/vec4 v0x818e7b980_0, 0;
    %load/vec4 v0x818e7b200_0;
    %flag_set/vec4 8;
    %jmp/0xz  T_27.79, 8;
    %pushi/vec4 1, 0, 1;
    %assign/vec4 v0x818e79b80_0, 0;
    %pushi/vec4 0, 0, 1;
    %assign/vec4 v0x818e7b980_0, 0;
    %load/vec4 v0x818e7b160_0;
    %assign/vec4 v0x818e7c1e0_0, 0;
    %load/vec4 v0x818e7b340_0;
    %assign/vec4 v0x818e79720_0, 0;
    %pushi/vec4 64, 0, 8;
    %assign/vec4 v0x818e74c80_0, 0;
    %jmp T_27.80;
T_27.79 ;
    %pushi/vec4 1, 0, 1;
    %flag_set/vec4 9;
    %flag_get/vec4 9;
    %jmp/0 T_27.83, 9;
    %load/vec4 v0x818e7b8e0_0;
    %flag_set/vec4 9;
    %flag_get/vec4 9;
    %jmp/1 T_27.84, 9;
    %load/vec4 v0x818e76c60_0;
    %or;
T_27.84;
    %and;
T_27.83;
    %flag_set/vec4 8;
    %jmp/0xz  T_27.81, 8;
    %pushi/vec4 0, 0, 1;
    %assign/vec4 v0x818e7b980_0, 0;
    %pushi/vec4 128, 0, 8;
    %assign/vec4 v0x818e74c80_0, 0;
T_27.81 ;
T_27.80 ;
    %jmp T_27.77;
T_27.74 ;
    %pushi/vec4 2, 0, 8;
    %assign/vec4 v0x818e74c80_0, 0;
    %pushi/vec4 1, 0, 1;
    %assign/vec4 v0x818e79b80_0, 0;
    %jmp T_27.77;
T_27.75 ;
    %pushi/vec4 4, 0, 8;
    %assign/vec4 v0x818e74c80_0, 0;
    %jmp T_27.77;
T_27.77 ;
    %pop/vec4 1;
    %jmp T_27.15;
T_27.11 ;
    %load/vec4 v0x818e7c280_0;
    %load/vec4 v0x818e75e00_0;
    %add;
    %assign/vec4 v0x818e7c1e0_0, 0;
    %load/vec4 v0x818e78a00_0;
    %flag_set/vec4 8;
    %jmp/0xz  T_27.85, 8;
    %pushi/vec4 0, 0, 5;
    %assign/vec4 v0x818e795e0_0, 0;
    %load/vec4 v0x818e740a0_0;
    %assign/vec4 v0x818e79720_0, 0;
    %load/vec4 v0x818e740a0_0;
    %assign/vec4 v0x818e792c0_0, 0;
    %load/vec4 v0x818e79cc0_0;
    %flag_set/vec4 8;
    %jmp/0xz  T_27.87, 8;
    %pushi/vec4 64, 0, 8;
    %assign/vec4 v0x818e74c80_0, 0;
T_27.87 ;
    %load/vec4 v0x818e740a0_0;
    %flag_set/vec4 8;
    %jmp/0xz  T_27.89, 8;
    %pushi/vec4 0, 0, 1;
    %assign/vec4 v0x818e76300_0, 0;
    %pushi/vec4 1, 0, 1;
    %store/vec4 v0x818e7c500_0, 0, 1;
T_27.89 ;
    %jmp T_27.86;
T_27.85 ;
    %load/vec4 v0x818e76ee0_0;
    %assign/vec4 v0x818e792c0_0, 0;
    %pushi/vec4 1, 0, 1;
    %assign/vec4 v0x818e79720_0, 0;
    %pushi/vec4 1, 0, 1;
    %assign/vec4 v0x818e79680_0, 0;
    %pushi/vec4 64, 0, 8;
    %assign/vec4 v0x818e74c80_0, 0;
T_27.86 ;
    %jmp T_27.15;
T_27.12 ;
    %pushi/vec4 1, 0, 1;
    %assign/vec4 v0x818e79720_0, 0;
    %load/vec4 v0x818e7c320_0;
    %pad/u 32;
    %cmpi/e 0, 0, 32;
    %jmp/0xz  T_27.91, 4;
    %load/vec4 v0x818e7c0a0_0;
    %assign/vec4 v0x818e7c1e0_0, 0;
    %load/vec4 v0x818e79a40_0;
    %assign/vec4 v0x818e79b80_0, 0;
    %pushi/vec4 64, 0, 8;
    %assign/vec4 v0x818e74c80_0, 0;
    %jmp T_27.92;
T_27.91 ;
    %pushi/vec4 1, 0, 1;
    %flag_set/vec4 9;
    %flag_get/vec4 9;
    %jmp/0 T_27.95, 9;
    %pushi/vec4 4, 0, 32;
    %load/vec4 v0x818e7c320_0;
    %pad/u 32;
    %cmp/u;
    %flag_get/vec4 4;
    %flag_get/vec4 5;
    %or;
    %and;
T_27.95;
    %flag_set/vec4 8;
    %jmp/0xz  T_27.93, 8;
    %pushi/vec4 1, 0, 1;
    %dup/vec4;
    %load/vec4 v0x818e77ac0_0;
    %flag_set/vec4 8;
    %flag_get/vec4 8;
    %jmp/1 T_27.100, 8;
    %load/vec4 v0x818e77a20_0;
    %or;
T_27.100;
    %cmp/u;
    %jmp/1 T_27.96, 6;
    %dup/vec4;
    %load/vec4 v0x818e78000_0;
    %flag_set/vec4 8;
    %flag_get/vec4 8;
    %jmp/1 T_27.101, 8;
    %load/vec4 v0x818e77f20_0;
    %or;
T_27.101;
    %cmp/u;
    %jmp/1 T_27.97, 6;
    %dup/vec4;
    %load/vec4 v0x818e77e80_0;
    %flag_set/vec4 8;
    %flag_get/vec4 8;
    %jmp/1 T_27.102, 8;
    %load/vec4 v0x818e77de0_0;
    %or;
T_27.102;
    %cmp/u;
    %jmp/1 T_27.98, 6;
    %jmp T_27.99;
T_27.96 ;
    %load/vec4 v0x818e7c0a0_0;
    %ix/load 4, 4, 0;
    %flag_set/imm 4, 0;
    %shiftl 4;
    %assign/vec4 v0x818e7c0a0_0, 0;
    %jmp T_27.99;
T_27.97 ;
    %load/vec4 v0x818e7c0a0_0;
    %ix/load 4, 4, 0;
    %flag_set/imm 4, 0;
    %shiftr 4;
    %assign/vec4 v0x818e7c0a0_0, 0;
    %jmp T_27.99;
T_27.98 ;
    %load/vec4 v0x818e7c0a0_0;
    %ix/load 4, 4, 0;
    %flag_set/imm 4, 0;
    %shiftr/s 4;
    %assign/vec4 v0x818e7c0a0_0, 0;
    %jmp T_27.99;
T_27.99 ;
    %pop/vec4 1;
    %load/vec4 v0x818e7c320_0;
    %subi 4, 0, 5;
    %assign/vec4 v0x818e7c320_0, 0;
    %jmp T_27.94;
T_27.93 ;
    %pushi/vec4 1, 0, 1;
    %dup/vec4;
    %load/vec4 v0x818e77ac0_0;
    %flag_set/vec4 8;
    %flag_get/vec4 8;
    %jmp/1 T_27.107, 8;
    %load/vec4 v0x818e77a20_0;
    %or;
T_27.107;
    %cmp/u;
    %jmp/1 T_27.103, 6;
    %dup/vec4;
    %load/vec4 v0x818e78000_0;
    %flag_set/vec4 8;
    %flag_get/vec4 8;
    %jmp/1 T_27.108, 8;
    %load/vec4 v0x818e77f20_0;
    %or;
T_27.108;
    %cmp/u;
    %jmp/1 T_27.104, 6;
    %dup/vec4;
    %load/vec4 v0x818e77e80_0;
    %flag_set/vec4 8;
    %flag_get/vec4 8;
    %jmp/1 T_27.109, 8;
    %load/vec4 v0x818e77de0_0;
    %or;
T_27.109;
    %cmp/u;
    %jmp/1 T_27.105, 6;
    %jmp T_27.106;
T_27.103 ;
    %load/vec4 v0x818e7c0a0_0;
    %ix/load 4, 1, 0;
    %flag_set/imm 4, 0;
    %shiftl 4;
    %assign/vec4 v0x818e7c0a0_0, 0;
    %jmp T_27.106;
T_27.104 ;
    %load/vec4 v0x818e7c0a0_0;
    %ix/load 4, 1, 0;
    %flag_set/imm 4, 0;
    %shiftr 4;
    %assign/vec4 v0x818e7c0a0_0, 0;
    %jmp T_27.106;
T_27.105 ;
    %load/vec4 v0x818e7c0a0_0;
    %ix/load 4, 1, 0;
    %flag_set/imm 4, 0;
    %shiftr/s 4;
    %assign/vec4 v0x818e7c0a0_0, 0;
    %jmp T_27.106;
T_27.106 ;
    %pop/vec4 1;
    %load/vec4 v0x818e7c320_0;
    %subi 1, 0, 5;
    %assign/vec4 v0x818e7c320_0, 0;
T_27.94 ;
T_27.92 ;
    %jmp T_27.15;
T_27.13 ;
    %load/vec4 v0x818e79a40_0;
    %nor/r;
    %flag_set/vec4 8;
    %jmp/1 T_27.112, 8;
    %load/vec4 v0x818e79cc0_0;
    %flag_set/vec4 9;
    %flag_or 8, 9;
T_27.112;
    %jmp/0xz  T_27.110, 8;
    %load/vec4 v0x818e79c20_0;
    %nor/r;
    %flag_set/vec4 8;
    %jmp/0xz  T_27.113, 8;
    %pushi/vec4 1, 0, 1;
    %dup/vec4;
    %load/vec4 v0x818e77840_0;
    %cmp/u;
    %jmp/1 T_27.115, 6;
    %dup/vec4;
    %load/vec4 v0x818e77980_0;
    %cmp/u;
    %jmp/1 T_27.116, 6;
    %dup/vec4;
    %load/vec4 v0x818e78140_0;
    %cmp/u;
    %jmp/1 T_27.117, 6;
    %jmp T_27.118;
T_27.115 ;
    %pushi/vec4 2, 0, 2;
    %assign/vec4 v0x818e7a9e0_0, 0;
    %jmp T_27.118;
T_27.116 ;
    %pushi/vec4 1, 0, 2;
    %assign/vec4 v0x818e7a9e0_0, 0;
    %jmp T_27.118;
T_27.117 ;
    %pushi/vec4 0, 0, 2;
    %assign/vec4 v0x818e7a9e0_0, 0;
    %jmp T_27.118;
T_27.118 ;
    %pop/vec4 1;
    %load/vec4 v0x818e7c0a0_0;
    %load/vec4 v0x818e75e00_0;
    %add;
    %assign/vec4 v0x818e7c0a0_0, 0;
    %pushi/vec4 1, 0, 1;
    %store/vec4 v0x818e7c5a0_0, 0, 1;
T_27.113 ;
    %load/vec4 v0x818e79a40_0;
    %nor/r;
    %flag_set/vec4 9;
    %flag_get/vec4 9;
    %jmp/0 T_27.121, 9;
    %load/vec4 v0x818e79cc0_0;
    %and;
T_27.121;
    %flag_set/vec4 8;
    %jmp/0xz  T_27.119, 8;
    %pushi/vec4 64, 0, 8;
    %assign/vec4 v0x818e74c80_0, 0;
    %pushi/vec4 1, 0, 1;
    %assign/vec4 v0x818e76300_0, 0;
    %pushi/vec4 1, 0, 1;
    %assign/vec4 v0x818e761c0_0, 0;
T_27.119 ;
T_27.110 ;
    %jmp T_27.15;
T_27.14 ;
    %pushi/vec4 1, 0, 1;
    %assign/vec4 v0x818e79720_0, 0;
    %load/vec4 v0x818e79a40_0;
    %nor/r;
    %flag_set/vec4 8;
    %jmp/1 T_27.124, 8;
    %load/vec4 v0x818e79cc0_0;
    %flag_set/vec4 9;
    %flag_or 8, 9;
T_27.124;
    %jmp/0xz  T_27.122, 8;
    %load/vec4 v0x818e79ae0_0;
    %nor/r;
    %flag_set/vec4 8;
    %jmp/0xz  T_27.125, 8;
    %pushi/vec4 1, 0, 1;
    %dup/vec4;
    %load/vec4 v0x818e76f80_0;
    %flag_set/vec4 8;
    %flag_get/vec4 8;
    %jmp/1 T_27.131, 8;
    %load/vec4 v0x818e77020_0;
    %or;
T_27.131;
    %cmp/u;
    %jmp/1 T_27.127, 6;
    %dup/vec4;
    %load/vec4 v0x818e770c0_0;
    %flag_set/vec4 8;
    %flag_get/vec4 8;
    %jmp/1 T_27.132, 8;
    %load/vec4 v0x818e77160_0;
    %or;
T_27.132;
    %cmp/u;
    %jmp/1 T_27.128, 6;
    %dup/vec4;
    %load/vec4 v0x818e772a0_0;
    %cmp/u;
    %jmp/1 T_27.129, 6;
    %jmp T_27.130;
T_27.127 ;
    %pushi/vec4 2, 0, 2;
    %assign/vec4 v0x818e7a9e0_0, 0;
    %jmp T_27.130;
T_27.128 ;
    %pushi/vec4 1, 0, 2;
    %assign/vec4 v0x818e7a9e0_0, 0;
    %jmp T_27.130;
T_27.129 ;
    %pushi/vec4 0, 0, 2;
    %assign/vec4 v0x818e7a9e0_0, 0;
    %jmp T_27.130;
T_27.130 ;
    %pop/vec4 1;
    %load/vec4 v0x818e78c80_0;
    %assign/vec4 v0x818e79540_0, 0;
    %load/vec4 v0x818e770c0_0;
    %assign/vec4 v0x818e794a0_0, 0;
    %load/vec4 v0x818e76f80_0;
    %assign/vec4 v0x818e79400_0, 0;
    %load/vec4 v0x818e7c0a0_0;
    %load/vec4 v0x818e75e00_0;
    %add;
    %assign/vec4 v0x818e7c0a0_0, 0;
    %pushi/vec4 1, 0, 1;
    %store/vec4 v0x818e7c460_0, 0, 1;
T_27.125 ;
    %load/vec4 v0x818e79a40_0;
    %nor/r;
    %flag_set/vec4 9;
    %flag_get/vec4 9;
    %jmp/0 T_27.135, 9;
    %load/vec4 v0x818e79cc0_0;
    %and;
T_27.135;
    %flag_set/vec4 8;
    %jmp/0xz  T_27.133, 8;
    %pushi/vec4 1, 0, 1;
    %dup/vec4;
    %load/vec4 v0x818e79540_0;
    %cmp/u;
    %jmp/1 T_27.136, 6;
    %dup/vec4;
    %load/vec4 v0x818e794a0_0;
    %cmp/u;
    %jmp/1 T_27.137, 6;
    %dup/vec4;
    %load/vec4 v0x818e79400_0;
    %cmp/u;
    %jmp/1 T_27.138, 6;
    %jmp T_27.139;
T_27.136 ;
    %load/vec4 v0x818e7a6c0_0;
    %assign/vec4 v0x818e7c1e0_0, 0;
    %jmp T_27.139;
T_27.137 ;
    %load/vec4 v0x818e7a6c0_0;
    %parti/s 16, 0, 2;
    %pad/s 32;
    %assign/vec4 v0x818e7c1e0_0, 0;
    %jmp T_27.139;
T_27.138 ;
    %load/vec4 v0x818e7a6c0_0;
    %parti/s 8, 0, 2;
    %pad/s 32;
    %assign/vec4 v0x818e7c1e0_0, 0;
    %jmp T_27.139;
T_27.139 ;
    %pop/vec4 1;
    %pushi/vec4 1, 0, 1;
    %assign/vec4 v0x818e76300_0, 0;
    %pushi/vec4 1, 0, 1;
    %assign/vec4 v0x818e761c0_0, 0;
    %pushi/vec4 64, 0, 8;
    %assign/vec4 v0x818e74c80_0, 0;
T_27.133 ;
T_27.122 ;
    %jmp T_27.15;
T_27.15 ;
    %pop/vec4 1;
T_27.6 ;
    %pushi/vec4 1, 0, 1;
    %flag_set/vec4 10;
    %flag_get/vec4 10;
    %jmp/0 T_27.143, 10;
    %load/vec4 v0x818e7c3c0_0;
    %and;
T_27.143;
    %flag_set/vec4 9;
    %flag_get/vec4 9;
    %jmp/0 T_27.142, 9;
    %load/vec4 v0x818e79ae0_0;
    %flag_set/vec4 9;
    %flag_get/vec4 9;
    %jmp/1 T_27.144, 9;
    %load/vec4 v0x818e79c20_0;
    %or;
T_27.144;
    %and;
T_27.142;
    %flag_set/vec4 8;
    %jmp/0xz  T_27.140, 8;
    %load/vec4 v0x818e7a9e0_0;
    %pad/u 32;
    %cmpi/e 0, 0, 32;
    %flag_get/vec4 4;
    %jmp/0 T_27.147, 4;
    %load/vec4 v0x818e7c0a0_0;
    %parti/s 2, 0, 2;
    %pad/u 32;
    %pushi/vec4 0, 0, 32;
    %cmp/ne;
    %flag_get/vec4 4;
    %and;
T_27.147;
    %flag_set/vec4 8;
    %jmp/0xz  T_27.145, 8;
    %pushi/vec4 128, 0, 8;
    %assign/vec4 v0x818e74c80_0, 0;
T_27.145 ;
    %load/vec4 v0x818e7a9e0_0;
    %pad/u 32;
    %cmpi/e 1, 0, 32;
    %flag_get/vec4 4;
    %jmp/0 T_27.150, 4;
    %load/vec4 v0x818e7c0a0_0;
    %parti/s 1, 0, 2;
    %pad/u 32;
    %pushi/vec4 0, 0, 32;
    %cmp/ne;
    %flag_get/vec4 4;
    %and;
T_27.150;
    %flag_set/vec4 8;
    %jmp/0xz  T_27.148, 8;
    %pushi/vec4 128, 0, 8;
    %assign/vec4 v0x818e74c80_0, 0;
T_27.148 ;
T_27.140 ;
    %pushi/vec4 1, 0, 1;
    %flag_set/vec4 11;
    %flag_get/vec4 11;
    %jmp/0 T_27.155, 11;
    %load/vec4 v0x818e7c3c0_0;
    %and;
T_27.155;
    %flag_set/vec4 10;
    %flag_get/vec4 10;
    %jmp/0 T_27.154, 10;
    %load/vec4 v0x818e79b80_0;
    %and;
T_27.154;
    %flag_set/vec4 9;
    %flag_get/vec4 9;
    %jmp/0 T_27.153, 9;
    %load/vec4 v0x818e7c280_0;
    %parti/s 2, 0, 2;
    %or/r;
    %and;
T_27.153;
    %flag_set/vec4 8;
    %jmp/0xz  T_27.151, 8;
    %pushi/vec4 128, 0, 8;
    %assign/vec4 v0x818e74c80_0, 0;
T_27.151 ;
    %load/vec4 v0x818e7c3c0_0;
    %nor/r;
    %flag_set/vec4 8;
    %jmp/1 T_27.158, 8;
    %load/vec4 v0x818e79cc0_0;
    %flag_set/vec4 9;
    %flag_or 8, 9;
T_27.158;
    %jmp/0xz  T_27.156, 8;
    %pushi/vec4 0, 0, 1;
    %assign/vec4 v0x818e79a40_0, 0;
    %pushi/vec4 0, 0, 1;
    %assign/vec4 v0x818e79b80_0, 0;
    %pushi/vec4 0, 0, 1;
    %assign/vec4 v0x818e79ae0_0, 0;
    %pushi/vec4 0, 0, 1;
    %assign/vec4 v0x818e79c20_0, 0;
T_27.156 ;
    %load/vec4 v0x818e7c500_0;
    %flag_set/vec4 8;
    %jmp/0xz  T_27.159, 8;
    %pushi/vec4 1, 0, 1;
    %assign/vec4 v0x818e79b80_0, 0;
T_27.159 ;
    %load/vec4 v0x818e7c460_0;
    %flag_set/vec4 8;
    %jmp/0xz  T_27.161, 8;
    %pushi/vec4 1, 0, 1;
    %assign/vec4 v0x818e79ae0_0, 0;
T_27.161 ;
    %load/vec4 v0x818e7c5a0_0;
    %flag_set/vec4 8;
    %jmp/0xz  T_27.163, 8;
    %pushi/vec4 1, 0, 1;
    %assign/vec4 v0x818e79c20_0, 0;
T_27.163 ;
    %load/vec4 v0x818e7ad00_0;
    %pushi/vec4 4294967295, 0, 32;
    %and;
    %assign/vec4 v0x818e78780_0, 0;
    %pushi/vec4 4294967295, 4294967295, 32;
    %store/vec4 v0x818e75040_0, 0, 32;
    %jmp T_27;
    .thread T_27;
    .scope S_0x105727250;
T_28 ;
    %wait E_0x8191a2b40;
    %load/vec4 v0x818e7ec60_0;
    %flag_set/vec4 8;
    %jmp/0xz  T_28.0, 8;
    %load/vec4 v0x818e7ebc0_0;
    %load/vec4 v0x818e7eb20_0;
    %parti/s 5, 0, 2;
    %inv;
    %pad/u 7;
    %ix/vec4 3;
    %ix/load 4, 0, 0; Constant delay
    %assign/vec4/a/d v0x818e7ea80, 0, 4;
T_28.0 ;
    %jmp T_28;
    .thread T_28;
    .scope S_0x818e70900;
T_29 ;
    %wait E_0x8191a2e40;
    %load/vec4 v0x818e8cf00_0;
    %flag_set/vec4 8;
    %jmp/0 T_29.0, 8;
    %load/vec4 v0x818e90f00_0;
    %load/vec4 v0x818e90fa0_0;
    %sub;
    %jmp/1 T_29.1, 8;
T_29.0 ; End of true expr.
    %load/vec4 v0x818e90f00_0;
    %load/vec4 v0x818e90fa0_0;
    %add;
    %jmp/0 T_29.1, 8;
 ; End of false expr.
    %blend;
T_29.1;
    %store/vec4 v0x818e88be0_0, 0, 32;
    %load/vec4 v0x818e90f00_0;
    %load/vec4 v0x818e90fa0_0;
    %cmp/e;
    %flag_get/vec4 4;
    %store/vec4 v0x818e88c80_0, 0, 1;
    %load/vec4 v0x818e90f00_0;
    %load/vec4 v0x818e90fa0_0;
    %cmp/s;
    %flag_get/vec4 5;
    %store/vec4 v0x818e88d20_0, 0, 1;
    %load/vec4 v0x818e90f00_0;
    %load/vec4 v0x818e90fa0_0;
    %cmp/u;
    %flag_get/vec4 5;
    %store/vec4 v0x818e88dc0_0, 0, 1;
    %load/vec4 v0x818e90f00_0;
    %load/vec4 v0x818e90fa0_0;
    %parti/s 5, 0, 2;
    %ix/vec4 4;
    %shiftl 4;
    %store/vec4 v0x818e890e0_0, 0, 32;
    %load/vec4 v0x818e8cc80_0;
    %flag_set/vec4 8;
    %jmp/1 T_29.4, 8;
    %load/vec4 v0x818e8cd20_0;
    %flag_set/vec4 9;
    %flag_or 8, 9;
T_29.4;
    %jmp/0 T_29.2, 8;
    %load/vec4 v0x818e90f00_0;
    %parti/s 1, 31, 6;
    %jmp/1 T_29.3, 8;
T_29.2 ; End of true expr.
    %pushi/vec4 0, 0, 1;
    %jmp/0 T_29.3, 8;
 ; End of false expr.
    %blend;
T_29.3;
    %load/vec4 v0x818e90f00_0;
    %concat/vec4; draw_concat_vec4
    %load/vec4 v0x818e90fa0_0;
    %parti/s 5, 0, 2;
    %ix/vec4 4;
    %shiftr/s 4;
    %pad/s 32;
    %store/vec4 v0x818e89180_0, 0, 32;
    %jmp T_29;
    .thread T_29, $push;
    .scope S_0x818e70180;
T_30 ;
    %end;
    .thread T_30;
    .scope S_0x818e70180;
T_31 ;
    %wait E_0x8191a2e00;
    %pushi/vec4 0, 0, 1;
    %store/vec4 v0x818e901e0_0, 0, 1;
    %pushi/vec4 4294967295, 4294967295, 32;
    %store/vec4 v0x818e90000_0, 0, 32;
    %pushi/vec4 0, 0, 1;
    %store/vec4 v0x818e90140_0, 0, 1;
    %pushi/vec4 0, 0, 1;
    %store/vec4 v0x818e900a0_0, 0, 1;
    %pushi/vec4 1, 0, 1;
    %dup/vec4;
    %pushi/vec4 0, 0, 1;
    %cmp/u;
    %jmp/1 T_31.0, 6;
    %dup/vec4;
    %pushi/vec4 0, 0, 1;
    %cmp/u;
    %jmp/1 T_31.1, 6;
    %dup/vec4;
    %pushi/vec4 0, 0, 1;
    %cmp/u;
    %jmp/1 T_31.2, 6;
    %jmp T_31.3;
T_31.0 ;
    %pushi/vec4 0, 0, 1;
    %store/vec4 v0x818e901e0_0, 0, 1;
    %pushi/vec4 0, 0, 32;
    %store/vec4 v0x818e90000_0, 0, 32;
    %jmp T_31.3;
T_31.1 ;
    %load/vec4 v0x818e90460_0;
    %store/vec4 v0x818e901e0_0, 0, 1;
    %load/vec4 v0x818e90280_0;
    %store/vec4 v0x818e90000_0, 0, 32;
    %jmp T_31.3;
T_31.2 ;
    %load/vec4 v0x818e8fe80_0;
    %store/vec4 v0x818e901e0_0, 0, 1;
    %load/vec4 v0x818e8fca0_0;
    %store/vec4 v0x818e90000_0, 0, 32;
    %jmp T_31.3;
T_31.3 ;
    %pop/vec4 1;
    %jmp T_31;
    .thread T_31, $push;
    .scope S_0x818e70180;
T_32 ;
    %wait E_0x8191a2bc0;
    %load/vec4 v0x818e91220_0;
    %nor/r;
    %flag_set/vec4 8;
    %jmp/0xz  T_32.0, 8;
    %pushi/vec4 0, 0, 1;
    %assign/vec4 v0x818e8eda0_0, 0;
    %pushi/vec4 0, 0, 1;
    %assign/vec4 v0x818e8e080_0, 0;
    %jmp T_32.1;
T_32.0 ;
    %load/vec4 v0x818e8e080_0;
    %nor/r;
    %flag_set/vec4 8;
    %jmp/0xz  T_32.2, 8;
    %load/vec4 v0x818e8ed00_0;
    %assign/vec4 v0x818e8eda0_0, 0;
T_32.2 ;
    %load/vec4 v0x818e8f700_0;
    %flag_set/vec4 8;
    %flag_get/vec4 8;
    %jmp/0 T_32.4, 8;
    %load/vec4 v0x818e8f5c0_0;
    %nor/r;
    %and;
T_32.4;
    %assign/vec4 v0x818e8e080_0, 0;
T_32.1 ;
    %jmp T_32;
    .thread T_32;
    .scope S_0x818e70180;
T_33 ;
    %wait E_0x8191a2dc0;
    %load/vec4 v0x818e8f840_0;
    %dup/vec4;
    %pushi/vec4 0, 0, 2;
    %cmp/u;
    %jmp/1 T_33.0, 6;
    %dup/vec4;
    %pushi/vec4 1, 0, 2;
    %cmp/u;
    %jmp/1 T_33.1, 6;
    %dup/vec4;
    %pushi/vec4 2, 0, 2;
    %cmp/u;
    %jmp/1 T_33.2, 6;
    %jmp T_33.3;
T_33.0 ;
    %load/vec4 v0x818e90fa0_0;
    %store/vec4 v0x818e8f0c0_0, 0, 32;
    %pushi/vec4 15, 0, 4;
    %store/vec4 v0x818e8f200_0, 0, 4;
    %load/vec4 v0x818e8f2a0_0;
    %store/vec4 v0x818e8f520_0, 0, 32;
    %jmp T_33.3;
T_33.1 ;
    %load/vec4 v0x818e90fa0_0;
    %parti/s 16, 0, 2;
    %replicate 2;
    %store/vec4 v0x818e8f0c0_0, 0, 32;
    %load/vec4 v0x818e90f00_0;
    %parti/s 1, 1, 2;
    %flag_set/vec4 8;
    %jmp/0 T_33.4, 8;
    %pushi/vec4 12, 0, 4;
    %jmp/1 T_33.5, 8;
T_33.4 ; End of true expr.
    %pushi/vec4 3, 0, 4;
    %jmp/0 T_33.5, 8;
 ; End of false expr.
    %blend;
T_33.5;
    %store/vec4 v0x818e8f200_0, 0, 4;
    %load/vec4 v0x818e90f00_0;
    %parti/s 1, 1, 2;
    %dup/vec4;
    %pushi/vec4 0, 0, 1;
    %cmp/u;
    %jmp/1 T_33.6, 6;
    %dup/vec4;
    %pushi/vec4 1, 0, 1;
    %cmp/u;
    %jmp/1 T_33.7, 6;
    %jmp T_33.8;
T_33.6 ;
    %pushi/vec4 0, 0, 16;
    %load/vec4 v0x818e8f2a0_0;
    %parti/s 16, 0, 2;
    %concat/vec4; draw_concat_vec4
    %store/vec4 v0x818e8f520_0, 0, 32;
    %jmp T_33.8;
T_33.7 ;
    %pushi/vec4 0, 0, 16;
    %load/vec4 v0x818e8f2a0_0;
    %parti/s 16, 16, 6;
    %concat/vec4; draw_concat_vec4
    %store/vec4 v0x818e8f520_0, 0, 32;
    %jmp T_33.8;
T_33.8 ;
    %pop/vec4 1;
    %jmp T_33.3;
T_33.2 ;
    %load/vec4 v0x818e90fa0_0;
    %parti/s 8, 0, 2;
    %replicate 4;
    %store/vec4 v0x818e8f0c0_0, 0, 32;
    %pushi/vec4 1, 0, 4;
    %load/vec4 v0x818e90f00_0;
    %parti/s 2, 0, 2;
    %ix/vec4 4;
    %shiftl 4;
    %store/vec4 v0x818e8f200_0, 0, 4;
    %load/vec4 v0x818e90f00_0;
    %parti/s 2, 0, 2;
    %dup/vec4;
    %pushi/vec4 0, 0, 2;
    %cmp/u;
    %jmp/1 T_33.9, 6;
    %dup/vec4;
    %pushi/vec4 1, 0, 2;
    %cmp/u;
    %jmp/1 T_33.10, 6;
    %dup/vec4;
    %pushi/vec4 2, 0, 2;
    %cmp/u;
    %jmp/1 T_33.11, 6;
    %dup/vec4;
    %pushi/vec4 3, 0, 2;
    %cmp/u;
    %jmp/1 T_33.12, 6;
    %jmp T_33.13;
T_33.9 ;
    %pushi/vec4 0, 0, 24;
    %load/vec4 v0x818e8f2a0_0;
    %parti/s 8, 0, 2;
    %concat/vec4; draw_concat_vec4
    %store/vec4 v0x818e8f520_0, 0, 32;
    %jmp T_33.13;
T_33.10 ;
    %pushi/vec4 0, 0, 24;
    %load/vec4 v0x818e8f2a0_0;
    %parti/s 8, 8, 5;
    %concat/vec4; draw_concat_vec4
    %store/vec4 v0x818e8f520_0, 0, 32;
    %jmp T_33.13;
T_33.11 ;
    %pushi/vec4 0, 0, 24;
    %load/vec4 v0x818e8f2a0_0;
    %parti/s 8, 16, 6;
    %concat/vec4; draw_concat_vec4
    %store/vec4 v0x818e8f520_0, 0, 32;
    %jmp T_33.13;
T_33.12 ;
    %pushi/vec4 0, 0, 24;
    %load/vec4 v0x818e8f2a0_0;
    %parti/s 8, 24, 6;
    %concat/vec4; draw_concat_vec4
    %store/vec4 v0x818e8f520_0, 0, 32;
    %jmp T_33.13;
T_33.13 ;
    %pop/vec4 1;
    %jmp T_33.3;
T_33.3 ;
    %pop/vec4 1;
    %jmp T_33;
    .thread T_33, $push;
    .scope S_0x818e70180;
T_34 ;
    %wait E_0x8191a2bc0;
    %load/vec4 v0x818e8f980_0;
    %flag_set/vec4 8;
    %jmp/0xz  T_34.0, 8;
    %load/vec4 v0x818e8f2a0_0;
    %assign/vec4 v0x818e8f480_0, 0;
    %load/vec4 v0x818e8f2a0_0;
    %assign/vec4 v0x818e8fac0_0, 0;
T_34.0 ;
    %jmp T_34;
    .thread T_34;
    .scope S_0x818e70180;
T_35 ;
    %wait E_0x8191a2bc0;
    %load/vec4 v0x818e91220_0;
    %flag_set/vec4 9;
    %flag_get/vec4 9;
    %jmp/0 T_35.2, 9;
    %load/vec4 v0x818e91680_0;
    %nor/r;
    %and;
T_35.2;
    %flag_set/vec4 8;
    %jmp/0xz  T_35.0, 8;
    %load/vec4 v0x818e8e8a0_0;
    %flag_set/vec4 8;
    %jmp/1 T_35.6, 8;
    %load/vec4 v0x818e8e9e0_0;
    %flag_set/vec4 9;
    %flag_or 8, 9;
T_35.6;
    %jmp/1 T_35.5, 8;
    %load/vec4 v0x818e8e940_0;
    %flag_set/vec4 9;
    %flag_or 8, 9;
T_35.5;
    %jmp/0xz  T_35.3, 8;
    %fork TD_picorv32_wb.picorv32_core.empty_statement, S_0x818e70480;
    %join;
T_35.3 ;
    %load/vec4 v0x818e8e8a0_0;
    %flag_set/vec4 8;
    %jmp/1 T_35.9, 8;
    %load/vec4 v0x818e8e9e0_0;
    %flag_set/vec4 9;
    %flag_or 8, 9;
T_35.9;
    %jmp/0xz  T_35.7, 8;
    %fork TD_picorv32_wb.picorv32_core.empty_statement, S_0x818e70480;
    %join;
T_35.7 ;
    %load/vec4 v0x818e8e940_0;
    %flag_set/vec4 8;
    %jmp/0xz  T_35.10, 8;
    %fork TD_picorv32_wb.picorv32_core.empty_statement, S_0x818e70480;
    %join;
T_35.10 ;
    %load/vec4 v0x818e8ea80_0;
    %flag_set/vec4 8;
    %jmp/0xz  T_35.12, 8;
    %fork TD_picorv32_wb.picorv32_core.empty_statement, S_0x818e70480;
    %join;
T_35.12 ;
    %load/vec4 v0x818e8f660_0;
    %pad/u 32;
    %cmpi/e 2, 0, 32;
    %jmp/1 T_35.16, 4;
    %flag_mov 8, 4;
    %load/vec4 v0x818e8f660_0;
    %pad/u 32;
    %cmpi/e 3, 0, 32;
    %flag_or 4, 8;
T_35.16;
    %jmp/0xz  T_35.14, 4;
    %fork TD_picorv32_wb.picorv32_core.empty_statement, S_0x818e70480;
    %join;
T_35.14 ;
T_35.0 ;
    %jmp T_35;
    .thread T_35;
    .scope S_0x818e70180;
T_36 ;
    %wait E_0x8191a2bc0;
    %load/vec4 v0x818e91220_0;
    %nor/r;
    %flag_set/vec4 8;
    %jmp/1 T_36.2, 8;
    %load/vec4 v0x818e91680_0;
    %flag_set/vec4 9;
    %flag_or 8, 9;
T_36.2;
    %jmp/0xz  T_36.0, 8;
    %load/vec4 v0x818e91220_0;
    %nor/r;
    %flag_set/vec4 8;
    %jmp/0xz  T_36.3, 8;
    %pushi/vec4 0, 0, 2;
    %assign/vec4 v0x818e8f660_0, 0;
T_36.3 ;
    %load/vec4 v0x818e91220_0;
    %nor/r;
    %flag_set/vec4 8;
    %jmp/1 T_36.7, 8;
    %load/vec4 v0x818e8f5c0_0;
    %flag_set/vec4 9;
    %flag_or 8, 9;
T_36.7;
    %jmp/0xz  T_36.5, 8;
    %pushi/vec4 0, 0, 1;
    %assign/vec4 v0x818e8f700_0, 0;
T_36.5 ;
    %pushi/vec4 0, 0, 1;
    %assign/vec4 v0x818e8ef80_0, 0;
    %pushi/vec4 0, 0, 1;
    %assign/vec4 v0x818e90a00_0, 0;
    %jmp T_36.1;
T_36.0 ;
    %load/vec4 v0x818e8eee0_0;
    %flag_set/vec4 8;
    %jmp/1 T_36.10, 8;
    %load/vec4 v0x818e8f160_0;
    %flag_set/vec4 9;
    %flag_or 8, 9;
T_36.10;
    %jmp/0xz  T_36.8, 8;
    %load/vec4 v0x818e8ec60_0;
    %assign/vec4 v0x818e8e760_0, 0;
    %load/vec4 v0x818e8f200_0;
    %load/vec4 v0x818e8f160_0;
    %replicate 4;
    %and;
    %assign/vec4 v0x818e8f8e0_0, 0;
T_36.8 ;
    %load/vec4 v0x818e8f160_0;
    %flag_set/vec4 8;
    %jmp/0xz  T_36.11, 8;
    %load/vec4 v0x818e8f0c0_0;
    %assign/vec4 v0x818e8f7a0_0, 0;
T_36.11 ;
    %load/vec4 v0x818e8f660_0;
    %dup/vec4;
    %pushi/vec4 0, 0, 2;
    %cmp/u;
    %jmp/1 T_36.13, 6;
    %dup/vec4;
    %pushi/vec4 1, 0, 2;
    %cmp/u;
    %jmp/1 T_36.14, 6;
    %dup/vec4;
    %pushi/vec4 2, 0, 2;
    %cmp/u;
    %jmp/1 T_36.15, 6;
    %dup/vec4;
    %pushi/vec4 3, 0, 2;
    %cmp/u;
    %jmp/1 T_36.16, 6;
    %jmp T_36.17;
T_36.13 ;
    %load/vec4 v0x818e8e8a0_0;
    %flag_set/vec4 8;
    %jmp/1 T_36.21, 8;
    %load/vec4 v0x818e8e9e0_0;
    %flag_set/vec4 9;
    %flag_or 8, 9;
T_36.21;
    %jmp/1 T_36.20, 8;
    %load/vec4 v0x818e8e940_0;
    %flag_set/vec4 9;
    %flag_or 8, 9;
T_36.20;
    %jmp/0xz  T_36.18, 8;
    %load/vec4 v0x818e8f020_0;
    %nor/r;
    %assign/vec4 v0x818e8f700_0, 0;
    %load/vec4 v0x818e8e8a0_0;
    %flag_set/vec4 8;
    %flag_get/vec4 8;
    %jmp/1 T_36.22, 8;
    %load/vec4 v0x818e8e9e0_0;
    %or;
T_36.22;
    %assign/vec4 v0x818e8ebc0_0, 0;
    %pushi/vec4 0, 0, 4;
    %assign/vec4 v0x818e8f8e0_0, 0;
    %pushi/vec4 1, 0, 2;
    %assign/vec4 v0x818e8f660_0, 0;
T_36.18 ;
    %load/vec4 v0x818e8ea80_0;
    %flag_set/vec4 8;
    %jmp/0xz  T_36.23, 8;
    %pushi/vec4 1, 0, 1;
    %assign/vec4 v0x818e8f700_0, 0;
    %pushi/vec4 0, 0, 1;
    %assign/vec4 v0x818e8ebc0_0, 0;
    %pushi/vec4 2, 0, 2;
    %assign/vec4 v0x818e8f660_0, 0;
T_36.23 ;
    %jmp T_36.17;
T_36.14 ;
    %fork TD_picorv32_wb.picorv32_core.empty_statement, S_0x818e70480;
    %join;
    %fork TD_picorv32_wb.picorv32_core.empty_statement, S_0x818e70480;
    %join;
    %fork TD_picorv32_wb.picorv32_core.empty_statement, S_0x818e70480;
    %join;
    %fork TD_picorv32_wb.picorv32_core.empty_statement, S_0x818e70480;
    %join;
    %load/vec4 v0x818e8f980_0;
    %flag_set/vec4 8;
    %jmp/0xz  T_36.25, 8;
    %pushi/vec4 0, 0, 1;
    %assign/vec4 v0x818e8f700_0, 0;
    %pushi/vec4 0, 0, 1;
    %assign/vec4 v0x818e8ef80_0, 0;
    %load/vec4 v0x818e8e9e0_0;
    %flag_set/vec4 8;
    %jmp/1 T_36.29, 8;
    %load/vec4 v0x818e8e940_0;
    %flag_set/vec4 9;
    %flag_or 8, 9;
T_36.29;
    %jmp/0 T_36.27, 8;
    %pushi/vec4 0, 0, 3;
    %jmp/1 T_36.28, 8;
T_36.27 ; End of true expr.
    %pushi/vec4 3, 0, 3;
    %jmp/0 T_36.28, 8;
 ; End of false expr.
    %blend;
T_36.28;
    %pad/s 2;
    %assign/vec4 v0x818e8f660_0, 0;
T_36.25 ;
    %jmp T_36.17;
T_36.15 ;
    %fork TD_picorv32_wb.picorv32_core.empty_statement, S_0x818e70480;
    %join;
    %fork TD_picorv32_wb.picorv32_core.empty_statement, S_0x818e70480;
    %join;
    %load/vec4 v0x818e8f980_0;
    %flag_set/vec4 8;
    %jmp/0xz  T_36.30, 8;
    %pushi/vec4 0, 0, 1;
    %assign/vec4 v0x818e8f700_0, 0;
    %pushi/vec4 0, 0, 2;
    %assign/vec4 v0x818e8f660_0, 0;
T_36.30 ;
    %jmp T_36.17;
T_36.16 ;
    %fork TD_picorv32_wb.picorv32_core.empty_statement, S_0x818e70480;
    %join;
    %fork TD_picorv32_wb.picorv32_core.empty_statement, S_0x818e70480;
    %join;
    %load/vec4 v0x818e8e9e0_0;
    %flag_set/vec4 8;
    %jmp/0xz  T_36.32, 8;
    %pushi/vec4 0, 0, 2;
    %assign/vec4 v0x818e8f660_0, 0;
T_36.32 ;
    %jmp T_36.17;
T_36.17 ;
    %pop/vec4 1;
T_36.1 ;
    %load/vec4 v0x818e89720_0;
    %flag_set/vec4 8;
    %jmp/0xz  T_36.34, 8;
    %pushi/vec4 0, 0, 1;
    %assign/vec4 v0x818e90a00_0, 0;
T_36.34 ;
    %jmp T_36;
    .thread T_36;
    .scope S_0x818e70180;
T_37 ;
    %wait E_0x8191a2d80;
    %pushi/vec4 0, 0, 32; draw_string_vec4
    %pushi/vec4 0, 0, 32; draw_string_vec4
    %concat/vec4; draw_string_vec4
    %store/vec4 v0x818e8fa20_0, 0, 64;
    %load/vec4 v0x818e8c0a0_0;
    %flag_set/vec4 8;
    %jmp/0xz  T_37.0, 8;
    %pushi/vec4 0, 0, 32; draw_string_vec4
    %pushi/vec4 7107945, 0, 32; draw_string_vec4
    %concat/vec4; draw_string_vec4
    %store/vec4 v0x818e8fa20_0, 0, 64;
T_37.0 ;
    %load/vec4 v0x818e8b660_0;
    %flag_set/vec4 8;
    %jmp/0xz  T_37.2, 8;
    %pushi/vec4 97, 0, 32; draw_string_vec4
    %pushi/vec4 1969844323, 0, 32; draw_string_vec4
    %concat/vec4; draw_string_vec4
    %store/vec4 v0x818e8fa20_0, 0, 64;
T_37.2 ;
    %load/vec4 v0x818e8bca0_0;
    %flag_set/vec4 8;
    %jmp/0xz  T_37.4, 8;
    %pushi/vec4 0, 0, 32; draw_string_vec4
    %pushi/vec4 6971756, 0, 32; draw_string_vec4
    %concat/vec4; draw_string_vec4
    %store/vec4 v0x818e8fa20_0, 0, 64;
T_37.4 ;
    %load/vec4 v0x818e8bd40_0;
    %flag_set/vec4 8;
    %jmp/0xz  T_37.6, 8;
    %pushi/vec4 0, 0, 32; draw_string_vec4
    %pushi/vec4 1784769650, 0, 32; draw_string_vec4
    %concat/vec4; draw_string_vec4
    %store/vec4 v0x818e8fa20_0, 0, 64;
T_37.6 ;
    %load/vec4 v0x818e8b700_0;
    %flag_set/vec4 8;
    %jmp/0xz  T_37.8, 8;
    %pushi/vec4 0, 0, 32; draw_string_vec4
    %pushi/vec4 6448497, 0, 32; draw_string_vec4
    %concat/vec4; draw_string_vec4
    %store/vec4 v0x818e8fa20_0, 0, 64;
T_37.8 ;
    %load/vec4 v0x818e8ba20_0;
    %flag_set/vec4 8;
    %jmp/0xz  T_37.10, 8;
    %pushi/vec4 0, 0, 32; draw_string_vec4
    %pushi/vec4 6450789, 0, 32; draw_string_vec4
    %concat/vec4; draw_string_vec4
    %store/vec4 v0x818e8fa20_0, 0, 64;
T_37.10 ;
    %load/vec4 v0x818e8b8e0_0;
    %flag_set/vec4 8;
    %jmp/0xz  T_37.12, 8;
    %pushi/vec4 0, 0, 32; draw_string_vec4
    %pushi/vec4 6450292, 0, 32; draw_string_vec4
    %concat/vec4; draw_string_vec4
    %store/vec4 v0x818e8fa20_0, 0, 64;
T_37.12 ;
    %load/vec4 v0x818e8b7a0_0;
    %flag_set/vec4 8;
    %jmp/0xz  T_37.14, 8;
    %pushi/vec4 0, 0, 32; draw_string_vec4
    %pushi/vec4 6448997, 0, 32; draw_string_vec4
    %concat/vec4; draw_string_vec4
    %store/vec4 v0x818e8fa20_0, 0, 64;
T_37.14 ;
    %load/vec4 v0x818e8b980_0;
    %flag_set/vec4 8;
    %jmp/0xz  T_37.16, 8;
    %pushi/vec4 0, 0, 32; draw_string_vec4
    %pushi/vec4 1651274869, 0, 32; draw_string_vec4
    %concat/vec4; draw_string_vec4
    %store/vec4 v0x818e8fa20_0, 0, 64;
T_37.16 ;
    %load/vec4 v0x818e8b840_0;
    %flag_set/vec4 8;
    %jmp/0xz  T_37.18, 8;
    %pushi/vec4 0, 0, 32; draw_string_vec4
    %pushi/vec4 1650943349, 0, 32; draw_string_vec4
    %concat/vec4; draw_string_vec4
    %store/vec4 v0x818e8fa20_0, 0, 64;
T_37.18 ;
    %load/vec4 v0x818e8bde0_0;
    %flag_set/vec4 8;
    %jmp/0xz  T_37.20, 8;
    %pushi/vec4 0, 0, 32; draw_string_vec4
    %pushi/vec4 27746, 0, 32; draw_string_vec4
    %concat/vec4; draw_string_vec4
    %store/vec4 v0x818e8fa20_0, 0, 64;
T_37.20 ;
    %load/vec4 v0x818e8bf20_0;
    %flag_set/vec4 8;
    %jmp/0xz  T_37.22, 8;
    %pushi/vec4 0, 0, 32; draw_string_vec4
    %pushi/vec4 27752, 0, 32; draw_string_vec4
    %concat/vec4; draw_string_vec4
    %store/vec4 v0x818e8fa20_0, 0, 64;
T_37.22 ;
    %load/vec4 v0x818e8c140_0;
    %flag_set/vec4 8;
    %jmp/0xz  T_37.24, 8;
    %pushi/vec4 0, 0, 32; draw_string_vec4
    %pushi/vec4 27767, 0, 32; draw_string_vec4
    %concat/vec4; draw_string_vec4
    %store/vec4 v0x818e8fa20_0, 0, 64;
T_37.24 ;
    %load/vec4 v0x818e8be80_0;
    %flag_set/vec4 8;
    %jmp/0xz  T_37.26, 8;
    %pushi/vec4 0, 0, 32; draw_string_vec4
    %pushi/vec4 7103093, 0, 32; draw_string_vec4
    %concat/vec4; draw_string_vec4
    %store/vec4 v0x818e8fa20_0, 0, 64;
T_37.26 ;
    %load/vec4 v0x818e8c000_0;
    %flag_set/vec4 8;
    %jmp/0xz  T_37.28, 8;
    %pushi/vec4 0, 0, 32; draw_string_vec4
    %pushi/vec4 7104629, 0, 32; draw_string_vec4
    %concat/vec4; draw_string_vec4
    %store/vec4 v0x818e8fa20_0, 0, 64;
T_37.28 ;
    %load/vec4 v0x818e8c6e0_0;
    %flag_set/vec4 8;
    %jmp/0xz  T_37.30, 8;
    %pushi/vec4 0, 0, 32; draw_string_vec4
    %pushi/vec4 29538, 0, 32; draw_string_vec4
    %concat/vec4; draw_string_vec4
    %store/vec4 v0x818e8fa20_0, 0, 64;
T_37.30 ;
    %load/vec4 v0x818e8c820_0;
    %flag_set/vec4 8;
    %jmp/0xz  T_37.32, 8;
    %pushi/vec4 0, 0, 32; draw_string_vec4
    %pushi/vec4 29544, 0, 32; draw_string_vec4
    %concat/vec4; draw_string_vec4
    %store/vec4 v0x818e8fa20_0, 0, 64;
T_37.32 ;
    %load/vec4 v0x818e8cfa0_0;
    %flag_set/vec4 8;
    %jmp/0xz  T_37.34, 8;
    %pushi/vec4 0, 0, 32; draw_string_vec4
    %pushi/vec4 29559, 0, 32; draw_string_vec4
    %concat/vec4; draw_string_vec4
    %store/vec4 v0x818e8fa20_0, 0, 64;
T_37.34 ;
    %load/vec4 v0x818e8b480_0;
    %flag_set/vec4 8;
    %jmp/0xz  T_37.36, 8;
    %pushi/vec4 0, 0, 32; draw_string_vec4
    %pushi/vec4 1633969257, 0, 32; draw_string_vec4
    %concat/vec4; draw_string_vec4
    %store/vec4 v0x818e8fa20_0, 0, 64;
T_37.36 ;
    %load/vec4 v0x818e8caa0_0;
    %flag_set/vec4 8;
    %jmp/0xz  T_37.38, 8;
    %pushi/vec4 0, 0, 32; draw_string_vec4
    %pushi/vec4 1936487529, 0, 32; draw_string_vec4
    %concat/vec4; draw_string_vec4
    %store/vec4 v0x818e8fa20_0, 0, 64;
T_37.38 ;
    %load/vec4 v0x818e8cb40_0;
    %flag_set/vec4 8;
    %jmp/0xz  T_37.40, 8;
    %pushi/vec4 115, 0, 32; draw_string_vec4
    %pushi/vec4 1819568501, 0, 32; draw_string_vec4
    %concat/vec4; draw_string_vec4
    %store/vec4 v0x818e8fa20_0, 0, 64;
T_37.40 ;
    %load/vec4 v0x818e8d2c0_0;
    %flag_set/vec4 8;
    %jmp/0xz  T_37.42, 8;
    %pushi/vec4 0, 0, 32; draw_string_vec4
    %pushi/vec4 2020569705, 0, 32; draw_string_vec4
    %concat/vec4; draw_string_vec4
    %store/vec4 v0x818e8fa20_0, 0, 64;
T_37.42 ;
    %load/vec4 v0x818e8c320_0;
    %flag_set/vec4 8;
    %jmp/0xz  T_37.44, 8;
    %pushi/vec4 0, 0, 32; draw_string_vec4
    %pushi/vec4 7303785, 0, 32; draw_string_vec4
    %concat/vec4; draw_string_vec4
    %store/vec4 v0x818e8fa20_0, 0, 64;
T_37.44 ;
    %load/vec4 v0x818e8b5c0_0;
    %flag_set/vec4 8;
    %jmp/0xz  T_37.46, 8;
    %pushi/vec4 0, 0, 32; draw_string_vec4
    %pushi/vec4 1634624617, 0, 32; draw_string_vec4
    %concat/vec4; draw_string_vec4
    %store/vec4 v0x818e8fa20_0, 0, 64;
T_37.46 ;
    %load/vec4 v0x818e8c960_0;
    %flag_set/vec4 8;
    %jmp/0xz  T_37.48, 8;
    %pushi/vec4 0, 0, 32; draw_string_vec4
    %pushi/vec4 1936485481, 0, 32; draw_string_vec4
    %concat/vec4; draw_string_vec4
    %store/vec4 v0x818e8fa20_0, 0, 64;
T_37.48 ;
    %load/vec4 v0x818e8ce60_0;
    %flag_set/vec4 8;
    %jmp/0xz  T_37.50, 8;
    %pushi/vec4 0, 0, 32; draw_string_vec4
    %pushi/vec4 1936878697, 0, 32; draw_string_vec4
    %concat/vec4; draw_string_vec4
    %store/vec4 v0x818e8fa20_0, 0, 64;
T_37.50 ;
    %load/vec4 v0x818e8cd20_0;
    %flag_set/vec4 8;
    %jmp/0xz  T_37.52, 8;
    %pushi/vec4 0, 0, 32; draw_string_vec4
    %pushi/vec4 1936875881, 0, 32; draw_string_vec4
    %concat/vec4; draw_string_vec4
    %store/vec4 v0x818e8fa20_0, 0, 64;
T_37.52 ;
    %load/vec4 v0x818e8b3e0_0;
    %flag_set/vec4 8;
    %jmp/0xz  T_37.54, 8;
    %pushi/vec4 0, 0, 32; draw_string_vec4
    %pushi/vec4 6382692, 0, 32; draw_string_vec4
    %concat/vec4; draw_string_vec4
    %store/vec4 v0x818e8fa20_0, 0, 64;
T_37.54 ;
    %load/vec4 v0x818e8cf00_0;
    %flag_set/vec4 8;
    %jmp/0xz  T_37.56, 8;
    %pushi/vec4 0, 0, 32; draw_string_vec4
    %pushi/vec4 7566690, 0, 32; draw_string_vec4
    %concat/vec4; draw_string_vec4
    %store/vec4 v0x818e8fa20_0, 0, 64;
T_37.56 ;
    %load/vec4 v0x818e8c8c0_0;
    %flag_set/vec4 8;
    %jmp/0xz  T_37.58, 8;
    %pushi/vec4 0, 0, 32; draw_string_vec4
    %pushi/vec4 7564396, 0, 32; draw_string_vec4
    %concat/vec4; draw_string_vec4
    %store/vec4 v0x818e8fa20_0, 0, 64;
T_37.58 ;
    %load/vec4 v0x818e8ca00_0;
    %flag_set/vec4 8;
    %jmp/0xz  T_37.60, 8;
    %pushi/vec4 0, 0, 32; draw_string_vec4
    %pushi/vec4 7564404, 0, 32; draw_string_vec4
    %concat/vec4; draw_string_vec4
    %store/vec4 v0x818e8fa20_0, 0, 64;
T_37.60 ;
    %load/vec4 v0x818e8cbe0_0;
    %flag_set/vec4 8;
    %jmp/0xz  T_37.62, 8;
    %pushi/vec4 0, 0, 32; draw_string_vec4
    %pushi/vec4 1936487541, 0, 32; draw_string_vec4
    %concat/vec4; draw_string_vec4
    %store/vec4 v0x818e8fa20_0, 0, 64;
T_37.62 ;
    %load/vec4 v0x818e8d220_0;
    %flag_set/vec4 8;
    %jmp/0xz  T_37.64, 8;
    %pushi/vec4 0, 0, 32; draw_string_vec4
    %pushi/vec4 7892850, 0, 32; draw_string_vec4
    %concat/vec4; draw_string_vec4
    %store/vec4 v0x818e8fa20_0, 0, 64;
T_37.64 ;
    %load/vec4 v0x818e8cdc0_0;
    %flag_set/vec4 8;
    %jmp/0xz  T_37.66, 8;
    %pushi/vec4 0, 0, 32; draw_string_vec4
    %pushi/vec4 7565932, 0, 32; draw_string_vec4
    %concat/vec4; draw_string_vec4
    %store/vec4 v0x818e8fa20_0, 0, 64;
T_37.66 ;
    %load/vec4 v0x818e8cc80_0;
    %flag_set/vec4 8;
    %jmp/0xz  T_37.68, 8;
    %pushi/vec4 0, 0, 32; draw_string_vec4
    %pushi/vec4 7565921, 0, 32; draw_string_vec4
    %concat/vec4; draw_string_vec4
    %store/vec4 v0x818e8fa20_0, 0, 64;
T_37.68 ;
    %load/vec4 v0x818e8c280_0;
    %flag_set/vec4 8;
    %jmp/0xz  T_37.70, 8;
    %pushi/vec4 0, 0, 32; draw_string_vec4
    %pushi/vec4 28530, 0, 32; draw_string_vec4
    %concat/vec4; draw_string_vec4
    %store/vec4 v0x818e8fa20_0, 0, 64;
T_37.70 ;
    %load/vec4 v0x818e8b520_0;
    %flag_set/vec4 8;
    %jmp/0xz  T_37.72, 8;
    %pushi/vec4 0, 0, 32; draw_string_vec4
    %pushi/vec4 6385252, 0, 32; draw_string_vec4
    %concat/vec4; draw_string_vec4
    %store/vec4 v0x818e8fa20_0, 0, 64;
T_37.72 ;
    %load/vec4 v0x818e8c3c0_0;
    %flag_set/vec4 8;
    %jmp/0xz  T_37.74, 8;
    %pushi/vec4 7496803, 0, 32; draw_string_vec4
    %pushi/vec4 2036558949, 0, 32; draw_string_vec4
    %concat/vec4; draw_string_vec4
    %store/vec4 v0x818e8fa20_0, 0, 64;
T_37.74 ;
    %load/vec4 v0x818e8c460_0;
    %flag_set/vec4 8;
    %jmp/0xz  T_37.76, 8;
    %pushi/vec4 1919181689, 0, 32; draw_string_vec4
    %pushi/vec4 1668048232, 0, 32; draw_string_vec4
    %concat/vec4; draw_string_vec4
    %store/vec4 v0x818e8fa20_0, 0, 64;
T_37.76 ;
    %load/vec4 v0x818e8c500_0;
    %flag_set/vec4 8;
    %jmp/0xz  T_37.78, 8;
    %pushi/vec4 7496809, 0, 32; draw_string_vec4
    %pushi/vec4 1853060210, 0, 32; draw_string_vec4
    %concat/vec4; draw_string_vec4
    %store/vec4 v0x818e8fa20_0, 0, 64;
T_37.78 ;
    %load/vec4 v0x818e8c5a0_0;
    %flag_set/vec4 8;
    %jmp/0xz  T_37.80, 8;
    %pushi/vec4 1919183214, 0, 32; draw_string_vec4
    %pushi/vec4 1937011304, 0, 32; draw_string_vec4
    %concat/vec4; draw_string_vec4
    %store/vec4 v0x818e8fa20_0, 0, 64;
T_37.80 ;
    %load/vec4 v0x818e8bb60_0;
    %flag_set/vec4 8;
    %jmp/0xz  T_37.82, 8;
    %pushi/vec4 102, 0, 32; draw_string_vec4
    %pushi/vec4 1701733221, 0, 32; draw_string_vec4
    %concat/vec4; draw_string_vec4
    %store/vec4 v0x818e8fa20_0, 0, 64;
T_37.82 ;
    %load/vec4 v0x818e8bc00_0;
    %flag_set/vec4 8;
    %jmp/0xz  T_37.84, 8;
    %pushi/vec4 0, 0, 32; draw_string_vec4
    %pushi/vec4 1734702193, 0, 32; draw_string_vec4
    %concat/vec4; draw_string_vec4
    %store/vec4 v0x818e8fa20_0, 0, 64;
T_37.84 ;
    %load/vec4 v0x818e8c780_0;
    %flag_set/vec4 8;
    %jmp/0xz  T_37.86, 8;
    %pushi/vec4 0, 0, 32; draw_string_vec4
    %pushi/vec4 1936028785, 0, 32; draw_string_vec4
    %concat/vec4; draw_string_vec4
    %store/vec4 v0x818e8fa20_0, 0, 64;
T_37.86 ;
    %load/vec4 v0x818e8c640_0;
    %flag_set/vec4 8;
    %jmp/0xz  T_37.88, 8;
    %pushi/vec4 29285, 0, 32; draw_string_vec4
    %pushi/vec4 1953067633, 0, 32; draw_string_vec4
    %concat/vec4; draw_string_vec4
    %store/vec4 v0x818e8fa20_0, 0, 64;
T_37.88 ;
    %load/vec4 v0x818e8c1e0_0;
    %flag_set/vec4 8;
    %jmp/0xz  T_37.90, 8;
    %pushi/vec4 7168371, 0, 32; draw_string_vec4
    %pushi/vec4 1802072689, 0, 32; draw_string_vec4
    %concat/vec4; draw_string_vec4
    %store/vec4 v0x818e8fa20_0, 0, 64;
T_37.90 ;
    %load/vec4 v0x818e8d180_0;
    %flag_set/vec4 8;
    %jmp/0xz  T_37.92, 8;
    %pushi/vec4 7823721, 0, 32; draw_string_vec4
    %pushi/vec4 1953067633, 0, 32; draw_string_vec4
    %concat/vec4; draw_string_vec4
    %store/vec4 v0x818e8fa20_0, 0, 64;
T_37.92 ;
    %load/vec4 v0x818e8d040_0;
    %flag_set/vec4 8;
    %jmp/0xz  T_37.94, 8;
    %pushi/vec4 116, 0, 32; draw_string_vec4
    %pushi/vec4 1768777074, 0, 32; draw_string_vec4
    %concat/vec4; draw_string_vec4
    %store/vec4 v0x818e8fa20_0, 0, 64;
T_37.94 ;
    %jmp T_37;
    .thread T_37, $push;
    .scope S_0x818e70180;
T_38 ;
    %wait E_0x8191a2bc0;
    %load/vec4 v0x818e89f40_0;
    %assign/vec4 v0x818e90aa0_0, 0;
    %load/vec4 v0x818e8a120_0;
    %assign/vec4 v0x818e90b40_0, 0;
    %load/vec4 v0x818e8a1c0_0;
    %assign/vec4 v0x818e90be0_0, 0;
    %load/vec4 v0x818e8a300_0;
    %assign/vec4 v0x818e90d20_0, 0;
    %load/vec4 v0x818e8a3a0_0;
    %assign/vec4 v0x818e90dc0_0, 0;
    %load/vec4 v0x818e8a260_0;
    %assign/vec4 v0x818e90c80_0, 0;
    %load/vec4 v0x818e8e6c0_0;
    %assign/vec4 v0x818e8a8a0_0, 0;
    %load/vec4 v0x818e91220_0;
    %nor/r;
    %flag_set/vec4 8;
    %jmp/1 T_38.2, 8;
    %load/vec4 v0x818e91680_0;
    %flag_set/vec4 9;
    %flag_or 8, 9;
T_38.2;
    %jmp/0xz  T_38.0, 8;
    %pushi/vec4 0, 0, 1;
    %assign/vec4 v0x818e8abc0_0, 0;
    %jmp T_38.1;
T_38.0 ;
    %load/vec4 v0x818e8e6c0_0;
    %flag_set/vec4 8;
    %jmp/0xz  T_38.3, 8;
    %pushi/vec4 1, 0, 1;
    %assign/vec4 v0x818e8abc0_0, 0;
T_38.3 ;
T_38.1 ;
    %load/vec4 v0x818e8b200_0;
    %flag_set/vec4 8;
    %jmp/0xz  T_38.5, 8;
    %load/vec4 v0x818e8fa20_0;
    %assign/vec4 v0x818e89360_0, 0;
    %load/vec4 v0x818e8ac60_0;
    %assign/vec4 v0x818e89400_0, 0;
    %load/vec4 v0x818e8fac0_0;
    %parti/s 2, 0, 2;
    %and/r;
    %flag_set/vec4 8;
    %jmp/0xz  T_38.7, 8;
    %load/vec4 v0x818e8fac0_0;
    %assign/vec4 v0x818e894a0_0, 0;
    %jmp T_38.8;
T_38.7 ;
    %pushi/vec4 0, 0, 16;
    %load/vec4 v0x818e8fac0_0;
    %parti/s 16, 0, 2;
    %concat/vec4; draw_concat_vec4
    %assign/vec4 v0x818e894a0_0, 0;
T_38.8 ;
    %load/vec4 v0x818e8aee0_0;
    %assign/vec4 v0x818e895e0_0, 0;
    %load/vec4 v0x818e8af80_0;
    %assign/vec4 v0x818e89680_0, 0;
    %load/vec4 v0x818e8ada0_0;
    %assign/vec4 v0x818e89540_0, 0;
T_38.5 ;
    %load/vec4 v0x818e8e6c0_0;
    %flag_set/vec4 8;
    %jmp/0xz  T_38.9, 8;
    %load/vec4 v0x818e8fc00_0;
    %assign/vec4 v0x818e8a080_0, 0;
T_38.9 ;
    %jmp T_38;
    .thread T_38;
    .scope S_0x818e70180;
T_39 ;
    %wait E_0x8191a2d40;
    %load/vec4 v0x818e90aa0_0;
    %store/vec4 v0x818e89f40_0, 0, 64;
    %load/vec4 v0x818e90b40_0;
    %store/vec4 v0x818e8a120_0, 0, 32;
    %load/vec4 v0x818e90be0_0;
    %store/vec4 v0x818e8a1c0_0, 0, 32;
    %load/vec4 v0x818e90d20_0;
    %store/vec4 v0x818e8a300_0, 0, 5;
    %load/vec4 v0x818e90dc0_0;
    %store/vec4 v0x818e8a3a0_0, 0, 5;
    %load/vec4 v0x818e90c80_0;
    %store/vec4 v0x818e8a260_0, 0, 5;
    %load/vec4 v0x818e8a8a0_0;
    %flag_set/vec4 8;
    %jmp/0xz  T_39.0, 8;
    %load/vec4 v0x818e8b0c0_0;
    %flag_set/vec4 8;
    %jmp/0xz  T_39.2, 8;
    %load/vec4 v0x818e89360_0;
    %store/vec4 v0x818e89f40_0, 0, 64;
    %load/vec4 v0x818e89400_0;
    %store/vec4 v0x818e8a120_0, 0, 32;
    %load/vec4 v0x818e894a0_0;
    %store/vec4 v0x818e8a1c0_0, 0, 32;
    %load/vec4 v0x818e895e0_0;
    %store/vec4 v0x818e8a300_0, 0, 5;
    %load/vec4 v0x818e89680_0;
    %store/vec4 v0x818e8a3a0_0, 0, 5;
    %load/vec4 v0x818e89540_0;
    %store/vec4 v0x818e8a260_0, 0, 5;
    %jmp T_39.3;
T_39.2 ;
    %load/vec4 v0x818e8fa20_0;
    %store/vec4 v0x818e89f40_0, 0, 64;
    %load/vec4 v0x818e8fac0_0;
    %parti/s 2, 0, 2;
    %and/r;
    %flag_set/vec4 8;
    %jmp/0xz  T_39.4, 8;
    %load/vec4 v0x818e8fac0_0;
    %store/vec4 v0x818e8a1c0_0, 0, 32;
    %jmp T_39.5;
T_39.4 ;
    %pushi/vec4 0, 0, 16;
    %load/vec4 v0x818e8fac0_0;
    %parti/s 16, 0, 2;
    %concat/vec4; draw_concat_vec4
    %store/vec4 v0x818e8a1c0_0, 0, 32;
T_39.5 ;
    %load/vec4 v0x818e8ac60_0;
    %store/vec4 v0x818e8a120_0, 0, 32;
    %load/vec4 v0x818e8aee0_0;
    %store/vec4 v0x818e8a300_0, 0, 5;
    %load/vec4 v0x818e8af80_0;
    %store/vec4 v0x818e8a3a0_0, 0, 5;
    %load/vec4 v0x818e8ada0_0;
    %store/vec4 v0x818e8a260_0, 0, 5;
T_39.3 ;
T_39.0 ;
    %jmp T_39;
    .thread T_39, $push;
    .scope S_0x818e70180;
T_40 ;
    %wait E_0x8191a2bc0;
    %load/vec4 v0x818e8c0a0_0;
    %load/vec4 v0x818e8b660_0;
    %concat/vec4; draw_concat_vec4
    %load/vec4 v0x818e8bca0_0;
    %concat/vec4; draw_concat_vec4
    %or/r;
    %assign/vec4 v0x818e8db80_0, 0;
    %load/vec4 v0x818e8c0a0_0;
    %load/vec4 v0x818e8b660_0;
    %concat/vec4; draw_concat_vec4
    %load/vec4 v0x818e8bca0_0;
    %concat/vec4; draw_concat_vec4
    %load/vec4 v0x818e8bd40_0;
    %concat/vec4; draw_concat_vec4
    %load/vec4 v0x818e8b480_0;
    %concat/vec4; draw_concat_vec4
    %load/vec4 v0x818e8b3e0_0;
    %concat/vec4; draw_concat_vec4
    %load/vec4 v0x818e8cf00_0;
    %concat/vec4; draw_concat_vec4
    %or/r;
    %assign/vec4 v0x818e8dc20_0, 0;
    %load/vec4 v0x818e8caa0_0;
    %load/vec4 v0x818e8b8e0_0;
    %concat/vec4; draw_concat_vec4
    %load/vec4 v0x818e8ca00_0;
    %concat/vec4; draw_concat_vec4
    %or/r;
    %assign/vec4 v0x818e8df40_0, 0;
    %load/vec4 v0x818e8cb40_0;
    %load/vec4 v0x818e8b980_0;
    %concat/vec4; draw_concat_vec4
    %load/vec4 v0x818e8cbe0_0;
    %concat/vec4; draw_concat_vec4
    %or/r;
    %assign/vec4 v0x818e8dfe0_0, 0;
    %load/vec4 v0x818e8be80_0;
    %load/vec4 v0x818e8c000_0;
    %concat/vec4; draw_concat_vec4
    %load/vec4 v0x818e8c140_0;
    %concat/vec4; draw_concat_vec4
    %or/r;
    %assign/vec4 v0x818e8dae0_0, 0;
    %load/vec4 v0x818e8d860_0;
    %load/vec4 v0x818e8caa0_0;
    %concat/vec4; draw_concat_vec4
    %load/vec4 v0x818e8ca00_0;
    %concat/vec4; draw_concat_vec4
    %load/vec4 v0x818e8cb40_0;
    %concat/vec4; draw_concat_vec4
    %load/vec4 v0x818e8cbe0_0;
    %concat/vec4; draw_concat_vec4
    %or/r;
    %assign/vec4 v0x818e8d900_0, 0;
    %load/vec4 v0x818e8e9e0_0;
    %flag_set/vec4 9;
    %flag_get/vec4 9;
    %jmp/0 T_40.2, 9;
    %load/vec4 v0x818e8eb20_0;
    %and;
T_40.2;
    %flag_set/vec4 8;
    %jmp/0xz  T_40.0, 8;
    %load/vec4 v0x818e8f340_0;
    %parti/s 7, 0, 2;
    %pushi/vec4 55, 0, 7;
    %cmp/e;
    %flag_get/vec4 4;
    %assign/vec4 v0x818e8c0a0_0, 0;
    %load/vec4 v0x818e8f340_0;
    %parti/s 7, 0, 2;
    %pushi/vec4 23, 0, 7;
    %cmp/e;
    %flag_get/vec4 4;
    %assign/vec4 v0x818e8b660_0, 0;
    %load/vec4 v0x818e8f340_0;
    %parti/s 7, 0, 2;
    %pushi/vec4 111, 0, 7;
    %cmp/e;
    %flag_get/vec4 4;
    %assign/vec4 v0x818e8bca0_0, 0;
    %load/vec4 v0x818e8f340_0;
    %parti/s 7, 0, 2;
    %cmpi/e 103, 0, 7;
    %flag_get/vec4 4;
    %jmp/0 T_40.3, 4;
    %load/vec4 v0x818e8f340_0;
    %parti/s 3, 12, 5;
    %pushi/vec4 0, 0, 3;
    %cmp/e;
    %flag_get/vec4 4;
    %and;
T_40.3;
    %assign/vec4 v0x818e8bd40_0, 0;
    %load/vec4 v0x818e8f340_0;
    %parti/s 7, 0, 2;
    %cmpi/e 11, 0, 7;
    %flag_get/vec4 4;
    %jmp/0 T_40.5, 4;
    %load/vec4 v0x818e8f340_0;
    %parti/s 7, 25, 6;
    %pushi/vec4 2, 0, 7;
    %cmp/e;
    %flag_get/vec4 4;
    %and;
T_40.5;
    %flag_set/vec4 8;
    %flag_get/vec4 8;
    %jmp/0 T_40.4, 8;
    %pushi/vec4 0, 0, 1;
    %and;
T_40.4;
    %assign/vec4 v0x818e8c640_0, 0;
    %load/vec4 v0x818e8f340_0;
    %parti/s 7, 0, 2;
    %cmpi/e 11, 0, 7;
    %flag_get/vec4 4;
    %jmp/0 T_40.7, 4;
    %load/vec4 v0x818e8f340_0;
    %parti/s 7, 25, 6;
    %pushi/vec4 4, 0, 7;
    %cmp/e;
    %flag_get/vec4 4;
    %and;
T_40.7;
    %flag_set/vec4 8;
    %flag_get/vec4 8;
    %jmp/0 T_40.6, 8;
    %pushi/vec4 0, 0, 1;
    %and;
T_40.6;
    %assign/vec4 v0x818e8d180_0, 0;
    %load/vec4 v0x818e8f340_0;
    %parti/s 7, 0, 2;
    %pushi/vec4 99, 0, 7;
    %cmp/e;
    %flag_get/vec4 4;
    %assign/vec4 v0x818e8d860_0, 0;
    %load/vec4 v0x818e8f340_0;
    %parti/s 7, 0, 2;
    %pushi/vec4 3, 0, 7;
    %cmp/e;
    %flag_get/vec4 4;
    %assign/vec4 v0x818e8da40_0, 0;
    %load/vec4 v0x818e8f340_0;
    %parti/s 7, 0, 2;
    %pushi/vec4 35, 0, 7;
    %cmp/e;
    %flag_get/vec4 4;
    %assign/vec4 v0x818e8dd60_0, 0;
    %load/vec4 v0x818e8f340_0;
    %parti/s 7, 0, 2;
    %pushi/vec4 19, 0, 7;
    %cmp/e;
    %flag_get/vec4 4;
    %assign/vec4 v0x818e8d720_0, 0;
    %load/vec4 v0x818e8f340_0;
    %parti/s 7, 0, 2;
    %pushi/vec4 51, 0, 7;
    %cmp/e;
    %flag_get/vec4 4;
    %assign/vec4 v0x818e8d7c0_0, 0;
    %load/vec4 v0x818e8f340_0;
    %parti/s 20, 12, 5;
    %concati/vec4 0, 0, 1;
    %pad/s 32;
    %split/vec4 1;
    %ix/load 5, 0, 0;
    %ix/load 4, 0, 0;
    %flag_set/imm 4, 0;
    %assign/vec4/off/d v0x818e8ad00_0, 4, 5;
    %split/vec4 8;
    %ix/load 5, 0, 0;
    %ix/load 4, 12, 0;
    %flag_set/imm 4, 0;
    %assign/vec4/off/d v0x818e8ad00_0, 4, 5;
    %split/vec4 1;
    %ix/load 5, 0, 0;
    %ix/load 4, 11, 0;
    %flag_set/imm 4, 0;
    %assign/vec4/off/d v0x818e8ad00_0, 4, 5;
    %split/vec4 10;
    %ix/load 5, 0, 0;
    %ix/load 4, 1, 0;
    %flag_set/imm 4, 0;
    %assign/vec4/off/d v0x818e8ad00_0, 4, 5;
    %ix/load 5, 0, 0;
    %ix/load 4, 20, 0;
    %flag_set/imm 4, 0;
    %assign/vec4/off/d v0x818e8ad00_0, 4, 5;
    %load/vec4 v0x818e8f340_0;
    %parti/s 5, 7, 4;
    %assign/vec4 v0x818e8ada0_0, 0;
    %load/vec4 v0x818e8f340_0;
    %parti/s 5, 15, 5;
    %assign/vec4 v0x818e8aee0_0, 0;
    %load/vec4 v0x818e8f340_0;
    %parti/s 5, 20, 6;
    %assign/vec4 v0x818e8af80_0, 0;
    %load/vec4 v0x818e8f340_0;
    %parti/s 7, 0, 2;
    %cmpi/e 11, 0, 7;
    %flag_get/vec4 4;
    %jmp/0 T_40.12, 4;
    %load/vec4 v0x818e8f340_0;
    %parti/s 7, 25, 6;
    %pushi/vec4 0, 0, 7;
    %cmp/e;
    %flag_get/vec4 4;
    %and;
T_40.12;
    %flag_set/vec4 10;
    %flag_get/vec4 10;
    %jmp/0 T_40.11, 10;
    %pushi/vec4 0, 0, 1;
    %and;
T_40.11;
    %flag_set/vec4 9;
    %flag_get/vec4 9;
    %jmp/0 T_40.10, 9;
    %pushi/vec4 1, 0, 1;
    %and;
T_40.10;
    %flag_set/vec4 8;
    %jmp/0xz  T_40.8, 8;
    %pushi/vec4 1, 0, 1;
    %ix/load 5, 0, 0;
    %ix/load 4, 4, 0;
    %flag_set/imm 4, 0;
    %assign/vec4/off/d v0x818e8aee0_0, 4, 5;
T_40.8 ;
    %load/vec4 v0x818e8f340_0;
    %parti/s 7, 0, 2;
    %cmpi/e 11, 0, 7;
    %flag_get/vec4 4;
    %jmp/0 T_40.16, 4;
    %load/vec4 v0x818e8f340_0;
    %parti/s 7, 25, 6;
    %pushi/vec4 2, 0, 7;
    %cmp/e;
    %flag_get/vec4 4;
    %and;
T_40.16;
    %flag_set/vec4 9;
    %flag_get/vec4 9;
    %jmp/0 T_40.15, 9;
    %pushi/vec4 0, 0, 1;
    %and;
T_40.15;
    %flag_set/vec4 8;
    %jmp/0xz  T_40.13, 8;
    %pushi/vec4 0, 0, 5;
    %assign/vec4 v0x818e8aee0_0, 0;
T_40.13 ;
    %pushi/vec4 0, 0, 1;
    %assign/vec4 v0x818e89900_0, 0;
T_40.0 ;
    %load/vec4 v0x818e8b160_0;
    %flag_set/vec4 9;
    %flag_get/vec4 9;
    %jmp/0 T_40.19, 9;
    %load/vec4 v0x818e8b020_0;
    %nor/r;
    %and;
T_40.19;
    %flag_set/vec4 8;
    %jmp/0xz  T_40.17, 8;
    %pushi/vec4 4294967295, 4294967295, 32;
    %assign/vec4 v0x818e8ff20_0, 0;
    %load/vec4 v0x818e8d860_0;
    %flag_set/vec4 8;
    %flag_get/vec4 8;
    %jmp/0 T_40.20, 8;
    %load/vec4 v0x818e8f480_0;
    %parti/s 3, 12, 5;
    %pushi/vec4 0, 0, 3;
    %cmp/e;
    %flag_get/vec4 4;
    %and;
T_40.20;
    %assign/vec4 v0x818e8b700_0, 0;
    %load/vec4 v0x818e8d860_0;
    %flag_set/vec4 8;
    %flag_get/vec4 8;
    %jmp/0 T_40.21, 8;
    %load/vec4 v0x818e8f480_0;
    %parti/s 3, 12, 5;
    %pushi/vec4 1, 0, 3;
    %cmp/e;
    %flag_get/vec4 4;
    %and;
T_40.21;
    %assign/vec4 v0x818e8ba20_0, 0;
    %load/vec4 v0x818e8d860_0;
    %flag_set/vec4 8;
    %flag_get/vec4 8;
    %jmp/0 T_40.22, 8;
    %load/vec4 v0x818e8f480_0;
    %parti/s 3, 12, 5;
    %pushi/vec4 4, 0, 3;
    %cmp/e;
    %flag_get/vec4 4;
    %and;
T_40.22;
    %assign/vec4 v0x818e8b8e0_0, 0;
    %load/vec4 v0x818e8d860_0;
    %flag_set/vec4 8;
    %flag_get/vec4 8;
    %jmp/0 T_40.23, 8;
    %load/vec4 v0x818e8f480_0;
    %parti/s 3, 12, 5;
    %pushi/vec4 5, 0, 3;
    %cmp/e;
    %flag_get/vec4 4;
    %and;
T_40.23;
    %assign/vec4 v0x818e8b7a0_0, 0;
    %load/vec4 v0x818e8d860_0;
    %flag_set/vec4 8;
    %flag_get/vec4 8;
    %jmp/0 T_40.24, 8;
    %load/vec4 v0x818e8f480_0;
    %parti/s 3, 12, 5;
    %pushi/vec4 6, 0, 3;
    %cmp/e;
    %flag_get/vec4 4;
    %and;
T_40.24;
    %assign/vec4 v0x818e8b980_0, 0;
    %load/vec4 v0x818e8d860_0;
    %flag_set/vec4 8;
    %flag_get/vec4 8;
    %jmp/0 T_40.25, 8;
    %load/vec4 v0x818e8f480_0;
    %parti/s 3, 12, 5;
    %pushi/vec4 7, 0, 3;
    %cmp/e;
    %flag_get/vec4 4;
    %and;
T_40.25;
    %assign/vec4 v0x818e8b840_0, 0;
    %load/vec4 v0x818e8da40_0;
    %flag_set/vec4 8;
    %flag_get/vec4 8;
    %jmp/0 T_40.26, 8;
    %load/vec4 v0x818e8f480_0;
    %parti/s 3, 12, 5;
    %pushi/vec4 0, 0, 3;
    %cmp/e;
    %flag_get/vec4 4;
    %and;
T_40.26;
    %assign/vec4 v0x818e8bde0_0, 0;
    %load/vec4 v0x818e8da40_0;
    %flag_set/vec4 8;
    %flag_get/vec4 8;
    %jmp/0 T_40.27, 8;
    %load/vec4 v0x818e8f480_0;
    %parti/s 3, 12, 5;
    %pushi/vec4 1, 0, 3;
    %cmp/e;
    %flag_get/vec4 4;
    %and;
T_40.27;
    %assign/vec4 v0x818e8bf20_0, 0;
    %load/vec4 v0x818e8da40_0;
    %flag_set/vec4 8;
    %flag_get/vec4 8;
    %jmp/0 T_40.28, 8;
    %load/vec4 v0x818e8f480_0;
    %parti/s 3, 12, 5;
    %pushi/vec4 2, 0, 3;
    %cmp/e;
    %flag_get/vec4 4;
    %and;
T_40.28;
    %assign/vec4 v0x818e8c140_0, 0;
    %load/vec4 v0x818e8da40_0;
    %flag_set/vec4 8;
    %flag_get/vec4 8;
    %jmp/0 T_40.29, 8;
    %load/vec4 v0x818e8f480_0;
    %parti/s 3, 12, 5;
    %pushi/vec4 4, 0, 3;
    %cmp/e;
    %flag_get/vec4 4;
    %and;
T_40.29;
    %assign/vec4 v0x818e8be80_0, 0;
    %load/vec4 v0x818e8da40_0;
    %flag_set/vec4 8;
    %flag_get/vec4 8;
    %jmp/0 T_40.30, 8;
    %load/vec4 v0x818e8f480_0;
    %parti/s 3, 12, 5;
    %pushi/vec4 5, 0, 3;
    %cmp/e;
    %flag_get/vec4 4;
    %and;
T_40.30;
    %assign/vec4 v0x818e8c000_0, 0;
    %load/vec4 v0x818e8dd60_0;
    %flag_set/vec4 8;
    %flag_get/vec4 8;
    %jmp/0 T_40.31, 8;
    %load/vec4 v0x818e8f480_0;
    %parti/s 3, 12, 5;
    %pushi/vec4 0, 0, 3;
    %cmp/e;
    %flag_get/vec4 4;
    %and;
T_40.31;
    %assign/vec4 v0x818e8c6e0_0, 0;
    %load/vec4 v0x818e8dd60_0;
    %flag_set/vec4 8;
    %flag_get/vec4 8;
    %jmp/0 T_40.32, 8;
    %load/vec4 v0x818e8f480_0;
    %parti/s 3, 12, 5;
    %pushi/vec4 1, 0, 3;
    %cmp/e;
    %flag_get/vec4 4;
    %and;
T_40.32;
    %assign/vec4 v0x818e8c820_0, 0;
    %load/vec4 v0x818e8dd60_0;
    %flag_set/vec4 8;
    %flag_get/vec4 8;
    %jmp/0 T_40.33, 8;
    %load/vec4 v0x818e8f480_0;
    %parti/s 3, 12, 5;
    %pushi/vec4 2, 0, 3;
    %cmp/e;
    %flag_get/vec4 4;
    %and;
T_40.33;
    %assign/vec4 v0x818e8cfa0_0, 0;
    %load/vec4 v0x818e8d720_0;
    %flag_set/vec4 8;
    %flag_get/vec4 8;
    %jmp/0 T_40.34, 8;
    %load/vec4 v0x818e8f480_0;
    %parti/s 3, 12, 5;
    %pushi/vec4 0, 0, 3;
    %cmp/e;
    %flag_get/vec4 4;
    %and;
T_40.34;
    %assign/vec4 v0x818e8b480_0, 0;
    %load/vec4 v0x818e8d720_0;
    %flag_set/vec4 8;
    %flag_get/vec4 8;
    %jmp/0 T_40.35, 8;
    %load/vec4 v0x818e8f480_0;
    %parti/s 3, 12, 5;
    %pushi/vec4 2, 0, 3;
    %cmp/e;
    %flag_get/vec4 4;
    %and;
T_40.35;
    %assign/vec4 v0x818e8caa0_0, 0;
    %load/vec4 v0x818e8d720_0;
    %flag_set/vec4 8;
    %flag_get/vec4 8;
    %jmp/0 T_40.36, 8;
    %load/vec4 v0x818e8f480_0;
    %parti/s 3, 12, 5;
    %pushi/vec4 3, 0, 3;
    %cmp/e;
    %flag_get/vec4 4;
    %and;
T_40.36;
    %assign/vec4 v0x818e8cb40_0, 0;
    %load/vec4 v0x818e8d720_0;
    %flag_set/vec4 8;
    %flag_get/vec4 8;
    %jmp/0 T_40.37, 8;
    %load/vec4 v0x818e8f480_0;
    %parti/s 3, 12, 5;
    %pushi/vec4 4, 0, 3;
    %cmp/e;
    %flag_get/vec4 4;
    %and;
T_40.37;
    %assign/vec4 v0x818e8d2c0_0, 0;
    %load/vec4 v0x818e8d720_0;
    %flag_set/vec4 8;
    %flag_get/vec4 8;
    %jmp/0 T_40.38, 8;
    %load/vec4 v0x818e8f480_0;
    %parti/s 3, 12, 5;
    %pushi/vec4 6, 0, 3;
    %cmp/e;
    %flag_get/vec4 4;
    %and;
T_40.38;
    %assign/vec4 v0x818e8c320_0, 0;
    %load/vec4 v0x818e8d720_0;
    %flag_set/vec4 8;
    %flag_get/vec4 8;
    %jmp/0 T_40.39, 8;
    %load/vec4 v0x818e8f480_0;
    %parti/s 3, 12, 5;
    %pushi/vec4 7, 0, 3;
    %cmp/e;
    %flag_get/vec4 4;
    %and;
T_40.39;
    %assign/vec4 v0x818e8b5c0_0, 0;
    %load/vec4 v0x818e8d720_0;
    %flag_set/vec4 9;
    %flag_get/vec4 9;
    %jmp/0 T_40.41, 9;
    %load/vec4 v0x818e8f480_0;
    %parti/s 3, 12, 5;
    %pushi/vec4 1, 0, 3;
    %cmp/e;
    %flag_get/vec4 4;
    %and;
T_40.41;
    %flag_set/vec4 8;
    %flag_get/vec4 8;
    %jmp/0 T_40.40, 8;
    %load/vec4 v0x818e8f480_0;
    %parti/s 7, 25, 6;
    %pushi/vec4 0, 0, 7;
    %cmp/e;
    %flag_get/vec4 4;
    %and;
T_40.40;
    %assign/vec4 v0x818e8c960_0, 0;
    %load/vec4 v0x818e8d720_0;
    %flag_set/vec4 9;
    %flag_get/vec4 9;
    %jmp/0 T_40.43, 9;
    %load/vec4 v0x818e8f480_0;
    %parti/s 3, 12, 5;
    %pushi/vec4 5, 0, 3;
    %cmp/e;
    %flag_get/vec4 4;
    %and;
T_40.43;
    %flag_set/vec4 8;
    %flag_get/vec4 8;
    %jmp/0 T_40.42, 8;
    %load/vec4 v0x818e8f480_0;
    %parti/s 7, 25, 6;
    %pushi/vec4 0, 0, 7;
    %cmp/e;
    %flag_get/vec4 4;
    %and;
T_40.42;
    %assign/vec4 v0x818e8ce60_0, 0;
    %load/vec4 v0x818e8d720_0;
    %flag_set/vec4 9;
    %flag_get/vec4 9;
    %jmp/0 T_40.45, 9;
    %load/vec4 v0x818e8f480_0;
    %parti/s 3, 12, 5;
    %pushi/vec4 5, 0, 3;
    %cmp/e;
    %flag_get/vec4 4;
    %and;
T_40.45;
    %flag_set/vec4 8;
    %flag_get/vec4 8;
    %jmp/0 T_40.44, 8;
    %load/vec4 v0x818e8f480_0;
    %parti/s 7, 25, 6;
    %pushi/vec4 32, 0, 7;
    %cmp/e;
    %flag_get/vec4 4;
    %and;
T_40.44;
    %assign/vec4 v0x818e8cd20_0, 0;
    %load/vec4 v0x818e8d7c0_0;
    %flag_set/vec4 9;
    %flag_get/vec4 9;
    %jmp/0 T_40.47, 9;
    %load/vec4 v0x818e8f480_0;
    %parti/s 3, 12, 5;
    %pushi/vec4 0, 0, 3;
    %cmp/e;
    %flag_get/vec4 4;
    %and;
T_40.47;
    %flag_set/vec4 8;
    %flag_get/vec4 8;
    %jmp/0 T_40.46, 8;
    %load/vec4 v0x818e8f480_0;
    %parti/s 7, 25, 6;
    %pushi/vec4 0, 0, 7;
    %cmp/e;
    %flag_get/vec4 4;
    %and;
T_40.46;
    %assign/vec4 v0x818e8b3e0_0, 0;
    %load/vec4 v0x818e8d7c0_0;
    %flag_set/vec4 9;
    %flag_get/vec4 9;
    %jmp/0 T_40.49, 9;
    %load/vec4 v0x818e8f480_0;
    %parti/s 3, 12, 5;
    %pushi/vec4 0, 0, 3;
    %cmp/e;
    %flag_get/vec4 4;
    %and;
T_40.49;
    %flag_set/vec4 8;
    %flag_get/vec4 8;
    %jmp/0 T_40.48, 8;
    %load/vec4 v0x818e8f480_0;
    %parti/s 7, 25, 6;
    %pushi/vec4 32, 0, 7;
    %cmp/e;
    %flag_get/vec4 4;
    %and;
T_40.48;
    %assign/vec4 v0x818e8cf00_0, 0;
    %load/vec4 v0x818e8d7c0_0;
    %flag_set/vec4 9;
    %flag_get/vec4 9;
    %jmp/0 T_40.51, 9;
    %load/vec4 v0x818e8f480_0;
    %parti/s 3, 12, 5;
    %pushi/vec4 1, 0, 3;
    %cmp/e;
    %flag_get/vec4 4;
    %and;
T_40.51;
    %flag_set/vec4 8;
    %flag_get/vec4 8;
    %jmp/0 T_40.50, 8;
    %load/vec4 v0x818e8f480_0;
    %parti/s 7, 25, 6;
    %pushi/vec4 0, 0, 7;
    %cmp/e;
    %flag_get/vec4 4;
    %and;
T_40.50;
    %assign/vec4 v0x818e8c8c0_0, 0;
    %load/vec4 v0x818e8d7c0_0;
    %flag_set/vec4 9;
    %flag_get/vec4 9;
    %jmp/0 T_40.53, 9;
    %load/vec4 v0x818e8f480_0;
    %parti/s 3, 12, 5;
    %pushi/vec4 2, 0, 3;
    %cmp/e;
    %flag_get/vec4 4;
    %and;
T_40.53;
    %flag_set/vec4 8;
    %flag_get/vec4 8;
    %jmp/0 T_40.52, 8;
    %load/vec4 v0x818e8f480_0;
    %parti/s 7, 25, 6;
    %pushi/vec4 0, 0, 7;
    %cmp/e;
    %flag_get/vec4 4;
    %and;
T_40.52;
    %assign/vec4 v0x818e8ca00_0, 0;
    %load/vec4 v0x818e8d7c0_0;
    %flag_set/vec4 9;
    %flag_get/vec4 9;
    %jmp/0 T_40.55, 9;
    %load/vec4 v0x818e8f480_0;
    %parti/s 3, 12, 5;
    %pushi/vec4 3, 0, 3;
    %cmp/e;
    %flag_get/vec4 4;
    %and;
T_40.55;
    %flag_set/vec4 8;
    %flag_get/vec4 8;
    %jmp/0 T_40.54, 8;
    %load/vec4 v0x818e8f480_0;
    %parti/s 7, 25, 6;
    %pushi/vec4 0, 0, 7;
    %cmp/e;
    %flag_get/vec4 4;
    %and;
T_40.54;
    %assign/vec4 v0x818e8cbe0_0, 0;
    %load/vec4 v0x818e8d7c0_0;
    %flag_set/vec4 9;
    %flag_get/vec4 9;
    %jmp/0 T_40.57, 9;
    %load/vec4 v0x818e8f480_0;
    %parti/s 3, 12, 5;
    %pushi/vec4 4, 0, 3;
    %cmp/e;
    %flag_get/vec4 4;
    %and;
T_40.57;
    %flag_set/vec4 8;
    %flag_get/vec4 8;
    %jmp/0 T_40.56, 8;
    %load/vec4 v0x818e8f480_0;
    %parti/s 7, 25, 6;
    %pushi/vec4 0, 0, 7;
    %cmp/e;
    %flag_get/vec4 4;
    %and;
T_40.56;
    %assign/vec4 v0x818e8d220_0, 0;
    %load/vec4 v0x818e8d7c0_0;
    %flag_set/vec4 9;
    %flag_get/vec4 9;
    %jmp/0 T_40.59, 9;
    %load/vec4 v0x818e8f480_0;
    %parti/s 3, 12, 5;
    %pushi/vec4 5, 0, 3;
    %cmp/e;
    %flag_get/vec4 4;
    %and;
T_40.59;
    %flag_set/vec4 8;
    %flag_get/vec4 8;
    %jmp/0 T_40.58, 8;
    %load/vec4 v0x818e8f480_0;
    %parti/s 7, 25, 6;
    %pushi/vec4 0, 0, 7;
    %cmp/e;
    %flag_get/vec4 4;
    %and;
T_40.58;
    %assign/vec4 v0x818e8cdc0_0, 0;
    %load/vec4 v0x818e8d7c0_0;
    %flag_set/vec4 9;
    %flag_get/vec4 9;
    %jmp/0 T_40.61, 9;
    %load/vec4 v0x818e8f480_0;
    %parti/s 3, 12, 5;
    %pushi/vec4 5, 0, 3;
    %cmp/e;
    %flag_get/vec4 4;
    %and;
T_40.61;
    %flag_set/vec4 8;
    %flag_get/vec4 8;
    %jmp/0 T_40.60, 8;
    %load/vec4 v0x818e8f480_0;
    %parti/s 7, 25, 6;
    %pushi/vec4 32, 0, 7;
    %cmp/e;
    %flag_get/vec4 4;
    %and;
T_40.60;
    %assign/vec4 v0x818e8cc80_0, 0;
    %load/vec4 v0x818e8d7c0_0;
    %flag_set/vec4 9;
    %flag_get/vec4 9;
    %jmp/0 T_40.63, 9;
    %load/vec4 v0x818e8f480_0;
    %parti/s 3, 12, 5;
    %pushi/vec4 6, 0, 3;
    %cmp/e;
    %flag_get/vec4 4;
    %and;
T_40.63;
    %flag_set/vec4 8;
    %flag_get/vec4 8;
    %jmp/0 T_40.62, 8;
    %load/vec4 v0x818e8f480_0;
    %parti/s 7, 25, 6;
    %pushi/vec4 0, 0, 7;
    %cmp/e;
    %flag_get/vec4 4;
    %and;
T_40.62;
    %assign/vec4 v0x818e8c280_0, 0;
    %load/vec4 v0x818e8d7c0_0;
    %flag_set/vec4 9;
    %flag_get/vec4 9;
    %jmp/0 T_40.65, 9;
    %load/vec4 v0x818e8f480_0;
    %parti/s 3, 12, 5;
    %pushi/vec4 7, 0, 3;
    %cmp/e;
    %flag_get/vec4 4;
    %and;
T_40.65;
    %flag_set/vec4 8;
    %flag_get/vec4 8;
    %jmp/0 T_40.64, 8;
    %load/vec4 v0x818e8f480_0;
    %parti/s 7, 25, 6;
    %pushi/vec4 0, 0, 7;
    %cmp/e;
    %flag_get/vec4 4;
    %and;
T_40.64;
    %assign/vec4 v0x818e8b520_0, 0;
    %load/vec4 v0x818e8f480_0;
    %parti/s 7, 0, 2;
    %cmpi/e 115, 0, 7;
    %flag_get/vec4 4;
    %jmp/0 T_40.68, 4;
    %load/vec4 v0x818e8f480_0;
    %parti/s 20, 12, 5;
    %pad/u 32;
    %pushi/vec4 786434, 0, 32;
    %cmp/e;
    %flag_get/vec4 4;
    %and;
T_40.68;
    %flag_set/vec4 8;
    %jmp/1 T_40.67, 8;
    %load/vec4 v0x818e8f480_0;
    %parti/s 7, 0, 2;
    %cmpi/e 115, 0, 7;
    %flag_get/vec4 4;
    %jmp/0 T_40.69, 4;
    %load/vec4 v0x818e8f480_0;
    %parti/s 20, 12, 5;
    %pad/u 32;
    %pushi/vec4 786690, 0, 32;
    %cmp/e;
    %flag_get/vec4 4;
    %and;
T_40.69;
    %flag_set/vec4 9;
    %flag_or 8, 9;
T_40.67;
    %flag_get/vec4 8;
    %jmp/0 T_40.66, 8;
    %pushi/vec4 1, 0, 1;
    %and;
T_40.66;
    %assign/vec4 v0x818e8c3c0_0, 0;
    %load/vec4 v0x818e8f480_0;
    %parti/s 7, 0, 2;
    %cmpi/e 115, 0, 7;
    %flag_get/vec4 4;
    %jmp/0 T_40.73, 4;
    %load/vec4 v0x818e8f480_0;
    %parti/s 20, 12, 5;
    %pad/u 32;
    %pushi/vec4 819202, 0, 32;
    %cmp/e;
    %flag_get/vec4 4;
    %and;
T_40.73;
    %flag_set/vec4 9;
    %jmp/1 T_40.72, 9;
    %load/vec4 v0x818e8f480_0;
    %parti/s 7, 0, 2;
    %cmpi/e 115, 0, 7;
    %flag_get/vec4 4;
    %jmp/0 T_40.74, 4;
    %load/vec4 v0x818e8f480_0;
    %parti/s 20, 12, 5;
    %pad/u 32;
    %pushi/vec4 819458, 0, 32;
    %cmp/e;
    %flag_get/vec4 4;
    %and;
T_40.74;
    %flag_set/vec4 10;
    %flag_or 9, 10;
T_40.72;
    %flag_get/vec4 9;
    %jmp/0 T_40.71, 9;
    %pushi/vec4 1, 0, 1;
    %and;
T_40.71;
    %flag_set/vec4 8;
    %flag_get/vec4 8;
    %jmp/0 T_40.70, 8;
    %pushi/vec4 1, 0, 1;
    %and;
T_40.70;
    %assign/vec4 v0x818e8c460_0, 0;
    %load/vec4 v0x818e8f480_0;
    %parti/s 7, 0, 2;
    %cmpi/e 115, 0, 7;
    %flag_get/vec4 4;
    %jmp/0 T_40.76, 4;
    %load/vec4 v0x818e8f480_0;
    %parti/s 20, 12, 5;
    %pad/u 32;
    %pushi/vec4 786946, 0, 32;
    %cmp/e;
    %flag_get/vec4 4;
    %and;
T_40.76;
    %flag_set/vec4 8;
    %flag_get/vec4 8;
    %jmp/0 T_40.75, 8;
    %pushi/vec4 1, 0, 1;
    %and;
T_40.75;
    %assign/vec4 v0x818e8c500_0, 0;
    %load/vec4 v0x818e8f480_0;
    %parti/s 7, 0, 2;
    %cmpi/e 115, 0, 7;
    %flag_get/vec4 4;
    %jmp/0 T_40.79, 4;
    %load/vec4 v0x818e8f480_0;
    %parti/s 20, 12, 5;
    %pad/u 32;
    %pushi/vec4 819714, 0, 32;
    %cmp/e;
    %flag_get/vec4 4;
    %and;
T_40.79;
    %flag_set/vec4 9;
    %flag_get/vec4 9;
    %jmp/0 T_40.78, 9;
    %pushi/vec4 1, 0, 1;
    %and;
T_40.78;
    %flag_set/vec4 8;
    %flag_get/vec4 8;
    %jmp/0 T_40.77, 8;
    %pushi/vec4 1, 0, 1;
    %and;
T_40.77;
    %assign/vec4 v0x818e8c5a0_0, 0;
    %load/vec4 v0x818e8f480_0;
    %parti/s 7, 0, 2;
    %cmpi/e 115, 0, 7;
    %flag_get/vec4 4;
    %jmp/0 T_40.82, 4;
    %load/vec4 v0x818e8f480_0;
    %parti/s 11, 21, 6;
    %nor/r;
    %and;
T_40.82;
    %flag_set/vec4 9;
    %flag_get/vec4 9;
    %jmp/0 T_40.81, 9;
    %load/vec4 v0x818e8f480_0;
    %parti/s 13, 7, 4;
    %nor/r;
    %and;
T_40.81;
    %flag_set/vec4 8;
    %flag_get/vec4 8;
    %jmp/1 T_40.80, 8;
    %pushi/vec4 0, 0, 1;
    %or;
T_40.80;
    %assign/vec4 v0x818e8bac0_0, 0;
    %load/vec4 v0x818e8f480_0;
    %parti/s 7, 0, 2;
    %cmpi/e 15, 0, 7;
    %flag_get/vec4 4;
    %jmp/0 T_40.83, 4;
    %load/vec4 v0x818e8f480_0;
    %parti/s 3, 12, 5;
    %nor/r;
    %and;
T_40.83;
    %assign/vec4 v0x818e8bb60_0, 0;
    %load/vec4 v0x818e8f480_0;
    %parti/s 7, 0, 2;
    %cmpi/e 11, 0, 7;
    %flag_get/vec4 4;
    %jmp/0 T_40.86, 4;
    %load/vec4 v0x818e8f480_0;
    %parti/s 7, 25, 6;
    %pushi/vec4 0, 0, 7;
    %cmp/e;
    %flag_get/vec4 4;
    %and;
T_40.86;
    %flag_set/vec4 9;
    %flag_get/vec4 9;
    %jmp/0 T_40.85, 9;
    %pushi/vec4 0, 0, 1;
    %and;
T_40.85;
    %flag_set/vec4 8;
    %flag_get/vec4 8;
    %jmp/0 T_40.84, 8;
    %pushi/vec4 1, 0, 1;
    %and;
T_40.84;
    %assign/vec4 v0x818e8bc00_0, 0;
    %load/vec4 v0x818e8f480_0;
    %parti/s 7, 0, 2;
    %cmpi/e 11, 0, 7;
    %flag_get/vec4 4;
    %jmp/0 T_40.89, 4;
    %load/vec4 v0x818e8f480_0;
    %parti/s 7, 25, 6;
    %pushi/vec4 1, 0, 7;
    %cmp/e;
    %flag_get/vec4 4;
    %and;
T_40.89;
    %flag_set/vec4 9;
    %flag_get/vec4 9;
    %jmp/0 T_40.88, 9;
    %pushi/vec4 0, 0, 1;
    %and;
T_40.88;
    %flag_set/vec4 8;
    %flag_get/vec4 8;
    %jmp/0 T_40.87, 8;
    %pushi/vec4 1, 0, 1;
    %and;
T_40.87;
    %assign/vec4 v0x818e8c780_0, 0;
    %load/vec4 v0x818e8f480_0;
    %parti/s 7, 0, 2;
    %cmpi/e 11, 0, 7;
    %flag_get/vec4 4;
    %jmp/0 T_40.91, 4;
    %load/vec4 v0x818e8f480_0;
    %parti/s 7, 25, 6;
    %pushi/vec4 3, 0, 7;
    %cmp/e;
    %flag_get/vec4 4;
    %and;
T_40.91;
    %flag_set/vec4 8;
    %flag_get/vec4 8;
    %jmp/0 T_40.90, 8;
    %pushi/vec4 0, 0, 1;
    %and;
T_40.90;
    %assign/vec4 v0x818e8c1e0_0, 0;
    %load/vec4 v0x818e8f480_0;
    %parti/s 7, 0, 2;
    %cmpi/e 11, 0, 7;
    %flag_get/vec4 4;
    %jmp/0 T_40.94, 4;
    %load/vec4 v0x818e8f480_0;
    %parti/s 7, 25, 6;
    %pushi/vec4 5, 0, 7;
    %cmp/e;
    %flag_get/vec4 4;
    %and;
T_40.94;
    %flag_set/vec4 9;
    %flag_get/vec4 9;
    %jmp/0 T_40.93, 9;
    %pushi/vec4 0, 0, 1;
    %and;
T_40.93;
    %flag_set/vec4 8;
    %flag_get/vec4 8;
    %jmp/0 T_40.92, 8;
    %pushi/vec4 1, 0, 1;
    %and;
T_40.92;
    %assign/vec4 v0x818e8d040_0, 0;
    %load/vec4 v0x818e8d720_0;
    %flag_set/vec4 8;
    %flag_get/vec4 8;
    %jmp/0 T_40.95, 8;
    %load/vec4 v0x818e8f480_0;
    %parti/s 3, 12, 5;
    %cmpi/e 1, 0, 3;
    %flag_get/vec4 4;
    %jmp/0 T_40.96, 4;
    %load/vec4 v0x818e8f480_0;
    %parti/s 7, 25, 6;
    %pushi/vec4 0, 0, 7;
    %cmp/e;
    %flag_get/vec4 4;
    %and;
T_40.96;
    %load/vec4 v0x818e8f480_0;
    %parti/s 3, 12, 5;
    %cmpi/e 5, 0, 3;
    %flag_get/vec4 4;
    %jmp/0 T_40.97, 4;
    %load/vec4 v0x818e8f480_0;
    %parti/s 7, 25, 6;
    %pushi/vec4 0, 0, 7;
    %cmp/e;
    %flag_get/vec4 4;
    %and;
T_40.97;
    %concat/vec4; draw_concat_vec4
    %load/vec4 v0x818e8f480_0;
    %parti/s 3, 12, 5;
    %cmpi/e 5, 0, 3;
    %flag_get/vec4 4;
    %jmp/0 T_40.98, 4;
    %load/vec4 v0x818e8f480_0;
    %parti/s 7, 25, 6;
    %pushi/vec4 32, 0, 7;
    %cmp/e;
    %flag_get/vec4 4;
    %and;
T_40.98;
    %concat/vec4; draw_concat_vec4
    %or/r;
    %and;
T_40.95;
    %assign/vec4 v0x818e8dea0_0, 0;
    %load/vec4 v0x818e8bd40_0;
    %flag_set/vec4 8;
    %flag_get/vec4 8;
    %jmp/1 T_40.99, 8;
    %load/vec4 v0x818e8d720_0;
    %flag_set/vec4 8;
    %flag_get/vec4 8;
    %jmp/0 T_40.100, 8;
    %load/vec4 v0x818e8f480_0;
    %parti/s 3, 12, 5;
    %pushi/vec4 0, 0, 3;
    %cmp/e;
    %flag_get/vec4 4;
    %load/vec4 v0x818e8f480_0;
    %parti/s 3, 12, 5;
    %pushi/vec4 2, 0, 3;
    %cmp/e;
    %flag_get/vec4 4;
    %concat/vec4; draw_concat_vec4
    %load/vec4 v0x818e8f480_0;
    %parti/s 3, 12, 5;
    %pushi/vec4 3, 0, 3;
    %cmp/e;
    %flag_get/vec4 4;
    %concat/vec4; draw_concat_vec4
    %load/vec4 v0x818e8f480_0;
    %parti/s 3, 12, 5;
    %pushi/vec4 4, 0, 3;
    %cmp/e;
    %flag_get/vec4 4;
    %concat/vec4; draw_concat_vec4
    %load/vec4 v0x818e8f480_0;
    %parti/s 3, 12, 5;
    %pushi/vec4 6, 0, 3;
    %cmp/e;
    %flag_get/vec4 4;
    %concat/vec4; draw_concat_vec4
    %load/vec4 v0x818e8f480_0;
    %parti/s 3, 12, 5;
    %pushi/vec4 7, 0, 3;
    %cmp/e;
    %flag_get/vec4 4;
    %concat/vec4; draw_concat_vec4
    %or/r;
    %and;
T_40.100;
    %or;
T_40.99;
    %assign/vec4 v0x818e8d9a0_0, 0;
    %load/vec4 v0x818e8d7c0_0;
    %flag_set/vec4 8;
    %flag_get/vec4 8;
    %jmp/0 T_40.101, 8;
    %load/vec4 v0x818e8f480_0;
    %parti/s 3, 12, 5;
    %cmpi/e 1, 0, 3;
    %flag_get/vec4 4;
    %jmp/0 T_40.102, 4;
    %load/vec4 v0x818e8f480_0;
    %parti/s 7, 25, 6;
    %pushi/vec4 0, 0, 7;
    %cmp/e;
    %flag_get/vec4 4;
    %and;
T_40.102;
    %load/vec4 v0x818e8f480_0;
    %parti/s 3, 12, 5;
    %cmpi/e 5, 0, 3;
    %flag_get/vec4 4;
    %jmp/0 T_40.103, 4;
    %load/vec4 v0x818e8f480_0;
    %parti/s 7, 25, 6;
    %pushi/vec4 0, 0, 7;
    %cmp/e;
    %flag_get/vec4 4;
    %and;
T_40.103;
    %concat/vec4; draw_concat_vec4
    %load/vec4 v0x818e8f480_0;
    %parti/s 3, 12, 5;
    %cmpi/e 5, 0, 3;
    %flag_get/vec4 4;
    %jmp/0 T_40.104, 4;
    %load/vec4 v0x818e8f480_0;
    %parti/s 7, 25, 6;
    %pushi/vec4 32, 0, 7;
    %cmp/e;
    %flag_get/vec4 4;
    %and;
T_40.104;
    %concat/vec4; draw_concat_vec4
    %or/r;
    %and;
T_40.101;
    %assign/vec4 v0x818e8de00_0, 0;
    %pushi/vec4 0, 0, 1;
    %assign/vec4 v0x818e8dc20_0, 0;
    %pushi/vec4 0, 0, 1;
    %assign/vec4 v0x818e8d900_0, 0;
    %pushi/vec4 1, 0, 1;
    %dup/vec4;
    %load/vec4 v0x818e8bca0_0;
    %cmp/u;
    %jmp/1 T_40.105, 6;
    %dup/vec4;
    %load/vec4 v0x818e8c0a0_0;
    %load/vec4 v0x818e8b660_0;
    %concat/vec4; draw_concat_vec4
    %or/r;
    %cmp/u;
    %jmp/1 T_40.106, 6;
    %dup/vec4;
    %load/vec4 v0x818e8bd40_0;
    %load/vec4 v0x818e8da40_0;
    %concat/vec4; draw_concat_vec4
    %load/vec4 v0x818e8d720_0;
    %concat/vec4; draw_concat_vec4
    %or/r;
    %cmp/u;
    %jmp/1 T_40.107, 6;
    %dup/vec4;
    %load/vec4 v0x818e8d860_0;
    %cmp/u;
    %jmp/1 T_40.108, 6;
    %dup/vec4;
    %load/vec4 v0x818e8dd60_0;
    %cmp/u;
    %jmp/1 T_40.109, 6;
    %pushi/vec4 1, 1, 32;
    %assign/vec4 v0x818e8ac60_0, 0;
    %jmp T_40.111;
T_40.105 ;
    %load/vec4 v0x818e8ad00_0;
    %assign/vec4 v0x818e8ac60_0, 0;
    %jmp T_40.111;
T_40.106 ;
    %load/vec4 v0x818e8f480_0;
    %parti/s 20, 12, 5;
    %pad/u 32;
    %ix/load 4, 12, 0;
    %flag_set/imm 4, 0;
    %shiftl 4;
    %assign/vec4 v0x818e8ac60_0, 0;
    %jmp T_40.111;
T_40.107 ;
    %load/vec4 v0x818e8f480_0;
    %parti/s 12, 20, 6;
    %pad/s 32;
    %assign/vec4 v0x818e8ac60_0, 0;
    %jmp T_40.111;
T_40.108 ;
    %load/vec4 v0x818e8f480_0;
    %parti/s 1, 31, 6;
    %load/vec4 v0x818e8f480_0;
    %parti/s 1, 7, 4;
    %concat/vec4; draw_concat_vec4
    %load/vec4 v0x818e8f480_0;
    %parti/s 6, 25, 6;
    %concat/vec4; draw_concat_vec4
    %load/vec4 v0x818e8f480_0;
    %parti/s 4, 8, 5;
    %concat/vec4; draw_concat_vec4
    %concati/vec4 0, 0, 1;
    %pad/s 32;
    %assign/vec4 v0x818e8ac60_0, 0;
    %jmp T_40.111;
T_40.109 ;
    %load/vec4 v0x818e8f480_0;
    %parti/s 7, 25, 6;
    %load/vec4 v0x818e8f480_0;
    %parti/s 5, 7, 4;
    %concat/vec4; draw_concat_vec4
    %pad/s 32;
    %assign/vec4 v0x818e8ac60_0, 0;
    %jmp T_40.111;
T_40.111 ;
    %pop/vec4 1;
T_40.17 ;
    %load/vec4 v0x818e91220_0;
    %nor/r;
    %flag_set/vec4 8;
    %jmp/0xz  T_40.112, 8;
    %pushi/vec4 0, 0, 1;
    %assign/vec4 v0x818e8d860_0, 0;
    %pushi/vec4 0, 0, 1;
    %assign/vec4 v0x818e8d900_0, 0;
    %pushi/vec4 0, 0, 1;
    %assign/vec4 v0x818e8b700_0, 0;
    %pushi/vec4 0, 0, 1;
    %assign/vec4 v0x818e8ba20_0, 0;
    %pushi/vec4 0, 0, 1;
    %assign/vec4 v0x818e8b8e0_0, 0;
    %pushi/vec4 0, 0, 1;
    %assign/vec4 v0x818e8b7a0_0, 0;
    %pushi/vec4 0, 0, 1;
    %assign/vec4 v0x818e8b980_0, 0;
    %pushi/vec4 0, 0, 1;
    %assign/vec4 v0x818e8b840_0, 0;
    %pushi/vec4 0, 0, 1;
    %assign/vec4 v0x818e8b480_0, 0;
    %pushi/vec4 0, 0, 1;
    %assign/vec4 v0x818e8caa0_0, 0;
    %pushi/vec4 0, 0, 1;
    %assign/vec4 v0x818e8cb40_0, 0;
    %pushi/vec4 0, 0, 1;
    %assign/vec4 v0x818e8d2c0_0, 0;
    %pushi/vec4 0, 0, 1;
    %assign/vec4 v0x818e8c320_0, 0;
    %pushi/vec4 0, 0, 1;
    %assign/vec4 v0x818e8b5c0_0, 0;
    %pushi/vec4 0, 0, 1;
    %assign/vec4 v0x818e8b3e0_0, 0;
    %pushi/vec4 0, 0, 1;
    %assign/vec4 v0x818e8cf00_0, 0;
    %pushi/vec4 0, 0, 1;
    %assign/vec4 v0x818e8c8c0_0, 0;
    %pushi/vec4 0, 0, 1;
    %assign/vec4 v0x818e8ca00_0, 0;
    %pushi/vec4 0, 0, 1;
    %assign/vec4 v0x818e8cbe0_0, 0;
    %pushi/vec4 0, 0, 1;
    %assign/vec4 v0x818e8d220_0, 0;
    %pushi/vec4 0, 0, 1;
    %assign/vec4 v0x818e8cdc0_0, 0;
    %pushi/vec4 0, 0, 1;
    %assign/vec4 v0x818e8cc80_0, 0;
    %pushi/vec4 0, 0, 1;
    %assign/vec4 v0x818e8c280_0, 0;
    %pushi/vec4 0, 0, 1;
    %assign/vec4 v0x818e8b520_0, 0;
    %pushi/vec4 0, 0, 1;
    %assign/vec4 v0x818e8bb60_0, 0;
T_40.112 ;
    %jmp T_40;
    .thread T_40;
    .scope S_0x818e70180;
T_41 ;
    %wait E_0x8191a2d00;
    %pushi/vec4 0, 0, 32; draw_string_vec4
    %pushi/vec4 0, 0, 32; draw_string_vec4
    %concat/vec4; draw_string_vec4
    %pushi/vec4 0, 0, 32; draw_string_vec4
    %concat/vec4; draw_string_vec4
    %pushi/vec4 0, 0, 32; draw_string_vec4
    %concat/vec4; draw_string_vec4
    %store/vec4 v0x818e89fe0_0, 0, 128;
    %load/vec4 v0x818e89ae0_0;
    %cmpi/e 128, 0, 8;
    %jmp/0xz  T_41.0, 4;
    %pushi/vec4 0, 0, 32; draw_string_vec4
    %pushi/vec4 0, 0, 32; draw_string_vec4
    %concat/vec4; draw_string_vec4
    %pushi/vec4 0, 0, 32; draw_string_vec4
    %concat/vec4; draw_string_vec4
    %pushi/vec4 1953653104, 0, 32; draw_string_vec4
    %concat/vec4; draw_string_vec4
    %store/vec4 v0x818e89fe0_0, 0, 128;
T_41.0 ;
    %load/vec4 v0x818e89ae0_0;
    %cmpi/e 64, 0, 8;
    %jmp/0xz  T_41.2, 4;
    %pushi/vec4 0, 0, 32; draw_string_vec4
    %pushi/vec4 0, 0, 32; draw_string_vec4
    %concat/vec4; draw_string_vec4
    %pushi/vec4 102, 0, 32; draw_string_vec4
    %concat/vec4; draw_string_vec4
    %pushi/vec4 1702126440, 0, 32; draw_string_vec4
    %concat/vec4; draw_string_vec4
    %store/vec4 v0x818e89fe0_0, 0, 128;
T_41.2 ;
    %load/vec4 v0x818e89ae0_0;
    %cmpi/e 32, 0, 8;
    %jmp/0xz  T_41.4, 4;
    %pushi/vec4 0, 0, 32; draw_string_vec4
    %pushi/vec4 0, 0, 32; draw_string_vec4
    %concat/vec4; draw_string_vec4
    %pushi/vec4 27748, 0, 32; draw_string_vec4
    %concat/vec4; draw_string_vec4
    %pushi/vec4 1601336113, 0, 32; draw_string_vec4
    %concat/vec4; draw_string_vec4
    %store/vec4 v0x818e89fe0_0, 0, 128;
T_41.4 ;
    %load/vec4 v0x818e89ae0_0;
    %cmpi/e 16, 0, 8;
    %jmp/0xz  T_41.6, 4;
    %pushi/vec4 0, 0, 32; draw_string_vec4
    %pushi/vec4 0, 0, 32; draw_string_vec4
    %concat/vec4; draw_string_vec4
    %pushi/vec4 27748, 0, 32; draw_string_vec4
    %concat/vec4; draw_string_vec4
    %pushi/vec4 1601336114, 0, 32; draw_string_vec4
    %concat/vec4; draw_string_vec4
    %store/vec4 v0x818e89fe0_0, 0, 128;
T_41.6 ;
    %load/vec4 v0x818e89ae0_0;
    %cmpi/e 8, 0, 8;
    %jmp/0xz  T_41.8, 4;
    %pushi/vec4 0, 0, 32; draw_string_vec4
    %pushi/vec4 0, 0, 32; draw_string_vec4
    %concat/vec4; draw_string_vec4
    %pushi/vec4 0, 0, 32; draw_string_vec4
    %concat/vec4; draw_string_vec4
    %pushi/vec4 1702389091, 0, 32; draw_string_vec4
    %concat/vec4; draw_string_vec4
    %store/vec4 v0x818e89fe0_0, 0, 128;
T_41.8 ;
    %load/vec4 v0x818e89ae0_0;
    %cmpi/e 4, 0, 8;
    %jmp/0xz  T_41.10, 4;
    %pushi/vec4 0, 0, 32; draw_string_vec4
    %pushi/vec4 0, 0, 32; draw_string_vec4
    %concat/vec4; draw_string_vec4
    %pushi/vec4 115, 0, 32; draw_string_vec4
    %concat/vec4; draw_string_vec4
    %pushi/vec4 1751737972, 0, 32; draw_string_vec4
    %concat/vec4; draw_string_vec4
    %store/vec4 v0x818e89fe0_0, 0, 128;
T_41.10 ;
    %load/vec4 v0x818e89ae0_0;
    %cmpi/e 2, 0, 8;
    %jmp/0xz  T_41.12, 4;
    %pushi/vec4 0, 0, 32; draw_string_vec4
    %pushi/vec4 0, 0, 32; draw_string_vec4
    %concat/vec4; draw_string_vec4
    %pushi/vec4 115, 0, 32; draw_string_vec4
    %concat/vec4; draw_string_vec4
    %pushi/vec4 1953326445, 0, 32; draw_string_vec4
    %concat/vec4; draw_string_vec4
    %store/vec4 v0x818e89fe0_0, 0, 128;
T_41.12 ;
    %load/vec4 v0x818e89ae0_0;
    %cmpi/e 1, 0, 8;
    %jmp/0xz  T_41.14, 4;
    %pushi/vec4 0, 0, 32; draw_string_vec4
    %pushi/vec4 0, 0, 32; draw_string_vec4
    %concat/vec4; draw_string_vec4
    %pushi/vec4 108, 0, 32; draw_string_vec4
    %concat/vec4; draw_string_vec4
    %pushi/vec4 1684890989, 0, 32; draw_string_vec4
    %concat/vec4; draw_string_vec4
    %store/vec4 v0x818e89fe0_0, 0, 128;
T_41.14 ;
    %jmp T_41;
    .thread T_41, $push;
    .scope S_0x818e70180;
T_42 ;
    %wait E_0x8191a2cc0;
    %pushi/vec4 1, 1, 1;
    %store/vec4 v0x818e88f00_0, 0, 1;
    %pushi/vec4 1, 0, 1;
    %dup/vec4;
    %load/vec4 v0x818e8b700_0;
    %cmp/u;
    %jmp/1 T_42.0, 6;
    %dup/vec4;
    %load/vec4 v0x818e8ba20_0;
    %cmp/u;
    %jmp/1 T_42.1, 6;
    %dup/vec4;
    %load/vec4 v0x818e8b7a0_0;
    %cmp/u;
    %jmp/1 T_42.2, 6;
    %dup/vec4;
    %load/vec4 v0x818e8b840_0;
    %cmp/u;
    %jmp/1 T_42.3, 6;
    %dup/vec4;
    %load/vec4 v0x818e8df40_0;
    %flag_set/vec4 8;
    %flag_get/vec4 8;
    %jmp/0 T_42.7, 8;
    %pushi/vec4 1, 0, 1;
    %and;
T_42.7;
    %cmp/u;
    %jmp/1 T_42.4, 6;
    %dup/vec4;
    %load/vec4 v0x818e8dfe0_0;
    %flag_set/vec4 8;
    %flag_get/vec4 8;
    %jmp/0 T_42.8, 8;
    %pushi/vec4 1, 0, 1;
    %and;
T_42.8;
    %cmp/u;
    %jmp/1 T_42.5, 6;
    %jmp T_42.6;
T_42.0 ;
    %load/vec4 v0x818e88c80_0;
    %store/vec4 v0x818e88f00_0, 0, 1;
    %jmp T_42.6;
T_42.1 ;
    %load/vec4 v0x818e88c80_0;
    %nor/r;
    %store/vec4 v0x818e88f00_0, 0, 1;
    %jmp T_42.6;
T_42.2 ;
    %load/vec4 v0x818e88d20_0;
    %nor/r;
    %store/vec4 v0x818e88f00_0, 0, 1;
    %jmp T_42.6;
T_42.3 ;
    %load/vec4 v0x818e88dc0_0;
    %nor/r;
    %store/vec4 v0x818e88f00_0, 0, 1;
    %jmp T_42.6;
T_42.4 ;
    %load/vec4 v0x818e88d20_0;
    %store/vec4 v0x818e88f00_0, 0, 1;
    %jmp T_42.6;
T_42.5 ;
    %load/vec4 v0x818e88dc0_0;
    %store/vec4 v0x818e88f00_0, 0, 1;
    %jmp T_42.6;
T_42.6 ;
    %pop/vec4 1;
    %pushi/vec4 4294967295, 4294967295, 32;
    %store/vec4 v0x818e88e60_0, 0, 32;
    %pushi/vec4 1, 0, 1;
    %dup/vec4;
    %load/vec4 v0x818e8dc20_0;
    %cmp/u;
    %jmp/1 T_42.9, 6;
    %dup/vec4;
    %load/vec4 v0x818e8d900_0;
    %cmp/u;
    %jmp/1 T_42.10, 6;
    %dup/vec4;
    %load/vec4 v0x818e8d2c0_0;
    %flag_set/vec4 8;
    %flag_get/vec4 8;
    %jmp/1 T_42.17, 8;
    %load/vec4 v0x818e8d220_0;
    %or;
T_42.17;
    %cmp/u;
    %jmp/1 T_42.11, 6;
    %dup/vec4;
    %load/vec4 v0x818e8c320_0;
    %flag_set/vec4 8;
    %flag_get/vec4 8;
    %jmp/1 T_42.18, 8;
    %load/vec4 v0x818e8c280_0;
    %or;
T_42.18;
    %cmp/u;
    %jmp/1 T_42.12, 6;
    %dup/vec4;
    %load/vec4 v0x818e8b5c0_0;
    %flag_set/vec4 8;
    %flag_get/vec4 8;
    %jmp/1 T_42.19, 8;
    %load/vec4 v0x818e8b520_0;
    %or;
T_42.19;
    %cmp/u;
    %jmp/1 T_42.13, 6;
    %dup/vec4;
    %pushi/vec4 0, 0, 1;
    %cmp/u;
    %jmp/1 T_42.14, 6;
    %dup/vec4;
    %pushi/vec4 0, 0, 1;
    %cmp/u;
    %jmp/1 T_42.15, 6;
    %jmp T_42.16;
T_42.9 ;
    %load/vec4 v0x818e88be0_0;
    %store/vec4 v0x818e88e60_0, 0, 32;
    %jmp T_42.16;
T_42.10 ;
    %load/vec4 v0x818e88f00_0;
    %pad/u 32;
    %store/vec4 v0x818e88e60_0, 0, 32;
    %jmp T_42.16;
T_42.11 ;
    %load/vec4 v0x818e90f00_0;
    %load/vec4 v0x818e90fa0_0;
    %xor;
    %store/vec4 v0x818e88e60_0, 0, 32;
    %jmp T_42.16;
T_42.12 ;
    %load/vec4 v0x818e90f00_0;
    %load/vec4 v0x818e90fa0_0;
    %or;
    %store/vec4 v0x818e88e60_0, 0, 32;
    %jmp T_42.16;
T_42.13 ;
    %load/vec4 v0x818e90f00_0;
    %load/vec4 v0x818e90fa0_0;
    %and;
    %store/vec4 v0x818e88e60_0, 0, 32;
    %jmp T_42.16;
T_42.14 ;
    %load/vec4 v0x818e890e0_0;
    %store/vec4 v0x818e88e60_0, 0, 32;
    %jmp T_42.16;
T_42.15 ;
    %load/vec4 v0x818e89180_0;
    %store/vec4 v0x818e88e60_0, 0, 32;
    %jmp T_42.16;
T_42.16 ;
    %pop/vec4 1;
    %jmp T_42;
    .thread T_42, $push;
    .scope S_0x818e70180;
T_43 ;
    %wait E_0x8191a2bc0;
    %load/vec4 v0x818e89720_0;
    %assign/vec4 v0x818e897c0_0, 0;
    %jmp T_43;
    .thread T_43;
    .scope S_0x818e70180;
T_44 ;
    %wait E_0x8191a2c80;
    %load/vec4 v0x818e897c0_0;
    %store/vec4 v0x818e89720_0, 0, 1;
    %load/vec4 v0x818e90a00_0;
    %nor/r;
    %flag_set/vec4 8;
    %jmp/0xz  T_44.0, 8;
    %pushi/vec4 0, 0, 1;
    %store/vec4 v0x818e89720_0, 0, 1;
T_44.0 ;
    %load/vec4 v0x818e8e120_0;
    %flag_set/vec4 8;
    %jmp/1 T_44.5, 8;
    %load/vec4 v0x818e8d680_0;
    %cmpi/ne 0, 0, 2;
    %flag_or 8, 4;
T_44.5;
    %jmp/1 T_44.4, 8;
    %load/vec4 v0x818e91220_0;
    %nor/r;
    %flag_set/vec4 9;
    %flag_or 8, 9;
T_44.4;
    %jmp/0xz  T_44.2, 8;
    %pushi/vec4 0, 0, 1;
    %store/vec4 v0x818e89720_0, 0, 1;
T_44.2 ;
    %jmp T_44;
    .thread T_44, $push;
    .scope S_0x818e70180;
T_45 ;
    %wait E_0x8191a2c40;
    %pushi/vec4 0, 0, 1;
    %store/vec4 v0x818e89e00_0, 0, 1;
    %pushi/vec4 4294967295, 4294967295, 32;
    %store/vec4 v0x818e89d60_0, 0, 32;
    %load/vec4 v0x818e89ae0_0;
    %cmpi/e 64, 0, 8;
    %jmp/0xz  T_45.0, 4;
    %pushi/vec4 1, 0, 1;
    %dup/vec4;
    %load/vec4 v0x818e8e120_0;
    %cmp/u;
    %jmp/1 T_45.2, 6;
    %dup/vec4;
    %load/vec4 v0x818e8e580_0;
    %flag_set/vec4 8;
    %flag_get/vec4 8;
    %jmp/0 T_45.7, 8;
    %load/vec4 v0x818e8e120_0;
    %nor/r;
    %and;
T_45.7;
    %cmp/u;
    %jmp/1 T_45.3, 6;
    %dup/vec4;
    %pushi/vec4 0, 0, 1;
    %cmp/u;
    %jmp/1 T_45.4, 6;
    %dup/vec4;
    %pushi/vec4 0, 0, 1;
    %cmp/u;
    %jmp/1 T_45.5, 6;
    %jmp T_45.6;
T_45.2 ;
    %load/vec4 v0x818e910e0_0;
    %load/vec4 v0x818e8e1c0_0;
    %flag_set/vec4 8;
    %jmp/0 T_45.8, 8;
    %pushi/vec4 2, 0, 32;
    %jmp/1 T_45.9, 8;
T_45.8 ; End of true expr.
    %pushi/vec4 4, 0, 32;
    %jmp/0 T_45.9, 8;
 ; End of false expr.
    %blend;
T_45.9;
    %add;
    %store/vec4 v0x818e89d60_0, 0, 32;
    %pushi/vec4 1, 0, 1;
    %store/vec4 v0x818e89e00_0, 0, 1;
    %jmp T_45.6;
T_45.3 ;
    %load/vec4 v0x818e8e4e0_0;
    %flag_set/vec4 8;
    %jmp/0 T_45.10, 8;
    %load/vec4 v0x818e89040_0;
    %jmp/1 T_45.11, 8;
T_45.10 ; End of true expr.
    %load/vec4 v0x818e91040_0;
    %jmp/0 T_45.11, 8;
 ; End of false expr.
    %blend;
T_45.11;
    %store/vec4 v0x818e89d60_0, 0, 32;
    %pushi/vec4 1, 0, 1;
    %store/vec4 v0x818e89e00_0, 0, 1;
    %jmp T_45.6;
T_45.4 ;
    %load/vec4 v0x818e90e60_0;
    %load/vec4 v0x818e8e1c0_0;
    %pad/u 32;
    %or;
    %store/vec4 v0x818e89d60_0, 0, 32;
    %pushi/vec4 1, 0, 1;
    %store/vec4 v0x818e89e00_0, 0, 1;
    %jmp T_45.6;
T_45.5 ;
    %load/vec4 v0x818e8d5e0_0;
    %load/vec4 v0x818e8d540_0;
    %inv;
    %and;
    %store/vec4 v0x818e89d60_0, 0, 32;
    %pushi/vec4 1, 0, 1;
    %store/vec4 v0x818e89e00_0, 0, 1;
    %jmp T_45.6;
T_45.6 ;
    %pop/vec4 1;
T_45.0 ;
    %jmp T_45;
    .thread T_45, $push;
    .scope S_0x818e70180;
T_46 ;
    %wait E_0x8191a2bc0;
    %load/vec4 v0x818e91220_0;
    %flag_set/vec4 10;
    %flag_get/vec4 10;
    %jmp/0 T_46.3, 10;
    %load/vec4 v0x818e89e00_0;
    %and;
T_46.3;
    %flag_set/vec4 9;
    %flag_get/vec4 9;
    %jmp/0 T_46.2, 9;
    %load/vec4 v0x818e8e440_0;
    %pushi/vec4 0, 0, 5;
    %cmp/ne;
    %flag_get/vec4 4;
    %and;
T_46.2;
    %flag_set/vec4 8;
    %jmp/0xz  T_46.0, 8;
    %load/vec4 v0x818e89d60_0;
    %load/vec4 v0x818e8e440_0;
    %pad/u 7;
    %ix/vec4 3;
    %ix/load 4, 0, 0; Constant delay
    %assign/vec4/a/d v0x818e89b80, 0, 4;
T_46.0 ;
    %jmp T_46;
    .thread T_46;
    .scope S_0x818e70180;
T_47 ;
    %wait E_0x8191a2c00;
    %pushi/vec4 31, 31, 5;
    %store/vec4 v0x818e8ae40_0, 0, 5;
    %load/vec4 v0x818e8aee0_0;
    %cmpi/ne 0, 0, 5;
    %flag_mov 8, 4;
    %jmp/0 T_47.0, 8;
    %load/vec4 v0x818e8aee0_0;
    %pad/u 7;
    %ix/vec4 4;
    %load/vec4a v0x818e89b80, 4;
    %jmp/1 T_47.1, 8;
T_47.0 ; End of true expr.
    %pushi/vec4 0, 0, 32;
    %jmp/0 T_47.1, 8;
 ; End of false expr.
    %blend;
T_47.1;
    %store/vec4 v0x818e89c20_0, 0, 32;
    %load/vec4 v0x818e8af80_0;
    %cmpi/ne 0, 0, 5;
    %flag_mov 8, 4;
    %jmp/0 T_47.2, 8;
    %load/vec4 v0x818e8af80_0;
    %pad/u 7;
    %ix/vec4 4;
    %load/vec4a v0x818e89b80, 4;
    %jmp/1 T_47.3, 8;
T_47.2 ; End of true expr.
    %pushi/vec4 0, 0, 32;
    %jmp/0 T_47.3, 8;
 ; End of false expr.
    %blend;
T_47.3;
    %store/vec4 v0x818e89cc0_0, 0, 32;
    %jmp T_47;
    .thread T_47, $push;
    .scope S_0x818e70180;
T_48 ;
    %wait E_0x8191a2bc0;
    %pushi/vec4 0, 0, 1;
    %assign/vec4 v0x818e91680_0, 0;
    %pushi/vec4 31, 31, 5;
    %assign/vec4 v0x818e91180_0, 0;
    %pushi/vec4 4294967295, 4294967295, 32;
    %assign/vec4 v0x818e91040_0, 0;
    %pushi/vec4 0, 0, 1;
    %store/vec4 v0x818e91360_0, 0, 1;
    %pushi/vec4 0, 0, 1;
    %store/vec4 v0x818e912c0_0, 0, 1;
    %pushi/vec4 0, 0, 1;
    %store/vec4 v0x818e91400_0, 0, 1;
    %load/vec4 v0x818e88f00_0;
    %assign/vec4 v0x818e88fa0_0, 0;
    %load/vec4 v0x818e88e60_0;
    %assign/vec4 v0x818e89040_0, 0;
    %pushi/vec4 0, 0, 1;
    %assign/vec4 v0x818e89220_0, 0;
    %pushi/vec4 0, 0, 1;
    %assign/vec4 v0x818e892c0_0, 0;
    %load/vec4 v0x818e8e6c0_0;
    %flag_set/vec4 8;
    %jmp/0xz  T_48.0, 8;
    %pushi/vec4 4294967295, 4294967295, 32;
    %assign/vec4 v0x818e8a940_0, 0;
    %pushi/vec4 4294967295, 4294967295, 32;
    %assign/vec4 v0x818e8aa80_0, 0;
    %pushi/vec4 0, 0, 1;
    %assign/vec4 v0x818e8a9e0_0, 0;
    %pushi/vec4 0, 0, 1;
    %assign/vec4 v0x818e8ab20_0, 0;
T_48.0 ;
    %load/vec4 v0x818e91220_0;
    %flag_set/vec4 8;
    %jmp/0 T_48.2, 8;
    %load/vec4 v0x818e899a0_0;
    %addi 1, 0, 64;
    %jmp/1 T_48.3, 8;
T_48.2 ; End of true expr.
    %pushi/vec4 0, 0, 64;
    %jmp/0 T_48.3, 8;
 ; End of false expr.
    %blend;
T_48.3;
    %assign/vec4 v0x818e899a0_0, 0;
    %pushi/vec4 4294967295, 4294967295, 32;
    %store/vec4 v0x818e8fb60_0, 0, 32;
    %load/vec4 v0x818e8e9e0_0;
    %flag_set/vec4 8;
    %flag_get/vec4 8;
    %jmp/0 T_48.4, 8;
    %load/vec4 v0x818e8eb20_0;
    %and;
T_48.4;
    %assign/vec4 v0x818e8b160_0, 0;
    %load/vec4 v0x818e8b160_0;
    %assign/vec4 v0x818e8b200_0, 0;
    %pushi/vec4 0, 0, 1;
    %assign/vec4 v0x818e8b020_0, 0;
    %load/vec4 v0x818e8b020_0;
    %assign/vec4 v0x818e8b0c0_0, 0;
    %pushi/vec4 0, 0, 1;
    %assign/vec4 v0x818e8b2a0_0, 0;
    %pushi/vec4 0, 0, 1;
    %assign/vec4 v0x818e915e0_0, 0;
    %pushi/vec4 4294967295, 4294967295, 32;
    %concati/vec4 15, 15, 4;
    %assign/vec4 v0x818e91540_0, 0;
    %load/vec4 v0x818e91220_0;
    %nor/r;
    %flag_set/vec4 8;
    %jmp/0xz  T_48.5, 8;
    %pushi/vec4 0, 0, 32;
    %assign/vec4 v0x818e910e0_0, 0;
    %pushi/vec4 0, 0, 32;
    %assign/vec4 v0x818e90e60_0, 0;
    %pushi/vec4 0, 0, 64;
    %assign/vec4 v0x818e89a40_0, 0;
    %pushi/vec4 0, 0, 1;
    %assign/vec4 v0x818e8e580_0, 0;
    %pushi/vec4 0, 0, 1;
    %assign/vec4 v0x818e8e4e0_0, 0;
    %pushi/vec4 0, 0, 1;
    %assign/vec4 v0x818e8e120_0, 0;
    %pushi/vec4 0, 0, 1;
    %assign/vec4 v0x818e8e620_0, 0;
    %pushi/vec4 0, 0, 1;
    %assign/vec4 v0x818e8e3a0_0, 0;
    %pushi/vec4 0, 0, 1;
    %assign/vec4 v0x818e8e300_0, 0;
    %pushi/vec4 0, 0, 1;
    %assign/vec4 v0x818e8e260_0, 0;
    %pushi/vec4 0, 0, 1;
    %assign/vec4 v0x818e90820_0, 0;
    %pushi/vec4 0, 0, 1;
    %assign/vec4 v0x818e90780_0, 0;
    %pushi/vec4 0, 0, 1;
    %assign/vec4 v0x818e8d400_0, 0;
    %pushi/vec4 0, 0, 1;
    %assign/vec4 v0x818e8d4a0_0, 0;
    %pushi/vec4 4294967295, 0, 32;
    %assign/vec4 v0x818e8d540_0, 0;
    %pushi/vec4 0, 0, 32;
    %store/vec4 v0x818e8fb60_0, 0, 32;
    %pushi/vec4 0, 0, 2;
    %assign/vec4 v0x818e8d680_0, 0;
    %pushi/vec4 0, 0, 32;
    %assign/vec4 v0x818e8b340_0, 0;
    %pushi/vec4 0, 0, 32;
    %assign/vec4 v0x818e914a0_0, 0;
    %pushi/vec4 64, 0, 8;
    %assign/vec4 v0x818e89ae0_0, 0;
    %jmp T_48.6;
T_48.5 ;
    %load/vec4 v0x818e89ae0_0;
    %dup/vec4;
    %pushi/vec4 128, 0, 8;
    %cmp/u;
    %jmp/1 T_48.7, 6;
    %dup/vec4;
    %pushi/vec4 64, 0, 8;
    %cmp/u;
    %jmp/1 T_48.8, 6;
    %dup/vec4;
    %pushi/vec4 32, 0, 8;
    %cmp/u;
    %jmp/1 T_48.9, 6;
    %dup/vec4;
    %pushi/vec4 16, 0, 8;
    %cmp/u;
    %jmp/1 T_48.10, 6;
    %dup/vec4;
    %pushi/vec4 8, 0, 8;
    %cmp/u;
    %jmp/1 T_48.11, 6;
    %dup/vec4;
    %pushi/vec4 4, 0, 8;
    %cmp/u;
    %jmp/1 T_48.12, 6;
    %dup/vec4;
    %pushi/vec4 2, 0, 8;
    %cmp/u;
    %jmp/1 T_48.13, 6;
    %dup/vec4;
    %pushi/vec4 1, 0, 8;
    %cmp/u;
    %jmp/1 T_48.14, 6;
    %jmp T_48.15;
T_48.7 ;
    %pushi/vec4 1, 0, 1;
    %assign/vec4 v0x818e91680_0, 0;
    %jmp T_48.15;
T_48.8 ;
    %load/vec4 v0x818e8b160_0;
    %nor/r;
    %flag_set/vec4 8;
    %flag_get/vec4 8;
    %jmp/0 T_48.16, 8;
    %load/vec4 v0x818e8b2a0_0;
    %nor/r;
    %and;
T_48.16;
    %assign/vec4 v0x818e8e9e0_0, 0;
    %pushi/vec4 0, 0, 2;
    %assign/vec4 v0x818e8f840_0, 0;
    %load/vec4 v0x818e90e60_0;
    %store/vec4 v0x818e89ea0_0, 0, 32;
    %pushi/vec4 1, 0, 1;
    %dup/vec4;
    %load/vec4 v0x818e8e120_0;
    %cmp/u;
    %jmp/1 T_48.17, 6;
    %dup/vec4;
    %load/vec4 v0x818e8e580_0;
    %flag_set/vec4 8;
    %flag_get/vec4 8;
    %jmp/0 T_48.22, 8;
    %load/vec4 v0x818e8e120_0;
    %nor/r;
    %and;
T_48.22;
    %cmp/u;
    %jmp/1 T_48.18, 6;
    %dup/vec4;
    %pushi/vec4 0, 0, 1;
    %cmp/u;
    %jmp/1 T_48.19, 6;
    %dup/vec4;
    %pushi/vec4 0, 0, 1;
    %cmp/u;
    %jmp/1 T_48.20, 6;
    %jmp T_48.21;
T_48.17 ;
    %load/vec4 v0x818e8e580_0;
    %flag_set/vec4 8;
    %jmp/0 T_48.23, 8;
    %load/vec4 v0x818e8e4e0_0;
    %flag_set/vec4 9;
    %jmp/0 T_48.25, 9;
    %load/vec4 v0x818e89040_0;
    %jmp/1 T_48.26, 9;
T_48.25 ; End of true expr.
    %load/vec4 v0x818e91040_0;
    %jmp/0 T_48.26, 9;
 ; End of false expr.
    %blend;
T_48.26;
    %pushi/vec4 4294967294, 0, 32;
    %and;
    %jmp/1 T_48.24, 8;
T_48.23 ; End of true expr.
    %load/vec4 v0x818e90e60_0;
    %jmp/0 T_48.24, 8;
 ; End of false expr.
    %blend;
T_48.24;
    %store/vec4 v0x818e89ea0_0, 0, 32;
    %jmp T_48.21;
T_48.18 ;
    %jmp T_48.21;
T_48.19 ;
    %pushi/vec4 16, 0, 32;
    %store/vec4 v0x818e89ea0_0, 0, 32;
    %pushi/vec4 1, 0, 1;
    %assign/vec4 v0x818e8d400_0, 0;
    %pushi/vec4 1, 0, 1;
    %assign/vec4 v0x818e8e9e0_0, 0;
    %jmp T_48.21;
T_48.20 ;
    %load/vec4 v0x818e8d5e0_0;
    %load/vec4 v0x818e8d540_0;
    %inv;
    %and;
    %assign/vec4 v0x818e8b340_0, 0;
    %load/vec4 v0x818e8fb60_0;
    %load/vec4 v0x818e8d540_0;
    %and;
    %store/vec4 v0x818e8fb60_0, 0, 32;
    %jmp T_48.21;
T_48.21 ;
    %pop/vec4 1;
    %load/vec4 v0x818e89ea0_0;
    %assign/vec4 v0x818e910e0_0, 0;
    %load/vec4 v0x818e89ea0_0;
    %assign/vec4 v0x818e90e60_0, 0;
    %pushi/vec4 0, 0, 1;
    %assign/vec4 v0x818e8e580_0, 0;
    %pushi/vec4 0, 0, 1;
    %assign/vec4 v0x818e8e4e0_0, 0;
    %pushi/vec4 0, 0, 1;
    %assign/vec4 v0x818e8e120_0, 0;
    %pushi/vec4 0, 0, 1;
    %assign/vec4 v0x818e8e3a0_0, 0;
    %pushi/vec4 0, 0, 1;
    %assign/vec4 v0x818e8e300_0, 0;
    %pushi/vec4 0, 0, 1;
    %assign/vec4 v0x818e8e260_0, 0;
    %load/vec4 v0x818e8ada0_0;
    %assign/vec4 v0x818e8e440_0, 0;
    %load/vec4 v0x818e89900_0;
    %assign/vec4 v0x818e8e1c0_0, 0;
    %load/vec4 v0x818e8b160_0;
    %flag_set/vec4 8;
    %jmp/0xz  T_48.27, 8;
    %load/vec4 v0x818e8d400_0;
    %assign/vec4 v0x818e8d4a0_0, 0;
    %load/vec4 v0x818e89ea0_0;
    %load/vec4 v0x818e89900_0;
    %flag_set/vec4 8;
    %jmp/0 T_48.29, 8;
    %pushi/vec4 2, 0, 32;
    %jmp/1 T_48.30, 8;
T_48.29 ; End of true expr.
    %pushi/vec4 4, 0, 32;
    %jmp/0 T_48.30, 8;
 ; End of false expr.
    %blend;
T_48.30;
    %add;
    %assign/vec4 v0x818e90e60_0, 0;
    %load/vec4 v0x818e89a40_0;
    %addi 1, 0, 64;
    %assign/vec4 v0x818e89a40_0, 0;
    %load/vec4 v0x818e8bca0_0;
    %flag_set/vec4 8;
    %jmp/0xz  T_48.31, 8;
    %pushi/vec4 1, 0, 1;
    %assign/vec4 v0x818e8e9e0_0, 0;
    %load/vec4 v0x818e89ea0_0;
    %load/vec4 v0x818e8ad00_0;
    %add;
    %assign/vec4 v0x818e90e60_0, 0;
    %pushi/vec4 1, 0, 1;
    %assign/vec4 v0x818e8e120_0, 0;
    %jmp T_48.32;
T_48.31 ;
    %pushi/vec4 0, 0, 1;
    %assign/vec4 v0x818e8e9e0_0, 0;
    %load/vec4 v0x818e8bd40_0;
    %nor/r;
    %flag_set/vec4 8;
    %flag_get/vec4 8;
    %jmp/0 T_48.33, 8;
    %load/vec4 v0x818e8c640_0;
    %nor/r;
    %and;
T_48.33;
    %assign/vec4 v0x818e8e8a0_0, 0;
    %pushi/vec4 32, 0, 8;
    %assign/vec4 v0x818e89ae0_0, 0;
T_48.32 ;
T_48.27 ;
    %jmp T_48.15;
T_48.9 ;
    %pushi/vec4 4294967295, 4294967295, 32;
    %assign/vec4 v0x818e90f00_0, 0;
    %pushi/vec4 4294967295, 4294967295, 32;
    %assign/vec4 v0x818e90fa0_0, 0;
    %pushi/vec4 1, 0, 1;
    %dup/vec4;
    %pushi/vec4 1, 0, 1;
    %flag_set/vec4 8;
    %flag_get/vec4 8;
    %jmp/0 T_48.48, 8;
    %load/vec4 v0x818e8d0e0_0;
    %and;
T_48.48;
    %cmp/u;
    %jmp/1 T_48.34, 6;
    %dup/vec4;
    %pushi/vec4 1, 0, 1;
    %flag_set/vec4 8;
    %flag_get/vec4 8;
    %jmp/0 T_48.49, 8;
    %load/vec4 v0x818e8dcc0_0;
    %and;
T_48.49;
    %cmp/u;
    %jmp/1 T_48.35, 6;
    %dup/vec4;
    %load/vec4 v0x818e8db80_0;
    %cmp/u;
    %jmp/1 T_48.36, 6;
    %dup/vec4;
    %pushi/vec4 0, 0, 1;
    %cmp/u;
    %jmp/1 T_48.37, 6;
    %dup/vec4;
    %pushi/vec4 0, 0, 1;
    %cmp/u;
    %jmp/1 T_48.38, 6;
    %dup/vec4;
    %pushi/vec4 0, 0, 1;
    %cmp/u;
    %jmp/1 T_48.39, 6;
    %dup/vec4;
    %pushi/vec4 0, 0, 1;
    %cmp/u;
    %jmp/1 T_48.40, 6;
    %dup/vec4;
    %pushi/vec4 0, 0, 1;
    %cmp/u;
    %jmp/1 T_48.41, 6;
    %dup/vec4;
    %load/vec4 v0x818e8da40_0;
    %flag_set/vec4 8;
    %flag_get/vec4 8;
    %jmp/0 T_48.50, 8;
    %load/vec4 v0x818e8d0e0_0;
    %nor/r;
    %and;
T_48.50;
    %cmp/u;
    %jmp/1 T_48.42, 6;
    %dup/vec4;
    %load/vec4 v0x818e8dea0_0;
    %flag_set/vec4 8;
    %flag_get/vec4 8;
    %jmp/0 T_48.51, 8;
    %pushi/vec4 1, 0, 1;
    %and;
T_48.51;
    %cmp/u;
    %jmp/1 T_48.43, 6;
    %dup/vec4;
    %load/vec4 v0x818e8d9a0_0;
    %cmp/u;
    %jmp/1 T_48.44, 6;
    %dup/vec4;
    %load/vec4 v0x818e8dea0_0;
    %flag_set/vec4 8;
    %flag_get/vec4 8;
    %jmp/0 T_48.52, 8;
    %pushi/vec4 0, 0, 1;
    %and;
T_48.52;
    %cmp/u;
    %jmp/1 T_48.45, 6;
    %load/vec4 v0x818e89c20_0;
    %assign/vec4 v0x818e90f00_0, 0;
    %load/vec4 v0x818e89c20_0;
    %assign/vec4 v0x818e8a940_0, 0;
    %pushi/vec4 1, 0, 1;
    %assign/vec4 v0x818e8a9e0_0, 0;
    %load/vec4 v0x818e89cc0_0;
    %pad/u 5;
    %assign/vec4 v0x818e91180_0, 0;
    %load/vec4 v0x818e89cc0_0;
    %assign/vec4 v0x818e90fa0_0, 0;
    %load/vec4 v0x818e89cc0_0;
    %assign/vec4 v0x818e8aa80_0, 0;
    %pushi/vec4 1, 0, 1;
    %assign/vec4 v0x818e8ab20_0, 0;
    %pushi/vec4 1, 0, 1;
    %dup/vec4;
    %load/vec4 v0x818e8dd60_0;
    %cmp/u;
    %jmp/1 T_48.53, 6;
    %dup/vec4;
    %load/vec4 v0x818e8de00_0;
    %flag_set/vec4 8;
    %flag_get/vec4 8;
    %jmp/0 T_48.57, 8;
    %pushi/vec4 1, 0, 1;
    %and;
T_48.57;
    %cmp/u;
    %jmp/1 T_48.54, 6;
    %load/vec4 v0x818e8e8a0_0;
    %assign/vec4 v0x818e8e9e0_0, 0;
    %pushi/vec4 8, 0, 8;
    %assign/vec4 v0x818e89ae0_0, 0;
    %jmp T_48.56;
T_48.53 ;
    %pushi/vec4 2, 0, 8;
    %assign/vec4 v0x818e89ae0_0, 0;
    %pushi/vec4 1, 0, 1;
    %assign/vec4 v0x818e8e9e0_0, 0;
    %jmp T_48.56;
T_48.54 ;
    %pushi/vec4 4, 0, 8;
    %assign/vec4 v0x818e89ae0_0, 0;
    %jmp T_48.56;
T_48.56 ;
    %pop/vec4 1;
    %jmp T_48.47;
T_48.34 ;
    %pushi/vec4 128, 0, 8;
    %assign/vec4 v0x818e89ae0_0, 0;
    %jmp T_48.47;
T_48.35 ;
    %pushi/vec4 1, 0, 1;
    %dup/vec4;
    %load/vec4 v0x818e8c3c0_0;
    %cmp/u;
    %jmp/1 T_48.58, 6;
    %dup/vec4;
    %load/vec4 v0x818e8c460_0;
    %flag_set/vec4 8;
    %flag_get/vec4 8;
    %jmp/0 T_48.63, 8;
    %pushi/vec4 1, 0, 1;
    %and;
T_48.63;
    %cmp/u;
    %jmp/1 T_48.59, 6;
    %dup/vec4;
    %load/vec4 v0x818e8c500_0;
    %cmp/u;
    %jmp/1 T_48.60, 6;
    %dup/vec4;
    %load/vec4 v0x818e8c5a0_0;
    %flag_set/vec4 8;
    %flag_get/vec4 8;
    %jmp/0 T_48.64, 8;
    %pushi/vec4 1, 0, 1;
    %and;
T_48.64;
    %cmp/u;
    %jmp/1 T_48.61, 6;
    %jmp T_48.62;
T_48.58 ;
    %load/vec4 v0x818e899a0_0;
    %parti/s 32, 0, 2;
    %assign/vec4 v0x818e91040_0, 0;
    %jmp T_48.62;
T_48.59 ;
    %load/vec4 v0x818e899a0_0;
    %parti/s 32, 32, 7;
    %assign/vec4 v0x818e91040_0, 0;
    %jmp T_48.62;
T_48.60 ;
    %load/vec4 v0x818e89a40_0;
    %parti/s 32, 0, 2;
    %assign/vec4 v0x818e91040_0, 0;
    %jmp T_48.62;
T_48.61 ;
    %load/vec4 v0x818e89a40_0;
    %parti/s 32, 32, 7;
    %assign/vec4 v0x818e91040_0, 0;
    %jmp T_48.62;
T_48.62 ;
    %pop/vec4 1;
    %pushi/vec4 1, 0, 1;
    %assign/vec4 v0x818e8e580_0, 0;
    %pushi/vec4 64, 0, 8;
    %assign/vec4 v0x818e89ae0_0, 0;
    %jmp T_48.47;
T_48.36 ;
    %load/vec4 v0x818e8c0a0_0;
    %flag_set/vec4 8;
    %jmp/0 T_48.65, 8;
    %pushi/vec4 0, 0, 32;
    %jmp/1 T_48.66, 8;
T_48.65 ; End of true expr.
    %load/vec4 v0x818e910e0_0;
    %jmp/0 T_48.66, 8;
 ; End of false expr.
    %blend;
T_48.66;
    %assign/vec4 v0x818e90f00_0, 0;
    %load/vec4 v0x818e8ac60_0;
    %assign/vec4 v0x818e90fa0_0, 0;
    %load/vec4 v0x818e8e8a0_0;
    %assign/vec4 v0x818e8e9e0_0, 0;
    %pushi/vec4 8, 0, 8;
    %assign/vec4 v0x818e89ae0_0, 0;
    %jmp T_48.47;
T_48.37 ;
    %load/vec4 v0x818e89c20_0;
    %assign/vec4 v0x818e91040_0, 0;
    %load/vec4 v0x818e89c20_0;
    %assign/vec4 v0x818e8a940_0, 0;
    %pushi/vec4 1, 0, 1;
    %assign/vec4 v0x818e8a9e0_0, 0;
    %pushi/vec4 1, 0, 1;
    %assign/vec4 v0x818e8e580_0, 0;
    %pushi/vec4 64, 0, 8;
    %assign/vec4 v0x818e89ae0_0, 0;
    %jmp T_48.47;
T_48.38 ;
    %load/vec4 v0x818e89c20_0;
    %assign/vec4 v0x818e91040_0, 0;
    %load/vec4 v0x818e89c20_0;
    %assign/vec4 v0x818e8a940_0, 0;
    %pushi/vec4 1, 0, 1;
    %assign/vec4 v0x818e8a9e0_0, 0;
    %load/vec4 v0x818e8e440_0;
    %pad/u 32;
    %pushi/vec4 32, 0, 32;
    %or;
    %pad/u 5;
    %assign/vec4 v0x818e8e440_0, 0;
    %pushi/vec4 1, 0, 1;
    %assign/vec4 v0x818e8e580_0, 0;
    %pushi/vec4 64, 0, 8;
    %assign/vec4 v0x818e89ae0_0, 0;
    %jmp T_48.47;
T_48.39 ;
    %pushi/vec4 0, 0, 32;
    %assign/vec4 v0x818e8b340_0, 0;
    %pushi/vec4 0, 0, 1;
    %assign/vec4 v0x818e8d400_0, 0;
    %pushi/vec4 1, 0, 1;
    %assign/vec4 v0x818e8e120_0, 0;
    %pushi/vec4 1, 0, 1;
    %assign/vec4 v0x818e8e580_0, 0;
    %load/vec4 v0x818e89c20_0;
    %pushi/vec4 4294967294, 0, 32;
    %and;
    %assign/vec4 v0x818e91040_0, 0;
    %load/vec4 v0x818e89c20_0;
    %assign/vec4 v0x818e8a940_0, 0;
    %pushi/vec4 1, 0, 1;
    %assign/vec4 v0x818e8a9e0_0, 0;
    %pushi/vec4 64, 0, 8;
    %assign/vec4 v0x818e89ae0_0, 0;
    %jmp T_48.47;
T_48.40 ;
    %pushi/vec4 1, 0, 1;
    %assign/vec4 v0x818e8e580_0, 0;
    %load/vec4 v0x818e8d540_0;
    %assign/vec4 v0x818e91040_0, 0;
    %load/vec4 v0x818e89c20_0;
    %pushi/vec4 0, 0, 32;
    %or;
    %assign/vec4 v0x818e8d540_0, 0;
    %load/vec4 v0x818e89c20_0;
    %assign/vec4 v0x818e8a940_0, 0;
    %pushi/vec4 1, 0, 1;
    %assign/vec4 v0x818e8a9e0_0, 0;
    %pushi/vec4 64, 0, 8;
    %assign/vec4 v0x818e89ae0_0, 0;
    %jmp T_48.47;
T_48.41 ;
    %pushi/vec4 1, 0, 1;
    %assign/vec4 v0x818e8e580_0, 0;
    %load/vec4 v0x818e914a0_0;
    %assign/vec4 v0x818e91040_0, 0;
    %load/vec4 v0x818e89c20_0;
    %assign/vec4 v0x818e914a0_0, 0;
    %load/vec4 v0x818e89c20_0;
    %assign/vec4 v0x818e8a940_0, 0;
    %pushi/vec4 1, 0, 1;
    %assign/vec4 v0x818e8a9e0_0, 0;
    %pushi/vec4 64, 0, 8;
    %assign/vec4 v0x818e89ae0_0, 0;
    %jmp T_48.47;
T_48.42 ;
    %load/vec4 v0x818e89c20_0;
    %assign/vec4 v0x818e90f00_0, 0;
    %load/vec4 v0x818e89c20_0;
    %assign/vec4 v0x818e8a940_0, 0;
    %pushi/vec4 1, 0, 1;
    %assign/vec4 v0x818e8a9e0_0, 0;
    %pushi/vec4 1, 0, 8;
    %assign/vec4 v0x818e89ae0_0, 0;
    %pushi/vec4 1, 0, 1;
    %assign/vec4 v0x818e8e9e0_0, 0;
    %jmp T_48.47;
T_48.43 ;
    %load/vec4 v0x818e89c20_0;
    %assign/vec4 v0x818e90f00_0, 0;
    %load/vec4 v0x818e89c20_0;
    %assign/vec4 v0x818e8a940_0, 0;
    %pushi/vec4 1, 0, 1;
    %assign/vec4 v0x818e8a9e0_0, 0;
    %load/vec4 v0x818e8af80_0;
    %assign/vec4 v0x818e91180_0, 0;
    %pushi/vec4 4, 0, 8;
    %assign/vec4 v0x818e89ae0_0, 0;
    %jmp T_48.47;
T_48.44 ;
    %load/vec4 v0x818e89c20_0;
    %assign/vec4 v0x818e90f00_0, 0;
    %load/vec4 v0x818e89c20_0;
    %assign/vec4 v0x818e8a940_0, 0;
    %pushi/vec4 1, 0, 1;
    %assign/vec4 v0x818e8a9e0_0, 0;
    %load/vec4 v0x818e8dea0_0;
    %flag_set/vec4 9;
    %flag_get/vec4 9;
    %jmp/0 T_48.69, 9;
    %pushi/vec4 0, 0, 1;
    %and;
T_48.69;
    %flag_set/vec4 8;
    %jmp/0 T_48.67, 8;
    %load/vec4 v0x818e8af80_0;
    %pad/u 32;
    %jmp/1 T_48.68, 8;
T_48.67 ; End of true expr.
    %load/vec4 v0x818e8ac60_0;
    %jmp/0 T_48.68, 8;
 ; End of false expr.
    %blend;
T_48.68;
    %assign/vec4 v0x818e90fa0_0, 0;
    %load/vec4 v0x818e8e8a0_0;
    %assign/vec4 v0x818e8e9e0_0, 0;
    %pushi/vec4 8, 0, 8;
    %assign/vec4 v0x818e89ae0_0, 0;
    %jmp T_48.47;
T_48.45 ;
    %load/vec4 v0x818e89c20_0;
    %assign/vec4 v0x818e90f00_0, 0;
    %load/vec4 v0x818e89c20_0;
    %assign/vec4 v0x818e8a940_0, 0;
    %pushi/vec4 1, 0, 1;
    %assign/vec4 v0x818e8a9e0_0, 0;
    %load/vec4 v0x818e8dea0_0;
    %flag_set/vec4 9;
    %flag_get/vec4 9;
    %jmp/0 T_48.72, 9;
    %pushi/vec4 0, 0, 1;
    %and;
T_48.72;
    %flag_set/vec4 8;
    %jmp/0 T_48.70, 8;
    %load/vec4 v0x818e8af80_0;
    %pad/u 32;
    %jmp/1 T_48.71, 8;
T_48.70 ; End of true expr.
    %load/vec4 v0x818e8ac60_0;
    %jmp/0 T_48.71, 8;
 ; End of false expr.
    %blend;
T_48.71;
    %assign/vec4 v0x818e90fa0_0, 0;
    %load/vec4 v0x818e8e8a0_0;
    %assign/vec4 v0x818e8e9e0_0, 0;
    %pushi/vec4 8, 0, 8;
    %assign/vec4 v0x818e89ae0_0, 0;
    %jmp T_48.47;
T_48.47 ;
    %pop/vec4 1;
    %jmp T_48.15;
T_48.10 ;
    %load/vec4 v0x818e89cc0_0;
    %pad/u 5;
    %assign/vec4 v0x818e91180_0, 0;
    %load/vec4 v0x818e89cc0_0;
    %assign/vec4 v0x818e90fa0_0, 0;
    %load/vec4 v0x818e89cc0_0;
    %assign/vec4 v0x818e8aa80_0, 0;
    %pushi/vec4 1, 0, 1;
    %assign/vec4 v0x818e8ab20_0, 0;
    %pushi/vec4 1, 0, 1;
    %dup/vec4;
    %pushi/vec4 0, 0, 1;
    %cmp/u;
    %jmp/1 T_48.73, 6;
    %dup/vec4;
    %load/vec4 v0x818e8dd60_0;
    %cmp/u;
    %jmp/1 T_48.74, 6;
    %dup/vec4;
    %load/vec4 v0x818e8de00_0;
    %flag_set/vec4 8;
    %flag_get/vec4 8;
    %jmp/0 T_48.78, 8;
    %pushi/vec4 1, 0, 1;
    %and;
T_48.78;
    %cmp/u;
    %jmp/1 T_48.75, 6;
    %load/vec4 v0x818e8e8a0_0;
    %assign/vec4 v0x818e8e9e0_0, 0;
    %pushi/vec4 8, 0, 8;
    %assign/vec4 v0x818e89ae0_0, 0;
    %jmp T_48.77;
T_48.73 ;
    %pushi/vec4 1, 0, 1;
    %assign/vec4 v0x818e90820_0, 0;
    %load/vec4 v0x818e900a0_0;
    %flag_set/vec4 8;
    %jmp/0xz  T_48.79, 8;
    %pushi/vec4 1, 0, 1;
    %assign/vec4 v0x818e8e9e0_0, 0;
    %pushi/vec4 0, 0, 1;
    %assign/vec4 v0x818e90820_0, 0;
    %load/vec4 v0x818e90000_0;
    %assign/vec4 v0x818e91040_0, 0;
    %load/vec4 v0x818e901e0_0;
    %assign/vec4 v0x818e8e580_0, 0;
    %pushi/vec4 64, 0, 8;
    %assign/vec4 v0x818e89ae0_0, 0;
    %jmp T_48.80;
T_48.79 ;
    %pushi/vec4 1, 0, 1;
    %flag_set/vec4 9;
    %flag_get/vec4 9;
    %jmp/0 T_48.83, 9;
    %load/vec4 v0x818e90780_0;
    %flag_set/vec4 9;
    %flag_get/vec4 9;
    %jmp/1 T_48.84, 9;
    %load/vec4 v0x818e8bac0_0;
    %or;
T_48.84;
    %and;
T_48.83;
    %flag_set/vec4 8;
    %jmp/0xz  T_48.81, 8;
    %pushi/vec4 0, 0, 1;
    %assign/vec4 v0x818e90820_0, 0;
    %pushi/vec4 128, 0, 8;
    %assign/vec4 v0x818e89ae0_0, 0;
T_48.81 ;
T_48.80 ;
    %jmp T_48.77;
T_48.74 ;
    %pushi/vec4 2, 0, 8;
    %assign/vec4 v0x818e89ae0_0, 0;
    %pushi/vec4 1, 0, 1;
    %assign/vec4 v0x818e8e9e0_0, 0;
    %jmp T_48.77;
T_48.75 ;
    %pushi/vec4 4, 0, 8;
    %assign/vec4 v0x818e89ae0_0, 0;
    %jmp T_48.77;
T_48.77 ;
    %pop/vec4 1;
    %jmp T_48.15;
T_48.11 ;
    %load/vec4 v0x818e910e0_0;
    %load/vec4 v0x818e8ac60_0;
    %add;
    %assign/vec4 v0x818e91040_0, 0;
    %load/vec4 v0x818e8d860_0;
    %flag_set/vec4 8;
    %jmp/0xz  T_48.85, 8;
    %pushi/vec4 0, 0, 5;
    %assign/vec4 v0x818e8e440_0, 0;
    %load/vec4 v0x818e88f00_0;
    %assign/vec4 v0x818e8e580_0, 0;
    %load/vec4 v0x818e88f00_0;
    %assign/vec4 v0x818e8e120_0, 0;
    %load/vec4 v0x818e8eb20_0;
    %flag_set/vec4 8;
    %jmp/0xz  T_48.87, 8;
    %pushi/vec4 64, 0, 8;
    %assign/vec4 v0x818e89ae0_0, 0;
T_48.87 ;
    %load/vec4 v0x818e88f00_0;
    %flag_set/vec4 8;
    %jmp/0xz  T_48.89, 8;
    %pushi/vec4 0, 0, 1;
    %assign/vec4 v0x818e8b160_0, 0;
    %pushi/vec4 1, 0, 1;
    %store/vec4 v0x818e91360_0, 0, 1;
T_48.89 ;
    %jmp T_48.86;
T_48.85 ;
    %load/vec4 v0x818e8bd40_0;
    %assign/vec4 v0x818e8e120_0, 0;
    %pushi/vec4 1, 0, 1;
    %assign/vec4 v0x818e8e580_0, 0;
    %pushi/vec4 1, 0, 1;
    %assign/vec4 v0x818e8e4e0_0, 0;
    %pushi/vec4 64, 0, 8;
    %assign/vec4 v0x818e89ae0_0, 0;
T_48.86 ;
    %jmp T_48.15;
T_48.12 ;
    %pushi/vec4 1, 0, 1;
    %assign/vec4 v0x818e8e580_0, 0;
    %load/vec4 v0x818e91180_0;
    %pad/u 32;
    %cmpi/e 0, 0, 32;
    %jmp/0xz  T_48.91, 4;
    %load/vec4 v0x818e90f00_0;
    %assign/vec4 v0x818e91040_0, 0;
    %load/vec4 v0x818e8e8a0_0;
    %assign/vec4 v0x818e8e9e0_0, 0;
    %pushi/vec4 64, 0, 8;
    %assign/vec4 v0x818e89ae0_0, 0;
    %jmp T_48.92;
T_48.91 ;
    %pushi/vec4 1, 0, 1;
    %flag_set/vec4 9;
    %flag_get/vec4 9;
    %jmp/0 T_48.95, 9;
    %pushi/vec4 4, 0, 32;
    %load/vec4 v0x818e91180_0;
    %pad/u 32;
    %cmp/u;
    %flag_get/vec4 4;
    %flag_get/vec4 5;
    %or;
    %and;
T_48.95;
    %flag_set/vec4 8;
    %jmp/0xz  T_48.93, 8;
    %pushi/vec4 1, 0, 1;
    %dup/vec4;
    %load/vec4 v0x818e8c960_0;
    %flag_set/vec4 8;
    %flag_get/vec4 8;
    %jmp/1 T_48.100, 8;
    %load/vec4 v0x818e8c8c0_0;
    %or;
T_48.100;
    %cmp/u;
    %jmp/1 T_48.96, 6;
    %dup/vec4;
    %load/vec4 v0x818e8ce60_0;
    %flag_set/vec4 8;
    %flag_get/vec4 8;
    %jmp/1 T_48.101, 8;
    %load/vec4 v0x818e8cdc0_0;
    %or;
T_48.101;
    %cmp/u;
    %jmp/1 T_48.97, 6;
    %dup/vec4;
    %load/vec4 v0x818e8cd20_0;
    %flag_set/vec4 8;
    %flag_get/vec4 8;
    %jmp/1 T_48.102, 8;
    %load/vec4 v0x818e8cc80_0;
    %or;
T_48.102;
    %cmp/u;
    %jmp/1 T_48.98, 6;
    %jmp T_48.99;
T_48.96 ;
    %load/vec4 v0x818e90f00_0;
    %ix/load 4, 4, 0;
    %flag_set/imm 4, 0;
    %shiftl 4;
    %assign/vec4 v0x818e90f00_0, 0;
    %jmp T_48.99;
T_48.97 ;
    %load/vec4 v0x818e90f00_0;
    %ix/load 4, 4, 0;
    %flag_set/imm 4, 0;
    %shiftr 4;
    %assign/vec4 v0x818e90f00_0, 0;
    %jmp T_48.99;
T_48.98 ;
    %load/vec4 v0x818e90f00_0;
    %ix/load 4, 4, 0;
    %flag_set/imm 4, 0;
    %shiftr/s 4;
    %assign/vec4 v0x818e90f00_0, 0;
    %jmp T_48.99;
T_48.99 ;
    %pop/vec4 1;
    %load/vec4 v0x818e91180_0;
    %subi 4, 0, 5;
    %assign/vec4 v0x818e91180_0, 0;
    %jmp T_48.94;
T_48.93 ;
    %pushi/vec4 1, 0, 1;
    %dup/vec4;
    %load/vec4 v0x818e8c960_0;
    %flag_set/vec4 8;
    %flag_get/vec4 8;
    %jmp/1 T_48.107, 8;
    %load/vec4 v0x818e8c8c0_0;
    %or;
T_48.107;
    %cmp/u;
    %jmp/1 T_48.103, 6;
    %dup/vec4;
    %load/vec4 v0x818e8ce60_0;
    %flag_set/vec4 8;
    %flag_get/vec4 8;
    %jmp/1 T_48.108, 8;
    %load/vec4 v0x818e8cdc0_0;
    %or;
T_48.108;
    %cmp/u;
    %jmp/1 T_48.104, 6;
    %dup/vec4;
    %load/vec4 v0x818e8cd20_0;
    %flag_set/vec4 8;
    %flag_get/vec4 8;
    %jmp/1 T_48.109, 8;
    %load/vec4 v0x818e8cc80_0;
    %or;
T_48.109;
    %cmp/u;
    %jmp/1 T_48.105, 6;
    %jmp T_48.106;
T_48.103 ;
    %load/vec4 v0x818e90f00_0;
    %ix/load 4, 1, 0;
    %flag_set/imm 4, 0;
    %shiftl 4;
    %assign/vec4 v0x818e90f00_0, 0;
    %jmp T_48.106;
T_48.104 ;
    %load/vec4 v0x818e90f00_0;
    %ix/load 4, 1, 0;
    %flag_set/imm 4, 0;
    %shiftr 4;
    %assign/vec4 v0x818e90f00_0, 0;
    %jmp T_48.106;
T_48.105 ;
    %load/vec4 v0x818e90f00_0;
    %ix/load 4, 1, 0;
    %flag_set/imm 4, 0;
    %shiftr/s 4;
    %assign/vec4 v0x818e90f00_0, 0;
    %jmp T_48.106;
T_48.106 ;
    %pop/vec4 1;
    %load/vec4 v0x818e91180_0;
    %subi 1, 0, 5;
    %assign/vec4 v0x818e91180_0, 0;
T_48.94 ;
T_48.92 ;
    %jmp T_48.15;
T_48.13 ;
    %load/vec4 v0x818e8e8a0_0;
    %nor/r;
    %flag_set/vec4 8;
    %jmp/1 T_48.112, 8;
    %load/vec4 v0x818e8eb20_0;
    %flag_set/vec4 9;
    %flag_or 8, 9;
T_48.112;
    %jmp/0xz  T_48.110, 8;
    %load/vec4 v0x818e8ea80_0;
    %nor/r;
    %flag_set/vec4 8;
    %jmp/0xz  T_48.113, 8;
    %pushi/vec4 1, 0, 1;
    %dup/vec4;
    %load/vec4 v0x818e8c6e0_0;
    %cmp/u;
    %jmp/1 T_48.115, 6;
    %dup/vec4;
    %load/vec4 v0x818e8c820_0;
    %cmp/u;
    %jmp/1 T_48.116, 6;
    %dup/vec4;
    %load/vec4 v0x818e8cfa0_0;
    %cmp/u;
    %jmp/1 T_48.117, 6;
    %jmp T_48.118;
T_48.115 ;
    %pushi/vec4 2, 0, 2;
    %assign/vec4 v0x818e8f840_0, 0;
    %jmp T_48.118;
T_48.116 ;
    %pushi/vec4 1, 0, 2;
    %assign/vec4 v0x818e8f840_0, 0;
    %jmp T_48.118;
T_48.117 ;
    %pushi/vec4 0, 0, 2;
    %assign/vec4 v0x818e8f840_0, 0;
    %jmp T_48.118;
T_48.118 ;
    %pop/vec4 1;
    %load/vec4 v0x818e90f00_0;
    %load/vec4 v0x818e8ac60_0;
    %add;
    %assign/vec4 v0x818e90f00_0, 0;
    %pushi/vec4 1, 0, 1;
    %store/vec4 v0x818e91400_0, 0, 1;
T_48.113 ;
    %load/vec4 v0x818e8e8a0_0;
    %nor/r;
    %flag_set/vec4 9;
    %flag_get/vec4 9;
    %jmp/0 T_48.121, 9;
    %load/vec4 v0x818e8eb20_0;
    %and;
T_48.121;
    %flag_set/vec4 8;
    %jmp/0xz  T_48.119, 8;
    %pushi/vec4 64, 0, 8;
    %assign/vec4 v0x818e89ae0_0, 0;
    %pushi/vec4 1, 0, 1;
    %assign/vec4 v0x818e8b160_0, 0;
    %pushi/vec4 1, 0, 1;
    %assign/vec4 v0x818e8b020_0, 0;
T_48.119 ;
T_48.110 ;
    %jmp T_48.15;
T_48.14 ;
    %pushi/vec4 1, 0, 1;
    %assign/vec4 v0x818e8e580_0, 0;
    %load/vec4 v0x818e8e8a0_0;
    %nor/r;
    %flag_set/vec4 8;
    %jmp/1 T_48.124, 8;
    %load/vec4 v0x818e8eb20_0;
    %flag_set/vec4 9;
    %flag_or 8, 9;
T_48.124;
    %jmp/0xz  T_48.122, 8;
    %load/vec4 v0x818e8e940_0;
    %nor/r;
    %flag_set/vec4 8;
    %jmp/0xz  T_48.125, 8;
    %pushi/vec4 1, 0, 1;
    %dup/vec4;
    %load/vec4 v0x818e8bde0_0;
    %flag_set/vec4 8;
    %flag_get/vec4 8;
    %jmp/1 T_48.131, 8;
    %load/vec4 v0x818e8be80_0;
    %or;
T_48.131;
    %cmp/u;
    %jmp/1 T_48.127, 6;
    %dup/vec4;
    %load/vec4 v0x818e8bf20_0;
    %flag_set/vec4 8;
    %flag_get/vec4 8;
    %jmp/1 T_48.132, 8;
    %load/vec4 v0x818e8c000_0;
    %or;
T_48.132;
    %cmp/u;
    %jmp/1 T_48.128, 6;
    %dup/vec4;
    %load/vec4 v0x818e8c140_0;
    %cmp/u;
    %jmp/1 T_48.129, 6;
    %jmp T_48.130;
T_48.127 ;
    %pushi/vec4 2, 0, 2;
    %assign/vec4 v0x818e8f840_0, 0;
    %jmp T_48.130;
T_48.128 ;
    %pushi/vec4 1, 0, 2;
    %assign/vec4 v0x818e8f840_0, 0;
    %jmp T_48.130;
T_48.129 ;
    %pushi/vec4 0, 0, 2;
    %assign/vec4 v0x818e8f840_0, 0;
    %jmp T_48.130;
T_48.130 ;
    %pop/vec4 1;
    %load/vec4 v0x818e8dae0_0;
    %assign/vec4 v0x818e8e3a0_0, 0;
    %load/vec4 v0x818e8bf20_0;
    %assign/vec4 v0x818e8e300_0, 0;
    %load/vec4 v0x818e8bde0_0;
    %assign/vec4 v0x818e8e260_0, 0;
    %load/vec4 v0x818e90f00_0;
    %load/vec4 v0x818e8ac60_0;
    %add;
    %assign/vec4 v0x818e90f00_0, 0;
    %pushi/vec4 1, 0, 1;
    %store/vec4 v0x818e912c0_0, 0, 1;
T_48.125 ;
    %load/vec4 v0x818e8e8a0_0;
    %nor/r;
    %flag_set/vec4 9;
    %flag_get/vec4 9;
    %jmp/0 T_48.135, 9;
    %load/vec4 v0x818e8eb20_0;
    %and;
T_48.135;
    %flag_set/vec4 8;
    %jmp/0xz  T_48.133, 8;
    %pushi/vec4 1, 0, 1;
    %dup/vec4;
    %load/vec4 v0x818e8e3a0_0;
    %cmp/u;
    %jmp/1 T_48.136, 6;
    %dup/vec4;
    %load/vec4 v0x818e8e300_0;
    %cmp/u;
    %jmp/1 T_48.137, 6;
    %dup/vec4;
    %load/vec4 v0x818e8e260_0;
    %cmp/u;
    %jmp/1 T_48.138, 6;
    %jmp T_48.139;
T_48.136 ;
    %load/vec4 v0x818e8f520_0;
    %assign/vec4 v0x818e91040_0, 0;
    %jmp T_48.139;
T_48.137 ;
    %load/vec4 v0x818e8f520_0;
    %parti/s 16, 0, 2;
    %pad/s 32;
    %assign/vec4 v0x818e91040_0, 0;
    %jmp T_48.139;
T_48.138 ;
    %load/vec4 v0x818e8f520_0;
    %parti/s 8, 0, 2;
    %pad/s 32;
    %assign/vec4 v0x818e91040_0, 0;
    %jmp T_48.139;
T_48.139 ;
    %pop/vec4 1;
    %pushi/vec4 1, 0, 1;
    %assign/vec4 v0x818e8b160_0, 0;
    %pushi/vec4 1, 0, 1;
    %assign/vec4 v0x818e8b020_0, 0;
    %pushi/vec4 64, 0, 8;
    %assign/vec4 v0x818e89ae0_0, 0;
T_48.133 ;
T_48.122 ;
    %jmp T_48.15;
T_48.15 ;
    %pop/vec4 1;
T_48.6 ;
    %pushi/vec4 1, 0, 1;
    %flag_set/vec4 10;
    %flag_get/vec4 10;
    %jmp/0 T_48.143, 10;
    %load/vec4 v0x818e91220_0;
    %and;
T_48.143;
    %flag_set/vec4 9;
    %flag_get/vec4 9;
    %jmp/0 T_48.142, 9;
    %load/vec4 v0x818e8e940_0;
    %flag_set/vec4 9;
    %flag_get/vec4 9;
    %jmp/1 T_48.144, 9;
    %load/vec4 v0x818e8ea80_0;
    %or;
T_48.144;
    %and;
T_48.142;
    %flag_set/vec4 8;
    %jmp/0xz  T_48.140, 8;
    %load/vec4 v0x818e8f840_0;
    %pad/u 32;
    %cmpi/e 0, 0, 32;
    %flag_get/vec4 4;
    %jmp/0 T_48.147, 4;
    %load/vec4 v0x818e90f00_0;
    %parti/s 2, 0, 2;
    %pad/u 32;
    %pushi/vec4 0, 0, 32;
    %cmp/ne;
    %flag_get/vec4 4;
    %and;
T_48.147;
    %flag_set/vec4 8;
    %jmp/0xz  T_48.145, 8;
    %pushi/vec4 128, 0, 8;
    %assign/vec4 v0x818e89ae0_0, 0;
T_48.145 ;
    %load/vec4 v0x818e8f840_0;
    %pad/u 32;
    %cmpi/e 1, 0, 32;
    %flag_get/vec4 4;
    %jmp/0 T_48.150, 4;
    %load/vec4 v0x818e90f00_0;
    %parti/s 1, 0, 2;
    %pad/u 32;
    %pushi/vec4 0, 0, 32;
    %cmp/ne;
    %flag_get/vec4 4;
    %and;
T_48.150;
    %flag_set/vec4 8;
    %jmp/0xz  T_48.148, 8;
    %pushi/vec4 128, 0, 8;
    %assign/vec4 v0x818e89ae0_0, 0;
T_48.148 ;
T_48.140 ;
    %pushi/vec4 1, 0, 1;
    %flag_set/vec4 11;
    %flag_get/vec4 11;
    %jmp/0 T_48.155, 11;
    %load/vec4 v0x818e91220_0;
    %and;
T_48.155;
    %flag_set/vec4 10;
    %flag_get/vec4 10;
    %jmp/0 T_48.154, 10;
    %load/vec4 v0x818e8e9e0_0;
    %and;
T_48.154;
    %flag_set/vec4 9;
    %flag_get/vec4 9;
    %jmp/0 T_48.153, 9;
    %load/vec4 v0x818e910e0_0;
    %parti/s 2, 0, 2;
    %or/r;
    %and;
T_48.153;
    %flag_set/vec4 8;
    %jmp/0xz  T_48.151, 8;
    %pushi/vec4 128, 0, 8;
    %assign/vec4 v0x818e89ae0_0, 0;
T_48.151 ;
    %load/vec4 v0x818e91220_0;
    %nor/r;
    %flag_set/vec4 8;
    %jmp/1 T_48.158, 8;
    %load/vec4 v0x818e8eb20_0;
    %flag_set/vec4 9;
    %flag_or 8, 9;
T_48.158;
    %jmp/0xz  T_48.156, 8;
    %pushi/vec4 0, 0, 1;
    %assign/vec4 v0x818e8e8a0_0, 0;
    %pushi/vec4 0, 0, 1;
    %assign/vec4 v0x818e8e9e0_0, 0;
    %pushi/vec4 0, 0, 1;
    %assign/vec4 v0x818e8e940_0, 0;
    %pushi/vec4 0, 0, 1;
    %assign/vec4 v0x818e8ea80_0, 0;
T_48.156 ;
    %load/vec4 v0x818e91360_0;
    %flag_set/vec4 8;
    %jmp/0xz  T_48.159, 8;
    %pushi/vec4 1, 0, 1;
    %assign/vec4 v0x818e8e9e0_0, 0;
T_48.159 ;
    %load/vec4 v0x818e912c0_0;
    %flag_set/vec4 8;
    %jmp/0xz  T_48.161, 8;
    %pushi/vec4 1, 0, 1;
    %assign/vec4 v0x818e8e940_0, 0;
T_48.161 ;
    %load/vec4 v0x818e91400_0;
    %flag_set/vec4 8;
    %jmp/0xz  T_48.163, 8;
    %pushi/vec4 1, 0, 1;
    %assign/vec4 v0x818e8ea80_0, 0;
T_48.163 ;
    %load/vec4 v0x818e8fb60_0;
    %pushi/vec4 4294967295, 0, 32;
    %and;
    %assign/vec4 v0x818e8d5e0_0, 0;
    %pushi/vec4 4294967295, 4294967295, 32;
    %store/vec4 v0x818e89ea0_0, 0, 32;
    %jmp T_48;
    .thread T_48;
    .scope S_0x1057273d0;
T_49 ;
    %wait E_0x8191a2b80;
    %load/vec4 v0x818e929e0_0;
    %flag_set/vec4 8;
    %jmp/0xz  T_49.0, 8;
    %pushi/vec4 0, 0, 32;
    %assign/vec4 v0x818e92b20_0, 0;
    %pushi/vec4 0, 0, 32;
    %assign/vec4 v0x818e92d00_0, 0;
    %pushi/vec4 0, 0, 1;
    %assign/vec4 v0x818e92ee0_0, 0;
    %pushi/vec4 0, 0, 4;
    %assign/vec4 v0x818e92da0_0, 0;
    %pushi/vec4 0, 0, 1;
    %assign/vec4 v0x818e92e40_0, 0;
    %pushi/vec4 0, 0, 1;
    %assign/vec4 v0x818e92bc0_0, 0;
    %pushi/vec4 0, 0, 2;
    %assign/vec4 v0x818e926c0_0, 0;
    %jmp T_49.1;
T_49.0 ;
    %load/vec4 v0x818e926c0_0;
    %dup/vec4;
    %pushi/vec4 0, 0, 2;
    %cmp/u;
    %jmp/1 T_49.2, 6;
    %dup/vec4;
    %pushi/vec4 1, 0, 2;
    %cmp/u;
    %jmp/1 T_49.3, 6;
    %dup/vec4;
    %pushi/vec4 2, 0, 2;
    %cmp/u;
    %jmp/1 T_49.4, 6;
    %pushi/vec4 0, 0, 2;
    %assign/vec4 v0x818e926c0_0, 0;
    %jmp T_49.6;
T_49.2 ;
    %load/vec4 v0x818e91f40_0;
    %flag_set/vec4 8;
    %jmp/0xz  T_49.7, 8;
    %load/vec4 v0x818e91cc0_0;
    %assign/vec4 v0x818e92b20_0, 0;
    %load/vec4 v0x818e91fe0_0;
    %assign/vec4 v0x818e92d00_0, 0;
    %load/vec4 v0x818e92f80_0;
    %assign/vec4 v0x818e92ee0_0, 0;
    %load/vec4 v0x818e92080_0;
    %assign/vec4 v0x818e92da0_0, 0;
    %pushi/vec4 1, 0, 1;
    %assign/vec4 v0x818e92e40_0, 0;
    %pushi/vec4 1, 0, 1;
    %assign/vec4 v0x818e92bc0_0, 0;
    %pushi/vec4 1, 0, 2;
    %assign/vec4 v0x818e926c0_0, 0;
    %jmp T_49.8;
T_49.7 ;
    %pushi/vec4 0, 0, 1;
    %assign/vec4 v0x818e91ea0_0, 0;
    %pushi/vec4 0, 0, 1;
    %assign/vec4 v0x818e92e40_0, 0;
    %pushi/vec4 0, 0, 1;
    %assign/vec4 v0x818e92bc0_0, 0;
    %pushi/vec4 0, 0, 1;
    %assign/vec4 v0x818e92ee0_0, 0;
T_49.8 ;
    %jmp T_49.6;
T_49.3 ;
    %load/vec4 v0x818e92a80_0;
    %flag_set/vec4 8;
    %jmp/0xz  T_49.9, 8;
    %load/vec4 v0x818e92c60_0;
    %assign/vec4 v0x818e91e00_0, 0;
    %pushi/vec4 1, 0, 1;
    %assign/vec4 v0x818e91ea0_0, 0;
    %pushi/vec4 2, 0, 2;
    %assign/vec4 v0x818e926c0_0, 0;
    %pushi/vec4 0, 0, 1;
    %assign/vec4 v0x818e92e40_0, 0;
    %pushi/vec4 0, 0, 1;
    %assign/vec4 v0x818e92bc0_0, 0;
    %pushi/vec4 0, 0, 1;
    %assign/vec4 v0x818e92ee0_0, 0;
T_49.9 ;
    %jmp T_49.6;
T_49.4 ;
    %pushi/vec4 0, 0, 1;
    %assign/vec4 v0x818e91ea0_0, 0;
    %pushi/vec4 0, 0, 2;
    %assign/vec4 v0x818e926c0_0, 0;
    %jmp T_49.6;
T_49.6 ;
    %pop/vec4 1;
T_49.1 ;
    %jmp T_49;
    .thread T_49;
    .scope S_0x818e71980;
T_50 ;
    %wait E_0x8191a2ec0;
    %load/vec4 v0x818e9f020_0;
    %assign/vec4 v0x818e9f160_0, 0;
    %load/vec4 v0x818e9f160_0;
    %assign/vec4 v0x818e9f200_0, 0;
    %jmp T_50;
    .thread T_50;
    .scope S_0x818e71980;
T_51 ;
    %wait E_0x8191a2ec0;
    %load/vec4 v0x818e9ef80_0;
    %nor/r;
    %flag_set/vec4 8;
    %jmp/0xz  T_51.0, 8;
    %pushi/vec4 0, 0, 2;
    %assign/vec4 v0x818e9f2a0_0, 0;
    %pushi/vec4 0, 0, 16;
    %assign/vec4 v0x818e9ee40_0, 0;
    %pushi/vec4 0, 0, 3;
    %assign/vec4 v0x818e9ed00_0, 0;
    %pushi/vec4 0, 0, 8;
    %assign/vec4 v0x818e9eee0_0, 0;
    %pushi/vec4 0, 0, 1;
    %assign/vec4 v0x818e9f340_0, 0;
    %jmp T_51.1;
T_51.0 ;
    %pushi/vec4 0, 0, 1;
    %assign/vec4 v0x818e9f340_0, 0;
    %load/vec4 v0x818e9f2a0_0;
    %dup/vec4;
    %pushi/vec4 0, 0, 2;
    %cmp/u;
    %jmp/1 T_51.2, 6;
    %dup/vec4;
    %pushi/vec4 1, 0, 2;
    %cmp/u;
    %jmp/1 T_51.3, 6;
    %dup/vec4;
    %pushi/vec4 2, 0, 2;
    %cmp/u;
    %jmp/1 T_51.4, 6;
    %dup/vec4;
    %pushi/vec4 3, 0, 2;
    %cmp/u;
    %jmp/1 T_51.5, 6;
    %pushi/vec4 0, 0, 2;
    %assign/vec4 v0x818e9f2a0_0, 0;
    %jmp T_51.7;
T_51.2 ;
    %pushi/vec4 0, 0, 16;
    %assign/vec4 v0x818e9ee40_0, 0;
    %pushi/vec4 0, 0, 3;
    %assign/vec4 v0x818e9ed00_0, 0;
    %load/vec4 v0x818e9f0c0_0;
    %cmpi/e 0, 0, 1;
    %jmp/0xz  T_51.8, 4;
    %pushi/vec4 1, 0, 2;
    %assign/vec4 v0x818e9f2a0_0, 0;
T_51.8 ;
    %jmp T_51.7;
T_51.3 ;
    %load/vec4 v0x818e9ee40_0;
    %pad/u 32;
    %cmpi/e 7, 0, 32;
    %jmp/0xz  T_51.10, 4;
    %load/vec4 v0x818e9f0c0_0;
    %cmpi/e 0, 0, 1;
    %jmp/0xz  T_51.12, 4;
    %pushi/vec4 0, 0, 16;
    %assign/vec4 v0x818e9ee40_0, 0;
    %pushi/vec4 2, 0, 2;
    %assign/vec4 v0x818e9f2a0_0, 0;
    %jmp T_51.13;
T_51.12 ;
    %pushi/vec4 0, 0, 2;
    %assign/vec4 v0x818e9f2a0_0, 0;
T_51.13 ;
    %jmp T_51.11;
T_51.10 ;
    %load/vec4 v0x818e9ee40_0;
    %addi 1, 0, 16;
    %assign/vec4 v0x818e9ee40_0, 0;
T_51.11 ;
    %jmp T_51.7;
T_51.4 ;
    %load/vec4 v0x818e9ee40_0;
    %pad/u 32;
    %cmpi/u 15, 0, 32;
    %jmp/0xz  T_51.14, 5;
    %load/vec4 v0x818e9ee40_0;
    %addi 1, 0, 16;
    %assign/vec4 v0x818e9ee40_0, 0;
    %jmp T_51.15;
T_51.14 ;
    %pushi/vec4 0, 0, 16;
    %assign/vec4 v0x818e9ee40_0, 0;
    %load/vec4 v0x818e9f0c0_0;
    %ix/load 5, 0, 0;
    %ix/getv 4, v0x818e9ed00_0;
    %assign/vec4/off/d v0x818e9eee0_0, 4, 5;
    %load/vec4 v0x818e9ed00_0;
    %pad/u 32;
    %cmpi/u 7, 0, 32;
    %jmp/0xz  T_51.16, 5;
    %load/vec4 v0x818e9ed00_0;
    %addi 1, 0, 3;
    %assign/vec4 v0x818e9ed00_0, 0;
    %jmp T_51.17;
T_51.16 ;
    %pushi/vec4 0, 0, 3;
    %assign/vec4 v0x818e9ed00_0, 0;
    %pushi/vec4 3, 0, 2;
    %assign/vec4 v0x818e9f2a0_0, 0;
T_51.17 ;
T_51.15 ;
    %jmp T_51.7;
T_51.5 ;
    %load/vec4 v0x818e9ee40_0;
    %pad/u 32;
    %cmpi/u 15, 0, 32;
    %jmp/0xz  T_51.18, 5;
    %load/vec4 v0x818e9ee40_0;
    %addi 1, 0, 16;
    %assign/vec4 v0x818e9ee40_0, 0;
    %jmp T_51.19;
T_51.18 ;
    %pushi/vec4 0, 0, 16;
    %assign/vec4 v0x818e9ee40_0, 0;
    %pushi/vec4 1, 0, 1;
    %assign/vec4 v0x818e9f340_0, 0;
    %pushi/vec4 0, 0, 2;
    %assign/vec4 v0x818e9f2a0_0, 0;
T_51.19 ;
    %jmp T_51.7;
T_51.7 ;
    %pop/vec4 1;
T_51.1 ;
    %jmp T_51;
    .thread T_51;
    .scope S_0x818e71680;
T_52 ;
    %wait E_0x8191a2ec0;
    %load/vec4 v0x818e9e760_0;
    %nor/r;
    %flag_set/vec4 8;
    %jmp/0xz  T_52.0, 8;
    %pushi/vec4 0, 0, 4;
    %assign/vec4 v0x818e9e9e0_0, 0;
    %pushi/vec4 1, 0, 1;
    %assign/vec4 v0x818e9e440_0, 0;
    %pushi/vec4 0, 0, 1;
    %assign/vec4 v0x818e9ebc0_0, 0;
    %pushi/vec4 0, 0, 1;
    %assign/vec4 v0x818e9e620_0, 0;
    %pushi/vec4 0, 0, 11;
    %assign/vec4 v0x818e9e080_0, 0;
    %pushi/vec4 0, 0, 2;
    %assign/vec4 v0x818e9e120_0, 0;
    %pushi/vec4 0, 0, 8;
    %assign/vec4 v0x818e9ec60_0, 0;
    %pushi/vec4 65535, 0, 16;
    %assign/vec4 v0x818e9e300_0, 0;
    %jmp T_52.1;
T_52.0 ;
    %pushi/vec4 0, 0, 1;
    %assign/vec4 v0x818e9ebc0_0, 0;
    %pushi/vec4 0, 0, 1;
    %assign/vec4 v0x818e9e620_0, 0;
    %load/vec4 v0x818e9e9e0_0;
    %dup/vec4;
    %pushi/vec4 0, 0, 4;
    %cmp/u;
    %jmp/1 T_52.2, 6;
    %dup/vec4;
    %pushi/vec4 1, 0, 4;
    %cmp/u;
    %jmp/1 T_52.3, 6;
    %dup/vec4;
    %pushi/vec4 2, 0, 4;
    %cmp/u;
    %jmp/1 T_52.4, 6;
    %dup/vec4;
    %pushi/vec4 3, 0, 4;
    %cmp/u;
    %jmp/1 T_52.5, 6;
    %dup/vec4;
    %pushi/vec4 4, 0, 4;
    %cmp/u;
    %jmp/1 T_52.6, 6;
    %dup/vec4;
    %pushi/vec4 5, 0, 4;
    %cmp/u;
    %jmp/1 T_52.7, 6;
    %dup/vec4;
    %pushi/vec4 6, 0, 4;
    %cmp/u;
    %jmp/1 T_52.8, 6;
    %dup/vec4;
    %pushi/vec4 7, 0, 4;
    %cmp/u;
    %jmp/1 T_52.9, 6;
    %dup/vec4;
    %pushi/vec4 8, 0, 4;
    %cmp/u;
    %jmp/1 T_52.10, 6;
    %dup/vec4;
    %pushi/vec4 9, 0, 4;
    %cmp/u;
    %jmp/1 T_52.11, 6;
    %dup/vec4;
    %pushi/vec4 10, 0, 4;
    %cmp/u;
    %jmp/1 T_52.12, 6;
    %pushi/vec4 0, 0, 4;
    %assign/vec4 v0x818e9e9e0_0, 0;
    %jmp T_52.14;
T_52.2 ;
    %load/vec4 v0x818e9e940_0;
    %flag_set/vec4 9;
    %flag_get/vec4 9;
    %jmp/0 T_52.17, 9;
    %load/vec4 v0x818e9e8a0_0;
    %pushi/vec4 126, 0, 8;
    %cmp/e;
    %flag_get/vec4 4;
    %and;
T_52.17;
    %flag_set/vec4 8;
    %jmp/0xz  T_52.15, 8;
    %pushi/vec4 65535, 0, 16;
    %assign/vec4 v0x818e9e300_0, 0;
    %pushi/vec4 1, 0, 4;
    %assign/vec4 v0x818e9e9e0_0, 0;
T_52.15 ;
    %jmp T_52.14;
T_52.3 ;
    %load/vec4 v0x818e9e940_0;
    %flag_set/vec4 8;
    %jmp/0xz  T_52.18, 8;
    %load/vec4 v0x818e9e8a0_0;
    %assign/vec4 v0x818e9e260_0, 0;
    %load/vec4 v0x818e9e300_0;
    %load/vec4 v0x818e9e8a0_0;
    %store/vec4 v0x818e9dd60_0, 0, 8;
    %store/vec4 v0x818e9df40_0, 0, 16;
    %callf/vec4 TD_tb_loader.dut.loader_i.crc16_next, S_0x818e71800;
    %assign/vec4 v0x818e9e300_0, 0;
    %load/vec4 v0x818e9e8a0_0;
    %cmpi/e 1, 0, 8;
    %jmp/0xz  T_52.20, 4;
    %pushi/vec4 2, 0, 4;
    %assign/vec4 v0x818e9e9e0_0, 0;
    %jmp T_52.21;
T_52.20 ;
    %load/vec4 v0x818e9e8a0_0;
    %cmpi/e 2, 0, 8;
    %jmp/0xz  T_52.22, 4;
    %pushi/vec4 6, 0, 4;
    %assign/vec4 v0x818e9e9e0_0, 0;
    %jmp T_52.23;
T_52.22 ;
    %pushi/vec4 0, 0, 4;
    %assign/vec4 v0x818e9e9e0_0, 0;
T_52.23 ;
T_52.21 ;
T_52.18 ;
    %jmp T_52.14;
T_52.4 ;
    %load/vec4 v0x818e9e940_0;
    %flag_set/vec4 8;
    %jmp/0xz  T_52.24, 8;
    %load/vec4 v0x818e9e8a0_0;
    %ix/load 5, 0, 0;
    %ix/load 4, 0, 0;
    %flag_set/imm 4, 0;
    %assign/vec4/off/d v0x818e9e080_0, 4, 5;
    %load/vec4 v0x818e9e300_0;
    %load/vec4 v0x818e9e8a0_0;
    %store/vec4 v0x818e9dd60_0, 0, 8;
    %store/vec4 v0x818e9df40_0, 0, 16;
    %callf/vec4 TD_tb_loader.dut.loader_i.crc16_next, S_0x818e71800;
    %assign/vec4 v0x818e9e300_0, 0;
    %pushi/vec4 3, 0, 4;
    %assign/vec4 v0x818e9e9e0_0, 0;
T_52.24 ;
    %jmp T_52.14;
T_52.5 ;
    %load/vec4 v0x818e9e940_0;
    %flag_set/vec4 8;
    %jmp/0xz  T_52.26, 8;
    %load/vec4 v0x818e9e8a0_0;
    %parti/s 3, 0, 2;
    %ix/load 5, 0, 0;
    %ix/load 4, 8, 0;
    %flag_set/imm 4, 0;
    %assign/vec4/off/d v0x818e9e080_0, 4, 5;
    %load/vec4 v0x818e9e300_0;
    %load/vec4 v0x818e9e8a0_0;
    %store/vec4 v0x818e9dd60_0, 0, 8;
    %store/vec4 v0x818e9df40_0, 0, 16;
    %callf/vec4 TD_tb_loader.dut.loader_i.crc16_next, S_0x818e71800;
    %assign/vec4 v0x818e9e300_0, 0;
    %pushi/vec4 4, 0, 4;
    %assign/vec4 v0x818e9e9e0_0, 0;
T_52.26 ;
    %jmp T_52.14;
T_52.6 ;
    %load/vec4 v0x818e9e940_0;
    %flag_set/vec4 8;
    %jmp/0xz  T_52.28, 8;
    %load/vec4 v0x818e9e8a0_0;
    %assign/vec4 v0x818e9e6c0_0, 0;
    %load/vec4 v0x818e9e300_0;
    %load/vec4 v0x818e9e8a0_0;
    %store/vec4 v0x818e9dd60_0, 0, 8;
    %store/vec4 v0x818e9df40_0, 0, 16;
    %callf/vec4 TD_tb_loader.dut.loader_i.crc16_next, S_0x818e71800;
    %assign/vec4 v0x818e9e300_0, 0;
    %pushi/vec4 0, 0, 8;
    %assign/vec4 v0x818e9ec60_0, 0;
    %pushi/vec4 0, 0, 2;
    %assign/vec4 v0x818e9e120_0, 0;
    %load/vec4 v0x818e9e8a0_0;
    %cmpi/e 0, 0, 8;
    %jmp/0xz  T_52.30, 4;
    %pushi/vec4 6, 0, 4;
    %assign/vec4 v0x818e9e9e0_0, 0;
    %jmp T_52.31;
T_52.30 ;
    %pushi/vec4 5, 0, 4;
    %assign/vec4 v0x818e9e9e0_0, 0;
T_52.31 ;
T_52.28 ;
    %jmp T_52.14;
T_52.7 ;
    %load/vec4 v0x818e9e940_0;
    %flag_set/vec4 8;
    %jmp/0xz  T_52.32, 8;
    %load/vec4 v0x818e9e300_0;
    %load/vec4 v0x818e9e8a0_0;
    %store/vec4 v0x818e9dd60_0, 0, 8;
    %store/vec4 v0x818e9df40_0, 0, 16;
    %callf/vec4 TD_tb_loader.dut.loader_i.crc16_next, S_0x818e71800;
    %assign/vec4 v0x818e9e300_0, 0;
    %load/vec4 v0x818e9e120_0;
    %dup/vec4;
    %pushi/vec4 0, 0, 2;
    %cmp/u;
    %jmp/1 T_52.34, 6;
    %dup/vec4;
    %pushi/vec4 1, 0, 2;
    %cmp/u;
    %jmp/1 T_52.35, 6;
    %dup/vec4;
    %pushi/vec4 2, 0, 2;
    %cmp/u;
    %jmp/1 T_52.36, 6;
    %dup/vec4;
    %pushi/vec4 3, 0, 2;
    %cmp/u;
    %jmp/1 T_52.37, 6;
    %jmp T_52.38;
T_52.34 ;
    %load/vec4 v0x818e9e8a0_0;
    %ix/load 5, 0, 0;
    %ix/load 4, 0, 0;
    %flag_set/imm 4, 0;
    %assign/vec4/off/d v0x818e9e3a0_0, 4, 5;
    %jmp T_52.38;
T_52.35 ;
    %load/vec4 v0x818e9e8a0_0;
    %ix/load 5, 0, 0;
    %ix/load 4, 8, 0;
    %flag_set/imm 4, 0;
    %assign/vec4/off/d v0x818e9e3a0_0, 4, 5;
    %jmp T_52.38;
T_52.36 ;
    %load/vec4 v0x818e9e8a0_0;
    %ix/load 5, 0, 0;
    %ix/load 4, 16, 0;
    %flag_set/imm 4, 0;
    %assign/vec4/off/d v0x818e9e3a0_0, 4, 5;
    %jmp T_52.38;
T_52.37 ;
    %load/vec4 v0x818e9e8a0_0;
    %ix/load 5, 0, 0;
    %ix/load 4, 24, 0;
    %flag_set/imm 4, 0;
    %assign/vec4/off/d v0x818e9e3a0_0, 4, 5;
    %jmp T_52.38;
T_52.38 ;
    %pop/vec4 1;
    %load/vec4 v0x818e9e120_0;
    %cmpi/e 3, 0, 2;
    %jmp/0xz  T_52.39, 4;
    %pushi/vec4 1, 0, 1;
    %assign/vec4 v0x818e9e620_0, 0;
    %load/vec4 v0x818e9e080_0;
    %assign/vec4 v0x818e9e4e0_0, 0;
    %load/vec4 v0x818e9e8a0_0;
    %load/vec4 v0x818e9e3a0_0;
    %parti/s 24, 0, 2;
    %concat/vec4; draw_concat_vec4
    %assign/vec4 v0x818e9e580_0, 0;
    %load/vec4 v0x818e9e080_0;
    %addi 1, 0, 11;
    %assign/vec4 v0x818e9e080_0, 0;
    %pushi/vec4 0, 0, 2;
    %assign/vec4 v0x818e9e120_0, 0;
    %load/vec4 v0x818e9ec60_0;
    %addi 1, 0, 8;
    %assign/vec4 v0x818e9ec60_0, 0;
    %load/vec4 v0x818e9ec60_0;
    %addi 1, 0, 8;
    %load/vec4 v0x818e9e6c0_0;
    %cmp/e;
    %jmp/0xz  T_52.41, 4;
    %pushi/vec4 6, 0, 4;
    %assign/vec4 v0x818e9e9e0_0, 0;
T_52.41 ;
    %jmp T_52.40;
T_52.39 ;
    %load/vec4 v0x818e9e120_0;
    %addi 1, 0, 2;
    %assign/vec4 v0x818e9e120_0, 0;
T_52.40 ;
T_52.32 ;
    %jmp T_52.14;
T_52.8 ;
    %load/vec4 v0x818e9e940_0;
    %flag_set/vec4 8;
    %jmp/0xz  T_52.43, 8;
    %load/vec4 v0x818e9e8a0_0;
    %ix/load 5, 0, 0;
    %ix/load 4, 8, 0;
    %flag_set/imm 4, 0;
    %assign/vec4/off/d v0x818e9e800_0, 4, 5;
    %pushi/vec4 7, 0, 4;
    %assign/vec4 v0x818e9e9e0_0, 0;
T_52.43 ;
    %jmp T_52.14;
T_52.9 ;
    %load/vec4 v0x818e9e940_0;
    %flag_set/vec4 8;
    %jmp/0xz  T_52.45, 8;
    %load/vec4 v0x818e9e8a0_0;
    %ix/load 5, 0, 0;
    %ix/load 4, 0, 0;
    %flag_set/imm 4, 0;
    %assign/vec4/off/d v0x818e9e800_0, 4, 5;
    %pushi/vec4 8, 0, 4;
    %assign/vec4 v0x818e9e9e0_0, 0;
T_52.45 ;
    %jmp T_52.14;
T_52.10 ;
    %load/vec4 v0x818e9e800_0;
    %load/vec4 v0x818e9e300_0;
    %cmp/e;
    %jmp/0xz  T_52.47, 4;
    %pushi/vec4 121, 0, 8;
    %assign/vec4 v0x818e9eb20_0, 0;
    %pushi/vec4 1, 0, 1;
    %assign/vec4 v0x818e9ebc0_0, 0;
    %jmp T_52.48;
T_52.47 ;
    %pushi/vec4 110, 0, 8;
    %assign/vec4 v0x818e9eb20_0, 0;
    %pushi/vec4 1, 0, 1;
    %assign/vec4 v0x818e9ebc0_0, 0;
T_52.48 ;
    %pushi/vec4 9, 0, 4;
    %assign/vec4 v0x818e9e9e0_0, 0;
    %jmp T_52.14;
T_52.11 ;
    %load/vec4 v0x818e9ea80_0;
    %nor/r;
    %flag_set/vec4 9;
    %flag_get/vec4 9;
    %jmp/0 T_52.51, 9;
    %load/vec4 v0x818e9ebc0_0;
    %nor/r;
    %and;
T_52.51;
    %flag_set/vec4 8;
    %jmp/0xz  T_52.49, 8;
    %load/vec4 v0x818e9e800_0;
    %load/vec4 v0x818e9e300_0;
    %cmp/e;
    %flag_get/vec4 4;
    %jmp/0 T_52.54, 4;
    %load/vec4 v0x818e9e260_0;
    %pushi/vec4 2, 0, 8;
    %cmp/e;
    %flag_get/vec4 4;
    %and;
T_52.54;
    %flag_set/vec4 8;
    %jmp/0xz  T_52.52, 8;
    %pushi/vec4 0, 0, 1;
    %assign/vec4 v0x818e9e440_0, 0;
    %pushi/vec4 10, 0, 4;
    %assign/vec4 v0x818e9e9e0_0, 0;
    %jmp T_52.53;
T_52.52 ;
    %pushi/vec4 0, 0, 4;
    %assign/vec4 v0x818e9e9e0_0, 0;
T_52.53 ;
T_52.49 ;
    %jmp T_52.14;
T_52.12 ;
    %pushi/vec4 0, 0, 1;
    %assign/vec4 v0x818e9e440_0, 0;
    %jmp T_52.14;
T_52.14 ;
    %pop/vec4 1;
T_52.1 ;
    %jmp T_52;
    .thread T_52;
    .scope S_0x818e71500;
T_53 ;
    %wait E_0x8191a3140;
    %load/vec4 v0x818e99540_0;
    %flag_set/vec4 8;
    %jmp/0 T_53.0, 8;
    %load/vec4 v0x818e9d540_0;
    %load/vec4 v0x818e9d5e0_0;
    %sub;
    %jmp/1 T_53.1, 8;
T_53.0 ; End of true expr.
    %load/vec4 v0x818e9d540_0;
    %load/vec4 v0x818e9d5e0_0;
    %add;
    %jmp/0 T_53.1, 8;
 ; End of false expr.
    %blend;
T_53.1;
    %store/vec4 v0x818e95220_0, 0, 32;
    %load/vec4 v0x818e9d540_0;
    %load/vec4 v0x818e9d5e0_0;
    %cmp/e;
    %flag_get/vec4 4;
    %store/vec4 v0x818e952c0_0, 0, 1;
    %load/vec4 v0x818e9d540_0;
    %load/vec4 v0x818e9d5e0_0;
    %cmp/s;
    %flag_get/vec4 5;
    %store/vec4 v0x818e95360_0, 0, 1;
    %load/vec4 v0x818e9d540_0;
    %load/vec4 v0x818e9d5e0_0;
    %cmp/u;
    %flag_get/vec4 5;
    %store/vec4 v0x818e95400_0, 0, 1;
    %load/vec4 v0x818e9d540_0;
    %load/vec4 v0x818e9d5e0_0;
    %parti/s 5, 0, 2;
    %ix/vec4 4;
    %shiftl 4;
    %store/vec4 v0x818e95720_0, 0, 32;
    %load/vec4 v0x818e992c0_0;
    %flag_set/vec4 8;
    %jmp/1 T_53.4, 8;
    %load/vec4 v0x818e99360_0;
    %flag_set/vec4 9;
    %flag_or 8, 9;
T_53.4;
    %jmp/0 T_53.2, 8;
    %load/vec4 v0x818e9d540_0;
    %parti/s 1, 31, 6;
    %jmp/1 T_53.3, 8;
T_53.2 ; End of true expr.
    %pushi/vec4 0, 0, 1;
    %jmp/0 T_53.3, 8;
 ; End of false expr.
    %blend;
T_53.3;
    %load/vec4 v0x818e9d540_0;
    %concat/vec4; draw_concat_vec4
    %load/vec4 v0x818e9d5e0_0;
    %parti/s 5, 0, 2;
    %ix/vec4 4;
    %shiftr/s 4;
    %pad/s 32;
    %store/vec4 v0x818e957c0_0, 0, 32;
    %jmp T_53;
    .thread T_53, $push;
    .scope S_0x818e70d80;
T_54 ;
    %end;
    .thread T_54;
    .scope S_0x818e70d80;
T_55 ;
    %wait E_0x8191a3100;
    %pushi/vec4 0, 0, 1;
    %store/vec4 v0x818e9c820_0, 0, 1;
    %pushi/vec4 4294967295, 4294967295, 32;
    %store/vec4 v0x818e9c640_0, 0, 32;
    %pushi/vec4 0, 0, 1;
    %store/vec4 v0x818e9c780_0, 0, 1;
    %pushi/vec4 0, 0, 1;
    %store/vec4 v0x818e9c6e0_0, 0, 1;
    %pushi/vec4 1, 0, 1;
    %dup/vec4;
    %pushi/vec4 0, 0, 1;
    %cmp/u;
    %jmp/1 T_55.0, 6;
    %dup/vec4;
    %pushi/vec4 0, 0, 1;
    %cmp/u;
    %jmp/1 T_55.1, 6;
    %dup/vec4;
    %pushi/vec4 0, 0, 1;
    %cmp/u;
    %jmp/1 T_55.2, 6;
    %jmp T_55.3;
T_55.0 ;
    %pushi/vec4 0, 0, 1;
    %store/vec4 v0x818e9c820_0, 0, 1;
    %pushi/vec4 0, 0, 32;
    %store/vec4 v0x818e9c640_0, 0, 32;
    %jmp T_55.3;
T_55.1 ;
    %load/vec4 v0x818e9caa0_0;
    %store/vec4 v0x818e9c820_0, 0, 1;
    %load/vec4 v0x818e9c8c0_0;
    %store/vec4 v0x818e9c640_0, 0, 32;
    %jmp T_55.3;
T_55.2 ;
    %load/vec4 v0x818e9c500_0;
    %store/vec4 v0x818e9c820_0, 0, 1;
    %load/vec4 v0x818e9c320_0;
    %store/vec4 v0x818e9c640_0, 0, 32;
    %jmp T_55.3;
T_55.3 ;
    %pop/vec4 1;
    %jmp T_55;
    .thread T_55, $push;
    .scope S_0x818e70d80;
T_56 ;
    %wait E_0x8191a2ec0;
    %load/vec4 v0x818e9d860_0;
    %nor/r;
    %flag_set/vec4 8;
    %jmp/0xz  T_56.0, 8;
    %pushi/vec4 0, 0, 1;
    %assign/vec4 v0x818e9b3e0_0, 0;
    %pushi/vec4 0, 0, 1;
    %assign/vec4 v0x818e9a6c0_0, 0;
    %jmp T_56.1;
T_56.0 ;
    %load/vec4 v0x818e9a6c0_0;
    %nor/r;
    %flag_set/vec4 8;
    %jmp/0xz  T_56.2, 8;
    %load/vec4 v0x818e9b340_0;
    %assign/vec4 v0x818e9b3e0_0, 0;
T_56.2 ;
    %load/vec4 v0x818e9bd40_0;
    %flag_set/vec4 8;
    %flag_get/vec4 8;
    %jmp/0 T_56.4, 8;
    %load/vec4 v0x818e9bc00_0;
    %nor/r;
    %and;
T_56.4;
    %assign/vec4 v0x818e9a6c0_0, 0;
T_56.1 ;
    %jmp T_56;
    .thread T_56;
    .scope S_0x818e70d80;
T_57 ;
    %wait E_0x8191a30c0;
    %load/vec4 v0x818e9be80_0;
    %dup/vec4;
    %pushi/vec4 0, 0, 2;
    %cmp/u;
    %jmp/1 T_57.0, 6;
    %dup/vec4;
    %pushi/vec4 1, 0, 2;
    %cmp/u;
    %jmp/1 T_57.1, 6;
    %dup/vec4;
    %pushi/vec4 2, 0, 2;
    %cmp/u;
    %jmp/1 T_57.2, 6;
    %jmp T_57.3;
T_57.0 ;
    %load/vec4 v0x818e9d5e0_0;
    %store/vec4 v0x818e9b700_0, 0, 32;
    %pushi/vec4 15, 0, 4;
    %store/vec4 v0x818e9b840_0, 0, 4;
    %load/vec4 v0x818e9b8e0_0;
    %store/vec4 v0x818e9bb60_0, 0, 32;
    %jmp T_57.3;
T_57.1 ;
    %load/vec4 v0x818e9d5e0_0;
    %parti/s 16, 0, 2;
    %replicate 2;
    %store/vec4 v0x818e9b700_0, 0, 32;
    %load/vec4 v0x818e9d540_0;
    %parti/s 1, 1, 2;
    %flag_set/vec4 8;
    %jmp/0 T_57.4, 8;
    %pushi/vec4 12, 0, 4;
    %jmp/1 T_57.5, 8;
T_57.4 ; End of true expr.
    %pushi/vec4 3, 0, 4;
    %jmp/0 T_57.5, 8;
 ; End of false expr.
    %blend;
T_57.5;
    %store/vec4 v0x818e9b840_0, 0, 4;
    %load/vec4 v0x818e9d540_0;
    %parti/s 1, 1, 2;
    %dup/vec4;
    %pushi/vec4 0, 0, 1;
    %cmp/u;
    %jmp/1 T_57.6, 6;
    %dup/vec4;
    %pushi/vec4 1, 0, 1;
    %cmp/u;
    %jmp/1 T_57.7, 6;
    %jmp T_57.8;
T_57.6 ;
    %pushi/vec4 0, 0, 16;
    %load/vec4 v0x818e9b8e0_0;
    %parti/s 16, 0, 2;
    %concat/vec4; draw_concat_vec4
    %store/vec4 v0x818e9bb60_0, 0, 32;
    %jmp T_57.8;
T_57.7 ;
    %pushi/vec4 0, 0, 16;
    %load/vec4 v0x818e9b8e0_0;
    %parti/s 16, 16, 6;
    %concat/vec4; draw_concat_vec4
    %store/vec4 v0x818e9bb60_0, 0, 32;
    %jmp T_57.8;
T_57.8 ;
    %pop/vec4 1;
    %jmp T_57.3;
T_57.2 ;
    %load/vec4 v0x818e9d5e0_0;
    %parti/s 8, 0, 2;
    %replicate 4;
    %store/vec4 v0x818e9b700_0, 0, 32;
    %pushi/vec4 1, 0, 4;
    %load/vec4 v0x818e9d540_0;
    %parti/s 2, 0, 2;
    %ix/vec4 4;
    %shiftl 4;
    %store/vec4 v0x818e9b840_0, 0, 4;
    %load/vec4 v0x818e9d540_0;
    %parti/s 2, 0, 2;
    %dup/vec4;
    %pushi/vec4 0, 0, 2;
    %cmp/u;
    %jmp/1 T_57.9, 6;
    %dup/vec4;
    %pushi/vec4 1, 0, 2;
    %cmp/u;
    %jmp/1 T_57.10, 6;
    %dup/vec4;
    %pushi/vec4 2, 0, 2;
    %cmp/u;
    %jmp/1 T_57.11, 6;
    %dup/vec4;
    %pushi/vec4 3, 0, 2;
    %cmp/u;
    %jmp/1 T_57.12, 6;
    %jmp T_57.13;
T_57.9 ;
    %pushi/vec4 0, 0, 24;
    %load/vec4 v0x818e9b8e0_0;
    %parti/s 8, 0, 2;
    %concat/vec4; draw_concat_vec4
    %store/vec4 v0x818e9bb60_0, 0, 32;
    %jmp T_57.13;
T_57.10 ;
    %pushi/vec4 0, 0, 24;
    %load/vec4 v0x818e9b8e0_0;
    %parti/s 8, 8, 5;
    %concat/vec4; draw_concat_vec4
    %store/vec4 v0x818e9bb60_0, 0, 32;
    %jmp T_57.13;
T_57.11 ;
    %pushi/vec4 0, 0, 24;
    %load/vec4 v0x818e9b8e0_0;
    %parti/s 8, 16, 6;
    %concat/vec4; draw_concat_vec4
    %store/vec4 v0x818e9bb60_0, 0, 32;
    %jmp T_57.13;
T_57.12 ;
    %pushi/vec4 0, 0, 24;
    %load/vec4 v0x818e9b8e0_0;
    %parti/s 8, 24, 6;
    %concat/vec4; draw_concat_vec4
    %store/vec4 v0x818e9bb60_0, 0, 32;
    %jmp T_57.13;
T_57.13 ;
    %pop/vec4 1;
    %jmp T_57.3;
T_57.3 ;
    %pop/vec4 1;
    %jmp T_57;
    .thread T_57, $push;
    .scope S_0x818e70d80;
T_58 ;
    %wait E_0x8191a2ec0;
    %load/vec4 v0x818e9c000_0;
    %flag_set/vec4 8;
    %jmp/0xz  T_58.0, 8;
    %load/vec4 v0x818e9b8e0_0;
    %assign/vec4 v0x818e9bac0_0, 0;
    %load/vec4 v0x818e9b8e0_0;
    %assign/vec4 v0x818e9c140_0, 0;
T_58.0 ;
    %jmp T_58;
    .thread T_58;
    .scope S_0x818e70d80;
T_59 ;
    %wait E_0x8191a2ec0;
    %load/vec4 v0x818e9d860_0;
    %flag_set/vec4 9;
    %flag_get/vec4 9;
    %jmp/0 T_59.2, 9;
    %load/vec4 v0x818e9dcc0_0;
    %nor/r;
    %and;
T_59.2;
    %flag_set/vec4 8;
    %jmp/0xz  T_59.0, 8;
    %load/vec4 v0x818e9aee0_0;
    %flag_set/vec4 8;
    %jmp/1 T_59.6, 8;
    %load/vec4 v0x818e9b020_0;
    %flag_set/vec4 9;
    %flag_or 8, 9;
T_59.6;
    %jmp/1 T_59.5, 8;
    %load/vec4 v0x818e9af80_0;
    %flag_set/vec4 9;
    %flag_or 8, 9;
T_59.5;
    %jmp/0xz  T_59.3, 8;
    %fork TD_tb_loader.dut.cpu.empty_statement, S_0x818e71080;
    %join;
T_59.3 ;
    %load/vec4 v0x818e9aee0_0;
    %flag_set/vec4 8;
    %jmp/1 T_59.9, 8;
    %load/vec4 v0x818e9b020_0;
    %flag_set/vec4 9;
    %flag_or 8, 9;
T_59.9;
    %jmp/0xz  T_59.7, 8;
    %fork TD_tb_loader.dut.cpu.empty_statement, S_0x818e71080;
    %join;
T_59.7 ;
    %load/vec4 v0x818e9af80_0;
    %flag_set/vec4 8;
    %jmp/0xz  T_59.10, 8;
    %fork TD_tb_loader.dut.cpu.empty_statement, S_0x818e71080;
    %join;
T_59.10 ;
    %load/vec4 v0x818e9b0c0_0;
    %flag_set/vec4 8;
    %jmp/0xz  T_59.12, 8;
    %fork TD_tb_loader.dut.cpu.empty_statement, S_0x818e71080;
    %join;
T_59.12 ;
    %load/vec4 v0x818e9bca0_0;
    %pad/u 32;
    %cmpi/e 2, 0, 32;
    %jmp/1 T_59.16, 4;
    %flag_mov 8, 4;
    %load/vec4 v0x818e9bca0_0;
    %pad/u 32;
    %cmpi/e 3, 0, 32;
    %flag_or 4, 8;
T_59.16;
    %jmp/0xz  T_59.14, 4;
    %fork TD_tb_loader.dut.cpu.empty_statement, S_0x818e71080;
    %join;
T_59.14 ;
T_59.0 ;
    %jmp T_59;
    .thread T_59;
    .scope S_0x818e70d80;
T_60 ;
    %wait E_0x8191a2ec0;
    %load/vec4 v0x818e9d860_0;
    %nor/r;
    %flag_set/vec4 8;
    %jmp/1 T_60.2, 8;
    %load/vec4 v0x818e9dcc0_0;
    %flag_set/vec4 9;
    %flag_or 8, 9;
T_60.2;
    %jmp/0xz  T_60.0, 8;
    %load/vec4 v0x818e9d860_0;
    %nor/r;
    %flag_set/vec4 8;
    %jmp/0xz  T_60.3, 8;
    %pushi/vec4 0, 0, 2;
    %assign/vec4 v0x818e9bca0_0, 0;
T_60.3 ;
    %load/vec4 v0x818e9d860_0;
    %nor/r;
    %flag_set/vec4 8;
    %jmp/1 T_60.7, 8;
    %load/vec4 v0x818e9bc00_0;
    %flag_set/vec4 9;
    %flag_or 8, 9;
T_60.7;
    %jmp/0xz  T_60.5, 8;
    %pushi/vec4 0, 0, 1;
    %assign/vec4 v0x818e9bd40_0, 0;
T_60.5 ;
    %pushi/vec4 0, 0, 1;
    %assign/vec4 v0x818e9b5c0_0, 0;
    %pushi/vec4 0, 0, 1;
    %assign/vec4 v0x818e9d040_0, 0;
    %jmp T_60.1;
T_60.0 ;
    %load/vec4 v0x818e9b520_0;
    %flag_set/vec4 8;
    %jmp/1 T_60.10, 8;
    %load/vec4 v0x818e9b7a0_0;
    %flag_set/vec4 9;
    %flag_or 8, 9;
T_60.10;
    %jmp/0xz  T_60.8, 8;
    %load/vec4 v0x818e9b2a0_0;
    %assign/vec4 v0x818e9ada0_0, 0;
    %load/vec4 v0x818e9b840_0;
    %load/vec4 v0x818e9b7a0_0;
    %replicate 4;
    %and;
    %assign/vec4 v0x818e9bf20_0, 0;
T_60.8 ;
    %load/vec4 v0x818e9b7a0_0;
    %flag_set/vec4 8;
    %jmp/0xz  T_60.11, 8;
    %load/vec4 v0x818e9b700_0;
    %assign/vec4 v0x818e9bde0_0, 0;
T_60.11 ;
    %load/vec4 v0x818e9bca0_0;
    %dup/vec4;
    %pushi/vec4 0, 0, 2;
    %cmp/u;
    %jmp/1 T_60.13, 6;
    %dup/vec4;
    %pushi/vec4 1, 0, 2;
    %cmp/u;
    %jmp/1 T_60.14, 6;
    %dup/vec4;
    %pushi/vec4 2, 0, 2;
    %cmp/u;
    %jmp/1 T_60.15, 6;
    %dup/vec4;
    %pushi/vec4 3, 0, 2;
    %cmp/u;
    %jmp/1 T_60.16, 6;
    %jmp T_60.17;
T_60.13 ;
    %load/vec4 v0x818e9aee0_0;
    %flag_set/vec4 8;
    %jmp/1 T_60.21, 8;
    %load/vec4 v0x818e9b020_0;
    %flag_set/vec4 9;
    %flag_or 8, 9;
T_60.21;
    %jmp/1 T_60.20, 8;
    %load/vec4 v0x818e9af80_0;
    %flag_set/vec4 9;
    %flag_or 8, 9;
T_60.20;
    %jmp/0xz  T_60.18, 8;
    %load/vec4 v0x818e9b660_0;
    %nor/r;
    %assign/vec4 v0x818e9bd40_0, 0;
    %load/vec4 v0x818e9aee0_0;
    %flag_set/vec4 8;
    %flag_get/vec4 8;
    %jmp/1 T_60.22, 8;
    %load/vec4 v0x818e9b020_0;
    %or;
T_60.22;
    %assign/vec4 v0x818e9b200_0, 0;
    %pushi/vec4 0, 0, 4;
    %assign/vec4 v0x818e9bf20_0, 0;
    %pushi/vec4 1, 0, 2;
    %assign/vec4 v0x818e9bca0_0, 0;
T_60.18 ;
    %load/vec4 v0x818e9b0c0_0;
    %flag_set/vec4 8;
    %jmp/0xz  T_60.23, 8;
    %pushi/vec4 1, 0, 1;
    %assign/vec4 v0x818e9bd40_0, 0;
    %pushi/vec4 0, 0, 1;
    %assign/vec4 v0x818e9b200_0, 0;
    %pushi/vec4 2, 0, 2;
    %assign/vec4 v0x818e9bca0_0, 0;
T_60.23 ;
    %jmp T_60.17;
T_60.14 ;
    %fork TD_tb_loader.dut.cpu.empty_statement, S_0x818e71080;
    %join;
    %fork TD_tb_loader.dut.cpu.empty_statement, S_0x818e71080;
    %join;
    %fork TD_tb_loader.dut.cpu.empty_statement, S_0x818e71080;
    %join;
    %fork TD_tb_loader.dut.cpu.empty_statement, S_0x818e71080;
    %join;
    %load/vec4 v0x818e9c000_0;
    %flag_set/vec4 8;
    %jmp/0xz  T_60.25, 8;
    %pushi/vec4 0, 0, 1;
    %assign/vec4 v0x818e9bd40_0, 0;
    %pushi/vec4 0, 0, 1;
    %assign/vec4 v0x818e9b5c0_0, 0;
    %load/vec4 v0x818e9b020_0;
    %flag_set/vec4 8;
    %jmp/1 T_60.29, 8;
    %load/vec4 v0x818e9af80_0;
    %flag_set/vec4 9;
    %flag_or 8, 9;
T_60.29;
    %jmp/0 T_60.27, 8;
    %pushi/vec4 0, 0, 3;
    %jmp/1 T_60.28, 8;
T_60.27 ; End of true expr.
    %pushi/vec4 3, 0, 3;
    %jmp/0 T_60.28, 8;
 ; End of false expr.
    %blend;
T_60.28;
    %pad/s 2;
    %assign/vec4 v0x818e9bca0_0, 0;
T_60.25 ;
    %jmp T_60.17;
T_60.15 ;
    %fork TD_tb_loader.dut.cpu.empty_statement, S_0x818e71080;
    %join;
    %fork TD_tb_loader.dut.cpu.empty_statement, S_0x818e71080;
    %join;
    %load/vec4 v0x818e9c000_0;
    %flag_set/vec4 8;
    %jmp/0xz  T_60.30, 8;
    %pushi/vec4 0, 0, 1;
    %assign/vec4 v0x818e9bd40_0, 0;
    %pushi/vec4 0, 0, 2;
    %assign/vec4 v0x818e9bca0_0, 0;
T_60.30 ;
    %jmp T_60.17;
T_60.16 ;
    %fork TD_tb_loader.dut.cpu.empty_statement, S_0x818e71080;
    %join;
    %fork TD_tb_loader.dut.cpu.empty_statement, S_0x818e71080;
    %join;
    %load/vec4 v0x818e9b020_0;
    %flag_set/vec4 8;
    %jmp/0xz  T_60.32, 8;
    %pushi/vec4 0, 0, 2;
    %assign/vec4 v0x818e9bca0_0, 0;
T_60.32 ;
    %jmp T_60.17;
T_60.17 ;
    %pop/vec4 1;
T_60.1 ;
    %load/vec4 v0x818e95d60_0;
    %flag_set/vec4 8;
    %jmp/0xz  T_60.34, 8;
    %pushi/vec4 0, 0, 1;
    %assign/vec4 v0x818e9d040_0, 0;
T_60.34 ;
    %jmp T_60;
    .thread T_60;
    .scope S_0x818e70d80;
T_61 ;
    %wait E_0x8191a3080;
    %pushi/vec4 0, 0, 32; draw_string_vec4
    %pushi/vec4 0, 0, 32; draw_string_vec4
    %concat/vec4; draw_string_vec4
    %store/vec4 v0x818e9c0a0_0, 0, 64;
    %load/vec4 v0x818e986e0_0;
    %flag_set/vec4 8;
    %jmp/0xz  T_61.0, 8;
    %pushi/vec4 0, 0, 32; draw_string_vec4
    %pushi/vec4 7107945, 0, 32; draw_string_vec4
    %concat/vec4; draw_string_vec4
    %store/vec4 v0x818e9c0a0_0, 0, 64;
T_61.0 ;
    %load/vec4 v0x818e97ca0_0;
    %flag_set/vec4 8;
    %jmp/0xz  T_61.2, 8;
    %pushi/vec4 97, 0, 32; draw_string_vec4
    %pushi/vec4 1969844323, 0, 32; draw_string_vec4
    %concat/vec4; draw_string_vec4
    %store/vec4 v0x818e9c0a0_0, 0, 64;
T_61.2 ;
    %load/vec4 v0x818e98320_0;
    %flag_set/vec4 8;
    %jmp/0xz  T_61.4, 8;
    %pushi/vec4 0, 0, 32; draw_string_vec4
    %pushi/vec4 6971756, 0, 32; draw_string_vec4
    %concat/vec4; draw_string_vec4
    %store/vec4 v0x818e9c0a0_0, 0, 64;
T_61.4 ;
    %load/vec4 v0x818e983c0_0;
    %flag_set/vec4 8;
    %jmp/0xz  T_61.6, 8;
    %pushi/vec4 0, 0, 32; draw_string_vec4
    %pushi/vec4 1784769650, 0, 32; draw_string_vec4
    %concat/vec4; draw_string_vec4
    %store/vec4 v0x818e9c0a0_0, 0, 64;
T_61.6 ;
    %load/vec4 v0x818e97d40_0;
    %flag_set/vec4 8;
    %jmp/0xz  T_61.8, 8;
    %pushi/vec4 0, 0, 32; draw_string_vec4
    %pushi/vec4 6448497, 0, 32; draw_string_vec4
    %concat/vec4; draw_string_vec4
    %store/vec4 v0x818e9c0a0_0, 0, 64;
T_61.8 ;
    %load/vec4 v0x818e980a0_0;
    %flag_set/vec4 8;
    %jmp/0xz  T_61.10, 8;
    %pushi/vec4 0, 0, 32; draw_string_vec4
    %pushi/vec4 6450789, 0, 32; draw_string_vec4
    %concat/vec4; draw_string_vec4
    %store/vec4 v0x818e9c0a0_0, 0, 64;
T_61.10 ;
    %load/vec4 v0x818e97f20_0;
    %flag_set/vec4 8;
    %jmp/0xz  T_61.12, 8;
    %pushi/vec4 0, 0, 32; draw_string_vec4
    %pushi/vec4 6450292, 0, 32; draw_string_vec4
    %concat/vec4; draw_string_vec4
    %store/vec4 v0x818e9c0a0_0, 0, 64;
T_61.12 ;
    %load/vec4 v0x818e97de0_0;
    %flag_set/vec4 8;
    %jmp/0xz  T_61.14, 8;
    %pushi/vec4 0, 0, 32; draw_string_vec4
    %pushi/vec4 6448997, 0, 32; draw_string_vec4
    %concat/vec4; draw_string_vec4
    %store/vec4 v0x818e9c0a0_0, 0, 64;
T_61.14 ;
    %load/vec4 v0x818e98000_0;
    %flag_set/vec4 8;
    %jmp/0xz  T_61.16, 8;
    %pushi/vec4 0, 0, 32; draw_string_vec4
    %pushi/vec4 1651274869, 0, 32; draw_string_vec4
    %concat/vec4; draw_string_vec4
    %store/vec4 v0x818e9c0a0_0, 0, 64;
T_61.16 ;
    %load/vec4 v0x818e97e80_0;
    %flag_set/vec4 8;
    %jmp/0xz  T_61.18, 8;
    %pushi/vec4 0, 0, 32; draw_string_vec4
    %pushi/vec4 1650943349, 0, 32; draw_string_vec4
    %concat/vec4; draw_string_vec4
    %store/vec4 v0x818e9c0a0_0, 0, 64;
T_61.18 ;
    %load/vec4 v0x818e98460_0;
    %flag_set/vec4 8;
    %jmp/0xz  T_61.20, 8;
    %pushi/vec4 0, 0, 32; draw_string_vec4
    %pushi/vec4 27746, 0, 32; draw_string_vec4
    %concat/vec4; draw_string_vec4
    %store/vec4 v0x818e9c0a0_0, 0, 64;
T_61.20 ;
    %load/vec4 v0x818e985a0_0;
    %flag_set/vec4 8;
    %jmp/0xz  T_61.22, 8;
    %pushi/vec4 0, 0, 32; draw_string_vec4
    %pushi/vec4 27752, 0, 32; draw_string_vec4
    %concat/vec4; draw_string_vec4
    %store/vec4 v0x818e9c0a0_0, 0, 64;
T_61.22 ;
    %load/vec4 v0x818e98780_0;
    %flag_set/vec4 8;
    %jmp/0xz  T_61.24, 8;
    %pushi/vec4 0, 0, 32; draw_string_vec4
    %pushi/vec4 27767, 0, 32; draw_string_vec4
    %concat/vec4; draw_string_vec4
    %store/vec4 v0x818e9c0a0_0, 0, 64;
T_61.24 ;
    %load/vec4 v0x818e98500_0;
    %flag_set/vec4 8;
    %jmp/0xz  T_61.26, 8;
    %pushi/vec4 0, 0, 32; draw_string_vec4
    %pushi/vec4 7103093, 0, 32; draw_string_vec4
    %concat/vec4; draw_string_vec4
    %store/vec4 v0x818e9c0a0_0, 0, 64;
T_61.26 ;
    %load/vec4 v0x818e98640_0;
    %flag_set/vec4 8;
    %jmp/0xz  T_61.28, 8;
    %pushi/vec4 0, 0, 32; draw_string_vec4
    %pushi/vec4 7104629, 0, 32; draw_string_vec4
    %concat/vec4; draw_string_vec4
    %store/vec4 v0x818e9c0a0_0, 0, 64;
T_61.28 ;
    %load/vec4 v0x818e98d20_0;
    %flag_set/vec4 8;
    %jmp/0xz  T_61.30, 8;
    %pushi/vec4 0, 0, 32; draw_string_vec4
    %pushi/vec4 29538, 0, 32; draw_string_vec4
    %concat/vec4; draw_string_vec4
    %store/vec4 v0x818e9c0a0_0, 0, 64;
T_61.30 ;
    %load/vec4 v0x818e98e60_0;
    %flag_set/vec4 8;
    %jmp/0xz  T_61.32, 8;
    %pushi/vec4 0, 0, 32; draw_string_vec4
    %pushi/vec4 29544, 0, 32; draw_string_vec4
    %concat/vec4; draw_string_vec4
    %store/vec4 v0x818e9c0a0_0, 0, 64;
T_61.32 ;
    %load/vec4 v0x818e995e0_0;
    %flag_set/vec4 8;
    %jmp/0xz  T_61.34, 8;
    %pushi/vec4 0, 0, 32; draw_string_vec4
    %pushi/vec4 29559, 0, 32; draw_string_vec4
    %concat/vec4; draw_string_vec4
    %store/vec4 v0x818e9c0a0_0, 0, 64;
T_61.34 ;
    %load/vec4 v0x818e97ac0_0;
    %flag_set/vec4 8;
    %jmp/0xz  T_61.36, 8;
    %pushi/vec4 0, 0, 32; draw_string_vec4
    %pushi/vec4 1633969257, 0, 32; draw_string_vec4
    %concat/vec4; draw_string_vec4
    %store/vec4 v0x818e9c0a0_0, 0, 64;
T_61.36 ;
    %load/vec4 v0x818e990e0_0;
    %flag_set/vec4 8;
    %jmp/0xz  T_61.38, 8;
    %pushi/vec4 0, 0, 32; draw_string_vec4
    %pushi/vec4 1936487529, 0, 32; draw_string_vec4
    %concat/vec4; draw_string_vec4
    %store/vec4 v0x818e9c0a0_0, 0, 64;
T_61.38 ;
    %load/vec4 v0x818e99180_0;
    %flag_set/vec4 8;
    %jmp/0xz  T_61.40, 8;
    %pushi/vec4 115, 0, 32; draw_string_vec4
    %pushi/vec4 1819568501, 0, 32; draw_string_vec4
    %concat/vec4; draw_string_vec4
    %store/vec4 v0x818e9c0a0_0, 0, 64;
T_61.40 ;
    %load/vec4 v0x818e99900_0;
    %flag_set/vec4 8;
    %jmp/0xz  T_61.42, 8;
    %pushi/vec4 0, 0, 32; draw_string_vec4
    %pushi/vec4 2020569705, 0, 32; draw_string_vec4
    %concat/vec4; draw_string_vec4
    %store/vec4 v0x818e9c0a0_0, 0, 64;
T_61.42 ;
    %load/vec4 v0x818e98960_0;
    %flag_set/vec4 8;
    %jmp/0xz  T_61.44, 8;
    %pushi/vec4 0, 0, 32; draw_string_vec4
    %pushi/vec4 7303785, 0, 32; draw_string_vec4
    %concat/vec4; draw_string_vec4
    %store/vec4 v0x818e9c0a0_0, 0, 64;
T_61.44 ;
    %load/vec4 v0x818e97c00_0;
    %flag_set/vec4 8;
    %jmp/0xz  T_61.46, 8;
    %pushi/vec4 0, 0, 32; draw_string_vec4
    %pushi/vec4 1634624617, 0, 32; draw_string_vec4
    %concat/vec4; draw_string_vec4
    %store/vec4 v0x818e9c0a0_0, 0, 64;
T_61.46 ;
    %load/vec4 v0x818e98fa0_0;
    %flag_set/vec4 8;
    %jmp/0xz  T_61.48, 8;
    %pushi/vec4 0, 0, 32; draw_string_vec4
    %pushi/vec4 1936485481, 0, 32; draw_string_vec4
    %concat/vec4; draw_string_vec4
    %store/vec4 v0x818e9c0a0_0, 0, 64;
T_61.48 ;
    %load/vec4 v0x818e994a0_0;
    %flag_set/vec4 8;
    %jmp/0xz  T_61.50, 8;
    %pushi/vec4 0, 0, 32; draw_string_vec4
    %pushi/vec4 1936878697, 0, 32; draw_string_vec4
    %concat/vec4; draw_string_vec4
    %store/vec4 v0x818e9c0a0_0, 0, 64;
T_61.50 ;
    %load/vec4 v0x818e99360_0;
    %flag_set/vec4 8;
    %jmp/0xz  T_61.52, 8;
    %pushi/vec4 0, 0, 32; draw_string_vec4
    %pushi/vec4 1936875881, 0, 32; draw_string_vec4
    %concat/vec4; draw_string_vec4
    %store/vec4 v0x818e9c0a0_0, 0, 64;
T_61.52 ;
    %load/vec4 v0x818e97a20_0;
    %flag_set/vec4 8;
    %jmp/0xz  T_61.54, 8;
    %pushi/vec4 0, 0, 32; draw_string_vec4
    %pushi/vec4 6382692, 0, 32; draw_string_vec4
    %concat/vec4; draw_string_vec4
    %store/vec4 v0x818e9c0a0_0, 0, 64;
T_61.54 ;
    %load/vec4 v0x818e99540_0;
    %flag_set/vec4 8;
    %jmp/0xz  T_61.56, 8;
    %pushi/vec4 0, 0, 32; draw_string_vec4
    %pushi/vec4 7566690, 0, 32; draw_string_vec4
    %concat/vec4; draw_string_vec4
    %store/vec4 v0x818e9c0a0_0, 0, 64;
T_61.56 ;
    %load/vec4 v0x818e98f00_0;
    %flag_set/vec4 8;
    %jmp/0xz  T_61.58, 8;
    %pushi/vec4 0, 0, 32; draw_string_vec4
    %pushi/vec4 7564396, 0, 32; draw_string_vec4
    %concat/vec4; draw_string_vec4
    %store/vec4 v0x818e9c0a0_0, 0, 64;
T_61.58 ;
    %load/vec4 v0x818e99040_0;
    %flag_set/vec4 8;
    %jmp/0xz  T_61.60, 8;
    %pushi/vec4 0, 0, 32; draw_string_vec4
    %pushi/vec4 7564404, 0, 32; draw_string_vec4
    %concat/vec4; draw_string_vec4
    %store/vec4 v0x818e9c0a0_0, 0, 64;
T_61.60 ;
    %load/vec4 v0x818e99220_0;
    %flag_set/vec4 8;
    %jmp/0xz  T_61.62, 8;
    %pushi/vec4 0, 0, 32; draw_string_vec4
    %pushi/vec4 1936487541, 0, 32; draw_string_vec4
    %concat/vec4; draw_string_vec4
    %store/vec4 v0x818e9c0a0_0, 0, 64;
T_61.62 ;
    %load/vec4 v0x818e99860_0;
    %flag_set/vec4 8;
    %jmp/0xz  T_61.64, 8;
    %pushi/vec4 0, 0, 32; draw_string_vec4
    %pushi/vec4 7892850, 0, 32; draw_string_vec4
    %concat/vec4; draw_string_vec4
    %store/vec4 v0x818e9c0a0_0, 0, 64;
T_61.64 ;
    %load/vec4 v0x818e99400_0;
    %flag_set/vec4 8;
    %jmp/0xz  T_61.66, 8;
    %pushi/vec4 0, 0, 32; draw_string_vec4
    %pushi/vec4 7565932, 0, 32; draw_string_vec4
    %concat/vec4; draw_string_vec4
    %store/vec4 v0x818e9c0a0_0, 0, 64;
T_61.66 ;
    %load/vec4 v0x818e992c0_0;
    %flag_set/vec4 8;
    %jmp/0xz  T_61.68, 8;
    %pushi/vec4 0, 0, 32; draw_string_vec4
    %pushi/vec4 7565921, 0, 32; draw_string_vec4
    %concat/vec4; draw_string_vec4
    %store/vec4 v0x818e9c0a0_0, 0, 64;
T_61.68 ;
    %load/vec4 v0x818e988c0_0;
    %flag_set/vec4 8;
    %jmp/0xz  T_61.70, 8;
    %pushi/vec4 0, 0, 32; draw_string_vec4
    %pushi/vec4 28530, 0, 32; draw_string_vec4
    %concat/vec4; draw_string_vec4
    %store/vec4 v0x818e9c0a0_0, 0, 64;
T_61.70 ;
    %load/vec4 v0x818e97b60_0;
    %flag_set/vec4 8;
    %jmp/0xz  T_61.72, 8;
    %pushi/vec4 0, 0, 32; draw_string_vec4
    %pushi/vec4 6385252, 0, 32; draw_string_vec4
    %concat/vec4; draw_string_vec4
    %store/vec4 v0x818e9c0a0_0, 0, 64;
T_61.72 ;
    %load/vec4 v0x818e98a00_0;
    %flag_set/vec4 8;
    %jmp/0xz  T_61.74, 8;
    %pushi/vec4 7496803, 0, 32; draw_string_vec4
    %pushi/vec4 2036558949, 0, 32; draw_string_vec4
    %concat/vec4; draw_string_vec4
    %store/vec4 v0x818e9c0a0_0, 0, 64;
T_61.74 ;
    %load/vec4 v0x818e98aa0_0;
    %flag_set/vec4 8;
    %jmp/0xz  T_61.76, 8;
    %pushi/vec4 1919181689, 0, 32; draw_string_vec4
    %pushi/vec4 1668048232, 0, 32; draw_string_vec4
    %concat/vec4; draw_string_vec4
    %store/vec4 v0x818e9c0a0_0, 0, 64;
T_61.76 ;
    %load/vec4 v0x818e98b40_0;
    %flag_set/vec4 8;
    %jmp/0xz  T_61.78, 8;
    %pushi/vec4 7496809, 0, 32; draw_string_vec4
    %pushi/vec4 1853060210, 0, 32; draw_string_vec4
    %concat/vec4; draw_string_vec4
    %store/vec4 v0x818e9c0a0_0, 0, 64;
T_61.78 ;
    %load/vec4 v0x818e98be0_0;
    %flag_set/vec4 8;
    %jmp/0xz  T_61.80, 8;
    %pushi/vec4 1919183214, 0, 32; draw_string_vec4
    %pushi/vec4 1937011304, 0, 32; draw_string_vec4
    %concat/vec4; draw_string_vec4
    %store/vec4 v0x818e9c0a0_0, 0, 64;
T_61.80 ;
    %load/vec4 v0x818e981e0_0;
    %flag_set/vec4 8;
    %jmp/0xz  T_61.82, 8;
    %pushi/vec4 102, 0, 32; draw_string_vec4
    %pushi/vec4 1701733221, 0, 32; draw_string_vec4
    %concat/vec4; draw_string_vec4
    %store/vec4 v0x818e9c0a0_0, 0, 64;
T_61.82 ;
    %load/vec4 v0x818e98280_0;
    %flag_set/vec4 8;
    %jmp/0xz  T_61.84, 8;
    %pushi/vec4 0, 0, 32; draw_string_vec4
    %pushi/vec4 1734702193, 0, 32; draw_string_vec4
    %concat/vec4; draw_string_vec4
    %store/vec4 v0x818e9c0a0_0, 0, 64;
T_61.84 ;
    %load/vec4 v0x818e98dc0_0;
    %flag_set/vec4 8;
    %jmp/0xz  T_61.86, 8;
    %pushi/vec4 0, 0, 32; draw_string_vec4
    %pushi/vec4 1936028785, 0, 32; draw_string_vec4
    %concat/vec4; draw_string_vec4
    %store/vec4 v0x818e9c0a0_0, 0, 64;
T_61.86 ;
    %load/vec4 v0x818e98c80_0;
    %flag_set/vec4 8;
    %jmp/0xz  T_61.88, 8;
    %pushi/vec4 29285, 0, 32; draw_string_vec4
    %pushi/vec4 1953067633, 0, 32; draw_string_vec4
    %concat/vec4; draw_string_vec4
    %store/vec4 v0x818e9c0a0_0, 0, 64;
T_61.88 ;
    %load/vec4 v0x818e98820_0;
    %flag_set/vec4 8;
    %jmp/0xz  T_61.90, 8;
    %pushi/vec4 7168371, 0, 32; draw_string_vec4
    %pushi/vec4 1802072689, 0, 32; draw_string_vec4
    %concat/vec4; draw_string_vec4
    %store/vec4 v0x818e9c0a0_0, 0, 64;
T_61.90 ;
    %load/vec4 v0x818e997c0_0;
    %flag_set/vec4 8;
    %jmp/0xz  T_61.92, 8;
    %pushi/vec4 7823721, 0, 32; draw_string_vec4
    %pushi/vec4 1953067633, 0, 32; draw_string_vec4
    %concat/vec4; draw_string_vec4
    %store/vec4 v0x818e9c0a0_0, 0, 64;
T_61.92 ;
    %load/vec4 v0x818e99680_0;
    %flag_set/vec4 8;
    %jmp/0xz  T_61.94, 8;
    %pushi/vec4 116, 0, 32; draw_string_vec4
    %pushi/vec4 1768777074, 0, 32; draw_string_vec4
    %concat/vec4; draw_string_vec4
    %store/vec4 v0x818e9c0a0_0, 0, 64;
T_61.94 ;
    %jmp T_61;
    .thread T_61, $push;
    .scope S_0x818e70d80;
T_62 ;
    %wait E_0x8191a2ec0;
    %load/vec4 v0x818e96580_0;
    %assign/vec4 v0x818e9d0e0_0, 0;
    %load/vec4 v0x818e96760_0;
    %assign/vec4 v0x818e9d180_0, 0;
    %load/vec4 v0x818e96800_0;
    %assign/vec4 v0x818e9d220_0, 0;
    %load/vec4 v0x818e96940_0;
    %assign/vec4 v0x818e9d360_0, 0;
    %load/vec4 v0x818e969e0_0;
    %assign/vec4 v0x818e9d400_0, 0;
    %load/vec4 v0x818e968a0_0;
    %assign/vec4 v0x818e9d2c0_0, 0;
    %load/vec4 v0x818e9ad00_0;
    %assign/vec4 v0x818e96ee0_0, 0;
    %load/vec4 v0x818e9d860_0;
    %nor/r;
    %flag_set/vec4 8;
    %jmp/1 T_62.2, 8;
    %load/vec4 v0x818e9dcc0_0;
    %flag_set/vec4 9;
    %flag_or 8, 9;
T_62.2;
    %jmp/0xz  T_62.0, 8;
    %pushi/vec4 0, 0, 1;
    %assign/vec4 v0x818e97200_0, 0;
    %jmp T_62.1;
T_62.0 ;
    %load/vec4 v0x818e9ad00_0;
    %flag_set/vec4 8;
    %jmp/0xz  T_62.3, 8;
    %pushi/vec4 1, 0, 1;
    %assign/vec4 v0x818e97200_0, 0;
T_62.3 ;
T_62.1 ;
    %load/vec4 v0x818e97840_0;
    %flag_set/vec4 8;
    %jmp/0xz  T_62.5, 8;
    %load/vec4 v0x818e9c0a0_0;
    %assign/vec4 v0x818e959a0_0, 0;
    %load/vec4 v0x818e972a0_0;
    %assign/vec4 v0x818e95a40_0, 0;
    %load/vec4 v0x818e9c140_0;
    %parti/s 2, 0, 2;
    %and/r;
    %flag_set/vec4 8;
    %jmp/0xz  T_62.7, 8;
    %load/vec4 v0x818e9c140_0;
    %assign/vec4 v0x818e95ae0_0, 0;
    %jmp T_62.8;
T_62.7 ;
    %pushi/vec4 0, 0, 16;
    %load/vec4 v0x818e9c140_0;
    %parti/s 16, 0, 2;
    %concat/vec4; draw_concat_vec4
    %assign/vec4 v0x818e95ae0_0, 0;
T_62.8 ;
    %load/vec4 v0x818e97520_0;
    %assign/vec4 v0x818e95c20_0, 0;
    %load/vec4 v0x818e975c0_0;
    %assign/vec4 v0x818e95cc0_0, 0;
    %load/vec4 v0x818e973e0_0;
    %assign/vec4 v0x818e95b80_0, 0;
T_62.5 ;
    %load/vec4 v0x818e9ad00_0;
    %flag_set/vec4 8;
    %jmp/0xz  T_62.9, 8;
    %load/vec4 v0x818e9c280_0;
    %assign/vec4 v0x818e966c0_0, 0;
T_62.9 ;
    %jmp T_62;
    .thread T_62;
    .scope S_0x818e70d80;
T_63 ;
    %wait E_0x8191a3040;
    %load/vec4 v0x818e9d0e0_0;
    %store/vec4 v0x818e96580_0, 0, 64;
    %load/vec4 v0x818e9d180_0;
    %store/vec4 v0x818e96760_0, 0, 32;
    %load/vec4 v0x818e9d220_0;
    %store/vec4 v0x818e96800_0, 0, 32;
    %load/vec4 v0x818e9d360_0;
    %store/vec4 v0x818e96940_0, 0, 5;
    %load/vec4 v0x818e9d400_0;
    %store/vec4 v0x818e969e0_0, 0, 5;
    %load/vec4 v0x818e9d2c0_0;
    %store/vec4 v0x818e968a0_0, 0, 5;
    %load/vec4 v0x818e96ee0_0;
    %flag_set/vec4 8;
    %jmp/0xz  T_63.0, 8;
    %load/vec4 v0x818e97700_0;
    %flag_set/vec4 8;
    %jmp/0xz  T_63.2, 8;
    %load/vec4 v0x818e959a0_0;
    %store/vec4 v0x818e96580_0, 0, 64;
    %load/vec4 v0x818e95a40_0;
    %store/vec4 v0x818e96760_0, 0, 32;
    %load/vec4 v0x818e95ae0_0;
    %store/vec4 v0x818e96800_0, 0, 32;
    %load/vec4 v0x818e95c20_0;
    %store/vec4 v0x818e96940_0, 0, 5;
    %load/vec4 v0x818e95cc0_0;
    %store/vec4 v0x818e969e0_0, 0, 5;
    %load/vec4 v0x818e95b80_0;
    %store/vec4 v0x818e968a0_0, 0, 5;
    %jmp T_63.3;
T_63.2 ;
    %load/vec4 v0x818e9c0a0_0;
    %store/vec4 v0x818e96580_0, 0, 64;
    %load/vec4 v0x818e9c140_0;
    %parti/s 2, 0, 2;
    %and/r;
    %flag_set/vec4 8;
    %jmp/0xz  T_63.4, 8;
    %load/vec4 v0x818e9c140_0;
    %store/vec4 v0x818e96800_0, 0, 32;
    %jmp T_63.5;
T_63.4 ;
    %pushi/vec4 0, 0, 16;
    %load/vec4 v0x818e9c140_0;
    %parti/s 16, 0, 2;
    %concat/vec4; draw_concat_vec4
    %store/vec4 v0x818e96800_0, 0, 32;
T_63.5 ;
    %load/vec4 v0x818e972a0_0;
    %store/vec4 v0x818e96760_0, 0, 32;
    %load/vec4 v0x818e97520_0;
    %store/vec4 v0x818e96940_0, 0, 5;
    %load/vec4 v0x818e975c0_0;
    %store/vec4 v0x818e969e0_0, 0, 5;
    %load/vec4 v0x818e973e0_0;
    %store/vec4 v0x818e968a0_0, 0, 5;
T_63.3 ;
T_63.0 ;
    %jmp T_63;
    .thread T_63, $push;
    .scope S_0x818e70d80;
T_64 ;
    %wait E_0x8191a2ec0;
    %load/vec4 v0x818e986e0_0;
    %load/vec4 v0x818e97ca0_0;
    %concat/vec4; draw_concat_vec4
    %load/vec4 v0x818e98320_0;
    %concat/vec4; draw_concat_vec4
    %or/r;
    %assign/vec4 v0x818e9a1c0_0, 0;
    %load/vec4 v0x818e986e0_0;
    %load/vec4 v0x818e97ca0_0;
    %concat/vec4; draw_concat_vec4
    %load/vec4 v0x818e98320_0;
    %concat/vec4; draw_concat_vec4
    %load/vec4 v0x818e983c0_0;
    %concat/vec4; draw_concat_vec4
    %load/vec4 v0x818e97ac0_0;
    %concat/vec4; draw_concat_vec4
    %load/vec4 v0x818e97a20_0;
    %concat/vec4; draw_concat_vec4
    %load/vec4 v0x818e99540_0;
    %concat/vec4; draw_concat_vec4
    %or/r;
    %assign/vec4 v0x818e9a260_0, 0;
    %load/vec4 v0x818e990e0_0;
    %load/vec4 v0x818e97f20_0;
    %concat/vec4; draw_concat_vec4
    %load/vec4 v0x818e99040_0;
    %concat/vec4; draw_concat_vec4
    %or/r;
    %assign/vec4 v0x818e9a580_0, 0;
    %load/vec4 v0x818e99180_0;
    %load/vec4 v0x818e98000_0;
    %concat/vec4; draw_concat_vec4
    %load/vec4 v0x818e99220_0;
    %concat/vec4; draw_concat_vec4
    %or/r;
    %assign/vec4 v0x818e9a620_0, 0;
    %load/vec4 v0x818e98500_0;
    %load/vec4 v0x818e98640_0;
    %concat/vec4; draw_concat_vec4
    %load/vec4 v0x818e98780_0;
    %concat/vec4; draw_concat_vec4
    %or/r;
    %assign/vec4 v0x818e9a120_0, 0;
    %load/vec4 v0x818e99ea0_0;
    %load/vec4 v0x818e990e0_0;
    %concat/vec4; draw_concat_vec4
    %load/vec4 v0x818e99040_0;
    %concat/vec4; draw_concat_vec4
    %load/vec4 v0x818e99180_0;
    %concat/vec4; draw_concat_vec4
    %load/vec4 v0x818e99220_0;
    %concat/vec4; draw_concat_vec4
    %or/r;
    %assign/vec4 v0x818e99f40_0, 0;
    %load/vec4 v0x818e9b020_0;
    %flag_set/vec4 9;
    %flag_get/vec4 9;
    %jmp/0 T_64.2, 9;
    %load/vec4 v0x818e9b160_0;
    %and;
T_64.2;
    %flag_set/vec4 8;
    %jmp/0xz  T_64.0, 8;
    %load/vec4 v0x818e9b980_0;
    %parti/s 7, 0, 2;
    %pushi/vec4 55, 0, 7;
    %cmp/e;
    %flag_get/vec4 4;
    %assign/vec4 v0x818e986e0_0, 0;
    %load/vec4 v0x818e9b980_0;
    %parti/s 7, 0, 2;
    %pushi/vec4 23, 0, 7;
    %cmp/e;
    %flag_get/vec4 4;
    %assign/vec4 v0x818e97ca0_0, 0;
    %load/vec4 v0x818e9b980_0;
    %parti/s 7, 0, 2;
    %pushi/vec4 111, 0, 7;
    %cmp/e;
    %flag_get/vec4 4;
    %assign/vec4 v0x818e98320_0, 0;
    %load/vec4 v0x818e9b980_0;
    %parti/s 7, 0, 2;
    %cmpi/e 103, 0, 7;
    %flag_get/vec4 4;
    %jmp/0 T_64.3, 4;
    %load/vec4 v0x818e9b980_0;
    %parti/s 3, 12, 5;
    %pushi/vec4 0, 0, 3;
    %cmp/e;
    %flag_get/vec4 4;
    %and;
T_64.3;
    %assign/vec4 v0x818e983c0_0, 0;
    %load/vec4 v0x818e9b980_0;
    %parti/s 7, 0, 2;
    %cmpi/e 11, 0, 7;
    %flag_get/vec4 4;
    %jmp/0 T_64.5, 4;
    %load/vec4 v0x818e9b980_0;
    %parti/s 7, 25, 6;
    %pushi/vec4 2, 0, 7;
    %cmp/e;
    %flag_get/vec4 4;
    %and;
T_64.5;
    %flag_set/vec4 8;
    %flag_get/vec4 8;
    %jmp/0 T_64.4, 8;
    %pushi/vec4 0, 0, 1;
    %and;
T_64.4;
    %assign/vec4 v0x818e98c80_0, 0;
    %load/vec4 v0x818e9b980_0;
    %parti/s 7, 0, 2;
    %cmpi/e 11, 0, 7;
    %flag_get/vec4 4;
    %jmp/0 T_64.7, 4;
    %load/vec4 v0x818e9b980_0;
    %parti/s 7, 25, 6;
    %pushi/vec4 4, 0, 7;
    %cmp/e;
    %flag_get/vec4 4;
    %and;
T_64.7;
    %flag_set/vec4 8;
    %flag_get/vec4 8;
    %jmp/0 T_64.6, 8;
    %pushi/vec4 0, 0, 1;
    %and;
T_64.6;
    %assign/vec4 v0x818e997c0_0, 0;
    %load/vec4 v0x818e9b980_0;
    %parti/s 7, 0, 2;
    %pushi/vec4 99, 0, 7;
    %cmp/e;
    %flag_get/vec4 4;
    %assign/vec4 v0x818e99ea0_0, 0;
    %load/vec4 v0x818e9b980_0;
    %parti/s 7, 0, 2;
    %pushi/vec4 3, 0, 7;
    %cmp/e;
    %flag_get/vec4 4;
    %assign/vec4 v0x818e9a080_0, 0;
    %load/vec4 v0x818e9b980_0;
    %parti/s 7, 0, 2;
    %pushi/vec4 35, 0, 7;
    %cmp/e;
    %flag_get/vec4 4;
    %assign/vec4 v0x818e9a3a0_0, 0;
    %load/vec4 v0x818e9b980_0;
    %parti/s 7, 0, 2;
    %pushi/vec4 19, 0, 7;
    %cmp/e;
    %flag_get/vec4 4;
    %assign/vec4 v0x818e99d60_0, 0;
    %load/vec4 v0x818e9b980_0;
    %parti/s 7, 0, 2;
    %pushi/vec4 51, 0, 7;
    %cmp/e;
    %flag_get/vec4 4;
    %assign/vec4 v0x818e99e00_0, 0;
    %load/vec4 v0x818e9b980_0;
    %parti/s 20, 12, 5;
    %concati/vec4 0, 0, 1;
    %pad/s 32;
    %split/vec4 1;
    %ix/load 5, 0, 0;
    %ix/load 4, 0, 0;
    %flag_set/imm 4, 0;
    %assign/vec4/off/d v0x818e97340_0, 4, 5;
    %split/vec4 8;
    %ix/load 5, 0, 0;
    %ix/load 4, 12, 0;
    %flag_set/imm 4, 0;
    %assign/vec4/off/d v0x818e97340_0, 4, 5;
    %split/vec4 1;
    %ix/load 5, 0, 0;
    %ix/load 4, 11, 0;
    %flag_set/imm 4, 0;
    %assign/vec4/off/d v0x818e97340_0, 4, 5;
    %split/vec4 10;
    %ix/load 5, 0, 0;
    %ix/load 4, 1, 0;
    %flag_set/imm 4, 0;
    %assign/vec4/off/d v0x818e97340_0, 4, 5;
    %ix/load 5, 0, 0;
    %ix/load 4, 20, 0;
    %flag_set/imm 4, 0;
    %assign/vec4/off/d v0x818e97340_0, 4, 5;
    %load/vec4 v0x818e9b980_0;
    %parti/s 5, 7, 4;
    %assign/vec4 v0x818e973e0_0, 0;
    %load/vec4 v0x818e9b980_0;
    %parti/s 5, 15, 5;
    %assign/vec4 v0x818e97520_0, 0;
    %load/vec4 v0x818e9b980_0;
    %parti/s 5, 20, 6;
    %assign/vec4 v0x818e975c0_0, 0;
    %load/vec4 v0x818e9b980_0;
    %parti/s 7, 0, 2;
    %cmpi/e 11, 0, 7;
    %flag_get/vec4 4;
    %jmp/0 T_64.12, 4;
    %load/vec4 v0x818e9b980_0;
    %parti/s 7, 25, 6;
    %pushi/vec4 0, 0, 7;
    %cmp/e;
    %flag_get/vec4 4;
    %and;
T_64.12;
    %flag_set/vec4 10;
    %flag_get/vec4 10;
    %jmp/0 T_64.11, 10;
    %pushi/vec4 0, 0, 1;
    %and;
T_64.11;
    %flag_set/vec4 9;
    %flag_get/vec4 9;
    %jmp/0 T_64.10, 9;
    %pushi/vec4 1, 0, 1;
    %and;
T_64.10;
    %flag_set/vec4 8;
    %jmp/0xz  T_64.8, 8;
    %pushi/vec4 1, 0, 1;
    %ix/load 5, 0, 0;
    %ix/load 4, 4, 0;
    %flag_set/imm 4, 0;
    %assign/vec4/off/d v0x818e97520_0, 4, 5;
T_64.8 ;
    %load/vec4 v0x818e9b980_0;
    %parti/s 7, 0, 2;
    %cmpi/e 11, 0, 7;
    %flag_get/vec4 4;
    %jmp/0 T_64.16, 4;
    %load/vec4 v0x818e9b980_0;
    %parti/s 7, 25, 6;
    %pushi/vec4 2, 0, 7;
    %cmp/e;
    %flag_get/vec4 4;
    %and;
T_64.16;
    %flag_set/vec4 9;
    %flag_get/vec4 9;
    %jmp/0 T_64.15, 9;
    %pushi/vec4 0, 0, 1;
    %and;
T_64.15;
    %flag_set/vec4 8;
    %jmp/0xz  T_64.13, 8;
    %pushi/vec4 0, 0, 5;
    %assign/vec4 v0x818e97520_0, 0;
T_64.13 ;
    %pushi/vec4 0, 0, 1;
    %assign/vec4 v0x818e95f40_0, 0;
T_64.0 ;
    %load/vec4 v0x818e977a0_0;
    %flag_set/vec4 9;
    %flag_get/vec4 9;
    %jmp/0 T_64.19, 9;
    %load/vec4 v0x818e97660_0;
    %nor/r;
    %and;
T_64.19;
    %flag_set/vec4 8;
    %jmp/0xz  T_64.17, 8;
    %pushi/vec4 4294967295, 4294967295, 32;
    %assign/vec4 v0x818e9c5a0_0, 0;
    %load/vec4 v0x818e99ea0_0;
    %flag_set/vec4 8;
    %flag_get/vec4 8;
    %jmp/0 T_64.20, 8;
    %load/vec4 v0x818e9bac0_0;
    %parti/s 3, 12, 5;
    %pushi/vec4 0, 0, 3;
    %cmp/e;
    %flag_get/vec4 4;
    %and;
T_64.20;
    %assign/vec4 v0x818e97d40_0, 0;
    %load/vec4 v0x818e99ea0_0;
    %flag_set/vec4 8;
    %flag_get/vec4 8;
    %jmp/0 T_64.21, 8;
    %load/vec4 v0x818e9bac0_0;
    %parti/s 3, 12, 5;
    %pushi/vec4 1, 0, 3;
    %cmp/e;
    %flag_get/vec4 4;
    %and;
T_64.21;
    %assign/vec4 v0x818e980a0_0, 0;
    %load/vec4 v0x818e99ea0_0;
    %flag_set/vec4 8;
    %flag_get/vec4 8;
    %jmp/0 T_64.22, 8;
    %load/vec4 v0x818e9bac0_0;
    %parti/s 3, 12, 5;
    %pushi/vec4 4, 0, 3;
    %cmp/e;
    %flag_get/vec4 4;
    %and;
T_64.22;
    %assign/vec4 v0x818e97f20_0, 0;
    %load/vec4 v0x818e99ea0_0;
    %flag_set/vec4 8;
    %flag_get/vec4 8;
    %jmp/0 T_64.23, 8;
    %load/vec4 v0x818e9bac0_0;
    %parti/s 3, 12, 5;
    %pushi/vec4 5, 0, 3;
    %cmp/e;
    %flag_get/vec4 4;
    %and;
T_64.23;
    %assign/vec4 v0x818e97de0_0, 0;
    %load/vec4 v0x818e99ea0_0;
    %flag_set/vec4 8;
    %flag_get/vec4 8;
    %jmp/0 T_64.24, 8;
    %load/vec4 v0x818e9bac0_0;
    %parti/s 3, 12, 5;
    %pushi/vec4 6, 0, 3;
    %cmp/e;
    %flag_get/vec4 4;
    %and;
T_64.24;
    %assign/vec4 v0x818e98000_0, 0;
    %load/vec4 v0x818e99ea0_0;
    %flag_set/vec4 8;
    %flag_get/vec4 8;
    %jmp/0 T_64.25, 8;
    %load/vec4 v0x818e9bac0_0;
    %parti/s 3, 12, 5;
    %pushi/vec4 7, 0, 3;
    %cmp/e;
    %flag_get/vec4 4;
    %and;
T_64.25;
    %assign/vec4 v0x818e97e80_0, 0;
    %load/vec4 v0x818e9a080_0;
    %flag_set/vec4 8;
    %flag_get/vec4 8;
    %jmp/0 T_64.26, 8;
    %load/vec4 v0x818e9bac0_0;
    %parti/s 3, 12, 5;
    %pushi/vec4 0, 0, 3;
    %cmp/e;
    %flag_get/vec4 4;
    %and;
T_64.26;
    %assign/vec4 v0x818e98460_0, 0;
    %load/vec4 v0x818e9a080_0;
    %flag_set/vec4 8;
    %flag_get/vec4 8;
    %jmp/0 T_64.27, 8;
    %load/vec4 v0x818e9bac0_0;
    %parti/s 3, 12, 5;
    %pushi/vec4 1, 0, 3;
    %cmp/e;
    %flag_get/vec4 4;
    %and;
T_64.27;
    %assign/vec4 v0x818e985a0_0, 0;
    %load/vec4 v0x818e9a080_0;
    %flag_set/vec4 8;
    %flag_get/vec4 8;
    %jmp/0 T_64.28, 8;
    %load/vec4 v0x818e9bac0_0;
    %parti/s 3, 12, 5;
    %pushi/vec4 2, 0, 3;
    %cmp/e;
    %flag_get/vec4 4;
    %and;
T_64.28;
    %assign/vec4 v0x818e98780_0, 0;
    %load/vec4 v0x818e9a080_0;
    %flag_set/vec4 8;
    %flag_get/vec4 8;
    %jmp/0 T_64.29, 8;
    %load/vec4 v0x818e9bac0_0;
    %parti/s 3, 12, 5;
    %pushi/vec4 4, 0, 3;
    %cmp/e;
    %flag_get/vec4 4;
    %and;
T_64.29;
    %assign/vec4 v0x818e98500_0, 0;
    %load/vec4 v0x818e9a080_0;
    %flag_set/vec4 8;
    %flag_get/vec4 8;
    %jmp/0 T_64.30, 8;
    %load/vec4 v0x818e9bac0_0;
    %parti/s 3, 12, 5;
    %pushi/vec4 5, 0, 3;
    %cmp/e;
    %flag_get/vec4 4;
    %and;
T_64.30;
    %assign/vec4 v0x818e98640_0, 0;
    %load/vec4 v0x818e9a3a0_0;
    %flag_set/vec4 8;
    %flag_get/vec4 8;
    %jmp/0 T_64.31, 8;
    %load/vec4 v0x818e9bac0_0;
    %parti/s 3, 12, 5;
    %pushi/vec4 0, 0, 3;
    %cmp/e;
    %flag_get/vec4 4;
    %and;
T_64.31;
    %assign/vec4 v0x818e98d20_0, 0;
    %load/vec4 v0x818e9a3a0_0;
    %flag_set/vec4 8;
    %flag_get/vec4 8;
    %jmp/0 T_64.32, 8;
    %load/vec4 v0x818e9bac0_0;
    %parti/s 3, 12, 5;
    %pushi/vec4 1, 0, 3;
    %cmp/e;
    %flag_get/vec4 4;
    %and;
T_64.32;
    %assign/vec4 v0x818e98e60_0, 0;
    %load/vec4 v0x818e9a3a0_0;
    %flag_set/vec4 8;
    %flag_get/vec4 8;
    %jmp/0 T_64.33, 8;
    %load/vec4 v0x818e9bac0_0;
    %parti/s 3, 12, 5;
    %pushi/vec4 2, 0, 3;
    %cmp/e;
    %flag_get/vec4 4;
    %and;
T_64.33;
    %assign/vec4 v0x818e995e0_0, 0;
    %load/vec4 v0x818e99d60_0;
    %flag_set/vec4 8;
    %flag_get/vec4 8;
    %jmp/0 T_64.34, 8;
    %load/vec4 v0x818e9bac0_0;
    %parti/s 3, 12, 5;
    %pushi/vec4 0, 0, 3;
    %cmp/e;
    %flag_get/vec4 4;
    %and;
T_64.34;
    %assign/vec4 v0x818e97ac0_0, 0;
    %load/vec4 v0x818e99d60_0;
    %flag_set/vec4 8;
    %flag_get/vec4 8;
    %jmp/0 T_64.35, 8;
    %load/vec4 v0x818e9bac0_0;
    %parti/s 3, 12, 5;
    %pushi/vec4 2, 0, 3;
    %cmp/e;
    %flag_get/vec4 4;
    %and;
T_64.35;
    %assign/vec4 v0x818e990e0_0, 0;
    %load/vec4 v0x818e99d60_0;
    %flag_set/vec4 8;
    %flag_get/vec4 8;
    %jmp/0 T_64.36, 8;
    %load/vec4 v0x818e9bac0_0;
    %parti/s 3, 12, 5;
    %pushi/vec4 3, 0, 3;
    %cmp/e;
    %flag_get/vec4 4;
    %and;
T_64.36;
    %assign/vec4 v0x818e99180_0, 0;
    %load/vec4 v0x818e99d60_0;
    %flag_set/vec4 8;
    %flag_get/vec4 8;
    %jmp/0 T_64.37, 8;
    %load/vec4 v0x818e9bac0_0;
    %parti/s 3, 12, 5;
    %pushi/vec4 4, 0, 3;
    %cmp/e;
    %flag_get/vec4 4;
    %and;
T_64.37;
    %assign/vec4 v0x818e99900_0, 0;
    %load/vec4 v0x818e99d60_0;
    %flag_set/vec4 8;
    %flag_get/vec4 8;
    %jmp/0 T_64.38, 8;
    %load/vec4 v0x818e9bac0_0;
    %parti/s 3, 12, 5;
    %pushi/vec4 6, 0, 3;
    %cmp/e;
    %flag_get/vec4 4;
    %and;
T_64.38;
    %assign/vec4 v0x818e98960_0, 0;
    %load/vec4 v0x818e99d60_0;
    %flag_set/vec4 8;
    %flag_get/vec4 8;
    %jmp/0 T_64.39, 8;
    %load/vec4 v0x818e9bac0_0;
    %parti/s 3, 12, 5;
    %pushi/vec4 7, 0, 3;
    %cmp/e;
    %flag_get/vec4 4;
    %and;
T_64.39;
    %assign/vec4 v0x818e97c00_0, 0;
    %load/vec4 v0x818e99d60_0;
    %flag_set/vec4 9;
    %flag_get/vec4 9;
    %jmp/0 T_64.41, 9;
    %load/vec4 v0x818e9bac0_0;
    %parti/s 3, 12, 5;
    %pushi/vec4 1, 0, 3;
    %cmp/e;
    %flag_get/vec4 4;
    %and;
T_64.41;
    %flag_set/vec4 8;
    %flag_get/vec4 8;
    %jmp/0 T_64.40, 8;
    %load/vec4 v0x818e9bac0_0;
    %parti/s 7, 25, 6;
    %pushi/vec4 0, 0, 7;
    %cmp/e;
    %flag_get/vec4 4;
    %and;
T_64.40;
    %assign/vec4 v0x818e98fa0_0, 0;
    %load/vec4 v0x818e99d60_0;
    %flag_set/vec4 9;
    %flag_get/vec4 9;
    %jmp/0 T_64.43, 9;
    %load/vec4 v0x818e9bac0_0;
    %parti/s 3, 12, 5;
    %pushi/vec4 5, 0, 3;
    %cmp/e;
    %flag_get/vec4 4;
    %and;
T_64.43;
    %flag_set/vec4 8;
    %flag_get/vec4 8;
    %jmp/0 T_64.42, 8;
    %load/vec4 v0x818e9bac0_0;
    %parti/s 7, 25, 6;
    %pushi/vec4 0, 0, 7;
    %cmp/e;
    %flag_get/vec4 4;
    %and;
T_64.42;
    %assign/vec4 v0x818e994a0_0, 0;
    %load/vec4 v0x818e99d60_0;
    %flag_set/vec4 9;
    %flag_get/vec4 9;
    %jmp/0 T_64.45, 9;
    %load/vec4 v0x818e9bac0_0;
    %parti/s 3, 12, 5;
    %pushi/vec4 5, 0, 3;
    %cmp/e;
    %flag_get/vec4 4;
    %and;
T_64.45;
    %flag_set/vec4 8;
    %flag_get/vec4 8;
    %jmp/0 T_64.44, 8;
    %load/vec4 v0x818e9bac0_0;
    %parti/s 7, 25, 6;
    %pushi/vec4 32, 0, 7;
    %cmp/e;
    %flag_get/vec4 4;
    %and;
T_64.44;
    %assign/vec4 v0x818e99360_0, 0;
    %load/vec4 v0x818e99e00_0;
    %flag_set/vec4 9;
    %flag_get/vec4 9;
    %jmp/0 T_64.47, 9;
    %load/vec4 v0x818e9bac0_0;
    %parti/s 3, 12, 5;
    %pushi/vec4 0, 0, 3;
    %cmp/e;
    %flag_get/vec4 4;
    %and;
T_64.47;
    %flag_set/vec4 8;
    %flag_get/vec4 8;
    %jmp/0 T_64.46, 8;
    %load/vec4 v0x818e9bac0_0;
    %parti/s 7, 25, 6;
    %pushi/vec4 0, 0, 7;
    %cmp/e;
    %flag_get/vec4 4;
    %and;
T_64.46;
    %assign/vec4 v0x818e97a20_0, 0;
    %load/vec4 v0x818e99e00_0;
    %flag_set/vec4 9;
    %flag_get/vec4 9;
    %jmp/0 T_64.49, 9;
    %load/vec4 v0x818e9bac0_0;
    %parti/s 3, 12, 5;
    %pushi/vec4 0, 0, 3;
    %cmp/e;
    %flag_get/vec4 4;
    %and;
T_64.49;
    %flag_set/vec4 8;
    %flag_get/vec4 8;
    %jmp/0 T_64.48, 8;
    %load/vec4 v0x818e9bac0_0;
    %parti/s 7, 25, 6;
    %pushi/vec4 32, 0, 7;
    %cmp/e;
    %flag_get/vec4 4;
    %and;
T_64.48;
    %assign/vec4 v0x818e99540_0, 0;
    %load/vec4 v0x818e99e00_0;
    %flag_set/vec4 9;
    %flag_get/vec4 9;
    %jmp/0 T_64.51, 9;
    %load/vec4 v0x818e9bac0_0;
    %parti/s 3, 12, 5;
    %pushi/vec4 1, 0, 3;
    %cmp/e;
    %flag_get/vec4 4;
    %and;
T_64.51;
    %flag_set/vec4 8;
    %flag_get/vec4 8;
    %jmp/0 T_64.50, 8;
    %load/vec4 v0x818e9bac0_0;
    %parti/s 7, 25, 6;
    %pushi/vec4 0, 0, 7;
    %cmp/e;
    %flag_get/vec4 4;
    %and;
T_64.50;
    %assign/vec4 v0x818e98f00_0, 0;
    %load/vec4 v0x818e99e00_0;
    %flag_set/vec4 9;
    %flag_get/vec4 9;
    %jmp/0 T_64.53, 9;
    %load/vec4 v0x818e9bac0_0;
    %parti/s 3, 12, 5;
    %pushi/vec4 2, 0, 3;
    %cmp/e;
    %flag_get/vec4 4;
    %and;
T_64.53;
    %flag_set/vec4 8;
    %flag_get/vec4 8;
    %jmp/0 T_64.52, 8;
    %load/vec4 v0x818e9bac0_0;
    %parti/s 7, 25, 6;
    %pushi/vec4 0, 0, 7;
    %cmp/e;
    %flag_get/vec4 4;
    %and;
T_64.52;
    %assign/vec4 v0x818e99040_0, 0;
    %load/vec4 v0x818e99e00_0;
    %flag_set/vec4 9;
    %flag_get/vec4 9;
    %jmp/0 T_64.55, 9;
    %load/vec4 v0x818e9bac0_0;
    %parti/s 3, 12, 5;
    %pushi/vec4 3, 0, 3;
    %cmp/e;
    %flag_get/vec4 4;
    %and;
T_64.55;
    %flag_set/vec4 8;
    %flag_get/vec4 8;
    %jmp/0 T_64.54, 8;
    %load/vec4 v0x818e9bac0_0;
    %parti/s 7, 25, 6;
    %pushi/vec4 0, 0, 7;
    %cmp/e;
    %flag_get/vec4 4;
    %and;
T_64.54;
    %assign/vec4 v0x818e99220_0, 0;
    %load/vec4 v0x818e99e00_0;
    %flag_set/vec4 9;
    %flag_get/vec4 9;
    %jmp/0 T_64.57, 9;
    %load/vec4 v0x818e9bac0_0;
    %parti/s 3, 12, 5;
    %pushi/vec4 4, 0, 3;
    %cmp/e;
    %flag_get/vec4 4;
    %and;
T_64.57;
    %flag_set/vec4 8;
    %flag_get/vec4 8;
    %jmp/0 T_64.56, 8;
    %load/vec4 v0x818e9bac0_0;
    %parti/s 7, 25, 6;
    %pushi/vec4 0, 0, 7;
    %cmp/e;
    %flag_get/vec4 4;
    %and;
T_64.56;
    %assign/vec4 v0x818e99860_0, 0;
    %load/vec4 v0x818e99e00_0;
    %flag_set/vec4 9;
    %flag_get/vec4 9;
    %jmp/0 T_64.59, 9;
    %load/vec4 v0x818e9bac0_0;
    %parti/s 3, 12, 5;
    %pushi/vec4 5, 0, 3;
    %cmp/e;
    %flag_get/vec4 4;
    %and;
T_64.59;
    %flag_set/vec4 8;
    %flag_get/vec4 8;
    %jmp/0 T_64.58, 8;
    %load/vec4 v0x818e9bac0_0;
    %parti/s 7, 25, 6;
    %pushi/vec4 0, 0, 7;
    %cmp/e;
    %flag_get/vec4 4;
    %and;
T_64.58;
    %assign/vec4 v0x818e99400_0, 0;
    %load/vec4 v0x818e99e00_0;
    %flag_set/vec4 9;
    %flag_get/vec4 9;
    %jmp/0 T_64.61, 9;
    %load/vec4 v0x818e9bac0_0;
    %parti/s 3, 12, 5;
    %pushi/vec4 5, 0, 3;
    %cmp/e;
    %flag_get/vec4 4;
    %and;
T_64.61;
    %flag_set/vec4 8;
    %flag_get/vec4 8;
    %jmp/0 T_64.60, 8;
    %load/vec4 v0x818e9bac0_0;
    %parti/s 7, 25, 6;
    %pushi/vec4 32, 0, 7;
    %cmp/e;
    %flag_get/vec4 4;
    %and;
T_64.60;
    %assign/vec4 v0x818e992c0_0, 0;
    %load/vec4 v0x818e99e00_0;
    %flag_set/vec4 9;
    %flag_get/vec4 9;
    %jmp/0 T_64.63, 9;
    %load/vec4 v0x818e9bac0_0;
    %parti/s 3, 12, 5;
    %pushi/vec4 6, 0, 3;
    %cmp/e;
    %flag_get/vec4 4;
    %and;
T_64.63;
    %flag_set/vec4 8;
    %flag_get/vec4 8;
    %jmp/0 T_64.62, 8;
    %load/vec4 v0x818e9bac0_0;
    %parti/s 7, 25, 6;
    %pushi/vec4 0, 0, 7;
    %cmp/e;
    %flag_get/vec4 4;
    %and;
T_64.62;
    %assign/vec4 v0x818e988c0_0, 0;
    %load/vec4 v0x818e99e00_0;
    %flag_set/vec4 9;
    %flag_get/vec4 9;
    %jmp/0 T_64.65, 9;
    %load/vec4 v0x818e9bac0_0;
    %parti/s 3, 12, 5;
    %pushi/vec4 7, 0, 3;
    %cmp/e;
    %flag_get/vec4 4;
    %and;
T_64.65;
    %flag_set/vec4 8;
    %flag_get/vec4 8;
    %jmp/0 T_64.64, 8;
    %load/vec4 v0x818e9bac0_0;
    %parti/s 7, 25, 6;
    %pushi/vec4 0, 0, 7;
    %cmp/e;
    %flag_get/vec4 4;
    %and;
T_64.64;
    %assign/vec4 v0x818e97b60_0, 0;
    %load/vec4 v0x818e9bac0_0;
    %parti/s 7, 0, 2;
    %cmpi/e 115, 0, 7;
    %flag_get/vec4 4;
    %jmp/0 T_64.68, 4;
    %load/vec4 v0x818e9bac0_0;
    %parti/s 20, 12, 5;
    %pad/u 32;
    %pushi/vec4 786434, 0, 32;
    %cmp/e;
    %flag_get/vec4 4;
    %and;
T_64.68;
    %flag_set/vec4 8;
    %jmp/1 T_64.67, 8;
    %load/vec4 v0x818e9bac0_0;
    %parti/s 7, 0, 2;
    %cmpi/e 115, 0, 7;
    %flag_get/vec4 4;
    %jmp/0 T_64.69, 4;
    %load/vec4 v0x818e9bac0_0;
    %parti/s 20, 12, 5;
    %pad/u 32;
    %pushi/vec4 786690, 0, 32;
    %cmp/e;
    %flag_get/vec4 4;
    %and;
T_64.69;
    %flag_set/vec4 9;
    %flag_or 8, 9;
T_64.67;
    %flag_get/vec4 8;
    %jmp/0 T_64.66, 8;
    %pushi/vec4 0, 0, 1;
    %and;
T_64.66;
    %assign/vec4 v0x818e98a00_0, 0;
    %load/vec4 v0x818e9bac0_0;
    %parti/s 7, 0, 2;
    %cmpi/e 115, 0, 7;
    %flag_get/vec4 4;
    %jmp/0 T_64.73, 4;
    %load/vec4 v0x818e9bac0_0;
    %parti/s 20, 12, 5;
    %pad/u 32;
    %pushi/vec4 819202, 0, 32;
    %cmp/e;
    %flag_get/vec4 4;
    %and;
T_64.73;
    %flag_set/vec4 9;
    %jmp/1 T_64.72, 9;
    %load/vec4 v0x818e9bac0_0;
    %parti/s 7, 0, 2;
    %cmpi/e 115, 0, 7;
    %flag_get/vec4 4;
    %jmp/0 T_64.74, 4;
    %load/vec4 v0x818e9bac0_0;
    %parti/s 20, 12, 5;
    %pad/u 32;
    %pushi/vec4 819458, 0, 32;
    %cmp/e;
    %flag_get/vec4 4;
    %and;
T_64.74;
    %flag_set/vec4 10;
    %flag_or 9, 10;
T_64.72;
    %flag_get/vec4 9;
    %jmp/0 T_64.71, 9;
    %pushi/vec4 0, 0, 1;
    %and;
T_64.71;
    %flag_set/vec4 8;
    %flag_get/vec4 8;
    %jmp/0 T_64.70, 8;
    %pushi/vec4 0, 0, 1;
    %and;
T_64.70;
    %assign/vec4 v0x818e98aa0_0, 0;
    %load/vec4 v0x818e9bac0_0;
    %parti/s 7, 0, 2;
    %cmpi/e 115, 0, 7;
    %flag_get/vec4 4;
    %jmp/0 T_64.76, 4;
    %load/vec4 v0x818e9bac0_0;
    %parti/s 20, 12, 5;
    %pad/u 32;
    %pushi/vec4 786946, 0, 32;
    %cmp/e;
    %flag_get/vec4 4;
    %and;
T_64.76;
    %flag_set/vec4 8;
    %flag_get/vec4 8;
    %jmp/0 T_64.75, 8;
    %pushi/vec4 0, 0, 1;
    %and;
T_64.75;
    %assign/vec4 v0x818e98b40_0, 0;
    %load/vec4 v0x818e9bac0_0;
    %parti/s 7, 0, 2;
    %cmpi/e 115, 0, 7;
    %flag_get/vec4 4;
    %jmp/0 T_64.79, 4;
    %load/vec4 v0x818e9bac0_0;
    %parti/s 20, 12, 5;
    %pad/u 32;
    %pushi/vec4 819714, 0, 32;
    %cmp/e;
    %flag_get/vec4 4;
    %and;
T_64.79;
    %flag_set/vec4 9;
    %flag_get/vec4 9;
    %jmp/0 T_64.78, 9;
    %pushi/vec4 0, 0, 1;
    %and;
T_64.78;
    %flag_set/vec4 8;
    %flag_get/vec4 8;
    %jmp/0 T_64.77, 8;
    %pushi/vec4 0, 0, 1;
    %and;
T_64.77;
    %assign/vec4 v0x818e98be0_0, 0;
    %load/vec4 v0x818e9bac0_0;
    %parti/s 7, 0, 2;
    %cmpi/e 115, 0, 7;
    %flag_get/vec4 4;
    %jmp/0 T_64.82, 4;
    %load/vec4 v0x818e9bac0_0;
    %parti/s 11, 21, 6;
    %nor/r;
    %and;
T_64.82;
    %flag_set/vec4 9;
    %flag_get/vec4 9;
    %jmp/0 T_64.81, 9;
    %load/vec4 v0x818e9bac0_0;
    %parti/s 13, 7, 4;
    %nor/r;
    %and;
T_64.81;
    %flag_set/vec4 8;
    %flag_get/vec4 8;
    %jmp/1 T_64.80, 8;
    %pushi/vec4 0, 0, 1;
    %or;
T_64.80;
    %assign/vec4 v0x818e98140_0, 0;
    %load/vec4 v0x818e9bac0_0;
    %parti/s 7, 0, 2;
    %cmpi/e 15, 0, 7;
    %flag_get/vec4 4;
    %jmp/0 T_64.83, 4;
    %load/vec4 v0x818e9bac0_0;
    %parti/s 3, 12, 5;
    %nor/r;
    %and;
T_64.83;
    %assign/vec4 v0x818e981e0_0, 0;
    %load/vec4 v0x818e9bac0_0;
    %parti/s 7, 0, 2;
    %cmpi/e 11, 0, 7;
    %flag_get/vec4 4;
    %jmp/0 T_64.86, 4;
    %load/vec4 v0x818e9bac0_0;
    %parti/s 7, 25, 6;
    %pushi/vec4 0, 0, 7;
    %cmp/e;
    %flag_get/vec4 4;
    %and;
T_64.86;
    %flag_set/vec4 9;
    %flag_get/vec4 9;
    %jmp/0 T_64.85, 9;
    %pushi/vec4 0, 0, 1;
    %and;
T_64.85;
    %flag_set/vec4 8;
    %flag_get/vec4 8;
    %jmp/0 T_64.84, 8;
    %pushi/vec4 1, 0, 1;
    %and;
T_64.84;
    %assign/vec4 v0x818e98280_0, 0;
    %load/vec4 v0x818e9bac0_0;
    %parti/s 7, 0, 2;
    %cmpi/e 11, 0, 7;
    %flag_get/vec4 4;
    %jmp/0 T_64.89, 4;
    %load/vec4 v0x818e9bac0_0;
    %parti/s 7, 25, 6;
    %pushi/vec4 1, 0, 7;
    %cmp/e;
    %flag_get/vec4 4;
    %and;
T_64.89;
    %flag_set/vec4 9;
    %flag_get/vec4 9;
    %jmp/0 T_64.88, 9;
    %pushi/vec4 0, 0, 1;
    %and;
T_64.88;
    %flag_set/vec4 8;
    %flag_get/vec4 8;
    %jmp/0 T_64.87, 8;
    %pushi/vec4 1, 0, 1;
    %and;
T_64.87;
    %assign/vec4 v0x818e98dc0_0, 0;
    %load/vec4 v0x818e9bac0_0;
    %parti/s 7, 0, 2;
    %cmpi/e 11, 0, 7;
    %flag_get/vec4 4;
    %jmp/0 T_64.91, 4;
    %load/vec4 v0x818e9bac0_0;
    %parti/s 7, 25, 6;
    %pushi/vec4 3, 0, 7;
    %cmp/e;
    %flag_get/vec4 4;
    %and;
T_64.91;
    %flag_set/vec4 8;
    %flag_get/vec4 8;
    %jmp/0 T_64.90, 8;
    %pushi/vec4 0, 0, 1;
    %and;
T_64.90;
    %assign/vec4 v0x818e98820_0, 0;
    %load/vec4 v0x818e9bac0_0;
    %parti/s 7, 0, 2;
    %cmpi/e 11, 0, 7;
    %flag_get/vec4 4;
    %jmp/0 T_64.94, 4;
    %load/vec4 v0x818e9bac0_0;
    %parti/s 7, 25, 6;
    %pushi/vec4 5, 0, 7;
    %cmp/e;
    %flag_get/vec4 4;
    %and;
T_64.94;
    %flag_set/vec4 9;
    %flag_get/vec4 9;
    %jmp/0 T_64.93, 9;
    %pushi/vec4 0, 0, 1;
    %and;
T_64.93;
    %flag_set/vec4 8;
    %flag_get/vec4 8;
    %jmp/0 T_64.92, 8;
    %pushi/vec4 1, 0, 1;
    %and;
T_64.92;
    %assign/vec4 v0x818e99680_0, 0;
    %load/vec4 v0x818e99d60_0;
    %flag_set/vec4 8;
    %flag_get/vec4 8;
    %jmp/0 T_64.95, 8;
    %load/vec4 v0x818e9bac0_0;
    %parti/s 3, 12, 5;
    %cmpi/e 1, 0, 3;
    %flag_get/vec4 4;
    %jmp/0 T_64.96, 4;
    %load/vec4 v0x818e9bac0_0;
    %parti/s 7, 25, 6;
    %pushi/vec4 0, 0, 7;
    %cmp/e;
    %flag_get/vec4 4;
    %and;
T_64.96;
    %load/vec4 v0x818e9bac0_0;
    %parti/s 3, 12, 5;
    %cmpi/e 5, 0, 3;
    %flag_get/vec4 4;
    %jmp/0 T_64.97, 4;
    %load/vec4 v0x818e9bac0_0;
    %parti/s 7, 25, 6;
    %pushi/vec4 0, 0, 7;
    %cmp/e;
    %flag_get/vec4 4;
    %and;
T_64.97;
    %concat/vec4; draw_concat_vec4
    %load/vec4 v0x818e9bac0_0;
    %parti/s 3, 12, 5;
    %cmpi/e 5, 0, 3;
    %flag_get/vec4 4;
    %jmp/0 T_64.98, 4;
    %load/vec4 v0x818e9bac0_0;
    %parti/s 7, 25, 6;
    %pushi/vec4 32, 0, 7;
    %cmp/e;
    %flag_get/vec4 4;
    %and;
T_64.98;
    %concat/vec4; draw_concat_vec4
    %or/r;
    %and;
T_64.95;
    %assign/vec4 v0x818e9a4e0_0, 0;
    %load/vec4 v0x818e983c0_0;
    %flag_set/vec4 8;
    %flag_get/vec4 8;
    %jmp/1 T_64.99, 8;
    %load/vec4 v0x818e99d60_0;
    %flag_set/vec4 8;
    %flag_get/vec4 8;
    %jmp/0 T_64.100, 8;
    %load/vec4 v0x818e9bac0_0;
    %parti/s 3, 12, 5;
    %pushi/vec4 0, 0, 3;
    %cmp/e;
    %flag_get/vec4 4;
    %load/vec4 v0x818e9bac0_0;
    %parti/s 3, 12, 5;
    %pushi/vec4 2, 0, 3;
    %cmp/e;
    %flag_get/vec4 4;
    %concat/vec4; draw_concat_vec4
    %load/vec4 v0x818e9bac0_0;
    %parti/s 3, 12, 5;
    %pushi/vec4 3, 0, 3;
    %cmp/e;
    %flag_get/vec4 4;
    %concat/vec4; draw_concat_vec4
    %load/vec4 v0x818e9bac0_0;
    %parti/s 3, 12, 5;
    %pushi/vec4 4, 0, 3;
    %cmp/e;
    %flag_get/vec4 4;
    %concat/vec4; draw_concat_vec4
    %load/vec4 v0x818e9bac0_0;
    %parti/s 3, 12, 5;
    %pushi/vec4 6, 0, 3;
    %cmp/e;
    %flag_get/vec4 4;
    %concat/vec4; draw_concat_vec4
    %load/vec4 v0x818e9bac0_0;
    %parti/s 3, 12, 5;
    %pushi/vec4 7, 0, 3;
    %cmp/e;
    %flag_get/vec4 4;
    %concat/vec4; draw_concat_vec4
    %or/r;
    %and;
T_64.100;
    %or;
T_64.99;
    %assign/vec4 v0x818e99fe0_0, 0;
    %load/vec4 v0x818e99e00_0;
    %flag_set/vec4 8;
    %flag_get/vec4 8;
    %jmp/0 T_64.101, 8;
    %load/vec4 v0x818e9bac0_0;
    %parti/s 3, 12, 5;
    %cmpi/e 1, 0, 3;
    %flag_get/vec4 4;
    %jmp/0 T_64.102, 4;
    %load/vec4 v0x818e9bac0_0;
    %parti/s 7, 25, 6;
    %pushi/vec4 0, 0, 7;
    %cmp/e;
    %flag_get/vec4 4;
    %and;
T_64.102;
    %load/vec4 v0x818e9bac0_0;
    %parti/s 3, 12, 5;
    %cmpi/e 5, 0, 3;
    %flag_get/vec4 4;
    %jmp/0 T_64.103, 4;
    %load/vec4 v0x818e9bac0_0;
    %parti/s 7, 25, 6;
    %pushi/vec4 0, 0, 7;
    %cmp/e;
    %flag_get/vec4 4;
    %and;
T_64.103;
    %concat/vec4; draw_concat_vec4
    %load/vec4 v0x818e9bac0_0;
    %parti/s 3, 12, 5;
    %cmpi/e 5, 0, 3;
    %flag_get/vec4 4;
    %jmp/0 T_64.104, 4;
    %load/vec4 v0x818e9bac0_0;
    %parti/s 7, 25, 6;
    %pushi/vec4 32, 0, 7;
    %cmp/e;
    %flag_get/vec4 4;
    %and;
T_64.104;
    %concat/vec4; draw_concat_vec4
    %or/r;
    %and;
T_64.101;
    %assign/vec4 v0x818e9a440_0, 0;
    %pushi/vec4 0, 0, 1;
    %assign/vec4 v0x818e9a260_0, 0;
    %pushi/vec4 0, 0, 1;
    %assign/vec4 v0x818e99f40_0, 0;
    %pushi/vec4 1, 0, 1;
    %dup/vec4;
    %load/vec4 v0x818e98320_0;
    %cmp/u;
    %jmp/1 T_64.105, 6;
    %dup/vec4;
    %load/vec4 v0x818e986e0_0;
    %load/vec4 v0x818e97ca0_0;
    %concat/vec4; draw_concat_vec4
    %or/r;
    %cmp/u;
    %jmp/1 T_64.106, 6;
    %dup/vec4;
    %load/vec4 v0x818e983c0_0;
    %load/vec4 v0x818e9a080_0;
    %concat/vec4; draw_concat_vec4
    %load/vec4 v0x818e99d60_0;
    %concat/vec4; draw_concat_vec4
    %or/r;
    %cmp/u;
    %jmp/1 T_64.107, 6;
    %dup/vec4;
    %load/vec4 v0x818e99ea0_0;
    %cmp/u;
    %jmp/1 T_64.108, 6;
    %dup/vec4;
    %load/vec4 v0x818e9a3a0_0;
    %cmp/u;
    %jmp/1 T_64.109, 6;
    %pushi/vec4 1, 1, 32;
    %assign/vec4 v0x818e972a0_0, 0;
    %jmp T_64.111;
T_64.105 ;
    %load/vec4 v0x818e97340_0;
    %assign/vec4 v0x818e972a0_0, 0;
    %jmp T_64.111;
T_64.106 ;
    %load/vec4 v0x818e9bac0_0;
    %parti/s 20, 12, 5;
    %pad/u 32;
    %ix/load 4, 12, 0;
    %flag_set/imm 4, 0;
    %shiftl 4;
    %assign/vec4 v0x818e972a0_0, 0;
    %jmp T_64.111;
T_64.107 ;
    %load/vec4 v0x818e9bac0_0;
    %parti/s 12, 20, 6;
    %pad/s 32;
    %assign/vec4 v0x818e972a0_0, 0;
    %jmp T_64.111;
T_64.108 ;
    %load/vec4 v0x818e9bac0_0;
    %parti/s 1, 31, 6;
    %load/vec4 v0x818e9bac0_0;
    %parti/s 1, 7, 4;
    %concat/vec4; draw_concat_vec4
    %load/vec4 v0x818e9bac0_0;
    %parti/s 6, 25, 6;
    %concat/vec4; draw_concat_vec4
    %load/vec4 v0x818e9bac0_0;
    %parti/s 4, 8, 5;
    %concat/vec4; draw_concat_vec4
    %concati/vec4 0, 0, 1;
    %pad/s 32;
    %assign/vec4 v0x818e972a0_0, 0;
    %jmp T_64.111;
T_64.109 ;
    %load/vec4 v0x818e9bac0_0;
    %parti/s 7, 25, 6;
    %load/vec4 v0x818e9bac0_0;
    %parti/s 5, 7, 4;
    %concat/vec4; draw_concat_vec4
    %pad/s 32;
    %assign/vec4 v0x818e972a0_0, 0;
    %jmp T_64.111;
T_64.111 ;
    %pop/vec4 1;
T_64.17 ;
    %load/vec4 v0x818e9d860_0;
    %nor/r;
    %flag_set/vec4 8;
    %jmp/0xz  T_64.112, 8;
    %pushi/vec4 0, 0, 1;
    %assign/vec4 v0x818e99ea0_0, 0;
    %pushi/vec4 0, 0, 1;
    %assign/vec4 v0x818e99f40_0, 0;
    %pushi/vec4 0, 0, 1;
    %assign/vec4 v0x818e97d40_0, 0;
    %pushi/vec4 0, 0, 1;
    %assign/vec4 v0x818e980a0_0, 0;
    %pushi/vec4 0, 0, 1;
    %assign/vec4 v0x818e97f20_0, 0;
    %pushi/vec4 0, 0, 1;
    %assign/vec4 v0x818e97de0_0, 0;
    %pushi/vec4 0, 0, 1;
    %assign/vec4 v0x818e98000_0, 0;
    %pushi/vec4 0, 0, 1;
    %assign/vec4 v0x818e97e80_0, 0;
    %pushi/vec4 0, 0, 1;
    %assign/vec4 v0x818e97ac0_0, 0;
    %pushi/vec4 0, 0, 1;
    %assign/vec4 v0x818e990e0_0, 0;
    %pushi/vec4 0, 0, 1;
    %assign/vec4 v0x818e99180_0, 0;
    %pushi/vec4 0, 0, 1;
    %assign/vec4 v0x818e99900_0, 0;
    %pushi/vec4 0, 0, 1;
    %assign/vec4 v0x818e98960_0, 0;
    %pushi/vec4 0, 0, 1;
    %assign/vec4 v0x818e97c00_0, 0;
    %pushi/vec4 0, 0, 1;
    %assign/vec4 v0x818e97a20_0, 0;
    %pushi/vec4 0, 0, 1;
    %assign/vec4 v0x818e99540_0, 0;
    %pushi/vec4 0, 0, 1;
    %assign/vec4 v0x818e98f00_0, 0;
    %pushi/vec4 0, 0, 1;
    %assign/vec4 v0x818e99040_0, 0;
    %pushi/vec4 0, 0, 1;
    %assign/vec4 v0x818e99220_0, 0;
    %pushi/vec4 0, 0, 1;
    %assign/vec4 v0x818e99860_0, 0;
    %pushi/vec4 0, 0, 1;
    %assign/vec4 v0x818e99400_0, 0;
    %pushi/vec4 0, 0, 1;
    %assign/vec4 v0x818e992c0_0, 0;
    %pushi/vec4 0, 0, 1;
    %assign/vec4 v0x818e988c0_0, 0;
    %pushi/vec4 0, 0, 1;
    %assign/vec4 v0x818e97b60_0, 0;
    %pushi/vec4 0, 0, 1;
    %assign/vec4 v0x818e981e0_0, 0;
T_64.112 ;
    %jmp T_64;
    .thread T_64;
    .scope S_0x818e70d80;
T_65 ;
    %wait E_0x8191a3000;
    %pushi/vec4 0, 0, 32; draw_string_vec4
    %pushi/vec4 0, 0, 32; draw_string_vec4
    %concat/vec4; draw_string_vec4
    %pushi/vec4 0, 0, 32; draw_string_vec4
    %concat/vec4; draw_string_vec4
    %pushi/vec4 0, 0, 32; draw_string_vec4
    %concat/vec4; draw_string_vec4
    %store/vec4 v0x818e96620_0, 0, 128;
    %load/vec4 v0x818e96120_0;
    %cmpi/e 128, 0, 8;
    %jmp/0xz  T_65.0, 4;
    %pushi/vec4 0, 0, 32; draw_string_vec4
    %pushi/vec4 0, 0, 32; draw_string_vec4
    %concat/vec4; draw_string_vec4
    %pushi/vec4 0, 0, 32; draw_string_vec4
    %concat/vec4; draw_string_vec4
    %pushi/vec4 1953653104, 0, 32; draw_string_vec4
    %concat/vec4; draw_string_vec4
    %store/vec4 v0x818e96620_0, 0, 128;
T_65.0 ;
    %load/vec4 v0x818e96120_0;
    %cmpi/e 64, 0, 8;
    %jmp/0xz  T_65.2, 4;
    %pushi/vec4 0, 0, 32; draw_string_vec4
    %pushi/vec4 0, 0, 32; draw_string_vec4
    %concat/vec4; draw_string_vec4
    %pushi/vec4 102, 0, 32; draw_string_vec4
    %concat/vec4; draw_string_vec4
    %pushi/vec4 1702126440, 0, 32; draw_string_vec4
    %concat/vec4; draw_string_vec4
    %store/vec4 v0x818e96620_0, 0, 128;
T_65.2 ;
    %load/vec4 v0x818e96120_0;
    %cmpi/e 32, 0, 8;
    %jmp/0xz  T_65.4, 4;
    %pushi/vec4 0, 0, 32; draw_string_vec4
    %pushi/vec4 0, 0, 32; draw_string_vec4
    %concat/vec4; draw_string_vec4
    %pushi/vec4 27748, 0, 32; draw_string_vec4
    %concat/vec4; draw_string_vec4
    %pushi/vec4 1601336113, 0, 32; draw_string_vec4
    %concat/vec4; draw_string_vec4
    %store/vec4 v0x818e96620_0, 0, 128;
T_65.4 ;
    %load/vec4 v0x818e96120_0;
    %cmpi/e 16, 0, 8;
    %jmp/0xz  T_65.6, 4;
    %pushi/vec4 0, 0, 32; draw_string_vec4
    %pushi/vec4 0, 0, 32; draw_string_vec4
    %concat/vec4; draw_string_vec4
    %pushi/vec4 27748, 0, 32; draw_string_vec4
    %concat/vec4; draw_string_vec4
    %pushi/vec4 1601336114, 0, 32; draw_string_vec4
    %concat/vec4; draw_string_vec4
    %store/vec4 v0x818e96620_0, 0, 128;
T_65.6 ;
    %load/vec4 v0x818e96120_0;
    %cmpi/e 8, 0, 8;
    %jmp/0xz  T_65.8, 4;
    %pushi/vec4 0, 0, 32; draw_string_vec4
    %pushi/vec4 0, 0, 32; draw_string_vec4
    %concat/vec4; draw_string_vec4
    %pushi/vec4 0, 0, 32; draw_string_vec4
    %concat/vec4; draw_string_vec4
    %pushi/vec4 1702389091, 0, 32; draw_string_vec4
    %concat/vec4; draw_string_vec4
    %store/vec4 v0x818e96620_0, 0, 128;
T_65.8 ;
    %load/vec4 v0x818e96120_0;
    %cmpi/e 4, 0, 8;
    %jmp/0xz  T_65.10, 4;
    %pushi/vec4 0, 0, 32; draw_string_vec4
    %pushi/vec4 0, 0, 32; draw_string_vec4
    %concat/vec4; draw_string_vec4
    %pushi/vec4 115, 0, 32; draw_string_vec4
    %concat/vec4; draw_string_vec4
    %pushi/vec4 1751737972, 0, 32; draw_string_vec4
    %concat/vec4; draw_string_vec4
    %store/vec4 v0x818e96620_0, 0, 128;
T_65.10 ;
    %load/vec4 v0x818e96120_0;
    %cmpi/e 2, 0, 8;
    %jmp/0xz  T_65.12, 4;
    %pushi/vec4 0, 0, 32; draw_string_vec4
    %pushi/vec4 0, 0, 32; draw_string_vec4
    %concat/vec4; draw_string_vec4
    %pushi/vec4 115, 0, 32; draw_string_vec4
    %concat/vec4; draw_string_vec4
    %pushi/vec4 1953326445, 0, 32; draw_string_vec4
    %concat/vec4; draw_string_vec4
    %store/vec4 v0x818e96620_0, 0, 128;
T_65.12 ;
    %load/vec4 v0x818e96120_0;
    %cmpi/e 1, 0, 8;
    %jmp/0xz  T_65.14, 4;
    %pushi/vec4 0, 0, 32; draw_string_vec4
    %pushi/vec4 0, 0, 32; draw_string_vec4
    %concat/vec4; draw_string_vec4
    %pushi/vec4 108, 0, 32; draw_string_vec4
    %concat/vec4; draw_string_vec4
    %pushi/vec4 1684890989, 0, 32; draw_string_vec4
    %concat/vec4; draw_string_vec4
    %store/vec4 v0x818e96620_0, 0, 128;
T_65.14 ;
    %jmp T_65;
    .thread T_65, $push;
    .scope S_0x818e70d80;
T_66 ;
    %wait E_0x8191a2fc0;
    %pushi/vec4 1, 1, 1;
    %store/vec4 v0x818e95540_0, 0, 1;
    %pushi/vec4 1, 0, 1;
    %dup/vec4;
    %load/vec4 v0x818e97d40_0;
    %cmp/u;
    %jmp/1 T_66.0, 6;
    %dup/vec4;
    %load/vec4 v0x818e980a0_0;
    %cmp/u;
    %jmp/1 T_66.1, 6;
    %dup/vec4;
    %load/vec4 v0x818e97de0_0;
    %cmp/u;
    %jmp/1 T_66.2, 6;
    %dup/vec4;
    %load/vec4 v0x818e97e80_0;
    %cmp/u;
    %jmp/1 T_66.3, 6;
    %dup/vec4;
    %load/vec4 v0x818e9a580_0;
    %flag_set/vec4 8;
    %flag_get/vec4 8;
    %jmp/0 T_66.7, 8;
    %pushi/vec4 1, 0, 1;
    %and;
T_66.7;
    %cmp/u;
    %jmp/1 T_66.4, 6;
    %dup/vec4;
    %load/vec4 v0x818e9a620_0;
    %flag_set/vec4 8;
    %flag_get/vec4 8;
    %jmp/0 T_66.8, 8;
    %pushi/vec4 1, 0, 1;
    %and;
T_66.8;
    %cmp/u;
    %jmp/1 T_66.5, 6;
    %jmp T_66.6;
T_66.0 ;
    %load/vec4 v0x818e952c0_0;
    %store/vec4 v0x818e95540_0, 0, 1;
    %jmp T_66.6;
T_66.1 ;
    %load/vec4 v0x818e952c0_0;
    %nor/r;
    %store/vec4 v0x818e95540_0, 0, 1;
    %jmp T_66.6;
T_66.2 ;
    %load/vec4 v0x818e95360_0;
    %nor/r;
    %store/vec4 v0x818e95540_0, 0, 1;
    %jmp T_66.6;
T_66.3 ;
    %load/vec4 v0x818e95400_0;
    %nor/r;
    %store/vec4 v0x818e95540_0, 0, 1;
    %jmp T_66.6;
T_66.4 ;
    %load/vec4 v0x818e95360_0;
    %store/vec4 v0x818e95540_0, 0, 1;
    %jmp T_66.6;
T_66.5 ;
    %load/vec4 v0x818e95400_0;
    %store/vec4 v0x818e95540_0, 0, 1;
    %jmp T_66.6;
T_66.6 ;
    %pop/vec4 1;
    %pushi/vec4 4294967295, 4294967295, 32;
    %store/vec4 v0x818e954a0_0, 0, 32;
    %pushi/vec4 1, 0, 1;
    %dup/vec4;
    %load/vec4 v0x818e9a260_0;
    %cmp/u;
    %jmp/1 T_66.9, 6;
    %dup/vec4;
    %load/vec4 v0x818e99f40_0;
    %cmp/u;
    %jmp/1 T_66.10, 6;
    %dup/vec4;
    %load/vec4 v0x818e99900_0;
    %flag_set/vec4 8;
    %flag_get/vec4 8;
    %jmp/1 T_66.17, 8;
    %load/vec4 v0x818e99860_0;
    %or;
T_66.17;
    %cmp/u;
    %jmp/1 T_66.11, 6;
    %dup/vec4;
    %load/vec4 v0x818e98960_0;
    %flag_set/vec4 8;
    %flag_get/vec4 8;
    %jmp/1 T_66.18, 8;
    %load/vec4 v0x818e988c0_0;
    %or;
T_66.18;
    %cmp/u;
    %jmp/1 T_66.12, 6;
    %dup/vec4;
    %load/vec4 v0x818e97c00_0;
    %flag_set/vec4 8;
    %flag_get/vec4 8;
    %jmp/1 T_66.19, 8;
    %load/vec4 v0x818e97b60_0;
    %or;
T_66.19;
    %cmp/u;
    %jmp/1 T_66.13, 6;
    %dup/vec4;
    %pushi/vec4 0, 0, 1;
    %cmp/u;
    %jmp/1 T_66.14, 6;
    %dup/vec4;
    %pushi/vec4 0, 0, 1;
    %cmp/u;
    %jmp/1 T_66.15, 6;
    %jmp T_66.16;
T_66.9 ;
    %load/vec4 v0x818e95220_0;
    %store/vec4 v0x818e954a0_0, 0, 32;
    %jmp T_66.16;
T_66.10 ;
    %load/vec4 v0x818e95540_0;
    %pad/u 32;
    %store/vec4 v0x818e954a0_0, 0, 32;
    %jmp T_66.16;
T_66.11 ;
    %load/vec4 v0x818e9d540_0;
    %load/vec4 v0x818e9d5e0_0;
    %xor;
    %store/vec4 v0x818e954a0_0, 0, 32;
    %jmp T_66.16;
T_66.12 ;
    %load/vec4 v0x818e9d540_0;
    %load/vec4 v0x818e9d5e0_0;
    %or;
    %store/vec4 v0x818e954a0_0, 0, 32;
    %jmp T_66.16;
T_66.13 ;
    %load/vec4 v0x818e9d540_0;
    %load/vec4 v0x818e9d5e0_0;
    %and;
    %store/vec4 v0x818e954a0_0, 0, 32;
    %jmp T_66.16;
T_66.14 ;
    %load/vec4 v0x818e95720_0;
    %store/vec4 v0x818e954a0_0, 0, 32;
    %jmp T_66.16;
T_66.15 ;
    %load/vec4 v0x818e957c0_0;
    %store/vec4 v0x818e954a0_0, 0, 32;
    %jmp T_66.16;
T_66.16 ;
    %pop/vec4 1;
    %jmp T_66;
    .thread T_66, $push;
    .scope S_0x818e70d80;
T_67 ;
    %wait E_0x8191a2ec0;
    %load/vec4 v0x818e95d60_0;
    %assign/vec4 v0x818e95e00_0, 0;
    %jmp T_67;
    .thread T_67;
    .scope S_0x818e70d80;
T_68 ;
    %wait E_0x8191a2f80;
    %load/vec4 v0x818e95e00_0;
    %store/vec4 v0x818e95d60_0, 0, 1;
    %load/vec4 v0x818e9d040_0;
    %nor/r;
    %flag_set/vec4 8;
    %jmp/0xz  T_68.0, 8;
    %pushi/vec4 0, 0, 1;
    %store/vec4 v0x818e95d60_0, 0, 1;
T_68.0 ;
    %load/vec4 v0x818e9a760_0;
    %flag_set/vec4 8;
    %jmp/1 T_68.5, 8;
    %load/vec4 v0x818e99cc0_0;
    %cmpi/ne 0, 0, 2;
    %flag_or 8, 4;
T_68.5;
    %jmp/1 T_68.4, 8;
    %load/vec4 v0x818e9d860_0;
    %nor/r;
    %flag_set/vec4 9;
    %flag_or 8, 9;
T_68.4;
    %jmp/0xz  T_68.2, 8;
    %pushi/vec4 0, 0, 1;
    %store/vec4 v0x818e95d60_0, 0, 1;
T_68.2 ;
    %jmp T_68;
    .thread T_68, $push;
    .scope S_0x818e70d80;
T_69 ;
    %wait E_0x8191a2f40;
    %pushi/vec4 0, 0, 1;
    %store/vec4 v0x818e96440_0, 0, 1;
    %pushi/vec4 4294967295, 4294967295, 32;
    %store/vec4 v0x818e963a0_0, 0, 32;
    %load/vec4 v0x818e96120_0;
    %cmpi/e 64, 0, 8;
    %jmp/0xz  T_69.0, 4;
    %pushi/vec4 1, 0, 1;
    %dup/vec4;
    %load/vec4 v0x818e9a760_0;
    %cmp/u;
    %jmp/1 T_69.2, 6;
    %dup/vec4;
    %load/vec4 v0x818e9abc0_0;
    %flag_set/vec4 8;
    %flag_get/vec4 8;
    %jmp/0 T_69.7, 8;
    %load/vec4 v0x818e9a760_0;
    %nor/r;
    %and;
T_69.7;
    %cmp/u;
    %jmp/1 T_69.3, 6;
    %dup/vec4;
    %pushi/vec4 0, 0, 1;
    %cmp/u;
    %jmp/1 T_69.4, 6;
    %dup/vec4;
    %pushi/vec4 0, 0, 1;
    %cmp/u;
    %jmp/1 T_69.5, 6;
    %jmp T_69.6;
T_69.2 ;
    %load/vec4 v0x818e9d720_0;
    %load/vec4 v0x818e9a800_0;
    %flag_set/vec4 8;
    %jmp/0 T_69.8, 8;
    %pushi/vec4 2, 0, 32;
    %jmp/1 T_69.9, 8;
T_69.8 ; End of true expr.
    %pushi/vec4 4, 0, 32;
    %jmp/0 T_69.9, 8;
 ; End of false expr.
    %blend;
T_69.9;
    %add;
    %store/vec4 v0x818e963a0_0, 0, 32;
    %pushi/vec4 1, 0, 1;
    %store/vec4 v0x818e96440_0, 0, 1;
    %jmp T_69.6;
T_69.3 ;
    %load/vec4 v0x818e9ab20_0;
    %flag_set/vec4 8;
    %jmp/0 T_69.10, 8;
    %load/vec4 v0x818e95680_0;
    %jmp/1 T_69.11, 8;
T_69.10 ; End of true expr.
    %load/vec4 v0x818e9d680_0;
    %jmp/0 T_69.11, 8;
 ; End of false expr.
    %blend;
T_69.11;
    %store/vec4 v0x818e963a0_0, 0, 32;
    %pushi/vec4 1, 0, 1;
    %store/vec4 v0x818e96440_0, 0, 1;
    %jmp T_69.6;
T_69.4 ;
    %load/vec4 v0x818e9d4a0_0;
    %load/vec4 v0x818e9a800_0;
    %pad/u 32;
    %or;
    %store/vec4 v0x818e963a0_0, 0, 32;
    %pushi/vec4 1, 0, 1;
    %store/vec4 v0x818e96440_0, 0, 1;
    %jmp T_69.6;
T_69.5 ;
    %load/vec4 v0x818e99c20_0;
    %load/vec4 v0x818e99b80_0;
    %inv;
    %and;
    %store/vec4 v0x818e963a0_0, 0, 32;
    %pushi/vec4 1, 0, 1;
    %store/vec4 v0x818e96440_0, 0, 1;
    %jmp T_69.6;
T_69.6 ;
    %pop/vec4 1;
T_69.0 ;
    %jmp T_69;
    .thread T_69, $push;
    .scope S_0x818e70d80;
T_70 ;
    %wait E_0x8191a2ec0;
    %load/vec4 v0x818e9d860_0;
    %flag_set/vec4 10;
    %flag_get/vec4 10;
    %jmp/0 T_70.3, 10;
    %load/vec4 v0x818e96440_0;
    %and;
T_70.3;
    %flag_set/vec4 9;
    %flag_get/vec4 9;
    %jmp/0 T_70.2, 9;
    %load/vec4 v0x818e9aa80_0;
    %pushi/vec4 0, 0, 5;
    %cmp/ne;
    %flag_get/vec4 4;
    %and;
T_70.2;
    %flag_set/vec4 8;
    %jmp/0xz  T_70.0, 8;
    %load/vec4 v0x818e963a0_0;
    %load/vec4 v0x818e9aa80_0;
    %pad/u 7;
    %ix/vec4 3;
    %ix/load 4, 0, 0; Constant delay
    %assign/vec4/a/d v0x818e961c0, 0, 4;
T_70.0 ;
    %jmp T_70;
    .thread T_70;
    .scope S_0x818e70d80;
T_71 ;
    %wait E_0x8191a2f00;
    %pushi/vec4 31, 31, 5;
    %store/vec4 v0x818e97480_0, 0, 5;
    %load/vec4 v0x818e97520_0;
    %cmpi/ne 0, 0, 5;
    %flag_mov 8, 4;
    %jmp/0 T_71.0, 8;
    %load/vec4 v0x818e97520_0;
    %pad/u 7;
    %ix/vec4 4;
    %load/vec4a v0x818e961c0, 4;
    %jmp/1 T_71.1, 8;
T_71.0 ; End of true expr.
    %pushi/vec4 0, 0, 32;
    %jmp/0 T_71.1, 8;
 ; End of false expr.
    %blend;
T_71.1;
    %store/vec4 v0x818e96260_0, 0, 32;
    %load/vec4 v0x818e975c0_0;
    %cmpi/ne 0, 0, 5;
    %flag_mov 8, 4;
    %jmp/0 T_71.2, 8;
    %load/vec4 v0x818e975c0_0;
    %pad/u 7;
    %ix/vec4 4;
    %load/vec4a v0x818e961c0, 4;
    %jmp/1 T_71.3, 8;
T_71.2 ; End of true expr.
    %pushi/vec4 0, 0, 32;
    %jmp/0 T_71.3, 8;
 ; End of false expr.
    %blend;
T_71.3;
    %store/vec4 v0x818e96300_0, 0, 32;
    %jmp T_71;
    .thread T_71, $push;
    .scope S_0x818e70d80;
T_72 ;
    %wait E_0x8191a2ec0;
    %pushi/vec4 0, 0, 1;
    %assign/vec4 v0x818e9dcc0_0, 0;
    %pushi/vec4 31, 31, 5;
    %assign/vec4 v0x818e9d7c0_0, 0;
    %pushi/vec4 4294967295, 4294967295, 32;
    %assign/vec4 v0x818e9d680_0, 0;
    %pushi/vec4 0, 0, 1;
    %store/vec4 v0x818e9d9a0_0, 0, 1;
    %pushi/vec4 0, 0, 1;
    %store/vec4 v0x818e9d900_0, 0, 1;
    %pushi/vec4 0, 0, 1;
    %store/vec4 v0x818e9da40_0, 0, 1;
    %load/vec4 v0x818e95540_0;
    %assign/vec4 v0x818e955e0_0, 0;
    %load/vec4 v0x818e954a0_0;
    %assign/vec4 v0x818e95680_0, 0;
    %pushi/vec4 0, 0, 1;
    %assign/vec4 v0x818e95860_0, 0;
    %pushi/vec4 0, 0, 1;
    %assign/vec4 v0x818e95900_0, 0;
    %load/vec4 v0x818e9ad00_0;
    %flag_set/vec4 8;
    %jmp/0xz  T_72.0, 8;
    %pushi/vec4 4294967295, 4294967295, 32;
    %assign/vec4 v0x818e96f80_0, 0;
    %pushi/vec4 4294967295, 4294967295, 32;
    %assign/vec4 v0x818e970c0_0, 0;
    %pushi/vec4 0, 0, 1;
    %assign/vec4 v0x818e97020_0, 0;
    %pushi/vec4 0, 0, 1;
    %assign/vec4 v0x818e97160_0, 0;
T_72.0 ;
    %pushi/vec4 4294967295, 4294967295, 32;
    %concati/vec4 4294967295, 4294967295, 32;
    %assign/vec4 v0x818e95fe0_0, 0;
    %pushi/vec4 4294967295, 4294967295, 32;
    %concati/vec4 4294967295, 4294967295, 32;
    %assign/vec4 v0x818e96080_0, 0;
    %pushi/vec4 4294967295, 4294967295, 32;
    %store/vec4 v0x818e9c1e0_0, 0, 32;
    %load/vec4 v0x818e9b020_0;
    %flag_set/vec4 8;
    %flag_get/vec4 8;
    %jmp/0 T_72.2, 8;
    %load/vec4 v0x818e9b160_0;
    %and;
T_72.2;
    %assign/vec4 v0x818e977a0_0, 0;
    %load/vec4 v0x818e977a0_0;
    %assign/vec4 v0x818e97840_0, 0;
    %pushi/vec4 0, 0, 1;
    %assign/vec4 v0x818e97660_0, 0;
    %load/vec4 v0x818e97660_0;
    %assign/vec4 v0x818e97700_0, 0;
    %pushi/vec4 0, 0, 1;
    %assign/vec4 v0x818e978e0_0, 0;
    %pushi/vec4 0, 0, 1;
    %assign/vec4 v0x818e9dc20_0, 0;
    %pushi/vec4 4294967295, 4294967295, 32;
    %concati/vec4 15, 15, 4;
    %assign/vec4 v0x818e9db80_0, 0;
    %load/vec4 v0x818e9d860_0;
    %nor/r;
    %flag_set/vec4 8;
    %jmp/0xz  T_72.3, 8;
    %pushi/vec4 0, 0, 32;
    %assign/vec4 v0x818e9d720_0, 0;
    %pushi/vec4 0, 0, 32;
    %assign/vec4 v0x818e9d4a0_0, 0;
    %pushi/vec4 0, 0, 1;
    %assign/vec4 v0x818e9abc0_0, 0;
    %pushi/vec4 0, 0, 1;
    %assign/vec4 v0x818e9ab20_0, 0;
    %pushi/vec4 0, 0, 1;
    %assign/vec4 v0x818e9a760_0, 0;
    %pushi/vec4 0, 0, 1;
    %assign/vec4 v0x818e9ac60_0, 0;
    %pushi/vec4 0, 0, 1;
    %assign/vec4 v0x818e9a9e0_0, 0;
    %pushi/vec4 0, 0, 1;
    %assign/vec4 v0x818e9a940_0, 0;
    %pushi/vec4 0, 0, 1;
    %assign/vec4 v0x818e9a8a0_0, 0;
    %pushi/vec4 0, 0, 1;
    %assign/vec4 v0x818e9ce60_0, 0;
    %pushi/vec4 0, 0, 1;
    %assign/vec4 v0x818e9cdc0_0, 0;
    %pushi/vec4 0, 0, 1;
    %assign/vec4 v0x818e99a40_0, 0;
    %pushi/vec4 0, 0, 1;
    %assign/vec4 v0x818e99ae0_0, 0;
    %pushi/vec4 4294967295, 0, 32;
    %assign/vec4 v0x818e99b80_0, 0;
    %pushi/vec4 0, 0, 32;
    %store/vec4 v0x818e9c1e0_0, 0, 32;
    %pushi/vec4 0, 0, 2;
    %assign/vec4 v0x818e99cc0_0, 0;
    %pushi/vec4 0, 0, 32;
    %assign/vec4 v0x818e97980_0, 0;
    %pushi/vec4 0, 0, 32;
    %assign/vec4 v0x818e9dae0_0, 0;
    %pushi/vec4 1, 0, 1;
    %assign/vec4 v0x818e9abc0_0, 0;
    %pushi/vec4 2, 0, 5;
    %assign/vec4 v0x818e9aa80_0, 0;
    %pushi/vec4 8176, 0, 32;
    %assign/vec4 v0x818e9d680_0, 0;
    %pushi/vec4 64, 0, 8;
    %assign/vec4 v0x818e96120_0, 0;
    %jmp T_72.4;
T_72.3 ;
    %load/vec4 v0x818e96120_0;
    %dup/vec4;
    %pushi/vec4 128, 0, 8;
    %cmp/u;
    %jmp/1 T_72.5, 6;
    %dup/vec4;
    %pushi/vec4 64, 0, 8;
    %cmp/u;
    %jmp/1 T_72.6, 6;
    %dup/vec4;
    %pushi/vec4 32, 0, 8;
    %cmp/u;
    %jmp/1 T_72.7, 6;
    %dup/vec4;
    %pushi/vec4 16, 0, 8;
    %cmp/u;
    %jmp/1 T_72.8, 6;
    %dup/vec4;
    %pushi/vec4 8, 0, 8;
    %cmp/u;
    %jmp/1 T_72.9, 6;
    %dup/vec4;
    %pushi/vec4 4, 0, 8;
    %cmp/u;
    %jmp/1 T_72.10, 6;
    %dup/vec4;
    %pushi/vec4 2, 0, 8;
    %cmp/u;
    %jmp/1 T_72.11, 6;
    %dup/vec4;
    %pushi/vec4 1, 0, 8;
    %cmp/u;
    %jmp/1 T_72.12, 6;
    %jmp T_72.13;
T_72.5 ;
    %pushi/vec4 1, 0, 1;
    %assign/vec4 v0x818e9dcc0_0, 0;
    %jmp T_72.13;
T_72.6 ;
    %load/vec4 v0x818e977a0_0;
    %nor/r;
    %flag_set/vec4 8;
    %flag_get/vec4 8;
    %jmp/0 T_72.14, 8;
    %load/vec4 v0x818e978e0_0;
    %nor/r;
    %and;
T_72.14;
    %assign/vec4 v0x818e9b020_0, 0;
    %pushi/vec4 0, 0, 2;
    %assign/vec4 v0x818e9be80_0, 0;
    %load/vec4 v0x818e9d4a0_0;
    %store/vec4 v0x818e964e0_0, 0, 32;
    %pushi/vec4 1, 0, 1;
    %dup/vec4;
    %load/vec4 v0x818e9a760_0;
    %cmp/u;
    %jmp/1 T_72.15, 6;
    %dup/vec4;
    %load/vec4 v0x818e9abc0_0;
    %flag_set/vec4 8;
    %flag_get/vec4 8;
    %jmp/0 T_72.20, 8;
    %load/vec4 v0x818e9a760_0;
    %nor/r;
    %and;
T_72.20;
    %cmp/u;
    %jmp/1 T_72.16, 6;
    %dup/vec4;
    %pushi/vec4 0, 0, 1;
    %cmp/u;
    %jmp/1 T_72.17, 6;
    %dup/vec4;
    %pushi/vec4 0, 0, 1;
    %cmp/u;
    %jmp/1 T_72.18, 6;
    %jmp T_72.19;
T_72.15 ;
    %load/vec4 v0x818e9abc0_0;
    %flag_set/vec4 8;
    %jmp/0 T_72.21, 8;
    %load/vec4 v0x818e9ab20_0;
    %flag_set/vec4 9;
    %jmp/0 T_72.23, 9;
    %load/vec4 v0x818e95680_0;
    %jmp/1 T_72.24, 9;
T_72.23 ; End of true expr.
    %load/vec4 v0x818e9d680_0;
    %jmp/0 T_72.24, 9;
 ; End of false expr.
    %blend;
T_72.24;
    %pushi/vec4 4294967294, 0, 32;
    %and;
    %jmp/1 T_72.22, 8;
T_72.21 ; End of true expr.
    %load/vec4 v0x818e9d4a0_0;
    %jmp/0 T_72.22, 8;
 ; End of false expr.
    %blend;
T_72.22;
    %store/vec4 v0x818e964e0_0, 0, 32;
    %jmp T_72.19;
T_72.16 ;
    %jmp T_72.19;
T_72.17 ;
    %pushi/vec4 16, 0, 32;
    %store/vec4 v0x818e964e0_0, 0, 32;
    %pushi/vec4 1, 0, 1;
    %assign/vec4 v0x818e99a40_0, 0;
    %pushi/vec4 1, 0, 1;
    %assign/vec4 v0x818e9b020_0, 0;
    %jmp T_72.19;
T_72.18 ;
    %load/vec4 v0x818e99c20_0;
    %load/vec4 v0x818e99b80_0;
    %inv;
    %and;
    %assign/vec4 v0x818e97980_0, 0;
    %load/vec4 v0x818e9c1e0_0;
    %load/vec4 v0x818e99b80_0;
    %and;
    %store/vec4 v0x818e9c1e0_0, 0, 32;
    %jmp T_72.19;
T_72.19 ;
    %pop/vec4 1;
    %load/vec4 v0x818e964e0_0;
    %assign/vec4 v0x818e9d720_0, 0;
    %load/vec4 v0x818e964e0_0;
    %assign/vec4 v0x818e9d4a0_0, 0;
    %pushi/vec4 0, 0, 1;
    %assign/vec4 v0x818e9abc0_0, 0;
    %pushi/vec4 0, 0, 1;
    %assign/vec4 v0x818e9ab20_0, 0;
    %pushi/vec4 0, 0, 1;
    %assign/vec4 v0x818e9a760_0, 0;
    %pushi/vec4 0, 0, 1;
    %assign/vec4 v0x818e9a9e0_0, 0;
    %pushi/vec4 0, 0, 1;
    %assign/vec4 v0x818e9a940_0, 0;
    %pushi/vec4 0, 0, 1;
    %assign/vec4 v0x818e9a8a0_0, 0;
    %load/vec4 v0x818e973e0_0;
    %assign/vec4 v0x818e9aa80_0, 0;
    %load/vec4 v0x818e95f40_0;
    %assign/vec4 v0x818e9a800_0, 0;
    %load/vec4 v0x818e977a0_0;
    %flag_set/vec4 8;
    %jmp/0xz  T_72.25, 8;
    %load/vec4 v0x818e99a40_0;
    %assign/vec4 v0x818e99ae0_0, 0;
    %load/vec4 v0x818e964e0_0;
    %load/vec4 v0x818e95f40_0;
    %flag_set/vec4 8;
    %jmp/0 T_72.27, 8;
    %pushi/vec4 2, 0, 32;
    %jmp/1 T_72.28, 8;
T_72.27 ; End of true expr.
    %pushi/vec4 4, 0, 32;
    %jmp/0 T_72.28, 8;
 ; End of false expr.
    %blend;
T_72.28;
    %add;
    %assign/vec4 v0x818e9d4a0_0, 0;
    %load/vec4 v0x818e98320_0;
    %flag_set/vec4 8;
    %jmp/0xz  T_72.29, 8;
    %pushi/vec4 1, 0, 1;
    %assign/vec4 v0x818e9b020_0, 0;
    %load/vec4 v0x818e964e0_0;
    %load/vec4 v0x818e97340_0;
    %add;
    %assign/vec4 v0x818e9d4a0_0, 0;
    %pushi/vec4 1, 0, 1;
    %assign/vec4 v0x818e9a760_0, 0;
    %jmp T_72.30;
T_72.29 ;
    %pushi/vec4 0, 0, 1;
    %assign/vec4 v0x818e9b020_0, 0;
    %load/vec4 v0x818e983c0_0;
    %nor/r;
    %flag_set/vec4 8;
    %flag_get/vec4 8;
    %jmp/0 T_72.31, 8;
    %load/vec4 v0x818e98c80_0;
    %nor/r;
    %and;
T_72.31;
    %assign/vec4 v0x818e9aee0_0, 0;
    %pushi/vec4 32, 0, 8;
    %assign/vec4 v0x818e96120_0, 0;
T_72.30 ;
T_72.25 ;
    %jmp T_72.13;
T_72.7 ;
    %pushi/vec4 4294967295, 4294967295, 32;
    %assign/vec4 v0x818e9d540_0, 0;
    %pushi/vec4 4294967295, 4294967295, 32;
    %assign/vec4 v0x818e9d5e0_0, 0;
    %pushi/vec4 1, 0, 1;
    %dup/vec4;
    %pushi/vec4 1, 0, 1;
    %flag_set/vec4 8;
    %flag_get/vec4 8;
    %jmp/0 T_72.46, 8;
    %load/vec4 v0x818e99720_0;
    %and;
T_72.46;
    %cmp/u;
    %jmp/1 T_72.32, 6;
    %dup/vec4;
    %pushi/vec4 0, 0, 1;
    %cmp/u;
    %jmp/1 T_72.33, 6;
    %dup/vec4;
    %load/vec4 v0x818e9a1c0_0;
    %cmp/u;
    %jmp/1 T_72.34, 6;
    %dup/vec4;
    %pushi/vec4 0, 0, 1;
    %cmp/u;
    %jmp/1 T_72.35, 6;
    %dup/vec4;
    %pushi/vec4 0, 0, 1;
    %cmp/u;
    %jmp/1 T_72.36, 6;
    %dup/vec4;
    %pushi/vec4 0, 0, 1;
    %cmp/u;
    %jmp/1 T_72.37, 6;
    %dup/vec4;
    %pushi/vec4 0, 0, 1;
    %cmp/u;
    %jmp/1 T_72.38, 6;
    %dup/vec4;
    %pushi/vec4 0, 0, 1;
    %cmp/u;
    %jmp/1 T_72.39, 6;
    %dup/vec4;
    %load/vec4 v0x818e9a080_0;
    %flag_set/vec4 8;
    %flag_get/vec4 8;
    %jmp/0 T_72.47, 8;
    %load/vec4 v0x818e99720_0;
    %nor/r;
    %and;
T_72.47;
    %cmp/u;
    %jmp/1 T_72.40, 6;
    %dup/vec4;
    %load/vec4 v0x818e9a4e0_0;
    %flag_set/vec4 8;
    %flag_get/vec4 8;
    %jmp/0 T_72.48, 8;
    %pushi/vec4 1, 0, 1;
    %and;
T_72.48;
    %cmp/u;
    %jmp/1 T_72.41, 6;
    %dup/vec4;
    %load/vec4 v0x818e99fe0_0;
    %cmp/u;
    %jmp/1 T_72.42, 6;
    %dup/vec4;
    %load/vec4 v0x818e9a4e0_0;
    %flag_set/vec4 8;
    %flag_get/vec4 8;
    %jmp/0 T_72.49, 8;
    %pushi/vec4 0, 0, 1;
    %and;
T_72.49;
    %cmp/u;
    %jmp/1 T_72.43, 6;
    %load/vec4 v0x818e96260_0;
    %assign/vec4 v0x818e9d540_0, 0;
    %load/vec4 v0x818e96260_0;
    %assign/vec4 v0x818e96f80_0, 0;
    %pushi/vec4 1, 0, 1;
    %assign/vec4 v0x818e97020_0, 0;
    %load/vec4 v0x818e96300_0;
    %pad/u 5;
    %assign/vec4 v0x818e9d7c0_0, 0;
    %load/vec4 v0x818e96300_0;
    %assign/vec4 v0x818e9d5e0_0, 0;
    %load/vec4 v0x818e96300_0;
    %assign/vec4 v0x818e970c0_0, 0;
    %pushi/vec4 1, 0, 1;
    %assign/vec4 v0x818e97160_0, 0;
    %pushi/vec4 1, 0, 1;
    %dup/vec4;
    %load/vec4 v0x818e9a3a0_0;
    %cmp/u;
    %jmp/1 T_72.50, 6;
    %dup/vec4;
    %load/vec4 v0x818e9a440_0;
    %flag_set/vec4 8;
    %flag_get/vec4 8;
    %jmp/0 T_72.54, 8;
    %pushi/vec4 1, 0, 1;
    %and;
T_72.54;
    %cmp/u;
    %jmp/1 T_72.51, 6;
    %load/vec4 v0x818e9aee0_0;
    %assign/vec4 v0x818e9b020_0, 0;
    %pushi/vec4 8, 0, 8;
    %assign/vec4 v0x818e96120_0, 0;
    %jmp T_72.53;
T_72.50 ;
    %pushi/vec4 2, 0, 8;
    %assign/vec4 v0x818e96120_0, 0;
    %pushi/vec4 1, 0, 1;
    %assign/vec4 v0x818e9b020_0, 0;
    %jmp T_72.53;
T_72.51 ;
    %pushi/vec4 4, 0, 8;
    %assign/vec4 v0x818e96120_0, 0;
    %jmp T_72.53;
T_72.53 ;
    %pop/vec4 1;
    %jmp T_72.45;
T_72.32 ;
    %pushi/vec4 128, 0, 8;
    %assign/vec4 v0x818e96120_0, 0;
    %jmp T_72.45;
T_72.33 ;
    %pushi/vec4 1, 0, 1;
    %dup/vec4;
    %load/vec4 v0x818e98a00_0;
    %cmp/u;
    %jmp/1 T_72.55, 6;
    %dup/vec4;
    %load/vec4 v0x818e98aa0_0;
    %flag_set/vec4 8;
    %flag_get/vec4 8;
    %jmp/0 T_72.60, 8;
    %pushi/vec4 0, 0, 1;
    %and;
T_72.60;
    %cmp/u;
    %jmp/1 T_72.56, 6;
    %dup/vec4;
    %load/vec4 v0x818e98b40_0;
    %cmp/u;
    %jmp/1 T_72.57, 6;
    %dup/vec4;
    %load/vec4 v0x818e98be0_0;
    %flag_set/vec4 8;
    %flag_get/vec4 8;
    %jmp/0 T_72.61, 8;
    %pushi/vec4 0, 0, 1;
    %and;
T_72.61;
    %cmp/u;
    %jmp/1 T_72.58, 6;
    %jmp T_72.59;
T_72.55 ;
    %load/vec4 v0x818e95fe0_0;
    %parti/s 32, 0, 2;
    %assign/vec4 v0x818e9d680_0, 0;
    %jmp T_72.59;
T_72.56 ;
    %load/vec4 v0x818e95fe0_0;
    %parti/s 32, 32, 7;
    %assign/vec4 v0x818e9d680_0, 0;
    %jmp T_72.59;
T_72.57 ;
    %load/vec4 v0x818e96080_0;
    %parti/s 32, 0, 2;
    %assign/vec4 v0x818e9d680_0, 0;
    %jmp T_72.59;
T_72.58 ;
    %load/vec4 v0x818e96080_0;
    %parti/s 32, 32, 7;
    %assign/vec4 v0x818e9d680_0, 0;
    %jmp T_72.59;
T_72.59 ;
    %pop/vec4 1;
    %pushi/vec4 1, 0, 1;
    %assign/vec4 v0x818e9abc0_0, 0;
    %pushi/vec4 64, 0, 8;
    %assign/vec4 v0x818e96120_0, 0;
    %jmp T_72.45;
T_72.34 ;
    %load/vec4 v0x818e986e0_0;
    %flag_set/vec4 8;
    %jmp/0 T_72.62, 8;
    %pushi/vec4 0, 0, 32;
    %jmp/1 T_72.63, 8;
T_72.62 ; End of true expr.
    %load/vec4 v0x818e9d720_0;
    %jmp/0 T_72.63, 8;
 ; End of false expr.
    %blend;
T_72.63;
    %assign/vec4 v0x818e9d540_0, 0;
    %load/vec4 v0x818e972a0_0;
    %assign/vec4 v0x818e9d5e0_0, 0;
    %load/vec4 v0x818e9aee0_0;
    %assign/vec4 v0x818e9b020_0, 0;
    %pushi/vec4 8, 0, 8;
    %assign/vec4 v0x818e96120_0, 0;
    %jmp T_72.45;
T_72.35 ;
    %load/vec4 v0x818e96260_0;
    %assign/vec4 v0x818e9d680_0, 0;
    %load/vec4 v0x818e96260_0;
    %assign/vec4 v0x818e96f80_0, 0;
    %pushi/vec4 1, 0, 1;
    %assign/vec4 v0x818e97020_0, 0;
    %pushi/vec4 1, 0, 1;
    %assign/vec4 v0x818e9abc0_0, 0;
    %pushi/vec4 64, 0, 8;
    %assign/vec4 v0x818e96120_0, 0;
    %jmp T_72.45;
T_72.36 ;
    %load/vec4 v0x818e96260_0;
    %assign/vec4 v0x818e9d680_0, 0;
    %load/vec4 v0x818e96260_0;
    %assign/vec4 v0x818e96f80_0, 0;
    %pushi/vec4 1, 0, 1;
    %assign/vec4 v0x818e97020_0, 0;
    %load/vec4 v0x818e9aa80_0;
    %pad/u 32;
    %pushi/vec4 32, 0, 32;
    %or;
    %pad/u 5;
    %assign/vec4 v0x818e9aa80_0, 0;
    %pushi/vec4 1, 0, 1;
    %assign/vec4 v0x818e9abc0_0, 0;
    %pushi/vec4 64, 0, 8;
    %assign/vec4 v0x818e96120_0, 0;
    %jmp T_72.45;
T_72.37 ;
    %pushi/vec4 0, 0, 32;
    %assign/vec4 v0x818e97980_0, 0;
    %pushi/vec4 0, 0, 1;
    %assign/vec4 v0x818e99a40_0, 0;
    %pushi/vec4 1, 0, 1;
    %assign/vec4 v0x818e9a760_0, 0;
    %pushi/vec4 1, 0, 1;
    %assign/vec4 v0x818e9abc0_0, 0;
    %load/vec4 v0x818e96260_0;
    %pushi/vec4 4294967294, 0, 32;
    %and;
    %assign/vec4 v0x818e9d680_0, 0;
    %load/vec4 v0x818e96260_0;
    %assign/vec4 v0x818e96f80_0, 0;
    %pushi/vec4 1, 0, 1;
    %assign/vec4 v0x818e97020_0, 0;
    %pushi/vec4 64, 0, 8;
    %assign/vec4 v0x818e96120_0, 0;
    %jmp T_72.45;
T_72.38 ;
    %pushi/vec4 1, 0, 1;
    %assign/vec4 v0x818e9abc0_0, 0;
    %load/vec4 v0x818e99b80_0;
    %assign/vec4 v0x818e9d680_0, 0;
    %load/vec4 v0x818e96260_0;
    %pushi/vec4 0, 0, 32;
    %or;
    %assign/vec4 v0x818e99b80_0, 0;
    %load/vec4 v0x818e96260_0;
    %assign/vec4 v0x818e96f80_0, 0;
    %pushi/vec4 1, 0, 1;
    %assign/vec4 v0x818e97020_0, 0;
    %pushi/vec4 64, 0, 8;
    %assign/vec4 v0x818e96120_0, 0;
    %jmp T_72.45;
T_72.39 ;
    %pushi/vec4 1, 0, 1;
    %assign/vec4 v0x818e9abc0_0, 0;
    %load/vec4 v0x818e9dae0_0;
    %assign/vec4 v0x818e9d680_0, 0;
    %load/vec4 v0x818e96260_0;
    %assign/vec4 v0x818e9dae0_0, 0;
    %load/vec4 v0x818e96260_0;
    %assign/vec4 v0x818e96f80_0, 0;
    %pushi/vec4 1, 0, 1;
    %assign/vec4 v0x818e97020_0, 0;
    %pushi/vec4 64, 0, 8;
    %assign/vec4 v0x818e96120_0, 0;
    %jmp T_72.45;
T_72.40 ;
    %load/vec4 v0x818e96260_0;
    %assign/vec4 v0x818e9d540_0, 0;
    %load/vec4 v0x818e96260_0;
    %assign/vec4 v0x818e96f80_0, 0;
    %pushi/vec4 1, 0, 1;
    %assign/vec4 v0x818e97020_0, 0;
    %pushi/vec4 1, 0, 8;
    %assign/vec4 v0x818e96120_0, 0;
    %pushi/vec4 1, 0, 1;
    %assign/vec4 v0x818e9b020_0, 0;
    %jmp T_72.45;
T_72.41 ;
    %load/vec4 v0x818e96260_0;
    %assign/vec4 v0x818e9d540_0, 0;
    %load/vec4 v0x818e96260_0;
    %assign/vec4 v0x818e96f80_0, 0;
    %pushi/vec4 1, 0, 1;
    %assign/vec4 v0x818e97020_0, 0;
    %load/vec4 v0x818e975c0_0;
    %assign/vec4 v0x818e9d7c0_0, 0;
    %pushi/vec4 4, 0, 8;
    %assign/vec4 v0x818e96120_0, 0;
    %jmp T_72.45;
T_72.42 ;
    %load/vec4 v0x818e96260_0;
    %assign/vec4 v0x818e9d540_0, 0;
    %load/vec4 v0x818e96260_0;
    %assign/vec4 v0x818e96f80_0, 0;
    %pushi/vec4 1, 0, 1;
    %assign/vec4 v0x818e97020_0, 0;
    %load/vec4 v0x818e9a4e0_0;
    %flag_set/vec4 9;
    %flag_get/vec4 9;
    %jmp/0 T_72.66, 9;
    %pushi/vec4 0, 0, 1;
    %and;
T_72.66;
    %flag_set/vec4 8;
    %jmp/0 T_72.64, 8;
    %load/vec4 v0x818e975c0_0;
    %pad/u 32;
    %jmp/1 T_72.65, 8;
T_72.64 ; End of true expr.
    %load/vec4 v0x818e972a0_0;
    %jmp/0 T_72.65, 8;
 ; End of false expr.
    %blend;
T_72.65;
    %assign/vec4 v0x818e9d5e0_0, 0;
    %load/vec4 v0x818e9aee0_0;
    %assign/vec4 v0x818e9b020_0, 0;
    %pushi/vec4 8, 0, 8;
    %assign/vec4 v0x818e96120_0, 0;
    %jmp T_72.45;
T_72.43 ;
    %load/vec4 v0x818e96260_0;
    %assign/vec4 v0x818e9d540_0, 0;
    %load/vec4 v0x818e96260_0;
    %assign/vec4 v0x818e96f80_0, 0;
    %pushi/vec4 1, 0, 1;
    %assign/vec4 v0x818e97020_0, 0;
    %load/vec4 v0x818e9a4e0_0;
    %flag_set/vec4 9;
    %flag_get/vec4 9;
    %jmp/0 T_72.69, 9;
    %pushi/vec4 0, 0, 1;
    %and;
T_72.69;
    %flag_set/vec4 8;
    %jmp/0 T_72.67, 8;
    %load/vec4 v0x818e975c0_0;
    %pad/u 32;
    %jmp/1 T_72.68, 8;
T_72.67 ; End of true expr.
    %load/vec4 v0x818e972a0_0;
    %jmp/0 T_72.68, 8;
 ; End of false expr.
    %blend;
T_72.68;
    %assign/vec4 v0x818e9d5e0_0, 0;
    %load/vec4 v0x818e9aee0_0;
    %assign/vec4 v0x818e9b020_0, 0;
    %pushi/vec4 8, 0, 8;
    %assign/vec4 v0x818e96120_0, 0;
    %jmp T_72.45;
T_72.45 ;
    %pop/vec4 1;
    %jmp T_72.13;
T_72.8 ;
    %load/vec4 v0x818e96300_0;
    %pad/u 5;
    %assign/vec4 v0x818e9d7c0_0, 0;
    %load/vec4 v0x818e96300_0;
    %assign/vec4 v0x818e9d5e0_0, 0;
    %load/vec4 v0x818e96300_0;
    %assign/vec4 v0x818e970c0_0, 0;
    %pushi/vec4 1, 0, 1;
    %assign/vec4 v0x818e97160_0, 0;
    %pushi/vec4 1, 0, 1;
    %dup/vec4;
    %pushi/vec4 0, 0, 1;
    %cmp/u;
    %jmp/1 T_72.70, 6;
    %dup/vec4;
    %load/vec4 v0x818e9a3a0_0;
    %cmp/u;
    %jmp/1 T_72.71, 6;
    %dup/vec4;
    %load/vec4 v0x818e9a440_0;
    %flag_set/vec4 8;
    %flag_get/vec4 8;
    %jmp/0 T_72.75, 8;
    %pushi/vec4 1, 0, 1;
    %and;
T_72.75;
    %cmp/u;
    %jmp/1 T_72.72, 6;
    %load/vec4 v0x818e9aee0_0;
    %assign/vec4 v0x818e9b020_0, 0;
    %pushi/vec4 8, 0, 8;
    %assign/vec4 v0x818e96120_0, 0;
    %jmp T_72.74;
T_72.70 ;
    %pushi/vec4 1, 0, 1;
    %assign/vec4 v0x818e9ce60_0, 0;
    %load/vec4 v0x818e9c6e0_0;
    %flag_set/vec4 8;
    %jmp/0xz  T_72.76, 8;
    %pushi/vec4 1, 0, 1;
    %assign/vec4 v0x818e9b020_0, 0;
    %pushi/vec4 0, 0, 1;
    %assign/vec4 v0x818e9ce60_0, 0;
    %load/vec4 v0x818e9c640_0;
    %assign/vec4 v0x818e9d680_0, 0;
    %load/vec4 v0x818e9c820_0;
    %assign/vec4 v0x818e9abc0_0, 0;
    %pushi/vec4 64, 0, 8;
    %assign/vec4 v0x818e96120_0, 0;
    %jmp T_72.77;
T_72.76 ;
    %pushi/vec4 1, 0, 1;
    %flag_set/vec4 9;
    %flag_get/vec4 9;
    %jmp/0 T_72.80, 9;
    %load/vec4 v0x818e9cdc0_0;
    %flag_set/vec4 9;
    %flag_get/vec4 9;
    %jmp/1 T_72.81, 9;
    %load/vec4 v0x818e98140_0;
    %or;
T_72.81;
    %and;
T_72.80;
    %flag_set/vec4 8;
    %jmp/0xz  T_72.78, 8;
    %pushi/vec4 0, 0, 1;
    %assign/vec4 v0x818e9ce60_0, 0;
    %pushi/vec4 128, 0, 8;
    %assign/vec4 v0x818e96120_0, 0;
T_72.78 ;
T_72.77 ;
    %jmp T_72.74;
T_72.71 ;
    %pushi/vec4 2, 0, 8;
    %assign/vec4 v0x818e96120_0, 0;
    %pushi/vec4 1, 0, 1;
    %assign/vec4 v0x818e9b020_0, 0;
    %jmp T_72.74;
T_72.72 ;
    %pushi/vec4 4, 0, 8;
    %assign/vec4 v0x818e96120_0, 0;
    %jmp T_72.74;
T_72.74 ;
    %pop/vec4 1;
    %jmp T_72.13;
T_72.9 ;
    %load/vec4 v0x818e9d720_0;
    %load/vec4 v0x818e972a0_0;
    %add;
    %assign/vec4 v0x818e9d680_0, 0;
    %load/vec4 v0x818e99ea0_0;
    %flag_set/vec4 8;
    %jmp/0xz  T_72.82, 8;
    %pushi/vec4 0, 0, 5;
    %assign/vec4 v0x818e9aa80_0, 0;
    %load/vec4 v0x818e95540_0;
    %assign/vec4 v0x818e9abc0_0, 0;
    %load/vec4 v0x818e95540_0;
    %assign/vec4 v0x818e9a760_0, 0;
    %load/vec4 v0x818e9b160_0;
    %flag_set/vec4 8;
    %jmp/0xz  T_72.84, 8;
    %pushi/vec4 64, 0, 8;
    %assign/vec4 v0x818e96120_0, 0;
T_72.84 ;
    %load/vec4 v0x818e95540_0;
    %flag_set/vec4 8;
    %jmp/0xz  T_72.86, 8;
    %pushi/vec4 0, 0, 1;
    %assign/vec4 v0x818e977a0_0, 0;
    %pushi/vec4 1, 0, 1;
    %store/vec4 v0x818e9d9a0_0, 0, 1;
T_72.86 ;
    %jmp T_72.83;
T_72.82 ;
    %load/vec4 v0x818e983c0_0;
    %assign/vec4 v0x818e9a760_0, 0;
    %pushi/vec4 1, 0, 1;
    %assign/vec4 v0x818e9abc0_0, 0;
    %pushi/vec4 1, 0, 1;
    %assign/vec4 v0x818e9ab20_0, 0;
    %pushi/vec4 64, 0, 8;
    %assign/vec4 v0x818e96120_0, 0;
T_72.83 ;
    %jmp T_72.13;
T_72.10 ;
    %pushi/vec4 1, 0, 1;
    %assign/vec4 v0x818e9abc0_0, 0;
    %load/vec4 v0x818e9d7c0_0;
    %pad/u 32;
    %cmpi/e 0, 0, 32;
    %jmp/0xz  T_72.88, 4;
    %load/vec4 v0x818e9d540_0;
    %assign/vec4 v0x818e9d680_0, 0;
    %load/vec4 v0x818e9aee0_0;
    %assign/vec4 v0x818e9b020_0, 0;
    %pushi/vec4 64, 0, 8;
    %assign/vec4 v0x818e96120_0, 0;
    %jmp T_72.89;
T_72.88 ;
    %pushi/vec4 1, 0, 1;
    %flag_set/vec4 9;
    %flag_get/vec4 9;
    %jmp/0 T_72.92, 9;
    %pushi/vec4 4, 0, 32;
    %load/vec4 v0x818e9d7c0_0;
    %pad/u 32;
    %cmp/u;
    %flag_get/vec4 4;
    %flag_get/vec4 5;
    %or;
    %and;
T_72.92;
    %flag_set/vec4 8;
    %jmp/0xz  T_72.90, 8;
    %pushi/vec4 1, 0, 1;
    %dup/vec4;
    %load/vec4 v0x818e98fa0_0;
    %flag_set/vec4 8;
    %flag_get/vec4 8;
    %jmp/1 T_72.97, 8;
    %load/vec4 v0x818e98f00_0;
    %or;
T_72.97;
    %cmp/u;
    %jmp/1 T_72.93, 6;
    %dup/vec4;
    %load/vec4 v0x818e994a0_0;
    %flag_set/vec4 8;
    %flag_get/vec4 8;
    %jmp/1 T_72.98, 8;
    %load/vec4 v0x818e99400_0;
    %or;
T_72.98;
    %cmp/u;
    %jmp/1 T_72.94, 6;
    %dup/vec4;
    %load/vec4 v0x818e99360_0;
    %flag_set/vec4 8;
    %flag_get/vec4 8;
    %jmp/1 T_72.99, 8;
    %load/vec4 v0x818e992c0_0;
    %or;
T_72.99;
    %cmp/u;
    %jmp/1 T_72.95, 6;
    %jmp T_72.96;
T_72.93 ;
    %load/vec4 v0x818e9d540_0;
    %ix/load 4, 4, 0;
    %flag_set/imm 4, 0;
    %shiftl 4;
    %assign/vec4 v0x818e9d540_0, 0;
    %jmp T_72.96;
T_72.94 ;
    %load/vec4 v0x818e9d540_0;
    %ix/load 4, 4, 0;
    %flag_set/imm 4, 0;
    %shiftr 4;
    %assign/vec4 v0x818e9d540_0, 0;
    %jmp T_72.96;
T_72.95 ;
    %load/vec4 v0x818e9d540_0;
    %ix/load 4, 4, 0;
    %flag_set/imm 4, 0;
    %shiftr/s 4;
    %assign/vec4 v0x818e9d540_0, 0;
    %jmp T_72.96;
T_72.96 ;
    %pop/vec4 1;
    %load/vec4 v0x818e9d7c0_0;
    %subi 4, 0, 5;
    %assign/vec4 v0x818e9d7c0_0, 0;
    %jmp T_72.91;
T_72.90 ;
    %pushi/vec4 1, 0, 1;
    %dup/vec4;
    %load/vec4 v0x818e98fa0_0;
    %flag_set/vec4 8;
    %flag_get/vec4 8;
    %jmp/1 T_72.104, 8;
    %load/vec4 v0x818e98f00_0;
    %or;
T_72.104;
    %cmp/u;
    %jmp/1 T_72.100, 6;
    %dup/vec4;
    %load/vec4 v0x818e994a0_0;
    %flag_set/vec4 8;
    %flag_get/vec4 8;
    %jmp/1 T_72.105, 8;
    %load/vec4 v0x818e99400_0;
    %or;
T_72.105;
    %cmp/u;
    %jmp/1 T_72.101, 6;
    %dup/vec4;
    %load/vec4 v0x818e99360_0;
    %flag_set/vec4 8;
    %flag_get/vec4 8;
    %jmp/1 T_72.106, 8;
    %load/vec4 v0x818e992c0_0;
    %or;
T_72.106;
    %cmp/u;
    %jmp/1 T_72.102, 6;
    %jmp T_72.103;
T_72.100 ;
    %load/vec4 v0x818e9d540_0;
    %ix/load 4, 1, 0;
    %flag_set/imm 4, 0;
    %shiftl 4;
    %assign/vec4 v0x818e9d540_0, 0;
    %jmp T_72.103;
T_72.101 ;
    %load/vec4 v0x818e9d540_0;
    %ix/load 4, 1, 0;
    %flag_set/imm 4, 0;
    %shiftr 4;
    %assign/vec4 v0x818e9d540_0, 0;
    %jmp T_72.103;
T_72.102 ;
    %load/vec4 v0x818e9d540_0;
    %ix/load 4, 1, 0;
    %flag_set/imm 4, 0;
    %shiftr/s 4;
    %assign/vec4 v0x818e9d540_0, 0;
    %jmp T_72.103;
T_72.103 ;
    %pop/vec4 1;
    %load/vec4 v0x818e9d7c0_0;
    %subi 1, 0, 5;
    %assign/vec4 v0x818e9d7c0_0, 0;
T_72.91 ;
T_72.89 ;
    %jmp T_72.13;
T_72.11 ;
    %load/vec4 v0x818e9aee0_0;
    %nor/r;
    %flag_set/vec4 8;
    %jmp/1 T_72.109, 8;
    %load/vec4 v0x818e9b160_0;
    %flag_set/vec4 9;
    %flag_or 8, 9;
T_72.109;
    %jmp/0xz  T_72.107, 8;
    %load/vec4 v0x818e9b0c0_0;
    %nor/r;
    %flag_set/vec4 8;
    %jmp/0xz  T_72.110, 8;
    %pushi/vec4 1, 0, 1;
    %dup/vec4;
    %load/vec4 v0x818e98d20_0;
    %cmp/u;
    %jmp/1 T_72.112, 6;
    %dup/vec4;
    %load/vec4 v0x818e98e60_0;
    %cmp/u;
    %jmp/1 T_72.113, 6;
    %dup/vec4;
    %load/vec4 v0x818e995e0_0;
    %cmp/u;
    %jmp/1 T_72.114, 6;
    %jmp T_72.115;
T_72.112 ;
    %pushi/vec4 2, 0, 2;
    %assign/vec4 v0x818e9be80_0, 0;
    %jmp T_72.115;
T_72.113 ;
    %pushi/vec4 1, 0, 2;
    %assign/vec4 v0x818e9be80_0, 0;
    %jmp T_72.115;
T_72.114 ;
    %pushi/vec4 0, 0, 2;
    %assign/vec4 v0x818e9be80_0, 0;
    %jmp T_72.115;
T_72.115 ;
    %pop/vec4 1;
    %load/vec4 v0x818e9d540_0;
    %load/vec4 v0x818e972a0_0;
    %add;
    %assign/vec4 v0x818e9d540_0, 0;
    %pushi/vec4 1, 0, 1;
    %store/vec4 v0x818e9da40_0, 0, 1;
T_72.110 ;
    %load/vec4 v0x818e9aee0_0;
    %nor/r;
    %flag_set/vec4 9;
    %flag_get/vec4 9;
    %jmp/0 T_72.118, 9;
    %load/vec4 v0x818e9b160_0;
    %and;
T_72.118;
    %flag_set/vec4 8;
    %jmp/0xz  T_72.116, 8;
    %pushi/vec4 64, 0, 8;
    %assign/vec4 v0x818e96120_0, 0;
    %pushi/vec4 1, 0, 1;
    %assign/vec4 v0x818e977a0_0, 0;
    %pushi/vec4 1, 0, 1;
    %assign/vec4 v0x818e97660_0, 0;
T_72.116 ;
T_72.107 ;
    %jmp T_72.13;
T_72.12 ;
    %pushi/vec4 1, 0, 1;
    %assign/vec4 v0x818e9abc0_0, 0;
    %load/vec4 v0x818e9aee0_0;
    %nor/r;
    %flag_set/vec4 8;
    %jmp/1 T_72.121, 8;
    %load/vec4 v0x818e9b160_0;
    %flag_set/vec4 9;
    %flag_or 8, 9;
T_72.121;
    %jmp/0xz  T_72.119, 8;
    %load/vec4 v0x818e9af80_0;
    %nor/r;
    %flag_set/vec4 8;
    %jmp/0xz  T_72.122, 8;
    %pushi/vec4 1, 0, 1;
    %dup/vec4;
    %load/vec4 v0x818e98460_0;
    %flag_set/vec4 8;
    %flag_get/vec4 8;
    %jmp/1 T_72.128, 8;
    %load/vec4 v0x818e98500_0;
    %or;
T_72.128;
    %cmp/u;
    %jmp/1 T_72.124, 6;
    %dup/vec4;
    %load/vec4 v0x818e985a0_0;
    %flag_set/vec4 8;
    %flag_get/vec4 8;
    %jmp/1 T_72.129, 8;
    %load/vec4 v0x818e98640_0;
    %or;
T_72.129;
    %cmp/u;
    %jmp/1 T_72.125, 6;
    %dup/vec4;
    %load/vec4 v0x818e98780_0;
    %cmp/u;
    %jmp/1 T_72.126, 6;
    %jmp T_72.127;
T_72.124 ;
    %pushi/vec4 2, 0, 2;
    %assign/vec4 v0x818e9be80_0, 0;
    %jmp T_72.127;
T_72.125 ;
    %pushi/vec4 1, 0, 2;
    %assign/vec4 v0x818e9be80_0, 0;
    %jmp T_72.127;
T_72.126 ;
    %pushi/vec4 0, 0, 2;
    %assign/vec4 v0x818e9be80_0, 0;
    %jmp T_72.127;
T_72.127 ;
    %pop/vec4 1;
    %load/vec4 v0x818e9a120_0;
    %assign/vec4 v0x818e9a9e0_0, 0;
    %load/vec4 v0x818e985a0_0;
    %assign/vec4 v0x818e9a940_0, 0;
    %load/vec4 v0x818e98460_0;
    %assign/vec4 v0x818e9a8a0_0, 0;
    %load/vec4 v0x818e9d540_0;
    %load/vec4 v0x818e972a0_0;
    %add;
    %assign/vec4 v0x818e9d540_0, 0;
    %pushi/vec4 1, 0, 1;
    %store/vec4 v0x818e9d900_0, 0, 1;
T_72.122 ;
    %load/vec4 v0x818e9aee0_0;
    %nor/r;
    %flag_set/vec4 9;
    %flag_get/vec4 9;
    %jmp/0 T_72.132, 9;
    %load/vec4 v0x818e9b160_0;
    %and;
T_72.132;
    %flag_set/vec4 8;
    %jmp/0xz  T_72.130, 8;
    %pushi/vec4 1, 0, 1;
    %dup/vec4;
    %load/vec4 v0x818e9a9e0_0;
    %cmp/u;
    %jmp/1 T_72.133, 6;
    %dup/vec4;
    %load/vec4 v0x818e9a940_0;
    %cmp/u;
    %jmp/1 T_72.134, 6;
    %dup/vec4;
    %load/vec4 v0x818e9a8a0_0;
    %cmp/u;
    %jmp/1 T_72.135, 6;
    %jmp T_72.136;
T_72.133 ;
    %load/vec4 v0x818e9bb60_0;
    %assign/vec4 v0x818e9d680_0, 0;
    %jmp T_72.136;
T_72.134 ;
    %load/vec4 v0x818e9bb60_0;
    %parti/s 16, 0, 2;
    %pad/s 32;
    %assign/vec4 v0x818e9d680_0, 0;
    %jmp T_72.136;
T_72.135 ;
    %load/vec4 v0x818e9bb60_0;
    %parti/s 8, 0, 2;
    %pad/s 32;
    %assign/vec4 v0x818e9d680_0, 0;
    %jmp T_72.136;
T_72.136 ;
    %pop/vec4 1;
    %pushi/vec4 1, 0, 1;
    %assign/vec4 v0x818e977a0_0, 0;
    %pushi/vec4 1, 0, 1;
    %assign/vec4 v0x818e97660_0, 0;
    %pushi/vec4 64, 0, 8;
    %assign/vec4 v0x818e96120_0, 0;
T_72.130 ;
T_72.119 ;
    %jmp T_72.13;
T_72.13 ;
    %pop/vec4 1;
T_72.4 ;
    %pushi/vec4 1, 0, 1;
    %flag_set/vec4 10;
    %flag_get/vec4 10;
    %jmp/0 T_72.140, 10;
    %load/vec4 v0x818e9d860_0;
    %and;
T_72.140;
    %flag_set/vec4 9;
    %flag_get/vec4 9;
    %jmp/0 T_72.139, 9;
    %load/vec4 v0x818e9af80_0;
    %flag_set/vec4 9;
    %flag_get/vec4 9;
    %jmp/1 T_72.141, 9;
    %load/vec4 v0x818e9b0c0_0;
    %or;
T_72.141;
    %and;
T_72.139;
    %flag_set/vec4 8;
    %jmp/0xz  T_72.137, 8;
    %load/vec4 v0x818e9be80_0;
    %pad/u 32;
    %cmpi/e 0, 0, 32;
    %flag_get/vec4 4;
    %jmp/0 T_72.144, 4;
    %load/vec4 v0x818e9d540_0;
    %parti/s 2, 0, 2;
    %pad/u 32;
    %pushi/vec4 0, 0, 32;
    %cmp/ne;
    %flag_get/vec4 4;
    %and;
T_72.144;
    %flag_set/vec4 8;
    %jmp/0xz  T_72.142, 8;
    %pushi/vec4 128, 0, 8;
    %assign/vec4 v0x818e96120_0, 0;
T_72.142 ;
    %load/vec4 v0x818e9be80_0;
    %pad/u 32;
    %cmpi/e 1, 0, 32;
    %flag_get/vec4 4;
    %jmp/0 T_72.147, 4;
    %load/vec4 v0x818e9d540_0;
    %parti/s 1, 0, 2;
    %pad/u 32;
    %pushi/vec4 0, 0, 32;
    %cmp/ne;
    %flag_get/vec4 4;
    %and;
T_72.147;
    %flag_set/vec4 8;
    %jmp/0xz  T_72.145, 8;
    %pushi/vec4 128, 0, 8;
    %assign/vec4 v0x818e96120_0, 0;
T_72.145 ;
T_72.137 ;
    %pushi/vec4 1, 0, 1;
    %flag_set/vec4 11;
    %flag_get/vec4 11;
    %jmp/0 T_72.152, 11;
    %load/vec4 v0x818e9d860_0;
    %and;
T_72.152;
    %flag_set/vec4 10;
    %flag_get/vec4 10;
    %jmp/0 T_72.151, 10;
    %load/vec4 v0x818e9b020_0;
    %and;
T_72.151;
    %flag_set/vec4 9;
    %flag_get/vec4 9;
    %jmp/0 T_72.150, 9;
    %load/vec4 v0x818e9d720_0;
    %parti/s 2, 0, 2;
    %or/r;
    %and;
T_72.150;
    %flag_set/vec4 8;
    %jmp/0xz  T_72.148, 8;
    %pushi/vec4 128, 0, 8;
    %assign/vec4 v0x818e96120_0, 0;
T_72.148 ;
    %load/vec4 v0x818e9d860_0;
    %nor/r;
    %flag_set/vec4 8;
    %jmp/1 T_72.155, 8;
    %load/vec4 v0x818e9b160_0;
    %flag_set/vec4 9;
    %flag_or 8, 9;
T_72.155;
    %jmp/0xz  T_72.153, 8;
    %pushi/vec4 0, 0, 1;
    %assign/vec4 v0x818e9aee0_0, 0;
    %pushi/vec4 0, 0, 1;
    %assign/vec4 v0x818e9b020_0, 0;
    %pushi/vec4 0, 0, 1;
    %assign/vec4 v0x818e9af80_0, 0;
    %pushi/vec4 0, 0, 1;
    %assign/vec4 v0x818e9b0c0_0, 0;
T_72.153 ;
    %load/vec4 v0x818e9d9a0_0;
    %flag_set/vec4 8;
    %jmp/0xz  T_72.156, 8;
    %pushi/vec4 1, 0, 1;
    %assign/vec4 v0x818e9b020_0, 0;
T_72.156 ;
    %load/vec4 v0x818e9d900_0;
    %flag_set/vec4 8;
    %jmp/0xz  T_72.158, 8;
    %pushi/vec4 1, 0, 1;
    %assign/vec4 v0x818e9af80_0, 0;
T_72.158 ;
    %load/vec4 v0x818e9da40_0;
    %flag_set/vec4 8;
    %jmp/0xz  T_72.160, 8;
    %pushi/vec4 1, 0, 1;
    %assign/vec4 v0x818e9b0c0_0, 0;
T_72.160 ;
    %load/vec4 v0x818e9c1e0_0;
    %pushi/vec4 4294967295, 0, 32;
    %and;
    %assign/vec4 v0x818e99c20_0, 0;
    %pushi/vec4 4294967295, 4294967295, 32;
    %store/vec4 v0x818e964e0_0, 0, 32;
    %jmp T_72;
    .thread T_72;
    .scope S_0x818e71b00;
T_73 ;
    %wait E_0x8191a2ec0;
    %load/vec4 v0x818e9f7a0_0;
    %nor/r;
    %flag_set/vec4 8;
    %jmp/0xz  T_73.0, 8;
    %pushi/vec4 0, 0, 2;
    %assign/vec4 v0x818e9f8e0_0, 0;
    %pushi/vec4 1, 0, 1;
    %assign/vec4 v0x818e9f980_0, 0;
    %pushi/vec4 0, 0, 16;
    %assign/vec4 v0x818e9f660_0, 0;
    %pushi/vec4 0, 0, 3;
    %assign/vec4 v0x818e9f480_0, 0;
    %pushi/vec4 0, 0, 8;
    %assign/vec4 v0x818e9f840_0, 0;
    %jmp T_73.1;
T_73.0 ;
    %load/vec4 v0x818e9f8e0_0;
    %dup/vec4;
    %pushi/vec4 0, 0, 2;
    %cmp/u;
    %jmp/1 T_73.2, 6;
    %dup/vec4;
    %pushi/vec4 1, 0, 2;
    %cmp/u;
    %jmp/1 T_73.3, 6;
    %dup/vec4;
    %pushi/vec4 2, 0, 2;
    %cmp/u;
    %jmp/1 T_73.4, 6;
    %dup/vec4;
    %pushi/vec4 3, 0, 2;
    %cmp/u;
    %jmp/1 T_73.5, 6;
    %pushi/vec4 0, 0, 2;
    %assign/vec4 v0x818e9f8e0_0, 0;
    %jmp T_73.7;
T_73.2 ;
    %pushi/vec4 1, 0, 1;
    %assign/vec4 v0x818e9f980_0, 0;
    %pushi/vec4 0, 0, 16;
    %assign/vec4 v0x818e9f660_0, 0;
    %pushi/vec4 0, 0, 3;
    %assign/vec4 v0x818e9f480_0, 0;
    %load/vec4 v0x818e9fa20_0;
    %flag_set/vec4 8;
    %jmp/0xz  T_73.8, 8;
    %load/vec4 v0x818e9f700_0;
    %assign/vec4 v0x818e9f840_0, 0;
    %pushi/vec4 1, 0, 2;
    %assign/vec4 v0x818e9f8e0_0, 0;
T_73.8 ;
    %jmp T_73.7;
T_73.3 ;
    %pushi/vec4 0, 0, 1;
    %assign/vec4 v0x818e9f980_0, 0;
    %load/vec4 v0x818e9f660_0;
    %pad/u 32;
    %cmpi/u 15, 0, 32;
    %jmp/0xz  T_73.10, 5;
    %load/vec4 v0x818e9f660_0;
    %addi 1, 0, 16;
    %assign/vec4 v0x818e9f660_0, 0;
    %jmp T_73.11;
T_73.10 ;
    %pushi/vec4 0, 0, 16;
    %assign/vec4 v0x818e9f660_0, 0;
    %pushi/vec4 2, 0, 2;
    %assign/vec4 v0x818e9f8e0_0, 0;
T_73.11 ;
    %jmp T_73.7;
T_73.4 ;
    %load/vec4 v0x818e9f840_0;
    %load/vec4 v0x818e9f480_0;
    %part/u 1;
    %assign/vec4 v0x818e9f980_0, 0;
    %load/vec4 v0x818e9f660_0;
    %pad/u 32;
    %cmpi/u 15, 0, 32;
    %jmp/0xz  T_73.12, 5;
    %load/vec4 v0x818e9f660_0;
    %addi 1, 0, 16;
    %assign/vec4 v0x818e9f660_0, 0;
    %jmp T_73.13;
T_73.12 ;
    %pushi/vec4 0, 0, 16;
    %assign/vec4 v0x818e9f660_0, 0;
    %load/vec4 v0x818e9f480_0;
    %pad/u 32;
    %cmpi/u 7, 0, 32;
    %jmp/0xz  T_73.14, 5;
    %load/vec4 v0x818e9f480_0;
    %addi 1, 0, 3;
    %assign/vec4 v0x818e9f480_0, 0;
    %jmp T_73.15;
T_73.14 ;
    %pushi/vec4 0, 0, 3;
    %assign/vec4 v0x818e9f480_0, 0;
    %pushi/vec4 3, 0, 2;
    %assign/vec4 v0x818e9f8e0_0, 0;
T_73.15 ;
T_73.13 ;
    %jmp T_73.7;
T_73.5 ;
    %pushi/vec4 1, 0, 1;
    %assign/vec4 v0x818e9f980_0, 0;
    %load/vec4 v0x818e9f660_0;
    %pad/u 32;
    %cmpi/u 15, 0, 32;
    %jmp/0xz  T_73.16, 5;
    %load/vec4 v0x818e9f660_0;
    %addi 1, 0, 16;
    %assign/vec4 v0x818e9f660_0, 0;
    %jmp T_73.17;
T_73.16 ;
    %pushi/vec4 0, 0, 16;
    %assign/vec4 v0x818e9f660_0, 0;
    %pushi/vec4 0, 0, 2;
    %assign/vec4 v0x818e9f8e0_0, 0;
T_73.17 ;
    %jmp T_73.7;
T_73.7 ;
    %pop/vec4 1;
T_73.1 ;
    %jmp T_73;
    .thread T_73;
    .scope S_0x818e70c00;
T_74 ;
    %pushi/vec4 0, 0, 32;
    %store/vec4 v0x818eac280_0, 0, 32;
T_74.0 ; Top of for-loop
    %load/vec4 v0x818eac280_0;
    %cmpi/s 2048, 0, 32;
	  %jmp/0xz T_74.1, 5;
    %pushi/vec4 19, 0, 32;
    %ix/getv/s 4, v0x818eac280_0;
    %store/vec4a v0x818eac6e0, 4, 0;
T_74.2 ; for-loop step statement
    %load/vec4 v0x818eac280_0;
    %addi 1, 0, 32;
    %store/vec4 v0x818eac280_0, 0, 32;
    %jmp T_74.0;
T_74.1 ; for-loop exit label
    %pushi/vec4 0, 0, 32;
    %store/vec4 v0x818eacbe0_0, 0, 32;
    %pushi/vec4 0, 0, 1;
    %store/vec4 v0x818eacd20_0, 0, 1;
    %pushi/vec4 0, 0, 8;
    %store/vec4 v0x818eacc80_0, 0, 8;
    %pushi/vec4 0, 0, 1;
    %store/vec4 v0x818eac960_0, 0, 1;
    %end;
    .thread T_74;
    .scope S_0x818e70c00;
T_75 ;
    %wait E_0x8191a2ec0;
    %pushi/vec4 0, 0, 1;
    %assign/vec4 v0x818eacd20_0, 0;
    %pushi/vec4 0, 0, 1;
    %assign/vec4 v0x818eac960_0, 0;
    %load/vec4 v0x818eac640_0;
    %flag_set/vec4 8;
    %jmp/0xz  T_75.0, 8;
    %load/vec4 v0x818eac460_0;
    %flag_set/vec4 8;
    %jmp/0xz  T_75.2, 8;
    %load/vec4 v0x818eac3c0_0;
    %load/vec4 v0x818eac320_0;
    %pad/u 13;
    %ix/vec4 3;
    %ix/load 4, 0, 0; Constant delay
    %assign/vec4/a/d v0x818eac6e0, 0, 4;
T_75.2 ;
    %jmp T_75.1;
T_75.0 ;
    %load/vec4 v0x818eaca00_0;
    %flag_set/vec4 9;
    %flag_get/vec4 9;
    %jmp/0 T_75.6, 9;
    %load/vec4 v0x818eac960_0;
    %nor/r;
    %and;
T_75.6;
    %flag_set/vec4 8;
    %jmp/0xz  T_75.4, 8;
    %load/vec4 v0x818eac140_0;
    %flag_set/vec4 8;
    %jmp/0xz  T_75.7, 8;
    %load/vec4 v0x818eacb40_0;
    %cmpi/e 0, 0, 4;
    %jmp/0xz  T_75.9, 4;
    %load/vec4 v0x818eac000_0;
    %pad/u 13;
    %ix/vec4 4;
    %load/vec4a v0x818eac6e0, 4;
    %assign/vec4 v0x818eac8c0_0, 0;
    %jmp T_75.10;
T_75.9 ;
    %load/vec4 v0x818eacb40_0;
    %parti/s 1, 0, 2;
    %flag_set/vec4 8;
    %jmp/0xz  T_75.11, 8;
    %load/vec4 v0x818eacaa0_0;
    %parti/s 8, 0, 2;
    %load/vec4 v0x818eac000_0;
    %pad/u 13;
    %ix/vec4 3;
    %ix/load 4, 0, 0; Constant delay
    %assign/vec4/a/d v0x818eac6e0, 0, 4;
T_75.11 ;
    %load/vec4 v0x818eacb40_0;
    %parti/s 1, 1, 2;
    %flag_set/vec4 8;
    %jmp/0xz  T_75.13, 8;
    %load/vec4 v0x818eacaa0_0;
    %parti/s 8, 8, 5;
    %load/vec4 v0x818eac000_0;
    %pad/u 13;
    %ix/vec4 3;
    %ix/load 4, 8, 0; part off
    %ix/load 5, 0, 0; Constant delay
    %assign/vec4/a/d v0x818eac6e0, 4, 5;
T_75.13 ;
    %load/vec4 v0x818eacb40_0;
    %parti/s 1, 2, 3;
    %flag_set/vec4 8;
    %jmp/0xz  T_75.15, 8;
    %load/vec4 v0x818eacaa0_0;
    %parti/s 8, 16, 6;
    %load/vec4 v0x818eac000_0;
    %pad/u 13;
    %ix/vec4 3;
    %ix/load 4, 16, 0; part off
    %ix/load 5, 0, 0; Constant delay
    %assign/vec4/a/d v0x818eac6e0, 4, 5;
T_75.15 ;
    %load/vec4 v0x818eacb40_0;
    %parti/s 1, 3, 3;
    %flag_set/vec4 8;
    %jmp/0xz  T_75.17, 8;
    %load/vec4 v0x818eacaa0_0;
    %parti/s 8, 24, 6;
    %load/vec4 v0x818eac000_0;
    %pad/u 13;
    %ix/vec4 3;
    %ix/load 4, 24, 0; part off
    %ix/load 5, 0, 0; Constant delay
    %assign/vec4/a/d v0x818eac6e0, 4, 5;
T_75.17 ;
T_75.10 ;
    %pushi/vec4 1, 0, 1;
    %assign/vec4 v0x818eac960_0, 0;
    %jmp T_75.8;
T_75.7 ;
    %load/vec4 v0x818eac1e0_0;
    %flag_set/vec4 8;
    %jmp/0xz  T_75.19, 8;
    %load/vec4 v0x818eac780_0;
    %parti/s 8, 0, 2;
    %dup/vec4;
    %pushi/vec4 0, 0, 8;
    %cmp/u;
    %jmp/1 T_75.21, 6;
    %dup/vec4;
    %pushi/vec4 4, 0, 8;
    %cmp/u;
    %jmp/1 T_75.22, 6;
    %dup/vec4;
    %pushi/vec4 12, 0, 8;
    %cmp/u;
    %jmp/1 T_75.23, 6;
    %pushi/vec4 0, 0, 32;
    %assign/vec4 v0x818eac8c0_0, 0;
    %pushi/vec4 1, 0, 1;
    %assign/vec4 v0x818eac960_0, 0;
    %jmp T_75.25;
T_75.21 ;
    %load/vec4 v0x818eacb40_0;
    %cmpi/ne 0, 0, 4;
    %jmp/0xz  T_75.26, 4;
    %load/vec4 v0x818eacaa0_0;
    %assign/vec4 v0x818eacbe0_0, 0;
T_75.26 ;
    %load/vec4 v0x818eacbe0_0;
    %assign/vec4 v0x818eac8c0_0, 0;
    %pushi/vec4 1, 0, 1;
    %assign/vec4 v0x818eac960_0, 0;
    %jmp T_75.25;
T_75.22 ;
    %load/vec4 v0x818eacb40_0;
    %cmpi/ne 0, 0, 4;
    %jmp/0xz  T_75.28, 4;
    %load/vec4 v0x818eacaa0_0;
    %parti/s 8, 0, 2;
    %assign/vec4 v0x818eacc80_0, 0;
    %pushi/vec4 1, 0, 1;
    %assign/vec4 v0x818eacd20_0, 0;
T_75.28 ;
    %pushi/vec4 0, 0, 32;
    %assign/vec4 v0x818eac8c0_0, 0;
    %pushi/vec4 1, 0, 1;
    %assign/vec4 v0x818eac960_0, 0;
    %jmp T_75.25;
T_75.23 ;
    %pushi/vec4 0, 0, 30;
    %load/vec4 v0x818e9fde0_0;
    %concat/vec4; draw_concat_vec4
    %assign/vec4 v0x818eac8c0_0, 0;
    %pushi/vec4 1, 0, 1;
    %assign/vec4 v0x818eac960_0, 0;
    %jmp T_75.25;
T_75.25 ;
    %pop/vec4 1;
    %jmp T_75.20;
T_75.19 ;
    %pushi/vec4 3735931646, 0, 32;
    %assign/vec4 v0x818eac8c0_0, 0;
    %pushi/vec4 1, 0, 1;
    %assign/vec4 v0x818eac960_0, 0;
T_75.20 ;
T_75.8 ;
T_75.4 ;
T_75.1 ;
    %jmp T_75;
    .thread T_75;
    .scope S_0x1057247d0;
T_76 ;
    %pushi/vec4 0, 0, 1;
    %store/vec4 v0x818ead720_0, 0, 1;
    %pushi/vec4 0, 0, 1;
    %store/vec4 v0x818eadb80_0, 0, 1;
    %pushi/vec4 1, 0, 1;
    %store/vec4 v0x818eadcc0_0, 0, 1;
    %pushi/vec4 0, 0, 2;
    %store/vec4 v0x818ead680_0, 0, 2;
    %end;
    .thread T_76, $init;
    .scope S_0x1057247d0;
T_77 ;
    %delay 5000, 0;
    %load/vec4 v0x818ead720_0;
    %inv;
    %store/vec4 v0x818ead720_0, 0, 1;
    %jmp T_77;
    .thread T_77;
    .scope S_0x1057247d0;
T_78 ;
    %pushi/vec4 0, 0, 32;
    %store/vec4 v0x818eadd60_0, 0, 32;
    %end;
    .thread T_78;
    .scope S_0x1057247d0;
T_79 ;
    %wait E_0x8191a2e80;
    %pushi/vec4 24, 0, 32;
T_79.0 %dup/vec4;
    %cmpi/s 0, 0, 32;
    %jmp/1xz T_79.1, 5;
    %jmp/1 T_79.1, 4;
    %subi 1, 0, 32;
    %wait E_0x8191a2ec0;
    %jmp T_79.0;
T_79.1 ;
    %pop/vec4 1;
    %pushi/vec4 0, 0, 32;
    %store/vec4 v0x818eadc20_0, 0, 32;
T_79.2 ; Top of for-loop
    %load/vec4 v0x818eadc20_0;
    %cmpi/s 8, 0, 32;
	  %jmp/0xz T_79.3, 5;
    %load/vec4 v0x818eade00_0;
    %ix/getv/s 4, v0x818eadc20_0;
    %store/vec4 v0x818ead9a0_0, 4, 1;
    %pushi/vec4 16, 0, 32;
T_79.5 %dup/vec4;
    %cmpi/s 0, 0, 32;
    %jmp/1xz T_79.6, 5;
    %jmp/1 T_79.6, 4;
    %subi 1, 0, 32;
    %wait E_0x8191a2ec0;
    %jmp T_79.5;
T_79.6 ;
    %pop/vec4 1;
T_79.4 ; for-loop step statement
    %load/vec4 v0x818eadc20_0;
    %addi 1, 0, 32;
    %store/vec4 v0x818eadc20_0, 0, 32;
    %jmp T_79.2;
T_79.3 ; for-loop exit label
    %load/vec4 v0x818eadd60_0;
    %addi 1, 0, 32;
    %store/vec4 v0x818eadd60_0, 0, 32;
    %jmp T_79;
    .thread T_79;
    .scope S_0x1057247d0;
T_80 ;
    %vpi_call/w 4 114 "$dumpfile", "sim/tb_loader.vcd" {0 0 0};
    %vpi_call/w 4 115 "$dumpvars", 32'sb00000000000000000000000000000000, S_0x1057247d0 {0 0 0};
    %pushi/vec4 0, 0, 32;
    %store/vec4 v0x818eada40_0, 0, 32;
    %pushi/vec4 44041491, 0, 32;
    %ix/load 4, 0, 0;
    %flag_set/imm 4, 0;
    %store/vec4a v0x818eadae0, 4, 0;
    %pushi/vec4 268436919, 0, 32;
    %ix/load 4, 1, 0;
    %flag_set/imm 4, 0;
    %store/vec4a v0x818eadae0, 4, 0;
    %pushi/vec4 10854435, 0, 32;
    %ix/load 4, 2, 0;
    %flag_set/imm 4, 0;
    %store/vec4a v0x818eadae0, 4, 0;
    %pushi/vec4 111, 0, 32;
    %ix/load 4, 3, 0;
    %flag_set/imm 4, 0;
    %store/vec4a v0x818eadae0, 4, 0;
    %pushi/vec4 1, 0, 8;
    %ix/load 4, 0, 0;
    %flag_set/imm 4, 0;
    %store/vec4a v0x818ead540, 4, 0;
    %pushi/vec4 0, 0, 8;
    %ix/load 4, 1, 0;
    %flag_set/imm 4, 0;
    %store/vec4a v0x818ead540, 4, 0;
    %pushi/vec4 0, 0, 8;
    %ix/load 4, 2, 0;
    %flag_set/imm 4, 0;
    %store/vec4a v0x818ead540, 4, 0;
    %pushi/vec4 4, 0, 8;
    %ix/load 4, 3, 0;
    %flag_set/imm 4, 0;
    %store/vec4a v0x818ead540, 4, 0;
    %pushi/vec4 0, 0, 32;
    %store/vec4 v0x818eadea0_0, 0, 32;
T_80.0 ; Top of for-loop
    %load/vec4 v0x818eadea0_0;
    %cmpi/s 4, 0, 32;
	  %jmp/0xz T_80.1, 5;
    %ix/getv/s 4, v0x818eadea0_0;
    %load/vec4a v0x818eadae0, 4;
    %parti/s 8, 0, 2;
    %pushi/vec4 4, 0, 32;
    %load/vec4 v0x818eadea0_0;
    %muli 4, 0, 32;
    %add;
    %addi 0, 0, 32;
    %ix/vec4/s 4;
    %store/vec4a v0x818ead540, 4, 0;
    %ix/getv/s 4, v0x818eadea0_0;
    %load/vec4a v0x818eadae0, 4;
    %parti/s 8, 8, 5;
    %pushi/vec4 4, 0, 32;
    %load/vec4 v0x818eadea0_0;
    %muli 4, 0, 32;
    %add;
    %addi 1, 0, 32;
    %ix/vec4/s 4;
    %store/vec4a v0x818ead540, 4, 0;
    %ix/getv/s 4, v0x818eadea0_0;
    %load/vec4a v0x818eadae0, 4;
    %parti/s 8, 16, 6;
    %pushi/vec4 4, 0, 32;
    %load/vec4 v0x818eadea0_0;
    %muli 4, 0, 32;
    %add;
    %addi 2, 0, 32;
    %ix/vec4/s 4;
    %store/vec4a v0x818ead540, 4, 0;
    %ix/getv/s 4, v0x818eadea0_0;
    %load/vec4a v0x818eadae0, 4;
    %parti/s 8, 24, 6;
    %pushi/vec4 4, 0, 32;
    %load/vec4 v0x818eadea0_0;
    %muli 4, 0, 32;
    %add;
    %addi 3, 0, 32;
    %ix/vec4/s 4;
    %store/vec4a v0x818ead540, 4, 0;
T_80.2 ; for-loop step statement
    %load/vec4 v0x818eadea0_0;
    %addi 1, 0, 32;
    %store/vec4 v0x818eadea0_0, 0, 32;
    %jmp T_80.0;
T_80.1 ; for-loop exit label
    %pushi/vec4 20, 0, 32;
    %store/vec4 v0x818ead5e0_0, 0, 32;
    %pushi/vec4 65535, 0, 16;
    %store/vec4 v0x818ead7c0_0, 0, 16;
    %pushi/vec4 0, 0, 32;
    %store/vec4 v0x818ead900_0, 0, 32;
T_80.3 ; Top of for-loop
    %load/vec4 v0x818ead900_0;
    %load/vec4 v0x818ead5e0_0;
    %cmp/s;
	  %jmp/0xz T_80.4, 5;
    %load/vec4 v0x818ead7c0_0;
    %ix/getv/s 4, v0x818ead900_0;
    %load/vec4a v0x818ead540, 4;
    %store/vec4 v0x818e93020_0, 0, 8;
    %store/vec4 v0x818e93200_0, 0, 16;
    %callf/vec4 TD_tb_loader.crc16_next, S_0x818e70a80;
    %store/vec4 v0x818ead7c0_0, 0, 16;
T_80.5 ; for-loop step statement
    %load/vec4 v0x818ead900_0;
    %addi 1, 0, 32;
    %store/vec4 v0x818ead900_0, 0, 32;
    %jmp T_80.3;
T_80.4 ; for-loop exit label
    %pushi/vec4 0, 0, 1;
    %store/vec4 v0x818eadb80_0, 0, 1;
    %pushi/vec4 20, 0, 32;
T_80.6 %dup/vec4;
    %cmpi/s 0, 0, 32;
    %jmp/1xz T_80.7, 5;
    %jmp/1 T_80.7, 4;
    %subi 1, 0, 32;
    %wait E_0x8191a2ec0;
    %jmp T_80.6;
T_80.7 ;
    %pop/vec4 1;
    %pushi/vec4 1, 0, 1;
    %store/vec4 v0x818eadb80_0, 0, 1;
    %pushi/vec4 20, 0, 32;
T_80.8 %dup/vec4;
    %cmpi/s 0, 0, 32;
    %jmp/1xz T_80.9, 5;
    %jmp/1 T_80.9, 4;
    %subi 1, 0, 32;
    %wait E_0x8191a2ec0;
    %jmp T_80.8;
T_80.9 ;
    %pop/vec4 1;
    %vpi_call/w 4 149 "$display", "[tb] [NAK testi] Bilerek BOZUK CRC ile WRITE gonderiliyor..." {0 0 0};
    %pushi/vec4 126, 0, 8;
    %store/vec4 v0x818ead2c0_0, 0, 8;
    %fork TD_tb_loader.uart_send_byte, S_0x818e71c80;
    %join;
    %pushi/vec4 0, 0, 32;
    %store/vec4 v0x818ead900_0, 0, 32;
T_80.10 ; Top of for-loop
    %load/vec4 v0x818ead900_0;
    %load/vec4 v0x818ead5e0_0;
    %cmp/s;
	  %jmp/0xz T_80.11, 5;
    %ix/getv/s 4, v0x818ead900_0;
    %load/vec4a v0x818ead540, 4;
    %store/vec4 v0x818ead2c0_0, 0, 8;
    %fork TD_tb_loader.uart_send_byte, S_0x818e71c80;
    %join;
T_80.12 ; for-loop step statement
    %load/vec4 v0x818ead900_0;
    %addi 1, 0, 32;
    %store/vec4 v0x818ead900_0, 0, 32;
    %jmp T_80.10;
T_80.11 ; for-loop exit label
    %load/vec4 v0x818ead7c0_0;
    %parti/s 8, 8, 5;
    %pushi/vec4 255, 0, 8;
    %xor;
    %store/vec4 v0x818ead2c0_0, 0, 8;
    %fork TD_tb_loader.uart_send_byte, S_0x818e71c80;
    %join;
    %load/vec4 v0x818ead7c0_0;
    %parti/s 8, 0, 2;
    %store/vec4 v0x818ead2c0_0, 0, 8;
    %fork TD_tb_loader.uart_send_byte, S_0x818e71c80;
    %join;
    %fork TD_tb_loader.wait_byte, S_0x818e71e00;
    %join;
    %load/vec4 v0x818ead400_0;
    %store/vec4 v0x818ead4a0_0, 0, 8;
    %load/vec4 v0x818ead4a0_0;
    %cmpi/e 110, 0, 8;
    %jmp/0xz  T_80.13, 4;
    %vpi_call/w 4 156 "$display", "[tb] [NAK testi] BASARILI: bozuk paket NAK (0x6E) ile reddedildi." {0 0 0};
    %jmp T_80.14;
T_80.13 ;
    %vpi_call/w 4 157 "$display", "[tb] [NAK testi] UYARI: yanit 0x%02x (NAK 0x6E beklenmisti).", v0x818ead4a0_0 {0 0 0};
T_80.14 ;
    %vpi_call/w 4 160 "$display", "[tb] WRITE paketi gonderiliyor (%0d bayt veri)...", v0x818ead5e0_0 {0 0 0};
    %pushi/vec4 126, 0, 8;
    %store/vec4 v0x818ead2c0_0, 0, 8;
    %fork TD_tb_loader.uart_send_byte, S_0x818e71c80;
    %join;
    %pushi/vec4 0, 0, 32;
    %store/vec4 v0x818ead900_0, 0, 32;
T_80.15 ; Top of for-loop
    %load/vec4 v0x818ead900_0;
    %load/vec4 v0x818ead5e0_0;
    %cmp/s;
	  %jmp/0xz T_80.16, 5;
    %ix/getv/s 4, v0x818ead900_0;
    %load/vec4a v0x818ead540, 4;
    %store/vec4 v0x818ead2c0_0, 0, 8;
    %fork TD_tb_loader.uart_send_byte, S_0x818e71c80;
    %join;
T_80.17 ; for-loop step statement
    %load/vec4 v0x818ead900_0;
    %addi 1, 0, 32;
    %store/vec4 v0x818ead900_0, 0, 32;
    %jmp T_80.15;
T_80.16 ; for-loop exit label
    %load/vec4 v0x818ead7c0_0;
    %parti/s 8, 8, 5;
    %store/vec4 v0x818ead2c0_0, 0, 8;
    %fork TD_tb_loader.uart_send_byte, S_0x818e71c80;
    %join;
    %load/vec4 v0x818ead7c0_0;
    %parti/s 8, 0, 2;
    %store/vec4 v0x818ead2c0_0, 0, 8;
    %fork TD_tb_loader.uart_send_byte, S_0x818e71c80;
    %join;
    %fork TD_tb_loader.wait_byte, S_0x818e71e00;
    %join;
    %load/vec4 v0x818ead400_0;
    %store/vec4 v0x818ead4a0_0, 0, 8;
    %load/vec4 v0x818ead4a0_0;
    %cmpi/e 121, 0, 8;
    %jmp/0xz  T_80.18, 4;
    %vpi_call/w 4 169 "$display", "[tb] WRITE -> ACK (0x79) alindi. OK" {0 0 0};
    %jmp T_80.19;
T_80.18 ;
    %vpi_call/w 4 171 "$display", "[tb] HATA: WRITE yaniti 0x%02x (ACK degil)", v0x818ead4a0_0 {0 0 0};
    %vpi_call/w 4 172 "$finish" {0 0 0};
T_80.19 ;
    %pushi/vec4 65535, 0, 16;
    %store/vec4 v0x818ead7c0_0, 0, 16;
    %load/vec4 v0x818ead7c0_0;
    %pushi/vec4 2, 0, 8;
    %store/vec4 v0x818e93020_0, 0, 8;
    %store/vec4 v0x818e93200_0, 0, 16;
    %callf/vec4 TD_tb_loader.crc16_next, S_0x818e70a80;
    %store/vec4 v0x818ead7c0_0, 0, 16;
    %vpi_call/w 4 178 "$display", "[tb] RUN paketi gonderiliyor..." {0 0 0};
    %pushi/vec4 126, 0, 8;
    %store/vec4 v0x818ead2c0_0, 0, 8;
    %fork TD_tb_loader.uart_send_byte, S_0x818e71c80;
    %join;
    %pushi/vec4 2, 0, 8;
    %store/vec4 v0x818ead2c0_0, 0, 8;
    %fork TD_tb_loader.uart_send_byte, S_0x818e71c80;
    %join;
    %load/vec4 v0x818ead7c0_0;
    %parti/s 8, 8, 5;
    %store/vec4 v0x818ead2c0_0, 0, 8;
    %fork TD_tb_loader.uart_send_byte, S_0x818e71c80;
    %join;
    %load/vec4 v0x818ead7c0_0;
    %parti/s 8, 0, 2;
    %store/vec4 v0x818ead2c0_0, 0, 8;
    %fork TD_tb_loader.uart_send_byte, S_0x818e71c80;
    %join;
    %fork TD_tb_loader.wait_byte, S_0x818e71e00;
    %join;
    %load/vec4 v0x818ead400_0;
    %store/vec4 v0x818ead4a0_0, 0, 8;
    %load/vec4 v0x818ead4a0_0;
    %cmpi/e 121, 0, 8;
    %jmp/0xz  T_80.20, 4;
    %vpi_call/w 4 185 "$display", "[tb] RUN -> ACK (0x79) alindi. Islemci basliyor." {0 0 0};
    %jmp T_80.21;
T_80.20 ;
    %vpi_call/w 4 187 "$display", "[tb] HATA: RUN yaniti 0x%02x", v0x818ead4a0_0 {0 0 0};
    %vpi_call/w 4 188 "$finish" {0 0 0};
T_80.21 ;
    %pushi/vec4 200, 0, 32;
T_80.22 %dup/vec4;
    %cmpi/s 0, 0, 32;
    %jmp/1xz T_80.23, 5;
    %jmp/1 T_80.23, 4;
    %subi 1, 0, 32;
    %wait E_0x8191a2ec0;
    %jmp T_80.22;
T_80.23 ;
    %pop/vec4 1;
    %load/vec4 v0x818ead860_0;
    %cmpi/e 42, 0, 32;
    %jmp/0xz  T_80.24, 4;
    %vpi_call/w 4 194 "$display", "[tb] BASARILI: GPIO_OUT = %0d (beklenen 42).", v0x818ead860_0 {0 0 0};
    %vpi_call/w 4 195 "$display", "[tb] === LOADER TESTI GECTI ===" {0 0 0};
    %jmp T_80.25;
T_80.24 ;
    %vpi_call/w 4 197 "$display", "[tb] BASARISIZ: GPIO_OUT = %0d (beklenen 42).", v0x818ead860_0 {0 0 0};
T_80.25 ;
    %vpi_call/w 4 200 "$finish" {0 0 0};
    %end;
    .thread T_80;
    .scope S_0x1057247d0;
T_81 ;
    %delay 705032704, 1;
    %vpi_call/w 4 206 "$display", "[tb] TIMEOUT - simulasyon cok uzun surdu." {0 0 0};
    %vpi_call/w 4 207 "$finish" {0 0 0};
    %end;
    .thread T_81;
# The file index is used to find the file name in the following table.
:file_names 9;
    "N/A";
    "<interactive>";
    "-";
    "sim/picorv32.v";
    "sim/tb_loader.v";
    "fpga/tangnano9k/soc_loader.v";
    "fpga/tangnano9k/loader.v";
    "fpga/tangnano9k/uart_rx.v";
    "fpga/uart_tx.v";
