#! /opt/homebrew/Cellar/icarus-verilog/13.0/bin/vvp
:ivl_version "13.0 (stable)" "(v13_0)";
:ivl_delay_selection "TYPICAL";
:vpi_time_precision - 12;
:vpi_module "/opt/homebrew/Cellar/icarus-verilog/13.0/lib/ivl/system.vpi";
:vpi_module "/opt/homebrew/Cellar/icarus-verilog/13.0/lib/ivl/vhdl_sys.vpi";
:vpi_module "/opt/homebrew/Cellar/icarus-verilog/13.0/lib/ivl/vhdl_textio.vpi";
:vpi_module "/opt/homebrew/Cellar/icarus-verilog/13.0/lib/ivl/v2005_math.vpi";
:vpi_module "/opt/homebrew/Cellar/icarus-verilog/13.0/lib/ivl/va_math.vpi";
:vpi_module "/opt/homebrew/Cellar/icarus-verilog/13.0/lib/ivl/v2009.vpi";
S_0x102b26a20 .scope package, "$unit" "$unit" 2 1;
 .timescale 0 0;
S_0x102b1faa0 .scope module, "picorv32_axi" "picorv32_axi" 3 2517;
 .timescale -9 -12;
    .port_info 0 /INPUT 1 "clk";
    .port_info 1 /INPUT 1 "resetn";
    .port_info 2 /OUTPUT 1 "trap";
    .port_info 3 /OUTPUT 1 "mem_axi_awvalid";
    .port_info 4 /INPUT 1 "mem_axi_awready";
    .port_info 5 /OUTPUT 32 "mem_axi_awaddr";
    .port_info 6 /OUTPUT 3 "mem_axi_awprot";
    .port_info 7 /OUTPUT 1 "mem_axi_wvalid";
    .port_info 8 /INPUT 1 "mem_axi_wready";
    .port_info 9 /OUTPUT 32 "mem_axi_wdata";
    .port_info 10 /OUTPUT 4 "mem_axi_wstrb";
    .port_info 11 /INPUT 1 "mem_axi_bvalid";
    .port_info 12 /OUTPUT 1 "mem_axi_bready";
    .port_info 13 /OUTPUT 1 "mem_axi_arvalid";
    .port_info 14 /INPUT 1 "mem_axi_arready";
    .port_info 15 /OUTPUT 32 "mem_axi_araddr";
    .port_info 16 /OUTPUT 3 "mem_axi_arprot";
    .port_info 17 /INPUT 1 "mem_axi_rvalid";
    .port_info 18 /OUTPUT 1 "mem_axi_rready";
    .port_info 19 /INPUT 32 "mem_axi_rdata";
    .port_info 20 /OUTPUT 1 "pcpi_valid";
    .port_info 21 /OUTPUT 32 "pcpi_insn";
    .port_info 22 /OUTPUT 32 "pcpi_rs1";
    .port_info 23 /OUTPUT 32 "pcpi_rs2";
    .port_info 24 /INPUT 1 "pcpi_wr";
    .port_info 25 /INPUT 32 "pcpi_rd";
    .port_info 26 /INPUT 1 "pcpi_wait";
    .port_info 27 /INPUT 1 "pcpi_ready";
    .port_info 28 /INPUT 32 "irq";
    .port_info 29 /OUTPUT 32 "eoi";
    .port_info 30 /OUTPUT 1 "trace_valid";
    .port_info 31 /OUTPUT 36 "trace_data";
P_0xcb4db0e00 .param/l "BARREL_SHIFTER" 0 3 2523, C4<0>;
P_0xcb4db0e40 .param/l "CATCH_ILLINSN" 0 3 2528, C4<1>;
P_0xcb4db0e80 .param/l "CATCH_MISALIGN" 0 3 2527, C4<1>;
P_0xcb4db0ec0 .param/l "COMPRESSED_ISA" 0 3 2526, C4<0>;
P_0xcb4db0f00 .param/l "ENABLE_COUNTERS" 0 3 2518, C4<1>;
P_0xcb4db0f40 .param/l "ENABLE_COUNTERS64" 0 3 2519, C4<1>;
P_0xcb4db0f80 .param/l "ENABLE_DIV" 0 3 2532, C4<0>;
P_0xcb4db0fc0 .param/l "ENABLE_FAST_MUL" 0 3 2531, C4<0>;
P_0xcb4db1000 .param/l "ENABLE_IRQ" 0 3 2533, C4<0>;
P_0xcb4db1040 .param/l "ENABLE_IRQ_QREGS" 0 3 2534, C4<1>;
P_0xcb4db1080 .param/l "ENABLE_IRQ_TIMER" 0 3 2535, C4<1>;
P_0xcb4db10c0 .param/l "ENABLE_MUL" 0 3 2530, C4<0>;
P_0xcb4db1100 .param/l "ENABLE_PCPI" 0 3 2529, C4<0>;
P_0xcb4db1140 .param/l "ENABLE_REGS_16_31" 0 3 2520, C4<1>;
P_0xcb4db1180 .param/l "ENABLE_REGS_DUALPORT" 0 3 2521, C4<1>;
P_0xcb4db11c0 .param/l "ENABLE_TRACE" 0 3 2536, C4<0>;
P_0xcb4db1200 .param/l "LATCHED_IRQ" 0 3 2539, C4<11111111111111111111111111111111>;
P_0xcb4db1240 .param/l "MASKED_IRQ" 0 3 2538, C4<00000000000000000000000000000000>;
P_0xcb4db1280 .param/l "PROGADDR_IRQ" 0 3 2541, C4<00000000000000000000000000010000>;
P_0xcb4db12c0 .param/l "PROGADDR_RESET" 0 3 2540, C4<00000000000000000000000000000000>;
P_0xcb4db1300 .param/l "REGS_INIT_ZERO" 0 3 2537, C4<0>;
P_0xcb4db1340 .param/l "STACKADDR" 0 3 2542, C4<11111111111111111111111111111111>;
P_0xcb4db1380 .param/l "TWO_CYCLE_ALU" 0 3 2525, C4<0>;
P_0xcb4db13c0 .param/l "TWO_CYCLE_COMPARE" 0 3 2524, C4<0>;
P_0xcb4db1400 .param/l "TWO_STAGE_SHIFT" 0 3 2522, C4<1>;
o0xcb5420310 .functor BUFZ 1, c4<z>; HiZ drive
v0xcb5264640_0 .net "clk", 0 0, o0xcb5420310;  0 drivers
v0xcb52646e0_0 .net "eoi", 31 0, v0xcb525e260_0;  1 drivers
o0xcb5423130 .functor BUFZ 32, c4<zzzzzzzzzzzzzzzzzzzzzzzzzzzzzzzz>; HiZ drive
v0xcb5264780_0 .net "irq", 31 0, o0xcb5423130;  0 drivers
v0xcb5264820_0 .net "mem_addr", 31 0, v0xcb5261680_0;  1 drivers
v0xcb52648c0_0 .net "mem_axi_araddr", 31 0, L_0xcb4c99570;  1 drivers
v0xcb5264960_0 .net "mem_axi_arprot", 2 0, L_0xcb4d2d5e0;  1 drivers
o0xcb54203d0 .functor BUFZ 1, c4<z>; HiZ drive
v0xcb5264a00_0 .net "mem_axi_arready", 0 0, o0xcb54203d0;  0 drivers
v0xcb5264aa0_0 .net "mem_axi_arvalid", 0 0, L_0xcb51ed570;  1 drivers
v0xcb5264b40_0 .net "mem_axi_awaddr", 31 0, L_0xcb4c99500;  1 drivers
L_0xcb5454010 .functor BUFT 1, C4<000>, C4<0>, C4<0>, C4<0>;
v0xcb5264be0_0 .net "mem_axi_awprot", 2 0, L_0xcb5454010;  1 drivers
o0xcb5420490 .functor BUFZ 1, c4<z>; HiZ drive
v0xcb5264c80_0 .net "mem_axi_awready", 0 0, o0xcb5420490;  0 drivers
v0xcb5264d20_0 .net "mem_axi_awvalid", 0 0, L_0xcb51ed490;  1 drivers
v0xcb5264dc0_0 .net "mem_axi_bready", 0 0, L_0xcb51ed2d0;  1 drivers
o0xcb5420520 .functor BUFZ 1, c4<z>; HiZ drive
v0xcb5264e60_0 .net "mem_axi_bvalid", 0 0, o0xcb5420520;  0 drivers
o0xcb5420550 .functor BUFZ 32, c4<zzzzzzzzzzzzzzzzzzzzzzzzzzzzzzzz>; HiZ drive
v0xcb5264f00_0 .net "mem_axi_rdata", 31 0, o0xcb5420550;  0 drivers
v0xcb5264fa0_0 .net "mem_axi_rready", 0 0, L_0xcb51ed260;  1 drivers
o0xcb54205b0 .functor BUFZ 1, c4<z>; HiZ drive
v0xcb5265040_0 .net "mem_axi_rvalid", 0 0, o0xcb54205b0;  0 drivers
v0xcb52650e0_0 .net "mem_axi_wdata", 31 0, L_0xcb4c995e0;  1 drivers
o0xcb5420610 .functor BUFZ 1, c4<z>; HiZ drive
v0xcb5265180_0 .net "mem_axi_wready", 0 0, o0xcb5420610;  0 drivers
v0xcb5265220_0 .net "mem_axi_wstrb", 3 0, L_0xcb4c99650;  1 drivers
v0xcb52652c0_0 .net "mem_axi_wvalid", 0 0, L_0xcb51ec7e0;  1 drivers
v0xcb5265360_0 .net "mem_instr", 0 0, v0xcb5261ae0_0;  1 drivers
v0xcb5265400_0 .net "mem_rdata", 31 0, L_0xcb4c996c0;  1 drivers
v0xcb52654a0_0 .net "mem_ready", 0 0, L_0xcb51ec850;  1 drivers
v0xcb5265540_0 .net "mem_valid", 0 0, v0xcb5262620_0;  1 drivers
v0xcb52655e0_0 .net "mem_wdata", 31 0, v0xcb52626c0_0;  1 drivers
v0xcb5265680_0 .net "mem_wstrb", 3 0, v0xcb5262800_0;  1 drivers
v0xcb5265720_0 .net "pcpi_insn", 31 0, v0xcb5262e40_0;  1 drivers
o0xcb5423eb0 .functor BUFZ 32, c4<zzzzzzzzzzzzzzzzzzzzzzzzzzzzzzzz>; HiZ drive
v0xcb52657c0_0 .net "pcpi_rd", 31 0, o0xcb5423eb0;  0 drivers
o0xcb5423ee0 .functor BUFZ 1, c4<z>; HiZ drive
v0xcb5265860_0 .net "pcpi_ready", 0 0, o0xcb5423ee0;  0 drivers
v0xcb5265900_0 .net "pcpi_rs1", 31 0, L_0xcb4c99a40;  1 drivers
v0xcb52659a0_0 .net "pcpi_rs2", 31 0, L_0xcb4c99ab0;  1 drivers
v0xcb5265a40_0 .net "pcpi_valid", 0 0, v0xcb5263700_0;  1 drivers
o0xcb5423fd0 .functor BUFZ 1, c4<z>; HiZ drive
v0xcb5265ae0_0 .net "pcpi_wait", 0 0, o0xcb5423fd0;  0 drivers
o0xcb5424000 .functor BUFZ 1, c4<z>; HiZ drive
v0xcb5265b80_0 .net "pcpi_wr", 0 0, o0xcb5424000;  0 drivers
o0xcb54207c0 .functor BUFZ 1, c4<z>; HiZ drive
v0xcb5265c20_0 .net "resetn", 0 0, o0xcb54207c0;  0 drivers
v0xcb5265cc0_0 .net "trace_data", 35 0, v0xcb5264460_0;  1 drivers
v0xcb5265d60_0 .net "trace_valid", 0 0, v0xcb5264500_0;  1 drivers
v0xcb5265e00_0 .net "trap", 0 0, v0xcb52645a0_0;  1 drivers
S_0x102b1d5a0 .scope module, "axi_adapter" "picorv32_axi_adapter" 3 2619, 3 2731 0, S_0x102b1faa0;
 .timescale -9 -12;
    .port_info 0 /INPUT 1 "clk";
    .port_info 1 /INPUT 1 "resetn";
    .port_info 2 /OUTPUT 1 "mem_axi_awvalid";
    .port_info 3 /INPUT 1 "mem_axi_awready";
    .port_info 4 /OUTPUT 32 "mem_axi_awaddr";
    .port_info 5 /OUTPUT 3 "mem_axi_awprot";
    .port_info 6 /OUTPUT 1 "mem_axi_wvalid";
    .port_info 7 /INPUT 1 "mem_axi_wready";
    .port_info 8 /OUTPUT 32 "mem_axi_wdata";
    .port_info 9 /OUTPUT 4 "mem_axi_wstrb";
    .port_info 10 /INPUT 1 "mem_axi_bvalid";
    .port_info 11 /OUTPUT 1 "mem_axi_bready";
    .port_info 12 /OUTPUT 1 "mem_axi_arvalid";
    .port_info 13 /INPUT 1 "mem_axi_arready";
    .port_info 14 /OUTPUT 32 "mem_axi_araddr";
    .port_info 15 /OUTPUT 3 "mem_axi_arprot";
    .port_info 16 /INPUT 1 "mem_axi_rvalid";
    .port_info 17 /OUTPUT 1 "mem_axi_rready";
    .port_info 18 /INPUT 32 "mem_axi_rdata";
    .port_info 19 /INPUT 1 "mem_valid";
    .port_info 20 /INPUT 1 "mem_instr";
    .port_info 21 /OUTPUT 1 "mem_ready";
    .port_info 22 /INPUT 32 "mem_addr";
    .port_info 23 /INPUT 32 "mem_wdata";
    .port_info 24 /INPUT 4 "mem_wstrb";
    .port_info 25 /OUTPUT 32 "mem_rdata";
L_0xcb51ed420 .functor AND 1, v0xcb5262620_0, L_0xcb4d2d360, C4<1>, C4<1>;
L_0xcb51ed490 .functor AND 1, L_0xcb51ed420, L_0xcb4d2d400, C4<1>, C4<1>;
L_0xcb4c99500 .functor BUFZ 32, v0xcb5261680_0, C4<00000000000000000000000000000000>, C4<00000000000000000000000000000000>, C4<00000000000000000000000000000000>;
L_0xcb51ed500 .functor AND 1, v0xcb5262620_0, L_0xcb4d2d4a0, C4<1>, C4<1>;
L_0xcb51ed570 .functor AND 1, L_0xcb51ed500, L_0xcb4d2d540, C4<1>, C4<1>;
L_0xcb4c99570 .functor BUFZ 32, v0xcb5261680_0, C4<00000000000000000000000000000000>, C4<00000000000000000000000000000000>, C4<00000000000000000000000000000000>;
L_0xcb51ec770 .functor AND 1, v0xcb5262620_0, L_0xcb4d2d680, C4<1>, C4<1>;
L_0xcb51ec7e0 .functor AND 1, L_0xcb51ec770, L_0xcb4d2d720, C4<1>, C4<1>;
L_0xcb4c995e0 .functor BUFZ 32, v0xcb52626c0_0, C4<00000000000000000000000000000000>, C4<00000000000000000000000000000000>, C4<00000000000000000000000000000000>;
L_0xcb4c99650 .functor BUFZ 4, v0xcb5262800_0, C4<0000>, C4<0000>, C4<0000>;
L_0xcb51ec850 .functor OR 1, o0xcb5420520, o0xcb54205b0, C4<0>, C4<0>;
L_0xcb51ed2d0 .functor AND 1, v0xcb5262620_0, L_0xcb4d2d7c0, C4<1>, C4<1>;
L_0xcb51ed260 .functor AND 1, v0xcb5262620_0, L_0xcb4d2d860, C4<1>, C4<1>;
L_0xcb4c996c0 .functor BUFZ 32, o0xcb5420550, C4<00000000000000000000000000000000>, C4<00000000000000000000000000000000>, C4<00000000000000000000000000000000>;
v0xcb523c140_0 .net *"_ivl_1", 0 0, L_0xcb4d2d360;  1 drivers
v0xcb523c1e0_0 .net *"_ivl_13", 0 0, L_0xcb4d2d4a0;  1 drivers
v0xcb523c280_0 .net *"_ivl_15", 0 0, L_0xcb51ed500;  1 drivers
v0xcb523c320_0 .net *"_ivl_17", 0 0, L_0xcb4d2d540;  1 drivers
L_0xcb5454058 .functor BUFT 1, C4<100>, C4<0>, C4<0>, C4<0>;
v0xcb523c3c0_0 .net/2u *"_ivl_22", 2 0, L_0xcb5454058;  1 drivers
L_0xcb54540a0 .functor BUFT 1, C4<000>, C4<0>, C4<0>, C4<0>;
v0xcb523c460_0 .net/2u *"_ivl_24", 2 0, L_0xcb54540a0;  1 drivers
v0xcb523c500_0 .net *"_ivl_29", 0 0, L_0xcb4d2d680;  1 drivers
v0xcb523c5a0_0 .net *"_ivl_3", 0 0, L_0xcb51ed420;  1 drivers
v0xcb523c640_0 .net *"_ivl_31", 0 0, L_0xcb51ec770;  1 drivers
v0xcb523c6e0_0 .net *"_ivl_33", 0 0, L_0xcb4d2d720;  1 drivers
v0xcb523c780_0 .net *"_ivl_43", 0 0, L_0xcb4d2d7c0;  1 drivers
v0xcb523c820_0 .net *"_ivl_47", 0 0, L_0xcb4d2d860;  1 drivers
v0xcb523c8c0_0 .net *"_ivl_5", 0 0, L_0xcb4d2d400;  1 drivers
v0xcb523c960_0 .var "ack_arvalid", 0 0;
v0xcb523ca00_0 .var "ack_awvalid", 0 0;
v0xcb523caa0_0 .var "ack_wvalid", 0 0;
v0xcb523cb40_0 .net "clk", 0 0, o0xcb5420310;  alias, 0 drivers
v0xcb523cbe0_0 .net "mem_addr", 31 0, v0xcb5261680_0;  alias, 1 drivers
v0xcb523cc80_0 .net "mem_axi_araddr", 31 0, L_0xcb4c99570;  alias, 1 drivers
v0xcb523cd20_0 .net "mem_axi_arprot", 2 0, L_0xcb4d2d5e0;  alias, 1 drivers
v0xcb523cdc0_0 .net "mem_axi_arready", 0 0, o0xcb54203d0;  alias, 0 drivers
v0xcb523ce60_0 .net "mem_axi_arvalid", 0 0, L_0xcb51ed570;  alias, 1 drivers
v0xcb523cf00_0 .net "mem_axi_awaddr", 31 0, L_0xcb4c99500;  alias, 1 drivers
v0xcb523cfa0_0 .net "mem_axi_awprot", 2 0, L_0xcb5454010;  alias, 1 drivers
v0xcb523d040_0 .net "mem_axi_awready", 0 0, o0xcb5420490;  alias, 0 drivers
v0xcb523d0e0_0 .net "mem_axi_awvalid", 0 0, L_0xcb51ed490;  alias, 1 drivers
v0xcb523d180_0 .net "mem_axi_bready", 0 0, L_0xcb51ed2d0;  alias, 1 drivers
v0xcb523d220_0 .net "mem_axi_bvalid", 0 0, o0xcb5420520;  alias, 0 drivers
v0xcb523d2c0_0 .net "mem_axi_rdata", 31 0, o0xcb5420550;  alias, 0 drivers
v0xcb523d360_0 .net "mem_axi_rready", 0 0, L_0xcb51ed260;  alias, 1 drivers
v0xcb523d400_0 .net "mem_axi_rvalid", 0 0, o0xcb54205b0;  alias, 0 drivers
v0xcb523d4a0_0 .net "mem_axi_wdata", 31 0, L_0xcb4c995e0;  alias, 1 drivers
v0xcb523d540_0 .net "mem_axi_wready", 0 0, o0xcb5420610;  alias, 0 drivers
v0xcb523d5e0_0 .net "mem_axi_wstrb", 3 0, L_0xcb4c99650;  alias, 1 drivers
v0xcb523d680_0 .net "mem_axi_wvalid", 0 0, L_0xcb51ec7e0;  alias, 1 drivers
v0xcb523d720_0 .net "mem_instr", 0 0, v0xcb5261ae0_0;  alias, 1 drivers
v0xcb523d7c0_0 .net "mem_rdata", 31 0, L_0xcb4c996c0;  alias, 1 drivers
v0xcb523d860_0 .net "mem_ready", 0 0, L_0xcb51ec850;  alias, 1 drivers
v0xcb523d900_0 .net "mem_valid", 0 0, v0xcb5262620_0;  alias, 1 drivers
v0xcb523d9a0_0 .net "mem_wdata", 31 0, v0xcb52626c0_0;  alias, 1 drivers
v0xcb523da40_0 .net "mem_wstrb", 3 0, v0xcb5262800_0;  alias, 1 drivers
v0xcb523dae0_0 .net "resetn", 0 0, o0xcb54207c0;  alias, 0 drivers
v0xcb523db80_0 .var "xfer_done", 0 0;
E_0xcb5249a00 .event posedge, v0xcb523cb40_0;
L_0xcb4d2d360 .reduce/or v0xcb5262800_0;
L_0xcb4d2d400 .reduce/nor v0xcb523ca00_0;
L_0xcb4d2d4a0 .reduce/nor v0xcb5262800_0;
L_0xcb4d2d540 .reduce/nor v0xcb523c960_0;
L_0xcb4d2d5e0 .functor MUXZ 3, L_0xcb54540a0, L_0xcb5454058, v0xcb5261ae0_0, C4<>;
L_0xcb4d2d680 .reduce/or v0xcb5262800_0;
L_0xcb4d2d720 .reduce/nor v0xcb523caa0_0;
L_0xcb4d2d7c0 .reduce/or v0xcb5262800_0;
L_0xcb4d2d860 .reduce/nor v0xcb5262800_0;
S_0x102b1d720 .scope module, "picorv32_core" "picorv32" 3 2674, 3 62 0, S_0x102b1faa0;
 .timescale -9 -12;
    .port_info 0 /INPUT 1 "clk";
    .port_info 1 /INPUT 1 "resetn";
    .port_info 2 /OUTPUT 1 "trap";
    .port_info 3 /OUTPUT 1 "mem_valid";
    .port_info 4 /OUTPUT 1 "mem_instr";
    .port_info 5 /INPUT 1 "mem_ready";
    .port_info 6 /OUTPUT 32 "mem_addr";
    .port_info 7 /OUTPUT 32 "mem_wdata";
    .port_info 8 /OUTPUT 4 "mem_wstrb";
    .port_info 9 /INPUT 32 "mem_rdata";
    .port_info 10 /OUTPUT 1 "mem_la_read";
    .port_info 11 /OUTPUT 1 "mem_la_write";
    .port_info 12 /OUTPUT 32 "mem_la_addr";
    .port_info 13 /OUTPUT 32 "mem_la_wdata";
    .port_info 14 /OUTPUT 4 "mem_la_wstrb";
    .port_info 15 /OUTPUT 1 "pcpi_valid";
    .port_info 16 /OUTPUT 32 "pcpi_insn";
    .port_info 17 /OUTPUT 32 "pcpi_rs1";
    .port_info 18 /OUTPUT 32 "pcpi_rs2";
    .port_info 19 /INPUT 1 "pcpi_wr";
    .port_info 20 /INPUT 32 "pcpi_rd";
    .port_info 21 /INPUT 1 "pcpi_wait";
    .port_info 22 /INPUT 1 "pcpi_ready";
    .port_info 23 /INPUT 32 "irq";
    .port_info 24 /OUTPUT 32 "eoi";
    .port_info 25 /OUTPUT 1 "trace_valid";
    .port_info 26 /OUTPUT 36 "trace_data";
P_0x102b33de0 .param/l "BARREL_SHIFTER" 0 3 69, C4<0>;
P_0x102b33e20 .param/l "CATCH_ILLINSN" 0 3 74, C4<1>;
P_0x102b33e60 .param/l "CATCH_MISALIGN" 0 3 73, C4<1>;
P_0x102b33ea0 .param/l "COMPRESSED_ISA" 0 3 72, C4<0>;
P_0x102b33ee0 .param/l "ENABLE_COUNTERS" 0 3 63, C4<1>;
P_0x102b33f20 .param/l "ENABLE_COUNTERS64" 0 3 64, C4<1>;
P_0x102b33f60 .param/l "ENABLE_DIV" 0 3 78, C4<0>;
P_0x102b33fa0 .param/l "ENABLE_FAST_MUL" 0 3 77, C4<0>;
P_0x102b33fe0 .param/l "ENABLE_IRQ" 0 3 79, C4<0>;
P_0x102b34020 .param/l "ENABLE_IRQ_QREGS" 0 3 80, C4<1>;
P_0x102b34060 .param/l "ENABLE_IRQ_TIMER" 0 3 81, C4<1>;
P_0x102b340a0 .param/l "ENABLE_MUL" 0 3 76, C4<0>;
P_0x102b340e0 .param/l "ENABLE_PCPI" 0 3 75, C4<0>;
P_0x102b34120 .param/l "ENABLE_REGS_16_31" 0 3 65, C4<1>;
P_0x102b34160 .param/l "ENABLE_REGS_DUALPORT" 0 3 66, C4<1>;
P_0x102b341a0 .param/l "ENABLE_TRACE" 0 3 82, C4<0>;
P_0x102b341e0 .param/l "LATCHED_IRQ" 0 3 85, C4<11111111111111111111111111111111>;
P_0x102b34220 .param/l "LATCHED_MEM_RDATA" 0 3 67, C4<0>;
P_0x102b34260 .param/l "MASKED_IRQ" 0 3 84, C4<00000000000000000000000000000000>;
P_0x102b342a0 .param/l "PROGADDR_IRQ" 0 3 87, C4<00000000000000000000000000010000>;
P_0x102b342e0 .param/l "PROGADDR_RESET" 0 3 86, C4<00000000000000000000000000000000>;
P_0x102b34320 .param/l "REGS_INIT_ZERO" 0 3 83, C4<0>;
P_0x102b34360 .param/l "STACKADDR" 0 3 88, C4<11111111111111111111111111111111>;
P_0x102b343a0 .param/l "TRACE_ADDR" 1 3 172, C4<001000000000000000000000000000000000>;
P_0x102b343e0 .param/l "TRACE_BRANCH" 1 3 171, C4<000100000000000000000000000000000000>;
P_0x102b34420 .param/l "TRACE_IRQ" 1 3 173, C4<100000000000000000000000000000000000>;
P_0x102b34460 .param/l "TWO_CYCLE_ALU" 0 3 71, C4<0>;
P_0x102b344a0 .param/l "TWO_CYCLE_COMPARE" 0 3 70, C4<0>;
P_0x102b344e0 .param/l "TWO_STAGE_SHIFT" 0 3 68, C4<1>;
P_0x102b34520 .param/l "WITH_PCPI" 1 3 169, C4<0>;
P_0x102b34560 .param/l "cpu_state_exec" 1 3 1176, C4<00001000>;
P_0x102b345a0 .param/l "cpu_state_fetch" 1 3 1173, C4<01000000>;
P_0x102b345e0 .param/l "cpu_state_ld_rs1" 1 3 1174, C4<00100000>;
P_0x102b34620 .param/l "cpu_state_ld_rs2" 1 3 1175, C4<00010000>;
P_0x102b34660 .param/l "cpu_state_ldmem" 1 3 1179, C4<00000001>;
P_0x102b346a0 .param/l "cpu_state_shift" 1 3 1177, C4<00000100>;
P_0x102b346e0 .param/l "cpu_state_stmem" 1 3 1178, C4<00000010>;
P_0x102b34720 .param/l "cpu_state_trap" 1 3 1172, C4<10000000>;
P_0x102b34760 .param/l "irq_buserror" 1 3 163, +C4<00000000000000000000000000000010>;
P_0x102b347a0 .param/l "irq_ebreak" 1 3 162, +C4<00000000000000000000000000000001>;
P_0x102b347e0 .param/l "irq_timer" 1 3 161, +C4<00000000000000000000000000000000>;
P_0x102b34820 .param/l "irqregs_offset" 1 3 165, +C4<00000000000000000000000000100000>;
P_0x102b34860 .param/l "regfile_size" 1 3 166, +C4<00000000000000000000000000100000>;
P_0x102b348a0 .param/l "regindex_bits" 1 3 167, +C4<00000000000000000000000000000101>;
L_0xcb4c99730 .functor BUFZ 1, v0xcb5262620_0, C4<0>, C4<0>, C4<0>;
L_0xcb4c997a0 .functor BUFZ 1, v0xcb5261ae0_0, C4<0>, C4<0>, C4<0>;
L_0xcb4c99810 .functor BUFZ 1, L_0xcb51ec850, C4<0>, C4<0>, C4<0>;
L_0xcb4c99880 .functor BUFZ 32, v0xcb5261680_0, C4<00000000000000000000000000000000>, C4<00000000000000000000000000000000>, C4<00000000000000000000000000000000>;
L_0xcb4c998f0 .functor BUFZ 32, v0xcb52626c0_0, C4<00000000000000000000000000000000>, C4<00000000000000000000000000000000>, C4<00000000000000000000000000000000>;
L_0xcb4c99960 .functor BUFZ 4, v0xcb5262800_0, C4<0000>, C4<0000>, C4<0000>;
L_0xcb4c999d0 .functor BUFZ 32, L_0xcb4c996c0, C4<00000000000000000000000000000000>, C4<00000000000000000000000000000000>, C4<00000000000000000000000000000000>;
L_0xcb4c99a40 .functor BUFZ 32, v0xcb5263de0_0, C4<00000000000000000000000000000000>, C4<00000000000000000000000000000000>, C4<00000000000000000000000000000000>;
L_0xcb4c99ab0 .functor BUFZ 32, v0xcb5263e80_0, C4<00000000000000000000000000000000>, C4<00000000000000000000000000000000>, C4<00000000000000000000000000000000>;
L_0xcb51ec930 .functor AND 1, v0xcb5262620_0, L_0xcb51ec850, C4<1>, C4<1>;
L_0xcb54543b8 .functor BUFT 1, C4<0>, C4<0>, C4<0>, C4<0>;
L_0xcb51ec9a0 .functor AND 1, L_0xcb54543b8, v0xcb5261900_0, C4<1>, C4<1>;
L_0xcb51ecaf0 .functor OR 1, L_0xcb51ec930, L_0xcb51ec9a0, C4<0>, C4<0>;
L_0xcb51ecbd0 .functor AND 1, L_0xcb51ecaf0, L_0xcb4d2da40, C4<1>, C4<1>;
L_0xcb51eccb0 .functor OR 1, v0xcb5261900_0, v0xcb5261860_0, C4<0>, C4<0>;
L_0xcb51ecd90 .functor OR 1, L_0xcb51eccb0, v0xcb52619a0_0, C4<0>, C4<0>;
L_0xcb51ecc40 .functor AND 1, L_0xcb51ecbd0, L_0xcb51ecd90, C4<1>, C4<1>;
L_0xcb51ece70 .functor AND 1, L_0xcb4d2dae0, v0xcb5261900_0, C4<1>, C4<1>;
L_0xcb51ecfc0 .functor OR 1, L_0xcb51ecc40, L_0xcb51ece70, C4<0>, C4<0>;
L_0xcb51ed110 .functor AND 1, o0xcb54207c0, L_0xcb51ecfc0, C4<1>, C4<1>;
L_0xcb51ec070 .functor AND 1, L_0xcb4d2dc20, L_0xcb51ecaf0, C4<1>, C4<1>;
L_0xcb51ec0e0 .functor OR 1, L_0xcb4d2db80, L_0xcb51ec070, C4<0>, C4<0>;
L_0xcb51ec150 .functor AND 1, L_0xcb51ed110, L_0xcb51ec0e0, C4<1>, C4<1>;
L_0xcb51ec230 .functor AND 1, o0xcb54207c0, L_0xcb4d2dcc0, C4<1>, C4<1>;
L_0xcb51ec310 .functor AND 1, L_0xcb51ec230, v0xcb52619a0_0, C4<1>, C4<1>;
L_0xcb51ec460 .functor AND 1, L_0xcb4d2dd60, L_0xcb4d2de00, C4<1>, C4<1>;
L_0xcb51ec5b0 .functor OR 1, v0xcb5261900_0, v0xcb52617c0_0, C4<0>, C4<0>;
L_0xcb51ed5e0 .functor OR 1, L_0xcb51ec5b0, v0xcb5261860_0, C4<0>, C4<0>;
L_0xcb51ed650 .functor AND 1, L_0xcb51ec460, L_0xcb51ed5e0, C4<1>, C4<1>;
L_0xcb5454400 .functor BUFT 1, C4<0>, C4<0>, C4<0>, C4<0>;
L_0xcb51ed6c0 .functor OR 1, L_0xcb51ed650, L_0xcb5454400, C4<0>, C4<0>;
L_0xcb51ed730 .functor AND 1, o0xcb54207c0, L_0xcb51ed6c0, C4<1>, C4<1>;
L_0xcb51ed7a0 .functor OR 1, v0xcb52617c0_0, v0xcb5261900_0, C4<0>, C4<0>;
L_0xcb54544d8 .functor BUFT 1, C4<0>, C4<0>, C4<0>, C4<0>;
L_0xcb51ed810 .functor OR 1, L_0xcb51ecaf0, L_0xcb54544d8, C4<0>, C4<0>;
L_0xcb4c99b20 .functor BUFZ 32, L_0xcb4d2e120, C4<00000000000000000000000000000000>, C4<00000000000000000000000000000000>, C4<00000000000000000000000000000000>;
L_0xcb5454520 .functor BUFT 1, C4<1>, C4<0>, C4<0>, C4<0>;
L_0xcb51ed880 .functor AND 1, L_0xcb5454520, L_0xcb4d2e260, C4<1>, C4<1>;
L_0xcb51ed8f0 .functor AND 1, v0xcb52614a0_0, v0xcb5261040_0, C4<1>, C4<1>;
L_0xcb5454568 .functor BUFT 1, C4<11111111111111111111111111111110>, C4<0>, C4<0>, C4<0>;
L_0xcb51ed960 .functor AND 32, v0xcb5263f20_0, L_0xcb5454568, C4<11111111111111111111111111111111>, C4<11111111111111111111111111111111>;
L_0xcb51ed9d0 .functor AND 1, L_0xcb5289d60, v0xcb525e080_0, C4<1>, C4<1>;
L_0xcb54545f8 .functor BUFT 1, C4<1>, C4<0>, C4<0>, C4<0>;
L_0xcb51eda40 .functor AND 1, L_0xcb51ed9d0, L_0xcb54545f8, C4<1>, C4<1>;
v0xcb523dc20_0 .net *"_ivl_100", 31 0, L_0xcb4d2df40;  1 drivers
v0xcb523dcc0_0 .net *"_ivl_103", 29 0, L_0xcb5289cc0;  1 drivers
L_0xcb5454490 .functor BUFT 1, C4<00>, C4<0>, C4<0>, C4<0>;
v0xcb523dd60_0 .net/2u *"_ivl_104", 1 0, L_0xcb5454490;  1 drivers
v0xcb523de00_0 .net *"_ivl_106", 31 0, L_0xcb4d2dfe0;  1 drivers
v0xcb523dea0_0 .net/2u *"_ivl_110", 0 0, L_0xcb54544d8;  1 drivers
v0xcb523df40_0 .net *"_ivl_113", 0 0, L_0xcb51ed810;  1 drivers
v0xcb523dfe0_0 .net/2u *"_ivl_118", 0 0, L_0xcb5454520;  1 drivers
v0xcb523e080_0 .net *"_ivl_120", 47 0, L_0xcb4d2e1c0;  1 drivers
v0xcb523e120_0 .net *"_ivl_123", 0 0, L_0xcb4d2e260;  1 drivers
v0xcb523e1c0_0 .net *"_ivl_126", 3 0, L_0xcb4d2e300;  1 drivers
v0xcb523e260_0 .net *"_ivl_131", 0 0, L_0xcb51ed8f0;  1 drivers
v0xcb523e300_0 .net/2u *"_ivl_132", 31 0, L_0xcb5454568;  1 drivers
v0xcb523e3a0_0 .net *"_ivl_134", 31 0, L_0xcb51ed960;  1 drivers
L_0xcb54545b0 .functor BUFT 1, C4<01000000>, C4<0>, C4<0>, C4<0>;
v0xcb523e440_0 .net/2u *"_ivl_138", 7 0, L_0xcb54545b0;  1 drivers
v0xcb523e4e0_0 .net *"_ivl_140", 0 0, L_0xcb5289d60;  1 drivers
v0xcb523e580_0 .net *"_ivl_143", 0 0, L_0xcb51ed9d0;  1 drivers
v0xcb523e620_0 .net/2u *"_ivl_144", 0 0, L_0xcb54545f8;  1 drivers
v0xcb523e6c0_0 .net *"_ivl_25", 0 0, L_0xcb51ec930;  1 drivers
v0xcb523e760_0 .net *"_ivl_27", 0 0, L_0xcb51ec9a0;  1 drivers
v0xcb523e800_0 .net *"_ivl_30", 3 0, L_0xcb4d2d900;  1 drivers
v0xcb523e8a0_0 .net *"_ivl_35", 0 0, L_0xcb4d2da40;  1 drivers
v0xcb523e940_0 .net *"_ivl_37", 0 0, L_0xcb51ecbd0;  1 drivers
v0xcb523e9e0_0 .net *"_ivl_39", 0 0, L_0xcb51eccb0;  1 drivers
v0xcb523ea80_0 .net *"_ivl_41", 0 0, L_0xcb51ecd90;  1 drivers
v0xcb523eb20_0 .net *"_ivl_43", 0 0, L_0xcb51ecc40;  1 drivers
v0xcb523ebc0_0 .net *"_ivl_45", 0 0, L_0xcb4d2dae0;  1 drivers
v0xcb523ec60_0 .net *"_ivl_47", 0 0, L_0xcb51ece70;  1 drivers
v0xcb523ed00_0 .net *"_ivl_49", 0 0, L_0xcb51ecfc0;  1 drivers
v0xcb523eda0_0 .net *"_ivl_51", 0 0, L_0xcb51ed110;  1 drivers
v0xcb523ee40_0 .net *"_ivl_53", 0 0, L_0xcb4d2db80;  1 drivers
v0xcb523eee0_0 .net *"_ivl_55", 1 0, L_0xcb5289b80;  1 drivers
v0xcb523ef80_0 .net *"_ivl_57", 0 0, L_0xcb4d2dc20;  1 drivers
v0xcb523f020_0 .net *"_ivl_59", 0 0, L_0xcb51ec070;  1 drivers
v0xcb523f0c0_0 .net *"_ivl_61", 0 0, L_0xcb51ec0e0;  1 drivers
v0xcb523f160_0 .net *"_ivl_65", 0 0, L_0xcb4d2dcc0;  1 drivers
v0xcb523f200_0 .net *"_ivl_67", 0 0, L_0xcb51ec230;  1 drivers
v0xcb523f2a0_0 .net *"_ivl_71", 0 0, L_0xcb4d2dd60;  1 drivers
v0xcb523f340_0 .net *"_ivl_73", 0 0, L_0xcb4d2de00;  1 drivers
v0xcb523f3e0_0 .net *"_ivl_75", 0 0, L_0xcb51ec460;  1 drivers
v0xcb523f480_0 .net *"_ivl_77", 0 0, L_0xcb51ec5b0;  1 drivers
v0xcb523f520_0 .net *"_ivl_79", 0 0, L_0xcb51ed5e0;  1 drivers
v0xcb523f5c0_0 .net *"_ivl_81", 0 0, L_0xcb51ed650;  1 drivers
v0xcb523f660_0 .net/2u *"_ivl_82", 0 0, L_0xcb5454400;  1 drivers
v0xcb523f700_0 .net *"_ivl_85", 0 0, L_0xcb51ed6c0;  1 drivers
v0xcb523f7a0_0 .net *"_ivl_89", 0 0, L_0xcb51ed7a0;  1 drivers
v0xcb523f840_0 .net *"_ivl_91", 29 0, L_0xcb5289c20;  1 drivers
L_0xcb54552a0 .functor BUFT 1, C4<000000000000000000000000000000>, C4<0>, C4<0>, C4<0>;
v0xcb523f8e0_0 .net *"_ivl_92", 29 0, L_0xcb54552a0;  1 drivers
v0xcb523f980_0 .net *"_ivl_96", 29 0, L_0xcb4d2dea0;  1 drivers
L_0xcb5454448 .functor BUFT 1, C4<00>, C4<0>, C4<0>, C4<0>;
v0xcb523fa20_0 .net/2u *"_ivl_98", 1 0, L_0xcb5454448;  1 drivers
v0xcb523fac0_0 .var "alu_add_sub", 31 0;
v0xcb523fb60_0 .var "alu_eq", 0 0;
v0xcb523fc00_0 .var "alu_lts", 0 0;
v0xcb523fca0_0 .var "alu_ltu", 0 0;
v0xcb523fd40_0 .var "alu_out", 31 0;
v0xcb523fde0_0 .var "alu_out_0", 0 0;
v0xcb523fe80_0 .var "alu_out_0_q", 0 0;
v0xcb523ff20_0 .var "alu_out_q", 31 0;
v0xcb525c000_0 .var "alu_shl", 31 0;
v0xcb525c0a0_0 .var "alu_shr", 31 0;
v0xcb525c140_0 .var "alu_wait", 0 0;
v0xcb525c1e0_0 .var "alu_wait_2", 0 0;
v0xcb525c280_0 .var "cached_ascii_instr", 63 0;
v0xcb525c320_0 .var "cached_insn_imm", 31 0;
v0xcb525c3c0_0 .var "cached_insn_opcode", 31 0;
v0xcb525c460_0 .var "cached_insn_rd", 4 0;
v0xcb525c500_0 .var "cached_insn_rs1", 4 0;
v0xcb525c5a0_0 .var "cached_insn_rs2", 4 0;
v0xcb525c640_0 .var "clear_prefetched_high_word", 0 0;
v0xcb525c6e0_0 .var "clear_prefetched_high_word_q", 0 0;
v0xcb525c780_0 .net "clk", 0 0, o0xcb5420310;  alias, 0 drivers
v0xcb525c820_0 .var "compressed_instr", 0 0;
v0xcb525c8c0_0 .var "count_cycle", 63 0;
v0xcb525c960_0 .var "count_instr", 63 0;
v0xcb525ca00_0 .var "cpu_state", 7 0;
v0xcb525caa0 .array "cpuregs", 31 0, 31 0;
v0xcb525cb40_0 .var "cpuregs_rs1", 31 0;
v0xcb525cbe0_0 .var "cpuregs_rs2", 31 0;
v0xcb525cc80_0 .var "cpuregs_wrdata", 31 0;
v0xcb525cd20_0 .var "cpuregs_write", 0 0;
v0xcb525cdc0_0 .var "current_pc", 31 0;
v0xcb525ce60_0 .var "dbg_ascii_instr", 63 0;
v0xcb525cf00_0 .var "dbg_ascii_state", 127 0;
v0xcb525cfa0_0 .var "dbg_insn_addr", 31 0;
v0xcb525d040_0 .var "dbg_insn_imm", 31 0;
v0xcb525d0e0_0 .var "dbg_insn_opcode", 31 0;
v0xcb525d180_0 .var "dbg_insn_rd", 4 0;
v0xcb525d220_0 .var "dbg_insn_rs1", 4 0;
v0xcb525d2c0_0 .var "dbg_insn_rs2", 4 0;
v0xcb525d360_0 .net "dbg_mem_addr", 31 0, L_0xcb4c99880;  1 drivers
v0xcb525d400_0 .net "dbg_mem_instr", 0 0, L_0xcb4c997a0;  1 drivers
v0xcb525d4a0_0 .net "dbg_mem_rdata", 31 0, L_0xcb4c999d0;  1 drivers
v0xcb525d540_0 .net "dbg_mem_ready", 0 0, L_0xcb4c99810;  1 drivers
v0xcb525d5e0_0 .net "dbg_mem_valid", 0 0, L_0xcb4c99730;  1 drivers
v0xcb525d680_0 .net "dbg_mem_wdata", 31 0, L_0xcb4c998f0;  1 drivers
v0xcb525d720_0 .net "dbg_mem_wstrb", 3 0, L_0xcb4c99960;  1 drivers
v0xcb525d7c0_0 .var "dbg_next", 0 0;
v0xcb525d860_0 .var "dbg_rs1val", 31 0;
v0xcb525d900_0 .var "dbg_rs1val_valid", 0 0;
v0xcb525d9a0_0 .var "dbg_rs2val", 31 0;
v0xcb525da40_0 .var "dbg_rs2val_valid", 0 0;
v0xcb525dae0_0 .var "dbg_valid_insn", 0 0;
v0xcb525db80_0 .var "decoded_imm", 31 0;
v0xcb525dc20_0 .var "decoded_imm_j", 31 0;
v0xcb525dcc0_0 .var "decoded_rd", 4 0;
v0xcb525dd60_0 .var "decoded_rs", 4 0;
v0xcb525de00_0 .var "decoded_rs1", 4 0;
v0xcb525dea0_0 .var "decoded_rs2", 4 0;
v0xcb525df40_0 .var "decoder_pseudo_trigger", 0 0;
v0xcb525dfe0_0 .var "decoder_pseudo_trigger_q", 0 0;
v0xcb525e080_0 .var "decoder_trigger", 0 0;
v0xcb525e120_0 .var "decoder_trigger_q", 0 0;
v0xcb525e1c0_0 .var "do_waitirq", 0 0;
v0xcb525e260_0 .var "eoi", 31 0;
v0xcb525e300_0 .var "instr_add", 0 0;
v0xcb525e3a0_0 .var "instr_addi", 0 0;
v0xcb525e440_0 .var "instr_and", 0 0;
v0xcb525e4e0_0 .var "instr_andi", 0 0;
v0xcb525e580_0 .var "instr_auipc", 0 0;
v0xcb525e620_0 .var "instr_beq", 0 0;
v0xcb525e6c0_0 .var "instr_bge", 0 0;
v0xcb525e760_0 .var "instr_bgeu", 0 0;
v0xcb525e800_0 .var "instr_blt", 0 0;
v0xcb525e8a0_0 .var "instr_bltu", 0 0;
v0xcb525e940_0 .var "instr_bne", 0 0;
v0xcb525e9e0_0 .var "instr_ecall_ebreak", 0 0;
v0xcb525ea80_0 .var "instr_fence", 0 0;
v0xcb525eb20_0 .var "instr_getq", 0 0;
v0xcb525ebc0_0 .var "instr_jal", 0 0;
v0xcb525ec60_0 .var "instr_jalr", 0 0;
v0xcb525ed00_0 .var "instr_lb", 0 0;
v0xcb525eda0_0 .var "instr_lbu", 0 0;
v0xcb525ee40_0 .var "instr_lh", 0 0;
v0xcb525eee0_0 .var "instr_lhu", 0 0;
v0xcb525ef80_0 .var "instr_lui", 0 0;
v0xcb525f020_0 .var "instr_lw", 0 0;
v0xcb525f0c0_0 .var "instr_maskirq", 0 0;
v0xcb525f160_0 .var "instr_or", 0 0;
v0xcb525f200_0 .var "instr_ori", 0 0;
v0xcb525f2a0_0 .var "instr_rdcycle", 0 0;
v0xcb525f340_0 .var "instr_rdcycleh", 0 0;
v0xcb525f3e0_0 .var "instr_rdinstr", 0 0;
v0xcb525f480_0 .var "instr_rdinstrh", 0 0;
v0xcb525f520_0 .var "instr_retirq", 0 0;
v0xcb525f5c0_0 .var "instr_sb", 0 0;
v0xcb525f660_0 .var "instr_setq", 0 0;
v0xcb525f700_0 .var "instr_sh", 0 0;
v0xcb525f7a0_0 .var "instr_sll", 0 0;
v0xcb525f840_0 .var "instr_slli", 0 0;
v0xcb525f8e0_0 .var "instr_slt", 0 0;
v0xcb525f980_0 .var "instr_slti", 0 0;
v0xcb525fa20_0 .var "instr_sltiu", 0 0;
v0xcb525fac0_0 .var "instr_sltu", 0 0;
v0xcb525fb60_0 .var "instr_sra", 0 0;
v0xcb525fc00_0 .var "instr_srai", 0 0;
v0xcb525fca0_0 .var "instr_srl", 0 0;
v0xcb525fd40_0 .var "instr_srli", 0 0;
v0xcb525fde0_0 .var "instr_sub", 0 0;
v0xcb525fe80_0 .var "instr_sw", 0 0;
v0xcb525ff20_0 .var "instr_timer", 0 0;
v0xcb5260000_0 .net "instr_trap", 0 0, L_0xcb51ed880;  1 drivers
v0xcb52600a0_0 .var "instr_waitirq", 0 0;
v0xcb5260140_0 .var "instr_xor", 0 0;
v0xcb52601e0_0 .var "instr_xori", 0 0;
v0xcb5260280_0 .net "irq", 31 0, o0xcb5423130;  alias, 0 drivers
v0xcb5260320_0 .var "irq_active", 0 0;
v0xcb52603c0_0 .var "irq_delay", 0 0;
v0xcb5260460_0 .var "irq_mask", 31 0;
v0xcb5260500_0 .var "irq_pending", 31 0;
v0xcb52605a0_0 .var "irq_state", 1 0;
v0xcb5260640_0 .var "is_alu_reg_imm", 0 0;
v0xcb52606e0_0 .var "is_alu_reg_reg", 0 0;
v0xcb5260780_0 .var "is_beq_bne_blt_bge_bltu_bgeu", 0 0;
v0xcb5260820_0 .var "is_compare", 0 0;
v0xcb52608c0_0 .var "is_jalr_addi_slti_sltiu_xori_ori_andi", 0 0;
v0xcb5260960_0 .var "is_lb_lh_lw_lbu_lhu", 0 0;
v0xcb5260a00_0 .var "is_lbu_lhu_lw", 0 0;
v0xcb5260aa0_0 .var "is_lui_auipc_jal", 0 0;
v0xcb5260b40_0 .var "is_lui_auipc_jal_jalr_addi_add_sub", 0 0;
v0xcb5260be0_0 .net "is_rdcycle_rdcycleh_rdinstr_rdinstrh", 0 0, L_0xcb4d2e3a0;  1 drivers
v0xcb5260c80_0 .var "is_sb_sh_sw", 0 0;
v0xcb5260d20_0 .var "is_sll_srl_sra", 0 0;
v0xcb5260dc0_0 .var "is_slli_srli_srai", 0 0;
v0xcb5260e60_0 .var "is_slti_blt_slt", 0 0;
v0xcb5260f00_0 .var "is_sltiu_bltu_sltu", 0 0;
v0xcb5260fa0_0 .var "last_mem_valid", 0 0;
v0xcb5261040_0 .var "latched_branch", 0 0;
v0xcb52610e0_0 .var "latched_compr", 0 0;
v0xcb5261180_0 .var "latched_is_lb", 0 0;
v0xcb5261220_0 .var "latched_is_lh", 0 0;
v0xcb52612c0_0 .var "latched_is_lu", 0 0;
v0xcb5261360_0 .var "latched_rd", 4 0;
v0xcb5261400_0 .var "latched_stalu", 0 0;
v0xcb52614a0_0 .var "latched_store", 0 0;
v0xcb5261540_0 .var "latched_trace", 0 0;
v0xcb52615e0_0 .net "launch_next_insn", 0 0, L_0xcb51eda40;  1 drivers
v0xcb5261680_0 .var "mem_addr", 31 0;
v0xcb5261720_0 .net "mem_busy", 0 0, L_0xcb4d2d9a0;  1 drivers
v0xcb52617c0_0 .var "mem_do_prefetch", 0 0;
v0xcb5261860_0 .var "mem_do_rdata", 0 0;
v0xcb5261900_0 .var "mem_do_rinst", 0 0;
v0xcb52619a0_0 .var "mem_do_wdata", 0 0;
v0xcb5261a40_0 .net "mem_done", 0 0, L_0xcb51ec150;  1 drivers
v0xcb5261ae0_0 .var "mem_instr", 0 0;
v0xcb5261b80_0 .net "mem_la_addr", 31 0, L_0xcb4d2e080;  1 drivers
L_0xcb5454328 .functor BUFT 1, C4<0>, C4<0>, C4<0>, C4<0>;
v0xcb5261c20_0 .net "mem_la_firstword", 0 0, L_0xcb5454328;  1 drivers
v0xcb5261cc0_0 .var "mem_la_firstword_reg", 0 0;
L_0xcb5454370 .functor BUFT 1, C4<0>, C4<0>, C4<0>, C4<0>;
v0xcb5261d60_0 .net "mem_la_firstword_xfer", 0 0, L_0xcb5454370;  1 drivers
v0xcb5261e00_0 .net "mem_la_read", 0 0, L_0xcb51ed730;  1 drivers
v0xcb5261ea0_0 .var "mem_la_secondword", 0 0;
v0xcb5261f40_0 .net "mem_la_use_prefetched_high_word", 0 0, L_0xcb54543b8;  1 drivers
v0xcb5261fe0_0 .var "mem_la_wdata", 31 0;
v0xcb5262080_0 .net "mem_la_write", 0 0, L_0xcb51ec310;  1 drivers
v0xcb5262120_0 .var "mem_la_wstrb", 3 0;
v0xcb52621c0_0 .net "mem_rdata", 31 0, L_0xcb4c996c0;  alias, 1 drivers
v0xcb5262260_0 .net "mem_rdata_latched", 31 0, L_0xcb4c99b20;  1 drivers
v0xcb5262300_0 .net "mem_rdata_latched_noshuffle", 31 0, L_0xcb4d2e120;  1 drivers
v0xcb52623a0_0 .var "mem_rdata_q", 31 0;
v0xcb5262440_0 .var "mem_rdata_word", 31 0;
v0xcb52624e0_0 .net "mem_ready", 0 0, L_0xcb51ec850;  alias, 1 drivers
v0xcb5262580_0 .var "mem_state", 1 0;
v0xcb5262620_0 .var "mem_valid", 0 0;
v0xcb52626c0_0 .var "mem_wdata", 31 0;
v0xcb5262760_0 .var "mem_wordsize", 1 0;
v0xcb5262800_0 .var "mem_wstrb", 3 0;
v0xcb52628a0_0 .net "mem_xfer", 0 0, L_0xcb51ecaf0;  1 drivers
v0xcb5262940_0 .var "new_ascii_instr", 63 0;
v0xcb52629e0_0 .var "next_insn_opcode", 31 0;
v0xcb5262a80_0 .var "next_irq_pending", 31 0;
v0xcb5262b20_0 .net "next_pc", 31 0, L_0xcb4d2e440;  1 drivers
L_0xcb5454250 .functor BUFT 1, C4<xxxxxxxxxxxxxxxxxxxxxxxxxxxxxxxx>, C4<0>, C4<0>, C4<0>;
v0xcb5262bc0_0 .net "pcpi_div_rd", 31 0, L_0xcb5454250;  1 drivers
L_0xcb54542e0 .functor BUFT 1, C4<0>, C4<0>, C4<0>, C4<0>;
v0xcb5262c60_0 .net "pcpi_div_ready", 0 0, L_0xcb54542e0;  1 drivers
L_0xcb5454298 .functor BUFT 1, C4<0>, C4<0>, C4<0>, C4<0>;
v0xcb5262d00_0 .net "pcpi_div_wait", 0 0, L_0xcb5454298;  1 drivers
L_0xcb5454208 .functor BUFT 1, C4<0>, C4<0>, C4<0>, C4<0>;
v0xcb5262da0_0 .net "pcpi_div_wr", 0 0, L_0xcb5454208;  1 drivers
v0xcb5262e40_0 .var "pcpi_insn", 31 0;
v0xcb5262ee0_0 .var "pcpi_int_rd", 31 0;
v0xcb5262f80_0 .var "pcpi_int_ready", 0 0;
v0xcb5263020_0 .var "pcpi_int_wait", 0 0;
v0xcb52630c0_0 .var "pcpi_int_wr", 0 0;
L_0xcb5454130 .functor BUFT 1, C4<xxxxxxxxxxxxxxxxxxxxxxxxxxxxxxxx>, C4<0>, C4<0>, C4<0>;
v0xcb5263160_0 .net "pcpi_mul_rd", 31 0, L_0xcb5454130;  1 drivers
L_0xcb54541c0 .functor BUFT 1, C4<0>, C4<0>, C4<0>, C4<0>;
v0xcb5263200_0 .net "pcpi_mul_ready", 0 0, L_0xcb54541c0;  1 drivers
L_0xcb5454178 .functor BUFT 1, C4<0>, C4<0>, C4<0>, C4<0>;
v0xcb52632a0_0 .net "pcpi_mul_wait", 0 0, L_0xcb5454178;  1 drivers
L_0xcb54540e8 .functor BUFT 1, C4<0>, C4<0>, C4<0>, C4<0>;
v0xcb5263340_0 .net "pcpi_mul_wr", 0 0, L_0xcb54540e8;  1 drivers
v0xcb52633e0_0 .net "pcpi_rd", 31 0, o0xcb5423eb0;  alias, 0 drivers
v0xcb5263480_0 .net "pcpi_ready", 0 0, o0xcb5423ee0;  alias, 0 drivers
v0xcb5263520_0 .net "pcpi_rs1", 31 0, L_0xcb4c99a40;  alias, 1 drivers
v0xcb52635c0_0 .net "pcpi_rs2", 31 0, L_0xcb4c99ab0;  alias, 1 drivers
v0xcb5263660_0 .var "pcpi_timeout", 0 0;
v0xcb5263700_0 .var "pcpi_valid", 0 0;
v0xcb52637a0_0 .net "pcpi_wait", 0 0, o0xcb5423fd0;  alias, 0 drivers
v0xcb5263840_0 .net "pcpi_wr", 0 0, o0xcb5424000;  alias, 0 drivers
v0xcb52638e0_0 .var "prefetched_high_word", 0 0;
v0xcb5263980_0 .var "q_ascii_instr", 63 0;
v0xcb5263a20_0 .var "q_insn_imm", 31 0;
v0xcb5263ac0_0 .var "q_insn_opcode", 31 0;
v0xcb5263b60_0 .var "q_insn_rd", 4 0;
v0xcb5263c00_0 .var "q_insn_rs1", 4 0;
v0xcb5263ca0_0 .var "q_insn_rs2", 4 0;
v0xcb5263d40_0 .var "reg_next_pc", 31 0;
v0xcb5263de0_0 .var "reg_op1", 31 0;
v0xcb5263e80_0 .var "reg_op2", 31 0;
v0xcb5263f20_0 .var "reg_out", 31 0;
v0xcb5264000_0 .var "reg_pc", 31 0;
v0xcb52640a0_0 .var "reg_sh", 4 0;
v0xcb5264140_0 .net "resetn", 0 0, o0xcb54207c0;  alias, 0 drivers
v0xcb52641e0_0 .var "set_mem_do_rdata", 0 0;
v0xcb5264280_0 .var "set_mem_do_rinst", 0 0;
v0xcb5264320_0 .var "set_mem_do_wdata", 0 0;
v0xcb52643c0_0 .var "timer", 31 0;
v0xcb5264460_0 .var "trace_data", 35 0;
v0xcb5264500_0 .var "trace_valid", 0 0;
v0xcb52645a0_0 .var "trap", 0 0;
v0xcb525caa0_0 .array/port v0xcb525caa0, 0;
v0xcb525caa0_1 .array/port v0xcb525caa0, 1;
v0xcb525caa0_2 .array/port v0xcb525caa0, 2;
E_0xcb5249a40/0 .event anyedge, v0xcb525de00_0, v0xcb525caa0_0, v0xcb525caa0_1, v0xcb525caa0_2;
v0xcb525caa0_3 .array/port v0xcb525caa0, 3;
v0xcb525caa0_4 .array/port v0xcb525caa0, 4;
v0xcb525caa0_5 .array/port v0xcb525caa0, 5;
v0xcb525caa0_6 .array/port v0xcb525caa0, 6;
E_0xcb5249a40/1 .event anyedge, v0xcb525caa0_3, v0xcb525caa0_4, v0xcb525caa0_5, v0xcb525caa0_6;
v0xcb525caa0_7 .array/port v0xcb525caa0, 7;
v0xcb525caa0_8 .array/port v0xcb525caa0, 8;
v0xcb525caa0_9 .array/port v0xcb525caa0, 9;
v0xcb525caa0_10 .array/port v0xcb525caa0, 10;
E_0xcb5249a40/2 .event anyedge, v0xcb525caa0_7, v0xcb525caa0_8, v0xcb525caa0_9, v0xcb525caa0_10;
v0xcb525caa0_11 .array/port v0xcb525caa0, 11;
v0xcb525caa0_12 .array/port v0xcb525caa0, 12;
v0xcb525caa0_13 .array/port v0xcb525caa0, 13;
v0xcb525caa0_14 .array/port v0xcb525caa0, 14;
E_0xcb5249a40/3 .event anyedge, v0xcb525caa0_11, v0xcb525caa0_12, v0xcb525caa0_13, v0xcb525caa0_14;
v0xcb525caa0_15 .array/port v0xcb525caa0, 15;
v0xcb525caa0_16 .array/port v0xcb525caa0, 16;
v0xcb525caa0_17 .array/port v0xcb525caa0, 17;
v0xcb525caa0_18 .array/port v0xcb525caa0, 18;
E_0xcb5249a40/4 .event anyedge, v0xcb525caa0_15, v0xcb525caa0_16, v0xcb525caa0_17, v0xcb525caa0_18;
v0xcb525caa0_19 .array/port v0xcb525caa0, 19;
v0xcb525caa0_20 .array/port v0xcb525caa0, 20;
v0xcb525caa0_21 .array/port v0xcb525caa0, 21;
v0xcb525caa0_22 .array/port v0xcb525caa0, 22;
E_0xcb5249a40/5 .event anyedge, v0xcb525caa0_19, v0xcb525caa0_20, v0xcb525caa0_21, v0xcb525caa0_22;
v0xcb525caa0_23 .array/port v0xcb525caa0, 23;
v0xcb525caa0_24 .array/port v0xcb525caa0, 24;
v0xcb525caa0_25 .array/port v0xcb525caa0, 25;
v0xcb525caa0_26 .array/port v0xcb525caa0, 26;
E_0xcb5249a40/6 .event anyedge, v0xcb525caa0_23, v0xcb525caa0_24, v0xcb525caa0_25, v0xcb525caa0_26;
v0xcb525caa0_27 .array/port v0xcb525caa0, 27;
v0xcb525caa0_28 .array/port v0xcb525caa0, 28;
v0xcb525caa0_29 .array/port v0xcb525caa0, 29;
v0xcb525caa0_30 .array/port v0xcb525caa0, 30;
E_0xcb5249a40/7 .event anyedge, v0xcb525caa0_27, v0xcb525caa0_28, v0xcb525caa0_29, v0xcb525caa0_30;
v0xcb525caa0_31 .array/port v0xcb525caa0, 31;
E_0xcb5249a40/8 .event anyedge, v0xcb525caa0_31, v0xcb525dea0_0;
E_0xcb5249a40 .event/or E_0xcb5249a40/0, E_0xcb5249a40/1, E_0xcb5249a40/2, E_0xcb5249a40/3, E_0xcb5249a40/4, E_0xcb5249a40/5, E_0xcb5249a40/6, E_0xcb5249a40/7, E_0xcb5249a40/8;
E_0xcb5249a80/0 .event anyedge, v0xcb525ca00_0, v0xcb5264000_0, v0xcb52610e0_0, v0xcb5261040_0;
E_0xcb5249a80/1 .event anyedge, v0xcb5261400_0, v0xcb523ff20_0, v0xcb5263f20_0, v0xcb52614a0_0;
E_0xcb5249a80/2 .event anyedge, v0xcb5263d40_0, v0xcb5260500_0, v0xcb5260460_0;
E_0xcb5249a80 .event/or E_0xcb5249a80/0, E_0xcb5249a80/1, E_0xcb5249a80/2;
E_0xcb5249ac0/0 .event anyedge, v0xcb525c6e0_0, v0xcb52638e0_0, v0xcb5261040_0, v0xcb52605a0_0;
E_0xcb5249ac0/1 .event anyedge, v0xcb523dae0_0;
E_0xcb5249ac0 .event/or E_0xcb5249ac0/0, E_0xcb5249ac0/1;
E_0xcb5249b00/0 .event anyedge, v0xcb523fb60_0, v0xcb525e620_0, v0xcb525e940_0, v0xcb523fc00_0;
E_0xcb5249b00/1 .event anyedge, v0xcb525e6c0_0, v0xcb523fca0_0, v0xcb525e760_0, v0xcb5260e60_0;
E_0xcb5249b00/2 .event anyedge, v0xcb5260f00_0, v0xcb523fac0_0, v0xcb5260b40_0, v0xcb523fde0_0;
E_0xcb5249b00/3 .event anyedge, v0xcb5260820_0, v0xcb5263de0_0, v0xcb5263e80_0, v0xcb52601e0_0;
E_0xcb5249b00/4 .event anyedge, v0xcb5260140_0, v0xcb525f200_0, v0xcb525f160_0, v0xcb525e4e0_0;
E_0xcb5249b00/5 .event anyedge, v0xcb525e440_0, v0xcb525c000_0, v0xcb525c0a0_0;
E_0xcb5249b00 .event/or E_0xcb5249b00/0, E_0xcb5249b00/1, E_0xcb5249b00/2, E_0xcb5249b00/3, E_0xcb5249b00/4, E_0xcb5249b00/5;
E_0xcb5249b40 .event anyedge, v0xcb525ca00_0;
E_0xcb5249b80/0 .event anyedge, v0xcb5263980_0, v0xcb5263a20_0, v0xcb5263ac0_0, v0xcb5263c00_0;
E_0xcb5249b80/1 .event anyedge, v0xcb5263ca0_0, v0xcb5263b60_0, v0xcb525d7c0_0, v0xcb525dfe0_0;
E_0xcb5249b80/2 .event anyedge, v0xcb525c280_0, v0xcb525c320_0, v0xcb525c3c0_0, v0xcb525c500_0;
E_0xcb5249b80/3 .event anyedge, v0xcb525c5a0_0, v0xcb525c460_0, v0xcb5262940_0, v0xcb52629e0_0;
E_0xcb5249b80/4 .event anyedge, v0xcb525db80_0, v0xcb525de00_0, v0xcb525dea0_0, v0xcb525dcc0_0;
E_0xcb5249b80 .event/or E_0xcb5249b80/0, E_0xcb5249b80/1, E_0xcb5249b80/2, E_0xcb5249b80/3, E_0xcb5249b80/4;
E_0xcb5249bc0/0 .event anyedge, v0xcb525ef80_0, v0xcb525e580_0, v0xcb525ebc0_0, v0xcb525ec60_0;
E_0xcb5249bc0/1 .event anyedge, v0xcb525e620_0, v0xcb525e940_0, v0xcb525e800_0, v0xcb525e6c0_0;
E_0xcb5249bc0/2 .event anyedge, v0xcb525e8a0_0, v0xcb525e760_0, v0xcb525ed00_0, v0xcb525ee40_0;
E_0xcb5249bc0/3 .event anyedge, v0xcb525f020_0, v0xcb525eda0_0, v0xcb525eee0_0, v0xcb525f5c0_0;
E_0xcb5249bc0/4 .event anyedge, v0xcb525f700_0, v0xcb525fe80_0, v0xcb525e3a0_0, v0xcb525f980_0;
E_0xcb5249bc0/5 .event anyedge, v0xcb525fa20_0, v0xcb52601e0_0, v0xcb525f200_0, v0xcb525e4e0_0;
E_0xcb5249bc0/6 .event anyedge, v0xcb525f840_0, v0xcb525fd40_0, v0xcb525fc00_0, v0xcb525e300_0;
E_0xcb5249bc0/7 .event anyedge, v0xcb525fde0_0, v0xcb525f7a0_0, v0xcb525f8e0_0, v0xcb525fac0_0;
E_0xcb5249bc0/8 .event anyedge, v0xcb5260140_0, v0xcb525fca0_0, v0xcb525fb60_0, v0xcb525f160_0;
E_0xcb5249bc0/9 .event anyedge, v0xcb525e440_0, v0xcb525f2a0_0, v0xcb525f340_0, v0xcb525f3e0_0;
E_0xcb5249bc0/10 .event anyedge, v0xcb525f480_0, v0xcb525ea80_0, v0xcb525eb20_0, v0xcb525f660_0;
E_0xcb5249bc0/11 .event anyedge, v0xcb525f520_0, v0xcb525f0c0_0, v0xcb52600a0_0, v0xcb525ff20_0;
E_0xcb5249bc0 .event/or E_0xcb5249bc0/0, E_0xcb5249bc0/1, E_0xcb5249bc0/2, E_0xcb5249bc0/3, E_0xcb5249bc0/4, E_0xcb5249bc0/5, E_0xcb5249bc0/6, E_0xcb5249bc0/7, E_0xcb5249bc0/8, E_0xcb5249bc0/9, E_0xcb5249bc0/10, E_0xcb5249bc0/11;
E_0xcb5249c00 .event anyedge, v0xcb5262760_0, v0xcb5263e80_0, v0xcb523d7c0_0, v0xcb5263de0_0;
E_0xcb5249c40 .event anyedge, v0xcb5263340_0, v0xcb5263160_0, v0xcb5262da0_0, v0xcb5262bc0_0;
L_0xcb4d2d900 .concat [ 1 1 1 1], v0xcb52619a0_0, v0xcb5261860_0, v0xcb5261900_0, v0xcb52617c0_0;
L_0xcb4d2d9a0 .reduce/or L_0xcb4d2d900;
L_0xcb4d2da40 .reduce/or v0xcb5262580_0;
L_0xcb4d2dae0 .reduce/and v0xcb5262580_0;
L_0xcb4d2db80 .reduce/nor L_0xcb5454328;
L_0xcb5289b80 .part L_0xcb4c99b20, 0, 2;
L_0xcb4d2dc20 .reduce/nand L_0xcb5289b80;
L_0xcb4d2dcc0 .reduce/nor v0xcb5262580_0;
L_0xcb4d2dd60 .reduce/nor L_0xcb54543b8;
L_0xcb4d2de00 .reduce/nor v0xcb5262580_0;
L_0xcb5289c20 .part L_0xcb4d2e440, 2, 30;
L_0xcb4d2dea0 .arith/sum 30, L_0xcb5289c20, L_0xcb54552a0;
L_0xcb4d2df40 .concat [ 2 30 0 0], L_0xcb5454448, L_0xcb4d2dea0;
L_0xcb5289cc0 .part v0xcb5263de0_0, 2, 30;
L_0xcb4d2dfe0 .concat [ 2 30 0 0], L_0xcb5454490, L_0xcb5289cc0;
L_0xcb4d2e080 .functor MUXZ 32, L_0xcb4d2dfe0, L_0xcb4d2df40, L_0xcb51ed7a0, C4<>;
L_0xcb4d2e120 .functor MUXZ 32, v0xcb52623a0_0, L_0xcb4c996c0, L_0xcb51ed810, C4<>;
LS_0xcb4d2e1c0_0_0 .concat [ 1 1 1 1], v0xcb525ff20_0, v0xcb52600a0_0, v0xcb525f0c0_0, v0xcb525f520_0;
LS_0xcb4d2e1c0_0_4 .concat [ 1 1 1 1], v0xcb525f660_0, v0xcb525eb20_0, v0xcb525ea80_0, v0xcb525f480_0;
LS_0xcb4d2e1c0_0_8 .concat [ 1 1 1 1], v0xcb525f3e0_0, v0xcb525f340_0, v0xcb525f2a0_0, v0xcb525e440_0;
LS_0xcb4d2e1c0_0_12 .concat [ 1 1 1 1], v0xcb525f160_0, v0xcb525fb60_0, v0xcb525fca0_0, v0xcb5260140_0;
LS_0xcb4d2e1c0_0_16 .concat [ 1 1 1 1], v0xcb525fac0_0, v0xcb525f8e0_0, v0xcb525f7a0_0, v0xcb525fde0_0;
LS_0xcb4d2e1c0_0_20 .concat [ 1 1 1 1], v0xcb525e300_0, v0xcb525fc00_0, v0xcb525fd40_0, v0xcb525f840_0;
LS_0xcb4d2e1c0_0_24 .concat [ 1 1 1 1], v0xcb525e4e0_0, v0xcb525f200_0, v0xcb52601e0_0, v0xcb525fa20_0;
LS_0xcb4d2e1c0_0_28 .concat [ 1 1 1 1], v0xcb525f980_0, v0xcb525e3a0_0, v0xcb525fe80_0, v0xcb525f700_0;
LS_0xcb4d2e1c0_0_32 .concat [ 1 1 1 1], v0xcb525f5c0_0, v0xcb525eee0_0, v0xcb525eda0_0, v0xcb525f020_0;
LS_0xcb4d2e1c0_0_36 .concat [ 1 1 1 1], v0xcb525ee40_0, v0xcb525ed00_0, v0xcb525e760_0, v0xcb525e8a0_0;
LS_0xcb4d2e1c0_0_40 .concat [ 1 1 1 1], v0xcb525e6c0_0, v0xcb525e800_0, v0xcb525e940_0, v0xcb525e620_0;
LS_0xcb4d2e1c0_0_44 .concat [ 1 1 1 1], v0xcb525ec60_0, v0xcb525ebc0_0, v0xcb525e580_0, v0xcb525ef80_0;
LS_0xcb4d2e1c0_1_0 .concat [ 4 4 4 4], LS_0xcb4d2e1c0_0_0, LS_0xcb4d2e1c0_0_4, LS_0xcb4d2e1c0_0_8, LS_0xcb4d2e1c0_0_12;
LS_0xcb4d2e1c0_1_4 .concat [ 4 4 4 4], LS_0xcb4d2e1c0_0_16, LS_0xcb4d2e1c0_0_20, LS_0xcb4d2e1c0_0_24, LS_0xcb4d2e1c0_0_28;
LS_0xcb4d2e1c0_1_8 .concat [ 4 4 4 4], LS_0xcb4d2e1c0_0_32, LS_0xcb4d2e1c0_0_36, LS_0xcb4d2e1c0_0_40, LS_0xcb4d2e1c0_0_44;
L_0xcb4d2e1c0 .concat [ 16 16 16 0], LS_0xcb4d2e1c0_1_0, LS_0xcb4d2e1c0_1_4, LS_0xcb4d2e1c0_1_8;
L_0xcb4d2e260 .reduce/nor L_0xcb4d2e1c0;
L_0xcb4d2e300 .concat [ 1 1 1 1], v0xcb525f480_0, v0xcb525f3e0_0, v0xcb525f340_0, v0xcb525f2a0_0;
L_0xcb4d2e3a0 .reduce/or L_0xcb4d2e300;
L_0xcb4d2e440 .functor MUXZ 32, v0xcb5263d40_0, L_0xcb51ed960, L_0xcb51ed8f0, C4<>;
L_0xcb5289d60 .cmp/eq 8, v0xcb525ca00_0, L_0xcb54545b0;
S_0x102b0d2c0 .scope task, "empty_statement" "empty_statement" 3 214, 3 214 0, S_0x102b1d720;
 .timescale -9 -12;
TD_picorv32_axi.picorv32_core.empty_statement ;
    %end;
S_0x102b32fe0 .scope generate, "genblk1" "genblk1" 3 285, 3 285 0, S_0x102b1d720;
 .timescale -9 -12;
S_0xcb4de8000 .scope generate, "genblk2" "genblk2" 3 305, 3 305 0, S_0x102b1d720;
 .timescale -9 -12;
S_0xcb4de8180 .scope generate, "genblk3" "genblk3" 3 1229, 3 1229 0, S_0x102b1d720;
 .timescale -9 -12;
E_0xcb5249c80/0 .event anyedge, v0xcb525fde0_0, v0xcb5263de0_0, v0xcb5263e80_0, v0xcb525fb60_0;
E_0xcb5249c80/1 .event anyedge, v0xcb525fc00_0;
E_0xcb5249c80 .event/or E_0xcb5249c80/0, E_0xcb5249c80/1;
S_0x102b1fc20 .scope module, "picorv32_regs" "picorv32_regs" 3 2174;
 .timescale -9 -12;
    .port_info 0 /INPUT 1 "clk";
    .port_info 1 /INPUT 1 "wen";
    .port_info 2 /INPUT 6 "waddr";
    .port_info 3 /INPUT 6 "raddr1";
    .port_info 4 /INPUT 6 "raddr2";
    .port_info 5 /INPUT 32 "wdata";
    .port_info 6 /OUTPUT 32 "rdata1";
    .port_info 7 /OUTPUT 32 "rdata2";
L_0xcb51edab0 .functor NOT 5, L_0xcb5289ea0, C4<00000>, C4<00000>, C4<00000>;
L_0xcb4c99b90 .functor BUFZ 32, L_0xcb5289e00, C4<00000000000000000000000000000000>, C4<00000000000000000000000000000000>, C4<00000000000000000000000000000000>;
L_0xcb51edb20 .functor NOT 5, L_0xcb5289fe0, C4<00000>, C4<00000>, C4<00000>;
L_0xcb4c99c00 .functor BUFZ 32, L_0xcb5289f40, C4<00000000000000000000000000000000>, C4<00000000000000000000000000000000>, C4<00000000000000000000000000000000>;
v0xcb5265ea0_0 .net *"_ivl_0", 31 0, L_0xcb5289e00;  1 drivers
v0xcb5265f40_0 .net *"_ivl_12", 31 0, L_0xcb5289f40;  1 drivers
v0xcb5265fe0_0 .net *"_ivl_15", 4 0, L_0xcb5289fe0;  1 drivers
v0xcb5266080_0 .net *"_ivl_16", 4 0, L_0xcb51edb20;  1 drivers
v0xcb5266120_0 .net *"_ivl_18", 6 0, L_0xcb4d2e580;  1 drivers
L_0xcb5454688 .functor BUFT 1, C4<00>, C4<0>, C4<0>, C4<0>;
v0xcb52661c0_0 .net *"_ivl_21", 1 0, L_0xcb5454688;  1 drivers
v0xcb5266260_0 .net *"_ivl_3", 4 0, L_0xcb5289ea0;  1 drivers
v0xcb5266300_0 .net *"_ivl_4", 4 0, L_0xcb51edab0;  1 drivers
v0xcb52663a0_0 .net *"_ivl_6", 6 0, L_0xcb4d2e4e0;  1 drivers
L_0xcb5454640 .functor BUFT 1, C4<00>, C4<0>, C4<0>, C4<0>;
v0xcb5266440_0 .net *"_ivl_9", 1 0, L_0xcb5454640;  1 drivers
o0xcb54250e0 .functor BUFZ 1, c4<z>; HiZ drive
v0xcb52664e0_0 .net "clk", 0 0, o0xcb54250e0;  0 drivers
o0xcb5425110 .functor BUFZ 6, c4<zzzzzz>; HiZ drive
v0xcb5266580_0 .net "raddr1", 5 0, o0xcb5425110;  0 drivers
o0xcb5425140 .functor BUFZ 6, c4<zzzzzz>; HiZ drive
v0xcb5266620_0 .net "raddr2", 5 0, o0xcb5425140;  0 drivers
v0xcb52666c0_0 .net "rdata1", 31 0, L_0xcb4c99b90;  1 drivers
v0xcb5266760_0 .net "rdata2", 31 0, L_0xcb4c99c00;  1 drivers
v0xcb5266800 .array "regs", 30 0, 31 0;
o0xcb54251d0 .functor BUFZ 6, c4<zzzzzz>; HiZ drive
v0xcb52668a0_0 .net "waddr", 5 0, o0xcb54251d0;  0 drivers
o0xcb5425200 .functor BUFZ 32, c4<zzzzzzzzzzzzzzzzzzzzzzzzzzzzzzzz>; HiZ drive
v0xcb5266940_0 .net "wdata", 31 0, o0xcb5425200;  0 drivers
o0xcb5425230 .functor BUFZ 1, c4<z>; HiZ drive
v0xcb52669e0_0 .net "wen", 0 0, o0xcb5425230;  0 drivers
E_0xcb5249f00 .event posedge, v0xcb52664e0_0;
L_0xcb5289e00 .array/port v0xcb5266800, L_0xcb4d2e4e0;
L_0xcb5289ea0 .part o0xcb5425110, 0, 5;
L_0xcb4d2e4e0 .concat [ 5 2 0 0], L_0xcb51edab0, L_0xcb5454640;
L_0xcb5289f40 .array/port v0xcb5266800, L_0xcb4d2e580;
L_0xcb5289fe0 .part o0xcb5425140, 0, 5;
L_0xcb4d2e580 .concat [ 5 2 0 0], L_0xcb51edb20, L_0xcb5454688;
S_0x102b1d160 .scope module, "picorv32_wb" "picorv32_wb" 3 2815;
 .timescale -9 -12;
    .port_info 0 /OUTPUT 1 "trap";
    .port_info 1 /INPUT 1 "wb_rst_i";
    .port_info 2 /INPUT 1 "wb_clk_i";
    .port_info 3 /OUTPUT 32 "wbm_adr_o";
    .port_info 4 /OUTPUT 32 "wbm_dat_o";
    .port_info 5 /INPUT 32 "wbm_dat_i";
    .port_info 6 /OUTPUT 1 "wbm_we_o";
    .port_info 7 /OUTPUT 4 "wbm_sel_o";
    .port_info 8 /OUTPUT 1 "wbm_stb_o";
    .port_info 9 /INPUT 1 "wbm_ack_i";
    .port_info 10 /OUTPUT 1 "wbm_cyc_o";
    .port_info 11 /OUTPUT 1 "pcpi_valid";
    .port_info 12 /OUTPUT 32 "pcpi_insn";
    .port_info 13 /OUTPUT 32 "pcpi_rs1";
    .port_info 14 /OUTPUT 32 "pcpi_rs2";
    .port_info 15 /INPUT 1 "pcpi_wr";
    .port_info 16 /INPUT 32 "pcpi_rd";
    .port_info 17 /INPUT 1 "pcpi_wait";
    .port_info 18 /INPUT 1 "pcpi_ready";
    .port_info 19 /INPUT 32 "irq";
    .port_info 20 /OUTPUT 32 "eoi";
    .port_info 21 /OUTPUT 1 "trace_valid";
    .port_info 22 /OUTPUT 36 "trace_data";
    .port_info 23 /OUTPUT 1 "mem_instr";
P_0xcb4db1500 .param/l "BARREL_SHIFTER" 0 3 2821, C4<0>;
P_0xcb4db1540 .param/l "CATCH_ILLINSN" 0 3 2826, C4<1>;
P_0xcb4db1580 .param/l "CATCH_MISALIGN" 0 3 2825, C4<1>;
P_0xcb4db15c0 .param/l "COMPRESSED_ISA" 0 3 2824, C4<0>;
P_0xcb4db1600 .param/l "ENABLE_COUNTERS" 0 3 2816, C4<1>;
P_0xcb4db1640 .param/l "ENABLE_COUNTERS64" 0 3 2817, C4<1>;
P_0xcb4db1680 .param/l "ENABLE_DIV" 0 3 2830, C4<0>;
P_0xcb4db16c0 .param/l "ENABLE_FAST_MUL" 0 3 2829, C4<0>;
P_0xcb4db1700 .param/l "ENABLE_IRQ" 0 3 2831, C4<0>;
P_0xcb4db1740 .param/l "ENABLE_IRQ_QREGS" 0 3 2832, C4<1>;
P_0xcb4db1780 .param/l "ENABLE_IRQ_TIMER" 0 3 2833, C4<1>;
P_0xcb4db17c0 .param/l "ENABLE_MUL" 0 3 2828, C4<0>;
P_0xcb4db1800 .param/l "ENABLE_PCPI" 0 3 2827, C4<0>;
P_0xcb4db1840 .param/l "ENABLE_REGS_16_31" 0 3 2818, C4<1>;
P_0xcb4db1880 .param/l "ENABLE_REGS_DUALPORT" 0 3 2819, C4<1>;
P_0xcb4db18c0 .param/l "ENABLE_TRACE" 0 3 2834, C4<0>;
P_0xcb4db1900 .param/l "IDLE" 1 3 2989, C4<00>;
P_0xcb4db1940 .param/l "LATCHED_IRQ" 0 3 2837, C4<11111111111111111111111111111111>;
P_0xcb4db1980 .param/l "MASKED_IRQ" 0 3 2836, C4<00000000000000000000000000000000>;
P_0xcb4db19c0 .param/l "PROGADDR_IRQ" 0 3 2839, C4<00000000000000000000000000010000>;
P_0xcb4db1a00 .param/l "PROGADDR_RESET" 0 3 2838, C4<00000000000000000000000000000000>;
P_0xcb4db1a40 .param/l "REGS_INIT_ZERO" 0 3 2835, C4<0>;
P_0xcb4db1a80 .param/l "STACKADDR" 0 3 2840, C4<11111111111111111111111111111111>;
P_0xcb4db1ac0 .param/l "TWO_CYCLE_ALU" 0 3 2823, C4<0>;
P_0xcb4db1b00 .param/l "TWO_CYCLE_COMPARE" 0 3 2822, C4<0>;
P_0xcb4db1b40 .param/l "TWO_STAGE_SHIFT" 0 3 2820, C4<1>;
P_0xcb4db1b80 .param/l "WBEND" 1 3 2991, C4<10>;
P_0xcb4db1bc0 .param/l "WBSTART" 1 3 2990, C4<01>;
o0xcb54292e0 .functor BUFZ 1, c4<z>; HiZ drive
L_0xcb4c99c70 .functor BUFZ 1, o0xcb54292e0, C4<0>, C4<0>, C4<0>;
o0xcb5429310 .functor BUFZ 1, c4<z>; HiZ drive
L_0xcb51edb90 .functor NOT 1, o0xcb5429310, C4<0>, C4<0>, C4<0>;
L_0xcb51ee840 .functor OR 1, L_0xcb528a300, L_0xcb528a3a0, C4<0>, C4<0>;
L_0xcb51ee8b0 .functor OR 1, L_0xcb51ee840, L_0xcb528a440, C4<0>, C4<0>;
L_0xcb51ee920 .functor OR 1, L_0xcb51ee8b0, L_0xcb528a4e0, C4<0>, C4<0>;
v0xcb52794a0_0 .net *"_ivl_11", 0 0, L_0xcb528a440;  1 drivers
v0xcb5279540_0 .net *"_ivl_12", 0 0, L_0xcb51ee8b0;  1 drivers
v0xcb52795e0_0 .net *"_ivl_15", 0 0, L_0xcb528a4e0;  1 drivers
v0xcb5279680_0 .net *"_ivl_5", 0 0, L_0xcb528a300;  1 drivers
v0xcb5279720_0 .net *"_ivl_7", 0 0, L_0xcb528a3a0;  1 drivers
v0xcb52797c0_0 .net *"_ivl_8", 0 0, L_0xcb51ee840;  1 drivers
v0xcb5279860_0 .net "clk", 0 0, L_0xcb4c99c70;  1 drivers
v0xcb5279900_0 .net "eoi", 31 0, v0xcb526f0c0_0;  1 drivers
o0xcb5427840 .functor BUFZ 32, c4<zzzzzzzzzzzzzzzzzzzzzzzzzzzzzzzz>; HiZ drive
v0xcb52799a0_0 .net "irq", 31 0, o0xcb5427840;  0 drivers
v0xcb5279a40_0 .net "mem_addr", 31 0, v0xcb52764e0_0;  1 drivers
v0xcb5279ae0_0 .net "mem_instr", 0 0, v0xcb5276940_0;  1 drivers
v0xcb5279b80_0 .var "mem_rdata", 31 0;
v0xcb5279c20_0 .var "mem_ready", 0 0;
v0xcb5279cc0_0 .net "mem_valid", 0 0, v0xcb5277480_0;  1 drivers
v0xcb5279d60_0 .net "mem_wdata", 31 0, v0xcb5277520_0;  1 drivers
v0xcb5279e00_0 .net "mem_wstrb", 3 0, v0xcb5277660_0;  1 drivers
v0xcb5279ea0_0 .net "pcpi_insn", 31 0, v0xcb5277ca0_0;  1 drivers
o0xcb5428710 .functor BUFZ 32, c4<zzzzzzzzzzzzzzzzzzzzzzzzzzzzzzzz>; HiZ drive
v0xcb5279f40_0 .net "pcpi_rd", 31 0, o0xcb5428710;  0 drivers
o0xcb5428740 .functor BUFZ 1, c4<z>; HiZ drive
v0xcb5279fe0_0 .net "pcpi_ready", 0 0, o0xcb5428740;  0 drivers
v0xcb527a080_0 .net "pcpi_rs1", 31 0, L_0xcb4c99ff0;  1 drivers
v0xcb527a120_0 .net "pcpi_rs2", 31 0, L_0xcb4c9a060;  1 drivers
v0xcb527a1c0_0 .net "pcpi_valid", 0 0, v0xcb52785a0_0;  1 drivers
o0xcb5428830 .functor BUFZ 1, c4<z>; HiZ drive
v0xcb527a260_0 .net "pcpi_wait", 0 0, o0xcb5428830;  0 drivers
o0xcb5428860 .functor BUFZ 1, c4<z>; HiZ drive
v0xcb527a300_0 .net "pcpi_wr", 0 0, o0xcb5428860;  0 drivers
v0xcb527a3a0_0 .net "resetn", 0 0, L_0xcb51edb90;  1 drivers
v0xcb527a440_0 .var "state", 1 0;
v0xcb527a4e0_0 .net "trace_data", 35 0, v0xcb52792c0_0;  1 drivers
v0xcb527a580_0 .net "trace_valid", 0 0, v0xcb5279360_0;  1 drivers
v0xcb527a620_0 .net "trap", 0 0, v0xcb5279400_0;  1 drivers
v0xcb527a6c0_0 .net "wb_clk_i", 0 0, o0xcb54292e0;  0 drivers
v0xcb527a760_0 .net "wb_rst_i", 0 0, o0xcb5429310;  0 drivers
o0xcb5429340 .functor BUFZ 1, c4<z>; HiZ drive
v0xcb527a800_0 .net "wbm_ack_i", 0 0, o0xcb5429340;  0 drivers
v0xcb527a8a0_0 .var "wbm_adr_o", 31 0;
v0xcb527a940_0 .var "wbm_cyc_o", 0 0;
o0xcb54293d0 .functor BUFZ 32, c4<zzzzzzzzzzzzzzzzzzzzzzzzzzzzzzzz>; HiZ drive
v0xcb527a9e0_0 .net "wbm_dat_i", 31 0, o0xcb54293d0;  0 drivers
v0xcb527aa80_0 .var "wbm_dat_o", 31 0;
v0xcb527ab20_0 .var "wbm_sel_o", 3 0;
v0xcb527abc0_0 .var "wbm_stb_o", 0 0;
v0xcb527ac60_0 .var "wbm_we_o", 0 0;
v0xcb527ad00_0 .net "we", 0 0, L_0xcb51ee920;  1 drivers
E_0xcb5249f40 .event posedge, v0xcb527a6c0_0;
L_0xcb528a300 .part v0xcb5277660_0, 0, 1;
L_0xcb528a3a0 .part v0xcb5277660_0, 1, 1;
L_0xcb528a440 .part v0xcb5277660_0, 2, 1;
L_0xcb528a4e0 .part v0xcb5277660_0, 3, 1;
S_0xcb4de8300 .scope module, "picorv32_core" "picorv32" 3 2938, 3 62 0, S_0x102b1d160;
 .timescale -9 -12;
    .port_info 0 /INPUT 1 "clk";
    .port_info 1 /INPUT 1 "resetn";
    .port_info 2 /OUTPUT 1 "trap";
    .port_info 3 /OUTPUT 1 "mem_valid";
    .port_info 4 /OUTPUT 1 "mem_instr";
    .port_info 5 /INPUT 1 "mem_ready";
    .port_info 6 /OUTPUT 32 "mem_addr";
    .port_info 7 /OUTPUT 32 "mem_wdata";
    .port_info 8 /OUTPUT 4 "mem_wstrb";
    .port_info 9 /INPUT 32 "mem_rdata";
    .port_info 10 /OUTPUT 1 "mem_la_read";
    .port_info 11 /OUTPUT 1 "mem_la_write";
    .port_info 12 /OUTPUT 32 "mem_la_addr";
    .port_info 13 /OUTPUT 32 "mem_la_wdata";
    .port_info 14 /OUTPUT 4 "mem_la_wstrb";
    .port_info 15 /OUTPUT 1 "pcpi_valid";
    .port_info 16 /OUTPUT 32 "pcpi_insn";
    .port_info 17 /OUTPUT 32 "pcpi_rs1";
    .port_info 18 /OUTPUT 32 "pcpi_rs2";
    .port_info 19 /INPUT 1 "pcpi_wr";
    .port_info 20 /INPUT 32 "pcpi_rd";
    .port_info 21 /INPUT 1 "pcpi_wait";
    .port_info 22 /INPUT 1 "pcpi_ready";
    .port_info 23 /INPUT 32 "irq";
    .port_info 24 /OUTPUT 32 "eoi";
    .port_info 25 /OUTPUT 1 "trace_valid";
    .port_info 26 /OUTPUT 36 "trace_data";
P_0xcb5268000 .param/l "BARREL_SHIFTER" 0 3 69, C4<0>;
P_0xcb5268040 .param/l "CATCH_ILLINSN" 0 3 74, C4<1>;
P_0xcb5268080 .param/l "CATCH_MISALIGN" 0 3 73, C4<1>;
P_0xcb52680c0 .param/l "COMPRESSED_ISA" 0 3 72, C4<0>;
P_0xcb5268100 .param/l "ENABLE_COUNTERS" 0 3 63, C4<1>;
P_0xcb5268140 .param/l "ENABLE_COUNTERS64" 0 3 64, C4<1>;
P_0xcb5268180 .param/l "ENABLE_DIV" 0 3 78, C4<0>;
P_0xcb52681c0 .param/l "ENABLE_FAST_MUL" 0 3 77, C4<0>;
P_0xcb5268200 .param/l "ENABLE_IRQ" 0 3 79, C4<0>;
P_0xcb5268240 .param/l "ENABLE_IRQ_QREGS" 0 3 80, C4<1>;
P_0xcb5268280 .param/l "ENABLE_IRQ_TIMER" 0 3 81, C4<1>;
P_0xcb52682c0 .param/l "ENABLE_MUL" 0 3 76, C4<0>;
P_0xcb5268300 .param/l "ENABLE_PCPI" 0 3 75, C4<0>;
P_0xcb5268340 .param/l "ENABLE_REGS_16_31" 0 3 65, C4<1>;
P_0xcb5268380 .param/l "ENABLE_REGS_DUALPORT" 0 3 66, C4<1>;
P_0xcb52683c0 .param/l "ENABLE_TRACE" 0 3 82, C4<0>;
P_0xcb5268400 .param/l "LATCHED_IRQ" 0 3 85, C4<11111111111111111111111111111111>;
P_0xcb5268440 .param/l "LATCHED_MEM_RDATA" 0 3 67, C4<0>;
P_0xcb5268480 .param/l "MASKED_IRQ" 0 3 84, C4<00000000000000000000000000000000>;
P_0xcb52684c0 .param/l "PROGADDR_IRQ" 0 3 87, C4<00000000000000000000000000010000>;
P_0xcb5268500 .param/l "PROGADDR_RESET" 0 3 86, C4<00000000000000000000000000000000>;
P_0xcb5268540 .param/l "REGS_INIT_ZERO" 0 3 83, C4<0>;
P_0xcb5268580 .param/l "STACKADDR" 0 3 88, C4<11111111111111111111111111111111>;
P_0xcb52685c0 .param/l "TRACE_ADDR" 1 3 172, C4<001000000000000000000000000000000000>;
P_0xcb5268600 .param/l "TRACE_BRANCH" 1 3 171, C4<000100000000000000000000000000000000>;
P_0xcb5268640 .param/l "TRACE_IRQ" 1 3 173, C4<100000000000000000000000000000000000>;
P_0xcb5268680 .param/l "TWO_CYCLE_ALU" 0 3 71, C4<0>;
P_0xcb52686c0 .param/l "TWO_CYCLE_COMPARE" 0 3 70, C4<0>;
P_0xcb5268700 .param/l "TWO_STAGE_SHIFT" 0 3 68, C4<1>;
P_0xcb5268740 .param/l "WITH_PCPI" 1 3 169, C4<0>;
P_0xcb5268780 .param/l "cpu_state_exec" 1 3 1176, C4<00001000>;
P_0xcb52687c0 .param/l "cpu_state_fetch" 1 3 1173, C4<01000000>;
P_0xcb5268800 .param/l "cpu_state_ld_rs1" 1 3 1174, C4<00100000>;
P_0xcb5268840 .param/l "cpu_state_ld_rs2" 1 3 1175, C4<00010000>;
P_0xcb5268880 .param/l "cpu_state_ldmem" 1 3 1179, C4<00000001>;
P_0xcb52688c0 .param/l "cpu_state_shift" 1 3 1177, C4<00000100>;
P_0xcb5268900 .param/l "cpu_state_stmem" 1 3 1178, C4<00000010>;
P_0xcb5268940 .param/l "cpu_state_trap" 1 3 1172, C4<10000000>;
P_0xcb5268980 .param/l "irq_buserror" 1 3 163, +C4<00000000000000000000000000000010>;
P_0xcb52689c0 .param/l "irq_ebreak" 1 3 162, +C4<00000000000000000000000000000001>;
P_0xcb5268a00 .param/l "irq_timer" 1 3 161, +C4<00000000000000000000000000000000>;
P_0xcb5268a40 .param/l "irqregs_offset" 1 3 165, +C4<00000000000000000000000000100000>;
P_0xcb5268a80 .param/l "regfile_size" 1 3 166, +C4<00000000000000000000000000100000>;
P_0xcb5268ac0 .param/l "regindex_bits" 1 3 167, +C4<00000000000000000000000000000101>;
L_0xcb4c99ce0 .functor BUFZ 1, v0xcb5277480_0, C4<0>, C4<0>, C4<0>;
L_0xcb4c99d50 .functor BUFZ 1, v0xcb5276940_0, C4<0>, C4<0>, C4<0>;
L_0xcb4c99dc0 .functor BUFZ 1, v0xcb5279c20_0, C4<0>, C4<0>, C4<0>;
L_0xcb4c99e30 .functor BUFZ 32, v0xcb52764e0_0, C4<00000000000000000000000000000000>, C4<00000000000000000000000000000000>, C4<00000000000000000000000000000000>;
L_0xcb4c99ea0 .functor BUFZ 32, v0xcb5277520_0, C4<00000000000000000000000000000000>, C4<00000000000000000000000000000000>, C4<00000000000000000000000000000000>;
L_0xcb4c99f10 .functor BUFZ 4, v0xcb5277660_0, C4<0000>, C4<0000>, C4<0000>;
L_0xcb4c99f80 .functor BUFZ 32, v0xcb5279b80_0, C4<00000000000000000000000000000000>, C4<00000000000000000000000000000000>, C4<00000000000000000000000000000000>;
L_0xcb4c99ff0 .functor BUFZ 32, v0xcb5278c80_0, C4<00000000000000000000000000000000>, C4<00000000000000000000000000000000>, C4<00000000000000000000000000000000>;
L_0xcb4c9a060 .functor BUFZ 32, v0xcb5278d20_0, C4<00000000000000000000000000000000>, C4<00000000000000000000000000000000>, C4<00000000000000000000000000000000>;
L_0xcb51edc00 .functor AND 1, v0xcb5277480_0, v0xcb5279c20_0, C4<1>, C4<1>;
L_0xcb54549a0 .functor BUFT 1, C4<0>, C4<0>, C4<0>, C4<0>;
L_0xcb51edc70 .functor AND 1, L_0xcb54549a0, v0xcb5276760_0, C4<1>, C4<1>;
L_0xcb51edce0 .functor OR 1, L_0xcb51edc00, L_0xcb51edc70, C4<0>, C4<0>;
L_0xcb51edd50 .functor AND 1, L_0xcb51edce0, L_0xcb4d2e760, C4<1>, C4<1>;
L_0xcb51ede30 .functor OR 1, v0xcb5276760_0, v0xcb52766c0_0, C4<0>, C4<0>;
L_0xcb51edea0 .functor OR 1, L_0xcb51ede30, v0xcb5276800_0, C4<0>, C4<0>;
L_0xcb51eddc0 .functor AND 1, L_0xcb51edd50, L_0xcb51edea0, C4<1>, C4<1>;
L_0xcb51edf10 .functor AND 1, L_0xcb4d2e800, v0xcb5276760_0, C4<1>, C4<1>;
L_0xcb51edf80 .functor OR 1, L_0xcb51eddc0, L_0xcb51edf10, C4<0>, C4<0>;
L_0xcb51edff0 .functor AND 1, L_0xcb51edb90, L_0xcb51edf80, C4<1>, C4<1>;
L_0xcb51ee060 .functor AND 1, L_0xcb4d2e940, L_0xcb51edce0, C4<1>, C4<1>;
L_0xcb51ee0d0 .functor OR 1, L_0xcb4d2e8a0, L_0xcb51ee060, C4<0>, C4<0>;
L_0xcb51ee140 .functor AND 1, L_0xcb51edff0, L_0xcb51ee0d0, C4<1>, C4<1>;
L_0xcb51ee1b0 .functor AND 1, L_0xcb51edb90, L_0xcb4d2e9e0, C4<1>, C4<1>;
L_0xcb51ee220 .functor AND 1, L_0xcb51ee1b0, v0xcb5276800_0, C4<1>, C4<1>;
L_0xcb51ee290 .functor AND 1, L_0xcb4d2ea80, L_0xcb4d2eb20, C4<1>, C4<1>;
L_0xcb51ee300 .functor OR 1, v0xcb5276760_0, v0xcb5276620_0, C4<0>, C4<0>;
L_0xcb51ee370 .functor OR 1, L_0xcb51ee300, v0xcb52766c0_0, C4<0>, C4<0>;
L_0xcb51ee3e0 .functor AND 1, L_0xcb51ee290, L_0xcb51ee370, C4<1>, C4<1>;
L_0xcb54549e8 .functor BUFT 1, C4<0>, C4<0>, C4<0>, C4<0>;
L_0xcb51ee450 .functor OR 1, L_0xcb51ee3e0, L_0xcb54549e8, C4<0>, C4<0>;
L_0xcb51ee4c0 .functor AND 1, L_0xcb51edb90, L_0xcb51ee450, C4<1>, C4<1>;
L_0xcb51ee530 .functor OR 1, v0xcb5276620_0, v0xcb5276760_0, C4<0>, C4<0>;
L_0xcb5454ac0 .functor BUFT 1, C4<0>, C4<0>, C4<0>, C4<0>;
L_0xcb51ee5a0 .functor OR 1, L_0xcb51edce0, L_0xcb5454ac0, C4<0>, C4<0>;
L_0xcb4c9a0d0 .functor BUFZ 32, L_0xcb4d2ee40, C4<00000000000000000000000000000000>, C4<00000000000000000000000000000000>, C4<00000000000000000000000000000000>;
L_0xcb5454b08 .functor BUFT 1, C4<1>, C4<0>, C4<0>, C4<0>;
L_0xcb51ee610 .functor AND 1, L_0xcb5454b08, L_0xcb4d2ef80, C4<1>, C4<1>;
L_0xcb51ee680 .functor AND 1, v0xcb5276300_0, v0xcb5275ea0_0, C4<1>, C4<1>;
L_0xcb5454b50 .functor BUFT 1, C4<11111111111111111111111111111110>, C4<0>, C4<0>, C4<0>;
L_0xcb51ee6f0 .functor AND 32, v0xcb5278dc0_0, L_0xcb5454b50, C4<11111111111111111111111111111111>, C4<11111111111111111111111111111111>;
L_0xcb51ee760 .functor AND 1, L_0xcb528a260, v0xcb526eee0_0, C4<1>, C4<1>;
L_0xcb5454be0 .functor BUFT 1, C4<1>, C4<0>, C4<0>, C4<0>;
L_0xcb51ee7d0 .functor AND 1, L_0xcb51ee760, L_0xcb5454be0, C4<1>, C4<1>;
v0xcb5266a80_0 .net *"_ivl_100", 31 0, L_0xcb4d2ec60;  1 drivers
v0xcb5266b20_0 .net *"_ivl_103", 29 0, L_0xcb528a1c0;  1 drivers
L_0xcb5454a78 .functor BUFT 1, C4<00>, C4<0>, C4<0>, C4<0>;
v0xcb5266bc0_0 .net/2u *"_ivl_104", 1 0, L_0xcb5454a78;  1 drivers
v0xcb5266c60_0 .net *"_ivl_106", 31 0, L_0xcb4d2ed00;  1 drivers
v0xcb5266d00_0 .net/2u *"_ivl_110", 0 0, L_0xcb5454ac0;  1 drivers
v0xcb5266da0_0 .net *"_ivl_113", 0 0, L_0xcb51ee5a0;  1 drivers
v0xcb5266e40_0 .net/2u *"_ivl_118", 0 0, L_0xcb5454b08;  1 drivers
v0xcb5266ee0_0 .net *"_ivl_120", 47 0, L_0xcb4d2eee0;  1 drivers
v0xcb5266f80_0 .net *"_ivl_123", 0 0, L_0xcb4d2ef80;  1 drivers
v0xcb5267020_0 .net *"_ivl_126", 3 0, L_0xcb4d2f020;  1 drivers
v0xcb52670c0_0 .net *"_ivl_131", 0 0, L_0xcb51ee680;  1 drivers
v0xcb5267160_0 .net/2u *"_ivl_132", 31 0, L_0xcb5454b50;  1 drivers
v0xcb5267200_0 .net *"_ivl_134", 31 0, L_0xcb51ee6f0;  1 drivers
L_0xcb5454b98 .functor BUFT 1, C4<01000000>, C4<0>, C4<0>, C4<0>;
v0xcb52672a0_0 .net/2u *"_ivl_138", 7 0, L_0xcb5454b98;  1 drivers
v0xcb5267340_0 .net *"_ivl_140", 0 0, L_0xcb528a260;  1 drivers
v0xcb52673e0_0 .net *"_ivl_143", 0 0, L_0xcb51ee760;  1 drivers
v0xcb5267480_0 .net/2u *"_ivl_144", 0 0, L_0xcb5454be0;  1 drivers
v0xcb5267520_0 .net *"_ivl_25", 0 0, L_0xcb51edc00;  1 drivers
v0xcb52675c0_0 .net *"_ivl_27", 0 0, L_0xcb51edc70;  1 drivers
v0xcb5267660_0 .net *"_ivl_30", 3 0, L_0xcb4d2e620;  1 drivers
v0xcb5267700_0 .net *"_ivl_35", 0 0, L_0xcb4d2e760;  1 drivers
v0xcb52677a0_0 .net *"_ivl_37", 0 0, L_0xcb51edd50;  1 drivers
v0xcb5267840_0 .net *"_ivl_39", 0 0, L_0xcb51ede30;  1 drivers
v0xcb52678e0_0 .net *"_ivl_41", 0 0, L_0xcb51edea0;  1 drivers
v0xcb5267980_0 .net *"_ivl_43", 0 0, L_0xcb51eddc0;  1 drivers
v0xcb5267a20_0 .net *"_ivl_45", 0 0, L_0xcb4d2e800;  1 drivers
v0xcb5267ac0_0 .net *"_ivl_47", 0 0, L_0xcb51edf10;  1 drivers
v0xcb5267b60_0 .net *"_ivl_49", 0 0, L_0xcb51edf80;  1 drivers
v0xcb5267c00_0 .net *"_ivl_51", 0 0, L_0xcb51edff0;  1 drivers
v0xcb5267ca0_0 .net *"_ivl_53", 0 0, L_0xcb4d2e8a0;  1 drivers
v0xcb5267d40_0 .net *"_ivl_55", 1 0, L_0xcb528a080;  1 drivers
v0xcb5267de0_0 .net *"_ivl_57", 0 0, L_0xcb4d2e940;  1 drivers
v0xcb5267e80_0 .net *"_ivl_59", 0 0, L_0xcb51ee060;  1 drivers
v0xcb5267f20_0 .net *"_ivl_61", 0 0, L_0xcb51ee0d0;  1 drivers
v0xcb526c000_0 .net *"_ivl_65", 0 0, L_0xcb4d2e9e0;  1 drivers
v0xcb526c0a0_0 .net *"_ivl_67", 0 0, L_0xcb51ee1b0;  1 drivers
v0xcb526c140_0 .net *"_ivl_71", 0 0, L_0xcb4d2ea80;  1 drivers
v0xcb526c1e0_0 .net *"_ivl_73", 0 0, L_0xcb4d2eb20;  1 drivers
v0xcb526c280_0 .net *"_ivl_75", 0 0, L_0xcb51ee290;  1 drivers
v0xcb526c320_0 .net *"_ivl_77", 0 0, L_0xcb51ee300;  1 drivers
v0xcb526c3c0_0 .net *"_ivl_79", 0 0, L_0xcb51ee370;  1 drivers
v0xcb526c460_0 .net *"_ivl_81", 0 0, L_0xcb51ee3e0;  1 drivers
v0xcb526c500_0 .net/2u *"_ivl_82", 0 0, L_0xcb54549e8;  1 drivers
v0xcb526c5a0_0 .net *"_ivl_85", 0 0, L_0xcb51ee450;  1 drivers
v0xcb526c640_0 .net *"_ivl_89", 0 0, L_0xcb51ee530;  1 drivers
v0xcb526c6e0_0 .net *"_ivl_91", 29 0, L_0xcb528a120;  1 drivers
L_0xcb54552e8 .functor BUFT 1, C4<000000000000000000000000000000>, C4<0>, C4<0>, C4<0>;
v0xcb526c780_0 .net *"_ivl_92", 29 0, L_0xcb54552e8;  1 drivers
v0xcb526c820_0 .net *"_ivl_96", 29 0, L_0xcb4d2ebc0;  1 drivers
L_0xcb5454a30 .functor BUFT 1, C4<00>, C4<0>, C4<0>, C4<0>;
v0xcb526c8c0_0 .net/2u *"_ivl_98", 1 0, L_0xcb5454a30;  1 drivers
v0xcb526c960_0 .var "alu_add_sub", 31 0;
v0xcb526ca00_0 .var "alu_eq", 0 0;
v0xcb526caa0_0 .var "alu_lts", 0 0;
v0xcb526cb40_0 .var "alu_ltu", 0 0;
v0xcb526cbe0_0 .var "alu_out", 31 0;
v0xcb526cc80_0 .var "alu_out_0", 0 0;
v0xcb526cd20_0 .var "alu_out_0_q", 0 0;
v0xcb526cdc0_0 .var "alu_out_q", 31 0;
v0xcb526ce60_0 .var "alu_shl", 31 0;
v0xcb526cf00_0 .var "alu_shr", 31 0;
v0xcb526cfa0_0 .var "alu_wait", 0 0;
v0xcb526d040_0 .var "alu_wait_2", 0 0;
v0xcb526d0e0_0 .var "cached_ascii_instr", 63 0;
v0xcb526d180_0 .var "cached_insn_imm", 31 0;
v0xcb526d220_0 .var "cached_insn_opcode", 31 0;
v0xcb526d2c0_0 .var "cached_insn_rd", 4 0;
v0xcb526d360_0 .var "cached_insn_rs1", 4 0;
v0xcb526d400_0 .var "cached_insn_rs2", 4 0;
v0xcb526d4a0_0 .var "clear_prefetched_high_word", 0 0;
v0xcb526d540_0 .var "clear_prefetched_high_word_q", 0 0;
v0xcb526d5e0_0 .net "clk", 0 0, L_0xcb4c99c70;  alias, 1 drivers
v0xcb526d680_0 .var "compressed_instr", 0 0;
v0xcb526d720_0 .var "count_cycle", 63 0;
v0xcb526d7c0_0 .var "count_instr", 63 0;
v0xcb526d860_0 .var "cpu_state", 7 0;
v0xcb526d900 .array "cpuregs", 31 0, 31 0;
v0xcb526d9a0_0 .var "cpuregs_rs1", 31 0;
v0xcb526da40_0 .var "cpuregs_rs2", 31 0;
v0xcb526dae0_0 .var "cpuregs_wrdata", 31 0;
v0xcb526db80_0 .var "cpuregs_write", 0 0;
v0xcb526dc20_0 .var "current_pc", 31 0;
v0xcb526dcc0_0 .var "dbg_ascii_instr", 63 0;
v0xcb526dd60_0 .var "dbg_ascii_state", 127 0;
v0xcb526de00_0 .var "dbg_insn_addr", 31 0;
v0xcb526dea0_0 .var "dbg_insn_imm", 31 0;
v0xcb526df40_0 .var "dbg_insn_opcode", 31 0;
v0xcb526dfe0_0 .var "dbg_insn_rd", 4 0;
v0xcb526e080_0 .var "dbg_insn_rs1", 4 0;
v0xcb526e120_0 .var "dbg_insn_rs2", 4 0;
v0xcb526e1c0_0 .net "dbg_mem_addr", 31 0, L_0xcb4c99e30;  1 drivers
v0xcb526e260_0 .net "dbg_mem_instr", 0 0, L_0xcb4c99d50;  1 drivers
v0xcb526e300_0 .net "dbg_mem_rdata", 31 0, L_0xcb4c99f80;  1 drivers
v0xcb526e3a0_0 .net "dbg_mem_ready", 0 0, L_0xcb4c99dc0;  1 drivers
v0xcb526e440_0 .net "dbg_mem_valid", 0 0, L_0xcb4c99ce0;  1 drivers
v0xcb526e4e0_0 .net "dbg_mem_wdata", 31 0, L_0xcb4c99ea0;  1 drivers
v0xcb526e580_0 .net "dbg_mem_wstrb", 3 0, L_0xcb4c99f10;  1 drivers
v0xcb526e620_0 .var "dbg_next", 0 0;
v0xcb526e6c0_0 .var "dbg_rs1val", 31 0;
v0xcb526e760_0 .var "dbg_rs1val_valid", 0 0;
v0xcb526e800_0 .var "dbg_rs2val", 31 0;
v0xcb526e8a0_0 .var "dbg_rs2val_valid", 0 0;
v0xcb526e940_0 .var "dbg_valid_insn", 0 0;
v0xcb526e9e0_0 .var "decoded_imm", 31 0;
v0xcb526ea80_0 .var "decoded_imm_j", 31 0;
v0xcb526eb20_0 .var "decoded_rd", 4 0;
v0xcb526ebc0_0 .var "decoded_rs", 4 0;
v0xcb526ec60_0 .var "decoded_rs1", 4 0;
v0xcb526ed00_0 .var "decoded_rs2", 4 0;
v0xcb526eda0_0 .var "decoder_pseudo_trigger", 0 0;
v0xcb526ee40_0 .var "decoder_pseudo_trigger_q", 0 0;
v0xcb526eee0_0 .var "decoder_trigger", 0 0;
v0xcb526ef80_0 .var "decoder_trigger_q", 0 0;
v0xcb526f020_0 .var "do_waitirq", 0 0;
v0xcb526f0c0_0 .var "eoi", 31 0;
v0xcb526f160_0 .var "instr_add", 0 0;
v0xcb526f200_0 .var "instr_addi", 0 0;
v0xcb526f2a0_0 .var "instr_and", 0 0;
v0xcb526f340_0 .var "instr_andi", 0 0;
v0xcb526f3e0_0 .var "instr_auipc", 0 0;
v0xcb526f480_0 .var "instr_beq", 0 0;
v0xcb526f520_0 .var "instr_bge", 0 0;
v0xcb526f5c0_0 .var "instr_bgeu", 0 0;
v0xcb526f660_0 .var "instr_blt", 0 0;
v0xcb526f700_0 .var "instr_bltu", 0 0;
v0xcb526f7a0_0 .var "instr_bne", 0 0;
v0xcb526f840_0 .var "instr_ecall_ebreak", 0 0;
v0xcb526f8e0_0 .var "instr_fence", 0 0;
v0xcb526f980_0 .var "instr_getq", 0 0;
v0xcb526fa20_0 .var "instr_jal", 0 0;
v0xcb526fac0_0 .var "instr_jalr", 0 0;
v0xcb526fb60_0 .var "instr_lb", 0 0;
v0xcb526fc00_0 .var "instr_lbu", 0 0;
v0xcb526fca0_0 .var "instr_lh", 0 0;
v0xcb526fd40_0 .var "instr_lhu", 0 0;
v0xcb526fde0_0 .var "instr_lui", 0 0;
v0xcb526fe80_0 .var "instr_lw", 0 0;
v0xcb526ff20_0 .var "instr_maskirq", 0 0;
v0xcb5274000_0 .var "instr_or", 0 0;
v0xcb52740a0_0 .var "instr_ori", 0 0;
v0xcb5274140_0 .var "instr_rdcycle", 0 0;
v0xcb52741e0_0 .var "instr_rdcycleh", 0 0;
v0xcb5274280_0 .var "instr_rdinstr", 0 0;
v0xcb5274320_0 .var "instr_rdinstrh", 0 0;
v0xcb52743c0_0 .var "instr_retirq", 0 0;
v0xcb5274460_0 .var "instr_sb", 0 0;
v0xcb5274500_0 .var "instr_setq", 0 0;
v0xcb52745a0_0 .var "instr_sh", 0 0;
v0xcb5274640_0 .var "instr_sll", 0 0;
v0xcb52746e0_0 .var "instr_slli", 0 0;
v0xcb5274780_0 .var "instr_slt", 0 0;
v0xcb5274820_0 .var "instr_slti", 0 0;
v0xcb52748c0_0 .var "instr_sltiu", 0 0;
v0xcb5274960_0 .var "instr_sltu", 0 0;
v0xcb5274a00_0 .var "instr_sra", 0 0;
v0xcb5274aa0_0 .var "instr_srai", 0 0;
v0xcb5274b40_0 .var "instr_srl", 0 0;
v0xcb5274be0_0 .var "instr_srli", 0 0;
v0xcb5274c80_0 .var "instr_sub", 0 0;
v0xcb5274d20_0 .var "instr_sw", 0 0;
v0xcb5274dc0_0 .var "instr_timer", 0 0;
v0xcb5274e60_0 .net "instr_trap", 0 0, L_0xcb51ee610;  1 drivers
v0xcb5274f00_0 .var "instr_waitirq", 0 0;
v0xcb5274fa0_0 .var "instr_xor", 0 0;
v0xcb5275040_0 .var "instr_xori", 0 0;
v0xcb52750e0_0 .net "irq", 31 0, o0xcb5427840;  alias, 0 drivers
v0xcb5275180_0 .var "irq_active", 0 0;
v0xcb5275220_0 .var "irq_delay", 0 0;
v0xcb52752c0_0 .var "irq_mask", 31 0;
v0xcb5275360_0 .var "irq_pending", 31 0;
v0xcb5275400_0 .var "irq_state", 1 0;
v0xcb52754a0_0 .var "is_alu_reg_imm", 0 0;
v0xcb5275540_0 .var "is_alu_reg_reg", 0 0;
v0xcb52755e0_0 .var "is_beq_bne_blt_bge_bltu_bgeu", 0 0;
v0xcb5275680_0 .var "is_compare", 0 0;
v0xcb5275720_0 .var "is_jalr_addi_slti_sltiu_xori_ori_andi", 0 0;
v0xcb52757c0_0 .var "is_lb_lh_lw_lbu_lhu", 0 0;
v0xcb5275860_0 .var "is_lbu_lhu_lw", 0 0;
v0xcb5275900_0 .var "is_lui_auipc_jal", 0 0;
v0xcb52759a0_0 .var "is_lui_auipc_jal_jalr_addi_add_sub", 0 0;
v0xcb5275a40_0 .net "is_rdcycle_rdcycleh_rdinstr_rdinstrh", 0 0, L_0xcb4d2f0c0;  1 drivers
v0xcb5275ae0_0 .var "is_sb_sh_sw", 0 0;
v0xcb5275b80_0 .var "is_sll_srl_sra", 0 0;
v0xcb5275c20_0 .var "is_slli_srli_srai", 0 0;
v0xcb5275cc0_0 .var "is_slti_blt_slt", 0 0;
v0xcb5275d60_0 .var "is_sltiu_bltu_sltu", 0 0;
v0xcb5275e00_0 .var "last_mem_valid", 0 0;
v0xcb5275ea0_0 .var "latched_branch", 0 0;
v0xcb5275f40_0 .var "latched_compr", 0 0;
v0xcb5275fe0_0 .var "latched_is_lb", 0 0;
v0xcb5276080_0 .var "latched_is_lh", 0 0;
v0xcb5276120_0 .var "latched_is_lu", 0 0;
v0xcb52761c0_0 .var "latched_rd", 4 0;
v0xcb5276260_0 .var "latched_stalu", 0 0;
v0xcb5276300_0 .var "latched_store", 0 0;
v0xcb52763a0_0 .var "latched_trace", 0 0;
v0xcb5276440_0 .net "launch_next_insn", 0 0, L_0xcb51ee7d0;  1 drivers
v0xcb52764e0_0 .var "mem_addr", 31 0;
v0xcb5276580_0 .net "mem_busy", 0 0, L_0xcb4d2e6c0;  1 drivers
v0xcb5276620_0 .var "mem_do_prefetch", 0 0;
v0xcb52766c0_0 .var "mem_do_rdata", 0 0;
v0xcb5276760_0 .var "mem_do_rinst", 0 0;
v0xcb5276800_0 .var "mem_do_wdata", 0 0;
v0xcb52768a0_0 .net "mem_done", 0 0, L_0xcb51ee140;  1 drivers
v0xcb5276940_0 .var "mem_instr", 0 0;
v0xcb52769e0_0 .net "mem_la_addr", 31 0, L_0xcb4d2eda0;  1 drivers
L_0xcb5454910 .functor BUFT 1, C4<0>, C4<0>, C4<0>, C4<0>;
v0xcb5276a80_0 .net "mem_la_firstword", 0 0, L_0xcb5454910;  1 drivers
v0xcb5276b20_0 .var "mem_la_firstword_reg", 0 0;
L_0xcb5454958 .functor BUFT 1, C4<0>, C4<0>, C4<0>, C4<0>;
v0xcb5276bc0_0 .net "mem_la_firstword_xfer", 0 0, L_0xcb5454958;  1 drivers
v0xcb5276c60_0 .net "mem_la_read", 0 0, L_0xcb51ee4c0;  1 drivers
v0xcb5276d00_0 .var "mem_la_secondword", 0 0;
v0xcb5276da0_0 .net "mem_la_use_prefetched_high_word", 0 0, L_0xcb54549a0;  1 drivers
v0xcb5276e40_0 .var "mem_la_wdata", 31 0;
v0xcb5276ee0_0 .net "mem_la_write", 0 0, L_0xcb51ee220;  1 drivers
v0xcb5276f80_0 .var "mem_la_wstrb", 3 0;
v0xcb5277020_0 .net "mem_rdata", 31 0, v0xcb5279b80_0;  1 drivers
v0xcb52770c0_0 .net "mem_rdata_latched", 31 0, L_0xcb4c9a0d0;  1 drivers
v0xcb5277160_0 .net "mem_rdata_latched_noshuffle", 31 0, L_0xcb4d2ee40;  1 drivers
v0xcb5277200_0 .var "mem_rdata_q", 31 0;
v0xcb52772a0_0 .var "mem_rdata_word", 31 0;
v0xcb5277340_0 .net "mem_ready", 0 0, v0xcb5279c20_0;  1 drivers
v0xcb52773e0_0 .var "mem_state", 1 0;
v0xcb5277480_0 .var "mem_valid", 0 0;
v0xcb5277520_0 .var "mem_wdata", 31 0;
v0xcb52775c0_0 .var "mem_wordsize", 1 0;
v0xcb5277660_0 .var "mem_wstrb", 3 0;
v0xcb5277700_0 .net "mem_xfer", 0 0, L_0xcb51edce0;  1 drivers
v0xcb52777a0_0 .var "new_ascii_instr", 63 0;
v0xcb5277840_0 .var "next_insn_opcode", 31 0;
v0xcb52778e0_0 .var "next_irq_pending", 31 0;
v0xcb5277980_0 .net "next_pc", 31 0, L_0xcb4d2f160;  1 drivers
L_0xcb5454838 .functor BUFT 1, C4<xxxxxxxxxxxxxxxxxxxxxxxxxxxxxxxx>, C4<0>, C4<0>, C4<0>;
v0xcb5277a20_0 .net "pcpi_div_rd", 31 0, L_0xcb5454838;  1 drivers
L_0xcb54548c8 .functor BUFT 1, C4<0>, C4<0>, C4<0>, C4<0>;
v0xcb5277ac0_0 .net "pcpi_div_ready", 0 0, L_0xcb54548c8;  1 drivers
L_0xcb5454880 .functor BUFT 1, C4<0>, C4<0>, C4<0>, C4<0>;
v0xcb5277b60_0 .net "pcpi_div_wait", 0 0, L_0xcb5454880;  1 drivers
L_0xcb54547f0 .functor BUFT 1, C4<0>, C4<0>, C4<0>, C4<0>;
v0xcb5277c00_0 .net "pcpi_div_wr", 0 0, L_0xcb54547f0;  1 drivers
v0xcb5277ca0_0 .var "pcpi_insn", 31 0;
v0xcb5277d40_0 .var "pcpi_int_rd", 31 0;
v0xcb5277de0_0 .var "pcpi_int_ready", 0 0;
v0xcb5277e80_0 .var "pcpi_int_wait", 0 0;
v0xcb5277f20_0 .var "pcpi_int_wr", 0 0;
L_0xcb5454718 .functor BUFT 1, C4<xxxxxxxxxxxxxxxxxxxxxxxxxxxxxxxx>, C4<0>, C4<0>, C4<0>;
v0xcb5278000_0 .net "pcpi_mul_rd", 31 0, L_0xcb5454718;  1 drivers
L_0xcb54547a8 .functor BUFT 1, C4<0>, C4<0>, C4<0>, C4<0>;
v0xcb52780a0_0 .net "pcpi_mul_ready", 0 0, L_0xcb54547a8;  1 drivers
L_0xcb5454760 .functor BUFT 1, C4<0>, C4<0>, C4<0>, C4<0>;
v0xcb5278140_0 .net "pcpi_mul_wait", 0 0, L_0xcb5454760;  1 drivers
L_0xcb54546d0 .functor BUFT 1, C4<0>, C4<0>, C4<0>, C4<0>;
v0xcb52781e0_0 .net "pcpi_mul_wr", 0 0, L_0xcb54546d0;  1 drivers
v0xcb5278280_0 .net "pcpi_rd", 31 0, o0xcb5428710;  alias, 0 drivers
v0xcb5278320_0 .net "pcpi_ready", 0 0, o0xcb5428740;  alias, 0 drivers
v0xcb52783c0_0 .net "pcpi_rs1", 31 0, L_0xcb4c99ff0;  alias, 1 drivers
v0xcb5278460_0 .net "pcpi_rs2", 31 0, L_0xcb4c9a060;  alias, 1 drivers
v0xcb5278500_0 .var "pcpi_timeout", 0 0;
v0xcb52785a0_0 .var "pcpi_valid", 0 0;
v0xcb5278640_0 .net "pcpi_wait", 0 0, o0xcb5428830;  alias, 0 drivers
v0xcb52786e0_0 .net "pcpi_wr", 0 0, o0xcb5428860;  alias, 0 drivers
v0xcb5278780_0 .var "prefetched_high_word", 0 0;
v0xcb5278820_0 .var "q_ascii_instr", 63 0;
v0xcb52788c0_0 .var "q_insn_imm", 31 0;
v0xcb5278960_0 .var "q_insn_opcode", 31 0;
v0xcb5278a00_0 .var "q_insn_rd", 4 0;
v0xcb5278aa0_0 .var "q_insn_rs1", 4 0;
v0xcb5278b40_0 .var "q_insn_rs2", 4 0;
v0xcb5278be0_0 .var "reg_next_pc", 31 0;
v0xcb5278c80_0 .var "reg_op1", 31 0;
v0xcb5278d20_0 .var "reg_op2", 31 0;
v0xcb5278dc0_0 .var "reg_out", 31 0;
v0xcb5278e60_0 .var "reg_pc", 31 0;
v0xcb5278f00_0 .var "reg_sh", 4 0;
v0xcb5278fa0_0 .net "resetn", 0 0, L_0xcb51edb90;  alias, 1 drivers
v0xcb5279040_0 .var "set_mem_do_rdata", 0 0;
v0xcb52790e0_0 .var "set_mem_do_rinst", 0 0;
v0xcb5279180_0 .var "set_mem_do_wdata", 0 0;
v0xcb5279220_0 .var "timer", 31 0;
v0xcb52792c0_0 .var "trace_data", 35 0;
v0xcb5279360_0 .var "trace_valid", 0 0;
v0xcb5279400_0 .var "trap", 0 0;
E_0xcb5249f80 .event posedge, v0xcb526d5e0_0;
v0xcb526d900_0 .array/port v0xcb526d900, 0;
v0xcb526d900_1 .array/port v0xcb526d900, 1;
v0xcb526d900_2 .array/port v0xcb526d900, 2;
E_0xcb5249fc0/0 .event anyedge, v0xcb526ec60_0, v0xcb526d900_0, v0xcb526d900_1, v0xcb526d900_2;
v0xcb526d900_3 .array/port v0xcb526d900, 3;
v0xcb526d900_4 .array/port v0xcb526d900, 4;
v0xcb526d900_5 .array/port v0xcb526d900, 5;
v0xcb526d900_6 .array/port v0xcb526d900, 6;
E_0xcb5249fc0/1 .event anyedge, v0xcb526d900_3, v0xcb526d900_4, v0xcb526d900_5, v0xcb526d900_6;
v0xcb526d900_7 .array/port v0xcb526d900, 7;
v0xcb526d900_8 .array/port v0xcb526d900, 8;
v0xcb526d900_9 .array/port v0xcb526d900, 9;
v0xcb526d900_10 .array/port v0xcb526d900, 10;
E_0xcb5249fc0/2 .event anyedge, v0xcb526d900_7, v0xcb526d900_8, v0xcb526d900_9, v0xcb526d900_10;
v0xcb526d900_11 .array/port v0xcb526d900, 11;
v0xcb526d900_12 .array/port v0xcb526d900, 12;
v0xcb526d900_13 .array/port v0xcb526d900, 13;
v0xcb526d900_14 .array/port v0xcb526d900, 14;
E_0xcb5249fc0/3 .event anyedge, v0xcb526d900_11, v0xcb526d900_12, v0xcb526d900_13, v0xcb526d900_14;
v0xcb526d900_15 .array/port v0xcb526d900, 15;
v0xcb526d900_16 .array/port v0xcb526d900, 16;
v0xcb526d900_17 .array/port v0xcb526d900, 17;
v0xcb526d900_18 .array/port v0xcb526d900, 18;
E_0xcb5249fc0/4 .event anyedge, v0xcb526d900_15, v0xcb526d900_16, v0xcb526d900_17, v0xcb526d900_18;
v0xcb526d900_19 .array/port v0xcb526d900, 19;
v0xcb526d900_20 .array/port v0xcb526d900, 20;
v0xcb526d900_21 .array/port v0xcb526d900, 21;
v0xcb526d900_22 .array/port v0xcb526d900, 22;
E_0xcb5249fc0/5 .event anyedge, v0xcb526d900_19, v0xcb526d900_20, v0xcb526d900_21, v0xcb526d900_22;
v0xcb526d900_23 .array/port v0xcb526d900, 23;
v0xcb526d900_24 .array/port v0xcb526d900, 24;
v0xcb526d900_25 .array/port v0xcb526d900, 25;
v0xcb526d900_26 .array/port v0xcb526d900, 26;
E_0xcb5249fc0/6 .event anyedge, v0xcb526d900_23, v0xcb526d900_24, v0xcb526d900_25, v0xcb526d900_26;
v0xcb526d900_27 .array/port v0xcb526d900, 27;
v0xcb526d900_28 .array/port v0xcb526d900, 28;
v0xcb526d900_29 .array/port v0xcb526d900, 29;
v0xcb526d900_30 .array/port v0xcb526d900, 30;
E_0xcb5249fc0/7 .event anyedge, v0xcb526d900_27, v0xcb526d900_28, v0xcb526d900_29, v0xcb526d900_30;
v0xcb526d900_31 .array/port v0xcb526d900, 31;
E_0xcb5249fc0/8 .event anyedge, v0xcb526d900_31, v0xcb526ed00_0;
E_0xcb5249fc0 .event/or E_0xcb5249fc0/0, E_0xcb5249fc0/1, E_0xcb5249fc0/2, E_0xcb5249fc0/3, E_0xcb5249fc0/4, E_0xcb5249fc0/5, E_0xcb5249fc0/6, E_0xcb5249fc0/7, E_0xcb5249fc0/8;
E_0xcb524a000/0 .event anyedge, v0xcb526d860_0, v0xcb5278e60_0, v0xcb5275f40_0, v0xcb5275ea0_0;
E_0xcb524a000/1 .event anyedge, v0xcb5276260_0, v0xcb526cdc0_0, v0xcb5278dc0_0, v0xcb5276300_0;
E_0xcb524a000/2 .event anyedge, v0xcb5278be0_0, v0xcb5275360_0, v0xcb52752c0_0;
E_0xcb524a000 .event/or E_0xcb524a000/0, E_0xcb524a000/1, E_0xcb524a000/2;
E_0xcb524a040/0 .event anyedge, v0xcb526d540_0, v0xcb5278780_0, v0xcb5275ea0_0, v0xcb5275400_0;
E_0xcb524a040/1 .event anyedge, v0xcb5278fa0_0;
E_0xcb524a040 .event/or E_0xcb524a040/0, E_0xcb524a040/1;
E_0xcb524a080/0 .event anyedge, v0xcb526ca00_0, v0xcb526f480_0, v0xcb526f7a0_0, v0xcb526caa0_0;
E_0xcb524a080/1 .event anyedge, v0xcb526f520_0, v0xcb526cb40_0, v0xcb526f5c0_0, v0xcb5275cc0_0;
E_0xcb524a080/2 .event anyedge, v0xcb5275d60_0, v0xcb526c960_0, v0xcb52759a0_0, v0xcb526cc80_0;
E_0xcb524a080/3 .event anyedge, v0xcb5275680_0, v0xcb5278c80_0, v0xcb5278d20_0, v0xcb5275040_0;
E_0xcb524a080/4 .event anyedge, v0xcb5274fa0_0, v0xcb52740a0_0, v0xcb5274000_0, v0xcb526f340_0;
E_0xcb524a080/5 .event anyedge, v0xcb526f2a0_0, v0xcb526ce60_0, v0xcb526cf00_0;
E_0xcb524a080 .event/or E_0xcb524a080/0, E_0xcb524a080/1, E_0xcb524a080/2, E_0xcb524a080/3, E_0xcb524a080/4, E_0xcb524a080/5;
E_0xcb524a0c0 .event anyedge, v0xcb526d860_0;
E_0xcb524a100/0 .event anyedge, v0xcb5278820_0, v0xcb52788c0_0, v0xcb5278960_0, v0xcb5278aa0_0;
E_0xcb524a100/1 .event anyedge, v0xcb5278b40_0, v0xcb5278a00_0, v0xcb526e620_0, v0xcb526ee40_0;
E_0xcb524a100/2 .event anyedge, v0xcb526d0e0_0, v0xcb526d180_0, v0xcb526d220_0, v0xcb526d360_0;
E_0xcb524a100/3 .event anyedge, v0xcb526d400_0, v0xcb526d2c0_0, v0xcb52777a0_0, v0xcb5277840_0;
E_0xcb524a100/4 .event anyedge, v0xcb526e9e0_0, v0xcb526ec60_0, v0xcb526ed00_0, v0xcb526eb20_0;
E_0xcb524a100 .event/or E_0xcb524a100/0, E_0xcb524a100/1, E_0xcb524a100/2, E_0xcb524a100/3, E_0xcb524a100/4;
E_0xcb524a140/0 .event anyedge, v0xcb526fde0_0, v0xcb526f3e0_0, v0xcb526fa20_0, v0xcb526fac0_0;
E_0xcb524a140/1 .event anyedge, v0xcb526f480_0, v0xcb526f7a0_0, v0xcb526f660_0, v0xcb526f520_0;
E_0xcb524a140/2 .event anyedge, v0xcb526f700_0, v0xcb526f5c0_0, v0xcb526fb60_0, v0xcb526fca0_0;
E_0xcb524a140/3 .event anyedge, v0xcb526fe80_0, v0xcb526fc00_0, v0xcb526fd40_0, v0xcb5274460_0;
E_0xcb524a140/4 .event anyedge, v0xcb52745a0_0, v0xcb5274d20_0, v0xcb526f200_0, v0xcb5274820_0;
E_0xcb524a140/5 .event anyedge, v0xcb52748c0_0, v0xcb5275040_0, v0xcb52740a0_0, v0xcb526f340_0;
E_0xcb524a140/6 .event anyedge, v0xcb52746e0_0, v0xcb5274be0_0, v0xcb5274aa0_0, v0xcb526f160_0;
E_0xcb524a140/7 .event anyedge, v0xcb5274c80_0, v0xcb5274640_0, v0xcb5274780_0, v0xcb5274960_0;
E_0xcb524a140/8 .event anyedge, v0xcb5274fa0_0, v0xcb5274b40_0, v0xcb5274a00_0, v0xcb5274000_0;
E_0xcb524a140/9 .event anyedge, v0xcb526f2a0_0, v0xcb5274140_0, v0xcb52741e0_0, v0xcb5274280_0;
E_0xcb524a140/10 .event anyedge, v0xcb5274320_0, v0xcb526f8e0_0, v0xcb526f980_0, v0xcb5274500_0;
E_0xcb524a140/11 .event anyedge, v0xcb52743c0_0, v0xcb526ff20_0, v0xcb5274f00_0, v0xcb5274dc0_0;
E_0xcb524a140 .event/or E_0xcb524a140/0, E_0xcb524a140/1, E_0xcb524a140/2, E_0xcb524a140/3, E_0xcb524a140/4, E_0xcb524a140/5, E_0xcb524a140/6, E_0xcb524a140/7, E_0xcb524a140/8, E_0xcb524a140/9, E_0xcb524a140/10, E_0xcb524a140/11;
E_0xcb524a180 .event anyedge, v0xcb52775c0_0, v0xcb5278d20_0, v0xcb5277020_0, v0xcb5278c80_0;
E_0xcb524a1c0 .event anyedge, v0xcb52781e0_0, v0xcb5278000_0, v0xcb5277c00_0, v0xcb5277a20_0;
L_0xcb4d2e620 .concat [ 1 1 1 1], v0xcb5276800_0, v0xcb52766c0_0, v0xcb5276760_0, v0xcb5276620_0;
L_0xcb4d2e6c0 .reduce/or L_0xcb4d2e620;
L_0xcb4d2e760 .reduce/or v0xcb52773e0_0;
L_0xcb4d2e800 .reduce/and v0xcb52773e0_0;
L_0xcb4d2e8a0 .reduce/nor L_0xcb5454910;
L_0xcb528a080 .part L_0xcb4c9a0d0, 0, 2;
L_0xcb4d2e940 .reduce/nand L_0xcb528a080;
L_0xcb4d2e9e0 .reduce/nor v0xcb52773e0_0;
L_0xcb4d2ea80 .reduce/nor L_0xcb54549a0;
L_0xcb4d2eb20 .reduce/nor v0xcb52773e0_0;
L_0xcb528a120 .part L_0xcb4d2f160, 2, 30;
L_0xcb4d2ebc0 .arith/sum 30, L_0xcb528a120, L_0xcb54552e8;
L_0xcb4d2ec60 .concat [ 2 30 0 0], L_0xcb5454a30, L_0xcb4d2ebc0;
L_0xcb528a1c0 .part v0xcb5278c80_0, 2, 30;
L_0xcb4d2ed00 .concat [ 2 30 0 0], L_0xcb5454a78, L_0xcb528a1c0;
L_0xcb4d2eda0 .functor MUXZ 32, L_0xcb4d2ed00, L_0xcb4d2ec60, L_0xcb51ee530, C4<>;
L_0xcb4d2ee40 .functor MUXZ 32, v0xcb5277200_0, v0xcb5279b80_0, L_0xcb51ee5a0, C4<>;
LS_0xcb4d2eee0_0_0 .concat [ 1 1 1 1], v0xcb5274dc0_0, v0xcb5274f00_0, v0xcb526ff20_0, v0xcb52743c0_0;
LS_0xcb4d2eee0_0_4 .concat [ 1 1 1 1], v0xcb5274500_0, v0xcb526f980_0, v0xcb526f8e0_0, v0xcb5274320_0;
LS_0xcb4d2eee0_0_8 .concat [ 1 1 1 1], v0xcb5274280_0, v0xcb52741e0_0, v0xcb5274140_0, v0xcb526f2a0_0;
LS_0xcb4d2eee0_0_12 .concat [ 1 1 1 1], v0xcb5274000_0, v0xcb5274a00_0, v0xcb5274b40_0, v0xcb5274fa0_0;
LS_0xcb4d2eee0_0_16 .concat [ 1 1 1 1], v0xcb5274960_0, v0xcb5274780_0, v0xcb5274640_0, v0xcb5274c80_0;
LS_0xcb4d2eee0_0_20 .concat [ 1 1 1 1], v0xcb526f160_0, v0xcb5274aa0_0, v0xcb5274be0_0, v0xcb52746e0_0;
LS_0xcb4d2eee0_0_24 .concat [ 1 1 1 1], v0xcb526f340_0, v0xcb52740a0_0, v0xcb5275040_0, v0xcb52748c0_0;
LS_0xcb4d2eee0_0_28 .concat [ 1 1 1 1], v0xcb5274820_0, v0xcb526f200_0, v0xcb5274d20_0, v0xcb52745a0_0;
LS_0xcb4d2eee0_0_32 .concat [ 1 1 1 1], v0xcb5274460_0, v0xcb526fd40_0, v0xcb526fc00_0, v0xcb526fe80_0;
LS_0xcb4d2eee0_0_36 .concat [ 1 1 1 1], v0xcb526fca0_0, v0xcb526fb60_0, v0xcb526f5c0_0, v0xcb526f700_0;
LS_0xcb4d2eee0_0_40 .concat [ 1 1 1 1], v0xcb526f520_0, v0xcb526f660_0, v0xcb526f7a0_0, v0xcb526f480_0;
LS_0xcb4d2eee0_0_44 .concat [ 1 1 1 1], v0xcb526fac0_0, v0xcb526fa20_0, v0xcb526f3e0_0, v0xcb526fde0_0;
LS_0xcb4d2eee0_1_0 .concat [ 4 4 4 4], LS_0xcb4d2eee0_0_0, LS_0xcb4d2eee0_0_4, LS_0xcb4d2eee0_0_8, LS_0xcb4d2eee0_0_12;
LS_0xcb4d2eee0_1_4 .concat [ 4 4 4 4], LS_0xcb4d2eee0_0_16, LS_0xcb4d2eee0_0_20, LS_0xcb4d2eee0_0_24, LS_0xcb4d2eee0_0_28;
LS_0xcb4d2eee0_1_8 .concat [ 4 4 4 4], LS_0xcb4d2eee0_0_32, LS_0xcb4d2eee0_0_36, LS_0xcb4d2eee0_0_40, LS_0xcb4d2eee0_0_44;
L_0xcb4d2eee0 .concat [ 16 16 16 0], LS_0xcb4d2eee0_1_0, LS_0xcb4d2eee0_1_4, LS_0xcb4d2eee0_1_8;
L_0xcb4d2ef80 .reduce/nor L_0xcb4d2eee0;
L_0xcb4d2f020 .concat [ 1 1 1 1], v0xcb5274320_0, v0xcb5274280_0, v0xcb52741e0_0, v0xcb5274140_0;
L_0xcb4d2f0c0 .reduce/or L_0xcb4d2f020;
L_0xcb4d2f160 .functor MUXZ 32, v0xcb5278be0_0, L_0xcb51ee6f0, L_0xcb51ee680, C4<>;
L_0xcb528a260 .cmp/eq 8, v0xcb526d860_0, L_0xcb5454b98;
S_0xcb4de8600 .scope task, "empty_statement" "empty_statement" 3 214, 3 214 0, S_0xcb4de8300;
 .timescale -9 -12;
TD_picorv32_wb.picorv32_core.empty_statement ;
    %end;
S_0xcb4de8780 .scope generate, "genblk1" "genblk1" 3 285, 3 285 0, S_0xcb4de8300;
 .timescale -9 -12;
S_0xcb4de8900 .scope generate, "genblk2" "genblk2" 3 305, 3 305 0, S_0xcb4de8300;
 .timescale -9 -12;
S_0xcb4de8a80 .scope generate, "genblk3" "genblk3" 3 1229, 3 1229 0, S_0xcb4de8300;
 .timescale -9 -12;
E_0xcb524a200/0 .event anyedge, v0xcb5274c80_0, v0xcb5278c80_0, v0xcb5278d20_0, v0xcb5274a00_0;
E_0xcb524a200/1 .event anyedge, v0xcb5274aa0_0;
E_0xcb524a200 .event/or E_0xcb524a200/0, E_0xcb524a200/1;
S_0x102b1d2e0 .scope module, "tb_loader_file" "tb_loader_file" 4 16;
 .timescale -9 -12;
P_0xcb52499c0 .param/l "CPB" 1 4 18, +C4<00000000000000000000000000010000>;
v0xcb5288fa0_0 .var/i "ack_count", 31 0;
v0xcb5289040_0 .var "btn", 1 0;
v0xcb52890e0_0 .var "clk", 0 0;
v0xcb5289180_0 .var/i "code", 31 0;
v0xcb5289220_0 .var/i "expected", 31 0;
v0xcb52892c0_0 .var/i "fd", 31 0;
v0xcb5289360_0 .var/i "flen", 31 0;
v0xcb5289400 .array "frame", 511 0, 7 0;
v0xcb52894a0_0 .var "frames_path", 1023 0;
v0xcb5289540_0 .net "gpio_out", 31 0, L_0xcb4c9a610;  1 drivers
v0xcb52895e0_0 .var/i "k", 31 0;
v0xcb5289680_0 .var "last_byte", 7 0;
v0xcb5289720_0 .var/i "nak_count", 31 0;
v0xcb52897c0_0 .var/i "nframes", 31 0;
v0xcb5289860_0 .var/i "prev_ack", 31 0;
v0xcb5289900_0 .var "resetn", 0 0;
v0xcb52899a0_0 .var/i "ri", 31 0;
v0xcb5289a40_0 .var "rx", 0 0;
v0xcb5289ae0_0 .net "tx", 0 0, v0xcb52873e0_0;  1 drivers
E_0xcb524a240 .event anyedge, v0xcb5288fa0_0, v0xcb5289720_0, v0xcb5289860_0;
E_0xcb524a280 .event negedge, v0xcb52873e0_0;
S_0xcb4de8c00 .scope module, "dut" "soc_loader" 4 29, 5 28 0, S_0x102b1d2e0;
 .timescale -9 -12;
    .port_info 0 /INPUT 1 "clk";
    .port_info 1 /INPUT 1 "resetn";
    .port_info 2 /INPUT 1 "uart_rx_pin";
    .port_info 3 /OUTPUT 1 "uart_tx_pin";
    .port_info 4 /INPUT 2 "btn_in";
    .port_info 5 /OUTPUT 32 "gpio_out";
P_0xcb514a580 .param/l "CLOCKS_PER_BIT" 0 5 29, +C4<00000000000000000000000000010000>;
P_0xcb514a5c0 .param/l "MEM_WORDS" 1 5 141, +C4<00000000000000000000100000000000>;
L_0xcb51ee990 .functor NOT 1, v0xcb5285ea0_0, C4<0>, C4<0>, C4<0>;
L_0xcb51eea00 .functor AND 1, v0xcb5289900_0, L_0xcb51ee990, C4<1>, C4<1>;
L_0xcb4c9a610 .functor BUFZ 32, v0xcb5288640_0, C4<00000000000000000000000000000000>, C4<00000000000000000000000000000000>, C4<00000000000000000000000000000000>;
v0xcb5287520_0 .net *"_ivl_0", 0 0, L_0xcb51ee990;  1 drivers
L_0xcb54551c8 .functor BUFT 1, C4<0000000000000000>, C4<0>, C4<0>, C4<0>;
v0xcb52875c0_0 .net/2u *"_ivl_10", 15 0, L_0xcb54551c8;  1 drivers
v0xcb5287660_0 .net *"_ivl_15", 15 0, L_0xcb528a940;  1 drivers
L_0xcb5455210 .functor BUFT 1, C4<0001000000000000>, C4<0>, C4<0>, C4<0>;
v0xcb5287700_0 .net/2u *"_ivl_16", 15 0, L_0xcb5455210;  1 drivers
v0xcb52877a0_0 .net *"_ivl_9", 15 0, L_0xcb528a800;  1 drivers
v0xcb5287840_0 .net "btn_in", 1 0, v0xcb5289040_0;  1 drivers
v0xcb52878e0_0 .net "clk", 0 0, v0xcb52890e0_0;  1 drivers
v0xcb5287980_0 .net "cpu_resetn", 0 0, L_0xcb51eea00;  1 drivers
v0xcb5287a20_0 .net "cpu_word_addr", 10 0, L_0xcb528aa80;  1 drivers
v0xcb5287ac0_0 .net "gpio_out", 31 0, L_0xcb4c9a610;  alias, 1 drivers
v0xcb5287b60_0 .net "is_bram", 0 0, L_0xcb528a8a0;  1 drivers
v0xcb5287c00_0 .net "is_io", 0 0, L_0xcb528a9e0;  1 drivers
v0xcb5287ca0_0 .var/i "k", 31 0;
v0xcb5287d40_0 .net "ld_mem_waddr", 10 0, v0xcb5285f40_0;  1 drivers
v0xcb5287de0_0 .net "ld_mem_wdata", 31 0, v0xcb5285fe0_0;  1 drivers
v0xcb5287e80_0 .net "ld_mem_we", 0 0, v0xcb5286080_0;  1 drivers
v0xcb5287f20_0 .net "ld_tx_data", 7 0, v0xcb5286580_0;  1 drivers
v0xcb5288000_0 .net "ld_tx_send", 0 0, v0xcb5286620_0;  1 drivers
v0xcb52880a0_0 .net "loading", 0 0, v0xcb5285ea0_0;  1 drivers
v0xcb5288140 .array "mem", 2047 0, 31 0;
v0xcb52881e0_0 .net "mem_addr", 31 0, v0xcb5282800_0;  1 drivers
v0xcb5288280_0 .net "mem_instr", 0 0, v0xcb5282c60_0;  1 drivers
v0xcb5288320_0 .var "mem_rdata", 31 0;
v0xcb52883c0_0 .var "mem_ready", 0 0;
v0xcb5288460_0 .net "mem_valid", 0 0, v0xcb52837a0_0;  1 drivers
v0xcb5288500_0 .net "mem_wdata", 31 0, v0xcb5283840_0;  1 drivers
v0xcb52885a0_0 .net "mem_wstrb", 3 0, v0xcb5283980_0;  1 drivers
v0xcb5288640_0 .var "r_gpio_out", 31 0;
v0xcb52886e0_0 .var "r_rx_data", 7 0;
v0xcb5288780_0 .var "r_rx_ready", 0 0;
v0xcb5288820_0 .var "r_uart_data", 7 0;
v0xcb52888c0_0 .var "r_uart_valid", 0 0;
v0xcb5288960_0 .net "resetn", 0 0, v0xcb5289900_0;  1 drivers
v0xcb5288a00_0 .net "rx_data", 7 0, v0xcb5286940_0;  1 drivers
v0xcb5288aa0_0 .net "rx_valid", 0 0, v0xcb5286da0_0;  1 drivers
v0xcb5288b40_0 .net "tx_busy", 0 0, L_0xcb528ab20;  1 drivers
v0xcb5288be0_0 .net "tx_data", 7 0, L_0xcb4d2fe80;  1 drivers
v0xcb5288c80_0 .net "tx_valid", 0 0, L_0xcb4d2fde0;  1 drivers
v0xcb5288d20_0 .net "uart_rx_pin", 0 0, v0xcb5289a40_0;  1 drivers
v0xcb5288dc0_0 .net "uart_tx_pin", 0 0, v0xcb52873e0_0;  alias, 1 drivers
L_0xcb528a800 .part v0xcb5282800_0, 16, 16;
L_0xcb528a8a0 .cmp/eq 16, L_0xcb528a800, L_0xcb54551c8;
L_0xcb528a940 .part v0xcb5282800_0, 16, 16;
L_0xcb528a9e0 .cmp/eq 16, L_0xcb528a940, L_0xcb5455210;
L_0xcb528aa80 .part v0xcb5282800_0, 2, 11;
L_0xcb4d2fde0 .functor MUXZ 1, v0xcb52888c0_0, v0xcb5286620_0, v0xcb5285ea0_0, C4<>;
L_0xcb4d2fe80 .functor MUXZ 8, v0xcb5288820_0, v0xcb5286580_0, v0xcb5285ea0_0, C4<>;
S_0xcb4de8d80 .scope module, "cpu" "picorv32" 5 108, 3 62 0, S_0xcb4de8c00;
 .timescale -9 -12;
    .port_info 0 /INPUT 1 "clk";
    .port_info 1 /INPUT 1 "resetn";
    .port_info 2 /OUTPUT 1 "trap";
    .port_info 3 /OUTPUT 1 "mem_valid";
    .port_info 4 /OUTPUT 1 "mem_instr";
    .port_info 5 /INPUT 1 "mem_ready";
    .port_info 6 /OUTPUT 32 "mem_addr";
    .port_info 7 /OUTPUT 32 "mem_wdata";
    .port_info 8 /OUTPUT 4 "mem_wstrb";
    .port_info 9 /INPUT 32 "mem_rdata";
    .port_info 10 /OUTPUT 1 "mem_la_read";
    .port_info 11 /OUTPUT 1 "mem_la_write";
    .port_info 12 /OUTPUT 32 "mem_la_addr";
    .port_info 13 /OUTPUT 32 "mem_la_wdata";
    .port_info 14 /OUTPUT 4 "mem_la_wstrb";
    .port_info 15 /OUTPUT 1 "pcpi_valid";
    .port_info 16 /OUTPUT 32 "pcpi_insn";
    .port_info 17 /OUTPUT 32 "pcpi_rs1";
    .port_info 18 /OUTPUT 32 "pcpi_rs2";
    .port_info 19 /INPUT 1 "pcpi_wr";
    .port_info 20 /INPUT 32 "pcpi_rd";
    .port_info 21 /INPUT 1 "pcpi_wait";
    .port_info 22 /INPUT 1 "pcpi_ready";
    .port_info 23 /INPUT 32 "irq";
    .port_info 24 /OUTPUT 32 "eoi";
    .port_info 25 /OUTPUT 1 "trace_valid";
    .port_info 26 /OUTPUT 36 "trace_data";
P_0xcb5268c00 .param/l "BARREL_SHIFTER" 0 3 69, C4<0>;
P_0xcb5268c40 .param/l "CATCH_ILLINSN" 0 3 74, C4<1>;
P_0xcb5268c80 .param/l "CATCH_MISALIGN" 0 3 73, C4<1>;
P_0xcb5268cc0 .param/l "COMPRESSED_ISA" 0 3 72, C4<0>;
P_0xcb5268d00 .param/l "ENABLE_COUNTERS" 0 3 63, C4<0>;
P_0xcb5268d40 .param/l "ENABLE_COUNTERS64" 0 3 64, C4<0>;
P_0xcb5268d80 .param/l "ENABLE_DIV" 0 3 78, C4<0>;
P_0xcb5268dc0 .param/l "ENABLE_FAST_MUL" 0 3 77, C4<0>;
P_0xcb5268e00 .param/l "ENABLE_IRQ" 0 3 79, C4<0>;
P_0xcb5268e40 .param/l "ENABLE_IRQ_QREGS" 0 3 80, C4<1>;
P_0xcb5268e80 .param/l "ENABLE_IRQ_TIMER" 0 3 81, C4<1>;
P_0xcb5268ec0 .param/l "ENABLE_MUL" 0 3 76, C4<0>;
P_0xcb5268f00 .param/l "ENABLE_PCPI" 0 3 75, C4<0>;
P_0xcb5268f40 .param/l "ENABLE_REGS_16_31" 0 3 65, C4<1>;
P_0xcb5268f80 .param/l "ENABLE_REGS_DUALPORT" 0 3 66, C4<1>;
P_0xcb5268fc0 .param/l "ENABLE_TRACE" 0 3 82, C4<0>;
P_0xcb5269000 .param/l "LATCHED_IRQ" 0 3 85, C4<11111111111111111111111111111111>;
P_0xcb5269040 .param/l "LATCHED_MEM_RDATA" 0 3 67, C4<0>;
P_0xcb5269080 .param/l "MASKED_IRQ" 0 3 84, C4<00000000000000000000000000000000>;
P_0xcb52690c0 .param/l "PROGADDR_IRQ" 0 3 87, C4<00000000000000000000000000010000>;
P_0xcb5269100 .param/l "PROGADDR_RESET" 0 3 86, C4<00000000000000000000000000000000>;
P_0xcb5269140 .param/l "REGS_INIT_ZERO" 0 3 83, C4<0>;
P_0xcb5269180 .param/l "STACKADDR" 0 3 88, C4<00000000000000000001111111110000>;
P_0xcb52691c0 .param/l "TRACE_ADDR" 1 3 172, C4<001000000000000000000000000000000000>;
P_0xcb5269200 .param/l "TRACE_BRANCH" 1 3 171, C4<000100000000000000000000000000000000>;
P_0xcb5269240 .param/l "TRACE_IRQ" 1 3 173, C4<100000000000000000000000000000000000>;
P_0xcb5269280 .param/l "TWO_CYCLE_ALU" 0 3 71, C4<0>;
P_0xcb52692c0 .param/l "TWO_CYCLE_COMPARE" 0 3 70, C4<0>;
P_0xcb5269300 .param/l "TWO_STAGE_SHIFT" 0 3 68, C4<1>;
P_0xcb5269340 .param/l "WITH_PCPI" 1 3 169, C4<0>;
P_0xcb5269380 .param/l "cpu_state_exec" 1 3 1176, C4<00001000>;
P_0xcb52693c0 .param/l "cpu_state_fetch" 1 3 1173, C4<01000000>;
P_0xcb5269400 .param/l "cpu_state_ld_rs1" 1 3 1174, C4<00100000>;
P_0xcb5269440 .param/l "cpu_state_ld_rs2" 1 3 1175, C4<00010000>;
P_0xcb5269480 .param/l "cpu_state_ldmem" 1 3 1179, C4<00000001>;
P_0xcb52694c0 .param/l "cpu_state_shift" 1 3 1177, C4<00000100>;
P_0xcb5269500 .param/l "cpu_state_stmem" 1 3 1178, C4<00000010>;
P_0xcb5269540 .param/l "cpu_state_trap" 1 3 1172, C4<10000000>;
P_0xcb5269580 .param/l "irq_buserror" 1 3 163, +C4<00000000000000000000000000000010>;
P_0xcb52695c0 .param/l "irq_ebreak" 1 3 162, +C4<00000000000000000000000000000001>;
P_0xcb5269600 .param/l "irq_timer" 1 3 161, +C4<00000000000000000000000000000000>;
P_0xcb5269640 .param/l "irqregs_offset" 1 3 165, +C4<00000000000000000000000000100000>;
P_0xcb5269680 .param/l "regfile_size" 1 3 166, +C4<00000000000000000000000000100000>;
P_0xcb52696c0 .param/l "regindex_bits" 1 3 167, +C4<00000000000000000000000000000101>;
L_0xcb4c9a1b0 .functor BUFZ 1, v0xcb52837a0_0, C4<0>, C4<0>, C4<0>;
L_0xcb4c9a220 .functor BUFZ 1, v0xcb5282c60_0, C4<0>, C4<0>, C4<0>;
L_0xcb4c9a290 .functor BUFZ 1, v0xcb52883c0_0, C4<0>, C4<0>, C4<0>;
L_0xcb4c9a300 .functor BUFZ 32, v0xcb5282800_0, C4<00000000000000000000000000000000>, C4<00000000000000000000000000000000>, C4<00000000000000000000000000000000>;
L_0xcb4c9a370 .functor BUFZ 32, v0xcb5283840_0, C4<00000000000000000000000000000000>, C4<00000000000000000000000000000000>, C4<00000000000000000000000000000000>;
L_0xcb4c9a3e0 .functor BUFZ 4, v0xcb5283980_0, C4<0000>, C4<0000>, C4<0000>;
L_0xcb4c9a450 .functor BUFZ 32, v0xcb5288320_0, C4<00000000000000000000000000000000>, C4<00000000000000000000000000000000>, C4<00000000000000000000000000000000>;
L_0xcb4c9a4c0 .functor BUFZ 32, v0xcb5284fa0_0, C4<00000000000000000000000000000000>, C4<00000000000000000000000000000000>, C4<00000000000000000000000000000000>;
L_0xcb4c9a530 .functor BUFZ 32, v0xcb5285040_0, C4<00000000000000000000000000000000>, C4<00000000000000000000000000000000>, C4<00000000000000000000000000000000>;
L_0xcb51eea70 .functor AND 1, v0xcb52837a0_0, v0xcb52883c0_0, C4<1>, C4<1>;
L_0xcb5454ef8 .functor BUFT 1, C4<0>, C4<0>, C4<0>, C4<0>;
L_0xcb51eeae0 .functor AND 1, L_0xcb5454ef8, v0xcb5282a80_0, C4<1>, C4<1>;
L_0xcb51eeb50 .functor OR 1, L_0xcb51eea70, L_0xcb51eeae0, C4<0>, C4<0>;
L_0xcb51eebc0 .functor AND 1, L_0xcb51eeb50, L_0xcb4d2f340, C4<1>, C4<1>;
L_0xcb51eeca0 .functor OR 1, v0xcb5282a80_0, v0xcb52829e0_0, C4<0>, C4<0>;
L_0xcb51eed10 .functor OR 1, L_0xcb51eeca0, v0xcb5282b20_0, C4<0>, C4<0>;
L_0xcb51eec30 .functor AND 1, L_0xcb51eebc0, L_0xcb51eed10, C4<1>, C4<1>;
L_0xcb51eed80 .functor AND 1, L_0xcb4d2f3e0, v0xcb5282a80_0, C4<1>, C4<1>;
L_0xcb51eedf0 .functor OR 1, L_0xcb51eec30, L_0xcb51eed80, C4<0>, C4<0>;
L_0xcb51eee60 .functor AND 1, L_0xcb51eea00, L_0xcb51eedf0, C4<1>, C4<1>;
L_0xcb51eeed0 .functor AND 1, L_0xcb4d2f520, L_0xcb51eeb50, C4<1>, C4<1>;
L_0xcb51eef40 .functor OR 1, L_0xcb4d2f480, L_0xcb51eeed0, C4<0>, C4<0>;
L_0xcb51eefb0 .functor AND 1, L_0xcb51eee60, L_0xcb51eef40, C4<1>, C4<1>;
L_0xcb51ef020 .functor AND 1, L_0xcb51eea00, L_0xcb4d2f5c0, C4<1>, C4<1>;
L_0xcb51ef090 .functor AND 1, L_0xcb51ef020, v0xcb5282b20_0, C4<1>, C4<1>;
L_0xcb51ef100 .functor AND 1, L_0xcb4d2f660, L_0xcb4d2f700, C4<1>, C4<1>;
L_0xcb51ef170 .functor OR 1, v0xcb5282a80_0, v0xcb5282940_0, C4<0>, C4<0>;
L_0xcb51ef1e0 .functor OR 1, L_0xcb51ef170, v0xcb52829e0_0, C4<0>, C4<0>;
L_0xcb51ef250 .functor AND 1, L_0xcb51ef100, L_0xcb51ef1e0, C4<1>, C4<1>;
L_0xcb5454f40 .functor BUFT 1, C4<0>, C4<0>, C4<0>, C4<0>;
L_0xcb51ef2c0 .functor OR 1, L_0xcb51ef250, L_0xcb5454f40, C4<0>, C4<0>;
L_0xcb51ef330 .functor AND 1, L_0xcb51eea00, L_0xcb51ef2c0, C4<1>, C4<1>;
L_0xcb51ef3a0 .functor OR 1, v0xcb5282940_0, v0xcb5282a80_0, C4<0>, C4<0>;
L_0xcb5455018 .functor BUFT 1, C4<0>, C4<0>, C4<0>, C4<0>;
L_0xcb51ef410 .functor OR 1, L_0xcb51eeb50, L_0xcb5455018, C4<0>, C4<0>;
L_0xcb4c9a5a0 .functor BUFZ 32, L_0xcb4d2fa20, C4<00000000000000000000000000000000>, C4<00000000000000000000000000000000>, C4<00000000000000000000000000000000>;
L_0xcb5455060 .functor BUFT 1, C4<1>, C4<0>, C4<0>, C4<0>;
L_0xcb51ef480 .functor AND 1, L_0xcb5455060, L_0xcb4d2fb60, C4<1>, C4<1>;
L_0xcb51ef4f0 .functor AND 1, v0xcb5282620_0, v0xcb52821c0_0, C4<1>, C4<1>;
L_0xcb54550a8 .functor BUFT 1, C4<11111111111111111111111111111110>, C4<0>, C4<0>, C4<0>;
L_0xcb51ef560 .functor AND 32, v0xcb52850e0_0, L_0xcb54550a8, C4<11111111111111111111111111111111>, C4<11111111111111111111111111111111>;
L_0xcb51ef5d0 .functor AND 1, L_0xcb528a760, v0xcb527f200_0, C4<1>, C4<1>;
L_0xcb5455138 .functor BUFT 1, C4<1>, C4<0>, C4<0>, C4<0>;
L_0xcb51ef640 .functor AND 1, L_0xcb51ef5d0, L_0xcb5455138, C4<1>, C4<1>;
v0xcb527ada0_0 .net *"_ivl_100", 31 0, L_0xcb4d2f840;  1 drivers
v0xcb527ae40_0 .net *"_ivl_103", 29 0, L_0xcb528a6c0;  1 drivers
L_0xcb5454fd0 .functor BUFT 1, C4<00>, C4<0>, C4<0>, C4<0>;
v0xcb527aee0_0 .net/2u *"_ivl_104", 1 0, L_0xcb5454fd0;  1 drivers
v0xcb527af80_0 .net *"_ivl_106", 31 0, L_0xcb4d2f8e0;  1 drivers
v0xcb527b020_0 .net/2u *"_ivl_110", 0 0, L_0xcb5455018;  1 drivers
v0xcb527b0c0_0 .net *"_ivl_113", 0 0, L_0xcb51ef410;  1 drivers
v0xcb527b160_0 .net/2u *"_ivl_118", 0 0, L_0xcb5455060;  1 drivers
v0xcb527b200_0 .net *"_ivl_120", 47 0, L_0xcb4d2fac0;  1 drivers
v0xcb527b2a0_0 .net *"_ivl_123", 0 0, L_0xcb4d2fb60;  1 drivers
v0xcb527b340_0 .net *"_ivl_126", 3 0, L_0xcb4d2fc00;  1 drivers
v0xcb527b3e0_0 .net *"_ivl_131", 0 0, L_0xcb51ef4f0;  1 drivers
v0xcb527b480_0 .net/2u *"_ivl_132", 31 0, L_0xcb54550a8;  1 drivers
v0xcb527b520_0 .net *"_ivl_134", 31 0, L_0xcb51ef560;  1 drivers
L_0xcb54550f0 .functor BUFT 1, C4<01000000>, C4<0>, C4<0>, C4<0>;
v0xcb527b5c0_0 .net/2u *"_ivl_138", 7 0, L_0xcb54550f0;  1 drivers
v0xcb527b660_0 .net *"_ivl_140", 0 0, L_0xcb528a760;  1 drivers
v0xcb527b700_0 .net *"_ivl_143", 0 0, L_0xcb51ef5d0;  1 drivers
v0xcb527b7a0_0 .net/2u *"_ivl_144", 0 0, L_0xcb5455138;  1 drivers
v0xcb527b840_0 .net *"_ivl_25", 0 0, L_0xcb51eea70;  1 drivers
v0xcb527b8e0_0 .net *"_ivl_27", 0 0, L_0xcb51eeae0;  1 drivers
v0xcb527b980_0 .net *"_ivl_30", 3 0, L_0xcb4d2f200;  1 drivers
v0xcb527ba20_0 .net *"_ivl_35", 0 0, L_0xcb4d2f340;  1 drivers
v0xcb527bac0_0 .net *"_ivl_37", 0 0, L_0xcb51eebc0;  1 drivers
v0xcb527bb60_0 .net *"_ivl_39", 0 0, L_0xcb51eeca0;  1 drivers
v0xcb527bc00_0 .net *"_ivl_41", 0 0, L_0xcb51eed10;  1 drivers
v0xcb527bca0_0 .net *"_ivl_43", 0 0, L_0xcb51eec30;  1 drivers
v0xcb527bd40_0 .net *"_ivl_45", 0 0, L_0xcb4d2f3e0;  1 drivers
v0xcb527bde0_0 .net *"_ivl_47", 0 0, L_0xcb51eed80;  1 drivers
v0xcb527be80_0 .net *"_ivl_49", 0 0, L_0xcb51eedf0;  1 drivers
v0xcb527bf20_0 .net *"_ivl_51", 0 0, L_0xcb51eee60;  1 drivers
v0xcb527c000_0 .net *"_ivl_53", 0 0, L_0xcb4d2f480;  1 drivers
v0xcb527c0a0_0 .net *"_ivl_55", 1 0, L_0xcb528a580;  1 drivers
v0xcb527c140_0 .net *"_ivl_57", 0 0, L_0xcb4d2f520;  1 drivers
v0xcb527c1e0_0 .net *"_ivl_59", 0 0, L_0xcb51eeed0;  1 drivers
v0xcb527c280_0 .net *"_ivl_61", 0 0, L_0xcb51eef40;  1 drivers
v0xcb527c320_0 .net *"_ivl_65", 0 0, L_0xcb4d2f5c0;  1 drivers
v0xcb527c3c0_0 .net *"_ivl_67", 0 0, L_0xcb51ef020;  1 drivers
v0xcb527c460_0 .net *"_ivl_71", 0 0, L_0xcb4d2f660;  1 drivers
v0xcb527c500_0 .net *"_ivl_73", 0 0, L_0xcb4d2f700;  1 drivers
v0xcb527c5a0_0 .net *"_ivl_75", 0 0, L_0xcb51ef100;  1 drivers
v0xcb527c640_0 .net *"_ivl_77", 0 0, L_0xcb51ef170;  1 drivers
v0xcb527c6e0_0 .net *"_ivl_79", 0 0, L_0xcb51ef1e0;  1 drivers
v0xcb527c780_0 .net *"_ivl_81", 0 0, L_0xcb51ef250;  1 drivers
v0xcb527c820_0 .net/2u *"_ivl_82", 0 0, L_0xcb5454f40;  1 drivers
v0xcb527c8c0_0 .net *"_ivl_85", 0 0, L_0xcb51ef2c0;  1 drivers
v0xcb527c960_0 .net *"_ivl_89", 0 0, L_0xcb51ef3a0;  1 drivers
v0xcb527ca00_0 .net *"_ivl_91", 29 0, L_0xcb528a620;  1 drivers
L_0xcb5455330 .functor BUFT 1, C4<000000000000000000000000000000>, C4<0>, C4<0>, C4<0>;
v0xcb527caa0_0 .net *"_ivl_92", 29 0, L_0xcb5455330;  1 drivers
v0xcb527cb40_0 .net *"_ivl_96", 29 0, L_0xcb4d2f7a0;  1 drivers
L_0xcb5454f88 .functor BUFT 1, C4<00>, C4<0>, C4<0>, C4<0>;
v0xcb527cbe0_0 .net/2u *"_ivl_98", 1 0, L_0xcb5454f88;  1 drivers
v0xcb527cc80_0 .var "alu_add_sub", 31 0;
v0xcb527cd20_0 .var "alu_eq", 0 0;
v0xcb527cdc0_0 .var "alu_lts", 0 0;
v0xcb527ce60_0 .var "alu_ltu", 0 0;
v0xcb527cf00_0 .var "alu_out", 31 0;
v0xcb527cfa0_0 .var "alu_out_0", 0 0;
v0xcb527d040_0 .var "alu_out_0_q", 0 0;
v0xcb527d0e0_0 .var "alu_out_q", 31 0;
v0xcb527d180_0 .var "alu_shl", 31 0;
v0xcb527d220_0 .var "alu_shr", 31 0;
v0xcb527d2c0_0 .var "alu_wait", 0 0;
v0xcb527d360_0 .var "alu_wait_2", 0 0;
v0xcb527d400_0 .var "cached_ascii_instr", 63 0;
v0xcb527d4a0_0 .var "cached_insn_imm", 31 0;
v0xcb527d540_0 .var "cached_insn_opcode", 31 0;
v0xcb527d5e0_0 .var "cached_insn_rd", 4 0;
v0xcb527d680_0 .var "cached_insn_rs1", 4 0;
v0xcb527d720_0 .var "cached_insn_rs2", 4 0;
v0xcb527d7c0_0 .var "clear_prefetched_high_word", 0 0;
v0xcb527d860_0 .var "clear_prefetched_high_word_q", 0 0;
v0xcb527d900_0 .net "clk", 0 0, v0xcb52890e0_0;  alias, 1 drivers
v0xcb527d9a0_0 .var "compressed_instr", 0 0;
v0xcb527da40_0 .var "count_cycle", 63 0;
v0xcb527dae0_0 .var "count_instr", 63 0;
v0xcb527db80_0 .var "cpu_state", 7 0;
v0xcb527dc20 .array "cpuregs", 31 0, 31 0;
v0xcb527dcc0_0 .var "cpuregs_rs1", 31 0;
v0xcb527dd60_0 .var "cpuregs_rs2", 31 0;
v0xcb527de00_0 .var "cpuregs_wrdata", 31 0;
v0xcb527dea0_0 .var "cpuregs_write", 0 0;
v0xcb527df40_0 .var "current_pc", 31 0;
v0xcb527dfe0_0 .var "dbg_ascii_instr", 63 0;
v0xcb527e080_0 .var "dbg_ascii_state", 127 0;
v0xcb527e120_0 .var "dbg_insn_addr", 31 0;
v0xcb527e1c0_0 .var "dbg_insn_imm", 31 0;
v0xcb527e260_0 .var "dbg_insn_opcode", 31 0;
v0xcb527e300_0 .var "dbg_insn_rd", 4 0;
v0xcb527e3a0_0 .var "dbg_insn_rs1", 4 0;
v0xcb527e440_0 .var "dbg_insn_rs2", 4 0;
v0xcb527e4e0_0 .net "dbg_mem_addr", 31 0, L_0xcb4c9a300;  1 drivers
v0xcb527e580_0 .net "dbg_mem_instr", 0 0, L_0xcb4c9a220;  1 drivers
v0xcb527e620_0 .net "dbg_mem_rdata", 31 0, L_0xcb4c9a450;  1 drivers
v0xcb527e6c0_0 .net "dbg_mem_ready", 0 0, L_0xcb4c9a290;  1 drivers
v0xcb527e760_0 .net "dbg_mem_valid", 0 0, L_0xcb4c9a1b0;  1 drivers
v0xcb527e800_0 .net "dbg_mem_wdata", 31 0, L_0xcb4c9a370;  1 drivers
v0xcb527e8a0_0 .net "dbg_mem_wstrb", 3 0, L_0xcb4c9a3e0;  1 drivers
v0xcb527e940_0 .var "dbg_next", 0 0;
v0xcb527e9e0_0 .var "dbg_rs1val", 31 0;
v0xcb527ea80_0 .var "dbg_rs1val_valid", 0 0;
v0xcb527eb20_0 .var "dbg_rs2val", 31 0;
v0xcb527ebc0_0 .var "dbg_rs2val_valid", 0 0;
v0xcb527ec60_0 .var "dbg_valid_insn", 0 0;
v0xcb527ed00_0 .var "decoded_imm", 31 0;
v0xcb527eda0_0 .var "decoded_imm_j", 31 0;
v0xcb527ee40_0 .var "decoded_rd", 4 0;
v0xcb527eee0_0 .var "decoded_rs", 4 0;
v0xcb527ef80_0 .var "decoded_rs1", 4 0;
v0xcb527f020_0 .var "decoded_rs2", 4 0;
v0xcb527f0c0_0 .var "decoder_pseudo_trigger", 0 0;
v0xcb527f160_0 .var "decoder_pseudo_trigger_q", 0 0;
v0xcb527f200_0 .var "decoder_trigger", 0 0;
v0xcb527f2a0_0 .var "decoder_trigger_q", 0 0;
v0xcb527f340_0 .var "do_waitirq", 0 0;
v0xcb527f3e0_0 .var "eoi", 31 0;
v0xcb527f480_0 .var "instr_add", 0 0;
v0xcb527f520_0 .var "instr_addi", 0 0;
v0xcb527f5c0_0 .var "instr_and", 0 0;
v0xcb527f660_0 .var "instr_andi", 0 0;
v0xcb527f700_0 .var "instr_auipc", 0 0;
v0xcb527f7a0_0 .var "instr_beq", 0 0;
v0xcb527f840_0 .var "instr_bge", 0 0;
v0xcb527f8e0_0 .var "instr_bgeu", 0 0;
v0xcb527f980_0 .var "instr_blt", 0 0;
v0xcb527fa20_0 .var "instr_bltu", 0 0;
v0xcb527fac0_0 .var "instr_bne", 0 0;
v0xcb527fb60_0 .var "instr_ecall_ebreak", 0 0;
v0xcb527fc00_0 .var "instr_fence", 0 0;
v0xcb527fca0_0 .var "instr_getq", 0 0;
v0xcb527fd40_0 .var "instr_jal", 0 0;
v0xcb527fde0_0 .var "instr_jalr", 0 0;
v0xcb527fe80_0 .var "instr_lb", 0 0;
v0xcb527ff20_0 .var "instr_lbu", 0 0;
v0xcb5280000_0 .var "instr_lh", 0 0;
v0xcb52800a0_0 .var "instr_lhu", 0 0;
v0xcb5280140_0 .var "instr_lui", 0 0;
v0xcb52801e0_0 .var "instr_lw", 0 0;
v0xcb5280280_0 .var "instr_maskirq", 0 0;
v0xcb5280320_0 .var "instr_or", 0 0;
v0xcb52803c0_0 .var "instr_ori", 0 0;
v0xcb5280460_0 .var "instr_rdcycle", 0 0;
v0xcb5280500_0 .var "instr_rdcycleh", 0 0;
v0xcb52805a0_0 .var "instr_rdinstr", 0 0;
v0xcb5280640_0 .var "instr_rdinstrh", 0 0;
v0xcb52806e0_0 .var "instr_retirq", 0 0;
v0xcb5280780_0 .var "instr_sb", 0 0;
v0xcb5280820_0 .var "instr_setq", 0 0;
v0xcb52808c0_0 .var "instr_sh", 0 0;
v0xcb5280960_0 .var "instr_sll", 0 0;
v0xcb5280a00_0 .var "instr_slli", 0 0;
v0xcb5280aa0_0 .var "instr_slt", 0 0;
v0xcb5280b40_0 .var "instr_slti", 0 0;
v0xcb5280be0_0 .var "instr_sltiu", 0 0;
v0xcb5280c80_0 .var "instr_sltu", 0 0;
v0xcb5280d20_0 .var "instr_sra", 0 0;
v0xcb5280dc0_0 .var "instr_srai", 0 0;
v0xcb5280e60_0 .var "instr_srl", 0 0;
v0xcb5280f00_0 .var "instr_srli", 0 0;
v0xcb5280fa0_0 .var "instr_sub", 0 0;
v0xcb5281040_0 .var "instr_sw", 0 0;
v0xcb52810e0_0 .var "instr_timer", 0 0;
v0xcb5281180_0 .net "instr_trap", 0 0, L_0xcb51ef480;  1 drivers
v0xcb5281220_0 .var "instr_waitirq", 0 0;
v0xcb52812c0_0 .var "instr_xor", 0 0;
v0xcb5281360_0 .var "instr_xori", 0 0;
L_0xcb5455180 .functor BUFT 1, C4<00000000000000000000000000000000>, C4<0>, C4<0>, C4<0>;
v0xcb5281400_0 .net "irq", 31 0, L_0xcb5455180;  1 drivers
v0xcb52814a0_0 .var "irq_active", 0 0;
v0xcb5281540_0 .var "irq_delay", 0 0;
v0xcb52815e0_0 .var "irq_mask", 31 0;
v0xcb5281680_0 .var "irq_pending", 31 0;
v0xcb5281720_0 .var "irq_state", 1 0;
v0xcb52817c0_0 .var "is_alu_reg_imm", 0 0;
v0xcb5281860_0 .var "is_alu_reg_reg", 0 0;
v0xcb5281900_0 .var "is_beq_bne_blt_bge_bltu_bgeu", 0 0;
v0xcb52819a0_0 .var "is_compare", 0 0;
v0xcb5281a40_0 .var "is_jalr_addi_slti_sltiu_xori_ori_andi", 0 0;
v0xcb5281ae0_0 .var "is_lb_lh_lw_lbu_lhu", 0 0;
v0xcb5281b80_0 .var "is_lbu_lhu_lw", 0 0;
v0xcb5281c20_0 .var "is_lui_auipc_jal", 0 0;
v0xcb5281cc0_0 .var "is_lui_auipc_jal_jalr_addi_add_sub", 0 0;
v0xcb5281d60_0 .net "is_rdcycle_rdcycleh_rdinstr_rdinstrh", 0 0, L_0xcb4d2fca0;  1 drivers
v0xcb5281e00_0 .var "is_sb_sh_sw", 0 0;
v0xcb5281ea0_0 .var "is_sll_srl_sra", 0 0;
v0xcb5281f40_0 .var "is_slli_srli_srai", 0 0;
v0xcb5281fe0_0 .var "is_slti_blt_slt", 0 0;
v0xcb5282080_0 .var "is_sltiu_bltu_sltu", 0 0;
v0xcb5282120_0 .var "last_mem_valid", 0 0;
v0xcb52821c0_0 .var "latched_branch", 0 0;
v0xcb5282260_0 .var "latched_compr", 0 0;
v0xcb5282300_0 .var "latched_is_lb", 0 0;
v0xcb52823a0_0 .var "latched_is_lh", 0 0;
v0xcb5282440_0 .var "latched_is_lu", 0 0;
v0xcb52824e0_0 .var "latched_rd", 4 0;
v0xcb5282580_0 .var "latched_stalu", 0 0;
v0xcb5282620_0 .var "latched_store", 0 0;
v0xcb52826c0_0 .var "latched_trace", 0 0;
v0xcb5282760_0 .net "launch_next_insn", 0 0, L_0xcb51ef640;  1 drivers
v0xcb5282800_0 .var "mem_addr", 31 0;
v0xcb52828a0_0 .net "mem_busy", 0 0, L_0xcb4d2f2a0;  1 drivers
v0xcb5282940_0 .var "mem_do_prefetch", 0 0;
v0xcb52829e0_0 .var "mem_do_rdata", 0 0;
v0xcb5282a80_0 .var "mem_do_rinst", 0 0;
v0xcb5282b20_0 .var "mem_do_wdata", 0 0;
v0xcb5282bc0_0 .net "mem_done", 0 0, L_0xcb51eefb0;  1 drivers
v0xcb5282c60_0 .var "mem_instr", 0 0;
v0xcb5282d00_0 .net "mem_la_addr", 31 0, L_0xcb4d2f980;  1 drivers
L_0xcb5454e68 .functor BUFT 1, C4<0>, C4<0>, C4<0>, C4<0>;
v0xcb5282da0_0 .net "mem_la_firstword", 0 0, L_0xcb5454e68;  1 drivers
v0xcb5282e40_0 .var "mem_la_firstword_reg", 0 0;
L_0xcb5454eb0 .functor BUFT 1, C4<0>, C4<0>, C4<0>, C4<0>;
v0xcb5282ee0_0 .net "mem_la_firstword_xfer", 0 0, L_0xcb5454eb0;  1 drivers
v0xcb5282f80_0 .net "mem_la_read", 0 0, L_0xcb51ef330;  1 drivers
v0xcb5283020_0 .var "mem_la_secondword", 0 0;
v0xcb52830c0_0 .net "mem_la_use_prefetched_high_word", 0 0, L_0xcb5454ef8;  1 drivers
v0xcb5283160_0 .var "mem_la_wdata", 31 0;
v0xcb5283200_0 .net "mem_la_write", 0 0, L_0xcb51ef090;  1 drivers
v0xcb52832a0_0 .var "mem_la_wstrb", 3 0;
v0xcb5283340_0 .net "mem_rdata", 31 0, v0xcb5288320_0;  1 drivers
v0xcb52833e0_0 .net "mem_rdata_latched", 31 0, L_0xcb4c9a5a0;  1 drivers
v0xcb5283480_0 .net "mem_rdata_latched_noshuffle", 31 0, L_0xcb4d2fa20;  1 drivers
v0xcb5283520_0 .var "mem_rdata_q", 31 0;
v0xcb52835c0_0 .var "mem_rdata_word", 31 0;
v0xcb5283660_0 .net "mem_ready", 0 0, v0xcb52883c0_0;  1 drivers
v0xcb5283700_0 .var "mem_state", 1 0;
v0xcb52837a0_0 .var "mem_valid", 0 0;
v0xcb5283840_0 .var "mem_wdata", 31 0;
v0xcb52838e0_0 .var "mem_wordsize", 1 0;
v0xcb5283980_0 .var "mem_wstrb", 3 0;
v0xcb5283a20_0 .net "mem_xfer", 0 0, L_0xcb51eeb50;  1 drivers
v0xcb5283ac0_0 .var "new_ascii_instr", 63 0;
v0xcb5283b60_0 .var "next_insn_opcode", 31 0;
v0xcb5283c00_0 .var "next_irq_pending", 31 0;
v0xcb5283ca0_0 .net "next_pc", 31 0, L_0xcb4d2fd40;  1 drivers
L_0xcb5454d90 .functor BUFT 1, C4<xxxxxxxxxxxxxxxxxxxxxxxxxxxxxxxx>, C4<0>, C4<0>, C4<0>;
v0xcb5283d40_0 .net "pcpi_div_rd", 31 0, L_0xcb5454d90;  1 drivers
L_0xcb5454e20 .functor BUFT 1, C4<0>, C4<0>, C4<0>, C4<0>;
v0xcb5283de0_0 .net "pcpi_div_ready", 0 0, L_0xcb5454e20;  1 drivers
L_0xcb5454dd8 .functor BUFT 1, C4<0>, C4<0>, C4<0>, C4<0>;
v0xcb5283e80_0 .net "pcpi_div_wait", 0 0, L_0xcb5454dd8;  1 drivers
L_0xcb5454d48 .functor BUFT 1, C4<0>, C4<0>, C4<0>, C4<0>;
v0xcb5283f20_0 .net "pcpi_div_wr", 0 0, L_0xcb5454d48;  1 drivers
v0xcb5284000_0 .var "pcpi_insn", 31 0;
v0xcb52840a0_0 .var "pcpi_int_rd", 31 0;
v0xcb5284140_0 .var "pcpi_int_ready", 0 0;
v0xcb52841e0_0 .var "pcpi_int_wait", 0 0;
v0xcb5284280_0 .var "pcpi_int_wr", 0 0;
L_0xcb5454c70 .functor BUFT 1, C4<xxxxxxxxxxxxxxxxxxxxxxxxxxxxxxxx>, C4<0>, C4<0>, C4<0>;
v0xcb5284320_0 .net "pcpi_mul_rd", 31 0, L_0xcb5454c70;  1 drivers
L_0xcb5454d00 .functor BUFT 1, C4<0>, C4<0>, C4<0>, C4<0>;
v0xcb52843c0_0 .net "pcpi_mul_ready", 0 0, L_0xcb5454d00;  1 drivers
L_0xcb5454cb8 .functor BUFT 1, C4<0>, C4<0>, C4<0>, C4<0>;
v0xcb5284460_0 .net "pcpi_mul_wait", 0 0, L_0xcb5454cb8;  1 drivers
L_0xcb5454c28 .functor BUFT 1, C4<0>, C4<0>, C4<0>, C4<0>;
v0xcb5284500_0 .net "pcpi_mul_wr", 0 0, L_0xcb5454c28;  1 drivers
o0xcb542cca0 .functor BUFZ 32, c4<zzzzzzzzzzzzzzzzzzzzzzzzzzzzzzzz>; HiZ drive
v0xcb52845a0_0 .net "pcpi_rd", 31 0, o0xcb542cca0;  0 drivers
o0xcb542ccd0 .functor BUFZ 1, c4<z>; HiZ drive
v0xcb5284640_0 .net "pcpi_ready", 0 0, o0xcb542ccd0;  0 drivers
v0xcb52846e0_0 .net "pcpi_rs1", 31 0, L_0xcb4c9a4c0;  1 drivers
v0xcb5284780_0 .net "pcpi_rs2", 31 0, L_0xcb4c9a530;  1 drivers
v0xcb5284820_0 .var "pcpi_timeout", 0 0;
v0xcb52848c0_0 .var "pcpi_valid", 0 0;
o0xcb542cdc0 .functor BUFZ 1, c4<z>; HiZ drive
v0xcb5284960_0 .net "pcpi_wait", 0 0, o0xcb542cdc0;  0 drivers
o0xcb542cdf0 .functor BUFZ 1, c4<z>; HiZ drive
v0xcb5284a00_0 .net "pcpi_wr", 0 0, o0xcb542cdf0;  0 drivers
v0xcb5284aa0_0 .var "prefetched_high_word", 0 0;
v0xcb5284b40_0 .var "q_ascii_instr", 63 0;
v0xcb5284be0_0 .var "q_insn_imm", 31 0;
v0xcb5284c80_0 .var "q_insn_opcode", 31 0;
v0xcb5284d20_0 .var "q_insn_rd", 4 0;
v0xcb5284dc0_0 .var "q_insn_rs1", 4 0;
v0xcb5284e60_0 .var "q_insn_rs2", 4 0;
v0xcb5284f00_0 .var "reg_next_pc", 31 0;
v0xcb5284fa0_0 .var "reg_op1", 31 0;
v0xcb5285040_0 .var "reg_op2", 31 0;
v0xcb52850e0_0 .var "reg_out", 31 0;
v0xcb5285180_0 .var "reg_pc", 31 0;
v0xcb5285220_0 .var "reg_sh", 4 0;
v0xcb52852c0_0 .net "resetn", 0 0, L_0xcb51eea00;  alias, 1 drivers
v0xcb5285360_0 .var "set_mem_do_rdata", 0 0;
v0xcb5285400_0 .var "set_mem_do_rinst", 0 0;
v0xcb52854a0_0 .var "set_mem_do_wdata", 0 0;
v0xcb5285540_0 .var "timer", 31 0;
v0xcb52855e0_0 .var "trace_data", 35 0;
v0xcb5285680_0 .var "trace_valid", 0 0;
v0xcb5285720_0 .var "trap", 0 0;
E_0xcb524a2c0 .event posedge, v0xcb527d900_0;
v0xcb527dc20_0 .array/port v0xcb527dc20, 0;
v0xcb527dc20_1 .array/port v0xcb527dc20, 1;
v0xcb527dc20_2 .array/port v0xcb527dc20, 2;
E_0xcb524a300/0 .event anyedge, v0xcb527ef80_0, v0xcb527dc20_0, v0xcb527dc20_1, v0xcb527dc20_2;
v0xcb527dc20_3 .array/port v0xcb527dc20, 3;
v0xcb527dc20_4 .array/port v0xcb527dc20, 4;
v0xcb527dc20_5 .array/port v0xcb527dc20, 5;
v0xcb527dc20_6 .array/port v0xcb527dc20, 6;
E_0xcb524a300/1 .event anyedge, v0xcb527dc20_3, v0xcb527dc20_4, v0xcb527dc20_5, v0xcb527dc20_6;
v0xcb527dc20_7 .array/port v0xcb527dc20, 7;
v0xcb527dc20_8 .array/port v0xcb527dc20, 8;
v0xcb527dc20_9 .array/port v0xcb527dc20, 9;
v0xcb527dc20_10 .array/port v0xcb527dc20, 10;
E_0xcb524a300/2 .event anyedge, v0xcb527dc20_7, v0xcb527dc20_8, v0xcb527dc20_9, v0xcb527dc20_10;
v0xcb527dc20_11 .array/port v0xcb527dc20, 11;
v0xcb527dc20_12 .array/port v0xcb527dc20, 12;
v0xcb527dc20_13 .array/port v0xcb527dc20, 13;
v0xcb527dc20_14 .array/port v0xcb527dc20, 14;
E_0xcb524a300/3 .event anyedge, v0xcb527dc20_11, v0xcb527dc20_12, v0xcb527dc20_13, v0xcb527dc20_14;
v0xcb527dc20_15 .array/port v0xcb527dc20, 15;
v0xcb527dc20_16 .array/port v0xcb527dc20, 16;
v0xcb527dc20_17 .array/port v0xcb527dc20, 17;
v0xcb527dc20_18 .array/port v0xcb527dc20, 18;
E_0xcb524a300/4 .event anyedge, v0xcb527dc20_15, v0xcb527dc20_16, v0xcb527dc20_17, v0xcb527dc20_18;
v0xcb527dc20_19 .array/port v0xcb527dc20, 19;
v0xcb527dc20_20 .array/port v0xcb527dc20, 20;
v0xcb527dc20_21 .array/port v0xcb527dc20, 21;
v0xcb527dc20_22 .array/port v0xcb527dc20, 22;
E_0xcb524a300/5 .event anyedge, v0xcb527dc20_19, v0xcb527dc20_20, v0xcb527dc20_21, v0xcb527dc20_22;
v0xcb527dc20_23 .array/port v0xcb527dc20, 23;
v0xcb527dc20_24 .array/port v0xcb527dc20, 24;
v0xcb527dc20_25 .array/port v0xcb527dc20, 25;
v0xcb527dc20_26 .array/port v0xcb527dc20, 26;
E_0xcb524a300/6 .event anyedge, v0xcb527dc20_23, v0xcb527dc20_24, v0xcb527dc20_25, v0xcb527dc20_26;
v0xcb527dc20_27 .array/port v0xcb527dc20, 27;
v0xcb527dc20_28 .array/port v0xcb527dc20, 28;
v0xcb527dc20_29 .array/port v0xcb527dc20, 29;
v0xcb527dc20_30 .array/port v0xcb527dc20, 30;
E_0xcb524a300/7 .event anyedge, v0xcb527dc20_27, v0xcb527dc20_28, v0xcb527dc20_29, v0xcb527dc20_30;
v0xcb527dc20_31 .array/port v0xcb527dc20, 31;
E_0xcb524a300/8 .event anyedge, v0xcb527dc20_31, v0xcb527f020_0;
E_0xcb524a300 .event/or E_0xcb524a300/0, E_0xcb524a300/1, E_0xcb524a300/2, E_0xcb524a300/3, E_0xcb524a300/4, E_0xcb524a300/5, E_0xcb524a300/6, E_0xcb524a300/7, E_0xcb524a300/8;
E_0xcb524a340/0 .event anyedge, v0xcb527db80_0, v0xcb5285180_0, v0xcb5282260_0, v0xcb52821c0_0;
E_0xcb524a340/1 .event anyedge, v0xcb5282580_0, v0xcb527d0e0_0, v0xcb52850e0_0, v0xcb5282620_0;
E_0xcb524a340/2 .event anyedge, v0xcb5284f00_0, v0xcb5281680_0, v0xcb52815e0_0;
E_0xcb524a340 .event/or E_0xcb524a340/0, E_0xcb524a340/1, E_0xcb524a340/2;
E_0xcb524a380/0 .event anyedge, v0xcb527d860_0, v0xcb5284aa0_0, v0xcb52821c0_0, v0xcb5281720_0;
E_0xcb524a380/1 .event anyedge, v0xcb52852c0_0;
E_0xcb524a380 .event/or E_0xcb524a380/0, E_0xcb524a380/1;
E_0xcb524a3c0/0 .event anyedge, v0xcb527cd20_0, v0xcb527f7a0_0, v0xcb527fac0_0, v0xcb527cdc0_0;
E_0xcb524a3c0/1 .event anyedge, v0xcb527f840_0, v0xcb527ce60_0, v0xcb527f8e0_0, v0xcb5281fe0_0;
E_0xcb524a3c0/2 .event anyedge, v0xcb5282080_0, v0xcb527cc80_0, v0xcb5281cc0_0, v0xcb527cfa0_0;
E_0xcb524a3c0/3 .event anyedge, v0xcb52819a0_0, v0xcb5284fa0_0, v0xcb5285040_0, v0xcb5281360_0;
E_0xcb524a3c0/4 .event anyedge, v0xcb52812c0_0, v0xcb52803c0_0, v0xcb5280320_0, v0xcb527f660_0;
E_0xcb524a3c0/5 .event anyedge, v0xcb527f5c0_0, v0xcb527d180_0, v0xcb527d220_0;
E_0xcb524a3c0 .event/or E_0xcb524a3c0/0, E_0xcb524a3c0/1, E_0xcb524a3c0/2, E_0xcb524a3c0/3, E_0xcb524a3c0/4, E_0xcb524a3c0/5;
E_0xcb524a400 .event anyedge, v0xcb527db80_0;
E_0xcb524a440/0 .event anyedge, v0xcb5284b40_0, v0xcb5284be0_0, v0xcb5284c80_0, v0xcb5284dc0_0;
E_0xcb524a440/1 .event anyedge, v0xcb5284e60_0, v0xcb5284d20_0, v0xcb527e940_0, v0xcb527f160_0;
E_0xcb524a440/2 .event anyedge, v0xcb527d400_0, v0xcb527d4a0_0, v0xcb527d540_0, v0xcb527d680_0;
E_0xcb524a440/3 .event anyedge, v0xcb527d720_0, v0xcb527d5e0_0, v0xcb5283ac0_0, v0xcb5283b60_0;
E_0xcb524a440/4 .event anyedge, v0xcb527ed00_0, v0xcb527ef80_0, v0xcb527f020_0, v0xcb527ee40_0;
E_0xcb524a440 .event/or E_0xcb524a440/0, E_0xcb524a440/1, E_0xcb524a440/2, E_0xcb524a440/3, E_0xcb524a440/4;
E_0xcb524a480/0 .event anyedge, v0xcb5280140_0, v0xcb527f700_0, v0xcb527fd40_0, v0xcb527fde0_0;
E_0xcb524a480/1 .event anyedge, v0xcb527f7a0_0, v0xcb527fac0_0, v0xcb527f980_0, v0xcb527f840_0;
E_0xcb524a480/2 .event anyedge, v0xcb527fa20_0, v0xcb527f8e0_0, v0xcb527fe80_0, v0xcb5280000_0;
E_0xcb524a480/3 .event anyedge, v0xcb52801e0_0, v0xcb527ff20_0, v0xcb52800a0_0, v0xcb5280780_0;
E_0xcb524a480/4 .event anyedge, v0xcb52808c0_0, v0xcb5281040_0, v0xcb527f520_0, v0xcb5280b40_0;
E_0xcb524a480/5 .event anyedge, v0xcb5280be0_0, v0xcb5281360_0, v0xcb52803c0_0, v0xcb527f660_0;
E_0xcb524a480/6 .event anyedge, v0xcb5280a00_0, v0xcb5280f00_0, v0xcb5280dc0_0, v0xcb527f480_0;
E_0xcb524a480/7 .event anyedge, v0xcb5280fa0_0, v0xcb5280960_0, v0xcb5280aa0_0, v0xcb5280c80_0;
E_0xcb524a480/8 .event anyedge, v0xcb52812c0_0, v0xcb5280e60_0, v0xcb5280d20_0, v0xcb5280320_0;
E_0xcb524a480/9 .event anyedge, v0xcb527f5c0_0, v0xcb5280460_0, v0xcb5280500_0, v0xcb52805a0_0;
E_0xcb524a480/10 .event anyedge, v0xcb5280640_0, v0xcb527fc00_0, v0xcb527fca0_0, v0xcb5280820_0;
E_0xcb524a480/11 .event anyedge, v0xcb52806e0_0, v0xcb5280280_0, v0xcb5281220_0, v0xcb52810e0_0;
E_0xcb524a480 .event/or E_0xcb524a480/0, E_0xcb524a480/1, E_0xcb524a480/2, E_0xcb524a480/3, E_0xcb524a480/4, E_0xcb524a480/5, E_0xcb524a480/6, E_0xcb524a480/7, E_0xcb524a480/8, E_0xcb524a480/9, E_0xcb524a480/10, E_0xcb524a480/11;
E_0xcb524a4c0 .event anyedge, v0xcb52838e0_0, v0xcb5285040_0, v0xcb5283340_0, v0xcb5284fa0_0;
E_0xcb524a500 .event anyedge, v0xcb5284500_0, v0xcb5284320_0, v0xcb5283f20_0, v0xcb5283d40_0;
L_0xcb4d2f200 .concat [ 1 1 1 1], v0xcb5282b20_0, v0xcb52829e0_0, v0xcb5282a80_0, v0xcb5282940_0;
L_0xcb4d2f2a0 .reduce/or L_0xcb4d2f200;
L_0xcb4d2f340 .reduce/or v0xcb5283700_0;
L_0xcb4d2f3e0 .reduce/and v0xcb5283700_0;
L_0xcb4d2f480 .reduce/nor L_0xcb5454e68;
L_0xcb528a580 .part L_0xcb4c9a5a0, 0, 2;
L_0xcb4d2f520 .reduce/nand L_0xcb528a580;
L_0xcb4d2f5c0 .reduce/nor v0xcb5283700_0;
L_0xcb4d2f660 .reduce/nor L_0xcb5454ef8;
L_0xcb4d2f700 .reduce/nor v0xcb5283700_0;
L_0xcb528a620 .part L_0xcb4d2fd40, 2, 30;
L_0xcb4d2f7a0 .arith/sum 30, L_0xcb528a620, L_0xcb5455330;
L_0xcb4d2f840 .concat [ 2 30 0 0], L_0xcb5454f88, L_0xcb4d2f7a0;
L_0xcb528a6c0 .part v0xcb5284fa0_0, 2, 30;
L_0xcb4d2f8e0 .concat [ 2 30 0 0], L_0xcb5454fd0, L_0xcb528a6c0;
L_0xcb4d2f980 .functor MUXZ 32, L_0xcb4d2f8e0, L_0xcb4d2f840, L_0xcb51ef3a0, C4<>;
L_0xcb4d2fa20 .functor MUXZ 32, v0xcb5283520_0, v0xcb5288320_0, L_0xcb51ef410, C4<>;
LS_0xcb4d2fac0_0_0 .concat [ 1 1 1 1], v0xcb52810e0_0, v0xcb5281220_0, v0xcb5280280_0, v0xcb52806e0_0;
LS_0xcb4d2fac0_0_4 .concat [ 1 1 1 1], v0xcb5280820_0, v0xcb527fca0_0, v0xcb527fc00_0, v0xcb5280640_0;
LS_0xcb4d2fac0_0_8 .concat [ 1 1 1 1], v0xcb52805a0_0, v0xcb5280500_0, v0xcb5280460_0, v0xcb527f5c0_0;
LS_0xcb4d2fac0_0_12 .concat [ 1 1 1 1], v0xcb5280320_0, v0xcb5280d20_0, v0xcb5280e60_0, v0xcb52812c0_0;
LS_0xcb4d2fac0_0_16 .concat [ 1 1 1 1], v0xcb5280c80_0, v0xcb5280aa0_0, v0xcb5280960_0, v0xcb5280fa0_0;
LS_0xcb4d2fac0_0_20 .concat [ 1 1 1 1], v0xcb527f480_0, v0xcb5280dc0_0, v0xcb5280f00_0, v0xcb5280a00_0;
LS_0xcb4d2fac0_0_24 .concat [ 1 1 1 1], v0xcb527f660_0, v0xcb52803c0_0, v0xcb5281360_0, v0xcb5280be0_0;
LS_0xcb4d2fac0_0_28 .concat [ 1 1 1 1], v0xcb5280b40_0, v0xcb527f520_0, v0xcb5281040_0, v0xcb52808c0_0;
LS_0xcb4d2fac0_0_32 .concat [ 1 1 1 1], v0xcb5280780_0, v0xcb52800a0_0, v0xcb527ff20_0, v0xcb52801e0_0;
LS_0xcb4d2fac0_0_36 .concat [ 1 1 1 1], v0xcb5280000_0, v0xcb527fe80_0, v0xcb527f8e0_0, v0xcb527fa20_0;
LS_0xcb4d2fac0_0_40 .concat [ 1 1 1 1], v0xcb527f840_0, v0xcb527f980_0, v0xcb527fac0_0, v0xcb527f7a0_0;
LS_0xcb4d2fac0_0_44 .concat [ 1 1 1 1], v0xcb527fde0_0, v0xcb527fd40_0, v0xcb527f700_0, v0xcb5280140_0;
LS_0xcb4d2fac0_1_0 .concat [ 4 4 4 4], LS_0xcb4d2fac0_0_0, LS_0xcb4d2fac0_0_4, LS_0xcb4d2fac0_0_8, LS_0xcb4d2fac0_0_12;
LS_0xcb4d2fac0_1_4 .concat [ 4 4 4 4], LS_0xcb4d2fac0_0_16, LS_0xcb4d2fac0_0_20, LS_0xcb4d2fac0_0_24, LS_0xcb4d2fac0_0_28;
LS_0xcb4d2fac0_1_8 .concat [ 4 4 4 4], LS_0xcb4d2fac0_0_32, LS_0xcb4d2fac0_0_36, LS_0xcb4d2fac0_0_40, LS_0xcb4d2fac0_0_44;
L_0xcb4d2fac0 .concat [ 16 16 16 0], LS_0xcb4d2fac0_1_0, LS_0xcb4d2fac0_1_4, LS_0xcb4d2fac0_1_8;
L_0xcb4d2fb60 .reduce/nor L_0xcb4d2fac0;
L_0xcb4d2fc00 .concat [ 1 1 1 1], v0xcb5280640_0, v0xcb52805a0_0, v0xcb5280500_0, v0xcb5280460_0;
L_0xcb4d2fca0 .reduce/or L_0xcb4d2fc00;
L_0xcb4d2fd40 .functor MUXZ 32, v0xcb5284f00_0, L_0xcb51ef560, L_0xcb51ef4f0, C4<>;
L_0xcb528a760 .cmp/eq 8, v0xcb527db80_0, L_0xcb54550f0;
S_0xcb4de9080 .scope task, "empty_statement" "empty_statement" 3 214, 3 214 0, S_0xcb4de8d80;
 .timescale -9 -12;
TD_tb_loader_file.dut.cpu.empty_statement ;
    %end;
S_0xcb4de9200 .scope generate, "genblk1" "genblk1" 3 285, 3 285 0, S_0xcb4de8d80;
 .timescale -9 -12;
S_0xcb4de9380 .scope generate, "genblk2" "genblk2" 3 305, 3 305 0, S_0xcb4de8d80;
 .timescale -9 -12;
S_0xcb4de9500 .scope generate, "genblk3" "genblk3" 3 1229, 3 1229 0, S_0xcb4de8d80;
 .timescale -9 -12;
E_0xcb524a540/0 .event anyedge, v0xcb5280fa0_0, v0xcb5284fa0_0, v0xcb5285040_0, v0xcb5280d20_0;
E_0xcb524a540/1 .event anyedge, v0xcb5280dc0_0;
E_0xcb524a540 .event/or E_0xcb524a540/0, E_0xcb524a540/1;
S_0xcb4de9680 .scope module, "loader_i" "loader" 5 64, 6 23 0, S_0xcb4de8c00;
 .timescale -9 -12;
    .port_info 0 /INPUT 1 "clk";
    .port_info 1 /INPUT 1 "resetn";
    .port_info 2 /INPUT 1 "rx_valid";
    .port_info 3 /INPUT 8 "rx_data";
    .port_info 4 /OUTPUT 1 "tx_send";
    .port_info 5 /OUTPUT 8 "tx_data";
    .port_info 6 /INPUT 1 "tx_busy";
    .port_info 7 /OUTPUT 1 "mem_we";
    .port_info 8 /OUTPUT 11 "mem_waddr";
    .port_info 9 /OUTPUT 32 "mem_wdata";
    .port_info 10 /OUTPUT 1 "loading";
P_0x102b349e0 .param/l "ACK" 1 6 49, C4<01111001>;
P_0x102b34a20 .param/l "CMD_RUN" 1 6 48, C4<00000010>;
P_0x102b34a60 .param/l "CMD_WRITE" 1 6 47, C4<00000001>;
P_0x102b34aa0 .param/l "NAK" 1 6 50, C4<01101110>;
P_0x102b34ae0 .param/l "SYNC" 1 6 46, C4<01111110>;
P_0x102b34b20 .param/l "S_ADDR_H" 1 6 56, C4<0011>;
P_0x102b34b60 .param/l "S_ADDR_L" 1 6 55, C4<0010>;
P_0x102b34ba0 .param/l "S_CHECK" 1 6 61, C4<1000>;
P_0x102b34be0 .param/l "S_CMD" 1 6 54, C4<0001>;
P_0x102b34c20 .param/l "S_CRC_H" 1 6 59, C4<0110>;
P_0x102b34c60 .param/l "S_CRC_L" 1 6 60, C4<0111>;
P_0x102b34ca0 .param/l "S_DATA" 1 6 58, C4<0101>;
P_0x102b34ce0 .param/l "S_NWORDS" 1 6 57, C4<0100>;
P_0x102b34d20 .param/l "S_RUN" 1 6 63, C4<1010>;
P_0x102b34d60 .param/l "S_SYNC" 1 6 53, C4<0000>;
P_0x102b34da0 .param/l "S_WAITTX" 1 6 62, C4<1001>;
v0xcb5285ae0_0 .var "addr", 10 0;
v0xcb5285b80_0 .var "byte_in_word", 1 0;
v0xcb5285c20_0 .net "clk", 0 0, v0xcb52890e0_0;  alias, 1 drivers
v0xcb5285cc0_0 .var "cmd", 7 0;
v0xcb5285d60_0 .var "crc", 15 0;
v0xcb5285e00_0 .var "cur_word", 31 0;
v0xcb5285ea0_0 .var "loading", 0 0;
v0xcb5285f40_0 .var "mem_waddr", 10 0;
v0xcb5285fe0_0 .var "mem_wdata", 31 0;
v0xcb5286080_0 .var "mem_we", 0 0;
v0xcb5286120_0 .var "nwords", 7 0;
v0xcb52861c0_0 .net "resetn", 0 0, v0xcb5289900_0;  alias, 1 drivers
v0xcb5286260_0 .var "rx_crc", 15 0;
v0xcb5286300_0 .net "rx_data", 7 0, v0xcb5286940_0;  alias, 1 drivers
v0xcb52863a0_0 .net "rx_valid", 0 0, v0xcb5286da0_0;  alias, 1 drivers
v0xcb5286440_0 .var "state", 3 0;
v0xcb52864e0_0 .net "tx_busy", 0 0, L_0xcb528ab20;  alias, 1 drivers
v0xcb5286580_0 .var "tx_data", 7 0;
v0xcb5286620_0 .var "tx_send", 0 0;
v0xcb52866c0_0 .var "word_count", 7 0;
S_0xcb4de9980 .scope function.vec4.s16, "crc16_next" "crc16_next" 6 77, 6 77 0, S_0xcb4de9680;
 .timescale -9 -12;
v0xcb52857c0_0 .var "b", 7 0;
v0xcb5285860_0 .var "c", 15 0;
; Variable crc16_next is vec4 return value of scope S_0xcb4de9980
v0xcb52859a0_0 .var "crc_in", 15 0;
v0xcb5285a40_0 .var/i "i", 31 0;
TD_tb_loader_file.dut.loader_i.crc16_next ;
    %load/vec4 v0xcb52859a0_0;
    %load/vec4 v0xcb52857c0_0;
    %pad/u 16;
    %ix/load 4, 8, 0;
    %flag_set/imm 4, 0;
    %shiftl 4;
    %xor;
    %store/vec4 v0xcb5285860_0, 0, 16;
    %pushi/vec4 0, 0, 32;
    %store/vec4 v0xcb5285a40_0, 0, 32;
T_3.0 ; Top of for-loop
    %load/vec4 v0xcb5285a40_0;
    %cmpi/s 8, 0, 32;
	  %jmp/0xz T_3.1, 5;
    %load/vec4 v0xcb5285860_0;
    %parti/s 1, 15, 5;
    %flag_set/vec4 8;
    %jmp/0xz  T_3.3, 8;
    %load/vec4 v0xcb5285860_0;
    %ix/load 4, 1, 0;
    %flag_set/imm 4, 0;
    %shiftl 4;
    %pushi/vec4 4129, 0, 16;
    %xor;
    %store/vec4 v0xcb5285860_0, 0, 16;
    %jmp T_3.4;
T_3.3 ;
    %load/vec4 v0xcb5285860_0;
    %ix/load 4, 1, 0;
    %flag_set/imm 4, 0;
    %shiftl 4;
    %store/vec4 v0xcb5285860_0, 0, 16;
T_3.4 ;
T_3.2 ; for-loop step statement
    %load/vec4 v0xcb5285a40_0;
    %addi 1, 0, 32;
    %store/vec4 v0xcb5285a40_0, 0, 32;
    %jmp T_3.0;
T_3.1 ; for-loop exit label
    %load/vec4 v0xcb5285860_0;
    %ret/vec4 0, 0, 16;  Assign to crc16_next (store_vec4_to_lval)
    %end;
S_0xcb4de9b00 .scope module, "rx_i" "uart_rx" 5 45, 7 14 0, S_0xcb4de8c00;
 .timescale -9 -12;
    .port_info 0 /INPUT 1 "clk";
    .port_info 1 /INPUT 1 "resetn";
    .port_info 2 /INPUT 1 "rx";
    .port_info 3 /OUTPUT 8 "data";
    .port_info 4 /OUTPUT 1 "valid";
P_0xcb51917c0 .param/l "CLOCKS_PER_BIT" 0 7 15, +C4<00000000000000000000000000010000>;
P_0xcb5191800 .param/l "DATA" 1 7 34, C4<10>;
P_0xcb5191840 .param/l "IDLE" 1 7 32, C4<00>;
P_0xcb5191880 .param/l "START" 1 7 33, C4<01>;
P_0xcb51918c0 .param/l "STOP" 1 7 35, C4<11>;
L_0xcb4c9a140 .functor BUFZ 1, v0xcb5286c60_0, C4<0>, C4<0>, C4<0>;
v0xcb5286760_0 .var "bit_index", 2 0;
v0xcb5286800_0 .net "clk", 0 0, v0xcb52890e0_0;  alias, 1 drivers
v0xcb52868a0_0 .var "clk_count", 15 0;
v0xcb5286940_0 .var "data", 7 0;
v0xcb52869e0_0 .net "resetn", 0 0, v0xcb5289900_0;  alias, 1 drivers
v0xcb5286a80_0 .net "rx", 0 0, v0xcb5289a40_0;  alias, 1 drivers
v0xcb5286b20_0 .net "rx_in", 0 0, L_0xcb4c9a140;  1 drivers
v0xcb5286bc0_0 .var "rx_sync_0", 0 0;
v0xcb5286c60_0 .var "rx_sync_1", 0 0;
v0xcb5286d00_0 .var "state", 1 0;
v0xcb5286da0_0 .var "valid", 0 0;
S_0xcb4de9c80 .scope module, "tx_i" "uart_tx" 5 238, 8 11 0, S_0xcb4de8c00;
 .timescale -9 -12;
    .port_info 0 /INPUT 1 "clk";
    .port_info 1 /INPUT 1 "resetn";
    .port_info 2 /INPUT 1 "valid";
    .port_info 3 /INPUT 8 "data";
    .port_info 4 /OUTPUT 1 "tx";
    .port_info 5 /OUTPUT 1 "busy";
P_0xcb5191900 .param/l "CLOCKS_PER_BIT" 0 8 12, +C4<00000000000000000000000000010000>;
P_0xcb5191940 .param/l "DATA" 1 8 24, C4<10>;
P_0xcb5191980 .param/l "IDLE" 1 8 22, C4<00>;
P_0xcb51919c0 .param/l "START" 1 8 23, C4<01>;
P_0xcb5191a00 .param/l "STOP" 1 8 25, C4<11>;
L_0xcb5455258 .functor BUFT 1, C4<00>, C4<0>, C4<0>, C4<0>;
v0xcb5286e40_0 .net/2u *"_ivl_0", 1 0, L_0xcb5455258;  1 drivers
v0xcb5286ee0_0 .var "bit_index", 2 0;
v0xcb5286f80_0 .net "busy", 0 0, L_0xcb528ab20;  alias, 1 drivers
v0xcb5287020_0 .net "clk", 0 0, v0xcb52890e0_0;  alias, 1 drivers
v0xcb52870c0_0 .var "clk_count", 15 0;
v0xcb5287160_0 .net "data", 7 0, L_0xcb4d2fe80;  alias, 1 drivers
v0xcb5287200_0 .net "resetn", 0 0, v0xcb5289900_0;  alias, 1 drivers
v0xcb52872a0_0 .var "shift", 7 0;
v0xcb5287340_0 .var "state", 1 0;
v0xcb52873e0_0 .var "tx", 0 0;
v0xcb5287480_0 .net "valid", 0 0, L_0xcb4d2fde0;  alias, 1 drivers
L_0xcb528ab20 .cmp/ne 2, v0xcb5287340_0, L_0xcb5455258;
S_0xcb4de9e00 .scope task, "uart_send_byte" "uart_send_byte" 4 36, 4 36 0, S_0x102b1d2e0;
 .timescale -9 -12;
v0xcb5288e60_0 .var "b", 7 0;
v0xcb5288f00_0 .var/i "i", 31 0;
TD_tb_loader_file.uart_send_byte ;
    %pushi/vec4 0, 0, 1;
    %store/vec4 v0xcb5289a40_0, 0, 1;
    %pushi/vec4 16, 0, 32;
T_4.5 %dup/vec4;
    %cmpi/s 0, 0, 32;
    %jmp/1xz T_4.6, 5;
    %jmp/1 T_4.6, 4;
    %subi 1, 0, 32;
    %wait E_0xcb524a2c0;
    %jmp T_4.5;
T_4.6 ;
    %pop/vec4 1;
    %pushi/vec4 0, 0, 32;
    %store/vec4 v0xcb5288f00_0, 0, 32;
T_4.7 ; Top of for-loop
    %load/vec4 v0xcb5288f00_0;
    %cmpi/s 8, 0, 32;
	  %jmp/0xz T_4.8, 5;
    %load/vec4 v0xcb5288e60_0;
    %load/vec4 v0xcb5288f00_0;
    %part/s 1;
    %store/vec4 v0xcb5289a40_0, 0, 1;
    %pushi/vec4 16, 0, 32;
T_4.10 %dup/vec4;
    %cmpi/s 0, 0, 32;
    %jmp/1xz T_4.11, 5;
    %jmp/1 T_4.11, 4;
    %subi 1, 0, 32;
    %wait E_0xcb524a2c0;
    %jmp T_4.10;
T_4.11 ;
    %pop/vec4 1;
T_4.9 ; for-loop step statement
    %load/vec4 v0xcb5288f00_0;
    %addi 1, 0, 32;
    %store/vec4 v0xcb5288f00_0, 0, 32;
    %jmp T_4.7;
T_4.8 ; for-loop exit label
    %pushi/vec4 1, 0, 1;
    %store/vec4 v0xcb5289a40_0, 0, 1;
    %pushi/vec4 16, 0, 32;
T_4.12 %dup/vec4;
    %cmpi/s 0, 0, 32;
    %jmp/1xz T_4.13, 5;
    %jmp/1 T_4.13, 4;
    %subi 1, 0, 32;
    %wait E_0xcb524a2c0;
    %jmp T_4.12;
T_4.13 ;
    %pop/vec4 1;
    %end;
    .scope S_0x102b1d5a0;
T_5 ;
    %wait E_0xcb5249a00;
    %load/vec4 v0xcb523dae0_0;
    %nor/r;
    %flag_set/vec4 8;
    %jmp/0xz  T_5.0, 8;
    %pushi/vec4 0, 0, 1;
    %assign/vec4 v0xcb523ca00_0, 0;
    %jmp T_5.1;
T_5.0 ;
    %load/vec4 v0xcb523d900_0;
    %flag_set/vec4 8;
    %flag_get/vec4 8;
    %jmp/0 T_5.2, 8;
    %load/vec4 v0xcb523d860_0;
    %and;
T_5.2;
    %assign/vec4 v0xcb523db80_0, 0;
    %load/vec4 v0xcb523d040_0;
    %flag_set/vec4 9;
    %flag_get/vec4 9;
    %jmp/0 T_5.5, 9;
    %load/vec4 v0xcb523d0e0_0;
    %and;
T_5.5;
    %flag_set/vec4 8;
    %jmp/0xz  T_5.3, 8;
    %pushi/vec4 1, 0, 1;
    %assign/vec4 v0xcb523ca00_0, 0;
T_5.3 ;
    %load/vec4 v0xcb523cdc0_0;
    %flag_set/vec4 9;
    %flag_get/vec4 9;
    %jmp/0 T_5.8, 9;
    %load/vec4 v0xcb523ce60_0;
    %and;
T_5.8;
    %flag_set/vec4 8;
    %jmp/0xz  T_5.6, 8;
    %pushi/vec4 1, 0, 1;
    %assign/vec4 v0xcb523c960_0, 0;
T_5.6 ;
    %load/vec4 v0xcb523d540_0;
    %flag_set/vec4 9;
    %flag_get/vec4 9;
    %jmp/0 T_5.11, 9;
    %load/vec4 v0xcb523d680_0;
    %and;
T_5.11;
    %flag_set/vec4 8;
    %jmp/0xz  T_5.9, 8;
    %pushi/vec4 1, 0, 1;
    %assign/vec4 v0xcb523caa0_0, 0;
T_5.9 ;
    %load/vec4 v0xcb523db80_0;
    %flag_set/vec4 8;
    %jmp/1 T_5.14, 8;
    %load/vec4 v0xcb523d900_0;
    %nor/r;
    %flag_set/vec4 9;
    %flag_or 8, 9;
T_5.14;
    %jmp/0xz  T_5.12, 8;
    %pushi/vec4 0, 0, 1;
    %assign/vec4 v0xcb523ca00_0, 0;
    %pushi/vec4 0, 0, 1;
    %assign/vec4 v0xcb523c960_0, 0;
    %pushi/vec4 0, 0, 1;
    %assign/vec4 v0xcb523caa0_0, 0;
T_5.12 ;
T_5.1 ;
    %jmp T_5;
    .thread T_5;
    .scope S_0xcb4de8180;
T_6 ;
    %wait E_0xcb5249c80;
    %load/vec4 v0xcb525fde0_0;
    %flag_set/vec4 8;
    %jmp/0 T_6.0, 8;
    %load/vec4 v0xcb5263de0_0;
    %load/vec4 v0xcb5263e80_0;
    %sub;
    %jmp/1 T_6.1, 8;
T_6.0 ; End of true expr.
    %load/vec4 v0xcb5263de0_0;
    %load/vec4 v0xcb5263e80_0;
    %add;
    %jmp/0 T_6.1, 8;
 ; End of false expr.
    %blend;
T_6.1;
    %store/vec4 v0xcb523fac0_0, 0, 32;
    %load/vec4 v0xcb5263de0_0;
    %load/vec4 v0xcb5263e80_0;
    %cmp/e;
    %flag_get/vec4 4;
    %store/vec4 v0xcb523fb60_0, 0, 1;
    %load/vec4 v0xcb5263de0_0;
    %load/vec4 v0xcb5263e80_0;
    %cmp/s;
    %flag_get/vec4 5;
    %store/vec4 v0xcb523fc00_0, 0, 1;
    %load/vec4 v0xcb5263de0_0;
    %load/vec4 v0xcb5263e80_0;
    %cmp/u;
    %flag_get/vec4 5;
    %store/vec4 v0xcb523fca0_0, 0, 1;
    %load/vec4 v0xcb5263de0_0;
    %load/vec4 v0xcb5263e80_0;
    %parti/s 5, 0, 2;
    %ix/vec4 4;
    %shiftl 4;
    %store/vec4 v0xcb525c000_0, 0, 32;
    %load/vec4 v0xcb525fb60_0;
    %flag_set/vec4 8;
    %jmp/1 T_6.4, 8;
    %load/vec4 v0xcb525fc00_0;
    %flag_set/vec4 9;
    %flag_or 8, 9;
T_6.4;
    %jmp/0 T_6.2, 8;
    %load/vec4 v0xcb5263de0_0;
    %parti/s 1, 31, 6;
    %jmp/1 T_6.3, 8;
T_6.2 ; End of true expr.
    %pushi/vec4 0, 0, 1;
    %jmp/0 T_6.3, 8;
 ; End of false expr.
    %blend;
T_6.3;
    %load/vec4 v0xcb5263de0_0;
    %concat/vec4; draw_concat_vec4
    %load/vec4 v0xcb5263e80_0;
    %parti/s 5, 0, 2;
    %ix/vec4 4;
    %shiftr/s 4;
    %pad/s 32;
    %store/vec4 v0xcb525c0a0_0, 0, 32;
    %jmp T_6;
    .thread T_6, $push;
    .scope S_0x102b1d720;
T_7 ;
    %end;
    .thread T_7;
    .scope S_0x102b1d720;
T_8 ;
    %wait E_0xcb5249c40;
    %pushi/vec4 0, 0, 1;
    %store/vec4 v0xcb52630c0_0, 0, 1;
    %pushi/vec4 4294967295, 4294967295, 32;
    %store/vec4 v0xcb5262ee0_0, 0, 32;
    %pushi/vec4 0, 0, 1;
    %store/vec4 v0xcb5263020_0, 0, 1;
    %pushi/vec4 0, 0, 1;
    %store/vec4 v0xcb5262f80_0, 0, 1;
    %pushi/vec4 1, 0, 1;
    %dup/vec4;
    %pushi/vec4 0, 0, 1;
    %cmp/u;
    %jmp/1 T_8.0, 6;
    %dup/vec4;
    %pushi/vec4 0, 0, 1;
    %cmp/u;
    %jmp/1 T_8.1, 6;
    %dup/vec4;
    %pushi/vec4 0, 0, 1;
    %cmp/u;
    %jmp/1 T_8.2, 6;
    %jmp T_8.3;
T_8.0 ;
    %pushi/vec4 0, 0, 1;
    %store/vec4 v0xcb52630c0_0, 0, 1;
    %pushi/vec4 0, 0, 32;
    %store/vec4 v0xcb5262ee0_0, 0, 32;
    %jmp T_8.3;
T_8.1 ;
    %load/vec4 v0xcb5263340_0;
    %store/vec4 v0xcb52630c0_0, 0, 1;
    %load/vec4 v0xcb5263160_0;
    %store/vec4 v0xcb5262ee0_0, 0, 32;
    %jmp T_8.3;
T_8.2 ;
    %load/vec4 v0xcb5262da0_0;
    %store/vec4 v0xcb52630c0_0, 0, 1;
    %load/vec4 v0xcb5262bc0_0;
    %store/vec4 v0xcb5262ee0_0, 0, 32;
    %jmp T_8.3;
T_8.3 ;
    %pop/vec4 1;
    %jmp T_8;
    .thread T_8, $push;
    .scope S_0x102b1d720;
T_9 ;
    %wait E_0xcb5249a00;
    %load/vec4 v0xcb5264140_0;
    %nor/r;
    %flag_set/vec4 8;
    %jmp/0xz  T_9.0, 8;
    %pushi/vec4 0, 0, 1;
    %assign/vec4 v0xcb5261cc0_0, 0;
    %pushi/vec4 0, 0, 1;
    %assign/vec4 v0xcb5260fa0_0, 0;
    %jmp T_9.1;
T_9.0 ;
    %load/vec4 v0xcb5260fa0_0;
    %nor/r;
    %flag_set/vec4 8;
    %jmp/0xz  T_9.2, 8;
    %load/vec4 v0xcb5261c20_0;
    %assign/vec4 v0xcb5261cc0_0, 0;
T_9.2 ;
    %load/vec4 v0xcb5262620_0;
    %flag_set/vec4 8;
    %flag_get/vec4 8;
    %jmp/0 T_9.4, 8;
    %load/vec4 v0xcb52624e0_0;
    %nor/r;
    %and;
T_9.4;
    %assign/vec4 v0xcb5260fa0_0, 0;
T_9.1 ;
    %jmp T_9;
    .thread T_9;
    .scope S_0x102b1d720;
T_10 ;
    %wait E_0xcb5249c00;
    %load/vec4 v0xcb5262760_0;
    %dup/vec4;
    %pushi/vec4 0, 0, 2;
    %cmp/u;
    %jmp/1 T_10.0, 6;
    %dup/vec4;
    %pushi/vec4 1, 0, 2;
    %cmp/u;
    %jmp/1 T_10.1, 6;
    %dup/vec4;
    %pushi/vec4 2, 0, 2;
    %cmp/u;
    %jmp/1 T_10.2, 6;
    %jmp T_10.3;
T_10.0 ;
    %load/vec4 v0xcb5263e80_0;
    %store/vec4 v0xcb5261fe0_0, 0, 32;
    %pushi/vec4 15, 0, 4;
    %store/vec4 v0xcb5262120_0, 0, 4;
    %load/vec4 v0xcb52621c0_0;
    %store/vec4 v0xcb5262440_0, 0, 32;
    %jmp T_10.3;
T_10.1 ;
    %load/vec4 v0xcb5263e80_0;
    %parti/s 16, 0, 2;
    %replicate 2;
    %store/vec4 v0xcb5261fe0_0, 0, 32;
    %load/vec4 v0xcb5263de0_0;
    %parti/s 1, 1, 2;
    %flag_set/vec4 8;
    %jmp/0 T_10.4, 8;
    %pushi/vec4 12, 0, 4;
    %jmp/1 T_10.5, 8;
T_10.4 ; End of true expr.
    %pushi/vec4 3, 0, 4;
    %jmp/0 T_10.5, 8;
 ; End of false expr.
    %blend;
T_10.5;
    %store/vec4 v0xcb5262120_0, 0, 4;
    %load/vec4 v0xcb5263de0_0;
    %parti/s 1, 1, 2;
    %dup/vec4;
    %pushi/vec4 0, 0, 1;
    %cmp/u;
    %jmp/1 T_10.6, 6;
    %dup/vec4;
    %pushi/vec4 1, 0, 1;
    %cmp/u;
    %jmp/1 T_10.7, 6;
    %jmp T_10.8;
T_10.6 ;
    %pushi/vec4 0, 0, 16;
    %load/vec4 v0xcb52621c0_0;
    %parti/s 16, 0, 2;
    %concat/vec4; draw_concat_vec4
    %store/vec4 v0xcb5262440_0, 0, 32;
    %jmp T_10.8;
T_10.7 ;
    %pushi/vec4 0, 0, 16;
    %load/vec4 v0xcb52621c0_0;
    %parti/s 16, 16, 6;
    %concat/vec4; draw_concat_vec4
    %store/vec4 v0xcb5262440_0, 0, 32;
    %jmp T_10.8;
T_10.8 ;
    %pop/vec4 1;
    %jmp T_10.3;
T_10.2 ;
    %load/vec4 v0xcb5263e80_0;
    %parti/s 8, 0, 2;
    %replicate 4;
    %store/vec4 v0xcb5261fe0_0, 0, 32;
    %pushi/vec4 1, 0, 4;
    %load/vec4 v0xcb5263de0_0;
    %parti/s 2, 0, 2;
    %ix/vec4 4;
    %shiftl 4;
    %store/vec4 v0xcb5262120_0, 0, 4;
    %load/vec4 v0xcb5263de0_0;
    %parti/s 2, 0, 2;
    %dup/vec4;
    %pushi/vec4 0, 0, 2;
    %cmp/u;
    %jmp/1 T_10.9, 6;
    %dup/vec4;
    %pushi/vec4 1, 0, 2;
    %cmp/u;
    %jmp/1 T_10.10, 6;
    %dup/vec4;
    %pushi/vec4 2, 0, 2;
    %cmp/u;
    %jmp/1 T_10.11, 6;
    %dup/vec4;
    %pushi/vec4 3, 0, 2;
    %cmp/u;
    %jmp/1 T_10.12, 6;
    %jmp T_10.13;
T_10.9 ;
    %pushi/vec4 0, 0, 24;
    %load/vec4 v0xcb52621c0_0;
    %parti/s 8, 0, 2;
    %concat/vec4; draw_concat_vec4
    %store/vec4 v0xcb5262440_0, 0, 32;
    %jmp T_10.13;
T_10.10 ;
    %pushi/vec4 0, 0, 24;
    %load/vec4 v0xcb52621c0_0;
    %parti/s 8, 8, 5;
    %concat/vec4; draw_concat_vec4
    %store/vec4 v0xcb5262440_0, 0, 32;
    %jmp T_10.13;
T_10.11 ;
    %pushi/vec4 0, 0, 24;
    %load/vec4 v0xcb52621c0_0;
    %parti/s 8, 16, 6;
    %concat/vec4; draw_concat_vec4
    %store/vec4 v0xcb5262440_0, 0, 32;
    %jmp T_10.13;
T_10.12 ;
    %pushi/vec4 0, 0, 24;
    %load/vec4 v0xcb52621c0_0;
    %parti/s 8, 24, 6;
    %concat/vec4; draw_concat_vec4
    %store/vec4 v0xcb5262440_0, 0, 32;
    %jmp T_10.13;
T_10.13 ;
    %pop/vec4 1;
    %jmp T_10.3;
T_10.3 ;
    %pop/vec4 1;
    %jmp T_10;
    .thread T_10, $push;
    .scope S_0x102b1d720;
T_11 ;
    %wait E_0xcb5249a00;
    %load/vec4 v0xcb52628a0_0;
    %flag_set/vec4 8;
    %jmp/0xz  T_11.0, 8;
    %load/vec4 v0xcb52621c0_0;
    %assign/vec4 v0xcb52623a0_0, 0;
    %load/vec4 v0xcb52621c0_0;
    %assign/vec4 v0xcb52629e0_0, 0;
T_11.0 ;
    %jmp T_11;
    .thread T_11;
    .scope S_0x102b1d720;
T_12 ;
    %wait E_0xcb5249a00;
    %load/vec4 v0xcb5264140_0;
    %flag_set/vec4 9;
    %flag_get/vec4 9;
    %jmp/0 T_12.2, 9;
    %load/vec4 v0xcb52645a0_0;
    %nor/r;
    %and;
T_12.2;
    %flag_set/vec4 8;
    %jmp/0xz  T_12.0, 8;
    %load/vec4 v0xcb52617c0_0;
    %flag_set/vec4 8;
    %jmp/1 T_12.6, 8;
    %load/vec4 v0xcb5261900_0;
    %flag_set/vec4 9;
    %flag_or 8, 9;
T_12.6;
    %jmp/1 T_12.5, 8;
    %load/vec4 v0xcb5261860_0;
    %flag_set/vec4 9;
    %flag_or 8, 9;
T_12.5;
    %jmp/0xz  T_12.3, 8;
    %fork TD_picorv32_axi.picorv32_core.empty_statement, S_0x102b0d2c0;
    %join;
T_12.3 ;
    %load/vec4 v0xcb52617c0_0;
    %flag_set/vec4 8;
    %jmp/1 T_12.9, 8;
    %load/vec4 v0xcb5261900_0;
    %flag_set/vec4 9;
    %flag_or 8, 9;
T_12.9;
    %jmp/0xz  T_12.7, 8;
    %fork TD_picorv32_axi.picorv32_core.empty_statement, S_0x102b0d2c0;
    %join;
T_12.7 ;
    %load/vec4 v0xcb5261860_0;
    %flag_set/vec4 8;
    %jmp/0xz  T_12.10, 8;
    %fork TD_picorv32_axi.picorv32_core.empty_statement, S_0x102b0d2c0;
    %join;
T_12.10 ;
    %load/vec4 v0xcb52619a0_0;
    %flag_set/vec4 8;
    %jmp/0xz  T_12.12, 8;
    %fork TD_picorv32_axi.picorv32_core.empty_statement, S_0x102b0d2c0;
    %join;
T_12.12 ;
    %load/vec4 v0xcb5262580_0;
    %pad/u 32;
    %cmpi/e 2, 0, 32;
    %jmp/1 T_12.16, 4;
    %flag_mov 8, 4;
    %load/vec4 v0xcb5262580_0;
    %pad/u 32;
    %cmpi/e 3, 0, 32;
    %flag_or 4, 8;
T_12.16;
    %jmp/0xz  T_12.14, 4;
    %fork TD_picorv32_axi.picorv32_core.empty_statement, S_0x102b0d2c0;
    %join;
T_12.14 ;
T_12.0 ;
    %jmp T_12;
    .thread T_12;
    .scope S_0x102b1d720;
T_13 ;
    %wait E_0xcb5249a00;
    %load/vec4 v0xcb5264140_0;
    %nor/r;
    %flag_set/vec4 8;
    %jmp/1 T_13.2, 8;
    %load/vec4 v0xcb52645a0_0;
    %flag_set/vec4 9;
    %flag_or 8, 9;
T_13.2;
    %jmp/0xz  T_13.0, 8;
    %load/vec4 v0xcb5264140_0;
    %nor/r;
    %flag_set/vec4 8;
    %jmp/0xz  T_13.3, 8;
    %pushi/vec4 0, 0, 2;
    %assign/vec4 v0xcb5262580_0, 0;
T_13.3 ;
    %load/vec4 v0xcb5264140_0;
    %nor/r;
    %flag_set/vec4 8;
    %jmp/1 T_13.7, 8;
    %load/vec4 v0xcb52624e0_0;
    %flag_set/vec4 9;
    %flag_or 8, 9;
T_13.7;
    %jmp/0xz  T_13.5, 8;
    %pushi/vec4 0, 0, 1;
    %assign/vec4 v0xcb5262620_0, 0;
T_13.5 ;
    %pushi/vec4 0, 0, 1;
    %assign/vec4 v0xcb5261ea0_0, 0;
    %pushi/vec4 0, 0, 1;
    %assign/vec4 v0xcb52638e0_0, 0;
    %jmp T_13.1;
T_13.0 ;
    %load/vec4 v0xcb5261e00_0;
    %flag_set/vec4 8;
    %jmp/1 T_13.10, 8;
    %load/vec4 v0xcb5262080_0;
    %flag_set/vec4 9;
    %flag_or 8, 9;
T_13.10;
    %jmp/0xz  T_13.8, 8;
    %load/vec4 v0xcb5261b80_0;
    %assign/vec4 v0xcb5261680_0, 0;
    %load/vec4 v0xcb5262120_0;
    %load/vec4 v0xcb5262080_0;
    %replicate 4;
    %and;
    %assign/vec4 v0xcb5262800_0, 0;
T_13.8 ;
    %load/vec4 v0xcb5262080_0;
    %flag_set/vec4 8;
    %jmp/0xz  T_13.11, 8;
    %load/vec4 v0xcb5261fe0_0;
    %assign/vec4 v0xcb52626c0_0, 0;
T_13.11 ;
    %load/vec4 v0xcb5262580_0;
    %dup/vec4;
    %pushi/vec4 0, 0, 2;
    %cmp/u;
    %jmp/1 T_13.13, 6;
    %dup/vec4;
    %pushi/vec4 1, 0, 2;
    %cmp/u;
    %jmp/1 T_13.14, 6;
    %dup/vec4;
    %pushi/vec4 2, 0, 2;
    %cmp/u;
    %jmp/1 T_13.15, 6;
    %dup/vec4;
    %pushi/vec4 3, 0, 2;
    %cmp/u;
    %jmp/1 T_13.16, 6;
    %jmp T_13.17;
T_13.13 ;
    %load/vec4 v0xcb52617c0_0;
    %flag_set/vec4 8;
    %jmp/1 T_13.21, 8;
    %load/vec4 v0xcb5261900_0;
    %flag_set/vec4 9;
    %flag_or 8, 9;
T_13.21;
    %jmp/1 T_13.20, 8;
    %load/vec4 v0xcb5261860_0;
    %flag_set/vec4 9;
    %flag_or 8, 9;
T_13.20;
    %jmp/0xz  T_13.18, 8;
    %load/vec4 v0xcb5261f40_0;
    %nor/r;
    %assign/vec4 v0xcb5262620_0, 0;
    %load/vec4 v0xcb52617c0_0;
    %flag_set/vec4 8;
    %flag_get/vec4 8;
    %jmp/1 T_13.22, 8;
    %load/vec4 v0xcb5261900_0;
    %or;
T_13.22;
    %assign/vec4 v0xcb5261ae0_0, 0;
    %pushi/vec4 0, 0, 4;
    %assign/vec4 v0xcb5262800_0, 0;
    %pushi/vec4 1, 0, 2;
    %assign/vec4 v0xcb5262580_0, 0;
T_13.18 ;
    %load/vec4 v0xcb52619a0_0;
    %flag_set/vec4 8;
    %jmp/0xz  T_13.23, 8;
    %pushi/vec4 1, 0, 1;
    %assign/vec4 v0xcb5262620_0, 0;
    %pushi/vec4 0, 0, 1;
    %assign/vec4 v0xcb5261ae0_0, 0;
    %pushi/vec4 2, 0, 2;
    %assign/vec4 v0xcb5262580_0, 0;
T_13.23 ;
    %jmp T_13.17;
T_13.14 ;
    %fork TD_picorv32_axi.picorv32_core.empty_statement, S_0x102b0d2c0;
    %join;
    %fork TD_picorv32_axi.picorv32_core.empty_statement, S_0x102b0d2c0;
    %join;
    %fork TD_picorv32_axi.picorv32_core.empty_statement, S_0x102b0d2c0;
    %join;
    %fork TD_picorv32_axi.picorv32_core.empty_statement, S_0x102b0d2c0;
    %join;
    %load/vec4 v0xcb52628a0_0;
    %flag_set/vec4 8;
    %jmp/0xz  T_13.25, 8;
    %pushi/vec4 0, 0, 1;
    %assign/vec4 v0xcb5262620_0, 0;
    %pushi/vec4 0, 0, 1;
    %assign/vec4 v0xcb5261ea0_0, 0;
    %load/vec4 v0xcb5261900_0;
    %flag_set/vec4 8;
    %jmp/1 T_13.29, 8;
    %load/vec4 v0xcb5261860_0;
    %flag_set/vec4 9;
    %flag_or 8, 9;
T_13.29;
    %jmp/0 T_13.27, 8;
    %pushi/vec4 0, 0, 3;
    %jmp/1 T_13.28, 8;
T_13.27 ; End of true expr.
    %pushi/vec4 3, 0, 3;
    %jmp/0 T_13.28, 8;
 ; End of false expr.
    %blend;
T_13.28;
    %pad/s 2;
    %assign/vec4 v0xcb5262580_0, 0;
T_13.25 ;
    %jmp T_13.17;
T_13.15 ;
    %fork TD_picorv32_axi.picorv32_core.empty_statement, S_0x102b0d2c0;
    %join;
    %fork TD_picorv32_axi.picorv32_core.empty_statement, S_0x102b0d2c0;
    %join;
    %load/vec4 v0xcb52628a0_0;
    %flag_set/vec4 8;
    %jmp/0xz  T_13.30, 8;
    %pushi/vec4 0, 0, 1;
    %assign/vec4 v0xcb5262620_0, 0;
    %pushi/vec4 0, 0, 2;
    %assign/vec4 v0xcb5262580_0, 0;
T_13.30 ;
    %jmp T_13.17;
T_13.16 ;
    %fork TD_picorv32_axi.picorv32_core.empty_statement, S_0x102b0d2c0;
    %join;
    %fork TD_picorv32_axi.picorv32_core.empty_statement, S_0x102b0d2c0;
    %join;
    %load/vec4 v0xcb5261900_0;
    %flag_set/vec4 8;
    %jmp/0xz  T_13.32, 8;
    %pushi/vec4 0, 0, 2;
    %assign/vec4 v0xcb5262580_0, 0;
T_13.32 ;
    %jmp T_13.17;
T_13.17 ;
    %pop/vec4 1;
T_13.1 ;
    %load/vec4 v0xcb525c640_0;
    %flag_set/vec4 8;
    %jmp/0xz  T_13.34, 8;
    %pushi/vec4 0, 0, 1;
    %assign/vec4 v0xcb52638e0_0, 0;
T_13.34 ;
    %jmp T_13;
    .thread T_13;
    .scope S_0x102b1d720;
T_14 ;
    %wait E_0xcb5249bc0;
    %pushi/vec4 0, 0, 32; draw_string_vec4
    %pushi/vec4 0, 0, 32; draw_string_vec4
    %concat/vec4; draw_string_vec4
    %store/vec4 v0xcb5262940_0, 0, 64;
    %load/vec4 v0xcb525ef80_0;
    %flag_set/vec4 8;
    %jmp/0xz  T_14.0, 8;
    %pushi/vec4 0, 0, 32; draw_string_vec4
    %pushi/vec4 7107945, 0, 32; draw_string_vec4
    %concat/vec4; draw_string_vec4
    %store/vec4 v0xcb5262940_0, 0, 64;
T_14.0 ;
    %load/vec4 v0xcb525e580_0;
    %flag_set/vec4 8;
    %jmp/0xz  T_14.2, 8;
    %pushi/vec4 97, 0, 32; draw_string_vec4
    %pushi/vec4 1969844323, 0, 32; draw_string_vec4
    %concat/vec4; draw_string_vec4
    %store/vec4 v0xcb5262940_0, 0, 64;
T_14.2 ;
    %load/vec4 v0xcb525ebc0_0;
    %flag_set/vec4 8;
    %jmp/0xz  T_14.4, 8;
    %pushi/vec4 0, 0, 32; draw_string_vec4
    %pushi/vec4 6971756, 0, 32; draw_string_vec4
    %concat/vec4; draw_string_vec4
    %store/vec4 v0xcb5262940_0, 0, 64;
T_14.4 ;
    %load/vec4 v0xcb525ec60_0;
    %flag_set/vec4 8;
    %jmp/0xz  T_14.6, 8;
    %pushi/vec4 0, 0, 32; draw_string_vec4
    %pushi/vec4 1784769650, 0, 32; draw_string_vec4
    %concat/vec4; draw_string_vec4
    %store/vec4 v0xcb5262940_0, 0, 64;
T_14.6 ;
    %load/vec4 v0xcb525e620_0;
    %flag_set/vec4 8;
    %jmp/0xz  T_14.8, 8;
    %pushi/vec4 0, 0, 32; draw_string_vec4
    %pushi/vec4 6448497, 0, 32; draw_string_vec4
    %concat/vec4; draw_string_vec4
    %store/vec4 v0xcb5262940_0, 0, 64;
T_14.8 ;
    %load/vec4 v0xcb525e940_0;
    %flag_set/vec4 8;
    %jmp/0xz  T_14.10, 8;
    %pushi/vec4 0, 0, 32; draw_string_vec4
    %pushi/vec4 6450789, 0, 32; draw_string_vec4
    %concat/vec4; draw_string_vec4
    %store/vec4 v0xcb5262940_0, 0, 64;
T_14.10 ;
    %load/vec4 v0xcb525e800_0;
    %flag_set/vec4 8;
    %jmp/0xz  T_14.12, 8;
    %pushi/vec4 0, 0, 32; draw_string_vec4
    %pushi/vec4 6450292, 0, 32; draw_string_vec4
    %concat/vec4; draw_string_vec4
    %store/vec4 v0xcb5262940_0, 0, 64;
T_14.12 ;
    %load/vec4 v0xcb525e6c0_0;
    %flag_set/vec4 8;
    %jmp/0xz  T_14.14, 8;
    %pushi/vec4 0, 0, 32; draw_string_vec4
    %pushi/vec4 6448997, 0, 32; draw_string_vec4
    %concat/vec4; draw_string_vec4
    %store/vec4 v0xcb5262940_0, 0, 64;
T_14.14 ;
    %load/vec4 v0xcb525e8a0_0;
    %flag_set/vec4 8;
    %jmp/0xz  T_14.16, 8;
    %pushi/vec4 0, 0, 32; draw_string_vec4
    %pushi/vec4 1651274869, 0, 32; draw_string_vec4
    %concat/vec4; draw_string_vec4
    %store/vec4 v0xcb5262940_0, 0, 64;
T_14.16 ;
    %load/vec4 v0xcb525e760_0;
    %flag_set/vec4 8;
    %jmp/0xz  T_14.18, 8;
    %pushi/vec4 0, 0, 32; draw_string_vec4
    %pushi/vec4 1650943349, 0, 32; draw_string_vec4
    %concat/vec4; draw_string_vec4
    %store/vec4 v0xcb5262940_0, 0, 64;
T_14.18 ;
    %load/vec4 v0xcb525ed00_0;
    %flag_set/vec4 8;
    %jmp/0xz  T_14.20, 8;
    %pushi/vec4 0, 0, 32; draw_string_vec4
    %pushi/vec4 27746, 0, 32; draw_string_vec4
    %concat/vec4; draw_string_vec4
    %store/vec4 v0xcb5262940_0, 0, 64;
T_14.20 ;
    %load/vec4 v0xcb525ee40_0;
    %flag_set/vec4 8;
    %jmp/0xz  T_14.22, 8;
    %pushi/vec4 0, 0, 32; draw_string_vec4
    %pushi/vec4 27752, 0, 32; draw_string_vec4
    %concat/vec4; draw_string_vec4
    %store/vec4 v0xcb5262940_0, 0, 64;
T_14.22 ;
    %load/vec4 v0xcb525f020_0;
    %flag_set/vec4 8;
    %jmp/0xz  T_14.24, 8;
    %pushi/vec4 0, 0, 32; draw_string_vec4
    %pushi/vec4 27767, 0, 32; draw_string_vec4
    %concat/vec4; draw_string_vec4
    %store/vec4 v0xcb5262940_0, 0, 64;
T_14.24 ;
    %load/vec4 v0xcb525eda0_0;
    %flag_set/vec4 8;
    %jmp/0xz  T_14.26, 8;
    %pushi/vec4 0, 0, 32; draw_string_vec4
    %pushi/vec4 7103093, 0, 32; draw_string_vec4
    %concat/vec4; draw_string_vec4
    %store/vec4 v0xcb5262940_0, 0, 64;
T_14.26 ;
    %load/vec4 v0xcb525eee0_0;
    %flag_set/vec4 8;
    %jmp/0xz  T_14.28, 8;
    %pushi/vec4 0, 0, 32; draw_string_vec4
    %pushi/vec4 7104629, 0, 32; draw_string_vec4
    %concat/vec4; draw_string_vec4
    %store/vec4 v0xcb5262940_0, 0, 64;
T_14.28 ;
    %load/vec4 v0xcb525f5c0_0;
    %flag_set/vec4 8;
    %jmp/0xz  T_14.30, 8;
    %pushi/vec4 0, 0, 32; draw_string_vec4
    %pushi/vec4 29538, 0, 32; draw_string_vec4
    %concat/vec4; draw_string_vec4
    %store/vec4 v0xcb5262940_0, 0, 64;
T_14.30 ;
    %load/vec4 v0xcb525f700_0;
    %flag_set/vec4 8;
    %jmp/0xz  T_14.32, 8;
    %pushi/vec4 0, 0, 32; draw_string_vec4
    %pushi/vec4 29544, 0, 32; draw_string_vec4
    %concat/vec4; draw_string_vec4
    %store/vec4 v0xcb5262940_0, 0, 64;
T_14.32 ;
    %load/vec4 v0xcb525fe80_0;
    %flag_set/vec4 8;
    %jmp/0xz  T_14.34, 8;
    %pushi/vec4 0, 0, 32; draw_string_vec4
    %pushi/vec4 29559, 0, 32; draw_string_vec4
    %concat/vec4; draw_string_vec4
    %store/vec4 v0xcb5262940_0, 0, 64;
T_14.34 ;
    %load/vec4 v0xcb525e3a0_0;
    %flag_set/vec4 8;
    %jmp/0xz  T_14.36, 8;
    %pushi/vec4 0, 0, 32; draw_string_vec4
    %pushi/vec4 1633969257, 0, 32; draw_string_vec4
    %concat/vec4; draw_string_vec4
    %store/vec4 v0xcb5262940_0, 0, 64;
T_14.36 ;
    %load/vec4 v0xcb525f980_0;
    %flag_set/vec4 8;
    %jmp/0xz  T_14.38, 8;
    %pushi/vec4 0, 0, 32; draw_string_vec4
    %pushi/vec4 1936487529, 0, 32; draw_string_vec4
    %concat/vec4; draw_string_vec4
    %store/vec4 v0xcb5262940_0, 0, 64;
T_14.38 ;
    %load/vec4 v0xcb525fa20_0;
    %flag_set/vec4 8;
    %jmp/0xz  T_14.40, 8;
    %pushi/vec4 115, 0, 32; draw_string_vec4
    %pushi/vec4 1819568501, 0, 32; draw_string_vec4
    %concat/vec4; draw_string_vec4
    %store/vec4 v0xcb5262940_0, 0, 64;
T_14.40 ;
    %load/vec4 v0xcb52601e0_0;
    %flag_set/vec4 8;
    %jmp/0xz  T_14.42, 8;
    %pushi/vec4 0, 0, 32; draw_string_vec4
    %pushi/vec4 2020569705, 0, 32; draw_string_vec4
    %concat/vec4; draw_string_vec4
    %store/vec4 v0xcb5262940_0, 0, 64;
T_14.42 ;
    %load/vec4 v0xcb525f200_0;
    %flag_set/vec4 8;
    %jmp/0xz  T_14.44, 8;
    %pushi/vec4 0, 0, 32; draw_string_vec4
    %pushi/vec4 7303785, 0, 32; draw_string_vec4
    %concat/vec4; draw_string_vec4
    %store/vec4 v0xcb5262940_0, 0, 64;
T_14.44 ;
    %load/vec4 v0xcb525e4e0_0;
    %flag_set/vec4 8;
    %jmp/0xz  T_14.46, 8;
    %pushi/vec4 0, 0, 32; draw_string_vec4
    %pushi/vec4 1634624617, 0, 32; draw_string_vec4
    %concat/vec4; draw_string_vec4
    %store/vec4 v0xcb5262940_0, 0, 64;
T_14.46 ;
    %load/vec4 v0xcb525f840_0;
    %flag_set/vec4 8;
    %jmp/0xz  T_14.48, 8;
    %pushi/vec4 0, 0, 32; draw_string_vec4
    %pushi/vec4 1936485481, 0, 32; draw_string_vec4
    %concat/vec4; draw_string_vec4
    %store/vec4 v0xcb5262940_0, 0, 64;
T_14.48 ;
    %load/vec4 v0xcb525fd40_0;
    %flag_set/vec4 8;
    %jmp/0xz  T_14.50, 8;
    %pushi/vec4 0, 0, 32; draw_string_vec4
    %pushi/vec4 1936878697, 0, 32; draw_string_vec4
    %concat/vec4; draw_string_vec4
    %store/vec4 v0xcb5262940_0, 0, 64;
T_14.50 ;
    %load/vec4 v0xcb525fc00_0;
    %flag_set/vec4 8;
    %jmp/0xz  T_14.52, 8;
    %pushi/vec4 0, 0, 32; draw_string_vec4
    %pushi/vec4 1936875881, 0, 32; draw_string_vec4
    %concat/vec4; draw_string_vec4
    %store/vec4 v0xcb5262940_0, 0, 64;
T_14.52 ;
    %load/vec4 v0xcb525e300_0;
    %flag_set/vec4 8;
    %jmp/0xz  T_14.54, 8;
    %pushi/vec4 0, 0, 32; draw_string_vec4
    %pushi/vec4 6382692, 0, 32; draw_string_vec4
    %concat/vec4; draw_string_vec4
    %store/vec4 v0xcb5262940_0, 0, 64;
T_14.54 ;
    %load/vec4 v0xcb525fde0_0;
    %flag_set/vec4 8;
    %jmp/0xz  T_14.56, 8;
    %pushi/vec4 0, 0, 32; draw_string_vec4
    %pushi/vec4 7566690, 0, 32; draw_string_vec4
    %concat/vec4; draw_string_vec4
    %store/vec4 v0xcb5262940_0, 0, 64;
T_14.56 ;
    %load/vec4 v0xcb525f7a0_0;
    %flag_set/vec4 8;
    %jmp/0xz  T_14.58, 8;
    %pushi/vec4 0, 0, 32; draw_string_vec4
    %pushi/vec4 7564396, 0, 32; draw_string_vec4
    %concat/vec4; draw_string_vec4
    %store/vec4 v0xcb5262940_0, 0, 64;
T_14.58 ;
    %load/vec4 v0xcb525f8e0_0;
    %flag_set/vec4 8;
    %jmp/0xz  T_14.60, 8;
    %pushi/vec4 0, 0, 32; draw_string_vec4
    %pushi/vec4 7564404, 0, 32; draw_string_vec4
    %concat/vec4; draw_string_vec4
    %store/vec4 v0xcb5262940_0, 0, 64;
T_14.60 ;
    %load/vec4 v0xcb525fac0_0;
    %flag_set/vec4 8;
    %jmp/0xz  T_14.62, 8;
    %pushi/vec4 0, 0, 32; draw_string_vec4
    %pushi/vec4 1936487541, 0, 32; draw_string_vec4
    %concat/vec4; draw_string_vec4
    %store/vec4 v0xcb5262940_0, 0, 64;
T_14.62 ;
    %load/vec4 v0xcb5260140_0;
    %flag_set/vec4 8;
    %jmp/0xz  T_14.64, 8;
    %pushi/vec4 0, 0, 32; draw_string_vec4
    %pushi/vec4 7892850, 0, 32; draw_string_vec4
    %concat/vec4; draw_string_vec4
    %store/vec4 v0xcb5262940_0, 0, 64;
T_14.64 ;
    %load/vec4 v0xcb525fca0_0;
    %flag_set/vec4 8;
    %jmp/0xz  T_14.66, 8;
    %pushi/vec4 0, 0, 32; draw_string_vec4
    %pushi/vec4 7565932, 0, 32; draw_string_vec4
    %concat/vec4; draw_string_vec4
    %store/vec4 v0xcb5262940_0, 0, 64;
T_14.66 ;
    %load/vec4 v0xcb525fb60_0;
    %flag_set/vec4 8;
    %jmp/0xz  T_14.68, 8;
    %pushi/vec4 0, 0, 32; draw_string_vec4
    %pushi/vec4 7565921, 0, 32; draw_string_vec4
    %concat/vec4; draw_string_vec4
    %store/vec4 v0xcb5262940_0, 0, 64;
T_14.68 ;
    %load/vec4 v0xcb525f160_0;
    %flag_set/vec4 8;
    %jmp/0xz  T_14.70, 8;
    %pushi/vec4 0, 0, 32; draw_string_vec4
    %pushi/vec4 28530, 0, 32; draw_string_vec4
    %concat/vec4; draw_string_vec4
    %store/vec4 v0xcb5262940_0, 0, 64;
T_14.70 ;
    %load/vec4 v0xcb525e440_0;
    %flag_set/vec4 8;
    %jmp/0xz  T_14.72, 8;
    %pushi/vec4 0, 0, 32; draw_string_vec4
    %pushi/vec4 6385252, 0, 32; draw_string_vec4
    %concat/vec4; draw_string_vec4
    %store/vec4 v0xcb5262940_0, 0, 64;
T_14.72 ;
    %load/vec4 v0xcb525f2a0_0;
    %flag_set/vec4 8;
    %jmp/0xz  T_14.74, 8;
    %pushi/vec4 7496803, 0, 32; draw_string_vec4
    %pushi/vec4 2036558949, 0, 32; draw_string_vec4
    %concat/vec4; draw_string_vec4
    %store/vec4 v0xcb5262940_0, 0, 64;
T_14.74 ;
    %load/vec4 v0xcb525f340_0;
    %flag_set/vec4 8;
    %jmp/0xz  T_14.76, 8;
    %pushi/vec4 1919181689, 0, 32; draw_string_vec4
    %pushi/vec4 1668048232, 0, 32; draw_string_vec4
    %concat/vec4; draw_string_vec4
    %store/vec4 v0xcb5262940_0, 0, 64;
T_14.76 ;
    %load/vec4 v0xcb525f3e0_0;
    %flag_set/vec4 8;
    %jmp/0xz  T_14.78, 8;
    %pushi/vec4 7496809, 0, 32; draw_string_vec4
    %pushi/vec4 1853060210, 0, 32; draw_string_vec4
    %concat/vec4; draw_string_vec4
    %store/vec4 v0xcb5262940_0, 0, 64;
T_14.78 ;
    %load/vec4 v0xcb525f480_0;
    %flag_set/vec4 8;
    %jmp/0xz  T_14.80, 8;
    %pushi/vec4 1919183214, 0, 32; draw_string_vec4
    %pushi/vec4 1937011304, 0, 32; draw_string_vec4
    %concat/vec4; draw_string_vec4
    %store/vec4 v0xcb5262940_0, 0, 64;
T_14.80 ;
    %load/vec4 v0xcb525ea80_0;
    %flag_set/vec4 8;
    %jmp/0xz  T_14.82, 8;
    %pushi/vec4 102, 0, 32; draw_string_vec4
    %pushi/vec4 1701733221, 0, 32; draw_string_vec4
    %concat/vec4; draw_string_vec4
    %store/vec4 v0xcb5262940_0, 0, 64;
T_14.82 ;
    %load/vec4 v0xcb525eb20_0;
    %flag_set/vec4 8;
    %jmp/0xz  T_14.84, 8;
    %pushi/vec4 0, 0, 32; draw_string_vec4
    %pushi/vec4 1734702193, 0, 32; draw_string_vec4
    %concat/vec4; draw_string_vec4
    %store/vec4 v0xcb5262940_0, 0, 64;
T_14.84 ;
    %load/vec4 v0xcb525f660_0;
    %flag_set/vec4 8;
    %jmp/0xz  T_14.86, 8;
    %pushi/vec4 0, 0, 32; draw_string_vec4
    %pushi/vec4 1936028785, 0, 32; draw_string_vec4
    %concat/vec4; draw_string_vec4
    %store/vec4 v0xcb5262940_0, 0, 64;
T_14.86 ;
    %load/vec4 v0xcb525f520_0;
    %flag_set/vec4 8;
    %jmp/0xz  T_14.88, 8;
    %pushi/vec4 29285, 0, 32; draw_string_vec4
    %pushi/vec4 1953067633, 0, 32; draw_string_vec4
    %concat/vec4; draw_string_vec4
    %store/vec4 v0xcb5262940_0, 0, 64;
T_14.88 ;
    %load/vec4 v0xcb525f0c0_0;
    %flag_set/vec4 8;
    %jmp/0xz  T_14.90, 8;
    %pushi/vec4 7168371, 0, 32; draw_string_vec4
    %pushi/vec4 1802072689, 0, 32; draw_string_vec4
    %concat/vec4; draw_string_vec4
    %store/vec4 v0xcb5262940_0, 0, 64;
T_14.90 ;
    %load/vec4 v0xcb52600a0_0;
    %flag_set/vec4 8;
    %jmp/0xz  T_14.92, 8;
    %pushi/vec4 7823721, 0, 32; draw_string_vec4
    %pushi/vec4 1953067633, 0, 32; draw_string_vec4
    %concat/vec4; draw_string_vec4
    %store/vec4 v0xcb5262940_0, 0, 64;
T_14.92 ;
    %load/vec4 v0xcb525ff20_0;
    %flag_set/vec4 8;
    %jmp/0xz  T_14.94, 8;
    %pushi/vec4 116, 0, 32; draw_string_vec4
    %pushi/vec4 1768777074, 0, 32; draw_string_vec4
    %concat/vec4; draw_string_vec4
    %store/vec4 v0xcb5262940_0, 0, 64;
T_14.94 ;
    %jmp T_14;
    .thread T_14, $push;
    .scope S_0x102b1d720;
T_15 ;
    %wait E_0xcb5249a00;
    %load/vec4 v0xcb525ce60_0;
    %assign/vec4 v0xcb5263980_0, 0;
    %load/vec4 v0xcb525d040_0;
    %assign/vec4 v0xcb5263a20_0, 0;
    %load/vec4 v0xcb525d0e0_0;
    %assign/vec4 v0xcb5263ac0_0, 0;
    %load/vec4 v0xcb525d220_0;
    %assign/vec4 v0xcb5263c00_0, 0;
    %load/vec4 v0xcb525d2c0_0;
    %assign/vec4 v0xcb5263ca0_0, 0;
    %load/vec4 v0xcb525d180_0;
    %assign/vec4 v0xcb5263b60_0, 0;
    %load/vec4 v0xcb52615e0_0;
    %assign/vec4 v0xcb525d7c0_0, 0;
    %load/vec4 v0xcb5264140_0;
    %nor/r;
    %flag_set/vec4 8;
    %jmp/1 T_15.2, 8;
    %load/vec4 v0xcb52645a0_0;
    %flag_set/vec4 9;
    %flag_or 8, 9;
T_15.2;
    %jmp/0xz  T_15.0, 8;
    %pushi/vec4 0, 0, 1;
    %assign/vec4 v0xcb525dae0_0, 0;
    %jmp T_15.1;
T_15.0 ;
    %load/vec4 v0xcb52615e0_0;
    %flag_set/vec4 8;
    %jmp/0xz  T_15.3, 8;
    %pushi/vec4 1, 0, 1;
    %assign/vec4 v0xcb525dae0_0, 0;
T_15.3 ;
T_15.1 ;
    %load/vec4 v0xcb525e120_0;
    %flag_set/vec4 8;
    %jmp/0xz  T_15.5, 8;
    %load/vec4 v0xcb5262940_0;
    %assign/vec4 v0xcb525c280_0, 0;
    %load/vec4 v0xcb525db80_0;
    %assign/vec4 v0xcb525c320_0, 0;
    %load/vec4 v0xcb52629e0_0;
    %parti/s 2, 0, 2;
    %and/r;
    %flag_set/vec4 8;
    %jmp/0xz  T_15.7, 8;
    %load/vec4 v0xcb52629e0_0;
    %assign/vec4 v0xcb525c3c0_0, 0;
    %jmp T_15.8;
T_15.7 ;
    %pushi/vec4 0, 0, 16;
    %load/vec4 v0xcb52629e0_0;
    %parti/s 16, 0, 2;
    %concat/vec4; draw_concat_vec4
    %assign/vec4 v0xcb525c3c0_0, 0;
T_15.8 ;
    %load/vec4 v0xcb525de00_0;
    %assign/vec4 v0xcb525c500_0, 0;
    %load/vec4 v0xcb525dea0_0;
    %assign/vec4 v0xcb525c5a0_0, 0;
    %load/vec4 v0xcb525dcc0_0;
    %assign/vec4 v0xcb525c460_0, 0;
T_15.5 ;
    %load/vec4 v0xcb52615e0_0;
    %flag_set/vec4 8;
    %jmp/0xz  T_15.9, 8;
    %load/vec4 v0xcb5262b20_0;
    %assign/vec4 v0xcb525cfa0_0, 0;
T_15.9 ;
    %jmp T_15;
    .thread T_15;
    .scope S_0x102b1d720;
T_16 ;
    %wait E_0xcb5249b80;
    %load/vec4 v0xcb5263980_0;
    %store/vec4 v0xcb525ce60_0, 0, 64;
    %load/vec4 v0xcb5263a20_0;
    %store/vec4 v0xcb525d040_0, 0, 32;
    %load/vec4 v0xcb5263ac0_0;
    %store/vec4 v0xcb525d0e0_0, 0, 32;
    %load/vec4 v0xcb5263c00_0;
    %store/vec4 v0xcb525d220_0, 0, 5;
    %load/vec4 v0xcb5263ca0_0;
    %store/vec4 v0xcb525d2c0_0, 0, 5;
    %load/vec4 v0xcb5263b60_0;
    %store/vec4 v0xcb525d180_0, 0, 5;
    %load/vec4 v0xcb525d7c0_0;
    %flag_set/vec4 8;
    %jmp/0xz  T_16.0, 8;
    %load/vec4 v0xcb525dfe0_0;
    %flag_set/vec4 8;
    %jmp/0xz  T_16.2, 8;
    %load/vec4 v0xcb525c280_0;
    %store/vec4 v0xcb525ce60_0, 0, 64;
    %load/vec4 v0xcb525c320_0;
    %store/vec4 v0xcb525d040_0, 0, 32;
    %load/vec4 v0xcb525c3c0_0;
    %store/vec4 v0xcb525d0e0_0, 0, 32;
    %load/vec4 v0xcb525c500_0;
    %store/vec4 v0xcb525d220_0, 0, 5;
    %load/vec4 v0xcb525c5a0_0;
    %store/vec4 v0xcb525d2c0_0, 0, 5;
    %load/vec4 v0xcb525c460_0;
    %store/vec4 v0xcb525d180_0, 0, 5;
    %jmp T_16.3;
T_16.2 ;
    %load/vec4 v0xcb5262940_0;
    %store/vec4 v0xcb525ce60_0, 0, 64;
    %load/vec4 v0xcb52629e0_0;
    %parti/s 2, 0, 2;
    %and/r;
    %flag_set/vec4 8;
    %jmp/0xz  T_16.4, 8;
    %load/vec4 v0xcb52629e0_0;
    %store/vec4 v0xcb525d0e0_0, 0, 32;
    %jmp T_16.5;
T_16.4 ;
    %pushi/vec4 0, 0, 16;
    %load/vec4 v0xcb52629e0_0;
    %parti/s 16, 0, 2;
    %concat/vec4; draw_concat_vec4
    %store/vec4 v0xcb525d0e0_0, 0, 32;
T_16.5 ;
    %load/vec4 v0xcb525db80_0;
    %store/vec4 v0xcb525d040_0, 0, 32;
    %load/vec4 v0xcb525de00_0;
    %store/vec4 v0xcb525d220_0, 0, 5;
    %load/vec4 v0xcb525dea0_0;
    %store/vec4 v0xcb525d2c0_0, 0, 5;
    %load/vec4 v0xcb525dcc0_0;
    %store/vec4 v0xcb525d180_0, 0, 5;
T_16.3 ;
T_16.0 ;
    %jmp T_16;
    .thread T_16, $push;
    .scope S_0x102b1d720;
T_17 ;
    %wait E_0xcb5249a00;
    %load/vec4 v0xcb525ef80_0;
    %load/vec4 v0xcb525e580_0;
    %concat/vec4; draw_concat_vec4
    %load/vec4 v0xcb525ebc0_0;
    %concat/vec4; draw_concat_vec4
    %or/r;
    %assign/vec4 v0xcb5260aa0_0, 0;
    %load/vec4 v0xcb525ef80_0;
    %load/vec4 v0xcb525e580_0;
    %concat/vec4; draw_concat_vec4
    %load/vec4 v0xcb525ebc0_0;
    %concat/vec4; draw_concat_vec4
    %load/vec4 v0xcb525ec60_0;
    %concat/vec4; draw_concat_vec4
    %load/vec4 v0xcb525e3a0_0;
    %concat/vec4; draw_concat_vec4
    %load/vec4 v0xcb525e300_0;
    %concat/vec4; draw_concat_vec4
    %load/vec4 v0xcb525fde0_0;
    %concat/vec4; draw_concat_vec4
    %or/r;
    %assign/vec4 v0xcb5260b40_0, 0;
    %load/vec4 v0xcb525f980_0;
    %load/vec4 v0xcb525e800_0;
    %concat/vec4; draw_concat_vec4
    %load/vec4 v0xcb525f8e0_0;
    %concat/vec4; draw_concat_vec4
    %or/r;
    %assign/vec4 v0xcb5260e60_0, 0;
    %load/vec4 v0xcb525fa20_0;
    %load/vec4 v0xcb525e8a0_0;
    %concat/vec4; draw_concat_vec4
    %load/vec4 v0xcb525fac0_0;
    %concat/vec4; draw_concat_vec4
    %or/r;
    %assign/vec4 v0xcb5260f00_0, 0;
    %load/vec4 v0xcb525eda0_0;
    %load/vec4 v0xcb525eee0_0;
    %concat/vec4; draw_concat_vec4
    %load/vec4 v0xcb525f020_0;
    %concat/vec4; draw_concat_vec4
    %or/r;
    %assign/vec4 v0xcb5260a00_0, 0;
    %load/vec4 v0xcb5260780_0;
    %load/vec4 v0xcb525f980_0;
    %concat/vec4; draw_concat_vec4
    %load/vec4 v0xcb525f8e0_0;
    %concat/vec4; draw_concat_vec4
    %load/vec4 v0xcb525fa20_0;
    %concat/vec4; draw_concat_vec4
    %load/vec4 v0xcb525fac0_0;
    %concat/vec4; draw_concat_vec4
    %or/r;
    %assign/vec4 v0xcb5260820_0, 0;
    %load/vec4 v0xcb5261900_0;
    %flag_set/vec4 9;
    %flag_get/vec4 9;
    %jmp/0 T_17.2, 9;
    %load/vec4 v0xcb5261a40_0;
    %and;
T_17.2;
    %flag_set/vec4 8;
    %jmp/0xz  T_17.0, 8;
    %load/vec4 v0xcb5262260_0;
    %parti/s 7, 0, 2;
    %pushi/vec4 55, 0, 7;
    %cmp/e;
    %flag_get/vec4 4;
    %assign/vec4 v0xcb525ef80_0, 0;
    %load/vec4 v0xcb5262260_0;
    %parti/s 7, 0, 2;
    %pushi/vec4 23, 0, 7;
    %cmp/e;
    %flag_get/vec4 4;
    %assign/vec4 v0xcb525e580_0, 0;
    %load/vec4 v0xcb5262260_0;
    %parti/s 7, 0, 2;
    %pushi/vec4 111, 0, 7;
    %cmp/e;
    %flag_get/vec4 4;
    %assign/vec4 v0xcb525ebc0_0, 0;
    %load/vec4 v0xcb5262260_0;
    %parti/s 7, 0, 2;
    %cmpi/e 103, 0, 7;
    %flag_get/vec4 4;
    %jmp/0 T_17.3, 4;
    %load/vec4 v0xcb5262260_0;
    %parti/s 3, 12, 5;
    %pushi/vec4 0, 0, 3;
    %cmp/e;
    %flag_get/vec4 4;
    %and;
T_17.3;
    %assign/vec4 v0xcb525ec60_0, 0;
    %load/vec4 v0xcb5262260_0;
    %parti/s 7, 0, 2;
    %cmpi/e 11, 0, 7;
    %flag_get/vec4 4;
    %jmp/0 T_17.5, 4;
    %load/vec4 v0xcb5262260_0;
    %parti/s 7, 25, 6;
    %pushi/vec4 2, 0, 7;
    %cmp/e;
    %flag_get/vec4 4;
    %and;
T_17.5;
    %flag_set/vec4 8;
    %flag_get/vec4 8;
    %jmp/0 T_17.4, 8;
    %pushi/vec4 0, 0, 1;
    %and;
T_17.4;
    %assign/vec4 v0xcb525f520_0, 0;
    %load/vec4 v0xcb5262260_0;
    %parti/s 7, 0, 2;
    %cmpi/e 11, 0, 7;
    %flag_get/vec4 4;
    %jmp/0 T_17.7, 4;
    %load/vec4 v0xcb5262260_0;
    %parti/s 7, 25, 6;
    %pushi/vec4 4, 0, 7;
    %cmp/e;
    %flag_get/vec4 4;
    %and;
T_17.7;
    %flag_set/vec4 8;
    %flag_get/vec4 8;
    %jmp/0 T_17.6, 8;
    %pushi/vec4 0, 0, 1;
    %and;
T_17.6;
    %assign/vec4 v0xcb52600a0_0, 0;
    %load/vec4 v0xcb5262260_0;
    %parti/s 7, 0, 2;
    %pushi/vec4 99, 0, 7;
    %cmp/e;
    %flag_get/vec4 4;
    %assign/vec4 v0xcb5260780_0, 0;
    %load/vec4 v0xcb5262260_0;
    %parti/s 7, 0, 2;
    %pushi/vec4 3, 0, 7;
    %cmp/e;
    %flag_get/vec4 4;
    %assign/vec4 v0xcb5260960_0, 0;
    %load/vec4 v0xcb5262260_0;
    %parti/s 7, 0, 2;
    %pushi/vec4 35, 0, 7;
    %cmp/e;
    %flag_get/vec4 4;
    %assign/vec4 v0xcb5260c80_0, 0;
    %load/vec4 v0xcb5262260_0;
    %parti/s 7, 0, 2;
    %pushi/vec4 19, 0, 7;
    %cmp/e;
    %flag_get/vec4 4;
    %assign/vec4 v0xcb5260640_0, 0;
    %load/vec4 v0xcb5262260_0;
    %parti/s 7, 0, 2;
    %pushi/vec4 51, 0, 7;
    %cmp/e;
    %flag_get/vec4 4;
    %assign/vec4 v0xcb52606e0_0, 0;
    %load/vec4 v0xcb5262260_0;
    %parti/s 20, 12, 5;
    %concati/vec4 0, 0, 1;
    %pad/s 32;
    %split/vec4 1;
    %ix/load 5, 0, 0;
    %ix/load 4, 0, 0;
    %flag_set/imm 4, 0;
    %assign/vec4/off/d v0xcb525dc20_0, 4, 5;
    %split/vec4 8;
    %ix/load 5, 0, 0;
    %ix/load 4, 12, 0;
    %flag_set/imm 4, 0;
    %assign/vec4/off/d v0xcb525dc20_0, 4, 5;
    %split/vec4 1;
    %ix/load 5, 0, 0;
    %ix/load 4, 11, 0;
    %flag_set/imm 4, 0;
    %assign/vec4/off/d v0xcb525dc20_0, 4, 5;
    %split/vec4 10;
    %ix/load 5, 0, 0;
    %ix/load 4, 1, 0;
    %flag_set/imm 4, 0;
    %assign/vec4/off/d v0xcb525dc20_0, 4, 5;
    %ix/load 5, 0, 0;
    %ix/load 4, 20, 0;
    %flag_set/imm 4, 0;
    %assign/vec4/off/d v0xcb525dc20_0, 4, 5;
    %load/vec4 v0xcb5262260_0;
    %parti/s 5, 7, 4;
    %assign/vec4 v0xcb525dcc0_0, 0;
    %load/vec4 v0xcb5262260_0;
    %parti/s 5, 15, 5;
    %assign/vec4 v0xcb525de00_0, 0;
    %load/vec4 v0xcb5262260_0;
    %parti/s 5, 20, 6;
    %assign/vec4 v0xcb525dea0_0, 0;
    %load/vec4 v0xcb5262260_0;
    %parti/s 7, 0, 2;
    %cmpi/e 11, 0, 7;
    %flag_get/vec4 4;
    %jmp/0 T_17.12, 4;
    %load/vec4 v0xcb5262260_0;
    %parti/s 7, 25, 6;
    %pushi/vec4 0, 0, 7;
    %cmp/e;
    %flag_get/vec4 4;
    %and;
T_17.12;
    %flag_set/vec4 10;
    %flag_get/vec4 10;
    %jmp/0 T_17.11, 10;
    %pushi/vec4 0, 0, 1;
    %and;
T_17.11;
    %flag_set/vec4 9;
    %flag_get/vec4 9;
    %jmp/0 T_17.10, 9;
    %pushi/vec4 1, 0, 1;
    %and;
T_17.10;
    %flag_set/vec4 8;
    %jmp/0xz  T_17.8, 8;
    %pushi/vec4 1, 0, 1;
    %ix/load 5, 0, 0;
    %ix/load 4, 4, 0;
    %flag_set/imm 4, 0;
    %assign/vec4/off/d v0xcb525de00_0, 4, 5;
T_17.8 ;
    %load/vec4 v0xcb5262260_0;
    %parti/s 7, 0, 2;
    %cmpi/e 11, 0, 7;
    %flag_get/vec4 4;
    %jmp/0 T_17.16, 4;
    %load/vec4 v0xcb5262260_0;
    %parti/s 7, 25, 6;
    %pushi/vec4 2, 0, 7;
    %cmp/e;
    %flag_get/vec4 4;
    %and;
T_17.16;
    %flag_set/vec4 9;
    %flag_get/vec4 9;
    %jmp/0 T_17.15, 9;
    %pushi/vec4 0, 0, 1;
    %and;
T_17.15;
    %flag_set/vec4 8;
    %jmp/0xz  T_17.13, 8;
    %pushi/vec4 0, 0, 5;
    %assign/vec4 v0xcb525de00_0, 0;
T_17.13 ;
    %pushi/vec4 0, 0, 1;
    %assign/vec4 v0xcb525c820_0, 0;
T_17.0 ;
    %load/vec4 v0xcb525e080_0;
    %flag_set/vec4 9;
    %flag_get/vec4 9;
    %jmp/0 T_17.19, 9;
    %load/vec4 v0xcb525df40_0;
    %nor/r;
    %and;
T_17.19;
    %flag_set/vec4 8;
    %jmp/0xz  T_17.17, 8;
    %pushi/vec4 4294967295, 4294967295, 32;
    %assign/vec4 v0xcb5262e40_0, 0;
    %load/vec4 v0xcb5260780_0;
    %flag_set/vec4 8;
    %flag_get/vec4 8;
    %jmp/0 T_17.20, 8;
    %load/vec4 v0xcb52623a0_0;
    %parti/s 3, 12, 5;
    %pushi/vec4 0, 0, 3;
    %cmp/e;
    %flag_get/vec4 4;
    %and;
T_17.20;
    %assign/vec4 v0xcb525e620_0, 0;
    %load/vec4 v0xcb5260780_0;
    %flag_set/vec4 8;
    %flag_get/vec4 8;
    %jmp/0 T_17.21, 8;
    %load/vec4 v0xcb52623a0_0;
    %parti/s 3, 12, 5;
    %pushi/vec4 1, 0, 3;
    %cmp/e;
    %flag_get/vec4 4;
    %and;
T_17.21;
    %assign/vec4 v0xcb525e940_0, 0;
    %load/vec4 v0xcb5260780_0;
    %flag_set/vec4 8;
    %flag_get/vec4 8;
    %jmp/0 T_17.22, 8;
    %load/vec4 v0xcb52623a0_0;
    %parti/s 3, 12, 5;
    %pushi/vec4 4, 0, 3;
    %cmp/e;
    %flag_get/vec4 4;
    %and;
T_17.22;
    %assign/vec4 v0xcb525e800_0, 0;
    %load/vec4 v0xcb5260780_0;
    %flag_set/vec4 8;
    %flag_get/vec4 8;
    %jmp/0 T_17.23, 8;
    %load/vec4 v0xcb52623a0_0;
    %parti/s 3, 12, 5;
    %pushi/vec4 5, 0, 3;
    %cmp/e;
    %flag_get/vec4 4;
    %and;
T_17.23;
    %assign/vec4 v0xcb525e6c0_0, 0;
    %load/vec4 v0xcb5260780_0;
    %flag_set/vec4 8;
    %flag_get/vec4 8;
    %jmp/0 T_17.24, 8;
    %load/vec4 v0xcb52623a0_0;
    %parti/s 3, 12, 5;
    %pushi/vec4 6, 0, 3;
    %cmp/e;
    %flag_get/vec4 4;
    %and;
T_17.24;
    %assign/vec4 v0xcb525e8a0_0, 0;
    %load/vec4 v0xcb5260780_0;
    %flag_set/vec4 8;
    %flag_get/vec4 8;
    %jmp/0 T_17.25, 8;
    %load/vec4 v0xcb52623a0_0;
    %parti/s 3, 12, 5;
    %pushi/vec4 7, 0, 3;
    %cmp/e;
    %flag_get/vec4 4;
    %and;
T_17.25;
    %assign/vec4 v0xcb525e760_0, 0;
    %load/vec4 v0xcb5260960_0;
    %flag_set/vec4 8;
    %flag_get/vec4 8;
    %jmp/0 T_17.26, 8;
    %load/vec4 v0xcb52623a0_0;
    %parti/s 3, 12, 5;
    %pushi/vec4 0, 0, 3;
    %cmp/e;
    %flag_get/vec4 4;
    %and;
T_17.26;
    %assign/vec4 v0xcb525ed00_0, 0;
    %load/vec4 v0xcb5260960_0;
    %flag_set/vec4 8;
    %flag_get/vec4 8;
    %jmp/0 T_17.27, 8;
    %load/vec4 v0xcb52623a0_0;
    %parti/s 3, 12, 5;
    %pushi/vec4 1, 0, 3;
    %cmp/e;
    %flag_get/vec4 4;
    %and;
T_17.27;
    %assign/vec4 v0xcb525ee40_0, 0;
    %load/vec4 v0xcb5260960_0;
    %flag_set/vec4 8;
    %flag_get/vec4 8;
    %jmp/0 T_17.28, 8;
    %load/vec4 v0xcb52623a0_0;
    %parti/s 3, 12, 5;
    %pushi/vec4 2, 0, 3;
    %cmp/e;
    %flag_get/vec4 4;
    %and;
T_17.28;
    %assign/vec4 v0xcb525f020_0, 0;
    %load/vec4 v0xcb5260960_0;
    %flag_set/vec4 8;
    %flag_get/vec4 8;
    %jmp/0 T_17.29, 8;
    %load/vec4 v0xcb52623a0_0;
    %parti/s 3, 12, 5;
    %pushi/vec4 4, 0, 3;
    %cmp/e;
    %flag_get/vec4 4;
    %and;
T_17.29;
    %assign/vec4 v0xcb525eda0_0, 0;
    %load/vec4 v0xcb5260960_0;
    %flag_set/vec4 8;
    %flag_get/vec4 8;
    %jmp/0 T_17.30, 8;
    %load/vec4 v0xcb52623a0_0;
    %parti/s 3, 12, 5;
    %pushi/vec4 5, 0, 3;
    %cmp/e;
    %flag_get/vec4 4;
    %and;
T_17.30;
    %assign/vec4 v0xcb525eee0_0, 0;
    %load/vec4 v0xcb5260c80_0;
    %flag_set/vec4 8;
    %flag_get/vec4 8;
    %jmp/0 T_17.31, 8;
    %load/vec4 v0xcb52623a0_0;
    %parti/s 3, 12, 5;
    %pushi/vec4 0, 0, 3;
    %cmp/e;
    %flag_get/vec4 4;
    %and;
T_17.31;
    %assign/vec4 v0xcb525f5c0_0, 0;
    %load/vec4 v0xcb5260c80_0;
    %flag_set/vec4 8;
    %flag_get/vec4 8;
    %jmp/0 T_17.32, 8;
    %load/vec4 v0xcb52623a0_0;
    %parti/s 3, 12, 5;
    %pushi/vec4 1, 0, 3;
    %cmp/e;
    %flag_get/vec4 4;
    %and;
T_17.32;
    %assign/vec4 v0xcb525f700_0, 0;
    %load/vec4 v0xcb5260c80_0;
    %flag_set/vec4 8;
    %flag_get/vec4 8;
    %jmp/0 T_17.33, 8;
    %load/vec4 v0xcb52623a0_0;
    %parti/s 3, 12, 5;
    %pushi/vec4 2, 0, 3;
    %cmp/e;
    %flag_get/vec4 4;
    %and;
T_17.33;
    %assign/vec4 v0xcb525fe80_0, 0;
    %load/vec4 v0xcb5260640_0;
    %flag_set/vec4 8;
    %flag_get/vec4 8;
    %jmp/0 T_17.34, 8;
    %load/vec4 v0xcb52623a0_0;
    %parti/s 3, 12, 5;
    %pushi/vec4 0, 0, 3;
    %cmp/e;
    %flag_get/vec4 4;
    %and;
T_17.34;
    %assign/vec4 v0xcb525e3a0_0, 0;
    %load/vec4 v0xcb5260640_0;
    %flag_set/vec4 8;
    %flag_get/vec4 8;
    %jmp/0 T_17.35, 8;
    %load/vec4 v0xcb52623a0_0;
    %parti/s 3, 12, 5;
    %pushi/vec4 2, 0, 3;
    %cmp/e;
    %flag_get/vec4 4;
    %and;
T_17.35;
    %assign/vec4 v0xcb525f980_0, 0;
    %load/vec4 v0xcb5260640_0;
    %flag_set/vec4 8;
    %flag_get/vec4 8;
    %jmp/0 T_17.36, 8;
    %load/vec4 v0xcb52623a0_0;
    %parti/s 3, 12, 5;
    %pushi/vec4 3, 0, 3;
    %cmp/e;
    %flag_get/vec4 4;
    %and;
T_17.36;
    %assign/vec4 v0xcb525fa20_0, 0;
    %load/vec4 v0xcb5260640_0;
    %flag_set/vec4 8;
    %flag_get/vec4 8;
    %jmp/0 T_17.37, 8;
    %load/vec4 v0xcb52623a0_0;
    %parti/s 3, 12, 5;
    %pushi/vec4 4, 0, 3;
    %cmp/e;
    %flag_get/vec4 4;
    %and;
T_17.37;
    %assign/vec4 v0xcb52601e0_0, 0;
    %load/vec4 v0xcb5260640_0;
    %flag_set/vec4 8;
    %flag_get/vec4 8;
    %jmp/0 T_17.38, 8;
    %load/vec4 v0xcb52623a0_0;
    %parti/s 3, 12, 5;
    %pushi/vec4 6, 0, 3;
    %cmp/e;
    %flag_get/vec4 4;
    %and;
T_17.38;
    %assign/vec4 v0xcb525f200_0, 0;
    %load/vec4 v0xcb5260640_0;
    %flag_set/vec4 8;
    %flag_get/vec4 8;
    %jmp/0 T_17.39, 8;
    %load/vec4 v0xcb52623a0_0;
    %parti/s 3, 12, 5;
    %pushi/vec4 7, 0, 3;
    %cmp/e;
    %flag_get/vec4 4;
    %and;
T_17.39;
    %assign/vec4 v0xcb525e4e0_0, 0;
    %load/vec4 v0xcb5260640_0;
    %flag_set/vec4 9;
    %flag_get/vec4 9;
    %jmp/0 T_17.41, 9;
    %load/vec4 v0xcb52623a0_0;
    %parti/s 3, 12, 5;
    %pushi/vec4 1, 0, 3;
    %cmp/e;
    %flag_get/vec4 4;
    %and;
T_17.41;
    %flag_set/vec4 8;
    %flag_get/vec4 8;
    %jmp/0 T_17.40, 8;
    %load/vec4 v0xcb52623a0_0;
    %parti/s 7, 25, 6;
    %pushi/vec4 0, 0, 7;
    %cmp/e;
    %flag_get/vec4 4;
    %and;
T_17.40;
    %assign/vec4 v0xcb525f840_0, 0;
    %load/vec4 v0xcb5260640_0;
    %flag_set/vec4 9;
    %flag_get/vec4 9;
    %jmp/0 T_17.43, 9;
    %load/vec4 v0xcb52623a0_0;
    %parti/s 3, 12, 5;
    %pushi/vec4 5, 0, 3;
    %cmp/e;
    %flag_get/vec4 4;
    %and;
T_17.43;
    %flag_set/vec4 8;
    %flag_get/vec4 8;
    %jmp/0 T_17.42, 8;
    %load/vec4 v0xcb52623a0_0;
    %parti/s 7, 25, 6;
    %pushi/vec4 0, 0, 7;
    %cmp/e;
    %flag_get/vec4 4;
    %and;
T_17.42;
    %assign/vec4 v0xcb525fd40_0, 0;
    %load/vec4 v0xcb5260640_0;
    %flag_set/vec4 9;
    %flag_get/vec4 9;
    %jmp/0 T_17.45, 9;
    %load/vec4 v0xcb52623a0_0;
    %parti/s 3, 12, 5;
    %pushi/vec4 5, 0, 3;
    %cmp/e;
    %flag_get/vec4 4;
    %and;
T_17.45;
    %flag_set/vec4 8;
    %flag_get/vec4 8;
    %jmp/0 T_17.44, 8;
    %load/vec4 v0xcb52623a0_0;
    %parti/s 7, 25, 6;
    %pushi/vec4 32, 0, 7;
    %cmp/e;
    %flag_get/vec4 4;
    %and;
T_17.44;
    %assign/vec4 v0xcb525fc00_0, 0;
    %load/vec4 v0xcb52606e0_0;
    %flag_set/vec4 9;
    %flag_get/vec4 9;
    %jmp/0 T_17.47, 9;
    %load/vec4 v0xcb52623a0_0;
    %parti/s 3, 12, 5;
    %pushi/vec4 0, 0, 3;
    %cmp/e;
    %flag_get/vec4 4;
    %and;
T_17.47;
    %flag_set/vec4 8;
    %flag_get/vec4 8;
    %jmp/0 T_17.46, 8;
    %load/vec4 v0xcb52623a0_0;
    %parti/s 7, 25, 6;
    %pushi/vec4 0, 0, 7;
    %cmp/e;
    %flag_get/vec4 4;
    %and;
T_17.46;
    %assign/vec4 v0xcb525e300_0, 0;
    %load/vec4 v0xcb52606e0_0;
    %flag_set/vec4 9;
    %flag_get/vec4 9;
    %jmp/0 T_17.49, 9;
    %load/vec4 v0xcb52623a0_0;
    %parti/s 3, 12, 5;
    %pushi/vec4 0, 0, 3;
    %cmp/e;
    %flag_get/vec4 4;
    %and;
T_17.49;
    %flag_set/vec4 8;
    %flag_get/vec4 8;
    %jmp/0 T_17.48, 8;
    %load/vec4 v0xcb52623a0_0;
    %parti/s 7, 25, 6;
    %pushi/vec4 32, 0, 7;
    %cmp/e;
    %flag_get/vec4 4;
    %and;
T_17.48;
    %assign/vec4 v0xcb525fde0_0, 0;
    %load/vec4 v0xcb52606e0_0;
    %flag_set/vec4 9;
    %flag_get/vec4 9;
    %jmp/0 T_17.51, 9;
    %load/vec4 v0xcb52623a0_0;
    %parti/s 3, 12, 5;
    %pushi/vec4 1, 0, 3;
    %cmp/e;
    %flag_get/vec4 4;
    %and;
T_17.51;
    %flag_set/vec4 8;
    %flag_get/vec4 8;
    %jmp/0 T_17.50, 8;
    %load/vec4 v0xcb52623a0_0;
    %parti/s 7, 25, 6;
    %pushi/vec4 0, 0, 7;
    %cmp/e;
    %flag_get/vec4 4;
    %and;
T_17.50;
    %assign/vec4 v0xcb525f7a0_0, 0;
    %load/vec4 v0xcb52606e0_0;
    %flag_set/vec4 9;
    %flag_get/vec4 9;
    %jmp/0 T_17.53, 9;
    %load/vec4 v0xcb52623a0_0;
    %parti/s 3, 12, 5;
    %pushi/vec4 2, 0, 3;
    %cmp/e;
    %flag_get/vec4 4;
    %and;
T_17.53;
    %flag_set/vec4 8;
    %flag_get/vec4 8;
    %jmp/0 T_17.52, 8;
    %load/vec4 v0xcb52623a0_0;
    %parti/s 7, 25, 6;
    %pushi/vec4 0, 0, 7;
    %cmp/e;
    %flag_get/vec4 4;
    %and;
T_17.52;
    %assign/vec4 v0xcb525f8e0_0, 0;
    %load/vec4 v0xcb52606e0_0;
    %flag_set/vec4 9;
    %flag_get/vec4 9;
    %jmp/0 T_17.55, 9;
    %load/vec4 v0xcb52623a0_0;
    %parti/s 3, 12, 5;
    %pushi/vec4 3, 0, 3;
    %cmp/e;
    %flag_get/vec4 4;
    %and;
T_17.55;
    %flag_set/vec4 8;
    %flag_get/vec4 8;
    %jmp/0 T_17.54, 8;
    %load/vec4 v0xcb52623a0_0;
    %parti/s 7, 25, 6;
    %pushi/vec4 0, 0, 7;
    %cmp/e;
    %flag_get/vec4 4;
    %and;
T_17.54;
    %assign/vec4 v0xcb525fac0_0, 0;
    %load/vec4 v0xcb52606e0_0;
    %flag_set/vec4 9;
    %flag_get/vec4 9;
    %jmp/0 T_17.57, 9;
    %load/vec4 v0xcb52623a0_0;
    %parti/s 3, 12, 5;
    %pushi/vec4 4, 0, 3;
    %cmp/e;
    %flag_get/vec4 4;
    %and;
T_17.57;
    %flag_set/vec4 8;
    %flag_get/vec4 8;
    %jmp/0 T_17.56, 8;
    %load/vec4 v0xcb52623a0_0;
    %parti/s 7, 25, 6;
    %pushi/vec4 0, 0, 7;
    %cmp/e;
    %flag_get/vec4 4;
    %and;
T_17.56;
    %assign/vec4 v0xcb5260140_0, 0;
    %load/vec4 v0xcb52606e0_0;
    %flag_set/vec4 9;
    %flag_get/vec4 9;
    %jmp/0 T_17.59, 9;
    %load/vec4 v0xcb52623a0_0;
    %parti/s 3, 12, 5;
    %pushi/vec4 5, 0, 3;
    %cmp/e;
    %flag_get/vec4 4;
    %and;
T_17.59;
    %flag_set/vec4 8;
    %flag_get/vec4 8;
    %jmp/0 T_17.58, 8;
    %load/vec4 v0xcb52623a0_0;
    %parti/s 7, 25, 6;
    %pushi/vec4 0, 0, 7;
    %cmp/e;
    %flag_get/vec4 4;
    %and;
T_17.58;
    %assign/vec4 v0xcb525fca0_0, 0;
    %load/vec4 v0xcb52606e0_0;
    %flag_set/vec4 9;
    %flag_get/vec4 9;
    %jmp/0 T_17.61, 9;
    %load/vec4 v0xcb52623a0_0;
    %parti/s 3, 12, 5;
    %pushi/vec4 5, 0, 3;
    %cmp/e;
    %flag_get/vec4 4;
    %and;
T_17.61;
    %flag_set/vec4 8;
    %flag_get/vec4 8;
    %jmp/0 T_17.60, 8;
    %load/vec4 v0xcb52623a0_0;
    %parti/s 7, 25, 6;
    %pushi/vec4 32, 0, 7;
    %cmp/e;
    %flag_get/vec4 4;
    %and;
T_17.60;
    %assign/vec4 v0xcb525fb60_0, 0;
    %load/vec4 v0xcb52606e0_0;
    %flag_set/vec4 9;
    %flag_get/vec4 9;
    %jmp/0 T_17.63, 9;
    %load/vec4 v0xcb52623a0_0;
    %parti/s 3, 12, 5;
    %pushi/vec4 6, 0, 3;
    %cmp/e;
    %flag_get/vec4 4;
    %and;
T_17.63;
    %flag_set/vec4 8;
    %flag_get/vec4 8;
    %jmp/0 T_17.62, 8;
    %load/vec4 v0xcb52623a0_0;
    %parti/s 7, 25, 6;
    %pushi/vec4 0, 0, 7;
    %cmp/e;
    %flag_get/vec4 4;
    %and;
T_17.62;
    %assign/vec4 v0xcb525f160_0, 0;
    %load/vec4 v0xcb52606e0_0;
    %flag_set/vec4 9;
    %flag_get/vec4 9;
    %jmp/0 T_17.65, 9;
    %load/vec4 v0xcb52623a0_0;
    %parti/s 3, 12, 5;
    %pushi/vec4 7, 0, 3;
    %cmp/e;
    %flag_get/vec4 4;
    %and;
T_17.65;
    %flag_set/vec4 8;
    %flag_get/vec4 8;
    %jmp/0 T_17.64, 8;
    %load/vec4 v0xcb52623a0_0;
    %parti/s 7, 25, 6;
    %pushi/vec4 0, 0, 7;
    %cmp/e;
    %flag_get/vec4 4;
    %and;
T_17.64;
    %assign/vec4 v0xcb525e440_0, 0;
    %load/vec4 v0xcb52623a0_0;
    %parti/s 7, 0, 2;
    %cmpi/e 115, 0, 7;
    %flag_get/vec4 4;
    %jmp/0 T_17.68, 4;
    %load/vec4 v0xcb52623a0_0;
    %parti/s 20, 12, 5;
    %pad/u 32;
    %pushi/vec4 786434, 0, 32;
    %cmp/e;
    %flag_get/vec4 4;
    %and;
T_17.68;
    %flag_set/vec4 8;
    %jmp/1 T_17.67, 8;
    %load/vec4 v0xcb52623a0_0;
    %parti/s 7, 0, 2;
    %cmpi/e 115, 0, 7;
    %flag_get/vec4 4;
    %jmp/0 T_17.69, 4;
    %load/vec4 v0xcb52623a0_0;
    %parti/s 20, 12, 5;
    %pad/u 32;
    %pushi/vec4 786690, 0, 32;
    %cmp/e;
    %flag_get/vec4 4;
    %and;
T_17.69;
    %flag_set/vec4 9;
    %flag_or 8, 9;
T_17.67;
    %flag_get/vec4 8;
    %jmp/0 T_17.66, 8;
    %pushi/vec4 1, 0, 1;
    %and;
T_17.66;
    %assign/vec4 v0xcb525f2a0_0, 0;
    %load/vec4 v0xcb52623a0_0;
    %parti/s 7, 0, 2;
    %cmpi/e 115, 0, 7;
    %flag_get/vec4 4;
    %jmp/0 T_17.73, 4;
    %load/vec4 v0xcb52623a0_0;
    %parti/s 20, 12, 5;
    %pad/u 32;
    %pushi/vec4 819202, 0, 32;
    %cmp/e;
    %flag_get/vec4 4;
    %and;
T_17.73;
    %flag_set/vec4 9;
    %jmp/1 T_17.72, 9;
    %load/vec4 v0xcb52623a0_0;
    %parti/s 7, 0, 2;
    %cmpi/e 115, 0, 7;
    %flag_get/vec4 4;
    %jmp/0 T_17.74, 4;
    %load/vec4 v0xcb52623a0_0;
    %parti/s 20, 12, 5;
    %pad/u 32;
    %pushi/vec4 819458, 0, 32;
    %cmp/e;
    %flag_get/vec4 4;
    %and;
T_17.74;
    %flag_set/vec4 10;
    %flag_or 9, 10;
T_17.72;
    %flag_get/vec4 9;
    %jmp/0 T_17.71, 9;
    %pushi/vec4 1, 0, 1;
    %and;
T_17.71;
    %flag_set/vec4 8;
    %flag_get/vec4 8;
    %jmp/0 T_17.70, 8;
    %pushi/vec4 1, 0, 1;
    %and;
T_17.70;
    %assign/vec4 v0xcb525f340_0, 0;
    %load/vec4 v0xcb52623a0_0;
    %parti/s 7, 0, 2;
    %cmpi/e 115, 0, 7;
    %flag_get/vec4 4;
    %jmp/0 T_17.76, 4;
    %load/vec4 v0xcb52623a0_0;
    %parti/s 20, 12, 5;
    %pad/u 32;
    %pushi/vec4 786946, 0, 32;
    %cmp/e;
    %flag_get/vec4 4;
    %and;
T_17.76;
    %flag_set/vec4 8;
    %flag_get/vec4 8;
    %jmp/0 T_17.75, 8;
    %pushi/vec4 1, 0, 1;
    %and;
T_17.75;
    %assign/vec4 v0xcb525f3e0_0, 0;
    %load/vec4 v0xcb52623a0_0;
    %parti/s 7, 0, 2;
    %cmpi/e 115, 0, 7;
    %flag_get/vec4 4;
    %jmp/0 T_17.79, 4;
    %load/vec4 v0xcb52623a0_0;
    %parti/s 20, 12, 5;
    %pad/u 32;
    %pushi/vec4 819714, 0, 32;
    %cmp/e;
    %flag_get/vec4 4;
    %and;
T_17.79;
    %flag_set/vec4 9;
    %flag_get/vec4 9;
    %jmp/0 T_17.78, 9;
    %pushi/vec4 1, 0, 1;
    %and;
T_17.78;
    %flag_set/vec4 8;
    %flag_get/vec4 8;
    %jmp/0 T_17.77, 8;
    %pushi/vec4 1, 0, 1;
    %and;
T_17.77;
    %assign/vec4 v0xcb525f480_0, 0;
    %load/vec4 v0xcb52623a0_0;
    %parti/s 7, 0, 2;
    %cmpi/e 115, 0, 7;
    %flag_get/vec4 4;
    %jmp/0 T_17.82, 4;
    %load/vec4 v0xcb52623a0_0;
    %parti/s 11, 21, 6;
    %nor/r;
    %and;
T_17.82;
    %flag_set/vec4 9;
    %flag_get/vec4 9;
    %jmp/0 T_17.81, 9;
    %load/vec4 v0xcb52623a0_0;
    %parti/s 13, 7, 4;
    %nor/r;
    %and;
T_17.81;
    %flag_set/vec4 8;
    %flag_get/vec4 8;
    %jmp/1 T_17.80, 8;
    %pushi/vec4 0, 0, 1;
    %or;
T_17.80;
    %assign/vec4 v0xcb525e9e0_0, 0;
    %load/vec4 v0xcb52623a0_0;
    %parti/s 7, 0, 2;
    %cmpi/e 15, 0, 7;
    %flag_get/vec4 4;
    %jmp/0 T_17.83, 4;
    %load/vec4 v0xcb52623a0_0;
    %parti/s 3, 12, 5;
    %nor/r;
    %and;
T_17.83;
    %assign/vec4 v0xcb525ea80_0, 0;
    %load/vec4 v0xcb52623a0_0;
    %parti/s 7, 0, 2;
    %cmpi/e 11, 0, 7;
    %flag_get/vec4 4;
    %jmp/0 T_17.86, 4;
    %load/vec4 v0xcb52623a0_0;
    %parti/s 7, 25, 6;
    %pushi/vec4 0, 0, 7;
    %cmp/e;
    %flag_get/vec4 4;
    %and;
T_17.86;
    %flag_set/vec4 9;
    %flag_get/vec4 9;
    %jmp/0 T_17.85, 9;
    %pushi/vec4 0, 0, 1;
    %and;
T_17.85;
    %flag_set/vec4 8;
    %flag_get/vec4 8;
    %jmp/0 T_17.84, 8;
    %pushi/vec4 1, 0, 1;
    %and;
T_17.84;
    %assign/vec4 v0xcb525eb20_0, 0;
    %load/vec4 v0xcb52623a0_0;
    %parti/s 7, 0, 2;
    %cmpi/e 11, 0, 7;
    %flag_get/vec4 4;
    %jmp/0 T_17.89, 4;
    %load/vec4 v0xcb52623a0_0;
    %parti/s 7, 25, 6;
    %pushi/vec4 1, 0, 7;
    %cmp/e;
    %flag_get/vec4 4;
    %and;
T_17.89;
    %flag_set/vec4 9;
    %flag_get/vec4 9;
    %jmp/0 T_17.88, 9;
    %pushi/vec4 0, 0, 1;
    %and;
T_17.88;
    %flag_set/vec4 8;
    %flag_get/vec4 8;
    %jmp/0 T_17.87, 8;
    %pushi/vec4 1, 0, 1;
    %and;
T_17.87;
    %assign/vec4 v0xcb525f660_0, 0;
    %load/vec4 v0xcb52623a0_0;
    %parti/s 7, 0, 2;
    %cmpi/e 11, 0, 7;
    %flag_get/vec4 4;
    %jmp/0 T_17.91, 4;
    %load/vec4 v0xcb52623a0_0;
    %parti/s 7, 25, 6;
    %pushi/vec4 3, 0, 7;
    %cmp/e;
    %flag_get/vec4 4;
    %and;
T_17.91;
    %flag_set/vec4 8;
    %flag_get/vec4 8;
    %jmp/0 T_17.90, 8;
    %pushi/vec4 0, 0, 1;
    %and;
T_17.90;
    %assign/vec4 v0xcb525f0c0_0, 0;
    %load/vec4 v0xcb52623a0_0;
    %parti/s 7, 0, 2;
    %cmpi/e 11, 0, 7;
    %flag_get/vec4 4;
    %jmp/0 T_17.94, 4;
    %load/vec4 v0xcb52623a0_0;
    %parti/s 7, 25, 6;
    %pushi/vec4 5, 0, 7;
    %cmp/e;
    %flag_get/vec4 4;
    %and;
T_17.94;
    %flag_set/vec4 9;
    %flag_get/vec4 9;
    %jmp/0 T_17.93, 9;
    %pushi/vec4 0, 0, 1;
    %and;
T_17.93;
    %flag_set/vec4 8;
    %flag_get/vec4 8;
    %jmp/0 T_17.92, 8;
    %pushi/vec4 1, 0, 1;
    %and;
T_17.92;
    %assign/vec4 v0xcb525ff20_0, 0;
    %load/vec4 v0xcb5260640_0;
    %flag_set/vec4 8;
    %flag_get/vec4 8;
    %jmp/0 T_17.95, 8;
    %load/vec4 v0xcb52623a0_0;
    %parti/s 3, 12, 5;
    %cmpi/e 1, 0, 3;
    %flag_get/vec4 4;
    %jmp/0 T_17.96, 4;
    %load/vec4 v0xcb52623a0_0;
    %parti/s 7, 25, 6;
    %pushi/vec4 0, 0, 7;
    %cmp/e;
    %flag_get/vec4 4;
    %and;
T_17.96;
    %load/vec4 v0xcb52623a0_0;
    %parti/s 3, 12, 5;
    %cmpi/e 5, 0, 3;
    %flag_get/vec4 4;
    %jmp/0 T_17.97, 4;
    %load/vec4 v0xcb52623a0_0;
    %parti/s 7, 25, 6;
    %pushi/vec4 0, 0, 7;
    %cmp/e;
    %flag_get/vec4 4;
    %and;
T_17.97;
    %concat/vec4; draw_concat_vec4
    %load/vec4 v0xcb52623a0_0;
    %parti/s 3, 12, 5;
    %cmpi/e 5, 0, 3;
    %flag_get/vec4 4;
    %jmp/0 T_17.98, 4;
    %load/vec4 v0xcb52623a0_0;
    %parti/s 7, 25, 6;
    %pushi/vec4 32, 0, 7;
    %cmp/e;
    %flag_get/vec4 4;
    %and;
T_17.98;
    %concat/vec4; draw_concat_vec4
    %or/r;
    %and;
T_17.95;
    %assign/vec4 v0xcb5260dc0_0, 0;
    %load/vec4 v0xcb525ec60_0;
    %flag_set/vec4 8;
    %flag_get/vec4 8;
    %jmp/1 T_17.99, 8;
    %load/vec4 v0xcb5260640_0;
    %flag_set/vec4 8;
    %flag_get/vec4 8;
    %jmp/0 T_17.100, 8;
    %load/vec4 v0xcb52623a0_0;
    %parti/s 3, 12, 5;
    %pushi/vec4 0, 0, 3;
    %cmp/e;
    %flag_get/vec4 4;
    %load/vec4 v0xcb52623a0_0;
    %parti/s 3, 12, 5;
    %pushi/vec4 2, 0, 3;
    %cmp/e;
    %flag_get/vec4 4;
    %concat/vec4; draw_concat_vec4
    %load/vec4 v0xcb52623a0_0;
    %parti/s 3, 12, 5;
    %pushi/vec4 3, 0, 3;
    %cmp/e;
    %flag_get/vec4 4;
    %concat/vec4; draw_concat_vec4
    %load/vec4 v0xcb52623a0_0;
    %parti/s 3, 12, 5;
    %pushi/vec4 4, 0, 3;
    %cmp/e;
    %flag_get/vec4 4;
    %concat/vec4; draw_concat_vec4
    %load/vec4 v0xcb52623a0_0;
    %parti/s 3, 12, 5;
    %pushi/vec4 6, 0, 3;
    %cmp/e;
    %flag_get/vec4 4;
    %concat/vec4; draw_concat_vec4
    %load/vec4 v0xcb52623a0_0;
    %parti/s 3, 12, 5;
    %pushi/vec4 7, 0, 3;
    %cmp/e;
    %flag_get/vec4 4;
    %concat/vec4; draw_concat_vec4
    %or/r;
    %and;
T_17.100;
    %or;
T_17.99;
    %assign/vec4 v0xcb52608c0_0, 0;
    %load/vec4 v0xcb52606e0_0;
    %flag_set/vec4 8;
    %flag_get/vec4 8;
    %jmp/0 T_17.101, 8;
    %load/vec4 v0xcb52623a0_0;
    %parti/s 3, 12, 5;
    %cmpi/e 1, 0, 3;
    %flag_get/vec4 4;
    %jmp/0 T_17.102, 4;
    %load/vec4 v0xcb52623a0_0;
    %parti/s 7, 25, 6;
    %pushi/vec4 0, 0, 7;
    %cmp/e;
    %flag_get/vec4 4;
    %and;
T_17.102;
    %load/vec4 v0xcb52623a0_0;
    %parti/s 3, 12, 5;
    %cmpi/e 5, 0, 3;
    %flag_get/vec4 4;
    %jmp/0 T_17.103, 4;
    %load/vec4 v0xcb52623a0_0;
    %parti/s 7, 25, 6;
    %pushi/vec4 0, 0, 7;
    %cmp/e;
    %flag_get/vec4 4;
    %and;
T_17.103;
    %concat/vec4; draw_concat_vec4
    %load/vec4 v0xcb52623a0_0;
    %parti/s 3, 12, 5;
    %cmpi/e 5, 0, 3;
    %flag_get/vec4 4;
    %jmp/0 T_17.104, 4;
    %load/vec4 v0xcb52623a0_0;
    %parti/s 7, 25, 6;
    %pushi/vec4 32, 0, 7;
    %cmp/e;
    %flag_get/vec4 4;
    %and;
T_17.104;
    %concat/vec4; draw_concat_vec4
    %or/r;
    %and;
T_17.101;
    %assign/vec4 v0xcb5260d20_0, 0;
    %pushi/vec4 0, 0, 1;
    %assign/vec4 v0xcb5260b40_0, 0;
    %pushi/vec4 0, 0, 1;
    %assign/vec4 v0xcb5260820_0, 0;
    %pushi/vec4 1, 0, 1;
    %dup/vec4;
    %load/vec4 v0xcb525ebc0_0;
    %cmp/u;
    %jmp/1 T_17.105, 6;
    %dup/vec4;
    %load/vec4 v0xcb525ef80_0;
    %load/vec4 v0xcb525e580_0;
    %concat/vec4; draw_concat_vec4
    %or/r;
    %cmp/u;
    %jmp/1 T_17.106, 6;
    %dup/vec4;
    %load/vec4 v0xcb525ec60_0;
    %load/vec4 v0xcb5260960_0;
    %concat/vec4; draw_concat_vec4
    %load/vec4 v0xcb5260640_0;
    %concat/vec4; draw_concat_vec4
    %or/r;
    %cmp/u;
    %jmp/1 T_17.107, 6;
    %dup/vec4;
    %load/vec4 v0xcb5260780_0;
    %cmp/u;
    %jmp/1 T_17.108, 6;
    %dup/vec4;
    %load/vec4 v0xcb5260c80_0;
    %cmp/u;
    %jmp/1 T_17.109, 6;
    %pushi/vec4 1, 1, 32;
    %assign/vec4 v0xcb525db80_0, 0;
    %jmp T_17.111;
T_17.105 ;
    %load/vec4 v0xcb525dc20_0;
    %assign/vec4 v0xcb525db80_0, 0;
    %jmp T_17.111;
T_17.106 ;
    %load/vec4 v0xcb52623a0_0;
    %parti/s 20, 12, 5;
    %pad/u 32;
    %ix/load 4, 12, 0;
    %flag_set/imm 4, 0;
    %shiftl 4;
    %assign/vec4 v0xcb525db80_0, 0;
    %jmp T_17.111;
T_17.107 ;
    %load/vec4 v0xcb52623a0_0;
    %parti/s 12, 20, 6;
    %pad/s 32;
    %assign/vec4 v0xcb525db80_0, 0;
    %jmp T_17.111;
T_17.108 ;
    %load/vec4 v0xcb52623a0_0;
    %parti/s 1, 31, 6;
    %load/vec4 v0xcb52623a0_0;
    %parti/s 1, 7, 4;
    %concat/vec4; draw_concat_vec4
    %load/vec4 v0xcb52623a0_0;
    %parti/s 6, 25, 6;
    %concat/vec4; draw_concat_vec4
    %load/vec4 v0xcb52623a0_0;
    %parti/s 4, 8, 5;
    %concat/vec4; draw_concat_vec4
    %concati/vec4 0, 0, 1;
    %pad/s 32;
    %assign/vec4 v0xcb525db80_0, 0;
    %jmp T_17.111;
T_17.109 ;
    %load/vec4 v0xcb52623a0_0;
    %parti/s 7, 25, 6;
    %load/vec4 v0xcb52623a0_0;
    %parti/s 5, 7, 4;
    %concat/vec4; draw_concat_vec4
    %pad/s 32;
    %assign/vec4 v0xcb525db80_0, 0;
    %jmp T_17.111;
T_17.111 ;
    %pop/vec4 1;
T_17.17 ;
    %load/vec4 v0xcb5264140_0;
    %nor/r;
    %flag_set/vec4 8;
    %jmp/0xz  T_17.112, 8;
    %pushi/vec4 0, 0, 1;
    %assign/vec4 v0xcb5260780_0, 0;
    %pushi/vec4 0, 0, 1;
    %assign/vec4 v0xcb5260820_0, 0;
    %pushi/vec4 0, 0, 1;
    %assign/vec4 v0xcb525e620_0, 0;
    %pushi/vec4 0, 0, 1;
    %assign/vec4 v0xcb525e940_0, 0;
    %pushi/vec4 0, 0, 1;
    %assign/vec4 v0xcb525e800_0, 0;
    %pushi/vec4 0, 0, 1;
    %assign/vec4 v0xcb525e6c0_0, 0;
    %pushi/vec4 0, 0, 1;
    %assign/vec4 v0xcb525e8a0_0, 0;
    %pushi/vec4 0, 0, 1;
    %assign/vec4 v0xcb525e760_0, 0;
    %pushi/vec4 0, 0, 1;
    %assign/vec4 v0xcb525e3a0_0, 0;
    %pushi/vec4 0, 0, 1;
    %assign/vec4 v0xcb525f980_0, 0;
    %pushi/vec4 0, 0, 1;
    %assign/vec4 v0xcb525fa20_0, 0;
    %pushi/vec4 0, 0, 1;
    %assign/vec4 v0xcb52601e0_0, 0;
    %pushi/vec4 0, 0, 1;
    %assign/vec4 v0xcb525f200_0, 0;
    %pushi/vec4 0, 0, 1;
    %assign/vec4 v0xcb525e4e0_0, 0;
    %pushi/vec4 0, 0, 1;
    %assign/vec4 v0xcb525e300_0, 0;
    %pushi/vec4 0, 0, 1;
    %assign/vec4 v0xcb525fde0_0, 0;
    %pushi/vec4 0, 0, 1;
    %assign/vec4 v0xcb525f7a0_0, 0;
    %pushi/vec4 0, 0, 1;
    %assign/vec4 v0xcb525f8e0_0, 0;
    %pushi/vec4 0, 0, 1;
    %assign/vec4 v0xcb525fac0_0, 0;
    %pushi/vec4 0, 0, 1;
    %assign/vec4 v0xcb5260140_0, 0;
    %pushi/vec4 0, 0, 1;
    %assign/vec4 v0xcb525fca0_0, 0;
    %pushi/vec4 0, 0, 1;
    %assign/vec4 v0xcb525fb60_0, 0;
    %pushi/vec4 0, 0, 1;
    %assign/vec4 v0xcb525f160_0, 0;
    %pushi/vec4 0, 0, 1;
    %assign/vec4 v0xcb525e440_0, 0;
    %pushi/vec4 0, 0, 1;
    %assign/vec4 v0xcb525ea80_0, 0;
T_17.112 ;
    %jmp T_17;
    .thread T_17;
    .scope S_0x102b1d720;
T_18 ;
    %wait E_0xcb5249b40;
    %pushi/vec4 0, 0, 32; draw_string_vec4
    %pushi/vec4 0, 0, 32; draw_string_vec4
    %concat/vec4; draw_string_vec4
    %pushi/vec4 0, 0, 32; draw_string_vec4
    %concat/vec4; draw_string_vec4
    %pushi/vec4 0, 0, 32; draw_string_vec4
    %concat/vec4; draw_string_vec4
    %store/vec4 v0xcb525cf00_0, 0, 128;
    %load/vec4 v0xcb525ca00_0;
    %cmpi/e 128, 0, 8;
    %jmp/0xz  T_18.0, 4;
    %pushi/vec4 0, 0, 32; draw_string_vec4
    %pushi/vec4 0, 0, 32; draw_string_vec4
    %concat/vec4; draw_string_vec4
    %pushi/vec4 0, 0, 32; draw_string_vec4
    %concat/vec4; draw_string_vec4
    %pushi/vec4 1953653104, 0, 32; draw_string_vec4
    %concat/vec4; draw_string_vec4
    %store/vec4 v0xcb525cf00_0, 0, 128;
T_18.0 ;
    %load/vec4 v0xcb525ca00_0;
    %cmpi/e 64, 0, 8;
    %jmp/0xz  T_18.2, 4;
    %pushi/vec4 0, 0, 32; draw_string_vec4
    %pushi/vec4 0, 0, 32; draw_string_vec4
    %concat/vec4; draw_string_vec4
    %pushi/vec4 102, 0, 32; draw_string_vec4
    %concat/vec4; draw_string_vec4
    %pushi/vec4 1702126440, 0, 32; draw_string_vec4
    %concat/vec4; draw_string_vec4
    %store/vec4 v0xcb525cf00_0, 0, 128;
T_18.2 ;
    %load/vec4 v0xcb525ca00_0;
    %cmpi/e 32, 0, 8;
    %jmp/0xz  T_18.4, 4;
    %pushi/vec4 0, 0, 32; draw_string_vec4
    %pushi/vec4 0, 0, 32; draw_string_vec4
    %concat/vec4; draw_string_vec4
    %pushi/vec4 27748, 0, 32; draw_string_vec4
    %concat/vec4; draw_string_vec4
    %pushi/vec4 1601336113, 0, 32; draw_string_vec4
    %concat/vec4; draw_string_vec4
    %store/vec4 v0xcb525cf00_0, 0, 128;
T_18.4 ;
    %load/vec4 v0xcb525ca00_0;
    %cmpi/e 16, 0, 8;
    %jmp/0xz  T_18.6, 4;
    %pushi/vec4 0, 0, 32; draw_string_vec4
    %pushi/vec4 0, 0, 32; draw_string_vec4
    %concat/vec4; draw_string_vec4
    %pushi/vec4 27748, 0, 32; draw_string_vec4
    %concat/vec4; draw_string_vec4
    %pushi/vec4 1601336114, 0, 32; draw_string_vec4
    %concat/vec4; draw_string_vec4
    %store/vec4 v0xcb525cf00_0, 0, 128;
T_18.6 ;
    %load/vec4 v0xcb525ca00_0;
    %cmpi/e 8, 0, 8;
    %jmp/0xz  T_18.8, 4;
    %pushi/vec4 0, 0, 32; draw_string_vec4
    %pushi/vec4 0, 0, 32; draw_string_vec4
    %concat/vec4; draw_string_vec4
    %pushi/vec4 0, 0, 32; draw_string_vec4
    %concat/vec4; draw_string_vec4
    %pushi/vec4 1702389091, 0, 32; draw_string_vec4
    %concat/vec4; draw_string_vec4
    %store/vec4 v0xcb525cf00_0, 0, 128;
T_18.8 ;
    %load/vec4 v0xcb525ca00_0;
    %cmpi/e 4, 0, 8;
    %jmp/0xz  T_18.10, 4;
    %pushi/vec4 0, 0, 32; draw_string_vec4
    %pushi/vec4 0, 0, 32; draw_string_vec4
    %concat/vec4; draw_string_vec4
    %pushi/vec4 115, 0, 32; draw_string_vec4
    %concat/vec4; draw_string_vec4
    %pushi/vec4 1751737972, 0, 32; draw_string_vec4
    %concat/vec4; draw_string_vec4
    %store/vec4 v0xcb525cf00_0, 0, 128;
T_18.10 ;
    %load/vec4 v0xcb525ca00_0;
    %cmpi/e 2, 0, 8;
    %jmp/0xz  T_18.12, 4;
    %pushi/vec4 0, 0, 32; draw_string_vec4
    %pushi/vec4 0, 0, 32; draw_string_vec4
    %concat/vec4; draw_string_vec4
    %pushi/vec4 115, 0, 32; draw_string_vec4
    %concat/vec4; draw_string_vec4
    %pushi/vec4 1953326445, 0, 32; draw_string_vec4
    %concat/vec4; draw_string_vec4
    %store/vec4 v0xcb525cf00_0, 0, 128;
T_18.12 ;
    %load/vec4 v0xcb525ca00_0;
    %cmpi/e 1, 0, 8;
    %jmp/0xz  T_18.14, 4;
    %pushi/vec4 0, 0, 32; draw_string_vec4
    %pushi/vec4 0, 0, 32; draw_string_vec4
    %concat/vec4; draw_string_vec4
    %pushi/vec4 108, 0, 32; draw_string_vec4
    %concat/vec4; draw_string_vec4
    %pushi/vec4 1684890989, 0, 32; draw_string_vec4
    %concat/vec4; draw_string_vec4
    %store/vec4 v0xcb525cf00_0, 0, 128;
T_18.14 ;
    %jmp T_18;
    .thread T_18, $push;
    .scope S_0x102b1d720;
T_19 ;
    %wait E_0xcb5249b00;
    %pushi/vec4 1, 1, 1;
    %store/vec4 v0xcb523fde0_0, 0, 1;
    %pushi/vec4 1, 0, 1;
    %dup/vec4;
    %load/vec4 v0xcb525e620_0;
    %cmp/u;
    %jmp/1 T_19.0, 6;
    %dup/vec4;
    %load/vec4 v0xcb525e940_0;
    %cmp/u;
    %jmp/1 T_19.1, 6;
    %dup/vec4;
    %load/vec4 v0xcb525e6c0_0;
    %cmp/u;
    %jmp/1 T_19.2, 6;
    %dup/vec4;
    %load/vec4 v0xcb525e760_0;
    %cmp/u;
    %jmp/1 T_19.3, 6;
    %dup/vec4;
    %load/vec4 v0xcb5260e60_0;
    %flag_set/vec4 8;
    %flag_get/vec4 8;
    %jmp/0 T_19.7, 8;
    %pushi/vec4 1, 0, 1;
    %and;
T_19.7;
    %cmp/u;
    %jmp/1 T_19.4, 6;
    %dup/vec4;
    %load/vec4 v0xcb5260f00_0;
    %flag_set/vec4 8;
    %flag_get/vec4 8;
    %jmp/0 T_19.8, 8;
    %pushi/vec4 1, 0, 1;
    %and;
T_19.8;
    %cmp/u;
    %jmp/1 T_19.5, 6;
    %jmp T_19.6;
T_19.0 ;
    %load/vec4 v0xcb523fb60_0;
    %store/vec4 v0xcb523fde0_0, 0, 1;
    %jmp T_19.6;
T_19.1 ;
    %load/vec4 v0xcb523fb60_0;
    %nor/r;
    %store/vec4 v0xcb523fde0_0, 0, 1;
    %jmp T_19.6;
T_19.2 ;
    %load/vec4 v0xcb523fc00_0;
    %nor/r;
    %store/vec4 v0xcb523fde0_0, 0, 1;
    %jmp T_19.6;
T_19.3 ;
    %load/vec4 v0xcb523fca0_0;
    %nor/r;
    %store/vec4 v0xcb523fde0_0, 0, 1;
    %jmp T_19.6;
T_19.4 ;
    %load/vec4 v0xcb523fc00_0;
    %store/vec4 v0xcb523fde0_0, 0, 1;
    %jmp T_19.6;
T_19.5 ;
    %load/vec4 v0xcb523fca0_0;
    %store/vec4 v0xcb523fde0_0, 0, 1;
    %jmp T_19.6;
T_19.6 ;
    %pop/vec4 1;
    %pushi/vec4 4294967295, 4294967295, 32;
    %store/vec4 v0xcb523fd40_0, 0, 32;
    %pushi/vec4 1, 0, 1;
    %dup/vec4;
    %load/vec4 v0xcb5260b40_0;
    %cmp/u;
    %jmp/1 T_19.9, 6;
    %dup/vec4;
    %load/vec4 v0xcb5260820_0;
    %cmp/u;
    %jmp/1 T_19.10, 6;
    %dup/vec4;
    %load/vec4 v0xcb52601e0_0;
    %flag_set/vec4 8;
    %flag_get/vec4 8;
    %jmp/1 T_19.17, 8;
    %load/vec4 v0xcb5260140_0;
    %or;
T_19.17;
    %cmp/u;
    %jmp/1 T_19.11, 6;
    %dup/vec4;
    %load/vec4 v0xcb525f200_0;
    %flag_set/vec4 8;
    %flag_get/vec4 8;
    %jmp/1 T_19.18, 8;
    %load/vec4 v0xcb525f160_0;
    %or;
T_19.18;
    %cmp/u;
    %jmp/1 T_19.12, 6;
    %dup/vec4;
    %load/vec4 v0xcb525e4e0_0;
    %flag_set/vec4 8;
    %flag_get/vec4 8;
    %jmp/1 T_19.19, 8;
    %load/vec4 v0xcb525e440_0;
    %or;
T_19.19;
    %cmp/u;
    %jmp/1 T_19.13, 6;
    %dup/vec4;
    %pushi/vec4 0, 0, 1;
    %cmp/u;
    %jmp/1 T_19.14, 6;
    %dup/vec4;
    %pushi/vec4 0, 0, 1;
    %cmp/u;
    %jmp/1 T_19.15, 6;
    %jmp T_19.16;
T_19.9 ;
    %load/vec4 v0xcb523fac0_0;
    %store/vec4 v0xcb523fd40_0, 0, 32;
    %jmp T_19.16;
T_19.10 ;
    %load/vec4 v0xcb523fde0_0;
    %pad/u 32;
    %store/vec4 v0xcb523fd40_0, 0, 32;
    %jmp T_19.16;
T_19.11 ;
    %load/vec4 v0xcb5263de0_0;
    %load/vec4 v0xcb5263e80_0;
    %xor;
    %store/vec4 v0xcb523fd40_0, 0, 32;
    %jmp T_19.16;
T_19.12 ;
    %load/vec4 v0xcb5263de0_0;
    %load/vec4 v0xcb5263e80_0;
    %or;
    %store/vec4 v0xcb523fd40_0, 0, 32;
    %jmp T_19.16;
T_19.13 ;
    %load/vec4 v0xcb5263de0_0;
    %load/vec4 v0xcb5263e80_0;
    %and;
    %store/vec4 v0xcb523fd40_0, 0, 32;
    %jmp T_19.16;
T_19.14 ;
    %load/vec4 v0xcb525c000_0;
    %store/vec4 v0xcb523fd40_0, 0, 32;
    %jmp T_19.16;
T_19.15 ;
    %load/vec4 v0xcb525c0a0_0;
    %store/vec4 v0xcb523fd40_0, 0, 32;
    %jmp T_19.16;
T_19.16 ;
    %pop/vec4 1;
    %jmp T_19;
    .thread T_19, $push;
    .scope S_0x102b1d720;
T_20 ;
    %wait E_0xcb5249a00;
    %load/vec4 v0xcb525c640_0;
    %assign/vec4 v0xcb525c6e0_0, 0;
    %jmp T_20;
    .thread T_20;
    .scope S_0x102b1d720;
T_21 ;
    %wait E_0xcb5249ac0;
    %load/vec4 v0xcb525c6e0_0;
    %store/vec4 v0xcb525c640_0, 0, 1;
    %load/vec4 v0xcb52638e0_0;
    %nor/r;
    %flag_set/vec4 8;
    %jmp/0xz  T_21.0, 8;
    %pushi/vec4 0, 0, 1;
    %store/vec4 v0xcb525c640_0, 0, 1;
T_21.0 ;
    %load/vec4 v0xcb5261040_0;
    %flag_set/vec4 8;
    %jmp/1 T_21.5, 8;
    %load/vec4 v0xcb52605a0_0;
    %cmpi/ne 0, 0, 2;
    %flag_or 8, 4;
T_21.5;
    %jmp/1 T_21.4, 8;
    %load/vec4 v0xcb5264140_0;
    %nor/r;
    %flag_set/vec4 9;
    %flag_or 8, 9;
T_21.4;
    %jmp/0xz  T_21.2, 8;
    %pushi/vec4 0, 0, 1;
    %store/vec4 v0xcb525c640_0, 0, 1;
T_21.2 ;
    %jmp T_21;
    .thread T_21, $push;
    .scope S_0x102b1d720;
T_22 ;
    %wait E_0xcb5249a80;
    %pushi/vec4 0, 0, 1;
    %store/vec4 v0xcb525cd20_0, 0, 1;
    %pushi/vec4 4294967295, 4294967295, 32;
    %store/vec4 v0xcb525cc80_0, 0, 32;
    %load/vec4 v0xcb525ca00_0;
    %cmpi/e 64, 0, 8;
    %jmp/0xz  T_22.0, 4;
    %pushi/vec4 1, 0, 1;
    %dup/vec4;
    %load/vec4 v0xcb5261040_0;
    %cmp/u;
    %jmp/1 T_22.2, 6;
    %dup/vec4;
    %load/vec4 v0xcb52614a0_0;
    %flag_set/vec4 8;
    %flag_get/vec4 8;
    %jmp/0 T_22.7, 8;
    %load/vec4 v0xcb5261040_0;
    %nor/r;
    %and;
T_22.7;
    %cmp/u;
    %jmp/1 T_22.3, 6;
    %dup/vec4;
    %pushi/vec4 0, 0, 1;
    %cmp/u;
    %jmp/1 T_22.4, 6;
    %dup/vec4;
    %pushi/vec4 0, 0, 1;
    %cmp/u;
    %jmp/1 T_22.5, 6;
    %jmp T_22.6;
T_22.2 ;
    %load/vec4 v0xcb5264000_0;
    %load/vec4 v0xcb52610e0_0;
    %flag_set/vec4 8;
    %jmp/0 T_22.8, 8;
    %pushi/vec4 2, 0, 32;
    %jmp/1 T_22.9, 8;
T_22.8 ; End of true expr.
    %pushi/vec4 4, 0, 32;
    %jmp/0 T_22.9, 8;
 ; End of false expr.
    %blend;
T_22.9;
    %add;
    %store/vec4 v0xcb525cc80_0, 0, 32;
    %pushi/vec4 1, 0, 1;
    %store/vec4 v0xcb525cd20_0, 0, 1;
    %jmp T_22.6;
T_22.3 ;
    %load/vec4 v0xcb5261400_0;
    %flag_set/vec4 8;
    %jmp/0 T_22.10, 8;
    %load/vec4 v0xcb523ff20_0;
    %jmp/1 T_22.11, 8;
T_22.10 ; End of true expr.
    %load/vec4 v0xcb5263f20_0;
    %jmp/0 T_22.11, 8;
 ; End of false expr.
    %blend;
T_22.11;
    %store/vec4 v0xcb525cc80_0, 0, 32;
    %pushi/vec4 1, 0, 1;
    %store/vec4 v0xcb525cd20_0, 0, 1;
    %jmp T_22.6;
T_22.4 ;
    %load/vec4 v0xcb5263d40_0;
    %load/vec4 v0xcb52610e0_0;
    %pad/u 32;
    %or;
    %store/vec4 v0xcb525cc80_0, 0, 32;
    %pushi/vec4 1, 0, 1;
    %store/vec4 v0xcb525cd20_0, 0, 1;
    %jmp T_22.6;
T_22.5 ;
    %load/vec4 v0xcb5260500_0;
    %load/vec4 v0xcb5260460_0;
    %inv;
    %and;
    %store/vec4 v0xcb525cc80_0, 0, 32;
    %pushi/vec4 1, 0, 1;
    %store/vec4 v0xcb525cd20_0, 0, 1;
    %jmp T_22.6;
T_22.6 ;
    %pop/vec4 1;
T_22.0 ;
    %jmp T_22;
    .thread T_22, $push;
    .scope S_0x102b1d720;
T_23 ;
    %wait E_0xcb5249a00;
    %load/vec4 v0xcb5264140_0;
    %flag_set/vec4 10;
    %flag_get/vec4 10;
    %jmp/0 T_23.3, 10;
    %load/vec4 v0xcb525cd20_0;
    %and;
T_23.3;
    %flag_set/vec4 9;
    %flag_get/vec4 9;
    %jmp/0 T_23.2, 9;
    %load/vec4 v0xcb5261360_0;
    %pushi/vec4 0, 0, 5;
    %cmp/ne;
    %flag_get/vec4 4;
    %and;
T_23.2;
    %flag_set/vec4 8;
    %jmp/0xz  T_23.0, 8;
    %load/vec4 v0xcb525cc80_0;
    %load/vec4 v0xcb5261360_0;
    %pad/u 7;
    %ix/vec4 3;
    %ix/load 4, 0, 0; Constant delay
    %assign/vec4/a/d v0xcb525caa0, 0, 4;
T_23.0 ;
    %jmp T_23;
    .thread T_23;
    .scope S_0x102b1d720;
T_24 ;
    %wait E_0xcb5249a40;
    %pushi/vec4 31, 31, 5;
    %store/vec4 v0xcb525dd60_0, 0, 5;
    %load/vec4 v0xcb525de00_0;
    %cmpi/ne 0, 0, 5;
    %flag_mov 8, 4;
    %jmp/0 T_24.0, 8;
    %load/vec4 v0xcb525de00_0;
    %pad/u 7;
    %ix/vec4 4;
    %load/vec4a v0xcb525caa0, 4;
    %jmp/1 T_24.1, 8;
T_24.0 ; End of true expr.
    %pushi/vec4 0, 0, 32;
    %jmp/0 T_24.1, 8;
 ; End of false expr.
    %blend;
T_24.1;
    %store/vec4 v0xcb525cb40_0, 0, 32;
    %load/vec4 v0xcb525dea0_0;
    %cmpi/ne 0, 0, 5;
    %flag_mov 8, 4;
    %jmp/0 T_24.2, 8;
    %load/vec4 v0xcb525dea0_0;
    %pad/u 7;
    %ix/vec4 4;
    %load/vec4a v0xcb525caa0, 4;
    %jmp/1 T_24.3, 8;
T_24.2 ; End of true expr.
    %pushi/vec4 0, 0, 32;
    %jmp/0 T_24.3, 8;
 ; End of false expr.
    %blend;
T_24.3;
    %store/vec4 v0xcb525cbe0_0, 0, 32;
    %jmp T_24;
    .thread T_24, $push;
    .scope S_0x102b1d720;
T_25 ;
    %wait E_0xcb5249a00;
    %pushi/vec4 0, 0, 1;
    %assign/vec4 v0xcb52645a0_0, 0;
    %pushi/vec4 31, 31, 5;
    %assign/vec4 v0xcb52640a0_0, 0;
    %pushi/vec4 4294967295, 4294967295, 32;
    %assign/vec4 v0xcb5263f20_0, 0;
    %pushi/vec4 0, 0, 1;
    %store/vec4 v0xcb5264280_0, 0, 1;
    %pushi/vec4 0, 0, 1;
    %store/vec4 v0xcb52641e0_0, 0, 1;
    %pushi/vec4 0, 0, 1;
    %store/vec4 v0xcb5264320_0, 0, 1;
    %load/vec4 v0xcb523fde0_0;
    %assign/vec4 v0xcb523fe80_0, 0;
    %load/vec4 v0xcb523fd40_0;
    %assign/vec4 v0xcb523ff20_0, 0;
    %pushi/vec4 0, 0, 1;
    %assign/vec4 v0xcb525c140_0, 0;
    %pushi/vec4 0, 0, 1;
    %assign/vec4 v0xcb525c1e0_0, 0;
    %load/vec4 v0xcb52615e0_0;
    %flag_set/vec4 8;
    %jmp/0xz  T_25.0, 8;
    %pushi/vec4 4294967295, 4294967295, 32;
    %assign/vec4 v0xcb525d860_0, 0;
    %pushi/vec4 4294967295, 4294967295, 32;
    %assign/vec4 v0xcb525d9a0_0, 0;
    %pushi/vec4 0, 0, 1;
    %assign/vec4 v0xcb525d900_0, 0;
    %pushi/vec4 0, 0, 1;
    %assign/vec4 v0xcb525da40_0, 0;
T_25.0 ;
    %load/vec4 v0xcb5264140_0;
    %flag_set/vec4 8;
    %jmp/0 T_25.2, 8;
    %load/vec4 v0xcb525c8c0_0;
    %addi 1, 0, 64;
    %jmp/1 T_25.3, 8;
T_25.2 ; End of true expr.
    %pushi/vec4 0, 0, 64;
    %jmp/0 T_25.3, 8;
 ; End of false expr.
    %blend;
T_25.3;
    %assign/vec4 v0xcb525c8c0_0, 0;
    %pushi/vec4 4294967295, 4294967295, 32;
    %store/vec4 v0xcb5262a80_0, 0, 32;
    %load/vec4 v0xcb5261900_0;
    %flag_set/vec4 8;
    %flag_get/vec4 8;
    %jmp/0 T_25.4, 8;
    %load/vec4 v0xcb5261a40_0;
    %and;
T_25.4;
    %assign/vec4 v0xcb525e080_0, 0;
    %load/vec4 v0xcb525e080_0;
    %assign/vec4 v0xcb525e120_0, 0;
    %pushi/vec4 0, 0, 1;
    %assign/vec4 v0xcb525df40_0, 0;
    %load/vec4 v0xcb525df40_0;
    %assign/vec4 v0xcb525dfe0_0, 0;
    %pushi/vec4 0, 0, 1;
    %assign/vec4 v0xcb525e1c0_0, 0;
    %pushi/vec4 0, 0, 1;
    %assign/vec4 v0xcb5264500_0, 0;
    %pushi/vec4 4294967295, 4294967295, 32;
    %concati/vec4 15, 15, 4;
    %assign/vec4 v0xcb5264460_0, 0;
    %load/vec4 v0xcb5264140_0;
    %nor/r;
    %flag_set/vec4 8;
    %jmp/0xz  T_25.5, 8;
    %pushi/vec4 0, 0, 32;
    %assign/vec4 v0xcb5264000_0, 0;
    %pushi/vec4 0, 0, 32;
    %assign/vec4 v0xcb5263d40_0, 0;
    %pushi/vec4 0, 0, 64;
    %assign/vec4 v0xcb525c960_0, 0;
    %pushi/vec4 0, 0, 1;
    %assign/vec4 v0xcb52614a0_0, 0;
    %pushi/vec4 0, 0, 1;
    %assign/vec4 v0xcb5261400_0, 0;
    %pushi/vec4 0, 0, 1;
    %assign/vec4 v0xcb5261040_0, 0;
    %pushi/vec4 0, 0, 1;
    %assign/vec4 v0xcb5261540_0, 0;
    %pushi/vec4 0, 0, 1;
    %assign/vec4 v0xcb52612c0_0, 0;
    %pushi/vec4 0, 0, 1;
    %assign/vec4 v0xcb5261220_0, 0;
    %pushi/vec4 0, 0, 1;
    %assign/vec4 v0xcb5261180_0, 0;
    %pushi/vec4 0, 0, 1;
    %assign/vec4 v0xcb5263700_0, 0;
    %pushi/vec4 0, 0, 1;
    %assign/vec4 v0xcb5263660_0, 0;
    %pushi/vec4 0, 0, 1;
    %assign/vec4 v0xcb5260320_0, 0;
    %pushi/vec4 0, 0, 1;
    %assign/vec4 v0xcb52603c0_0, 0;
    %pushi/vec4 4294967295, 0, 32;
    %assign/vec4 v0xcb5260460_0, 0;
    %pushi/vec4 0, 0, 32;
    %store/vec4 v0xcb5262a80_0, 0, 32;
    %pushi/vec4 0, 0, 2;
    %assign/vec4 v0xcb52605a0_0, 0;
    %pushi/vec4 0, 0, 32;
    %assign/vec4 v0xcb525e260_0, 0;
    %pushi/vec4 0, 0, 32;
    %assign/vec4 v0xcb52643c0_0, 0;
    %pushi/vec4 64, 0, 8;
    %assign/vec4 v0xcb525ca00_0, 0;
    %jmp T_25.6;
T_25.5 ;
    %load/vec4 v0xcb525ca00_0;
    %dup/vec4;
    %pushi/vec4 128, 0, 8;
    %cmp/u;
    %jmp/1 T_25.7, 6;
    %dup/vec4;
    %pushi/vec4 64, 0, 8;
    %cmp/u;
    %jmp/1 T_25.8, 6;
    %dup/vec4;
    %pushi/vec4 32, 0, 8;
    %cmp/u;
    %jmp/1 T_25.9, 6;
    %dup/vec4;
    %pushi/vec4 16, 0, 8;
    %cmp/u;
    %jmp/1 T_25.10, 6;
    %dup/vec4;
    %pushi/vec4 8, 0, 8;
    %cmp/u;
    %jmp/1 T_25.11, 6;
    %dup/vec4;
    %pushi/vec4 4, 0, 8;
    %cmp/u;
    %jmp/1 T_25.12, 6;
    %dup/vec4;
    %pushi/vec4 2, 0, 8;
    %cmp/u;
    %jmp/1 T_25.13, 6;
    %dup/vec4;
    %pushi/vec4 1, 0, 8;
    %cmp/u;
    %jmp/1 T_25.14, 6;
    %jmp T_25.15;
T_25.7 ;
    %pushi/vec4 1, 0, 1;
    %assign/vec4 v0xcb52645a0_0, 0;
    %jmp T_25.15;
T_25.8 ;
    %load/vec4 v0xcb525e080_0;
    %nor/r;
    %flag_set/vec4 8;
    %flag_get/vec4 8;
    %jmp/0 T_25.16, 8;
    %load/vec4 v0xcb525e1c0_0;
    %nor/r;
    %and;
T_25.16;
    %assign/vec4 v0xcb5261900_0, 0;
    %pushi/vec4 0, 0, 2;
    %assign/vec4 v0xcb5262760_0, 0;
    %load/vec4 v0xcb5263d40_0;
    %store/vec4 v0xcb525cdc0_0, 0, 32;
    %pushi/vec4 1, 0, 1;
    %dup/vec4;
    %load/vec4 v0xcb5261040_0;
    %cmp/u;
    %jmp/1 T_25.17, 6;
    %dup/vec4;
    %load/vec4 v0xcb52614a0_0;
    %flag_set/vec4 8;
    %flag_get/vec4 8;
    %jmp/0 T_25.22, 8;
    %load/vec4 v0xcb5261040_0;
    %nor/r;
    %and;
T_25.22;
    %cmp/u;
    %jmp/1 T_25.18, 6;
    %dup/vec4;
    %pushi/vec4 0, 0, 1;
    %cmp/u;
    %jmp/1 T_25.19, 6;
    %dup/vec4;
    %pushi/vec4 0, 0, 1;
    %cmp/u;
    %jmp/1 T_25.20, 6;
    %jmp T_25.21;
T_25.17 ;
    %load/vec4 v0xcb52614a0_0;
    %flag_set/vec4 8;
    %jmp/0 T_25.23, 8;
    %load/vec4 v0xcb5261400_0;
    %flag_set/vec4 9;
    %jmp/0 T_25.25, 9;
    %load/vec4 v0xcb523ff20_0;
    %jmp/1 T_25.26, 9;
T_25.25 ; End of true expr.
    %load/vec4 v0xcb5263f20_0;
    %jmp/0 T_25.26, 9;
 ; End of false expr.
    %blend;
T_25.26;
    %pushi/vec4 4294967294, 0, 32;
    %and;
    %jmp/1 T_25.24, 8;
T_25.23 ; End of true expr.
    %load/vec4 v0xcb5263d40_0;
    %jmp/0 T_25.24, 8;
 ; End of false expr.
    %blend;
T_25.24;
    %store/vec4 v0xcb525cdc0_0, 0, 32;
    %jmp T_25.21;
T_25.18 ;
    %jmp T_25.21;
T_25.19 ;
    %pushi/vec4 16, 0, 32;
    %store/vec4 v0xcb525cdc0_0, 0, 32;
    %pushi/vec4 1, 0, 1;
    %assign/vec4 v0xcb5260320_0, 0;
    %pushi/vec4 1, 0, 1;
    %assign/vec4 v0xcb5261900_0, 0;
    %jmp T_25.21;
T_25.20 ;
    %load/vec4 v0xcb5260500_0;
    %load/vec4 v0xcb5260460_0;
    %inv;
    %and;
    %assign/vec4 v0xcb525e260_0, 0;
    %load/vec4 v0xcb5262a80_0;
    %load/vec4 v0xcb5260460_0;
    %and;
    %store/vec4 v0xcb5262a80_0, 0, 32;
    %jmp T_25.21;
T_25.21 ;
    %pop/vec4 1;
    %load/vec4 v0xcb525cdc0_0;
    %assign/vec4 v0xcb5264000_0, 0;
    %load/vec4 v0xcb525cdc0_0;
    %assign/vec4 v0xcb5263d40_0, 0;
    %pushi/vec4 0, 0, 1;
    %assign/vec4 v0xcb52614a0_0, 0;
    %pushi/vec4 0, 0, 1;
    %assign/vec4 v0xcb5261400_0, 0;
    %pushi/vec4 0, 0, 1;
    %assign/vec4 v0xcb5261040_0, 0;
    %pushi/vec4 0, 0, 1;
    %assign/vec4 v0xcb52612c0_0, 0;
    %pushi/vec4 0, 0, 1;
    %assign/vec4 v0xcb5261220_0, 0;
    %pushi/vec4 0, 0, 1;
    %assign/vec4 v0xcb5261180_0, 0;
    %load/vec4 v0xcb525dcc0_0;
    %assign/vec4 v0xcb5261360_0, 0;
    %load/vec4 v0xcb525c820_0;
    %assign/vec4 v0xcb52610e0_0, 0;
    %load/vec4 v0xcb525e080_0;
    %flag_set/vec4 8;
    %jmp/0xz  T_25.27, 8;
    %load/vec4 v0xcb5260320_0;
    %assign/vec4 v0xcb52603c0_0, 0;
    %load/vec4 v0xcb525cdc0_0;
    %load/vec4 v0xcb525c820_0;
    %flag_set/vec4 8;
    %jmp/0 T_25.29, 8;
    %pushi/vec4 2, 0, 32;
    %jmp/1 T_25.30, 8;
T_25.29 ; End of true expr.
    %pushi/vec4 4, 0, 32;
    %jmp/0 T_25.30, 8;
 ; End of false expr.
    %blend;
T_25.30;
    %add;
    %assign/vec4 v0xcb5263d40_0, 0;
    %load/vec4 v0xcb525c960_0;
    %addi 1, 0, 64;
    %assign/vec4 v0xcb525c960_0, 0;
    %load/vec4 v0xcb525ebc0_0;
    %flag_set/vec4 8;
    %jmp/0xz  T_25.31, 8;
    %pushi/vec4 1, 0, 1;
    %assign/vec4 v0xcb5261900_0, 0;
    %load/vec4 v0xcb525cdc0_0;
    %load/vec4 v0xcb525dc20_0;
    %add;
    %assign/vec4 v0xcb5263d40_0, 0;
    %pushi/vec4 1, 0, 1;
    %assign/vec4 v0xcb5261040_0, 0;
    %jmp T_25.32;
T_25.31 ;
    %pushi/vec4 0, 0, 1;
    %assign/vec4 v0xcb5261900_0, 0;
    %load/vec4 v0xcb525ec60_0;
    %nor/r;
    %flag_set/vec4 8;
    %flag_get/vec4 8;
    %jmp/0 T_25.33, 8;
    %load/vec4 v0xcb525f520_0;
    %nor/r;
    %and;
T_25.33;
    %assign/vec4 v0xcb52617c0_0, 0;
    %pushi/vec4 32, 0, 8;
    %assign/vec4 v0xcb525ca00_0, 0;
T_25.32 ;
T_25.27 ;
    %jmp T_25.15;
T_25.9 ;
    %pushi/vec4 4294967295, 4294967295, 32;
    %assign/vec4 v0xcb5263de0_0, 0;
    %pushi/vec4 4294967295, 4294967295, 32;
    %assign/vec4 v0xcb5263e80_0, 0;
    %pushi/vec4 1, 0, 1;
    %dup/vec4;
    %pushi/vec4 1, 0, 1;
    %flag_set/vec4 8;
    %flag_get/vec4 8;
    %jmp/0 T_25.48, 8;
    %load/vec4 v0xcb5260000_0;
    %and;
T_25.48;
    %cmp/u;
    %jmp/1 T_25.34, 6;
    %dup/vec4;
    %pushi/vec4 1, 0, 1;
    %flag_set/vec4 8;
    %flag_get/vec4 8;
    %jmp/0 T_25.49, 8;
    %load/vec4 v0xcb5260be0_0;
    %and;
T_25.49;
    %cmp/u;
    %jmp/1 T_25.35, 6;
    %dup/vec4;
    %load/vec4 v0xcb5260aa0_0;
    %cmp/u;
    %jmp/1 T_25.36, 6;
    %dup/vec4;
    %pushi/vec4 0, 0, 1;
    %cmp/u;
    %jmp/1 T_25.37, 6;
    %dup/vec4;
    %pushi/vec4 0, 0, 1;
    %cmp/u;
    %jmp/1 T_25.38, 6;
    %dup/vec4;
    %pushi/vec4 0, 0, 1;
    %cmp/u;
    %jmp/1 T_25.39, 6;
    %dup/vec4;
    %pushi/vec4 0, 0, 1;
    %cmp/u;
    %jmp/1 T_25.40, 6;
    %dup/vec4;
    %pushi/vec4 0, 0, 1;
    %cmp/u;
    %jmp/1 T_25.41, 6;
    %dup/vec4;
    %load/vec4 v0xcb5260960_0;
    %flag_set/vec4 8;
    %flag_get/vec4 8;
    %jmp/0 T_25.50, 8;
    %load/vec4 v0xcb5260000_0;
    %nor/r;
    %and;
T_25.50;
    %cmp/u;
    %jmp/1 T_25.42, 6;
    %dup/vec4;
    %load/vec4 v0xcb5260dc0_0;
    %flag_set/vec4 8;
    %flag_get/vec4 8;
    %jmp/0 T_25.51, 8;
    %pushi/vec4 1, 0, 1;
    %and;
T_25.51;
    %cmp/u;
    %jmp/1 T_25.43, 6;
    %dup/vec4;
    %load/vec4 v0xcb52608c0_0;
    %cmp/u;
    %jmp/1 T_25.44, 6;
    %dup/vec4;
    %load/vec4 v0xcb5260dc0_0;
    %flag_set/vec4 8;
    %flag_get/vec4 8;
    %jmp/0 T_25.52, 8;
    %pushi/vec4 0, 0, 1;
    %and;
T_25.52;
    %cmp/u;
    %jmp/1 T_25.45, 6;
    %load/vec4 v0xcb525cb40_0;
    %assign/vec4 v0xcb5263de0_0, 0;
    %load/vec4 v0xcb525cb40_0;
    %assign/vec4 v0xcb525d860_0, 0;
    %pushi/vec4 1, 0, 1;
    %assign/vec4 v0xcb525d900_0, 0;
    %load/vec4 v0xcb525cbe0_0;
    %pad/u 5;
    %assign/vec4 v0xcb52640a0_0, 0;
    %load/vec4 v0xcb525cbe0_0;
    %assign/vec4 v0xcb5263e80_0, 0;
    %load/vec4 v0xcb525cbe0_0;
    %assign/vec4 v0xcb525d9a0_0, 0;
    %pushi/vec4 1, 0, 1;
    %assign/vec4 v0xcb525da40_0, 0;
    %pushi/vec4 1, 0, 1;
    %dup/vec4;
    %load/vec4 v0xcb5260c80_0;
    %cmp/u;
    %jmp/1 T_25.53, 6;
    %dup/vec4;
    %load/vec4 v0xcb5260d20_0;
    %flag_set/vec4 8;
    %flag_get/vec4 8;
    %jmp/0 T_25.57, 8;
    %pushi/vec4 1, 0, 1;
    %and;
T_25.57;
    %cmp/u;
    %jmp/1 T_25.54, 6;
    %load/vec4 v0xcb52617c0_0;
    %assign/vec4 v0xcb5261900_0, 0;
    %pushi/vec4 8, 0, 8;
    %assign/vec4 v0xcb525ca00_0, 0;
    %jmp T_25.56;
T_25.53 ;
    %pushi/vec4 2, 0, 8;
    %assign/vec4 v0xcb525ca00_0, 0;
    %pushi/vec4 1, 0, 1;
    %assign/vec4 v0xcb5261900_0, 0;
    %jmp T_25.56;
T_25.54 ;
    %pushi/vec4 4, 0, 8;
    %assign/vec4 v0xcb525ca00_0, 0;
    %jmp T_25.56;
T_25.56 ;
    %pop/vec4 1;
    %jmp T_25.47;
T_25.34 ;
    %pushi/vec4 128, 0, 8;
    %assign/vec4 v0xcb525ca00_0, 0;
    %jmp T_25.47;
T_25.35 ;
    %pushi/vec4 1, 0, 1;
    %dup/vec4;
    %load/vec4 v0xcb525f2a0_0;
    %cmp/u;
    %jmp/1 T_25.58, 6;
    %dup/vec4;
    %load/vec4 v0xcb525f340_0;
    %flag_set/vec4 8;
    %flag_get/vec4 8;
    %jmp/0 T_25.63, 8;
    %pushi/vec4 1, 0, 1;
    %and;
T_25.63;
    %cmp/u;
    %jmp/1 T_25.59, 6;
    %dup/vec4;
    %load/vec4 v0xcb525f3e0_0;
    %cmp/u;
    %jmp/1 T_25.60, 6;
    %dup/vec4;
    %load/vec4 v0xcb525f480_0;
    %flag_set/vec4 8;
    %flag_get/vec4 8;
    %jmp/0 T_25.64, 8;
    %pushi/vec4 1, 0, 1;
    %and;
T_25.64;
    %cmp/u;
    %jmp/1 T_25.61, 6;
    %jmp T_25.62;
T_25.58 ;
    %load/vec4 v0xcb525c8c0_0;
    %parti/s 32, 0, 2;
    %assign/vec4 v0xcb5263f20_0, 0;
    %jmp T_25.62;
T_25.59 ;
    %load/vec4 v0xcb525c8c0_0;
    %parti/s 32, 32, 7;
    %assign/vec4 v0xcb5263f20_0, 0;
    %jmp T_25.62;
T_25.60 ;
    %load/vec4 v0xcb525c960_0;
    %parti/s 32, 0, 2;
    %assign/vec4 v0xcb5263f20_0, 0;
    %jmp T_25.62;
T_25.61 ;
    %load/vec4 v0xcb525c960_0;
    %parti/s 32, 32, 7;
    %assign/vec4 v0xcb5263f20_0, 0;
    %jmp T_25.62;
T_25.62 ;
    %pop/vec4 1;
    %pushi/vec4 1, 0, 1;
    %assign/vec4 v0xcb52614a0_0, 0;
    %pushi/vec4 64, 0, 8;
    %assign/vec4 v0xcb525ca00_0, 0;
    %jmp T_25.47;
T_25.36 ;
    %load/vec4 v0xcb525ef80_0;
    %flag_set/vec4 8;
    %jmp/0 T_25.65, 8;
    %pushi/vec4 0, 0, 32;
    %jmp/1 T_25.66, 8;
T_25.65 ; End of true expr.
    %load/vec4 v0xcb5264000_0;
    %jmp/0 T_25.66, 8;
 ; End of false expr.
    %blend;
T_25.66;
    %assign/vec4 v0xcb5263de0_0, 0;
    %load/vec4 v0xcb525db80_0;
    %assign/vec4 v0xcb5263e80_0, 0;
    %load/vec4 v0xcb52617c0_0;
    %assign/vec4 v0xcb5261900_0, 0;
    %pushi/vec4 8, 0, 8;
    %assign/vec4 v0xcb525ca00_0, 0;
    %jmp T_25.47;
T_25.37 ;
    %load/vec4 v0xcb525cb40_0;
    %assign/vec4 v0xcb5263f20_0, 0;
    %load/vec4 v0xcb525cb40_0;
    %assign/vec4 v0xcb525d860_0, 0;
    %pushi/vec4 1, 0, 1;
    %assign/vec4 v0xcb525d900_0, 0;
    %pushi/vec4 1, 0, 1;
    %assign/vec4 v0xcb52614a0_0, 0;
    %pushi/vec4 64, 0, 8;
    %assign/vec4 v0xcb525ca00_0, 0;
    %jmp T_25.47;
T_25.38 ;
    %load/vec4 v0xcb525cb40_0;
    %assign/vec4 v0xcb5263f20_0, 0;
    %load/vec4 v0xcb525cb40_0;
    %assign/vec4 v0xcb525d860_0, 0;
    %pushi/vec4 1, 0, 1;
    %assign/vec4 v0xcb525d900_0, 0;
    %load/vec4 v0xcb5261360_0;
    %pad/u 32;
    %pushi/vec4 32, 0, 32;
    %or;
    %pad/u 5;
    %assign/vec4 v0xcb5261360_0, 0;
    %pushi/vec4 1, 0, 1;
    %assign/vec4 v0xcb52614a0_0, 0;
    %pushi/vec4 64, 0, 8;
    %assign/vec4 v0xcb525ca00_0, 0;
    %jmp T_25.47;
T_25.39 ;
    %pushi/vec4 0, 0, 32;
    %assign/vec4 v0xcb525e260_0, 0;
    %pushi/vec4 0, 0, 1;
    %assign/vec4 v0xcb5260320_0, 0;
    %pushi/vec4 1, 0, 1;
    %assign/vec4 v0xcb5261040_0, 0;
    %pushi/vec4 1, 0, 1;
    %assign/vec4 v0xcb52614a0_0, 0;
    %load/vec4 v0xcb525cb40_0;
    %pushi/vec4 4294967294, 0, 32;
    %and;
    %assign/vec4 v0xcb5263f20_0, 0;
    %load/vec4 v0xcb525cb40_0;
    %assign/vec4 v0xcb525d860_0, 0;
    %pushi/vec4 1, 0, 1;
    %assign/vec4 v0xcb525d900_0, 0;
    %pushi/vec4 64, 0, 8;
    %assign/vec4 v0xcb525ca00_0, 0;
    %jmp T_25.47;
T_25.40 ;
    %pushi/vec4 1, 0, 1;
    %assign/vec4 v0xcb52614a0_0, 0;
    %load/vec4 v0xcb5260460_0;
    %assign/vec4 v0xcb5263f20_0, 0;
    %load/vec4 v0xcb525cb40_0;
    %pushi/vec4 0, 0, 32;
    %or;
    %assign/vec4 v0xcb5260460_0, 0;
    %load/vec4 v0xcb525cb40_0;
    %assign/vec4 v0xcb525d860_0, 0;
    %pushi/vec4 1, 0, 1;
    %assign/vec4 v0xcb525d900_0, 0;
    %pushi/vec4 64, 0, 8;
    %assign/vec4 v0xcb525ca00_0, 0;
    %jmp T_25.47;
T_25.41 ;
    %pushi/vec4 1, 0, 1;
    %assign/vec4 v0xcb52614a0_0, 0;
    %load/vec4 v0xcb52643c0_0;
    %assign/vec4 v0xcb5263f20_0, 0;
    %load/vec4 v0xcb525cb40_0;
    %assign/vec4 v0xcb52643c0_0, 0;
    %load/vec4 v0xcb525cb40_0;
    %assign/vec4 v0xcb525d860_0, 0;
    %pushi/vec4 1, 0, 1;
    %assign/vec4 v0xcb525d900_0, 0;
    %pushi/vec4 64, 0, 8;
    %assign/vec4 v0xcb525ca00_0, 0;
    %jmp T_25.47;
T_25.42 ;
    %load/vec4 v0xcb525cb40_0;
    %assign/vec4 v0xcb5263de0_0, 0;
    %load/vec4 v0xcb525cb40_0;
    %assign/vec4 v0xcb525d860_0, 0;
    %pushi/vec4 1, 0, 1;
    %assign/vec4 v0xcb525d900_0, 0;
    %pushi/vec4 1, 0, 8;
    %assign/vec4 v0xcb525ca00_0, 0;
    %pushi/vec4 1, 0, 1;
    %assign/vec4 v0xcb5261900_0, 0;
    %jmp T_25.47;
T_25.43 ;
    %load/vec4 v0xcb525cb40_0;
    %assign/vec4 v0xcb5263de0_0, 0;
    %load/vec4 v0xcb525cb40_0;
    %assign/vec4 v0xcb525d860_0, 0;
    %pushi/vec4 1, 0, 1;
    %assign/vec4 v0xcb525d900_0, 0;
    %load/vec4 v0xcb525dea0_0;
    %assign/vec4 v0xcb52640a0_0, 0;
    %pushi/vec4 4, 0, 8;
    %assign/vec4 v0xcb525ca00_0, 0;
    %jmp T_25.47;
T_25.44 ;
    %load/vec4 v0xcb525cb40_0;
    %assign/vec4 v0xcb5263de0_0, 0;
    %load/vec4 v0xcb525cb40_0;
    %assign/vec4 v0xcb525d860_0, 0;
    %pushi/vec4 1, 0, 1;
    %assign/vec4 v0xcb525d900_0, 0;
    %load/vec4 v0xcb5260dc0_0;
    %flag_set/vec4 9;
    %flag_get/vec4 9;
    %jmp/0 T_25.69, 9;
    %pushi/vec4 0, 0, 1;
    %and;
T_25.69;
    %flag_set/vec4 8;
    %jmp/0 T_25.67, 8;
    %load/vec4 v0xcb525dea0_0;
    %pad/u 32;
    %jmp/1 T_25.68, 8;
T_25.67 ; End of true expr.
    %load/vec4 v0xcb525db80_0;
    %jmp/0 T_25.68, 8;
 ; End of false expr.
    %blend;
T_25.68;
    %assign/vec4 v0xcb5263e80_0, 0;
    %load/vec4 v0xcb52617c0_0;
    %assign/vec4 v0xcb5261900_0, 0;
    %pushi/vec4 8, 0, 8;
    %assign/vec4 v0xcb525ca00_0, 0;
    %jmp T_25.47;
T_25.45 ;
    %load/vec4 v0xcb525cb40_0;
    %assign/vec4 v0xcb5263de0_0, 0;
    %load/vec4 v0xcb525cb40_0;
    %assign/vec4 v0xcb525d860_0, 0;
    %pushi/vec4 1, 0, 1;
    %assign/vec4 v0xcb525d900_0, 0;
    %load/vec4 v0xcb5260dc0_0;
    %flag_set/vec4 9;
    %flag_get/vec4 9;
    %jmp/0 T_25.72, 9;
    %pushi/vec4 0, 0, 1;
    %and;
T_25.72;
    %flag_set/vec4 8;
    %jmp/0 T_25.70, 8;
    %load/vec4 v0xcb525dea0_0;
    %pad/u 32;
    %jmp/1 T_25.71, 8;
T_25.70 ; End of true expr.
    %load/vec4 v0xcb525db80_0;
    %jmp/0 T_25.71, 8;
 ; End of false expr.
    %blend;
T_25.71;
    %assign/vec4 v0xcb5263e80_0, 0;
    %load/vec4 v0xcb52617c0_0;
    %assign/vec4 v0xcb5261900_0, 0;
    %pushi/vec4 8, 0, 8;
    %assign/vec4 v0xcb525ca00_0, 0;
    %jmp T_25.47;
T_25.47 ;
    %pop/vec4 1;
    %jmp T_25.15;
T_25.10 ;
    %load/vec4 v0xcb525cbe0_0;
    %pad/u 5;
    %assign/vec4 v0xcb52640a0_0, 0;
    %load/vec4 v0xcb525cbe0_0;
    %assign/vec4 v0xcb5263e80_0, 0;
    %load/vec4 v0xcb525cbe0_0;
    %assign/vec4 v0xcb525d9a0_0, 0;
    %pushi/vec4 1, 0, 1;
    %assign/vec4 v0xcb525da40_0, 0;
    %pushi/vec4 1, 0, 1;
    %dup/vec4;
    %pushi/vec4 0, 0, 1;
    %cmp/u;
    %jmp/1 T_25.73, 6;
    %dup/vec4;
    %load/vec4 v0xcb5260c80_0;
    %cmp/u;
    %jmp/1 T_25.74, 6;
    %dup/vec4;
    %load/vec4 v0xcb5260d20_0;
    %flag_set/vec4 8;
    %flag_get/vec4 8;
    %jmp/0 T_25.78, 8;
    %pushi/vec4 1, 0, 1;
    %and;
T_25.78;
    %cmp/u;
    %jmp/1 T_25.75, 6;
    %load/vec4 v0xcb52617c0_0;
    %assign/vec4 v0xcb5261900_0, 0;
    %pushi/vec4 8, 0, 8;
    %assign/vec4 v0xcb525ca00_0, 0;
    %jmp T_25.77;
T_25.73 ;
    %pushi/vec4 1, 0, 1;
    %assign/vec4 v0xcb5263700_0, 0;
    %load/vec4 v0xcb5262f80_0;
    %flag_set/vec4 8;
    %jmp/0xz  T_25.79, 8;
    %pushi/vec4 1, 0, 1;
    %assign/vec4 v0xcb5261900_0, 0;
    %pushi/vec4 0, 0, 1;
    %assign/vec4 v0xcb5263700_0, 0;
    %load/vec4 v0xcb5262ee0_0;
    %assign/vec4 v0xcb5263f20_0, 0;
    %load/vec4 v0xcb52630c0_0;
    %assign/vec4 v0xcb52614a0_0, 0;
    %pushi/vec4 64, 0, 8;
    %assign/vec4 v0xcb525ca00_0, 0;
    %jmp T_25.80;
T_25.79 ;
    %pushi/vec4 1, 0, 1;
    %flag_set/vec4 9;
    %flag_get/vec4 9;
    %jmp/0 T_25.83, 9;
    %load/vec4 v0xcb5263660_0;
    %flag_set/vec4 9;
    %flag_get/vec4 9;
    %jmp/1 T_25.84, 9;
    %load/vec4 v0xcb525e9e0_0;
    %or;
T_25.84;
    %and;
T_25.83;
    %flag_set/vec4 8;
    %jmp/0xz  T_25.81, 8;
    %pushi/vec4 0, 0, 1;
    %assign/vec4 v0xcb5263700_0, 0;
    %pushi/vec4 128, 0, 8;
    %assign/vec4 v0xcb525ca00_0, 0;
T_25.81 ;
T_25.80 ;
    %jmp T_25.77;
T_25.74 ;
    %pushi/vec4 2, 0, 8;
    %assign/vec4 v0xcb525ca00_0, 0;
    %pushi/vec4 1, 0, 1;
    %assign/vec4 v0xcb5261900_0, 0;
    %jmp T_25.77;
T_25.75 ;
    %pushi/vec4 4, 0, 8;
    %assign/vec4 v0xcb525ca00_0, 0;
    %jmp T_25.77;
T_25.77 ;
    %pop/vec4 1;
    %jmp T_25.15;
T_25.11 ;
    %load/vec4 v0xcb5264000_0;
    %load/vec4 v0xcb525db80_0;
    %add;
    %assign/vec4 v0xcb5263f20_0, 0;
    %load/vec4 v0xcb5260780_0;
    %flag_set/vec4 8;
    %jmp/0xz  T_25.85, 8;
    %pushi/vec4 0, 0, 5;
    %assign/vec4 v0xcb5261360_0, 0;
    %load/vec4 v0xcb523fde0_0;
    %assign/vec4 v0xcb52614a0_0, 0;
    %load/vec4 v0xcb523fde0_0;
    %assign/vec4 v0xcb5261040_0, 0;
    %load/vec4 v0xcb5261a40_0;
    %flag_set/vec4 8;
    %jmp/0xz  T_25.87, 8;
    %pushi/vec4 64, 0, 8;
    %assign/vec4 v0xcb525ca00_0, 0;
T_25.87 ;
    %load/vec4 v0xcb523fde0_0;
    %flag_set/vec4 8;
    %jmp/0xz  T_25.89, 8;
    %pushi/vec4 0, 0, 1;
    %assign/vec4 v0xcb525e080_0, 0;
    %pushi/vec4 1, 0, 1;
    %store/vec4 v0xcb5264280_0, 0, 1;
T_25.89 ;
    %jmp T_25.86;
T_25.85 ;
    %load/vec4 v0xcb525ec60_0;
    %assign/vec4 v0xcb5261040_0, 0;
    %pushi/vec4 1, 0, 1;
    %assign/vec4 v0xcb52614a0_0, 0;
    %pushi/vec4 1, 0, 1;
    %assign/vec4 v0xcb5261400_0, 0;
    %pushi/vec4 64, 0, 8;
    %assign/vec4 v0xcb525ca00_0, 0;
T_25.86 ;
    %jmp T_25.15;
T_25.12 ;
    %pushi/vec4 1, 0, 1;
    %assign/vec4 v0xcb52614a0_0, 0;
    %load/vec4 v0xcb52640a0_0;
    %pad/u 32;
    %cmpi/e 0, 0, 32;
    %jmp/0xz  T_25.91, 4;
    %load/vec4 v0xcb5263de0_0;
    %assign/vec4 v0xcb5263f20_0, 0;
    %load/vec4 v0xcb52617c0_0;
    %assign/vec4 v0xcb5261900_0, 0;
    %pushi/vec4 64, 0, 8;
    %assign/vec4 v0xcb525ca00_0, 0;
    %jmp T_25.92;
T_25.91 ;
    %pushi/vec4 1, 0, 1;
    %flag_set/vec4 9;
    %flag_get/vec4 9;
    %jmp/0 T_25.95, 9;
    %pushi/vec4 4, 0, 32;
    %load/vec4 v0xcb52640a0_0;
    %pad/u 32;
    %cmp/u;
    %flag_get/vec4 4;
    %flag_get/vec4 5;
    %or;
    %and;
T_25.95;
    %flag_set/vec4 8;
    %jmp/0xz  T_25.93, 8;
    %pushi/vec4 1, 0, 1;
    %dup/vec4;
    %load/vec4 v0xcb525f840_0;
    %flag_set/vec4 8;
    %flag_get/vec4 8;
    %jmp/1 T_25.100, 8;
    %load/vec4 v0xcb525f7a0_0;
    %or;
T_25.100;
    %cmp/u;
    %jmp/1 T_25.96, 6;
    %dup/vec4;
    %load/vec4 v0xcb525fd40_0;
    %flag_set/vec4 8;
    %flag_get/vec4 8;
    %jmp/1 T_25.101, 8;
    %load/vec4 v0xcb525fca0_0;
    %or;
T_25.101;
    %cmp/u;
    %jmp/1 T_25.97, 6;
    %dup/vec4;
    %load/vec4 v0xcb525fc00_0;
    %flag_set/vec4 8;
    %flag_get/vec4 8;
    %jmp/1 T_25.102, 8;
    %load/vec4 v0xcb525fb60_0;
    %or;
T_25.102;
    %cmp/u;
    %jmp/1 T_25.98, 6;
    %jmp T_25.99;
T_25.96 ;
    %load/vec4 v0xcb5263de0_0;
    %ix/load 4, 4, 0;
    %flag_set/imm 4, 0;
    %shiftl 4;
    %assign/vec4 v0xcb5263de0_0, 0;
    %jmp T_25.99;
T_25.97 ;
    %load/vec4 v0xcb5263de0_0;
    %ix/load 4, 4, 0;
    %flag_set/imm 4, 0;
    %shiftr 4;
    %assign/vec4 v0xcb5263de0_0, 0;
    %jmp T_25.99;
T_25.98 ;
    %load/vec4 v0xcb5263de0_0;
    %ix/load 4, 4, 0;
    %flag_set/imm 4, 0;
    %shiftr/s 4;
    %assign/vec4 v0xcb5263de0_0, 0;
    %jmp T_25.99;
T_25.99 ;
    %pop/vec4 1;
    %load/vec4 v0xcb52640a0_0;
    %subi 4, 0, 5;
    %assign/vec4 v0xcb52640a0_0, 0;
    %jmp T_25.94;
T_25.93 ;
    %pushi/vec4 1, 0, 1;
    %dup/vec4;
    %load/vec4 v0xcb525f840_0;
    %flag_set/vec4 8;
    %flag_get/vec4 8;
    %jmp/1 T_25.107, 8;
    %load/vec4 v0xcb525f7a0_0;
    %or;
T_25.107;
    %cmp/u;
    %jmp/1 T_25.103, 6;
    %dup/vec4;
    %load/vec4 v0xcb525fd40_0;
    %flag_set/vec4 8;
    %flag_get/vec4 8;
    %jmp/1 T_25.108, 8;
    %load/vec4 v0xcb525fca0_0;
    %or;
T_25.108;
    %cmp/u;
    %jmp/1 T_25.104, 6;
    %dup/vec4;
    %load/vec4 v0xcb525fc00_0;
    %flag_set/vec4 8;
    %flag_get/vec4 8;
    %jmp/1 T_25.109, 8;
    %load/vec4 v0xcb525fb60_0;
    %or;
T_25.109;
    %cmp/u;
    %jmp/1 T_25.105, 6;
    %jmp T_25.106;
T_25.103 ;
    %load/vec4 v0xcb5263de0_0;
    %ix/load 4, 1, 0;
    %flag_set/imm 4, 0;
    %shiftl 4;
    %assign/vec4 v0xcb5263de0_0, 0;
    %jmp T_25.106;
T_25.104 ;
    %load/vec4 v0xcb5263de0_0;
    %ix/load 4, 1, 0;
    %flag_set/imm 4, 0;
    %shiftr 4;
    %assign/vec4 v0xcb5263de0_0, 0;
    %jmp T_25.106;
T_25.105 ;
    %load/vec4 v0xcb5263de0_0;
    %ix/load 4, 1, 0;
    %flag_set/imm 4, 0;
    %shiftr/s 4;
    %assign/vec4 v0xcb5263de0_0, 0;
    %jmp T_25.106;
T_25.106 ;
    %pop/vec4 1;
    %load/vec4 v0xcb52640a0_0;
    %subi 1, 0, 5;
    %assign/vec4 v0xcb52640a0_0, 0;
T_25.94 ;
T_25.92 ;
    %jmp T_25.15;
T_25.13 ;
    %load/vec4 v0xcb52617c0_0;
    %nor/r;
    %flag_set/vec4 8;
    %jmp/1 T_25.112, 8;
    %load/vec4 v0xcb5261a40_0;
    %flag_set/vec4 9;
    %flag_or 8, 9;
T_25.112;
    %jmp/0xz  T_25.110, 8;
    %load/vec4 v0xcb52619a0_0;
    %nor/r;
    %flag_set/vec4 8;
    %jmp/0xz  T_25.113, 8;
    %pushi/vec4 1, 0, 1;
    %dup/vec4;
    %load/vec4 v0xcb525f5c0_0;
    %cmp/u;
    %jmp/1 T_25.115, 6;
    %dup/vec4;
    %load/vec4 v0xcb525f700_0;
    %cmp/u;
    %jmp/1 T_25.116, 6;
    %dup/vec4;
    %load/vec4 v0xcb525fe80_0;
    %cmp/u;
    %jmp/1 T_25.117, 6;
    %jmp T_25.118;
T_25.115 ;
    %pushi/vec4 2, 0, 2;
    %assign/vec4 v0xcb5262760_0, 0;
    %jmp T_25.118;
T_25.116 ;
    %pushi/vec4 1, 0, 2;
    %assign/vec4 v0xcb5262760_0, 0;
    %jmp T_25.118;
T_25.117 ;
    %pushi/vec4 0, 0, 2;
    %assign/vec4 v0xcb5262760_0, 0;
    %jmp T_25.118;
T_25.118 ;
    %pop/vec4 1;
    %load/vec4 v0xcb5263de0_0;
    %load/vec4 v0xcb525db80_0;
    %add;
    %assign/vec4 v0xcb5263de0_0, 0;
    %pushi/vec4 1, 0, 1;
    %store/vec4 v0xcb5264320_0, 0, 1;
T_25.113 ;
    %load/vec4 v0xcb52617c0_0;
    %nor/r;
    %flag_set/vec4 9;
    %flag_get/vec4 9;
    %jmp/0 T_25.121, 9;
    %load/vec4 v0xcb5261a40_0;
    %and;
T_25.121;
    %flag_set/vec4 8;
    %jmp/0xz  T_25.119, 8;
    %pushi/vec4 64, 0, 8;
    %assign/vec4 v0xcb525ca00_0, 0;
    %pushi/vec4 1, 0, 1;
    %assign/vec4 v0xcb525e080_0, 0;
    %pushi/vec4 1, 0, 1;
    %assign/vec4 v0xcb525df40_0, 0;
T_25.119 ;
T_25.110 ;
    %jmp T_25.15;
T_25.14 ;
    %pushi/vec4 1, 0, 1;
    %assign/vec4 v0xcb52614a0_0, 0;
    %load/vec4 v0xcb52617c0_0;
    %nor/r;
    %flag_set/vec4 8;
    %jmp/1 T_25.124, 8;
    %load/vec4 v0xcb5261a40_0;
    %flag_set/vec4 9;
    %flag_or 8, 9;
T_25.124;
    %jmp/0xz  T_25.122, 8;
    %load/vec4 v0xcb5261860_0;
    %nor/r;
    %flag_set/vec4 8;
    %jmp/0xz  T_25.125, 8;
    %pushi/vec4 1, 0, 1;
    %dup/vec4;
    %load/vec4 v0xcb525ed00_0;
    %flag_set/vec4 8;
    %flag_get/vec4 8;
    %jmp/1 T_25.131, 8;
    %load/vec4 v0xcb525eda0_0;
    %or;
T_25.131;
    %cmp/u;
    %jmp/1 T_25.127, 6;
    %dup/vec4;
    %load/vec4 v0xcb525ee40_0;
    %flag_set/vec4 8;
    %flag_get/vec4 8;
    %jmp/1 T_25.132, 8;
    %load/vec4 v0xcb525eee0_0;
    %or;
T_25.132;
    %cmp/u;
    %jmp/1 T_25.128, 6;
    %dup/vec4;
    %load/vec4 v0xcb525f020_0;
    %cmp/u;
    %jmp/1 T_25.129, 6;
    %jmp T_25.130;
T_25.127 ;
    %pushi/vec4 2, 0, 2;
    %assign/vec4 v0xcb5262760_0, 0;
    %jmp T_25.130;
T_25.128 ;
    %pushi/vec4 1, 0, 2;
    %assign/vec4 v0xcb5262760_0, 0;
    %jmp T_25.130;
T_25.129 ;
    %pushi/vec4 0, 0, 2;
    %assign/vec4 v0xcb5262760_0, 0;
    %jmp T_25.130;
T_25.130 ;
    %pop/vec4 1;
    %load/vec4 v0xcb5260a00_0;
    %assign/vec4 v0xcb52612c0_0, 0;
    %load/vec4 v0xcb525ee40_0;
    %assign/vec4 v0xcb5261220_0, 0;
    %load/vec4 v0xcb525ed00_0;
    %assign/vec4 v0xcb5261180_0, 0;
    %load/vec4 v0xcb5263de0_0;
    %load/vec4 v0xcb525db80_0;
    %add;
    %assign/vec4 v0xcb5263de0_0, 0;
    %pushi/vec4 1, 0, 1;
    %store/vec4 v0xcb52641e0_0, 0, 1;
T_25.125 ;
    %load/vec4 v0xcb52617c0_0;
    %nor/r;
    %flag_set/vec4 9;
    %flag_get/vec4 9;
    %jmp/0 T_25.135, 9;
    %load/vec4 v0xcb5261a40_0;
    %and;
T_25.135;
    %flag_set/vec4 8;
    %jmp/0xz  T_25.133, 8;
    %pushi/vec4 1, 0, 1;
    %dup/vec4;
    %load/vec4 v0xcb52612c0_0;
    %cmp/u;
    %jmp/1 T_25.136, 6;
    %dup/vec4;
    %load/vec4 v0xcb5261220_0;
    %cmp/u;
    %jmp/1 T_25.137, 6;
    %dup/vec4;
    %load/vec4 v0xcb5261180_0;
    %cmp/u;
    %jmp/1 T_25.138, 6;
    %jmp T_25.139;
T_25.136 ;
    %load/vec4 v0xcb5262440_0;
    %assign/vec4 v0xcb5263f20_0, 0;
    %jmp T_25.139;
T_25.137 ;
    %load/vec4 v0xcb5262440_0;
    %parti/s 16, 0, 2;
    %pad/s 32;
    %assign/vec4 v0xcb5263f20_0, 0;
    %jmp T_25.139;
T_25.138 ;
    %load/vec4 v0xcb5262440_0;
    %parti/s 8, 0, 2;
    %pad/s 32;
    %assign/vec4 v0xcb5263f20_0, 0;
    %jmp T_25.139;
T_25.139 ;
    %pop/vec4 1;
    %pushi/vec4 1, 0, 1;
    %assign/vec4 v0xcb525e080_0, 0;
    %pushi/vec4 1, 0, 1;
    %assign/vec4 v0xcb525df40_0, 0;
    %pushi/vec4 64, 0, 8;
    %assign/vec4 v0xcb525ca00_0, 0;
T_25.133 ;
T_25.122 ;
    %jmp T_25.15;
T_25.15 ;
    %pop/vec4 1;
T_25.6 ;
    %pushi/vec4 1, 0, 1;
    %flag_set/vec4 10;
    %flag_get/vec4 10;
    %jmp/0 T_25.143, 10;
    %load/vec4 v0xcb5264140_0;
    %and;
T_25.143;
    %flag_set/vec4 9;
    %flag_get/vec4 9;
    %jmp/0 T_25.142, 9;
    %load/vec4 v0xcb5261860_0;
    %flag_set/vec4 9;
    %flag_get/vec4 9;
    %jmp/1 T_25.144, 9;
    %load/vec4 v0xcb52619a0_0;
    %or;
T_25.144;
    %and;
T_25.142;
    %flag_set/vec4 8;
    %jmp/0xz  T_25.140, 8;
    %load/vec4 v0xcb5262760_0;
    %pad/u 32;
    %cmpi/e 0, 0, 32;
    %flag_get/vec4 4;
    %jmp/0 T_25.147, 4;
    %load/vec4 v0xcb5263de0_0;
    %parti/s 2, 0, 2;
    %pad/u 32;
    %pushi/vec4 0, 0, 32;
    %cmp/ne;
    %flag_get/vec4 4;
    %and;
T_25.147;
    %flag_set/vec4 8;
    %jmp/0xz  T_25.145, 8;
    %pushi/vec4 128, 0, 8;
    %assign/vec4 v0xcb525ca00_0, 0;
T_25.145 ;
    %load/vec4 v0xcb5262760_0;
    %pad/u 32;
    %cmpi/e 1, 0, 32;
    %flag_get/vec4 4;
    %jmp/0 T_25.150, 4;
    %load/vec4 v0xcb5263de0_0;
    %parti/s 1, 0, 2;
    %pad/u 32;
    %pushi/vec4 0, 0, 32;
    %cmp/ne;
    %flag_get/vec4 4;
    %and;
T_25.150;
    %flag_set/vec4 8;
    %jmp/0xz  T_25.148, 8;
    %pushi/vec4 128, 0, 8;
    %assign/vec4 v0xcb525ca00_0, 0;
T_25.148 ;
T_25.140 ;
    %pushi/vec4 1, 0, 1;
    %flag_set/vec4 11;
    %flag_get/vec4 11;
    %jmp/0 T_25.155, 11;
    %load/vec4 v0xcb5264140_0;
    %and;
T_25.155;
    %flag_set/vec4 10;
    %flag_get/vec4 10;
    %jmp/0 T_25.154, 10;
    %load/vec4 v0xcb5261900_0;
    %and;
T_25.154;
    %flag_set/vec4 9;
    %flag_get/vec4 9;
    %jmp/0 T_25.153, 9;
    %load/vec4 v0xcb5264000_0;
    %parti/s 2, 0, 2;
    %or/r;
    %and;
T_25.153;
    %flag_set/vec4 8;
    %jmp/0xz  T_25.151, 8;
    %pushi/vec4 128, 0, 8;
    %assign/vec4 v0xcb525ca00_0, 0;
T_25.151 ;
    %load/vec4 v0xcb5264140_0;
    %nor/r;
    %flag_set/vec4 8;
    %jmp/1 T_25.158, 8;
    %load/vec4 v0xcb5261a40_0;
    %flag_set/vec4 9;
    %flag_or 8, 9;
T_25.158;
    %jmp/0xz  T_25.156, 8;
    %pushi/vec4 0, 0, 1;
    %assign/vec4 v0xcb52617c0_0, 0;
    %pushi/vec4 0, 0, 1;
    %assign/vec4 v0xcb5261900_0, 0;
    %pushi/vec4 0, 0, 1;
    %assign/vec4 v0xcb5261860_0, 0;
    %pushi/vec4 0, 0, 1;
    %assign/vec4 v0xcb52619a0_0, 0;
T_25.156 ;
    %load/vec4 v0xcb5264280_0;
    %flag_set/vec4 8;
    %jmp/0xz  T_25.159, 8;
    %pushi/vec4 1, 0, 1;
    %assign/vec4 v0xcb5261900_0, 0;
T_25.159 ;
    %load/vec4 v0xcb52641e0_0;
    %flag_set/vec4 8;
    %jmp/0xz  T_25.161, 8;
    %pushi/vec4 1, 0, 1;
    %assign/vec4 v0xcb5261860_0, 0;
T_25.161 ;
    %load/vec4 v0xcb5264320_0;
    %flag_set/vec4 8;
    %jmp/0xz  T_25.163, 8;
    %pushi/vec4 1, 0, 1;
    %assign/vec4 v0xcb52619a0_0, 0;
T_25.163 ;
    %load/vec4 v0xcb5262a80_0;
    %pushi/vec4 4294967295, 0, 32;
    %and;
    %assign/vec4 v0xcb5260500_0, 0;
    %pushi/vec4 4294967295, 4294967295, 32;
    %store/vec4 v0xcb525cdc0_0, 0, 32;
    %jmp T_25;
    .thread T_25;
    .scope S_0x102b1fc20;
T_26 ;
    %wait E_0xcb5249f00;
    %load/vec4 v0xcb52669e0_0;
    %flag_set/vec4 8;
    %jmp/0xz  T_26.0, 8;
    %load/vec4 v0xcb5266940_0;
    %load/vec4 v0xcb52668a0_0;
    %parti/s 5, 0, 2;
    %inv;
    %pad/u 7;
    %ix/vec4 3;
    %ix/load 4, 0, 0; Constant delay
    %assign/vec4/a/d v0xcb5266800, 0, 4;
T_26.0 ;
    %jmp T_26;
    .thread T_26;
    .scope S_0xcb4de8a80;
T_27 ;
    %wait E_0xcb524a200;
    %load/vec4 v0xcb5274c80_0;
    %flag_set/vec4 8;
    %jmp/0 T_27.0, 8;
    %load/vec4 v0xcb5278c80_0;
    %load/vec4 v0xcb5278d20_0;
    %sub;
    %jmp/1 T_27.1, 8;
T_27.0 ; End of true expr.
    %load/vec4 v0xcb5278c80_0;
    %load/vec4 v0xcb5278d20_0;
    %add;
    %jmp/0 T_27.1, 8;
 ; End of false expr.
    %blend;
T_27.1;
    %store/vec4 v0xcb526c960_0, 0, 32;
    %load/vec4 v0xcb5278c80_0;
    %load/vec4 v0xcb5278d20_0;
    %cmp/e;
    %flag_get/vec4 4;
    %store/vec4 v0xcb526ca00_0, 0, 1;
    %load/vec4 v0xcb5278c80_0;
    %load/vec4 v0xcb5278d20_0;
    %cmp/s;
    %flag_get/vec4 5;
    %store/vec4 v0xcb526caa0_0, 0, 1;
    %load/vec4 v0xcb5278c80_0;
    %load/vec4 v0xcb5278d20_0;
    %cmp/u;
    %flag_get/vec4 5;
    %store/vec4 v0xcb526cb40_0, 0, 1;
    %load/vec4 v0xcb5278c80_0;
    %load/vec4 v0xcb5278d20_0;
    %parti/s 5, 0, 2;
    %ix/vec4 4;
    %shiftl 4;
    %store/vec4 v0xcb526ce60_0, 0, 32;
    %load/vec4 v0xcb5274a00_0;
    %flag_set/vec4 8;
    %jmp/1 T_27.4, 8;
    %load/vec4 v0xcb5274aa0_0;
    %flag_set/vec4 9;
    %flag_or 8, 9;
T_27.4;
    %jmp/0 T_27.2, 8;
    %load/vec4 v0xcb5278c80_0;
    %parti/s 1, 31, 6;
    %jmp/1 T_27.3, 8;
T_27.2 ; End of true expr.
    %pushi/vec4 0, 0, 1;
    %jmp/0 T_27.3, 8;
 ; End of false expr.
    %blend;
T_27.3;
    %load/vec4 v0xcb5278c80_0;
    %concat/vec4; draw_concat_vec4
    %load/vec4 v0xcb5278d20_0;
    %parti/s 5, 0, 2;
    %ix/vec4 4;
    %shiftr/s 4;
    %pad/s 32;
    %store/vec4 v0xcb526cf00_0, 0, 32;
    %jmp T_27;
    .thread T_27, $push;
    .scope S_0xcb4de8300;
T_28 ;
    %end;
    .thread T_28;
    .scope S_0xcb4de8300;
T_29 ;
    %wait E_0xcb524a1c0;
    %pushi/vec4 0, 0, 1;
    %store/vec4 v0xcb5277f20_0, 0, 1;
    %pushi/vec4 4294967295, 4294967295, 32;
    %store/vec4 v0xcb5277d40_0, 0, 32;
    %pushi/vec4 0, 0, 1;
    %store/vec4 v0xcb5277e80_0, 0, 1;
    %pushi/vec4 0, 0, 1;
    %store/vec4 v0xcb5277de0_0, 0, 1;
    %pushi/vec4 1, 0, 1;
    %dup/vec4;
    %pushi/vec4 0, 0, 1;
    %cmp/u;
    %jmp/1 T_29.0, 6;
    %dup/vec4;
    %pushi/vec4 0, 0, 1;
    %cmp/u;
    %jmp/1 T_29.1, 6;
    %dup/vec4;
    %pushi/vec4 0, 0, 1;
    %cmp/u;
    %jmp/1 T_29.2, 6;
    %jmp T_29.3;
T_29.0 ;
    %pushi/vec4 0, 0, 1;
    %store/vec4 v0xcb5277f20_0, 0, 1;
    %pushi/vec4 0, 0, 32;
    %store/vec4 v0xcb5277d40_0, 0, 32;
    %jmp T_29.3;
T_29.1 ;
    %load/vec4 v0xcb52781e0_0;
    %store/vec4 v0xcb5277f20_0, 0, 1;
    %load/vec4 v0xcb5278000_0;
    %store/vec4 v0xcb5277d40_0, 0, 32;
    %jmp T_29.3;
T_29.2 ;
    %load/vec4 v0xcb5277c00_0;
    %store/vec4 v0xcb5277f20_0, 0, 1;
    %load/vec4 v0xcb5277a20_0;
    %store/vec4 v0xcb5277d40_0, 0, 32;
    %jmp T_29.3;
T_29.3 ;
    %pop/vec4 1;
    %jmp T_29;
    .thread T_29, $push;
    .scope S_0xcb4de8300;
T_30 ;
    %wait E_0xcb5249f80;
    %load/vec4 v0xcb5278fa0_0;
    %nor/r;
    %flag_set/vec4 8;
    %jmp/0xz  T_30.0, 8;
    %pushi/vec4 0, 0, 1;
    %assign/vec4 v0xcb5276b20_0, 0;
    %pushi/vec4 0, 0, 1;
    %assign/vec4 v0xcb5275e00_0, 0;
    %jmp T_30.1;
T_30.0 ;
    %load/vec4 v0xcb5275e00_0;
    %nor/r;
    %flag_set/vec4 8;
    %jmp/0xz  T_30.2, 8;
    %load/vec4 v0xcb5276a80_0;
    %assign/vec4 v0xcb5276b20_0, 0;
T_30.2 ;
    %load/vec4 v0xcb5277480_0;
    %flag_set/vec4 8;
    %flag_get/vec4 8;
    %jmp/0 T_30.4, 8;
    %load/vec4 v0xcb5277340_0;
    %nor/r;
    %and;
T_30.4;
    %assign/vec4 v0xcb5275e00_0, 0;
T_30.1 ;
    %jmp T_30;
    .thread T_30;
    .scope S_0xcb4de8300;
T_31 ;
    %wait E_0xcb524a180;
    %load/vec4 v0xcb52775c0_0;
    %dup/vec4;
    %pushi/vec4 0, 0, 2;
    %cmp/u;
    %jmp/1 T_31.0, 6;
    %dup/vec4;
    %pushi/vec4 1, 0, 2;
    %cmp/u;
    %jmp/1 T_31.1, 6;
    %dup/vec4;
    %pushi/vec4 2, 0, 2;
    %cmp/u;
    %jmp/1 T_31.2, 6;
    %jmp T_31.3;
T_31.0 ;
    %load/vec4 v0xcb5278d20_0;
    %store/vec4 v0xcb5276e40_0, 0, 32;
    %pushi/vec4 15, 0, 4;
    %store/vec4 v0xcb5276f80_0, 0, 4;
    %load/vec4 v0xcb5277020_0;
    %store/vec4 v0xcb52772a0_0, 0, 32;
    %jmp T_31.3;
T_31.1 ;
    %load/vec4 v0xcb5278d20_0;
    %parti/s 16, 0, 2;
    %replicate 2;
    %store/vec4 v0xcb5276e40_0, 0, 32;
    %load/vec4 v0xcb5278c80_0;
    %parti/s 1, 1, 2;
    %flag_set/vec4 8;
    %jmp/0 T_31.4, 8;
    %pushi/vec4 12, 0, 4;
    %jmp/1 T_31.5, 8;
T_31.4 ; End of true expr.
    %pushi/vec4 3, 0, 4;
    %jmp/0 T_31.5, 8;
 ; End of false expr.
    %blend;
T_31.5;
    %store/vec4 v0xcb5276f80_0, 0, 4;
    %load/vec4 v0xcb5278c80_0;
    %parti/s 1, 1, 2;
    %dup/vec4;
    %pushi/vec4 0, 0, 1;
    %cmp/u;
    %jmp/1 T_31.6, 6;
    %dup/vec4;
    %pushi/vec4 1, 0, 1;
    %cmp/u;
    %jmp/1 T_31.7, 6;
    %jmp T_31.8;
T_31.6 ;
    %pushi/vec4 0, 0, 16;
    %load/vec4 v0xcb5277020_0;
    %parti/s 16, 0, 2;
    %concat/vec4; draw_concat_vec4
    %store/vec4 v0xcb52772a0_0, 0, 32;
    %jmp T_31.8;
T_31.7 ;
    %pushi/vec4 0, 0, 16;
    %load/vec4 v0xcb5277020_0;
    %parti/s 16, 16, 6;
    %concat/vec4; draw_concat_vec4
    %store/vec4 v0xcb52772a0_0, 0, 32;
    %jmp T_31.8;
T_31.8 ;
    %pop/vec4 1;
    %jmp T_31.3;
T_31.2 ;
    %load/vec4 v0xcb5278d20_0;
    %parti/s 8, 0, 2;
    %replicate 4;
    %store/vec4 v0xcb5276e40_0, 0, 32;
    %pushi/vec4 1, 0, 4;
    %load/vec4 v0xcb5278c80_0;
    %parti/s 2, 0, 2;
    %ix/vec4 4;
    %shiftl 4;
    %store/vec4 v0xcb5276f80_0, 0, 4;
    %load/vec4 v0xcb5278c80_0;
    %parti/s 2, 0, 2;
    %dup/vec4;
    %pushi/vec4 0, 0, 2;
    %cmp/u;
    %jmp/1 T_31.9, 6;
    %dup/vec4;
    %pushi/vec4 1, 0, 2;
    %cmp/u;
    %jmp/1 T_31.10, 6;
    %dup/vec4;
    %pushi/vec4 2, 0, 2;
    %cmp/u;
    %jmp/1 T_31.11, 6;
    %dup/vec4;
    %pushi/vec4 3, 0, 2;
    %cmp/u;
    %jmp/1 T_31.12, 6;
    %jmp T_31.13;
T_31.9 ;
    %pushi/vec4 0, 0, 24;
    %load/vec4 v0xcb5277020_0;
    %parti/s 8, 0, 2;
    %concat/vec4; draw_concat_vec4
    %store/vec4 v0xcb52772a0_0, 0, 32;
    %jmp T_31.13;
T_31.10 ;
    %pushi/vec4 0, 0, 24;
    %load/vec4 v0xcb5277020_0;
    %parti/s 8, 8, 5;
    %concat/vec4; draw_concat_vec4
    %store/vec4 v0xcb52772a0_0, 0, 32;
    %jmp T_31.13;
T_31.11 ;
    %pushi/vec4 0, 0, 24;
    %load/vec4 v0xcb5277020_0;
    %parti/s 8, 16, 6;
    %concat/vec4; draw_concat_vec4
    %store/vec4 v0xcb52772a0_0, 0, 32;
    %jmp T_31.13;
T_31.12 ;
    %pushi/vec4 0, 0, 24;
    %load/vec4 v0xcb5277020_0;
    %parti/s 8, 24, 6;
    %concat/vec4; draw_concat_vec4
    %store/vec4 v0xcb52772a0_0, 0, 32;
    %jmp T_31.13;
T_31.13 ;
    %pop/vec4 1;
    %jmp T_31.3;
T_31.3 ;
    %pop/vec4 1;
    %jmp T_31;
    .thread T_31, $push;
    .scope S_0xcb4de8300;
T_32 ;
    %wait E_0xcb5249f80;
    %load/vec4 v0xcb5277700_0;
    %flag_set/vec4 8;
    %jmp/0xz  T_32.0, 8;
    %load/vec4 v0xcb5277020_0;
    %assign/vec4 v0xcb5277200_0, 0;
    %load/vec4 v0xcb5277020_0;
    %assign/vec4 v0xcb5277840_0, 0;
T_32.0 ;
    %jmp T_32;
    .thread T_32;
    .scope S_0xcb4de8300;
T_33 ;
    %wait E_0xcb5249f80;
    %load/vec4 v0xcb5278fa0_0;
    %flag_set/vec4 9;
    %flag_get/vec4 9;
    %jmp/0 T_33.2, 9;
    %load/vec4 v0xcb5279400_0;
    %nor/r;
    %and;
T_33.2;
    %flag_set/vec4 8;
    %jmp/0xz  T_33.0, 8;
    %load/vec4 v0xcb5276620_0;
    %flag_set/vec4 8;
    %jmp/1 T_33.6, 8;
    %load/vec4 v0xcb5276760_0;
    %flag_set/vec4 9;
    %flag_or 8, 9;
T_33.6;
    %jmp/1 T_33.5, 8;
    %load/vec4 v0xcb52766c0_0;
    %flag_set/vec4 9;
    %flag_or 8, 9;
T_33.5;
    %jmp/0xz  T_33.3, 8;
    %fork TD_picorv32_wb.picorv32_core.empty_statement, S_0xcb4de8600;
    %join;
T_33.3 ;
    %load/vec4 v0xcb5276620_0;
    %flag_set/vec4 8;
    %jmp/1 T_33.9, 8;
    %load/vec4 v0xcb5276760_0;
    %flag_set/vec4 9;
    %flag_or 8, 9;
T_33.9;
    %jmp/0xz  T_33.7, 8;
    %fork TD_picorv32_wb.picorv32_core.empty_statement, S_0xcb4de8600;
    %join;
T_33.7 ;
    %load/vec4 v0xcb52766c0_0;
    %flag_set/vec4 8;
    %jmp/0xz  T_33.10, 8;
    %fork TD_picorv32_wb.picorv32_core.empty_statement, S_0xcb4de8600;
    %join;
T_33.10 ;
    %load/vec4 v0xcb5276800_0;
    %flag_set/vec4 8;
    %jmp/0xz  T_33.12, 8;
    %fork TD_picorv32_wb.picorv32_core.empty_statement, S_0xcb4de8600;
    %join;
T_33.12 ;
    %load/vec4 v0xcb52773e0_0;
    %pad/u 32;
    %cmpi/e 2, 0, 32;
    %jmp/1 T_33.16, 4;
    %flag_mov 8, 4;
    %load/vec4 v0xcb52773e0_0;
    %pad/u 32;
    %cmpi/e 3, 0, 32;
    %flag_or 4, 8;
T_33.16;
    %jmp/0xz  T_33.14, 4;
    %fork TD_picorv32_wb.picorv32_core.empty_statement, S_0xcb4de8600;
    %join;
T_33.14 ;
T_33.0 ;
    %jmp T_33;
    .thread T_33;
    .scope S_0xcb4de8300;
T_34 ;
    %wait E_0xcb5249f80;
    %load/vec4 v0xcb5278fa0_0;
    %nor/r;
    %flag_set/vec4 8;
    %jmp/1 T_34.2, 8;
    %load/vec4 v0xcb5279400_0;
    %flag_set/vec4 9;
    %flag_or 8, 9;
T_34.2;
    %jmp/0xz  T_34.0, 8;
    %load/vec4 v0xcb5278fa0_0;
    %nor/r;
    %flag_set/vec4 8;
    %jmp/0xz  T_34.3, 8;
    %pushi/vec4 0, 0, 2;
    %assign/vec4 v0xcb52773e0_0, 0;
T_34.3 ;
    %load/vec4 v0xcb5278fa0_0;
    %nor/r;
    %flag_set/vec4 8;
    %jmp/1 T_34.7, 8;
    %load/vec4 v0xcb5277340_0;
    %flag_set/vec4 9;
    %flag_or 8, 9;
T_34.7;
    %jmp/0xz  T_34.5, 8;
    %pushi/vec4 0, 0, 1;
    %assign/vec4 v0xcb5277480_0, 0;
T_34.5 ;
    %pushi/vec4 0, 0, 1;
    %assign/vec4 v0xcb5276d00_0, 0;
    %pushi/vec4 0, 0, 1;
    %assign/vec4 v0xcb5278780_0, 0;
    %jmp T_34.1;
T_34.0 ;
    %load/vec4 v0xcb5276c60_0;
    %flag_set/vec4 8;
    %jmp/1 T_34.10, 8;
    %load/vec4 v0xcb5276ee0_0;
    %flag_set/vec4 9;
    %flag_or 8, 9;
T_34.10;
    %jmp/0xz  T_34.8, 8;
    %load/vec4 v0xcb52769e0_0;
    %assign/vec4 v0xcb52764e0_0, 0;
    %load/vec4 v0xcb5276f80_0;
    %load/vec4 v0xcb5276ee0_0;
    %replicate 4;
    %and;
    %assign/vec4 v0xcb5277660_0, 0;
T_34.8 ;
    %load/vec4 v0xcb5276ee0_0;
    %flag_set/vec4 8;
    %jmp/0xz  T_34.11, 8;
    %load/vec4 v0xcb5276e40_0;
    %assign/vec4 v0xcb5277520_0, 0;
T_34.11 ;
    %load/vec4 v0xcb52773e0_0;
    %dup/vec4;
    %pushi/vec4 0, 0, 2;
    %cmp/u;
    %jmp/1 T_34.13, 6;
    %dup/vec4;
    %pushi/vec4 1, 0, 2;
    %cmp/u;
    %jmp/1 T_34.14, 6;
    %dup/vec4;
    %pushi/vec4 2, 0, 2;
    %cmp/u;
    %jmp/1 T_34.15, 6;
    %dup/vec4;
    %pushi/vec4 3, 0, 2;
    %cmp/u;
    %jmp/1 T_34.16, 6;
    %jmp T_34.17;
T_34.13 ;
    %load/vec4 v0xcb5276620_0;
    %flag_set/vec4 8;
    %jmp/1 T_34.21, 8;
    %load/vec4 v0xcb5276760_0;
    %flag_set/vec4 9;
    %flag_or 8, 9;
T_34.21;
    %jmp/1 T_34.20, 8;
    %load/vec4 v0xcb52766c0_0;
    %flag_set/vec4 9;
    %flag_or 8, 9;
T_34.20;
    %jmp/0xz  T_34.18, 8;
    %load/vec4 v0xcb5276da0_0;
    %nor/r;
    %assign/vec4 v0xcb5277480_0, 0;
    %load/vec4 v0xcb5276620_0;
    %flag_set/vec4 8;
    %flag_get/vec4 8;
    %jmp/1 T_34.22, 8;
    %load/vec4 v0xcb5276760_0;
    %or;
T_34.22;
    %assign/vec4 v0xcb5276940_0, 0;
    %pushi/vec4 0, 0, 4;
    %assign/vec4 v0xcb5277660_0, 0;
    %pushi/vec4 1, 0, 2;
    %assign/vec4 v0xcb52773e0_0, 0;
T_34.18 ;
    %load/vec4 v0xcb5276800_0;
    %flag_set/vec4 8;
    %jmp/0xz  T_34.23, 8;
    %pushi/vec4 1, 0, 1;
    %assign/vec4 v0xcb5277480_0, 0;
    %pushi/vec4 0, 0, 1;
    %assign/vec4 v0xcb5276940_0, 0;
    %pushi/vec4 2, 0, 2;
    %assign/vec4 v0xcb52773e0_0, 0;
T_34.23 ;
    %jmp T_34.17;
T_34.14 ;
    %fork TD_picorv32_wb.picorv32_core.empty_statement, S_0xcb4de8600;
    %join;
    %fork TD_picorv32_wb.picorv32_core.empty_statement, S_0xcb4de8600;
    %join;
    %fork TD_picorv32_wb.picorv32_core.empty_statement, S_0xcb4de8600;
    %join;
    %fork TD_picorv32_wb.picorv32_core.empty_statement, S_0xcb4de8600;
    %join;
    %load/vec4 v0xcb5277700_0;
    %flag_set/vec4 8;
    %jmp/0xz  T_34.25, 8;
    %pushi/vec4 0, 0, 1;
    %assign/vec4 v0xcb5277480_0, 0;
    %pushi/vec4 0, 0, 1;
    %assign/vec4 v0xcb5276d00_0, 0;
    %load/vec4 v0xcb5276760_0;
    %flag_set/vec4 8;
    %jmp/1 T_34.29, 8;
    %load/vec4 v0xcb52766c0_0;
    %flag_set/vec4 9;
    %flag_or 8, 9;
T_34.29;
    %jmp/0 T_34.27, 8;
    %pushi/vec4 0, 0, 3;
    %jmp/1 T_34.28, 8;
T_34.27 ; End of true expr.
    %pushi/vec4 3, 0, 3;
    %jmp/0 T_34.28, 8;
 ; End of false expr.
    %blend;
T_34.28;
    %pad/s 2;
    %assign/vec4 v0xcb52773e0_0, 0;
T_34.25 ;
    %jmp T_34.17;
T_34.15 ;
    %fork TD_picorv32_wb.picorv32_core.empty_statement, S_0xcb4de8600;
    %join;
    %fork TD_picorv32_wb.picorv32_core.empty_statement, S_0xcb4de8600;
    %join;
    %load/vec4 v0xcb5277700_0;
    %flag_set/vec4 8;
    %jmp/0xz  T_34.30, 8;
    %pushi/vec4 0, 0, 1;
    %assign/vec4 v0xcb5277480_0, 0;
    %pushi/vec4 0, 0, 2;
    %assign/vec4 v0xcb52773e0_0, 0;
T_34.30 ;
    %jmp T_34.17;
T_34.16 ;
    %fork TD_picorv32_wb.picorv32_core.empty_statement, S_0xcb4de8600;
    %join;
    %fork TD_picorv32_wb.picorv32_core.empty_statement, S_0xcb4de8600;
    %join;
    %load/vec4 v0xcb5276760_0;
    %flag_set/vec4 8;
    %jmp/0xz  T_34.32, 8;
    %pushi/vec4 0, 0, 2;
    %assign/vec4 v0xcb52773e0_0, 0;
T_34.32 ;
    %jmp T_34.17;
T_34.17 ;
    %pop/vec4 1;
T_34.1 ;
    %load/vec4 v0xcb526d4a0_0;
    %flag_set/vec4 8;
    %jmp/0xz  T_34.34, 8;
    %pushi/vec4 0, 0, 1;
    %assign/vec4 v0xcb5278780_0, 0;
T_34.34 ;
    %jmp T_34;
    .thread T_34;
    .scope S_0xcb4de8300;
T_35 ;
    %wait E_0xcb524a140;
    %pushi/vec4 0, 0, 32; draw_string_vec4
    %pushi/vec4 0, 0, 32; draw_string_vec4
    %concat/vec4; draw_string_vec4
    %store/vec4 v0xcb52777a0_0, 0, 64;
    %load/vec4 v0xcb526fde0_0;
    %flag_set/vec4 8;
    %jmp/0xz  T_35.0, 8;
    %pushi/vec4 0, 0, 32; draw_string_vec4
    %pushi/vec4 7107945, 0, 32; draw_string_vec4
    %concat/vec4; draw_string_vec4
    %store/vec4 v0xcb52777a0_0, 0, 64;
T_35.0 ;
    %load/vec4 v0xcb526f3e0_0;
    %flag_set/vec4 8;
    %jmp/0xz  T_35.2, 8;
    %pushi/vec4 97, 0, 32; draw_string_vec4
    %pushi/vec4 1969844323, 0, 32; draw_string_vec4
    %concat/vec4; draw_string_vec4
    %store/vec4 v0xcb52777a0_0, 0, 64;
T_35.2 ;
    %load/vec4 v0xcb526fa20_0;
    %flag_set/vec4 8;
    %jmp/0xz  T_35.4, 8;
    %pushi/vec4 0, 0, 32; draw_string_vec4
    %pushi/vec4 6971756, 0, 32; draw_string_vec4
    %concat/vec4; draw_string_vec4
    %store/vec4 v0xcb52777a0_0, 0, 64;
T_35.4 ;
    %load/vec4 v0xcb526fac0_0;
    %flag_set/vec4 8;
    %jmp/0xz  T_35.6, 8;
    %pushi/vec4 0, 0, 32; draw_string_vec4
    %pushi/vec4 1784769650, 0, 32; draw_string_vec4
    %concat/vec4; draw_string_vec4
    %store/vec4 v0xcb52777a0_0, 0, 64;
T_35.6 ;
    %load/vec4 v0xcb526f480_0;
    %flag_set/vec4 8;
    %jmp/0xz  T_35.8, 8;
    %pushi/vec4 0, 0, 32; draw_string_vec4
    %pushi/vec4 6448497, 0, 32; draw_string_vec4
    %concat/vec4; draw_string_vec4
    %store/vec4 v0xcb52777a0_0, 0, 64;
T_35.8 ;
    %load/vec4 v0xcb526f7a0_0;
    %flag_set/vec4 8;
    %jmp/0xz  T_35.10, 8;
    %pushi/vec4 0, 0, 32; draw_string_vec4
    %pushi/vec4 6450789, 0, 32; draw_string_vec4
    %concat/vec4; draw_string_vec4
    %store/vec4 v0xcb52777a0_0, 0, 64;
T_35.10 ;
    %load/vec4 v0xcb526f660_0;
    %flag_set/vec4 8;
    %jmp/0xz  T_35.12, 8;
    %pushi/vec4 0, 0, 32; draw_string_vec4
    %pushi/vec4 6450292, 0, 32; draw_string_vec4
    %concat/vec4; draw_string_vec4
    %store/vec4 v0xcb52777a0_0, 0, 64;
T_35.12 ;
    %load/vec4 v0xcb526f520_0;
    %flag_set/vec4 8;
    %jmp/0xz  T_35.14, 8;
    %pushi/vec4 0, 0, 32; draw_string_vec4
    %pushi/vec4 6448997, 0, 32; draw_string_vec4
    %concat/vec4; draw_string_vec4
    %store/vec4 v0xcb52777a0_0, 0, 64;
T_35.14 ;
    %load/vec4 v0xcb526f700_0;
    %flag_set/vec4 8;
    %jmp/0xz  T_35.16, 8;
    %pushi/vec4 0, 0, 32; draw_string_vec4
    %pushi/vec4 1651274869, 0, 32; draw_string_vec4
    %concat/vec4; draw_string_vec4
    %store/vec4 v0xcb52777a0_0, 0, 64;
T_35.16 ;
    %load/vec4 v0xcb526f5c0_0;
    %flag_set/vec4 8;
    %jmp/0xz  T_35.18, 8;
    %pushi/vec4 0, 0, 32; draw_string_vec4
    %pushi/vec4 1650943349, 0, 32; draw_string_vec4
    %concat/vec4; draw_string_vec4
    %store/vec4 v0xcb52777a0_0, 0, 64;
T_35.18 ;
    %load/vec4 v0xcb526fb60_0;
    %flag_set/vec4 8;
    %jmp/0xz  T_35.20, 8;
    %pushi/vec4 0, 0, 32; draw_string_vec4
    %pushi/vec4 27746, 0, 32; draw_string_vec4
    %concat/vec4; draw_string_vec4
    %store/vec4 v0xcb52777a0_0, 0, 64;
T_35.20 ;
    %load/vec4 v0xcb526fca0_0;
    %flag_set/vec4 8;
    %jmp/0xz  T_35.22, 8;
    %pushi/vec4 0, 0, 32; draw_string_vec4
    %pushi/vec4 27752, 0, 32; draw_string_vec4
    %concat/vec4; draw_string_vec4
    %store/vec4 v0xcb52777a0_0, 0, 64;
T_35.22 ;
    %load/vec4 v0xcb526fe80_0;
    %flag_set/vec4 8;
    %jmp/0xz  T_35.24, 8;
    %pushi/vec4 0, 0, 32; draw_string_vec4
    %pushi/vec4 27767, 0, 32; draw_string_vec4
    %concat/vec4; draw_string_vec4
    %store/vec4 v0xcb52777a0_0, 0, 64;
T_35.24 ;
    %load/vec4 v0xcb526fc00_0;
    %flag_set/vec4 8;
    %jmp/0xz  T_35.26, 8;
    %pushi/vec4 0, 0, 32; draw_string_vec4
    %pushi/vec4 7103093, 0, 32; draw_string_vec4
    %concat/vec4; draw_string_vec4
    %store/vec4 v0xcb52777a0_0, 0, 64;
T_35.26 ;
    %load/vec4 v0xcb526fd40_0;
    %flag_set/vec4 8;
    %jmp/0xz  T_35.28, 8;
    %pushi/vec4 0, 0, 32; draw_string_vec4
    %pushi/vec4 7104629, 0, 32; draw_string_vec4
    %concat/vec4; draw_string_vec4
    %store/vec4 v0xcb52777a0_0, 0, 64;
T_35.28 ;
    %load/vec4 v0xcb5274460_0;
    %flag_set/vec4 8;
    %jmp/0xz  T_35.30, 8;
    %pushi/vec4 0, 0, 32; draw_string_vec4
    %pushi/vec4 29538, 0, 32; draw_string_vec4
    %concat/vec4; draw_string_vec4
    %store/vec4 v0xcb52777a0_0, 0, 64;
T_35.30 ;
    %load/vec4 v0xcb52745a0_0;
    %flag_set/vec4 8;
    %jmp/0xz  T_35.32, 8;
    %pushi/vec4 0, 0, 32; draw_string_vec4
    %pushi/vec4 29544, 0, 32; draw_string_vec4
    %concat/vec4; draw_string_vec4
    %store/vec4 v0xcb52777a0_0, 0, 64;
T_35.32 ;
    %load/vec4 v0xcb5274d20_0;
    %flag_set/vec4 8;
    %jmp/0xz  T_35.34, 8;
    %pushi/vec4 0, 0, 32; draw_string_vec4
    %pushi/vec4 29559, 0, 32; draw_string_vec4
    %concat/vec4; draw_string_vec4
    %store/vec4 v0xcb52777a0_0, 0, 64;
T_35.34 ;
    %load/vec4 v0xcb526f200_0;
    %flag_set/vec4 8;
    %jmp/0xz  T_35.36, 8;
    %pushi/vec4 0, 0, 32; draw_string_vec4
    %pushi/vec4 1633969257, 0, 32; draw_string_vec4
    %concat/vec4; draw_string_vec4
    %store/vec4 v0xcb52777a0_0, 0, 64;
T_35.36 ;
    %load/vec4 v0xcb5274820_0;
    %flag_set/vec4 8;
    %jmp/0xz  T_35.38, 8;
    %pushi/vec4 0, 0, 32; draw_string_vec4
    %pushi/vec4 1936487529, 0, 32; draw_string_vec4
    %concat/vec4; draw_string_vec4
    %store/vec4 v0xcb52777a0_0, 0, 64;
T_35.38 ;
    %load/vec4 v0xcb52748c0_0;
    %flag_set/vec4 8;
    %jmp/0xz  T_35.40, 8;
    %pushi/vec4 115, 0, 32; draw_string_vec4
    %pushi/vec4 1819568501, 0, 32; draw_string_vec4
    %concat/vec4; draw_string_vec4
    %store/vec4 v0xcb52777a0_0, 0, 64;
T_35.40 ;
    %load/vec4 v0xcb5275040_0;
    %flag_set/vec4 8;
    %jmp/0xz  T_35.42, 8;
    %pushi/vec4 0, 0, 32; draw_string_vec4
    %pushi/vec4 2020569705, 0, 32; draw_string_vec4
    %concat/vec4; draw_string_vec4
    %store/vec4 v0xcb52777a0_0, 0, 64;
T_35.42 ;
    %load/vec4 v0xcb52740a0_0;
    %flag_set/vec4 8;
    %jmp/0xz  T_35.44, 8;
    %pushi/vec4 0, 0, 32; draw_string_vec4
    %pushi/vec4 7303785, 0, 32; draw_string_vec4
    %concat/vec4; draw_string_vec4
    %store/vec4 v0xcb52777a0_0, 0, 64;
T_35.44 ;
    %load/vec4 v0xcb526f340_0;
    %flag_set/vec4 8;
    %jmp/0xz  T_35.46, 8;
    %pushi/vec4 0, 0, 32; draw_string_vec4
    %pushi/vec4 1634624617, 0, 32; draw_string_vec4
    %concat/vec4; draw_string_vec4
    %store/vec4 v0xcb52777a0_0, 0, 64;
T_35.46 ;
    %load/vec4 v0xcb52746e0_0;
    %flag_set/vec4 8;
    %jmp/0xz  T_35.48, 8;
    %pushi/vec4 0, 0, 32; draw_string_vec4
    %pushi/vec4 1936485481, 0, 32; draw_string_vec4
    %concat/vec4; draw_string_vec4
    %store/vec4 v0xcb52777a0_0, 0, 64;
T_35.48 ;
    %load/vec4 v0xcb5274be0_0;
    %flag_set/vec4 8;
    %jmp/0xz  T_35.50, 8;
    %pushi/vec4 0, 0, 32; draw_string_vec4
    %pushi/vec4 1936878697, 0, 32; draw_string_vec4
    %concat/vec4; draw_string_vec4
    %store/vec4 v0xcb52777a0_0, 0, 64;
T_35.50 ;
    %load/vec4 v0xcb5274aa0_0;
    %flag_set/vec4 8;
    %jmp/0xz  T_35.52, 8;
    %pushi/vec4 0, 0, 32; draw_string_vec4
    %pushi/vec4 1936875881, 0, 32; draw_string_vec4
    %concat/vec4; draw_string_vec4
    %store/vec4 v0xcb52777a0_0, 0, 64;
T_35.52 ;
    %load/vec4 v0xcb526f160_0;
    %flag_set/vec4 8;
    %jmp/0xz  T_35.54, 8;
    %pushi/vec4 0, 0, 32; draw_string_vec4
    %pushi/vec4 6382692, 0, 32; draw_string_vec4
    %concat/vec4; draw_string_vec4
    %store/vec4 v0xcb52777a0_0, 0, 64;
T_35.54 ;
    %load/vec4 v0xcb5274c80_0;
    %flag_set/vec4 8;
    %jmp/0xz  T_35.56, 8;
    %pushi/vec4 0, 0, 32; draw_string_vec4
    %pushi/vec4 7566690, 0, 32; draw_string_vec4
    %concat/vec4; draw_string_vec4
    %store/vec4 v0xcb52777a0_0, 0, 64;
T_35.56 ;
    %load/vec4 v0xcb5274640_0;
    %flag_set/vec4 8;
    %jmp/0xz  T_35.58, 8;
    %pushi/vec4 0, 0, 32; draw_string_vec4
    %pushi/vec4 7564396, 0, 32; draw_string_vec4
    %concat/vec4; draw_string_vec4
    %store/vec4 v0xcb52777a0_0, 0, 64;
T_35.58 ;
    %load/vec4 v0xcb5274780_0;
    %flag_set/vec4 8;
    %jmp/0xz  T_35.60, 8;
    %pushi/vec4 0, 0, 32; draw_string_vec4
    %pushi/vec4 7564404, 0, 32; draw_string_vec4
    %concat/vec4; draw_string_vec4
    %store/vec4 v0xcb52777a0_0, 0, 64;
T_35.60 ;
    %load/vec4 v0xcb5274960_0;
    %flag_set/vec4 8;
    %jmp/0xz  T_35.62, 8;
    %pushi/vec4 0, 0, 32; draw_string_vec4
    %pushi/vec4 1936487541, 0, 32; draw_string_vec4
    %concat/vec4; draw_string_vec4
    %store/vec4 v0xcb52777a0_0, 0, 64;
T_35.62 ;
    %load/vec4 v0xcb5274fa0_0;
    %flag_set/vec4 8;
    %jmp/0xz  T_35.64, 8;
    %pushi/vec4 0, 0, 32; draw_string_vec4
    %pushi/vec4 7892850, 0, 32; draw_string_vec4
    %concat/vec4; draw_string_vec4
    %store/vec4 v0xcb52777a0_0, 0, 64;
T_35.64 ;
    %load/vec4 v0xcb5274b40_0;
    %flag_set/vec4 8;
    %jmp/0xz  T_35.66, 8;
    %pushi/vec4 0, 0, 32; draw_string_vec4
    %pushi/vec4 7565932, 0, 32; draw_string_vec4
    %concat/vec4; draw_string_vec4
    %store/vec4 v0xcb52777a0_0, 0, 64;
T_35.66 ;
    %load/vec4 v0xcb5274a00_0;
    %flag_set/vec4 8;
    %jmp/0xz  T_35.68, 8;
    %pushi/vec4 0, 0, 32; draw_string_vec4
    %pushi/vec4 7565921, 0, 32; draw_string_vec4
    %concat/vec4; draw_string_vec4
    %store/vec4 v0xcb52777a0_0, 0, 64;
T_35.68 ;
    %load/vec4 v0xcb5274000_0;
    %flag_set/vec4 8;
    %jmp/0xz  T_35.70, 8;
    %pushi/vec4 0, 0, 32; draw_string_vec4
    %pushi/vec4 28530, 0, 32; draw_string_vec4
    %concat/vec4; draw_string_vec4
    %store/vec4 v0xcb52777a0_0, 0, 64;
T_35.70 ;
    %load/vec4 v0xcb526f2a0_0;
    %flag_set/vec4 8;
    %jmp/0xz  T_35.72, 8;
    %pushi/vec4 0, 0, 32; draw_string_vec4
    %pushi/vec4 6385252, 0, 32; draw_string_vec4
    %concat/vec4; draw_string_vec4
    %store/vec4 v0xcb52777a0_0, 0, 64;
T_35.72 ;
    %load/vec4 v0xcb5274140_0;
    %flag_set/vec4 8;
    %jmp/0xz  T_35.74, 8;
    %pushi/vec4 7496803, 0, 32; draw_string_vec4
    %pushi/vec4 2036558949, 0, 32; draw_string_vec4
    %concat/vec4; draw_string_vec4
    %store/vec4 v0xcb52777a0_0, 0, 64;
T_35.74 ;
    %load/vec4 v0xcb52741e0_0;
    %flag_set/vec4 8;
    %jmp/0xz  T_35.76, 8;
    %pushi/vec4 1919181689, 0, 32; draw_string_vec4
    %pushi/vec4 1668048232, 0, 32; draw_string_vec4
    %concat/vec4; draw_string_vec4
    %store/vec4 v0xcb52777a0_0, 0, 64;
T_35.76 ;
    %load/vec4 v0xcb5274280_0;
    %flag_set/vec4 8;
    %jmp/0xz  T_35.78, 8;
    %pushi/vec4 7496809, 0, 32; draw_string_vec4
    %pushi/vec4 1853060210, 0, 32; draw_string_vec4
    %concat/vec4; draw_string_vec4
    %store/vec4 v0xcb52777a0_0, 0, 64;
T_35.78 ;
    %load/vec4 v0xcb5274320_0;
    %flag_set/vec4 8;
    %jmp/0xz  T_35.80, 8;
    %pushi/vec4 1919183214, 0, 32; draw_string_vec4
    %pushi/vec4 1937011304, 0, 32; draw_string_vec4
    %concat/vec4; draw_string_vec4
    %store/vec4 v0xcb52777a0_0, 0, 64;
T_35.80 ;
    %load/vec4 v0xcb526f8e0_0;
    %flag_set/vec4 8;
    %jmp/0xz  T_35.82, 8;
    %pushi/vec4 102, 0, 32; draw_string_vec4
    %pushi/vec4 1701733221, 0, 32; draw_string_vec4
    %concat/vec4; draw_string_vec4
    %store/vec4 v0xcb52777a0_0, 0, 64;
T_35.82 ;
    %load/vec4 v0xcb526f980_0;
    %flag_set/vec4 8;
    %jmp/0xz  T_35.84, 8;
    %pushi/vec4 0, 0, 32; draw_string_vec4
    %pushi/vec4 1734702193, 0, 32; draw_string_vec4
    %concat/vec4; draw_string_vec4
    %store/vec4 v0xcb52777a0_0, 0, 64;
T_35.84 ;
    %load/vec4 v0xcb5274500_0;
    %flag_set/vec4 8;
    %jmp/0xz  T_35.86, 8;
    %pushi/vec4 0, 0, 32; draw_string_vec4
    %pushi/vec4 1936028785, 0, 32; draw_string_vec4
    %concat/vec4; draw_string_vec4
    %store/vec4 v0xcb52777a0_0, 0, 64;
T_35.86 ;
    %load/vec4 v0xcb52743c0_0;
    %flag_set/vec4 8;
    %jmp/0xz  T_35.88, 8;
    %pushi/vec4 29285, 0, 32; draw_string_vec4
    %pushi/vec4 1953067633, 0, 32; draw_string_vec4
    %concat/vec4; draw_string_vec4
    %store/vec4 v0xcb52777a0_0, 0, 64;
T_35.88 ;
    %load/vec4 v0xcb526ff20_0;
    %flag_set/vec4 8;
    %jmp/0xz  T_35.90, 8;
    %pushi/vec4 7168371, 0, 32; draw_string_vec4
    %pushi/vec4 1802072689, 0, 32; draw_string_vec4
    %concat/vec4; draw_string_vec4
    %store/vec4 v0xcb52777a0_0, 0, 64;
T_35.90 ;
    %load/vec4 v0xcb5274f00_0;
    %flag_set/vec4 8;
    %jmp/0xz  T_35.92, 8;
    %pushi/vec4 7823721, 0, 32; draw_string_vec4
    %pushi/vec4 1953067633, 0, 32; draw_string_vec4
    %concat/vec4; draw_string_vec4
    %store/vec4 v0xcb52777a0_0, 0, 64;
T_35.92 ;
    %load/vec4 v0xcb5274dc0_0;
    %flag_set/vec4 8;
    %jmp/0xz  T_35.94, 8;
    %pushi/vec4 116, 0, 32; draw_string_vec4
    %pushi/vec4 1768777074, 0, 32; draw_string_vec4
    %concat/vec4; draw_string_vec4
    %store/vec4 v0xcb52777a0_0, 0, 64;
T_35.94 ;
    %jmp T_35;
    .thread T_35, $push;
    .scope S_0xcb4de8300;
T_36 ;
    %wait E_0xcb5249f80;
    %load/vec4 v0xcb526dcc0_0;
    %assign/vec4 v0xcb5278820_0, 0;
    %load/vec4 v0xcb526dea0_0;
    %assign/vec4 v0xcb52788c0_0, 0;
    %load/vec4 v0xcb526df40_0;
    %assign/vec4 v0xcb5278960_0, 0;
    %load/vec4 v0xcb526e080_0;
    %assign/vec4 v0xcb5278aa0_0, 0;
    %load/vec4 v0xcb526e120_0;
    %assign/vec4 v0xcb5278b40_0, 0;
    %load/vec4 v0xcb526dfe0_0;
    %assign/vec4 v0xcb5278a00_0, 0;
    %load/vec4 v0xcb5276440_0;
    %assign/vec4 v0xcb526e620_0, 0;
    %load/vec4 v0xcb5278fa0_0;
    %nor/r;
    %flag_set/vec4 8;
    %jmp/1 T_36.2, 8;
    %load/vec4 v0xcb5279400_0;
    %flag_set/vec4 9;
    %flag_or 8, 9;
T_36.2;
    %jmp/0xz  T_36.0, 8;
    %pushi/vec4 0, 0, 1;
    %assign/vec4 v0xcb526e940_0, 0;
    %jmp T_36.1;
T_36.0 ;
    %load/vec4 v0xcb5276440_0;
    %flag_set/vec4 8;
    %jmp/0xz  T_36.3, 8;
    %pushi/vec4 1, 0, 1;
    %assign/vec4 v0xcb526e940_0, 0;
T_36.3 ;
T_36.1 ;
    %load/vec4 v0xcb526ef80_0;
    %flag_set/vec4 8;
    %jmp/0xz  T_36.5, 8;
    %load/vec4 v0xcb52777a0_0;
    %assign/vec4 v0xcb526d0e0_0, 0;
    %load/vec4 v0xcb526e9e0_0;
    %assign/vec4 v0xcb526d180_0, 0;
    %load/vec4 v0xcb5277840_0;
    %parti/s 2, 0, 2;
    %and/r;
    %flag_set/vec4 8;
    %jmp/0xz  T_36.7, 8;
    %load/vec4 v0xcb5277840_0;
    %assign/vec4 v0xcb526d220_0, 0;
    %jmp T_36.8;
T_36.7 ;
    %pushi/vec4 0, 0, 16;
    %load/vec4 v0xcb5277840_0;
    %parti/s 16, 0, 2;
    %concat/vec4; draw_concat_vec4
    %assign/vec4 v0xcb526d220_0, 0;
T_36.8 ;
    %load/vec4 v0xcb526ec60_0;
    %assign/vec4 v0xcb526d360_0, 0;
    %load/vec4 v0xcb526ed00_0;
    %assign/vec4 v0xcb526d400_0, 0;
    %load/vec4 v0xcb526eb20_0;
    %assign/vec4 v0xcb526d2c0_0, 0;
T_36.5 ;
    %load/vec4 v0xcb5276440_0;
    %flag_set/vec4 8;
    %jmp/0xz  T_36.9, 8;
    %load/vec4 v0xcb5277980_0;
    %assign/vec4 v0xcb526de00_0, 0;
T_36.9 ;
    %jmp T_36;
    .thread T_36;
    .scope S_0xcb4de8300;
T_37 ;
    %wait E_0xcb524a100;
    %load/vec4 v0xcb5278820_0;
    %store/vec4 v0xcb526dcc0_0, 0, 64;
    %load/vec4 v0xcb52788c0_0;
    %store/vec4 v0xcb526dea0_0, 0, 32;
    %load/vec4 v0xcb5278960_0;
    %store/vec4 v0xcb526df40_0, 0, 32;
    %load/vec4 v0xcb5278aa0_0;
    %store/vec4 v0xcb526e080_0, 0, 5;
    %load/vec4 v0xcb5278b40_0;
    %store/vec4 v0xcb526e120_0, 0, 5;
    %load/vec4 v0xcb5278a00_0;
    %store/vec4 v0xcb526dfe0_0, 0, 5;
    %load/vec4 v0xcb526e620_0;
    %flag_set/vec4 8;
    %jmp/0xz  T_37.0, 8;
    %load/vec4 v0xcb526ee40_0;
    %flag_set/vec4 8;
    %jmp/0xz  T_37.2, 8;
    %load/vec4 v0xcb526d0e0_0;
    %store/vec4 v0xcb526dcc0_0, 0, 64;
    %load/vec4 v0xcb526d180_0;
    %store/vec4 v0xcb526dea0_0, 0, 32;
    %load/vec4 v0xcb526d220_0;
    %store/vec4 v0xcb526df40_0, 0, 32;
    %load/vec4 v0xcb526d360_0;
    %store/vec4 v0xcb526e080_0, 0, 5;
    %load/vec4 v0xcb526d400_0;
    %store/vec4 v0xcb526e120_0, 0, 5;
    %load/vec4 v0xcb526d2c0_0;
    %store/vec4 v0xcb526dfe0_0, 0, 5;
    %jmp T_37.3;
T_37.2 ;
    %load/vec4 v0xcb52777a0_0;
    %store/vec4 v0xcb526dcc0_0, 0, 64;
    %load/vec4 v0xcb5277840_0;
    %parti/s 2, 0, 2;
    %and/r;
    %flag_set/vec4 8;
    %jmp/0xz  T_37.4, 8;
    %load/vec4 v0xcb5277840_0;
    %store/vec4 v0xcb526df40_0, 0, 32;
    %jmp T_37.5;
T_37.4 ;
    %pushi/vec4 0, 0, 16;
    %load/vec4 v0xcb5277840_0;
    %parti/s 16, 0, 2;
    %concat/vec4; draw_concat_vec4
    %store/vec4 v0xcb526df40_0, 0, 32;
T_37.5 ;
    %load/vec4 v0xcb526e9e0_0;
    %store/vec4 v0xcb526dea0_0, 0, 32;
    %load/vec4 v0xcb526ec60_0;
    %store/vec4 v0xcb526e080_0, 0, 5;
    %load/vec4 v0xcb526ed00_0;
    %store/vec4 v0xcb526e120_0, 0, 5;
    %load/vec4 v0xcb526eb20_0;
    %store/vec4 v0xcb526dfe0_0, 0, 5;
T_37.3 ;
T_37.0 ;
    %jmp T_37;
    .thread T_37, $push;
    .scope S_0xcb4de8300;
T_38 ;
    %wait E_0xcb5249f80;
    %load/vec4 v0xcb526fde0_0;
    %load/vec4 v0xcb526f3e0_0;
    %concat/vec4; draw_concat_vec4
    %load/vec4 v0xcb526fa20_0;
    %concat/vec4; draw_concat_vec4
    %or/r;
    %assign/vec4 v0xcb5275900_0, 0;
    %load/vec4 v0xcb526fde0_0;
    %load/vec4 v0xcb526f3e0_0;
    %concat/vec4; draw_concat_vec4
    %load/vec4 v0xcb526fa20_0;
    %concat/vec4; draw_concat_vec4
    %load/vec4 v0xcb526fac0_0;
    %concat/vec4; draw_concat_vec4
    %load/vec4 v0xcb526f200_0;
    %concat/vec4; draw_concat_vec4
    %load/vec4 v0xcb526f160_0;
    %concat/vec4; draw_concat_vec4
    %load/vec4 v0xcb5274c80_0;
    %concat/vec4; draw_concat_vec4
    %or/r;
    %assign/vec4 v0xcb52759a0_0, 0;
    %load/vec4 v0xcb5274820_0;
    %load/vec4 v0xcb526f660_0;
    %concat/vec4; draw_concat_vec4
    %load/vec4 v0xcb5274780_0;
    %concat/vec4; draw_concat_vec4
    %or/r;
    %assign/vec4 v0xcb5275cc0_0, 0;
    %load/vec4 v0xcb52748c0_0;
    %load/vec4 v0xcb526f700_0;
    %concat/vec4; draw_concat_vec4
    %load/vec4 v0xcb5274960_0;
    %concat/vec4; draw_concat_vec4
    %or/r;
    %assign/vec4 v0xcb5275d60_0, 0;
    %load/vec4 v0xcb526fc00_0;
    %load/vec4 v0xcb526fd40_0;
    %concat/vec4; draw_concat_vec4
    %load/vec4 v0xcb526fe80_0;
    %concat/vec4; draw_concat_vec4
    %or/r;
    %assign/vec4 v0xcb5275860_0, 0;
    %load/vec4 v0xcb52755e0_0;
    %load/vec4 v0xcb5274820_0;
    %concat/vec4; draw_concat_vec4
    %load/vec4 v0xcb5274780_0;
    %concat/vec4; draw_concat_vec4
    %load/vec4 v0xcb52748c0_0;
    %concat/vec4; draw_concat_vec4
    %load/vec4 v0xcb5274960_0;
    %concat/vec4; draw_concat_vec4
    %or/r;
    %assign/vec4 v0xcb5275680_0, 0;
    %load/vec4 v0xcb5276760_0;
    %flag_set/vec4 9;
    %flag_get/vec4 9;
    %jmp/0 T_38.2, 9;
    %load/vec4 v0xcb52768a0_0;
    %and;
T_38.2;
    %flag_set/vec4 8;
    %jmp/0xz  T_38.0, 8;
    %load/vec4 v0xcb52770c0_0;
    %parti/s 7, 0, 2;
    %pushi/vec4 55, 0, 7;
    %cmp/e;
    %flag_get/vec4 4;
    %assign/vec4 v0xcb526fde0_0, 0;
    %load/vec4 v0xcb52770c0_0;
    %parti/s 7, 0, 2;
    %pushi/vec4 23, 0, 7;
    %cmp/e;
    %flag_get/vec4 4;
    %assign/vec4 v0xcb526f3e0_0, 0;
    %load/vec4 v0xcb52770c0_0;
    %parti/s 7, 0, 2;
    %pushi/vec4 111, 0, 7;
    %cmp/e;
    %flag_get/vec4 4;
    %assign/vec4 v0xcb526fa20_0, 0;
    %load/vec4 v0xcb52770c0_0;
    %parti/s 7, 0, 2;
    %cmpi/e 103, 0, 7;
    %flag_get/vec4 4;
    %jmp/0 T_38.3, 4;
    %load/vec4 v0xcb52770c0_0;
    %parti/s 3, 12, 5;
    %pushi/vec4 0, 0, 3;
    %cmp/e;
    %flag_get/vec4 4;
    %and;
T_38.3;
    %assign/vec4 v0xcb526fac0_0, 0;
    %load/vec4 v0xcb52770c0_0;
    %parti/s 7, 0, 2;
    %cmpi/e 11, 0, 7;
    %flag_get/vec4 4;
    %jmp/0 T_38.5, 4;
    %load/vec4 v0xcb52770c0_0;
    %parti/s 7, 25, 6;
    %pushi/vec4 2, 0, 7;
    %cmp/e;
    %flag_get/vec4 4;
    %and;
T_38.5;
    %flag_set/vec4 8;
    %flag_get/vec4 8;
    %jmp/0 T_38.4, 8;
    %pushi/vec4 0, 0, 1;
    %and;
T_38.4;
    %assign/vec4 v0xcb52743c0_0, 0;
    %load/vec4 v0xcb52770c0_0;
    %parti/s 7, 0, 2;
    %cmpi/e 11, 0, 7;
    %flag_get/vec4 4;
    %jmp/0 T_38.7, 4;
    %load/vec4 v0xcb52770c0_0;
    %parti/s 7, 25, 6;
    %pushi/vec4 4, 0, 7;
    %cmp/e;
    %flag_get/vec4 4;
    %and;
T_38.7;
    %flag_set/vec4 8;
    %flag_get/vec4 8;
    %jmp/0 T_38.6, 8;
    %pushi/vec4 0, 0, 1;
    %and;
T_38.6;
    %assign/vec4 v0xcb5274f00_0, 0;
    %load/vec4 v0xcb52770c0_0;
    %parti/s 7, 0, 2;
    %pushi/vec4 99, 0, 7;
    %cmp/e;
    %flag_get/vec4 4;
    %assign/vec4 v0xcb52755e0_0, 0;
    %load/vec4 v0xcb52770c0_0;
    %parti/s 7, 0, 2;
    %pushi/vec4 3, 0, 7;
    %cmp/e;
    %flag_get/vec4 4;
    %assign/vec4 v0xcb52757c0_0, 0;
    %load/vec4 v0xcb52770c0_0;
    %parti/s 7, 0, 2;
    %pushi/vec4 35, 0, 7;
    %cmp/e;
    %flag_get/vec4 4;
    %assign/vec4 v0xcb5275ae0_0, 0;
    %load/vec4 v0xcb52770c0_0;
    %parti/s 7, 0, 2;
    %pushi/vec4 19, 0, 7;
    %cmp/e;
    %flag_get/vec4 4;
    %assign/vec4 v0xcb52754a0_0, 0;
    %load/vec4 v0xcb52770c0_0;
    %parti/s 7, 0, 2;
    %pushi/vec4 51, 0, 7;
    %cmp/e;
    %flag_get/vec4 4;
    %assign/vec4 v0xcb5275540_0, 0;
    %load/vec4 v0xcb52770c0_0;
    %parti/s 20, 12, 5;
    %concati/vec4 0, 0, 1;
    %pad/s 32;
    %split/vec4 1;
    %ix/load 5, 0, 0;
    %ix/load 4, 0, 0;
    %flag_set/imm 4, 0;
    %assign/vec4/off/d v0xcb526ea80_0, 4, 5;
    %split/vec4 8;
    %ix/load 5, 0, 0;
    %ix/load 4, 12, 0;
    %flag_set/imm 4, 0;
    %assign/vec4/off/d v0xcb526ea80_0, 4, 5;
    %split/vec4 1;
    %ix/load 5, 0, 0;
    %ix/load 4, 11, 0;
    %flag_set/imm 4, 0;
    %assign/vec4/off/d v0xcb526ea80_0, 4, 5;
    %split/vec4 10;
    %ix/load 5, 0, 0;
    %ix/load 4, 1, 0;
    %flag_set/imm 4, 0;
    %assign/vec4/off/d v0xcb526ea80_0, 4, 5;
    %ix/load 5, 0, 0;
    %ix/load 4, 20, 0;
    %flag_set/imm 4, 0;
    %assign/vec4/off/d v0xcb526ea80_0, 4, 5;
    %load/vec4 v0xcb52770c0_0;
    %parti/s 5, 7, 4;
    %assign/vec4 v0xcb526eb20_0, 0;
    %load/vec4 v0xcb52770c0_0;
    %parti/s 5, 15, 5;
    %assign/vec4 v0xcb526ec60_0, 0;
    %load/vec4 v0xcb52770c0_0;
    %parti/s 5, 20, 6;
    %assign/vec4 v0xcb526ed00_0, 0;
    %load/vec4 v0xcb52770c0_0;
    %parti/s 7, 0, 2;
    %cmpi/e 11, 0, 7;
    %flag_get/vec4 4;
    %jmp/0 T_38.12, 4;
    %load/vec4 v0xcb52770c0_0;
    %parti/s 7, 25, 6;
    %pushi/vec4 0, 0, 7;
    %cmp/e;
    %flag_get/vec4 4;
    %and;
T_38.12;
    %flag_set/vec4 10;
    %flag_get/vec4 10;
    %jmp/0 T_38.11, 10;
    %pushi/vec4 0, 0, 1;
    %and;
T_38.11;
    %flag_set/vec4 9;
    %flag_get/vec4 9;
    %jmp/0 T_38.10, 9;
    %pushi/vec4 1, 0, 1;
    %and;
T_38.10;
    %flag_set/vec4 8;
    %jmp/0xz  T_38.8, 8;
    %pushi/vec4 1, 0, 1;
    %ix/load 5, 0, 0;
    %ix/load 4, 4, 0;
    %flag_set/imm 4, 0;
    %assign/vec4/off/d v0xcb526ec60_0, 4, 5;
T_38.8 ;
    %load/vec4 v0xcb52770c0_0;
    %parti/s 7, 0, 2;
    %cmpi/e 11, 0, 7;
    %flag_get/vec4 4;
    %jmp/0 T_38.16, 4;
    %load/vec4 v0xcb52770c0_0;
    %parti/s 7, 25, 6;
    %pushi/vec4 2, 0, 7;
    %cmp/e;
    %flag_get/vec4 4;
    %and;
T_38.16;
    %flag_set/vec4 9;
    %flag_get/vec4 9;
    %jmp/0 T_38.15, 9;
    %pushi/vec4 0, 0, 1;
    %and;
T_38.15;
    %flag_set/vec4 8;
    %jmp/0xz  T_38.13, 8;
    %pushi/vec4 0, 0, 5;
    %assign/vec4 v0xcb526ec60_0, 0;
T_38.13 ;
    %pushi/vec4 0, 0, 1;
    %assign/vec4 v0xcb526d680_0, 0;
T_38.0 ;
    %load/vec4 v0xcb526eee0_0;
    %flag_set/vec4 9;
    %flag_get/vec4 9;
    %jmp/0 T_38.19, 9;
    %load/vec4 v0xcb526eda0_0;
    %nor/r;
    %and;
T_38.19;
    %flag_set/vec4 8;
    %jmp/0xz  T_38.17, 8;
    %pushi/vec4 4294967295, 4294967295, 32;
    %assign/vec4 v0xcb5277ca0_0, 0;
    %load/vec4 v0xcb52755e0_0;
    %flag_set/vec4 8;
    %flag_get/vec4 8;
    %jmp/0 T_38.20, 8;
    %load/vec4 v0xcb5277200_0;
    %parti/s 3, 12, 5;
    %pushi/vec4 0, 0, 3;
    %cmp/e;
    %flag_get/vec4 4;
    %and;
T_38.20;
    %assign/vec4 v0xcb526f480_0, 0;
    %load/vec4 v0xcb52755e0_0;
    %flag_set/vec4 8;
    %flag_get/vec4 8;
    %jmp/0 T_38.21, 8;
    %load/vec4 v0xcb5277200_0;
    %parti/s 3, 12, 5;
    %pushi/vec4 1, 0, 3;
    %cmp/e;
    %flag_get/vec4 4;
    %and;
T_38.21;
    %assign/vec4 v0xcb526f7a0_0, 0;
    %load/vec4 v0xcb52755e0_0;
    %flag_set/vec4 8;
    %flag_get/vec4 8;
    %jmp/0 T_38.22, 8;
    %load/vec4 v0xcb5277200_0;
    %parti/s 3, 12, 5;
    %pushi/vec4 4, 0, 3;
    %cmp/e;
    %flag_get/vec4 4;
    %and;
T_38.22;
    %assign/vec4 v0xcb526f660_0, 0;
    %load/vec4 v0xcb52755e0_0;
    %flag_set/vec4 8;
    %flag_get/vec4 8;
    %jmp/0 T_38.23, 8;
    %load/vec4 v0xcb5277200_0;
    %parti/s 3, 12, 5;
    %pushi/vec4 5, 0, 3;
    %cmp/e;
    %flag_get/vec4 4;
    %and;
T_38.23;
    %assign/vec4 v0xcb526f520_0, 0;
    %load/vec4 v0xcb52755e0_0;
    %flag_set/vec4 8;
    %flag_get/vec4 8;
    %jmp/0 T_38.24, 8;
    %load/vec4 v0xcb5277200_0;
    %parti/s 3, 12, 5;
    %pushi/vec4 6, 0, 3;
    %cmp/e;
    %flag_get/vec4 4;
    %and;
T_38.24;
    %assign/vec4 v0xcb526f700_0, 0;
    %load/vec4 v0xcb52755e0_0;
    %flag_set/vec4 8;
    %flag_get/vec4 8;
    %jmp/0 T_38.25, 8;
    %load/vec4 v0xcb5277200_0;
    %parti/s 3, 12, 5;
    %pushi/vec4 7, 0, 3;
    %cmp/e;
    %flag_get/vec4 4;
    %and;
T_38.25;
    %assign/vec4 v0xcb526f5c0_0, 0;
    %load/vec4 v0xcb52757c0_0;
    %flag_set/vec4 8;
    %flag_get/vec4 8;
    %jmp/0 T_38.26, 8;
    %load/vec4 v0xcb5277200_0;
    %parti/s 3, 12, 5;
    %pushi/vec4 0, 0, 3;
    %cmp/e;
    %flag_get/vec4 4;
    %and;
T_38.26;
    %assign/vec4 v0xcb526fb60_0, 0;
    %load/vec4 v0xcb52757c0_0;
    %flag_set/vec4 8;
    %flag_get/vec4 8;
    %jmp/0 T_38.27, 8;
    %load/vec4 v0xcb5277200_0;
    %parti/s 3, 12, 5;
    %pushi/vec4 1, 0, 3;
    %cmp/e;
    %flag_get/vec4 4;
    %and;
T_38.27;
    %assign/vec4 v0xcb526fca0_0, 0;
    %load/vec4 v0xcb52757c0_0;
    %flag_set/vec4 8;
    %flag_get/vec4 8;
    %jmp/0 T_38.28, 8;
    %load/vec4 v0xcb5277200_0;
    %parti/s 3, 12, 5;
    %pushi/vec4 2, 0, 3;
    %cmp/e;
    %flag_get/vec4 4;
    %and;
T_38.28;
    %assign/vec4 v0xcb526fe80_0, 0;
    %load/vec4 v0xcb52757c0_0;
    %flag_set/vec4 8;
    %flag_get/vec4 8;
    %jmp/0 T_38.29, 8;
    %load/vec4 v0xcb5277200_0;
    %parti/s 3, 12, 5;
    %pushi/vec4 4, 0, 3;
    %cmp/e;
    %flag_get/vec4 4;
    %and;
T_38.29;
    %assign/vec4 v0xcb526fc00_0, 0;
    %load/vec4 v0xcb52757c0_0;
    %flag_set/vec4 8;
    %flag_get/vec4 8;
    %jmp/0 T_38.30, 8;
    %load/vec4 v0xcb5277200_0;
    %parti/s 3, 12, 5;
    %pushi/vec4 5, 0, 3;
    %cmp/e;
    %flag_get/vec4 4;
    %and;
T_38.30;
    %assign/vec4 v0xcb526fd40_0, 0;
    %load/vec4 v0xcb5275ae0_0;
    %flag_set/vec4 8;
    %flag_get/vec4 8;
    %jmp/0 T_38.31, 8;
    %load/vec4 v0xcb5277200_0;
    %parti/s 3, 12, 5;
    %pushi/vec4 0, 0, 3;
    %cmp/e;
    %flag_get/vec4 4;
    %and;
T_38.31;
    %assign/vec4 v0xcb5274460_0, 0;
    %load/vec4 v0xcb5275ae0_0;
    %flag_set/vec4 8;
    %flag_get/vec4 8;
    %jmp/0 T_38.32, 8;
    %load/vec4 v0xcb5277200_0;
    %parti/s 3, 12, 5;
    %pushi/vec4 1, 0, 3;
    %cmp/e;
    %flag_get/vec4 4;
    %and;
T_38.32;
    %assign/vec4 v0xcb52745a0_0, 0;
    %load/vec4 v0xcb5275ae0_0;
    %flag_set/vec4 8;
    %flag_get/vec4 8;
    %jmp/0 T_38.33, 8;
    %load/vec4 v0xcb5277200_0;
    %parti/s 3, 12, 5;
    %pushi/vec4 2, 0, 3;
    %cmp/e;
    %flag_get/vec4 4;
    %and;
T_38.33;
    %assign/vec4 v0xcb5274d20_0, 0;
    %load/vec4 v0xcb52754a0_0;
    %flag_set/vec4 8;
    %flag_get/vec4 8;
    %jmp/0 T_38.34, 8;
    %load/vec4 v0xcb5277200_0;
    %parti/s 3, 12, 5;
    %pushi/vec4 0, 0, 3;
    %cmp/e;
    %flag_get/vec4 4;
    %and;
T_38.34;
    %assign/vec4 v0xcb526f200_0, 0;
    %load/vec4 v0xcb52754a0_0;
    %flag_set/vec4 8;
    %flag_get/vec4 8;
    %jmp/0 T_38.35, 8;
    %load/vec4 v0xcb5277200_0;
    %parti/s 3, 12, 5;
    %pushi/vec4 2, 0, 3;
    %cmp/e;
    %flag_get/vec4 4;
    %and;
T_38.35;
    %assign/vec4 v0xcb5274820_0, 0;
    %load/vec4 v0xcb52754a0_0;
    %flag_set/vec4 8;
    %flag_get/vec4 8;
    %jmp/0 T_38.36, 8;
    %load/vec4 v0xcb5277200_0;
    %parti/s 3, 12, 5;
    %pushi/vec4 3, 0, 3;
    %cmp/e;
    %flag_get/vec4 4;
    %and;
T_38.36;
    %assign/vec4 v0xcb52748c0_0, 0;
    %load/vec4 v0xcb52754a0_0;
    %flag_set/vec4 8;
    %flag_get/vec4 8;
    %jmp/0 T_38.37, 8;
    %load/vec4 v0xcb5277200_0;
    %parti/s 3, 12, 5;
    %pushi/vec4 4, 0, 3;
    %cmp/e;
    %flag_get/vec4 4;
    %and;
T_38.37;
    %assign/vec4 v0xcb5275040_0, 0;
    %load/vec4 v0xcb52754a0_0;
    %flag_set/vec4 8;
    %flag_get/vec4 8;
    %jmp/0 T_38.38, 8;
    %load/vec4 v0xcb5277200_0;
    %parti/s 3, 12, 5;
    %pushi/vec4 6, 0, 3;
    %cmp/e;
    %flag_get/vec4 4;
    %and;
T_38.38;
    %assign/vec4 v0xcb52740a0_0, 0;
    %load/vec4 v0xcb52754a0_0;
    %flag_set/vec4 8;
    %flag_get/vec4 8;
    %jmp/0 T_38.39, 8;
    %load/vec4 v0xcb5277200_0;
    %parti/s 3, 12, 5;
    %pushi/vec4 7, 0, 3;
    %cmp/e;
    %flag_get/vec4 4;
    %and;
T_38.39;
    %assign/vec4 v0xcb526f340_0, 0;
    %load/vec4 v0xcb52754a0_0;
    %flag_set/vec4 9;
    %flag_get/vec4 9;
    %jmp/0 T_38.41, 9;
    %load/vec4 v0xcb5277200_0;
    %parti/s 3, 12, 5;
    %pushi/vec4 1, 0, 3;
    %cmp/e;
    %flag_get/vec4 4;
    %and;
T_38.41;
    %flag_set/vec4 8;
    %flag_get/vec4 8;
    %jmp/0 T_38.40, 8;
    %load/vec4 v0xcb5277200_0;
    %parti/s 7, 25, 6;
    %pushi/vec4 0, 0, 7;
    %cmp/e;
    %flag_get/vec4 4;
    %and;
T_38.40;
    %assign/vec4 v0xcb52746e0_0, 0;
    %load/vec4 v0xcb52754a0_0;
    %flag_set/vec4 9;
    %flag_get/vec4 9;
    %jmp/0 T_38.43, 9;
    %load/vec4 v0xcb5277200_0;
    %parti/s 3, 12, 5;
    %pushi/vec4 5, 0, 3;
    %cmp/e;
    %flag_get/vec4 4;
    %and;
T_38.43;
    %flag_set/vec4 8;
    %flag_get/vec4 8;
    %jmp/0 T_38.42, 8;
    %load/vec4 v0xcb5277200_0;
    %parti/s 7, 25, 6;
    %pushi/vec4 0, 0, 7;
    %cmp/e;
    %flag_get/vec4 4;
    %and;
T_38.42;
    %assign/vec4 v0xcb5274be0_0, 0;
    %load/vec4 v0xcb52754a0_0;
    %flag_set/vec4 9;
    %flag_get/vec4 9;
    %jmp/0 T_38.45, 9;
    %load/vec4 v0xcb5277200_0;
    %parti/s 3, 12, 5;
    %pushi/vec4 5, 0, 3;
    %cmp/e;
    %flag_get/vec4 4;
    %and;
T_38.45;
    %flag_set/vec4 8;
    %flag_get/vec4 8;
    %jmp/0 T_38.44, 8;
    %load/vec4 v0xcb5277200_0;
    %parti/s 7, 25, 6;
    %pushi/vec4 32, 0, 7;
    %cmp/e;
    %flag_get/vec4 4;
    %and;
T_38.44;
    %assign/vec4 v0xcb5274aa0_0, 0;
    %load/vec4 v0xcb5275540_0;
    %flag_set/vec4 9;
    %flag_get/vec4 9;
    %jmp/0 T_38.47, 9;
    %load/vec4 v0xcb5277200_0;
    %parti/s 3, 12, 5;
    %pushi/vec4 0, 0, 3;
    %cmp/e;
    %flag_get/vec4 4;
    %and;
T_38.47;
    %flag_set/vec4 8;
    %flag_get/vec4 8;
    %jmp/0 T_38.46, 8;
    %load/vec4 v0xcb5277200_0;
    %parti/s 7, 25, 6;
    %pushi/vec4 0, 0, 7;
    %cmp/e;
    %flag_get/vec4 4;
    %and;
T_38.46;
    %assign/vec4 v0xcb526f160_0, 0;
    %load/vec4 v0xcb5275540_0;
    %flag_set/vec4 9;
    %flag_get/vec4 9;
    %jmp/0 T_38.49, 9;
    %load/vec4 v0xcb5277200_0;
    %parti/s 3, 12, 5;
    %pushi/vec4 0, 0, 3;
    %cmp/e;
    %flag_get/vec4 4;
    %and;
T_38.49;
    %flag_set/vec4 8;
    %flag_get/vec4 8;
    %jmp/0 T_38.48, 8;
    %load/vec4 v0xcb5277200_0;
    %parti/s 7, 25, 6;
    %pushi/vec4 32, 0, 7;
    %cmp/e;
    %flag_get/vec4 4;
    %and;
T_38.48;
    %assign/vec4 v0xcb5274c80_0, 0;
    %load/vec4 v0xcb5275540_0;
    %flag_set/vec4 9;
    %flag_get/vec4 9;
    %jmp/0 T_38.51, 9;
    %load/vec4 v0xcb5277200_0;
    %parti/s 3, 12, 5;
    %pushi/vec4 1, 0, 3;
    %cmp/e;
    %flag_get/vec4 4;
    %and;
T_38.51;
    %flag_set/vec4 8;
    %flag_get/vec4 8;
    %jmp/0 T_38.50, 8;
    %load/vec4 v0xcb5277200_0;
    %parti/s 7, 25, 6;
    %pushi/vec4 0, 0, 7;
    %cmp/e;
    %flag_get/vec4 4;
    %and;
T_38.50;
    %assign/vec4 v0xcb5274640_0, 0;
    %load/vec4 v0xcb5275540_0;
    %flag_set/vec4 9;
    %flag_get/vec4 9;
    %jmp/0 T_38.53, 9;
    %load/vec4 v0xcb5277200_0;
    %parti/s 3, 12, 5;
    %pushi/vec4 2, 0, 3;
    %cmp/e;
    %flag_get/vec4 4;
    %and;
T_38.53;
    %flag_set/vec4 8;
    %flag_get/vec4 8;
    %jmp/0 T_38.52, 8;
    %load/vec4 v0xcb5277200_0;
    %parti/s 7, 25, 6;
    %pushi/vec4 0, 0, 7;
    %cmp/e;
    %flag_get/vec4 4;
    %and;
T_38.52;
    %assign/vec4 v0xcb5274780_0, 0;
    %load/vec4 v0xcb5275540_0;
    %flag_set/vec4 9;
    %flag_get/vec4 9;
    %jmp/0 T_38.55, 9;
    %load/vec4 v0xcb5277200_0;
    %parti/s 3, 12, 5;
    %pushi/vec4 3, 0, 3;
    %cmp/e;
    %flag_get/vec4 4;
    %and;
T_38.55;
    %flag_set/vec4 8;
    %flag_get/vec4 8;
    %jmp/0 T_38.54, 8;
    %load/vec4 v0xcb5277200_0;
    %parti/s 7, 25, 6;
    %pushi/vec4 0, 0, 7;
    %cmp/e;
    %flag_get/vec4 4;
    %and;
T_38.54;
    %assign/vec4 v0xcb5274960_0, 0;
    %load/vec4 v0xcb5275540_0;
    %flag_set/vec4 9;
    %flag_get/vec4 9;
    %jmp/0 T_38.57, 9;
    %load/vec4 v0xcb5277200_0;
    %parti/s 3, 12, 5;
    %pushi/vec4 4, 0, 3;
    %cmp/e;
    %flag_get/vec4 4;
    %and;
T_38.57;
    %flag_set/vec4 8;
    %flag_get/vec4 8;
    %jmp/0 T_38.56, 8;
    %load/vec4 v0xcb5277200_0;
    %parti/s 7, 25, 6;
    %pushi/vec4 0, 0, 7;
    %cmp/e;
    %flag_get/vec4 4;
    %and;
T_38.56;
    %assign/vec4 v0xcb5274fa0_0, 0;
    %load/vec4 v0xcb5275540_0;
    %flag_set/vec4 9;
    %flag_get/vec4 9;
    %jmp/0 T_38.59, 9;
    %load/vec4 v0xcb5277200_0;
    %parti/s 3, 12, 5;
    %pushi/vec4 5, 0, 3;
    %cmp/e;
    %flag_get/vec4 4;
    %and;
T_38.59;
    %flag_set/vec4 8;
    %flag_get/vec4 8;
    %jmp/0 T_38.58, 8;
    %load/vec4 v0xcb5277200_0;
    %parti/s 7, 25, 6;
    %pushi/vec4 0, 0, 7;
    %cmp/e;
    %flag_get/vec4 4;
    %and;
T_38.58;
    %assign/vec4 v0xcb5274b40_0, 0;
    %load/vec4 v0xcb5275540_0;
    %flag_set/vec4 9;
    %flag_get/vec4 9;
    %jmp/0 T_38.61, 9;
    %load/vec4 v0xcb5277200_0;
    %parti/s 3, 12, 5;
    %pushi/vec4 5, 0, 3;
    %cmp/e;
    %flag_get/vec4 4;
    %and;
T_38.61;
    %flag_set/vec4 8;
    %flag_get/vec4 8;
    %jmp/0 T_38.60, 8;
    %load/vec4 v0xcb5277200_0;
    %parti/s 7, 25, 6;
    %pushi/vec4 32, 0, 7;
    %cmp/e;
    %flag_get/vec4 4;
    %and;
T_38.60;
    %assign/vec4 v0xcb5274a00_0, 0;
    %load/vec4 v0xcb5275540_0;
    %flag_set/vec4 9;
    %flag_get/vec4 9;
    %jmp/0 T_38.63, 9;
    %load/vec4 v0xcb5277200_0;
    %parti/s 3, 12, 5;
    %pushi/vec4 6, 0, 3;
    %cmp/e;
    %flag_get/vec4 4;
    %and;
T_38.63;
    %flag_set/vec4 8;
    %flag_get/vec4 8;
    %jmp/0 T_38.62, 8;
    %load/vec4 v0xcb5277200_0;
    %parti/s 7, 25, 6;
    %pushi/vec4 0, 0, 7;
    %cmp/e;
    %flag_get/vec4 4;
    %and;
T_38.62;
    %assign/vec4 v0xcb5274000_0, 0;
    %load/vec4 v0xcb5275540_0;
    %flag_set/vec4 9;
    %flag_get/vec4 9;
    %jmp/0 T_38.65, 9;
    %load/vec4 v0xcb5277200_0;
    %parti/s 3, 12, 5;
    %pushi/vec4 7, 0, 3;
    %cmp/e;
    %flag_get/vec4 4;
    %and;
T_38.65;
    %flag_set/vec4 8;
    %flag_get/vec4 8;
    %jmp/0 T_38.64, 8;
    %load/vec4 v0xcb5277200_0;
    %parti/s 7, 25, 6;
    %pushi/vec4 0, 0, 7;
    %cmp/e;
    %flag_get/vec4 4;
    %and;
T_38.64;
    %assign/vec4 v0xcb526f2a0_0, 0;
    %load/vec4 v0xcb5277200_0;
    %parti/s 7, 0, 2;
    %cmpi/e 115, 0, 7;
    %flag_get/vec4 4;
    %jmp/0 T_38.68, 4;
    %load/vec4 v0xcb5277200_0;
    %parti/s 20, 12, 5;
    %pad/u 32;
    %pushi/vec4 786434, 0, 32;
    %cmp/e;
    %flag_get/vec4 4;
    %and;
T_38.68;
    %flag_set/vec4 8;
    %jmp/1 T_38.67, 8;
    %load/vec4 v0xcb5277200_0;
    %parti/s 7, 0, 2;
    %cmpi/e 115, 0, 7;
    %flag_get/vec4 4;
    %jmp/0 T_38.69, 4;
    %load/vec4 v0xcb5277200_0;
    %parti/s 20, 12, 5;
    %pad/u 32;
    %pushi/vec4 786690, 0, 32;
    %cmp/e;
    %flag_get/vec4 4;
    %and;
T_38.69;
    %flag_set/vec4 9;
    %flag_or 8, 9;
T_38.67;
    %flag_get/vec4 8;
    %jmp/0 T_38.66, 8;
    %pushi/vec4 1, 0, 1;
    %and;
T_38.66;
    %assign/vec4 v0xcb5274140_0, 0;
    %load/vec4 v0xcb5277200_0;
    %parti/s 7, 0, 2;
    %cmpi/e 115, 0, 7;
    %flag_get/vec4 4;
    %jmp/0 T_38.73, 4;
    %load/vec4 v0xcb5277200_0;
    %parti/s 20, 12, 5;
    %pad/u 32;
    %pushi/vec4 819202, 0, 32;
    %cmp/e;
    %flag_get/vec4 4;
    %and;
T_38.73;
    %flag_set/vec4 9;
    %jmp/1 T_38.72, 9;
    %load/vec4 v0xcb5277200_0;
    %parti/s 7, 0, 2;
    %cmpi/e 115, 0, 7;
    %flag_get/vec4 4;
    %jmp/0 T_38.74, 4;
    %load/vec4 v0xcb5277200_0;
    %parti/s 20, 12, 5;
    %pad/u 32;
    %pushi/vec4 819458, 0, 32;
    %cmp/e;
    %flag_get/vec4 4;
    %and;
T_38.74;
    %flag_set/vec4 10;
    %flag_or 9, 10;
T_38.72;
    %flag_get/vec4 9;
    %jmp/0 T_38.71, 9;
    %pushi/vec4 1, 0, 1;
    %and;
T_38.71;
    %flag_set/vec4 8;
    %flag_get/vec4 8;
    %jmp/0 T_38.70, 8;
    %pushi/vec4 1, 0, 1;
    %and;
T_38.70;
    %assign/vec4 v0xcb52741e0_0, 0;
    %load/vec4 v0xcb5277200_0;
    %parti/s 7, 0, 2;
    %cmpi/e 115, 0, 7;
    %flag_get/vec4 4;
    %jmp/0 T_38.76, 4;
    %load/vec4 v0xcb5277200_0;
    %parti/s 20, 12, 5;
    %pad/u 32;
    %pushi/vec4 786946, 0, 32;
    %cmp/e;
    %flag_get/vec4 4;
    %and;
T_38.76;
    %flag_set/vec4 8;
    %flag_get/vec4 8;
    %jmp/0 T_38.75, 8;
    %pushi/vec4 1, 0, 1;
    %and;
T_38.75;
    %assign/vec4 v0xcb5274280_0, 0;
    %load/vec4 v0xcb5277200_0;
    %parti/s 7, 0, 2;
    %cmpi/e 115, 0, 7;
    %flag_get/vec4 4;
    %jmp/0 T_38.79, 4;
    %load/vec4 v0xcb5277200_0;
    %parti/s 20, 12, 5;
    %pad/u 32;
    %pushi/vec4 819714, 0, 32;
    %cmp/e;
    %flag_get/vec4 4;
    %and;
T_38.79;
    %flag_set/vec4 9;
    %flag_get/vec4 9;
    %jmp/0 T_38.78, 9;
    %pushi/vec4 1, 0, 1;
    %and;
T_38.78;
    %flag_set/vec4 8;
    %flag_get/vec4 8;
    %jmp/0 T_38.77, 8;
    %pushi/vec4 1, 0, 1;
    %and;
T_38.77;
    %assign/vec4 v0xcb5274320_0, 0;
    %load/vec4 v0xcb5277200_0;
    %parti/s 7, 0, 2;
    %cmpi/e 115, 0, 7;
    %flag_get/vec4 4;
    %jmp/0 T_38.82, 4;
    %load/vec4 v0xcb5277200_0;
    %parti/s 11, 21, 6;
    %nor/r;
    %and;
T_38.82;
    %flag_set/vec4 9;
    %flag_get/vec4 9;
    %jmp/0 T_38.81, 9;
    %load/vec4 v0xcb5277200_0;
    %parti/s 13, 7, 4;
    %nor/r;
    %and;
T_38.81;
    %flag_set/vec4 8;
    %flag_get/vec4 8;
    %jmp/1 T_38.80, 8;
    %pushi/vec4 0, 0, 1;
    %or;
T_38.80;
    %assign/vec4 v0xcb526f840_0, 0;
    %load/vec4 v0xcb5277200_0;
    %parti/s 7, 0, 2;
    %cmpi/e 15, 0, 7;
    %flag_get/vec4 4;
    %jmp/0 T_38.83, 4;
    %load/vec4 v0xcb5277200_0;
    %parti/s 3, 12, 5;
    %nor/r;
    %and;
T_38.83;
    %assign/vec4 v0xcb526f8e0_0, 0;
    %load/vec4 v0xcb5277200_0;
    %parti/s 7, 0, 2;
    %cmpi/e 11, 0, 7;
    %flag_get/vec4 4;
    %jmp/0 T_38.86, 4;
    %load/vec4 v0xcb5277200_0;
    %parti/s 7, 25, 6;
    %pushi/vec4 0, 0, 7;
    %cmp/e;
    %flag_get/vec4 4;
    %and;
T_38.86;
    %flag_set/vec4 9;
    %flag_get/vec4 9;
    %jmp/0 T_38.85, 9;
    %pushi/vec4 0, 0, 1;
    %and;
T_38.85;
    %flag_set/vec4 8;
    %flag_get/vec4 8;
    %jmp/0 T_38.84, 8;
    %pushi/vec4 1, 0, 1;
    %and;
T_38.84;
    %assign/vec4 v0xcb526f980_0, 0;
    %load/vec4 v0xcb5277200_0;
    %parti/s 7, 0, 2;
    %cmpi/e 11, 0, 7;
    %flag_get/vec4 4;
    %jmp/0 T_38.89, 4;
    %load/vec4 v0xcb5277200_0;
    %parti/s 7, 25, 6;
    %pushi/vec4 1, 0, 7;
    %cmp/e;
    %flag_get/vec4 4;
    %and;
T_38.89;
    %flag_set/vec4 9;
    %flag_get/vec4 9;
    %jmp/0 T_38.88, 9;
    %pushi/vec4 0, 0, 1;
    %and;
T_38.88;
    %flag_set/vec4 8;
    %flag_get/vec4 8;
    %jmp/0 T_38.87, 8;
    %pushi/vec4 1, 0, 1;
    %and;
T_38.87;
    %assign/vec4 v0xcb5274500_0, 0;
    %load/vec4 v0xcb5277200_0;
    %parti/s 7, 0, 2;
    %cmpi/e 11, 0, 7;
    %flag_get/vec4 4;
    %jmp/0 T_38.91, 4;
    %load/vec4 v0xcb5277200_0;
    %parti/s 7, 25, 6;
    %pushi/vec4 3, 0, 7;
    %cmp/e;
    %flag_get/vec4 4;
    %and;
T_38.91;
    %flag_set/vec4 8;
    %flag_get/vec4 8;
    %jmp/0 T_38.90, 8;
    %pushi/vec4 0, 0, 1;
    %and;
T_38.90;
    %assign/vec4 v0xcb526ff20_0, 0;
    %load/vec4 v0xcb5277200_0;
    %parti/s 7, 0, 2;
    %cmpi/e 11, 0, 7;
    %flag_get/vec4 4;
    %jmp/0 T_38.94, 4;
    %load/vec4 v0xcb5277200_0;
    %parti/s 7, 25, 6;
    %pushi/vec4 5, 0, 7;
    %cmp/e;
    %flag_get/vec4 4;
    %and;
T_38.94;
    %flag_set/vec4 9;
    %flag_get/vec4 9;
    %jmp/0 T_38.93, 9;
    %pushi/vec4 0, 0, 1;
    %and;
T_38.93;
    %flag_set/vec4 8;
    %flag_get/vec4 8;
    %jmp/0 T_38.92, 8;
    %pushi/vec4 1, 0, 1;
    %and;
T_38.92;
    %assign/vec4 v0xcb5274dc0_0, 0;
    %load/vec4 v0xcb52754a0_0;
    %flag_set/vec4 8;
    %flag_get/vec4 8;
    %jmp/0 T_38.95, 8;
    %load/vec4 v0xcb5277200_0;
    %parti/s 3, 12, 5;
    %cmpi/e 1, 0, 3;
    %flag_get/vec4 4;
    %jmp/0 T_38.96, 4;
    %load/vec4 v0xcb5277200_0;
    %parti/s 7, 25, 6;
    %pushi/vec4 0, 0, 7;
    %cmp/e;
    %flag_get/vec4 4;
    %and;
T_38.96;
    %load/vec4 v0xcb5277200_0;
    %parti/s 3, 12, 5;
    %cmpi/e 5, 0, 3;
    %flag_get/vec4 4;
    %jmp/0 T_38.97, 4;
    %load/vec4 v0xcb5277200_0;
    %parti/s 7, 25, 6;
    %pushi/vec4 0, 0, 7;
    %cmp/e;
    %flag_get/vec4 4;
    %and;
T_38.97;
    %concat/vec4; draw_concat_vec4
    %load/vec4 v0xcb5277200_0;
    %parti/s 3, 12, 5;
    %cmpi/e 5, 0, 3;
    %flag_get/vec4 4;
    %jmp/0 T_38.98, 4;
    %load/vec4 v0xcb5277200_0;
    %parti/s 7, 25, 6;
    %pushi/vec4 32, 0, 7;
    %cmp/e;
    %flag_get/vec4 4;
    %and;
T_38.98;
    %concat/vec4; draw_concat_vec4
    %or/r;
    %and;
T_38.95;
    %assign/vec4 v0xcb5275c20_0, 0;
    %load/vec4 v0xcb526fac0_0;
    %flag_set/vec4 8;
    %flag_get/vec4 8;
    %jmp/1 T_38.99, 8;
    %load/vec4 v0xcb52754a0_0;
    %flag_set/vec4 8;
    %flag_get/vec4 8;
    %jmp/0 T_38.100, 8;
    %load/vec4 v0xcb5277200_0;
    %parti/s 3, 12, 5;
    %pushi/vec4 0, 0, 3;
    %cmp/e;
    %flag_get/vec4 4;
    %load/vec4 v0xcb5277200_0;
    %parti/s 3, 12, 5;
    %pushi/vec4 2, 0, 3;
    %cmp/e;
    %flag_get/vec4 4;
    %concat/vec4; draw_concat_vec4
    %load/vec4 v0xcb5277200_0;
    %parti/s 3, 12, 5;
    %pushi/vec4 3, 0, 3;
    %cmp/e;
    %flag_get/vec4 4;
    %concat/vec4; draw_concat_vec4
    %load/vec4 v0xcb5277200_0;
    %parti/s 3, 12, 5;
    %pushi/vec4 4, 0, 3;
    %cmp/e;
    %flag_get/vec4 4;
    %concat/vec4; draw_concat_vec4
    %load/vec4 v0xcb5277200_0;
    %parti/s 3, 12, 5;
    %pushi/vec4 6, 0, 3;
    %cmp/e;
    %flag_get/vec4 4;
    %concat/vec4; draw_concat_vec4
    %load/vec4 v0xcb5277200_0;
    %parti/s 3, 12, 5;
    %pushi/vec4 7, 0, 3;
    %cmp/e;
    %flag_get/vec4 4;
    %concat/vec4; draw_concat_vec4
    %or/r;
    %and;
T_38.100;
    %or;
T_38.99;
    %assign/vec4 v0xcb5275720_0, 0;
    %load/vec4 v0xcb5275540_0;
    %flag_set/vec4 8;
    %flag_get/vec4 8;
    %jmp/0 T_38.101, 8;
    %load/vec4 v0xcb5277200_0;
    %parti/s 3, 12, 5;
    %cmpi/e 1, 0, 3;
    %flag_get/vec4 4;
    %jmp/0 T_38.102, 4;
    %load/vec4 v0xcb5277200_0;
    %parti/s 7, 25, 6;
    %pushi/vec4 0, 0, 7;
    %cmp/e;
    %flag_get/vec4 4;
    %and;
T_38.102;
    %load/vec4 v0xcb5277200_0;
    %parti/s 3, 12, 5;
    %cmpi/e 5, 0, 3;
    %flag_get/vec4 4;
    %jmp/0 T_38.103, 4;
    %load/vec4 v0xcb5277200_0;
    %parti/s 7, 25, 6;
    %pushi/vec4 0, 0, 7;
    %cmp/e;
    %flag_get/vec4 4;
    %and;
T_38.103;
    %concat/vec4; draw_concat_vec4
    %load/vec4 v0xcb5277200_0;
    %parti/s 3, 12, 5;
    %cmpi/e 5, 0, 3;
    %flag_get/vec4 4;
    %jmp/0 T_38.104, 4;
    %load/vec4 v0xcb5277200_0;
    %parti/s 7, 25, 6;
    %pushi/vec4 32, 0, 7;
    %cmp/e;
    %flag_get/vec4 4;
    %and;
T_38.104;
    %concat/vec4; draw_concat_vec4
    %or/r;
    %and;
T_38.101;
    %assign/vec4 v0xcb5275b80_0, 0;
    %pushi/vec4 0, 0, 1;
    %assign/vec4 v0xcb52759a0_0, 0;
    %pushi/vec4 0, 0, 1;
    %assign/vec4 v0xcb5275680_0, 0;
    %pushi/vec4 1, 0, 1;
    %dup/vec4;
    %load/vec4 v0xcb526fa20_0;
    %cmp/u;
    %jmp/1 T_38.105, 6;
    %dup/vec4;
    %load/vec4 v0xcb526fde0_0;
    %load/vec4 v0xcb526f3e0_0;
    %concat/vec4; draw_concat_vec4
    %or/r;
    %cmp/u;
    %jmp/1 T_38.106, 6;
    %dup/vec4;
    %load/vec4 v0xcb526fac0_0;
    %load/vec4 v0xcb52757c0_0;
    %concat/vec4; draw_concat_vec4
    %load/vec4 v0xcb52754a0_0;
    %concat/vec4; draw_concat_vec4
    %or/r;
    %cmp/u;
    %jmp/1 T_38.107, 6;
    %dup/vec4;
    %load/vec4 v0xcb52755e0_0;
    %cmp/u;
    %jmp/1 T_38.108, 6;
    %dup/vec4;
    %load/vec4 v0xcb5275ae0_0;
    %cmp/u;
    %jmp/1 T_38.109, 6;
    %pushi/vec4 1, 1, 32;
    %assign/vec4 v0xcb526e9e0_0, 0;
    %jmp T_38.111;
T_38.105 ;
    %load/vec4 v0xcb526ea80_0;
    %assign/vec4 v0xcb526e9e0_0, 0;
    %jmp T_38.111;
T_38.106 ;
    %load/vec4 v0xcb5277200_0;
    %parti/s 20, 12, 5;
    %pad/u 32;
    %ix/load 4, 12, 0;
    %flag_set/imm 4, 0;
    %shiftl 4;
    %assign/vec4 v0xcb526e9e0_0, 0;
    %jmp T_38.111;
T_38.107 ;
    %load/vec4 v0xcb5277200_0;
    %parti/s 12, 20, 6;
    %pad/s 32;
    %assign/vec4 v0xcb526e9e0_0, 0;
    %jmp T_38.111;
T_38.108 ;
    %load/vec4 v0xcb5277200_0;
    %parti/s 1, 31, 6;
    %load/vec4 v0xcb5277200_0;
    %parti/s 1, 7, 4;
    %concat/vec4; draw_concat_vec4
    %load/vec4 v0xcb5277200_0;
    %parti/s 6, 25, 6;
    %concat/vec4; draw_concat_vec4
    %load/vec4 v0xcb5277200_0;
    %parti/s 4, 8, 5;
    %concat/vec4; draw_concat_vec4
    %concati/vec4 0, 0, 1;
    %pad/s 32;
    %assign/vec4 v0xcb526e9e0_0, 0;
    %jmp T_38.111;
T_38.109 ;
    %load/vec4 v0xcb5277200_0;
    %parti/s 7, 25, 6;
    %load/vec4 v0xcb5277200_0;
    %parti/s 5, 7, 4;
    %concat/vec4; draw_concat_vec4
    %pad/s 32;
    %assign/vec4 v0xcb526e9e0_0, 0;
    %jmp T_38.111;
T_38.111 ;
    %pop/vec4 1;
T_38.17 ;
    %load/vec4 v0xcb5278fa0_0;
    %nor/r;
    %flag_set/vec4 8;
    %jmp/0xz  T_38.112, 8;
    %pushi/vec4 0, 0, 1;
    %assign/vec4 v0xcb52755e0_0, 0;
    %pushi/vec4 0, 0, 1;
    %assign/vec4 v0xcb5275680_0, 0;
    %pushi/vec4 0, 0, 1;
    %assign/vec4 v0xcb526f480_0, 0;
    %pushi/vec4 0, 0, 1;
    %assign/vec4 v0xcb526f7a0_0, 0;
    %pushi/vec4 0, 0, 1;
    %assign/vec4 v0xcb526f660_0, 0;
    %pushi/vec4 0, 0, 1;
    %assign/vec4 v0xcb526f520_0, 0;
    %pushi/vec4 0, 0, 1;
    %assign/vec4 v0xcb526f700_0, 0;
    %pushi/vec4 0, 0, 1;
    %assign/vec4 v0xcb526f5c0_0, 0;
    %pushi/vec4 0, 0, 1;
    %assign/vec4 v0xcb526f200_0, 0;
    %pushi/vec4 0, 0, 1;
    %assign/vec4 v0xcb5274820_0, 0;
    %pushi/vec4 0, 0, 1;
    %assign/vec4 v0xcb52748c0_0, 0;
    %pushi/vec4 0, 0, 1;
    %assign/vec4 v0xcb5275040_0, 0;
    %pushi/vec4 0, 0, 1;
    %assign/vec4 v0xcb52740a0_0, 0;
    %pushi/vec4 0, 0, 1;
    %assign/vec4 v0xcb526f340_0, 0;
    %pushi/vec4 0, 0, 1;
    %assign/vec4 v0xcb526f160_0, 0;
    %pushi/vec4 0, 0, 1;
    %assign/vec4 v0xcb5274c80_0, 0;
    %pushi/vec4 0, 0, 1;
    %assign/vec4 v0xcb5274640_0, 0;
    %pushi/vec4 0, 0, 1;
    %assign/vec4 v0xcb5274780_0, 0;
    %pushi/vec4 0, 0, 1;
    %assign/vec4 v0xcb5274960_0, 0;
    %pushi/vec4 0, 0, 1;
    %assign/vec4 v0xcb5274fa0_0, 0;
    %pushi/vec4 0, 0, 1;
    %assign/vec4 v0xcb5274b40_0, 0;
    %pushi/vec4 0, 0, 1;
    %assign/vec4 v0xcb5274a00_0, 0;
    %pushi/vec4 0, 0, 1;
    %assign/vec4 v0xcb5274000_0, 0;
    %pushi/vec4 0, 0, 1;
    %assign/vec4 v0xcb526f2a0_0, 0;
    %pushi/vec4 0, 0, 1;
    %assign/vec4 v0xcb526f8e0_0, 0;
T_38.112 ;
    %jmp T_38;
    .thread T_38;
    .scope S_0xcb4de8300;
T_39 ;
    %wait E_0xcb524a0c0;
    %pushi/vec4 0, 0, 32; draw_string_vec4
    %pushi/vec4 0, 0, 32; draw_string_vec4
    %concat/vec4; draw_string_vec4
    %pushi/vec4 0, 0, 32; draw_string_vec4
    %concat/vec4; draw_string_vec4
    %pushi/vec4 0, 0, 32; draw_string_vec4
    %concat/vec4; draw_string_vec4
    %store/vec4 v0xcb526dd60_0, 0, 128;
    %load/vec4 v0xcb526d860_0;
    %cmpi/e 128, 0, 8;
    %jmp/0xz  T_39.0, 4;
    %pushi/vec4 0, 0, 32; draw_string_vec4
    %pushi/vec4 0, 0, 32; draw_string_vec4
    %concat/vec4; draw_string_vec4
    %pushi/vec4 0, 0, 32; draw_string_vec4
    %concat/vec4; draw_string_vec4
    %pushi/vec4 1953653104, 0, 32; draw_string_vec4
    %concat/vec4; draw_string_vec4
    %store/vec4 v0xcb526dd60_0, 0, 128;
T_39.0 ;
    %load/vec4 v0xcb526d860_0;
    %cmpi/e 64, 0, 8;
    %jmp/0xz  T_39.2, 4;
    %pushi/vec4 0, 0, 32; draw_string_vec4
    %pushi/vec4 0, 0, 32; draw_string_vec4
    %concat/vec4; draw_string_vec4
    %pushi/vec4 102, 0, 32; draw_string_vec4
    %concat/vec4; draw_string_vec4
    %pushi/vec4 1702126440, 0, 32; draw_string_vec4
    %concat/vec4; draw_string_vec4
    %store/vec4 v0xcb526dd60_0, 0, 128;
T_39.2 ;
    %load/vec4 v0xcb526d860_0;
    %cmpi/e 32, 0, 8;
    %jmp/0xz  T_39.4, 4;
    %pushi/vec4 0, 0, 32; draw_string_vec4
    %pushi/vec4 0, 0, 32; draw_string_vec4
    %concat/vec4; draw_string_vec4
    %pushi/vec4 27748, 0, 32; draw_string_vec4
    %concat/vec4; draw_string_vec4
    %pushi/vec4 1601336113, 0, 32; draw_string_vec4
    %concat/vec4; draw_string_vec4
    %store/vec4 v0xcb526dd60_0, 0, 128;
T_39.4 ;
    %load/vec4 v0xcb526d860_0;
    %cmpi/e 16, 0, 8;
    %jmp/0xz  T_39.6, 4;
    %pushi/vec4 0, 0, 32; draw_string_vec4
    %pushi/vec4 0, 0, 32; draw_string_vec4
    %concat/vec4; draw_string_vec4
    %pushi/vec4 27748, 0, 32; draw_string_vec4
    %concat/vec4; draw_string_vec4
    %pushi/vec4 1601336114, 0, 32; draw_string_vec4
    %concat/vec4; draw_string_vec4
    %store/vec4 v0xcb526dd60_0, 0, 128;
T_39.6 ;
    %load/vec4 v0xcb526d860_0;
    %cmpi/e 8, 0, 8;
    %jmp/0xz  T_39.8, 4;
    %pushi/vec4 0, 0, 32; draw_string_vec4
    %pushi/vec4 0, 0, 32; draw_string_vec4
    %concat/vec4; draw_string_vec4
    %pushi/vec4 0, 0, 32; draw_string_vec4
    %concat/vec4; draw_string_vec4
    %pushi/vec4 1702389091, 0, 32; draw_string_vec4
    %concat/vec4; draw_string_vec4
    %store/vec4 v0xcb526dd60_0, 0, 128;
T_39.8 ;
    %load/vec4 v0xcb526d860_0;
    %cmpi/e 4, 0, 8;
    %jmp/0xz  T_39.10, 4;
    %pushi/vec4 0, 0, 32; draw_string_vec4
    %pushi/vec4 0, 0, 32; draw_string_vec4
    %concat/vec4; draw_string_vec4
    %pushi/vec4 115, 0, 32; draw_string_vec4
    %concat/vec4; draw_string_vec4
    %pushi/vec4 1751737972, 0, 32; draw_string_vec4
    %concat/vec4; draw_string_vec4
    %store/vec4 v0xcb526dd60_0, 0, 128;
T_39.10 ;
    %load/vec4 v0xcb526d860_0;
    %cmpi/e 2, 0, 8;
    %jmp/0xz  T_39.12, 4;
    %pushi/vec4 0, 0, 32; draw_string_vec4
    %pushi/vec4 0, 0, 32; draw_string_vec4
    %concat/vec4; draw_string_vec4
    %pushi/vec4 115, 0, 32; draw_string_vec4
    %concat/vec4; draw_string_vec4
    %pushi/vec4 1953326445, 0, 32; draw_string_vec4
    %concat/vec4; draw_string_vec4
    %store/vec4 v0xcb526dd60_0, 0, 128;
T_39.12 ;
    %load/vec4 v0xcb526d860_0;
    %cmpi/e 1, 0, 8;
    %jmp/0xz  T_39.14, 4;
    %pushi/vec4 0, 0, 32; draw_string_vec4
    %pushi/vec4 0, 0, 32; draw_string_vec4
    %concat/vec4; draw_string_vec4
    %pushi/vec4 108, 0, 32; draw_string_vec4
    %concat/vec4; draw_string_vec4
    %pushi/vec4 1684890989, 0, 32; draw_string_vec4
    %concat/vec4; draw_string_vec4
    %store/vec4 v0xcb526dd60_0, 0, 128;
T_39.14 ;
    %jmp T_39;
    .thread T_39, $push;
    .scope S_0xcb4de8300;
T_40 ;
    %wait E_0xcb524a080;
    %pushi/vec4 1, 1, 1;
    %store/vec4 v0xcb526cc80_0, 0, 1;
    %pushi/vec4 1, 0, 1;
    %dup/vec4;
    %load/vec4 v0xcb526f480_0;
    %cmp/u;
    %jmp/1 T_40.0, 6;
    %dup/vec4;
    %load/vec4 v0xcb526f7a0_0;
    %cmp/u;
    %jmp/1 T_40.1, 6;
    %dup/vec4;
    %load/vec4 v0xcb526f520_0;
    %cmp/u;
    %jmp/1 T_40.2, 6;
    %dup/vec4;
    %load/vec4 v0xcb526f5c0_0;
    %cmp/u;
    %jmp/1 T_40.3, 6;
    %dup/vec4;
    %load/vec4 v0xcb5275cc0_0;
    %flag_set/vec4 8;
    %flag_get/vec4 8;
    %jmp/0 T_40.7, 8;
    %pushi/vec4 1, 0, 1;
    %and;
T_40.7;
    %cmp/u;
    %jmp/1 T_40.4, 6;
    %dup/vec4;
    %load/vec4 v0xcb5275d60_0;
    %flag_set/vec4 8;
    %flag_get/vec4 8;
    %jmp/0 T_40.8, 8;
    %pushi/vec4 1, 0, 1;
    %and;
T_40.8;
    %cmp/u;
    %jmp/1 T_40.5, 6;
    %jmp T_40.6;
T_40.0 ;
    %load/vec4 v0xcb526ca00_0;
    %store/vec4 v0xcb526cc80_0, 0, 1;
    %jmp T_40.6;
T_40.1 ;
    %load/vec4 v0xcb526ca00_0;
    %nor/r;
    %store/vec4 v0xcb526cc80_0, 0, 1;
    %jmp T_40.6;
T_40.2 ;
    %load/vec4 v0xcb526caa0_0;
    %nor/r;
    %store/vec4 v0xcb526cc80_0, 0, 1;
    %jmp T_40.6;
T_40.3 ;
    %load/vec4 v0xcb526cb40_0;
    %nor/r;
    %store/vec4 v0xcb526cc80_0, 0, 1;
    %jmp T_40.6;
T_40.4 ;
    %load/vec4 v0xcb526caa0_0;
    %store/vec4 v0xcb526cc80_0, 0, 1;
    %jmp T_40.6;
T_40.5 ;
    %load/vec4 v0xcb526cb40_0;
    %store/vec4 v0xcb526cc80_0, 0, 1;
    %jmp T_40.6;
T_40.6 ;
    %pop/vec4 1;
    %pushi/vec4 4294967295, 4294967295, 32;
    %store/vec4 v0xcb526cbe0_0, 0, 32;
    %pushi/vec4 1, 0, 1;
    %dup/vec4;
    %load/vec4 v0xcb52759a0_0;
    %cmp/u;
    %jmp/1 T_40.9, 6;
    %dup/vec4;
    %load/vec4 v0xcb5275680_0;
    %cmp/u;
    %jmp/1 T_40.10, 6;
    %dup/vec4;
    %load/vec4 v0xcb5275040_0;
    %flag_set/vec4 8;
    %flag_get/vec4 8;
    %jmp/1 T_40.17, 8;
    %load/vec4 v0xcb5274fa0_0;
    %or;
T_40.17;
    %cmp/u;
    %jmp/1 T_40.11, 6;
    %dup/vec4;
    %load/vec4 v0xcb52740a0_0;
    %flag_set/vec4 8;
    %flag_get/vec4 8;
    %jmp/1 T_40.18, 8;
    %load/vec4 v0xcb5274000_0;
    %or;
T_40.18;
    %cmp/u;
    %jmp/1 T_40.12, 6;
    %dup/vec4;
    %load/vec4 v0xcb526f340_0;
    %flag_set/vec4 8;
    %flag_get/vec4 8;
    %jmp/1 T_40.19, 8;
    %load/vec4 v0xcb526f2a0_0;
    %or;
T_40.19;
    %cmp/u;
    %jmp/1 T_40.13, 6;
    %dup/vec4;
    %pushi/vec4 0, 0, 1;
    %cmp/u;
    %jmp/1 T_40.14, 6;
    %dup/vec4;
    %pushi/vec4 0, 0, 1;
    %cmp/u;
    %jmp/1 T_40.15, 6;
    %jmp T_40.16;
T_40.9 ;
    %load/vec4 v0xcb526c960_0;
    %store/vec4 v0xcb526cbe0_0, 0, 32;
    %jmp T_40.16;
T_40.10 ;
    %load/vec4 v0xcb526cc80_0;
    %pad/u 32;
    %store/vec4 v0xcb526cbe0_0, 0, 32;
    %jmp T_40.16;
T_40.11 ;
    %load/vec4 v0xcb5278c80_0;
    %load/vec4 v0xcb5278d20_0;
    %xor;
    %store/vec4 v0xcb526cbe0_0, 0, 32;
    %jmp T_40.16;
T_40.12 ;
    %load/vec4 v0xcb5278c80_0;
    %load/vec4 v0xcb5278d20_0;
    %or;
    %store/vec4 v0xcb526cbe0_0, 0, 32;
    %jmp T_40.16;
T_40.13 ;
    %load/vec4 v0xcb5278c80_0;
    %load/vec4 v0xcb5278d20_0;
    %and;
    %store/vec4 v0xcb526cbe0_0, 0, 32;
    %jmp T_40.16;
T_40.14 ;
    %load/vec4 v0xcb526ce60_0;
    %store/vec4 v0xcb526cbe0_0, 0, 32;
    %jmp T_40.16;
T_40.15 ;
    %load/vec4 v0xcb526cf00_0;
    %store/vec4 v0xcb526cbe0_0, 0, 32;
    %jmp T_40.16;
T_40.16 ;
    %pop/vec4 1;
    %jmp T_40;
    .thread T_40, $push;
    .scope S_0xcb4de8300;
T_41 ;
    %wait E_0xcb5249f80;
    %load/vec4 v0xcb526d4a0_0;
    %assign/vec4 v0xcb526d540_0, 0;
    %jmp T_41;
    .thread T_41;
    .scope S_0xcb4de8300;
T_42 ;
    %wait E_0xcb524a040;
    %load/vec4 v0xcb526d540_0;
    %store/vec4 v0xcb526d4a0_0, 0, 1;
    %load/vec4 v0xcb5278780_0;
    %nor/r;
    %flag_set/vec4 8;
    %jmp/0xz  T_42.0, 8;
    %pushi/vec4 0, 0, 1;
    %store/vec4 v0xcb526d4a0_0, 0, 1;
T_42.0 ;
    %load/vec4 v0xcb5275ea0_0;
    %flag_set/vec4 8;
    %jmp/1 T_42.5, 8;
    %load/vec4 v0xcb5275400_0;
    %cmpi/ne 0, 0, 2;
    %flag_or 8, 4;
T_42.5;
    %jmp/1 T_42.4, 8;
    %load/vec4 v0xcb5278fa0_0;
    %nor/r;
    %flag_set/vec4 9;
    %flag_or 8, 9;
T_42.4;
    %jmp/0xz  T_42.2, 8;
    %pushi/vec4 0, 0, 1;
    %store/vec4 v0xcb526d4a0_0, 0, 1;
T_42.2 ;
    %jmp T_42;
    .thread T_42, $push;
    .scope S_0xcb4de8300;
T_43 ;
    %wait E_0xcb524a000;
    %pushi/vec4 0, 0, 1;
    %store/vec4 v0xcb526db80_0, 0, 1;
    %pushi/vec4 4294967295, 4294967295, 32;
    %store/vec4 v0xcb526dae0_0, 0, 32;
    %load/vec4 v0xcb526d860_0;
    %cmpi/e 64, 0, 8;
    %jmp/0xz  T_43.0, 4;
    %pushi/vec4 1, 0, 1;
    %dup/vec4;
    %load/vec4 v0xcb5275ea0_0;
    %cmp/u;
    %jmp/1 T_43.2, 6;
    %dup/vec4;
    %load/vec4 v0xcb5276300_0;
    %flag_set/vec4 8;
    %flag_get/vec4 8;
    %jmp/0 T_43.7, 8;
    %load/vec4 v0xcb5275ea0_0;
    %nor/r;
    %and;
T_43.7;
    %cmp/u;
    %jmp/1 T_43.3, 6;
    %dup/vec4;
    %pushi/vec4 0, 0, 1;
    %cmp/u;
    %jmp/1 T_43.4, 6;
    %dup/vec4;
    %pushi/vec4 0, 0, 1;
    %cmp/u;
    %jmp/1 T_43.5, 6;
    %jmp T_43.6;
T_43.2 ;
    %load/vec4 v0xcb5278e60_0;
    %load/vec4 v0xcb5275f40_0;
    %flag_set/vec4 8;
    %jmp/0 T_43.8, 8;
    %pushi/vec4 2, 0, 32;
    %jmp/1 T_43.9, 8;
T_43.8 ; End of true expr.
    %pushi/vec4 4, 0, 32;
    %jmp/0 T_43.9, 8;
 ; End of false expr.
    %blend;
T_43.9;
    %add;
    %store/vec4 v0xcb526dae0_0, 0, 32;
    %pushi/vec4 1, 0, 1;
    %store/vec4 v0xcb526db80_0, 0, 1;
    %jmp T_43.6;
T_43.3 ;
    %load/vec4 v0xcb5276260_0;
    %flag_set/vec4 8;
    %jmp/0 T_43.10, 8;
    %load/vec4 v0xcb526cdc0_0;
    %jmp/1 T_43.11, 8;
T_43.10 ; End of true expr.
    %load/vec4 v0xcb5278dc0_0;
    %jmp/0 T_43.11, 8;
 ; End of false expr.
    %blend;
T_43.11;
    %store/vec4 v0xcb526dae0_0, 0, 32;
    %pushi/vec4 1, 0, 1;
    %store/vec4 v0xcb526db80_0, 0, 1;
    %jmp T_43.6;
T_43.4 ;
    %load/vec4 v0xcb5278be0_0;
    %load/vec4 v0xcb5275f40_0;
    %pad/u 32;
    %or;
    %store/vec4 v0xcb526dae0_0, 0, 32;
    %pushi/vec4 1, 0, 1;
    %store/vec4 v0xcb526db80_0, 0, 1;
    %jmp T_43.6;
T_43.5 ;
    %load/vec4 v0xcb5275360_0;
    %load/vec4 v0xcb52752c0_0;
    %inv;
    %and;
    %store/vec4 v0xcb526dae0_0, 0, 32;
    %pushi/vec4 1, 0, 1;
    %store/vec4 v0xcb526db80_0, 0, 1;
    %jmp T_43.6;
T_43.6 ;
    %pop/vec4 1;
T_43.0 ;
    %jmp T_43;
    .thread T_43, $push;
    .scope S_0xcb4de8300;
T_44 ;
    %wait E_0xcb5249f80;
    %load/vec4 v0xcb5278fa0_0;
    %flag_set/vec4 10;
    %flag_get/vec4 10;
    %jmp/0 T_44.3, 10;
    %load/vec4 v0xcb526db80_0;
    %and;
T_44.3;
    %flag_set/vec4 9;
    %flag_get/vec4 9;
    %jmp/0 T_44.2, 9;
    %load/vec4 v0xcb52761c0_0;
    %pushi/vec4 0, 0, 5;
    %cmp/ne;
    %flag_get/vec4 4;
    %and;
T_44.2;
    %flag_set/vec4 8;
    %jmp/0xz  T_44.0, 8;
    %load/vec4 v0xcb526dae0_0;
    %load/vec4 v0xcb52761c0_0;
    %pad/u 7;
    %ix/vec4 3;
    %ix/load 4, 0, 0; Constant delay
    %assign/vec4/a/d v0xcb526d900, 0, 4;
T_44.0 ;
    %jmp T_44;
    .thread T_44;
    .scope S_0xcb4de8300;
T_45 ;
    %wait E_0xcb5249fc0;
    %pushi/vec4 31, 31, 5;
    %store/vec4 v0xcb526ebc0_0, 0, 5;
    %load/vec4 v0xcb526ec60_0;
    %cmpi/ne 0, 0, 5;
    %flag_mov 8, 4;
    %jmp/0 T_45.0, 8;
    %load/vec4 v0xcb526ec60_0;
    %pad/u 7;
    %ix/vec4 4;
    %load/vec4a v0xcb526d900, 4;
    %jmp/1 T_45.1, 8;
T_45.0 ; End of true expr.
    %pushi/vec4 0, 0, 32;
    %jmp/0 T_45.1, 8;
 ; End of false expr.
    %blend;
T_45.1;
    %store/vec4 v0xcb526d9a0_0, 0, 32;
    %load/vec4 v0xcb526ed00_0;
    %cmpi/ne 0, 0, 5;
    %flag_mov 8, 4;
    %jmp/0 T_45.2, 8;
    %load/vec4 v0xcb526ed00_0;
    %pad/u 7;
    %ix/vec4 4;
    %load/vec4a v0xcb526d900, 4;
    %jmp/1 T_45.3, 8;
T_45.2 ; End of true expr.
    %pushi/vec4 0, 0, 32;
    %jmp/0 T_45.3, 8;
 ; End of false expr.
    %blend;
T_45.3;
    %store/vec4 v0xcb526da40_0, 0, 32;
    %jmp T_45;
    .thread T_45, $push;
    .scope S_0xcb4de8300;
T_46 ;
    %wait E_0xcb5249f80;
    %pushi/vec4 0, 0, 1;
    %assign/vec4 v0xcb5279400_0, 0;
    %pushi/vec4 31, 31, 5;
    %assign/vec4 v0xcb5278f00_0, 0;
    %pushi/vec4 4294967295, 4294967295, 32;
    %assign/vec4 v0xcb5278dc0_0, 0;
    %pushi/vec4 0, 0, 1;
    %store/vec4 v0xcb52790e0_0, 0, 1;
    %pushi/vec4 0, 0, 1;
    %store/vec4 v0xcb5279040_0, 0, 1;
    %pushi/vec4 0, 0, 1;
    %store/vec4 v0xcb5279180_0, 0, 1;
    %load/vec4 v0xcb526cc80_0;
    %assign/vec4 v0xcb526cd20_0, 0;
    %load/vec4 v0xcb526cbe0_0;
    %assign/vec4 v0xcb526cdc0_0, 0;
    %pushi/vec4 0, 0, 1;
    %assign/vec4 v0xcb526cfa0_0, 0;
    %pushi/vec4 0, 0, 1;
    %assign/vec4 v0xcb526d040_0, 0;
    %load/vec4 v0xcb5276440_0;
    %flag_set/vec4 8;
    %jmp/0xz  T_46.0, 8;
    %pushi/vec4 4294967295, 4294967295, 32;
    %assign/vec4 v0xcb526e6c0_0, 0;
    %pushi/vec4 4294967295, 4294967295, 32;
    %assign/vec4 v0xcb526e800_0, 0;
    %pushi/vec4 0, 0, 1;
    %assign/vec4 v0xcb526e760_0, 0;
    %pushi/vec4 0, 0, 1;
    %assign/vec4 v0xcb526e8a0_0, 0;
T_46.0 ;
    %load/vec4 v0xcb5278fa0_0;
    %flag_set/vec4 8;
    %jmp/0 T_46.2, 8;
    %load/vec4 v0xcb526d720_0;
    %addi 1, 0, 64;
    %jmp/1 T_46.3, 8;
T_46.2 ; End of true expr.
    %pushi/vec4 0, 0, 64;
    %jmp/0 T_46.3, 8;
 ; End of false expr.
    %blend;
T_46.3;
    %assign/vec4 v0xcb526d720_0, 0;
    %pushi/vec4 4294967295, 4294967295, 32;
    %store/vec4 v0xcb52778e0_0, 0, 32;
    %load/vec4 v0xcb5276760_0;
    %flag_set/vec4 8;
    %flag_get/vec4 8;
    %jmp/0 T_46.4, 8;
    %load/vec4 v0xcb52768a0_0;
    %and;
T_46.4;
    %assign/vec4 v0xcb526eee0_0, 0;
    %load/vec4 v0xcb526eee0_0;
    %assign/vec4 v0xcb526ef80_0, 0;
    %pushi/vec4 0, 0, 1;
    %assign/vec4 v0xcb526eda0_0, 0;
    %load/vec4 v0xcb526eda0_0;
    %assign/vec4 v0xcb526ee40_0, 0;
    %pushi/vec4 0, 0, 1;
    %assign/vec4 v0xcb526f020_0, 0;
    %pushi/vec4 0, 0, 1;
    %assign/vec4 v0xcb5279360_0, 0;
    %pushi/vec4 4294967295, 4294967295, 32;
    %concati/vec4 15, 15, 4;
    %assign/vec4 v0xcb52792c0_0, 0;
    %load/vec4 v0xcb5278fa0_0;
    %nor/r;
    %flag_set/vec4 8;
    %jmp/0xz  T_46.5, 8;
    %pushi/vec4 0, 0, 32;
    %assign/vec4 v0xcb5278e60_0, 0;
    %pushi/vec4 0, 0, 32;
    %assign/vec4 v0xcb5278be0_0, 0;
    %pushi/vec4 0, 0, 64;
    %assign/vec4 v0xcb526d7c0_0, 0;
    %pushi/vec4 0, 0, 1;
    %assign/vec4 v0xcb5276300_0, 0;
    %pushi/vec4 0, 0, 1;
    %assign/vec4 v0xcb5276260_0, 0;
    %pushi/vec4 0, 0, 1;
    %assign/vec4 v0xcb5275ea0_0, 0;
    %pushi/vec4 0, 0, 1;
    %assign/vec4 v0xcb52763a0_0, 0;
    %pushi/vec4 0, 0, 1;
    %assign/vec4 v0xcb5276120_0, 0;
    %pushi/vec4 0, 0, 1;
    %assign/vec4 v0xcb5276080_0, 0;
    %pushi/vec4 0, 0, 1;
    %assign/vec4 v0xcb5275fe0_0, 0;
    %pushi/vec4 0, 0, 1;
    %assign/vec4 v0xcb52785a0_0, 0;
    %pushi/vec4 0, 0, 1;
    %assign/vec4 v0xcb5278500_0, 0;
    %pushi/vec4 0, 0, 1;
    %assign/vec4 v0xcb5275180_0, 0;
    %pushi/vec4 0, 0, 1;
    %assign/vec4 v0xcb5275220_0, 0;
    %pushi/vec4 4294967295, 0, 32;
    %assign/vec4 v0xcb52752c0_0, 0;
    %pushi/vec4 0, 0, 32;
    %store/vec4 v0xcb52778e0_0, 0, 32;
    %pushi/vec4 0, 0, 2;
    %assign/vec4 v0xcb5275400_0, 0;
    %pushi/vec4 0, 0, 32;
    %assign/vec4 v0xcb526f0c0_0, 0;
    %pushi/vec4 0, 0, 32;
    %assign/vec4 v0xcb5279220_0, 0;
    %pushi/vec4 64, 0, 8;
    %assign/vec4 v0xcb526d860_0, 0;
    %jmp T_46.6;
T_46.5 ;
    %load/vec4 v0xcb526d860_0;
    %dup/vec4;
    %pushi/vec4 128, 0, 8;
    %cmp/u;
    %jmp/1 T_46.7, 6;
    %dup/vec4;
    %pushi/vec4 64, 0, 8;
    %cmp/u;
    %jmp/1 T_46.8, 6;
    %dup/vec4;
    %pushi/vec4 32, 0, 8;
    %cmp/u;
    %jmp/1 T_46.9, 6;
    %dup/vec4;
    %pushi/vec4 16, 0, 8;
    %cmp/u;
    %jmp/1 T_46.10, 6;
    %dup/vec4;
    %pushi/vec4 8, 0, 8;
    %cmp/u;
    %jmp/1 T_46.11, 6;
    %dup/vec4;
    %pushi/vec4 4, 0, 8;
    %cmp/u;
    %jmp/1 T_46.12, 6;
    %dup/vec4;
    %pushi/vec4 2, 0, 8;
    %cmp/u;
    %jmp/1 T_46.13, 6;
    %dup/vec4;
    %pushi/vec4 1, 0, 8;
    %cmp/u;
    %jmp/1 T_46.14, 6;
    %jmp T_46.15;
T_46.7 ;
    %pushi/vec4 1, 0, 1;
    %assign/vec4 v0xcb5279400_0, 0;
    %jmp T_46.15;
T_46.8 ;
    %load/vec4 v0xcb526eee0_0;
    %nor/r;
    %flag_set/vec4 8;
    %flag_get/vec4 8;
    %jmp/0 T_46.16, 8;
    %load/vec4 v0xcb526f020_0;
    %nor/r;
    %and;
T_46.16;
    %assign/vec4 v0xcb5276760_0, 0;
    %pushi/vec4 0, 0, 2;
    %assign/vec4 v0xcb52775c0_0, 0;
    %load/vec4 v0xcb5278be0_0;
    %store/vec4 v0xcb526dc20_0, 0, 32;
    %pushi/vec4 1, 0, 1;
    %dup/vec4;
    %load/vec4 v0xcb5275ea0_0;
    %cmp/u;
    %jmp/1 T_46.17, 6;
    %dup/vec4;
    %load/vec4 v0xcb5276300_0;
    %flag_set/vec4 8;
    %flag_get/vec4 8;
    %jmp/0 T_46.22, 8;
    %load/vec4 v0xcb5275ea0_0;
    %nor/r;
    %and;
T_46.22;
    %cmp/u;
    %jmp/1 T_46.18, 6;
    %dup/vec4;
    %pushi/vec4 0, 0, 1;
    %cmp/u;
    %jmp/1 T_46.19, 6;
    %dup/vec4;
    %pushi/vec4 0, 0, 1;
    %cmp/u;
    %jmp/1 T_46.20, 6;
    %jmp T_46.21;
T_46.17 ;
    %load/vec4 v0xcb5276300_0;
    %flag_set/vec4 8;
    %jmp/0 T_46.23, 8;
    %load/vec4 v0xcb5276260_0;
    %flag_set/vec4 9;
    %jmp/0 T_46.25, 9;
    %load/vec4 v0xcb526cdc0_0;
    %jmp/1 T_46.26, 9;
T_46.25 ; End of true expr.
    %load/vec4 v0xcb5278dc0_0;
    %jmp/0 T_46.26, 9;
 ; End of false expr.
    %blend;
T_46.26;
    %pushi/vec4 4294967294, 0, 32;
    %and;
    %jmp/1 T_46.24, 8;
T_46.23 ; End of true expr.
    %load/vec4 v0xcb5278be0_0;
    %jmp/0 T_46.24, 8;
 ; End of false expr.
    %blend;
T_46.24;
    %store/vec4 v0xcb526dc20_0, 0, 32;
    %jmp T_46.21;
T_46.18 ;
    %jmp T_46.21;
T_46.19 ;
    %pushi/vec4 16, 0, 32;
    %store/vec4 v0xcb526dc20_0, 0, 32;
    %pushi/vec4 1, 0, 1;
    %assign/vec4 v0xcb5275180_0, 0;
    %pushi/vec4 1, 0, 1;
    %assign/vec4 v0xcb5276760_0, 0;
    %jmp T_46.21;
T_46.20 ;
    %load/vec4 v0xcb5275360_0;
    %load/vec4 v0xcb52752c0_0;
    %inv;
    %and;
    %assign/vec4 v0xcb526f0c0_0, 0;
    %load/vec4 v0xcb52778e0_0;
    %load/vec4 v0xcb52752c0_0;
    %and;
    %store/vec4 v0xcb52778e0_0, 0, 32;
    %jmp T_46.21;
T_46.21 ;
    %pop/vec4 1;
    %load/vec4 v0xcb526dc20_0;
    %assign/vec4 v0xcb5278e60_0, 0;
    %load/vec4 v0xcb526dc20_0;
    %assign/vec4 v0xcb5278be0_0, 0;
    %pushi/vec4 0, 0, 1;
    %assign/vec4 v0xcb5276300_0, 0;
    %pushi/vec4 0, 0, 1;
    %assign/vec4 v0xcb5276260_0, 0;
    %pushi/vec4 0, 0, 1;
    %assign/vec4 v0xcb5275ea0_0, 0;
    %pushi/vec4 0, 0, 1;
    %assign/vec4 v0xcb5276120_0, 0;
    %pushi/vec4 0, 0, 1;
    %assign/vec4 v0xcb5276080_0, 0;
    %pushi/vec4 0, 0, 1;
    %assign/vec4 v0xcb5275fe0_0, 0;
    %load/vec4 v0xcb526eb20_0;
    %assign/vec4 v0xcb52761c0_0, 0;
    %load/vec4 v0xcb526d680_0;
    %assign/vec4 v0xcb5275f40_0, 0;
    %load/vec4 v0xcb526eee0_0;
    %flag_set/vec4 8;
    %jmp/0xz  T_46.27, 8;
    %load/vec4 v0xcb5275180_0;
    %assign/vec4 v0xcb5275220_0, 0;
    %load/vec4 v0xcb526dc20_0;
    %load/vec4 v0xcb526d680_0;
    %flag_set/vec4 8;
    %jmp/0 T_46.29, 8;
    %pushi/vec4 2, 0, 32;
    %jmp/1 T_46.30, 8;
T_46.29 ; End of true expr.
    %pushi/vec4 4, 0, 32;
    %jmp/0 T_46.30, 8;
 ; End of false expr.
    %blend;
T_46.30;
    %add;
    %assign/vec4 v0xcb5278be0_0, 0;
    %load/vec4 v0xcb526d7c0_0;
    %addi 1, 0, 64;
    %assign/vec4 v0xcb526d7c0_0, 0;
    %load/vec4 v0xcb526fa20_0;
    %flag_set/vec4 8;
    %jmp/0xz  T_46.31, 8;
    %pushi/vec4 1, 0, 1;
    %assign/vec4 v0xcb5276760_0, 0;
    %load/vec4 v0xcb526dc20_0;
    %load/vec4 v0xcb526ea80_0;
    %add;
    %assign/vec4 v0xcb5278be0_0, 0;
    %pushi/vec4 1, 0, 1;
    %assign/vec4 v0xcb5275ea0_0, 0;
    %jmp T_46.32;
T_46.31 ;
    %pushi/vec4 0, 0, 1;
    %assign/vec4 v0xcb5276760_0, 0;
    %load/vec4 v0xcb526fac0_0;
    %nor/r;
    %flag_set/vec4 8;
    %flag_get/vec4 8;
    %jmp/0 T_46.33, 8;
    %load/vec4 v0xcb52743c0_0;
    %nor/r;
    %and;
T_46.33;
    %assign/vec4 v0xcb5276620_0, 0;
    %pushi/vec4 32, 0, 8;
    %assign/vec4 v0xcb526d860_0, 0;
T_46.32 ;
T_46.27 ;
    %jmp T_46.15;
T_46.9 ;
    %pushi/vec4 4294967295, 4294967295, 32;
    %assign/vec4 v0xcb5278c80_0, 0;
    %pushi/vec4 4294967295, 4294967295, 32;
    %assign/vec4 v0xcb5278d20_0, 0;
    %pushi/vec4 1, 0, 1;
    %dup/vec4;
    %pushi/vec4 1, 0, 1;
    %flag_set/vec4 8;
    %flag_get/vec4 8;
    %jmp/0 T_46.48, 8;
    %load/vec4 v0xcb5274e60_0;
    %and;
T_46.48;
    %cmp/u;
    %jmp/1 T_46.34, 6;
    %dup/vec4;
    %pushi/vec4 1, 0, 1;
    %flag_set/vec4 8;
    %flag_get/vec4 8;
    %jmp/0 T_46.49, 8;
    %load/vec4 v0xcb5275a40_0;
    %and;
T_46.49;
    %cmp/u;
    %jmp/1 T_46.35, 6;
    %dup/vec4;
    %load/vec4 v0xcb5275900_0;
    %cmp/u;
    %jmp/1 T_46.36, 6;
    %dup/vec4;
    %pushi/vec4 0, 0, 1;
    %cmp/u;
    %jmp/1 T_46.37, 6;
    %dup/vec4;
    %pushi/vec4 0, 0, 1;
    %cmp/u;
    %jmp/1 T_46.38, 6;
    %dup/vec4;
    %pushi/vec4 0, 0, 1;
    %cmp/u;
    %jmp/1 T_46.39, 6;
    %dup/vec4;
    %pushi/vec4 0, 0, 1;
    %cmp/u;
    %jmp/1 T_46.40, 6;
    %dup/vec4;
    %pushi/vec4 0, 0, 1;
    %cmp/u;
    %jmp/1 T_46.41, 6;
    %dup/vec4;
    %load/vec4 v0xcb52757c0_0;
    %flag_set/vec4 8;
    %flag_get/vec4 8;
    %jmp/0 T_46.50, 8;
    %load/vec4 v0xcb5274e60_0;
    %nor/r;
    %and;
T_46.50;
    %cmp/u;
    %jmp/1 T_46.42, 6;
    %dup/vec4;
    %load/vec4 v0xcb5275c20_0;
    %flag_set/vec4 8;
    %flag_get/vec4 8;
    %jmp/0 T_46.51, 8;
    %pushi/vec4 1, 0, 1;
    %and;
T_46.51;
    %cmp/u;
    %jmp/1 T_46.43, 6;
    %dup/vec4;
    %load/vec4 v0xcb5275720_0;
    %cmp/u;
    %jmp/1 T_46.44, 6;
    %dup/vec4;
    %load/vec4 v0xcb5275c20_0;
    %flag_set/vec4 8;
    %flag_get/vec4 8;
    %jmp/0 T_46.52, 8;
    %pushi/vec4 0, 0, 1;
    %and;
T_46.52;
    %cmp/u;
    %jmp/1 T_46.45, 6;
    %load/vec4 v0xcb526d9a0_0;
    %assign/vec4 v0xcb5278c80_0, 0;
    %load/vec4 v0xcb526d9a0_0;
    %assign/vec4 v0xcb526e6c0_0, 0;
    %pushi/vec4 1, 0, 1;
    %assign/vec4 v0xcb526e760_0, 0;
    %load/vec4 v0xcb526da40_0;
    %pad/u 5;
    %assign/vec4 v0xcb5278f00_0, 0;
    %load/vec4 v0xcb526da40_0;
    %assign/vec4 v0xcb5278d20_0, 0;
    %load/vec4 v0xcb526da40_0;
    %assign/vec4 v0xcb526e800_0, 0;
    %pushi/vec4 1, 0, 1;
    %assign/vec4 v0xcb526e8a0_0, 0;
    %pushi/vec4 1, 0, 1;
    %dup/vec4;
    %load/vec4 v0xcb5275ae0_0;
    %cmp/u;
    %jmp/1 T_46.53, 6;
    %dup/vec4;
    %load/vec4 v0xcb5275b80_0;
    %flag_set/vec4 8;
    %flag_get/vec4 8;
    %jmp/0 T_46.57, 8;
    %pushi/vec4 1, 0, 1;
    %and;
T_46.57;
    %cmp/u;
    %jmp/1 T_46.54, 6;
    %load/vec4 v0xcb5276620_0;
    %assign/vec4 v0xcb5276760_0, 0;
    %pushi/vec4 8, 0, 8;
    %assign/vec4 v0xcb526d860_0, 0;
    %jmp T_46.56;
T_46.53 ;
    %pushi/vec4 2, 0, 8;
    %assign/vec4 v0xcb526d860_0, 0;
    %pushi/vec4 1, 0, 1;
    %assign/vec4 v0xcb5276760_0, 0;
    %jmp T_46.56;
T_46.54 ;
    %pushi/vec4 4, 0, 8;
    %assign/vec4 v0xcb526d860_0, 0;
    %jmp T_46.56;
T_46.56 ;
    %pop/vec4 1;
    %jmp T_46.47;
T_46.34 ;
    %pushi/vec4 128, 0, 8;
    %assign/vec4 v0xcb526d860_0, 0;
    %jmp T_46.47;
T_46.35 ;
    %pushi/vec4 1, 0, 1;
    %dup/vec4;
    %load/vec4 v0xcb5274140_0;
    %cmp/u;
    %jmp/1 T_46.58, 6;
    %dup/vec4;
    %load/vec4 v0xcb52741e0_0;
    %flag_set/vec4 8;
    %flag_get/vec4 8;
    %jmp/0 T_46.63, 8;
    %pushi/vec4 1, 0, 1;
    %and;
T_46.63;
    %cmp/u;
    %jmp/1 T_46.59, 6;
    %dup/vec4;
    %load/vec4 v0xcb5274280_0;
    %cmp/u;
    %jmp/1 T_46.60, 6;
    %dup/vec4;
    %load/vec4 v0xcb5274320_0;
    %flag_set/vec4 8;
    %flag_get/vec4 8;
    %jmp/0 T_46.64, 8;
    %pushi/vec4 1, 0, 1;
    %and;
T_46.64;
    %cmp/u;
    %jmp/1 T_46.61, 6;
    %jmp T_46.62;
T_46.58 ;
    %load/vec4 v0xcb526d720_0;
    %parti/s 32, 0, 2;
    %assign/vec4 v0xcb5278dc0_0, 0;
    %jmp T_46.62;
T_46.59 ;
    %load/vec4 v0xcb526d720_0;
    %parti/s 32, 32, 7;
    %assign/vec4 v0xcb5278dc0_0, 0;
    %jmp T_46.62;
T_46.60 ;
    %load/vec4 v0xcb526d7c0_0;
    %parti/s 32, 0, 2;
    %assign/vec4 v0xcb5278dc0_0, 0;
    %jmp T_46.62;
T_46.61 ;
    %load/vec4 v0xcb526d7c0_0;
    %parti/s 32, 32, 7;
    %assign/vec4 v0xcb5278dc0_0, 0;
    %jmp T_46.62;
T_46.62 ;
    %pop/vec4 1;
    %pushi/vec4 1, 0, 1;
    %assign/vec4 v0xcb5276300_0, 0;
    %pushi/vec4 64, 0, 8;
    %assign/vec4 v0xcb526d860_0, 0;
    %jmp T_46.47;
T_46.36 ;
    %load/vec4 v0xcb526fde0_0;
    %flag_set/vec4 8;
    %jmp/0 T_46.65, 8;
    %pushi/vec4 0, 0, 32;
    %jmp/1 T_46.66, 8;
T_46.65 ; End of true expr.
    %load/vec4 v0xcb5278e60_0;
    %jmp/0 T_46.66, 8;
 ; End of false expr.
    %blend;
T_46.66;
    %assign/vec4 v0xcb5278c80_0, 0;
    %load/vec4 v0xcb526e9e0_0;
    %assign/vec4 v0xcb5278d20_0, 0;
    %load/vec4 v0xcb5276620_0;
    %assign/vec4 v0xcb5276760_0, 0;
    %pushi/vec4 8, 0, 8;
    %assign/vec4 v0xcb526d860_0, 0;
    %jmp T_46.47;
T_46.37 ;
    %load/vec4 v0xcb526d9a0_0;
    %assign/vec4 v0xcb5278dc0_0, 0;
    %load/vec4 v0xcb526d9a0_0;
    %assign/vec4 v0xcb526e6c0_0, 0;
    %pushi/vec4 1, 0, 1;
    %assign/vec4 v0xcb526e760_0, 0;
    %pushi/vec4 1, 0, 1;
    %assign/vec4 v0xcb5276300_0, 0;
    %pushi/vec4 64, 0, 8;
    %assign/vec4 v0xcb526d860_0, 0;
    %jmp T_46.47;
T_46.38 ;
    %load/vec4 v0xcb526d9a0_0;
    %assign/vec4 v0xcb5278dc0_0, 0;
    %load/vec4 v0xcb526d9a0_0;
    %assign/vec4 v0xcb526e6c0_0, 0;
    %pushi/vec4 1, 0, 1;
    %assign/vec4 v0xcb526e760_0, 0;
    %load/vec4 v0xcb52761c0_0;
    %pad/u 32;
    %pushi/vec4 32, 0, 32;
    %or;
    %pad/u 5;
    %assign/vec4 v0xcb52761c0_0, 0;
    %pushi/vec4 1, 0, 1;
    %assign/vec4 v0xcb5276300_0, 0;
    %pushi/vec4 64, 0, 8;
    %assign/vec4 v0xcb526d860_0, 0;
    %jmp T_46.47;
T_46.39 ;
    %pushi/vec4 0, 0, 32;
    %assign/vec4 v0xcb526f0c0_0, 0;
    %pushi/vec4 0, 0, 1;
    %assign/vec4 v0xcb5275180_0, 0;
    %pushi/vec4 1, 0, 1;
    %assign/vec4 v0xcb5275ea0_0, 0;
    %pushi/vec4 1, 0, 1;
    %assign/vec4 v0xcb5276300_0, 0;
    %load/vec4 v0xcb526d9a0_0;
    %pushi/vec4 4294967294, 0, 32;
    %and;
    %assign/vec4 v0xcb5278dc0_0, 0;
    %load/vec4 v0xcb526d9a0_0;
    %assign/vec4 v0xcb526e6c0_0, 0;
    %pushi/vec4 1, 0, 1;
    %assign/vec4 v0xcb526e760_0, 0;
    %pushi/vec4 64, 0, 8;
    %assign/vec4 v0xcb526d860_0, 0;
    %jmp T_46.47;
T_46.40 ;
    %pushi/vec4 1, 0, 1;
    %assign/vec4 v0xcb5276300_0, 0;
    %load/vec4 v0xcb52752c0_0;
    %assign/vec4 v0xcb5278dc0_0, 0;
    %load/vec4 v0xcb526d9a0_0;
    %pushi/vec4 0, 0, 32;
    %or;
    %assign/vec4 v0xcb52752c0_0, 0;
    %load/vec4 v0xcb526d9a0_0;
    %assign/vec4 v0xcb526e6c0_0, 0;
    %pushi/vec4 1, 0, 1;
    %assign/vec4 v0xcb526e760_0, 0;
    %pushi/vec4 64, 0, 8;
    %assign/vec4 v0xcb526d860_0, 0;
    %jmp T_46.47;
T_46.41 ;
    %pushi/vec4 1, 0, 1;
    %assign/vec4 v0xcb5276300_0, 0;
    %load/vec4 v0xcb5279220_0;
    %assign/vec4 v0xcb5278dc0_0, 0;
    %load/vec4 v0xcb526d9a0_0;
    %assign/vec4 v0xcb5279220_0, 0;
    %load/vec4 v0xcb526d9a0_0;
    %assign/vec4 v0xcb526e6c0_0, 0;
    %pushi/vec4 1, 0, 1;
    %assign/vec4 v0xcb526e760_0, 0;
    %pushi/vec4 64, 0, 8;
    %assign/vec4 v0xcb526d860_0, 0;
    %jmp T_46.47;
T_46.42 ;
    %load/vec4 v0xcb526d9a0_0;
    %assign/vec4 v0xcb5278c80_0, 0;
    %load/vec4 v0xcb526d9a0_0;
    %assign/vec4 v0xcb526e6c0_0, 0;
    %pushi/vec4 1, 0, 1;
    %assign/vec4 v0xcb526e760_0, 0;
    %pushi/vec4 1, 0, 8;
    %assign/vec4 v0xcb526d860_0, 0;
    %pushi/vec4 1, 0, 1;
    %assign/vec4 v0xcb5276760_0, 0;
    %jmp T_46.47;
T_46.43 ;
    %load/vec4 v0xcb526d9a0_0;
    %assign/vec4 v0xcb5278c80_0, 0;
    %load/vec4 v0xcb526d9a0_0;
    %assign/vec4 v0xcb526e6c0_0, 0;
    %pushi/vec4 1, 0, 1;
    %assign/vec4 v0xcb526e760_0, 0;
    %load/vec4 v0xcb526ed00_0;
    %assign/vec4 v0xcb5278f00_0, 0;
    %pushi/vec4 4, 0, 8;
    %assign/vec4 v0xcb526d860_0, 0;
    %jmp T_46.47;
T_46.44 ;
    %load/vec4 v0xcb526d9a0_0;
    %assign/vec4 v0xcb5278c80_0, 0;
    %load/vec4 v0xcb526d9a0_0;
    %assign/vec4 v0xcb526e6c0_0, 0;
    %pushi/vec4 1, 0, 1;
    %assign/vec4 v0xcb526e760_0, 0;
    %load/vec4 v0xcb5275c20_0;
    %flag_set/vec4 9;
    %flag_get/vec4 9;
    %jmp/0 T_46.69, 9;
    %pushi/vec4 0, 0, 1;
    %and;
T_46.69;
    %flag_set/vec4 8;
    %jmp/0 T_46.67, 8;
    %load/vec4 v0xcb526ed00_0;
    %pad/u 32;
    %jmp/1 T_46.68, 8;
T_46.67 ; End of true expr.
    %load/vec4 v0xcb526e9e0_0;
    %jmp/0 T_46.68, 8;
 ; End of false expr.
    %blend;
T_46.68;
    %assign/vec4 v0xcb5278d20_0, 0;
    %load/vec4 v0xcb5276620_0;
    %assign/vec4 v0xcb5276760_0, 0;
    %pushi/vec4 8, 0, 8;
    %assign/vec4 v0xcb526d860_0, 0;
    %jmp T_46.47;
T_46.45 ;
    %load/vec4 v0xcb526d9a0_0;
    %assign/vec4 v0xcb5278c80_0, 0;
    %load/vec4 v0xcb526d9a0_0;
    %assign/vec4 v0xcb526e6c0_0, 0;
    %pushi/vec4 1, 0, 1;
    %assign/vec4 v0xcb526e760_0, 0;
    %load/vec4 v0xcb5275c20_0;
    %flag_set/vec4 9;
    %flag_get/vec4 9;
    %jmp/0 T_46.72, 9;
    %pushi/vec4 0, 0, 1;
    %and;
T_46.72;
    %flag_set/vec4 8;
    %jmp/0 T_46.70, 8;
    %load/vec4 v0xcb526ed00_0;
    %pad/u 32;
    %jmp/1 T_46.71, 8;
T_46.70 ; End of true expr.
    %load/vec4 v0xcb526e9e0_0;
    %jmp/0 T_46.71, 8;
 ; End of false expr.
    %blend;
T_46.71;
    %assign/vec4 v0xcb5278d20_0, 0;
    %load/vec4 v0xcb5276620_0;
    %assign/vec4 v0xcb5276760_0, 0;
    %pushi/vec4 8, 0, 8;
    %assign/vec4 v0xcb526d860_0, 0;
    %jmp T_46.47;
T_46.47 ;
    %pop/vec4 1;
    %jmp T_46.15;
T_46.10 ;
    %load/vec4 v0xcb526da40_0;
    %pad/u 5;
    %assign/vec4 v0xcb5278f00_0, 0;
    %load/vec4 v0xcb526da40_0;
    %assign/vec4 v0xcb5278d20_0, 0;
    %load/vec4 v0xcb526da40_0;
    %assign/vec4 v0xcb526e800_0, 0;
    %pushi/vec4 1, 0, 1;
    %assign/vec4 v0xcb526e8a0_0, 0;
    %pushi/vec4 1, 0, 1;
    %dup/vec4;
    %pushi/vec4 0, 0, 1;
    %cmp/u;
    %jmp/1 T_46.73, 6;
    %dup/vec4;
    %load/vec4 v0xcb5275ae0_0;
    %cmp/u;
    %jmp/1 T_46.74, 6;
    %dup/vec4;
    %load/vec4 v0xcb5275b80_0;
    %flag_set/vec4 8;
    %flag_get/vec4 8;
    %jmp/0 T_46.78, 8;
    %pushi/vec4 1, 0, 1;
    %and;
T_46.78;
    %cmp/u;
    %jmp/1 T_46.75, 6;
    %load/vec4 v0xcb5276620_0;
    %assign/vec4 v0xcb5276760_0, 0;
    %pushi/vec4 8, 0, 8;
    %assign/vec4 v0xcb526d860_0, 0;
    %jmp T_46.77;
T_46.73 ;
    %pushi/vec4 1, 0, 1;
    %assign/vec4 v0xcb52785a0_0, 0;
    %load/vec4 v0xcb5277de0_0;
    %flag_set/vec4 8;
    %jmp/0xz  T_46.79, 8;
    %pushi/vec4 1, 0, 1;
    %assign/vec4 v0xcb5276760_0, 0;
    %pushi/vec4 0, 0, 1;
    %assign/vec4 v0xcb52785a0_0, 0;
    %load/vec4 v0xcb5277d40_0;
    %assign/vec4 v0xcb5278dc0_0, 0;
    %load/vec4 v0xcb5277f20_0;
    %assign/vec4 v0xcb5276300_0, 0;
    %pushi/vec4 64, 0, 8;
    %assign/vec4 v0xcb526d860_0, 0;
    %jmp T_46.80;
T_46.79 ;
    %pushi/vec4 1, 0, 1;
    %flag_set/vec4 9;
    %flag_get/vec4 9;
    %jmp/0 T_46.83, 9;
    %load/vec4 v0xcb5278500_0;
    %flag_set/vec4 9;
    %flag_get/vec4 9;
    %jmp/1 T_46.84, 9;
    %load/vec4 v0xcb526f840_0;
    %or;
T_46.84;
    %and;
T_46.83;
    %flag_set/vec4 8;
    %jmp/0xz  T_46.81, 8;
    %pushi/vec4 0, 0, 1;
    %assign/vec4 v0xcb52785a0_0, 0;
    %pushi/vec4 128, 0, 8;
    %assign/vec4 v0xcb526d860_0, 0;
T_46.81 ;
T_46.80 ;
    %jmp T_46.77;
T_46.74 ;
    %pushi/vec4 2, 0, 8;
    %assign/vec4 v0xcb526d860_0, 0;
    %pushi/vec4 1, 0, 1;
    %assign/vec4 v0xcb5276760_0, 0;
    %jmp T_46.77;
T_46.75 ;
    %pushi/vec4 4, 0, 8;
    %assign/vec4 v0xcb526d860_0, 0;
    %jmp T_46.77;
T_46.77 ;
    %pop/vec4 1;
    %jmp T_46.15;
T_46.11 ;
    %load/vec4 v0xcb5278e60_0;
    %load/vec4 v0xcb526e9e0_0;
    %add;
    %assign/vec4 v0xcb5278dc0_0, 0;
    %load/vec4 v0xcb52755e0_0;
    %flag_set/vec4 8;
    %jmp/0xz  T_46.85, 8;
    %pushi/vec4 0, 0, 5;
    %assign/vec4 v0xcb52761c0_0, 0;
    %load/vec4 v0xcb526cc80_0;
    %assign/vec4 v0xcb5276300_0, 0;
    %load/vec4 v0xcb526cc80_0;
    %assign/vec4 v0xcb5275ea0_0, 0;
    %load/vec4 v0xcb52768a0_0;
    %flag_set/vec4 8;
    %jmp/0xz  T_46.87, 8;
    %pushi/vec4 64, 0, 8;
    %assign/vec4 v0xcb526d860_0, 0;
T_46.87 ;
    %load/vec4 v0xcb526cc80_0;
    %flag_set/vec4 8;
    %jmp/0xz  T_46.89, 8;
    %pushi/vec4 0, 0, 1;
    %assign/vec4 v0xcb526eee0_0, 0;
    %pushi/vec4 1, 0, 1;
    %store/vec4 v0xcb52790e0_0, 0, 1;
T_46.89 ;
    %jmp T_46.86;
T_46.85 ;
    %load/vec4 v0xcb526fac0_0;
    %assign/vec4 v0xcb5275ea0_0, 0;
    %pushi/vec4 1, 0, 1;
    %assign/vec4 v0xcb5276300_0, 0;
    %pushi/vec4 1, 0, 1;
    %assign/vec4 v0xcb5276260_0, 0;
    %pushi/vec4 64, 0, 8;
    %assign/vec4 v0xcb526d860_0, 0;
T_46.86 ;
    %jmp T_46.15;
T_46.12 ;
    %pushi/vec4 1, 0, 1;
    %assign/vec4 v0xcb5276300_0, 0;
    %load/vec4 v0xcb5278f00_0;
    %pad/u 32;
    %cmpi/e 0, 0, 32;
    %jmp/0xz  T_46.91, 4;
    %load/vec4 v0xcb5278c80_0;
    %assign/vec4 v0xcb5278dc0_0, 0;
    %load/vec4 v0xcb5276620_0;
    %assign/vec4 v0xcb5276760_0, 0;
    %pushi/vec4 64, 0, 8;
    %assign/vec4 v0xcb526d860_0, 0;
    %jmp T_46.92;
T_46.91 ;
    %pushi/vec4 1, 0, 1;
    %flag_set/vec4 9;
    %flag_get/vec4 9;
    %jmp/0 T_46.95, 9;
    %pushi/vec4 4, 0, 32;
    %load/vec4 v0xcb5278f00_0;
    %pad/u 32;
    %cmp/u;
    %flag_get/vec4 4;
    %flag_get/vec4 5;
    %or;
    %and;
T_46.95;
    %flag_set/vec4 8;
    %jmp/0xz  T_46.93, 8;
    %pushi/vec4 1, 0, 1;
    %dup/vec4;
    %load/vec4 v0xcb52746e0_0;
    %flag_set/vec4 8;
    %flag_get/vec4 8;
    %jmp/1 T_46.100, 8;
    %load/vec4 v0xcb5274640_0;
    %or;
T_46.100;
    %cmp/u;
    %jmp/1 T_46.96, 6;
    %dup/vec4;
    %load/vec4 v0xcb5274be0_0;
    %flag_set/vec4 8;
    %flag_get/vec4 8;
    %jmp/1 T_46.101, 8;
    %load/vec4 v0xcb5274b40_0;
    %or;
T_46.101;
    %cmp/u;
    %jmp/1 T_46.97, 6;
    %dup/vec4;
    %load/vec4 v0xcb5274aa0_0;
    %flag_set/vec4 8;
    %flag_get/vec4 8;
    %jmp/1 T_46.102, 8;
    %load/vec4 v0xcb5274a00_0;
    %or;
T_46.102;
    %cmp/u;
    %jmp/1 T_46.98, 6;
    %jmp T_46.99;
T_46.96 ;
    %load/vec4 v0xcb5278c80_0;
    %ix/load 4, 4, 0;
    %flag_set/imm 4, 0;
    %shiftl 4;
    %assign/vec4 v0xcb5278c80_0, 0;
    %jmp T_46.99;
T_46.97 ;
    %load/vec4 v0xcb5278c80_0;
    %ix/load 4, 4, 0;
    %flag_set/imm 4, 0;
    %shiftr 4;
    %assign/vec4 v0xcb5278c80_0, 0;
    %jmp T_46.99;
T_46.98 ;
    %load/vec4 v0xcb5278c80_0;
    %ix/load 4, 4, 0;
    %flag_set/imm 4, 0;
    %shiftr/s 4;
    %assign/vec4 v0xcb5278c80_0, 0;
    %jmp T_46.99;
T_46.99 ;
    %pop/vec4 1;
    %load/vec4 v0xcb5278f00_0;
    %subi 4, 0, 5;
    %assign/vec4 v0xcb5278f00_0, 0;
    %jmp T_46.94;
T_46.93 ;
    %pushi/vec4 1, 0, 1;
    %dup/vec4;
    %load/vec4 v0xcb52746e0_0;
    %flag_set/vec4 8;
    %flag_get/vec4 8;
    %jmp/1 T_46.107, 8;
    %load/vec4 v0xcb5274640_0;
    %or;
T_46.107;
    %cmp/u;
    %jmp/1 T_46.103, 6;
    %dup/vec4;
    %load/vec4 v0xcb5274be0_0;
    %flag_set/vec4 8;
    %flag_get/vec4 8;
    %jmp/1 T_46.108, 8;
    %load/vec4 v0xcb5274b40_0;
    %or;
T_46.108;
    %cmp/u;
    %jmp/1 T_46.104, 6;
    %dup/vec4;
    %load/vec4 v0xcb5274aa0_0;
    %flag_set/vec4 8;
    %flag_get/vec4 8;
    %jmp/1 T_46.109, 8;
    %load/vec4 v0xcb5274a00_0;
    %or;
T_46.109;
    %cmp/u;
    %jmp/1 T_46.105, 6;
    %jmp T_46.106;
T_46.103 ;
    %load/vec4 v0xcb5278c80_0;
    %ix/load 4, 1, 0;
    %flag_set/imm 4, 0;
    %shiftl 4;
    %assign/vec4 v0xcb5278c80_0, 0;
    %jmp T_46.106;
T_46.104 ;
    %load/vec4 v0xcb5278c80_0;
    %ix/load 4, 1, 0;
    %flag_set/imm 4, 0;
    %shiftr 4;
    %assign/vec4 v0xcb5278c80_0, 0;
    %jmp T_46.106;
T_46.105 ;
    %load/vec4 v0xcb5278c80_0;
    %ix/load 4, 1, 0;
    %flag_set/imm 4, 0;
    %shiftr/s 4;
    %assign/vec4 v0xcb5278c80_0, 0;
    %jmp T_46.106;
T_46.106 ;
    %pop/vec4 1;
    %load/vec4 v0xcb5278f00_0;
    %subi 1, 0, 5;
    %assign/vec4 v0xcb5278f00_0, 0;
T_46.94 ;
T_46.92 ;
    %jmp T_46.15;
T_46.13 ;
    %load/vec4 v0xcb5276620_0;
    %nor/r;
    %flag_set/vec4 8;
    %jmp/1 T_46.112, 8;
    %load/vec4 v0xcb52768a0_0;
    %flag_set/vec4 9;
    %flag_or 8, 9;
T_46.112;
    %jmp/0xz  T_46.110, 8;
    %load/vec4 v0xcb5276800_0;
    %nor/r;
    %flag_set/vec4 8;
    %jmp/0xz  T_46.113, 8;
    %pushi/vec4 1, 0, 1;
    %dup/vec4;
    %load/vec4 v0xcb5274460_0;
    %cmp/u;
    %jmp/1 T_46.115, 6;
    %dup/vec4;
    %load/vec4 v0xcb52745a0_0;
    %cmp/u;
    %jmp/1 T_46.116, 6;
    %dup/vec4;
    %load/vec4 v0xcb5274d20_0;
    %cmp/u;
    %jmp/1 T_46.117, 6;
    %jmp T_46.118;
T_46.115 ;
    %pushi/vec4 2, 0, 2;
    %assign/vec4 v0xcb52775c0_0, 0;
    %jmp T_46.118;
T_46.116 ;
    %pushi/vec4 1, 0, 2;
    %assign/vec4 v0xcb52775c0_0, 0;
    %jmp T_46.118;
T_46.117 ;
    %pushi/vec4 0, 0, 2;
    %assign/vec4 v0xcb52775c0_0, 0;
    %jmp T_46.118;
T_46.118 ;
    %pop/vec4 1;
    %load/vec4 v0xcb5278c80_0;
    %load/vec4 v0xcb526e9e0_0;
    %add;
    %assign/vec4 v0xcb5278c80_0, 0;
    %pushi/vec4 1, 0, 1;
    %store/vec4 v0xcb5279180_0, 0, 1;
T_46.113 ;
    %load/vec4 v0xcb5276620_0;
    %nor/r;
    %flag_set/vec4 9;
    %flag_get/vec4 9;
    %jmp/0 T_46.121, 9;
    %load/vec4 v0xcb52768a0_0;
    %and;
T_46.121;
    %flag_set/vec4 8;
    %jmp/0xz  T_46.119, 8;
    %pushi/vec4 64, 0, 8;
    %assign/vec4 v0xcb526d860_0, 0;
    %pushi/vec4 1, 0, 1;
    %assign/vec4 v0xcb526eee0_0, 0;
    %pushi/vec4 1, 0, 1;
    %assign/vec4 v0xcb526eda0_0, 0;
T_46.119 ;
T_46.110 ;
    %jmp T_46.15;
T_46.14 ;
    %pushi/vec4 1, 0, 1;
    %assign/vec4 v0xcb5276300_0, 0;
    %load/vec4 v0xcb5276620_0;
    %nor/r;
    %flag_set/vec4 8;
    %jmp/1 T_46.124, 8;
    %load/vec4 v0xcb52768a0_0;
    %flag_set/vec4 9;
    %flag_or 8, 9;
T_46.124;
    %jmp/0xz  T_46.122, 8;
    %load/vec4 v0xcb52766c0_0;
    %nor/r;
    %flag_set/vec4 8;
    %jmp/0xz  T_46.125, 8;
    %pushi/vec4 1, 0, 1;
    %dup/vec4;
    %load/vec4 v0xcb526fb60_0;
    %flag_set/vec4 8;
    %flag_get/vec4 8;
    %jmp/1 T_46.131, 8;
    %load/vec4 v0xcb526fc00_0;
    %or;
T_46.131;
    %cmp/u;
    %jmp/1 T_46.127, 6;
    %dup/vec4;
    %load/vec4 v0xcb526fca0_0;
    %flag_set/vec4 8;
    %flag_get/vec4 8;
    %jmp/1 T_46.132, 8;
    %load/vec4 v0xcb526fd40_0;
    %or;
T_46.132;
    %cmp/u;
    %jmp/1 T_46.128, 6;
    %dup/vec4;
    %load/vec4 v0xcb526fe80_0;
    %cmp/u;
    %jmp/1 T_46.129, 6;
    %jmp T_46.130;
T_46.127 ;
    %pushi/vec4 2, 0, 2;
    %assign/vec4 v0xcb52775c0_0, 0;
    %jmp T_46.130;
T_46.128 ;
    %pushi/vec4 1, 0, 2;
    %assign/vec4 v0xcb52775c0_0, 0;
    %jmp T_46.130;
T_46.129 ;
    %pushi/vec4 0, 0, 2;
    %assign/vec4 v0xcb52775c0_0, 0;
    %jmp T_46.130;
T_46.130 ;
    %pop/vec4 1;
    %load/vec4 v0xcb5275860_0;
    %assign/vec4 v0xcb5276120_0, 0;
    %load/vec4 v0xcb526fca0_0;
    %assign/vec4 v0xcb5276080_0, 0;
    %load/vec4 v0xcb526fb60_0;
    %assign/vec4 v0xcb5275fe0_0, 0;
    %load/vec4 v0xcb5278c80_0;
    %load/vec4 v0xcb526e9e0_0;
    %add;
    %assign/vec4 v0xcb5278c80_0, 0;
    %pushi/vec4 1, 0, 1;
    %store/vec4 v0xcb5279040_0, 0, 1;
T_46.125 ;
    %load/vec4 v0xcb5276620_0;
    %nor/r;
    %flag_set/vec4 9;
    %flag_get/vec4 9;
    %jmp/0 T_46.135, 9;
    %load/vec4 v0xcb52768a0_0;
    %and;
T_46.135;
    %flag_set/vec4 8;
    %jmp/0xz  T_46.133, 8;
    %pushi/vec4 1, 0, 1;
    %dup/vec4;
    %load/vec4 v0xcb5276120_0;
    %cmp/u;
    %jmp/1 T_46.136, 6;
    %dup/vec4;
    %load/vec4 v0xcb5276080_0;
    %cmp/u;
    %jmp/1 T_46.137, 6;
    %dup/vec4;
    %load/vec4 v0xcb5275fe0_0;
    %cmp/u;
    %jmp/1 T_46.138, 6;
    %jmp T_46.139;
T_46.136 ;
    %load/vec4 v0xcb52772a0_0;
    %assign/vec4 v0xcb5278dc0_0, 0;
    %jmp T_46.139;
T_46.137 ;
    %load/vec4 v0xcb52772a0_0;
    %parti/s 16, 0, 2;
    %pad/s 32;
    %assign/vec4 v0xcb5278dc0_0, 0;
    %jmp T_46.139;
T_46.138 ;
    %load/vec4 v0xcb52772a0_0;
    %parti/s 8, 0, 2;
    %pad/s 32;
    %assign/vec4 v0xcb5278dc0_0, 0;
    %jmp T_46.139;
T_46.139 ;
    %pop/vec4 1;
    %pushi/vec4 1, 0, 1;
    %assign/vec4 v0xcb526eee0_0, 0;
    %pushi/vec4 1, 0, 1;
    %assign/vec4 v0xcb526eda0_0, 0;
    %pushi/vec4 64, 0, 8;
    %assign/vec4 v0xcb526d860_0, 0;
T_46.133 ;
T_46.122 ;
    %jmp T_46.15;
T_46.15 ;
    %pop/vec4 1;
T_46.6 ;
    %pushi/vec4 1, 0, 1;
    %flag_set/vec4 10;
    %flag_get/vec4 10;
    %jmp/0 T_46.143, 10;
    %load/vec4 v0xcb5278fa0_0;
    %and;
T_46.143;
    %flag_set/vec4 9;
    %flag_get/vec4 9;
    %jmp/0 T_46.142, 9;
    %load/vec4 v0xcb52766c0_0;
    %flag_set/vec4 9;
    %flag_get/vec4 9;
    %jmp/1 T_46.144, 9;
    %load/vec4 v0xcb5276800_0;
    %or;
T_46.144;
    %and;
T_46.142;
    %flag_set/vec4 8;
    %jmp/0xz  T_46.140, 8;
    %load/vec4 v0xcb52775c0_0;
    %pad/u 32;
    %cmpi/e 0, 0, 32;
    %flag_get/vec4 4;
    %jmp/0 T_46.147, 4;
    %load/vec4 v0xcb5278c80_0;
    %parti/s 2, 0, 2;
    %pad/u 32;
    %pushi/vec4 0, 0, 32;
    %cmp/ne;
    %flag_get/vec4 4;
    %and;
T_46.147;
    %flag_set/vec4 8;
    %jmp/0xz  T_46.145, 8;
    %pushi/vec4 128, 0, 8;
    %assign/vec4 v0xcb526d860_0, 0;
T_46.145 ;
    %load/vec4 v0xcb52775c0_0;
    %pad/u 32;
    %cmpi/e 1, 0, 32;
    %flag_get/vec4 4;
    %jmp/0 T_46.150, 4;
    %load/vec4 v0xcb5278c80_0;
    %parti/s 1, 0, 2;
    %pad/u 32;
    %pushi/vec4 0, 0, 32;
    %cmp/ne;
    %flag_get/vec4 4;
    %and;
T_46.150;
    %flag_set/vec4 8;
    %jmp/0xz  T_46.148, 8;
    %pushi/vec4 128, 0, 8;
    %assign/vec4 v0xcb526d860_0, 0;
T_46.148 ;
T_46.140 ;
    %pushi/vec4 1, 0, 1;
    %flag_set/vec4 11;
    %flag_get/vec4 11;
    %jmp/0 T_46.155, 11;
    %load/vec4 v0xcb5278fa0_0;
    %and;
T_46.155;
    %flag_set/vec4 10;
    %flag_get/vec4 10;
    %jmp/0 T_46.154, 10;
    %load/vec4 v0xcb5276760_0;
    %and;
T_46.154;
    %flag_set/vec4 9;
    %flag_get/vec4 9;
    %jmp/0 T_46.153, 9;
    %load/vec4 v0xcb5278e60_0;
    %parti/s 2, 0, 2;
    %or/r;
    %and;
T_46.153;
    %flag_set/vec4 8;
    %jmp/0xz  T_46.151, 8;
    %pushi/vec4 128, 0, 8;
    %assign/vec4 v0xcb526d860_0, 0;
T_46.151 ;
    %load/vec4 v0xcb5278fa0_0;
    %nor/r;
    %flag_set/vec4 8;
    %jmp/1 T_46.158, 8;
    %load/vec4 v0xcb52768a0_0;
    %flag_set/vec4 9;
    %flag_or 8, 9;
T_46.158;
    %jmp/0xz  T_46.156, 8;
    %pushi/vec4 0, 0, 1;
    %assign/vec4 v0xcb5276620_0, 0;
    %pushi/vec4 0, 0, 1;
    %assign/vec4 v0xcb5276760_0, 0;
    %pushi/vec4 0, 0, 1;
    %assign/vec4 v0xcb52766c0_0, 0;
    %pushi/vec4 0, 0, 1;
    %assign/vec4 v0xcb5276800_0, 0;
T_46.156 ;
    %load/vec4 v0xcb52790e0_0;
    %flag_set/vec4 8;
    %jmp/0xz  T_46.159, 8;
    %pushi/vec4 1, 0, 1;
    %assign/vec4 v0xcb5276760_0, 0;
T_46.159 ;
    %load/vec4 v0xcb5279040_0;
    %flag_set/vec4 8;
    %jmp/0xz  T_46.161, 8;
    %pushi/vec4 1, 0, 1;
    %assign/vec4 v0xcb52766c0_0, 0;
T_46.161 ;
    %load/vec4 v0xcb5279180_0;
    %flag_set/vec4 8;
    %jmp/0xz  T_46.163, 8;
    %pushi/vec4 1, 0, 1;
    %assign/vec4 v0xcb5276800_0, 0;
T_46.163 ;
    %load/vec4 v0xcb52778e0_0;
    %pushi/vec4 4294967295, 0, 32;
    %and;
    %assign/vec4 v0xcb5275360_0, 0;
    %pushi/vec4 4294967295, 4294967295, 32;
    %store/vec4 v0xcb526dc20_0, 0, 32;
    %jmp T_46;
    .thread T_46;
    .scope S_0x102b1d160;
T_47 ;
    %wait E_0xcb5249f40;
    %load/vec4 v0xcb527a760_0;
    %flag_set/vec4 8;
    %jmp/0xz  T_47.0, 8;
    %pushi/vec4 0, 0, 32;
    %assign/vec4 v0xcb527a8a0_0, 0;
    %pushi/vec4 0, 0, 32;
    %assign/vec4 v0xcb527aa80_0, 0;
    %pushi/vec4 0, 0, 1;
    %assign/vec4 v0xcb527ac60_0, 0;
    %pushi/vec4 0, 0, 4;
    %assign/vec4 v0xcb527ab20_0, 0;
    %pushi/vec4 0, 0, 1;
    %assign/vec4 v0xcb527abc0_0, 0;
    %pushi/vec4 0, 0, 1;
    %assign/vec4 v0xcb527a940_0, 0;
    %pushi/vec4 0, 0, 2;
    %assign/vec4 v0xcb527a440_0, 0;
    %jmp T_47.1;
T_47.0 ;
    %load/vec4 v0xcb527a440_0;
    %dup/vec4;
    %pushi/vec4 0, 0, 2;
    %cmp/u;
    %jmp/1 T_47.2, 6;
    %dup/vec4;
    %pushi/vec4 1, 0, 2;
    %cmp/u;
    %jmp/1 T_47.3, 6;
    %dup/vec4;
    %pushi/vec4 2, 0, 2;
    %cmp/u;
    %jmp/1 T_47.4, 6;
    %pushi/vec4 0, 0, 2;
    %assign/vec4 v0xcb527a440_0, 0;
    %jmp T_47.6;
T_47.2 ;
    %load/vec4 v0xcb5279cc0_0;
    %flag_set/vec4 8;
    %jmp/0xz  T_47.7, 8;
    %load/vec4 v0xcb5279a40_0;
    %assign/vec4 v0xcb527a8a0_0, 0;
    %load/vec4 v0xcb5279d60_0;
    %assign/vec4 v0xcb527aa80_0, 0;
    %load/vec4 v0xcb527ad00_0;
    %assign/vec4 v0xcb527ac60_0, 0;
    %load/vec4 v0xcb5279e00_0;
    %assign/vec4 v0xcb527ab20_0, 0;
    %pushi/vec4 1, 0, 1;
    %assign/vec4 v0xcb527abc0_0, 0;
    %pushi/vec4 1, 0, 1;
    %assign/vec4 v0xcb527a940_0, 0;
    %pushi/vec4 1, 0, 2;
    %assign/vec4 v0xcb527a440_0, 0;
    %jmp T_47.8;
T_47.7 ;
    %pushi/vec4 0, 0, 1;
    %assign/vec4 v0xcb5279c20_0, 0;
    %pushi/vec4 0, 0, 1;
    %assign/vec4 v0xcb527abc0_0, 0;
    %pushi/vec4 0, 0, 1;
    %assign/vec4 v0xcb527a940_0, 0;
    %pushi/vec4 0, 0, 1;
    %assign/vec4 v0xcb527ac60_0, 0;
T_47.8 ;
    %jmp T_47.6;
T_47.3 ;
    %load/vec4 v0xcb527a800_0;
    %flag_set/vec4 8;
    %jmp/0xz  T_47.9, 8;
    %load/vec4 v0xcb527a9e0_0;
    %assign/vec4 v0xcb5279b80_0, 0;
    %pushi/vec4 1, 0, 1;
    %assign/vec4 v0xcb5279c20_0, 0;
    %pushi/vec4 2, 0, 2;
    %assign/vec4 v0xcb527a440_0, 0;
    %pushi/vec4 0, 0, 1;
    %assign/vec4 v0xcb527abc0_0, 0;
    %pushi/vec4 0, 0, 1;
    %assign/vec4 v0xcb527a940_0, 0;
    %pushi/vec4 0, 0, 1;
    %assign/vec4 v0xcb527ac60_0, 0;
T_47.9 ;
    %jmp T_47.6;
T_47.4 ;
    %pushi/vec4 0, 0, 1;
    %assign/vec4 v0xcb5279c20_0, 0;
    %pushi/vec4 0, 0, 2;
    %assign/vec4 v0xcb527a440_0, 0;
    %jmp T_47.6;
T_47.6 ;
    %pop/vec4 1;
T_47.1 ;
    %jmp T_47;
    .thread T_47;
    .scope S_0xcb4de9b00;
T_48 ;
    %wait E_0xcb524a2c0;
    %load/vec4 v0xcb5286a80_0;
    %assign/vec4 v0xcb5286bc0_0, 0;
    %load/vec4 v0xcb5286bc0_0;
    %assign/vec4 v0xcb5286c60_0, 0;
    %jmp T_48;
    .thread T_48;
    .scope S_0xcb4de9b00;
T_49 ;
    %wait E_0xcb524a2c0;
    %load/vec4 v0xcb52869e0_0;
    %nor/r;
    %flag_set/vec4 8;
    %jmp/0xz  T_49.0, 8;
    %pushi/vec4 0, 0, 2;
    %assign/vec4 v0xcb5286d00_0, 0;
    %pushi/vec4 0, 0, 16;
    %assign/vec4 v0xcb52868a0_0, 0;
    %pushi/vec4 0, 0, 3;
    %assign/vec4 v0xcb5286760_0, 0;
    %pushi/vec4 0, 0, 8;
    %assign/vec4 v0xcb5286940_0, 0;
    %pushi/vec4 0, 0, 1;
    %assign/vec4 v0xcb5286da0_0, 0;
    %jmp T_49.1;
T_49.0 ;
    %pushi/vec4 0, 0, 1;
    %assign/vec4 v0xcb5286da0_0, 0;
    %load/vec4 v0xcb5286d00_0;
    %dup/vec4;
    %pushi/vec4 0, 0, 2;
    %cmp/u;
    %jmp/1 T_49.2, 6;
    %dup/vec4;
    %pushi/vec4 1, 0, 2;
    %cmp/u;
    %jmp/1 T_49.3, 6;
    %dup/vec4;
    %pushi/vec4 2, 0, 2;
    %cmp/u;
    %jmp/1 T_49.4, 6;
    %dup/vec4;
    %pushi/vec4 3, 0, 2;
    %cmp/u;
    %jmp/1 T_49.5, 6;
    %pushi/vec4 0, 0, 2;
    %assign/vec4 v0xcb5286d00_0, 0;
    %jmp T_49.7;
T_49.2 ;
    %pushi/vec4 0, 0, 16;
    %assign/vec4 v0xcb52868a0_0, 0;
    %pushi/vec4 0, 0, 3;
    %assign/vec4 v0xcb5286760_0, 0;
    %load/vec4 v0xcb5286b20_0;
    %cmpi/e 0, 0, 1;
    %jmp/0xz  T_49.8, 4;
    %pushi/vec4 1, 0, 2;
    %assign/vec4 v0xcb5286d00_0, 0;
T_49.8 ;
    %jmp T_49.7;
T_49.3 ;
    %load/vec4 v0xcb52868a0_0;
    %pad/u 32;
    %cmpi/e 7, 0, 32;
    %jmp/0xz  T_49.10, 4;
    %load/vec4 v0xcb5286b20_0;
    %cmpi/e 0, 0, 1;
    %jmp/0xz  T_49.12, 4;
    %pushi/vec4 0, 0, 16;
    %assign/vec4 v0xcb52868a0_0, 0;
    %pushi/vec4 2, 0, 2;
    %assign/vec4 v0xcb5286d00_0, 0;
    %jmp T_49.13;
T_49.12 ;
    %pushi/vec4 0, 0, 2;
    %assign/vec4 v0xcb5286d00_0, 0;
T_49.13 ;
    %jmp T_49.11;
T_49.10 ;
    %load/vec4 v0xcb52868a0_0;
    %addi 1, 0, 16;
    %assign/vec4 v0xcb52868a0_0, 0;
T_49.11 ;
    %jmp T_49.7;
T_49.4 ;
    %load/vec4 v0xcb52868a0_0;
    %pad/u 32;
    %cmpi/u 15, 0, 32;
    %jmp/0xz  T_49.14, 5;
    %load/vec4 v0xcb52868a0_0;
    %addi 1, 0, 16;
    %assign/vec4 v0xcb52868a0_0, 0;
    %jmp T_49.15;
T_49.14 ;
    %pushi/vec4 0, 0, 16;
    %assign/vec4 v0xcb52868a0_0, 0;
    %load/vec4 v0xcb5286b20_0;
    %ix/load 5, 0, 0;
    %ix/getv 4, v0xcb5286760_0;
    %assign/vec4/off/d v0xcb5286940_0, 4, 5;
    %load/vec4 v0xcb5286760_0;
    %pad/u 32;
    %cmpi/u 7, 0, 32;
    %jmp/0xz  T_49.16, 5;
    %load/vec4 v0xcb5286760_0;
    %addi 1, 0, 3;
    %assign/vec4 v0xcb5286760_0, 0;
    %jmp T_49.17;
T_49.16 ;
    %pushi/vec4 0, 0, 3;
    %assign/vec4 v0xcb5286760_0, 0;
    %pushi/vec4 3, 0, 2;
    %assign/vec4 v0xcb5286d00_0, 0;
T_49.17 ;
T_49.15 ;
    %jmp T_49.7;
T_49.5 ;
    %load/vec4 v0xcb52868a0_0;
    %pad/u 32;
    %cmpi/u 15, 0, 32;
    %jmp/0xz  T_49.18, 5;
    %load/vec4 v0xcb52868a0_0;
    %addi 1, 0, 16;
    %assign/vec4 v0xcb52868a0_0, 0;
    %jmp T_49.19;
T_49.18 ;
    %pushi/vec4 0, 0, 16;
    %assign/vec4 v0xcb52868a0_0, 0;
    %pushi/vec4 1, 0, 1;
    %assign/vec4 v0xcb5286da0_0, 0;
    %pushi/vec4 0, 0, 2;
    %assign/vec4 v0xcb5286d00_0, 0;
T_49.19 ;
    %jmp T_49.7;
T_49.7 ;
    %pop/vec4 1;
T_49.1 ;
    %jmp T_49;
    .thread T_49;
    .scope S_0xcb4de9680;
T_50 ;
    %wait E_0xcb524a2c0;
    %load/vec4 v0xcb52861c0_0;
    %nor/r;
    %flag_set/vec4 8;
    %jmp/0xz  T_50.0, 8;
    %pushi/vec4 0, 0, 4;
    %assign/vec4 v0xcb5286440_0, 0;
    %pushi/vec4 1, 0, 1;
    %assign/vec4 v0xcb5285ea0_0, 0;
    %pushi/vec4 0, 0, 1;
    %assign/vec4 v0xcb5286620_0, 0;
    %pushi/vec4 0, 0, 1;
    %assign/vec4 v0xcb5286080_0, 0;
    %pushi/vec4 0, 0, 11;
    %assign/vec4 v0xcb5285ae0_0, 0;
    %pushi/vec4 0, 0, 2;
    %assign/vec4 v0xcb5285b80_0, 0;
    %pushi/vec4 0, 0, 8;
    %assign/vec4 v0xcb52866c0_0, 0;
    %pushi/vec4 65535, 0, 16;
    %assign/vec4 v0xcb5285d60_0, 0;
    %jmp T_50.1;
T_50.0 ;
    %pushi/vec4 0, 0, 1;
    %assign/vec4 v0xcb5286620_0, 0;
    %pushi/vec4 0, 0, 1;
    %assign/vec4 v0xcb5286080_0, 0;
    %load/vec4 v0xcb5286440_0;
    %dup/vec4;
    %pushi/vec4 0, 0, 4;
    %cmp/u;
    %jmp/1 T_50.2, 6;
    %dup/vec4;
    %pushi/vec4 1, 0, 4;
    %cmp/u;
    %jmp/1 T_50.3, 6;
    %dup/vec4;
    %pushi/vec4 2, 0, 4;
    %cmp/u;
    %jmp/1 T_50.4, 6;
    %dup/vec4;
    %pushi/vec4 3, 0, 4;
    %cmp/u;
    %jmp/1 T_50.5, 6;
    %dup/vec4;
    %pushi/vec4 4, 0, 4;
    %cmp/u;
    %jmp/1 T_50.6, 6;
    %dup/vec4;
    %pushi/vec4 5, 0, 4;
    %cmp/u;
    %jmp/1 T_50.7, 6;
    %dup/vec4;
    %pushi/vec4 6, 0, 4;
    %cmp/u;
    %jmp/1 T_50.8, 6;
    %dup/vec4;
    %pushi/vec4 7, 0, 4;
    %cmp/u;
    %jmp/1 T_50.9, 6;
    %dup/vec4;
    %pushi/vec4 8, 0, 4;
    %cmp/u;
    %jmp/1 T_50.10, 6;
    %dup/vec4;
    %pushi/vec4 9, 0, 4;
    %cmp/u;
    %jmp/1 T_50.11, 6;
    %dup/vec4;
    %pushi/vec4 10, 0, 4;
    %cmp/u;
    %jmp/1 T_50.12, 6;
    %pushi/vec4 0, 0, 4;
    %assign/vec4 v0xcb5286440_0, 0;
    %jmp T_50.14;
T_50.2 ;
    %load/vec4 v0xcb52863a0_0;
    %flag_set/vec4 9;
    %flag_get/vec4 9;
    %jmp/0 T_50.17, 9;
    %load/vec4 v0xcb5286300_0;
    %pushi/vec4 126, 0, 8;
    %cmp/e;
    %flag_get/vec4 4;
    %and;
T_50.17;
    %flag_set/vec4 8;
    %jmp/0xz  T_50.15, 8;
    %pushi/vec4 65535, 0, 16;
    %assign/vec4 v0xcb5285d60_0, 0;
    %pushi/vec4 1, 0, 4;
    %assign/vec4 v0xcb5286440_0, 0;
T_50.15 ;
    %jmp T_50.14;
T_50.3 ;
    %load/vec4 v0xcb52863a0_0;
    %flag_set/vec4 8;
    %jmp/0xz  T_50.18, 8;
    %load/vec4 v0xcb5286300_0;
    %assign/vec4 v0xcb5285cc0_0, 0;
    %load/vec4 v0xcb5285d60_0;
    %load/vec4 v0xcb5286300_0;
    %store/vec4 v0xcb52857c0_0, 0, 8;
    %store/vec4 v0xcb52859a0_0, 0, 16;
    %callf/vec4 TD_tb_loader_file.dut.loader_i.crc16_next, S_0xcb4de9980;
    %assign/vec4 v0xcb5285d60_0, 0;
    %load/vec4 v0xcb5286300_0;
    %cmpi/e 1, 0, 8;
    %jmp/0xz  T_50.20, 4;
    %pushi/vec4 2, 0, 4;
    %assign/vec4 v0xcb5286440_0, 0;
    %jmp T_50.21;
T_50.20 ;
    %load/vec4 v0xcb5286300_0;
    %cmpi/e 2, 0, 8;
    %jmp/0xz  T_50.22, 4;
    %pushi/vec4 6, 0, 4;
    %assign/vec4 v0xcb5286440_0, 0;
    %jmp T_50.23;
T_50.22 ;
    %pushi/vec4 0, 0, 4;
    %assign/vec4 v0xcb5286440_0, 0;
T_50.23 ;
T_50.21 ;
T_50.18 ;
    %jmp T_50.14;
T_50.4 ;
    %load/vec4 v0xcb52863a0_0;
    %flag_set/vec4 8;
    %jmp/0xz  T_50.24, 8;
    %load/vec4 v0xcb5286300_0;
    %ix/load 5, 0, 0;
    %ix/load 4, 0, 0;
    %flag_set/imm 4, 0;
    %assign/vec4/off/d v0xcb5285ae0_0, 4, 5;
    %load/vec4 v0xcb5285d60_0;
    %load/vec4 v0xcb5286300_0;
    %store/vec4 v0xcb52857c0_0, 0, 8;
    %store/vec4 v0xcb52859a0_0, 0, 16;
    %callf/vec4 TD_tb_loader_file.dut.loader_i.crc16_next, S_0xcb4de9980;
    %assign/vec4 v0xcb5285d60_0, 0;
    %pushi/vec4 3, 0, 4;
    %assign/vec4 v0xcb5286440_0, 0;
T_50.24 ;
    %jmp T_50.14;
T_50.5 ;
    %load/vec4 v0xcb52863a0_0;
    %flag_set/vec4 8;
    %jmp/0xz  T_50.26, 8;
    %load/vec4 v0xcb5286300_0;
    %parti/s 3, 0, 2;
    %ix/load 5, 0, 0;
    %ix/load 4, 8, 0;
    %flag_set/imm 4, 0;
    %assign/vec4/off/d v0xcb5285ae0_0, 4, 5;
    %load/vec4 v0xcb5285d60_0;
    %load/vec4 v0xcb5286300_0;
    %store/vec4 v0xcb52857c0_0, 0, 8;
    %store/vec4 v0xcb52859a0_0, 0, 16;
    %callf/vec4 TD_tb_loader_file.dut.loader_i.crc16_next, S_0xcb4de9980;
    %assign/vec4 v0xcb5285d60_0, 0;
    %pushi/vec4 4, 0, 4;
    %assign/vec4 v0xcb5286440_0, 0;
T_50.26 ;
    %jmp T_50.14;
T_50.6 ;
    %load/vec4 v0xcb52863a0_0;
    %flag_set/vec4 8;
    %jmp/0xz  T_50.28, 8;
    %load/vec4 v0xcb5286300_0;
    %assign/vec4 v0xcb5286120_0, 0;
    %load/vec4 v0xcb5285d60_0;
    %load/vec4 v0xcb5286300_0;
    %store/vec4 v0xcb52857c0_0, 0, 8;
    %store/vec4 v0xcb52859a0_0, 0, 16;
    %callf/vec4 TD_tb_loader_file.dut.loader_i.crc16_next, S_0xcb4de9980;
    %assign/vec4 v0xcb5285d60_0, 0;
    %pushi/vec4 0, 0, 8;
    %assign/vec4 v0xcb52866c0_0, 0;
    %pushi/vec4 0, 0, 2;
    %assign/vec4 v0xcb5285b80_0, 0;
    %load/vec4 v0xcb5286300_0;
    %cmpi/e 0, 0, 8;
    %jmp/0xz  T_50.30, 4;
    %pushi/vec4 6, 0, 4;
    %assign/vec4 v0xcb5286440_0, 0;
    %jmp T_50.31;
T_50.30 ;
    %pushi/vec4 5, 0, 4;
    %assign/vec4 v0xcb5286440_0, 0;
T_50.31 ;
T_50.28 ;
    %jmp T_50.14;
T_50.7 ;
    %load/vec4 v0xcb52863a0_0;
    %flag_set/vec4 8;
    %jmp/0xz  T_50.32, 8;
    %load/vec4 v0xcb5285d60_0;
    %load/vec4 v0xcb5286300_0;
    %store/vec4 v0xcb52857c0_0, 0, 8;
    %store/vec4 v0xcb52859a0_0, 0, 16;
    %callf/vec4 TD_tb_loader_file.dut.loader_i.crc16_next, S_0xcb4de9980;
    %assign/vec4 v0xcb5285d60_0, 0;
    %load/vec4 v0xcb5285b80_0;
    %dup/vec4;
    %pushi/vec4 0, 0, 2;
    %cmp/u;
    %jmp/1 T_50.34, 6;
    %dup/vec4;
    %pushi/vec4 1, 0, 2;
    %cmp/u;
    %jmp/1 T_50.35, 6;
    %dup/vec4;
    %pushi/vec4 2, 0, 2;
    %cmp/u;
    %jmp/1 T_50.36, 6;
    %dup/vec4;
    %pushi/vec4 3, 0, 2;
    %cmp/u;
    %jmp/1 T_50.37, 6;
    %jmp T_50.38;
T_50.34 ;
    %load/vec4 v0xcb5286300_0;
    %ix/load 5, 0, 0;
    %ix/load 4, 0, 0;
    %flag_set/imm 4, 0;
    %assign/vec4/off/d v0xcb5285e00_0, 4, 5;
    %jmp T_50.38;
T_50.35 ;
    %load/vec4 v0xcb5286300_0;
    %ix/load 5, 0, 0;
    %ix/load 4, 8, 0;
    %flag_set/imm 4, 0;
    %assign/vec4/off/d v0xcb5285e00_0, 4, 5;
    %jmp T_50.38;
T_50.36 ;
    %load/vec4 v0xcb5286300_0;
    %ix/load 5, 0, 0;
    %ix/load 4, 16, 0;
    %flag_set/imm 4, 0;
    %assign/vec4/off/d v0xcb5285e00_0, 4, 5;
    %jmp T_50.38;
T_50.37 ;
    %load/vec4 v0xcb5286300_0;
    %ix/load 5, 0, 0;
    %ix/load 4, 24, 0;
    %flag_set/imm 4, 0;
    %assign/vec4/off/d v0xcb5285e00_0, 4, 5;
    %jmp T_50.38;
T_50.38 ;
    %pop/vec4 1;
    %load/vec4 v0xcb5285b80_0;
    %cmpi/e 3, 0, 2;
    %jmp/0xz  T_50.39, 4;
    %pushi/vec4 1, 0, 1;
    %assign/vec4 v0xcb5286080_0, 0;
    %load/vec4 v0xcb5285ae0_0;
    %assign/vec4 v0xcb5285f40_0, 0;
    %load/vec4 v0xcb5286300_0;
    %load/vec4 v0xcb5285e00_0;
    %parti/s 24, 0, 2;
    %concat/vec4; draw_concat_vec4
    %assign/vec4 v0xcb5285fe0_0, 0;
    %load/vec4 v0xcb5285ae0_0;
    %addi 1, 0, 11;
    %assign/vec4 v0xcb5285ae0_0, 0;
    %pushi/vec4 0, 0, 2;
    %assign/vec4 v0xcb5285b80_0, 0;
    %load/vec4 v0xcb52866c0_0;
    %addi 1, 0, 8;
    %assign/vec4 v0xcb52866c0_0, 0;
    %load/vec4 v0xcb52866c0_0;
    %addi 1, 0, 8;
    %load/vec4 v0xcb5286120_0;
    %cmp/e;
    %jmp/0xz  T_50.41, 4;
    %pushi/vec4 6, 0, 4;
    %assign/vec4 v0xcb5286440_0, 0;
T_50.41 ;
    %jmp T_50.40;
T_50.39 ;
    %load/vec4 v0xcb5285b80_0;
    %addi 1, 0, 2;
    %assign/vec4 v0xcb5285b80_0, 0;
T_50.40 ;
T_50.32 ;
    %jmp T_50.14;
T_50.8 ;
    %load/vec4 v0xcb52863a0_0;
    %flag_set/vec4 8;
    %jmp/0xz  T_50.43, 8;
    %load/vec4 v0xcb5286300_0;
    %ix/load 5, 0, 0;
    %ix/load 4, 8, 0;
    %flag_set/imm 4, 0;
    %assign/vec4/off/d v0xcb5286260_0, 4, 5;
    %pushi/vec4 7, 0, 4;
    %assign/vec4 v0xcb5286440_0, 0;
T_50.43 ;
    %jmp T_50.14;
T_50.9 ;
    %load/vec4 v0xcb52863a0_0;
    %flag_set/vec4 8;
    %jmp/0xz  T_50.45, 8;
    %load/vec4 v0xcb5286300_0;
    %ix/load 5, 0, 0;
    %ix/load 4, 0, 0;
    %flag_set/imm 4, 0;
    %assign/vec4/off/d v0xcb5286260_0, 4, 5;
    %pushi/vec4 8, 0, 4;
    %assign/vec4 v0xcb5286440_0, 0;
T_50.45 ;
    %jmp T_50.14;
T_50.10 ;
    %load/vec4 v0xcb5286260_0;
    %load/vec4 v0xcb5285d60_0;
    %cmp/e;
    %jmp/0xz  T_50.47, 4;
    %pushi/vec4 121, 0, 8;
    %assign/vec4 v0xcb5286580_0, 0;
    %pushi/vec4 1, 0, 1;
    %assign/vec4 v0xcb5286620_0, 0;
    %jmp T_50.48;
T_50.47 ;
    %pushi/vec4 110, 0, 8;
    %assign/vec4 v0xcb5286580_0, 0;
    %pushi/vec4 1, 0, 1;
    %assign/vec4 v0xcb5286620_0, 0;
T_50.48 ;
    %pushi/vec4 9, 0, 4;
    %assign/vec4 v0xcb5286440_0, 0;
    %jmp T_50.14;
T_50.11 ;
    %load/vec4 v0xcb52864e0_0;
    %nor/r;
    %flag_set/vec4 9;
    %flag_get/vec4 9;
    %jmp/0 T_50.51, 9;
    %load/vec4 v0xcb5286620_0;
    %nor/r;
    %and;
T_50.51;
    %flag_set/vec4 8;
    %jmp/0xz  T_50.49, 8;
    %load/vec4 v0xcb5286260_0;
    %load/vec4 v0xcb5285d60_0;
    %cmp/e;
    %flag_get/vec4 4;
    %jmp/0 T_50.54, 4;
    %load/vec4 v0xcb5285cc0_0;
    %pushi/vec4 2, 0, 8;
    %cmp/e;
    %flag_get/vec4 4;
    %and;
T_50.54;
    %flag_set/vec4 8;
    %jmp/0xz  T_50.52, 8;
    %pushi/vec4 0, 0, 1;
    %assign/vec4 v0xcb5285ea0_0, 0;
    %pushi/vec4 10, 0, 4;
    %assign/vec4 v0xcb5286440_0, 0;
    %jmp T_50.53;
T_50.52 ;
    %pushi/vec4 0, 0, 4;
    %assign/vec4 v0xcb5286440_0, 0;
T_50.53 ;
T_50.49 ;
    %jmp T_50.14;
T_50.12 ;
    %pushi/vec4 0, 0, 1;
    %assign/vec4 v0xcb5285ea0_0, 0;
    %jmp T_50.14;
T_50.14 ;
    %pop/vec4 1;
T_50.1 ;
    %jmp T_50;
    .thread T_50;
    .scope S_0xcb4de9500;
T_51 ;
    %wait E_0xcb524a540;
    %load/vec4 v0xcb5280fa0_0;
    %flag_set/vec4 8;
    %jmp/0 T_51.0, 8;
    %load/vec4 v0xcb5284fa0_0;
    %load/vec4 v0xcb5285040_0;
    %sub;
    %jmp/1 T_51.1, 8;
T_51.0 ; End of true expr.
    %load/vec4 v0xcb5284fa0_0;
    %load/vec4 v0xcb5285040_0;
    %add;
    %jmp/0 T_51.1, 8;
 ; End of false expr.
    %blend;
T_51.1;
    %store/vec4 v0xcb527cc80_0, 0, 32;
    %load/vec4 v0xcb5284fa0_0;
    %load/vec4 v0xcb5285040_0;
    %cmp/e;
    %flag_get/vec4 4;
    %store/vec4 v0xcb527cd20_0, 0, 1;
    %load/vec4 v0xcb5284fa0_0;
    %load/vec4 v0xcb5285040_0;
    %cmp/s;
    %flag_get/vec4 5;
    %store/vec4 v0xcb527cdc0_0, 0, 1;
    %load/vec4 v0xcb5284fa0_0;
    %load/vec4 v0xcb5285040_0;
    %cmp/u;
    %flag_get/vec4 5;
    %store/vec4 v0xcb527ce60_0, 0, 1;
    %load/vec4 v0xcb5284fa0_0;
    %load/vec4 v0xcb5285040_0;
    %parti/s 5, 0, 2;
    %ix/vec4 4;
    %shiftl 4;
    %store/vec4 v0xcb527d180_0, 0, 32;
    %load/vec4 v0xcb5280d20_0;
    %flag_set/vec4 8;
    %jmp/1 T_51.4, 8;
    %load/vec4 v0xcb5280dc0_0;
    %flag_set/vec4 9;
    %flag_or 8, 9;
T_51.4;
    %jmp/0 T_51.2, 8;
    %load/vec4 v0xcb5284fa0_0;
    %parti/s 1, 31, 6;
    %jmp/1 T_51.3, 8;
T_51.2 ; End of true expr.
    %pushi/vec4 0, 0, 1;
    %jmp/0 T_51.3, 8;
 ; End of false expr.
    %blend;
T_51.3;
    %load/vec4 v0xcb5284fa0_0;
    %concat/vec4; draw_concat_vec4
    %load/vec4 v0xcb5285040_0;
    %parti/s 5, 0, 2;
    %ix/vec4 4;
    %shiftr/s 4;
    %pad/s 32;
    %store/vec4 v0xcb527d220_0, 0, 32;
    %jmp T_51;
    .thread T_51, $push;
    .scope S_0xcb4de8d80;
T_52 ;
    %end;
    .thread T_52;
    .scope S_0xcb4de8d80;
T_53 ;
    %wait E_0xcb524a500;
    %pushi/vec4 0, 0, 1;
    %store/vec4 v0xcb5284280_0, 0, 1;
    %pushi/vec4 4294967295, 4294967295, 32;
    %store/vec4 v0xcb52840a0_0, 0, 32;
    %pushi/vec4 0, 0, 1;
    %store/vec4 v0xcb52841e0_0, 0, 1;
    %pushi/vec4 0, 0, 1;
    %store/vec4 v0xcb5284140_0, 0, 1;
    %pushi/vec4 1, 0, 1;
    %dup/vec4;
    %pushi/vec4 0, 0, 1;
    %cmp/u;
    %jmp/1 T_53.0, 6;
    %dup/vec4;
    %pushi/vec4 0, 0, 1;
    %cmp/u;
    %jmp/1 T_53.1, 6;
    %dup/vec4;
    %pushi/vec4 0, 0, 1;
    %cmp/u;
    %jmp/1 T_53.2, 6;
    %jmp T_53.3;
T_53.0 ;
    %pushi/vec4 0, 0, 1;
    %store/vec4 v0xcb5284280_0, 0, 1;
    %pushi/vec4 0, 0, 32;
    %store/vec4 v0xcb52840a0_0, 0, 32;
    %jmp T_53.3;
T_53.1 ;
    %load/vec4 v0xcb5284500_0;
    %store/vec4 v0xcb5284280_0, 0, 1;
    %load/vec4 v0xcb5284320_0;
    %store/vec4 v0xcb52840a0_0, 0, 32;
    %jmp T_53.3;
T_53.2 ;
    %load/vec4 v0xcb5283f20_0;
    %store/vec4 v0xcb5284280_0, 0, 1;
    %load/vec4 v0xcb5283d40_0;
    %store/vec4 v0xcb52840a0_0, 0, 32;
    %jmp T_53.3;
T_53.3 ;
    %pop/vec4 1;
    %jmp T_53;
    .thread T_53, $push;
    .scope S_0xcb4de8d80;
T_54 ;
    %wait E_0xcb524a2c0;
    %load/vec4 v0xcb52852c0_0;
    %nor/r;
    %flag_set/vec4 8;
    %jmp/0xz  T_54.0, 8;
    %pushi/vec4 0, 0, 1;
    %assign/vec4 v0xcb5282e40_0, 0;
    %pushi/vec4 0, 0, 1;
    %assign/vec4 v0xcb5282120_0, 0;
    %jmp T_54.1;
T_54.0 ;
    %load/vec4 v0xcb5282120_0;
    %nor/r;
    %flag_set/vec4 8;
    %jmp/0xz  T_54.2, 8;
    %load/vec4 v0xcb5282da0_0;
    %assign/vec4 v0xcb5282e40_0, 0;
T_54.2 ;
    %load/vec4 v0xcb52837a0_0;
    %flag_set/vec4 8;
    %flag_get/vec4 8;
    %jmp/0 T_54.4, 8;
    %load/vec4 v0xcb5283660_0;
    %nor/r;
    %and;
T_54.4;
    %assign/vec4 v0xcb5282120_0, 0;
T_54.1 ;
    %jmp T_54;
    .thread T_54;
    .scope S_0xcb4de8d80;
T_55 ;
    %wait E_0xcb524a4c0;
    %load/vec4 v0xcb52838e0_0;
    %dup/vec4;
    %pushi/vec4 0, 0, 2;
    %cmp/u;
    %jmp/1 T_55.0, 6;
    %dup/vec4;
    %pushi/vec4 1, 0, 2;
    %cmp/u;
    %jmp/1 T_55.1, 6;
    %dup/vec4;
    %pushi/vec4 2, 0, 2;
    %cmp/u;
    %jmp/1 T_55.2, 6;
    %jmp T_55.3;
T_55.0 ;
    %load/vec4 v0xcb5285040_0;
    %store/vec4 v0xcb5283160_0, 0, 32;
    %pushi/vec4 15, 0, 4;
    %store/vec4 v0xcb52832a0_0, 0, 4;
    %load/vec4 v0xcb5283340_0;
    %store/vec4 v0xcb52835c0_0, 0, 32;
    %jmp T_55.3;
T_55.1 ;
    %load/vec4 v0xcb5285040_0;
    %parti/s 16, 0, 2;
    %replicate 2;
    %store/vec4 v0xcb5283160_0, 0, 32;
    %load/vec4 v0xcb5284fa0_0;
    %parti/s 1, 1, 2;
    %flag_set/vec4 8;
    %jmp/0 T_55.4, 8;
    %pushi/vec4 12, 0, 4;
    %jmp/1 T_55.5, 8;
T_55.4 ; End of true expr.
    %pushi/vec4 3, 0, 4;
    %jmp/0 T_55.5, 8;
 ; End of false expr.
    %blend;
T_55.5;
    %store/vec4 v0xcb52832a0_0, 0, 4;
    %load/vec4 v0xcb5284fa0_0;
    %parti/s 1, 1, 2;
    %dup/vec4;
    %pushi/vec4 0, 0, 1;
    %cmp/u;
    %jmp/1 T_55.6, 6;
    %dup/vec4;
    %pushi/vec4 1, 0, 1;
    %cmp/u;
    %jmp/1 T_55.7, 6;
    %jmp T_55.8;
T_55.6 ;
    %pushi/vec4 0, 0, 16;
    %load/vec4 v0xcb5283340_0;
    %parti/s 16, 0, 2;
    %concat/vec4; draw_concat_vec4
    %store/vec4 v0xcb52835c0_0, 0, 32;
    %jmp T_55.8;
T_55.7 ;
    %pushi/vec4 0, 0, 16;
    %load/vec4 v0xcb5283340_0;
    %parti/s 16, 16, 6;
    %concat/vec4; draw_concat_vec4
    %store/vec4 v0xcb52835c0_0, 0, 32;
    %jmp T_55.8;
T_55.8 ;
    %pop/vec4 1;
    %jmp T_55.3;
T_55.2 ;
    %load/vec4 v0xcb5285040_0;
    %parti/s 8, 0, 2;
    %replicate 4;
    %store/vec4 v0xcb5283160_0, 0, 32;
    %pushi/vec4 1, 0, 4;
    %load/vec4 v0xcb5284fa0_0;
    %parti/s 2, 0, 2;
    %ix/vec4 4;
    %shiftl 4;
    %store/vec4 v0xcb52832a0_0, 0, 4;
    %load/vec4 v0xcb5284fa0_0;
    %parti/s 2, 0, 2;
    %dup/vec4;
    %pushi/vec4 0, 0, 2;
    %cmp/u;
    %jmp/1 T_55.9, 6;
    %dup/vec4;
    %pushi/vec4 1, 0, 2;
    %cmp/u;
    %jmp/1 T_55.10, 6;
    %dup/vec4;
    %pushi/vec4 2, 0, 2;
    %cmp/u;
    %jmp/1 T_55.11, 6;
    %dup/vec4;
    %pushi/vec4 3, 0, 2;
    %cmp/u;
    %jmp/1 T_55.12, 6;
    %jmp T_55.13;
T_55.9 ;
    %pushi/vec4 0, 0, 24;
    %load/vec4 v0xcb5283340_0;
    %parti/s 8, 0, 2;
    %concat/vec4; draw_concat_vec4
    %store/vec4 v0xcb52835c0_0, 0, 32;
    %jmp T_55.13;
T_55.10 ;
    %pushi/vec4 0, 0, 24;
    %load/vec4 v0xcb5283340_0;
    %parti/s 8, 8, 5;
    %concat/vec4; draw_concat_vec4
    %store/vec4 v0xcb52835c0_0, 0, 32;
    %jmp T_55.13;
T_55.11 ;
    %pushi/vec4 0, 0, 24;
    %load/vec4 v0xcb5283340_0;
    %parti/s 8, 16, 6;
    %concat/vec4; draw_concat_vec4
    %store/vec4 v0xcb52835c0_0, 0, 32;
    %jmp T_55.13;
T_55.12 ;
    %pushi/vec4 0, 0, 24;
    %load/vec4 v0xcb5283340_0;
    %parti/s 8, 24, 6;
    %concat/vec4; draw_concat_vec4
    %store/vec4 v0xcb52835c0_0, 0, 32;
    %jmp T_55.13;
T_55.13 ;
    %pop/vec4 1;
    %jmp T_55.3;
T_55.3 ;
    %pop/vec4 1;
    %jmp T_55;
    .thread T_55, $push;
    .scope S_0xcb4de8d80;
T_56 ;
    %wait E_0xcb524a2c0;
    %load/vec4 v0xcb5283a20_0;
    %flag_set/vec4 8;
    %jmp/0xz  T_56.0, 8;
    %load/vec4 v0xcb5283340_0;
    %assign/vec4 v0xcb5283520_0, 0;
    %load/vec4 v0xcb5283340_0;
    %assign/vec4 v0xcb5283b60_0, 0;
T_56.0 ;
    %jmp T_56;
    .thread T_56;
    .scope S_0xcb4de8d80;
T_57 ;
    %wait E_0xcb524a2c0;
    %load/vec4 v0xcb52852c0_0;
    %flag_set/vec4 9;
    %flag_get/vec4 9;
    %jmp/0 T_57.2, 9;
    %load/vec4 v0xcb5285720_0;
    %nor/r;
    %and;
T_57.2;
    %flag_set/vec4 8;
    %jmp/0xz  T_57.0, 8;
    %load/vec4 v0xcb5282940_0;
    %flag_set/vec4 8;
    %jmp/1 T_57.6, 8;
    %load/vec4 v0xcb5282a80_0;
    %flag_set/vec4 9;
    %flag_or 8, 9;
T_57.6;
    %jmp/1 T_57.5, 8;
    %load/vec4 v0xcb52829e0_0;
    %flag_set/vec4 9;
    %flag_or 8, 9;
T_57.5;
    %jmp/0xz  T_57.3, 8;
    %fork TD_tb_loader_file.dut.cpu.empty_statement, S_0xcb4de9080;
    %join;
T_57.3 ;
    %load/vec4 v0xcb5282940_0;
    %flag_set/vec4 8;
    %jmp/1 T_57.9, 8;
    %load/vec4 v0xcb5282a80_0;
    %flag_set/vec4 9;
    %flag_or 8, 9;
T_57.9;
    %jmp/0xz  T_57.7, 8;
    %fork TD_tb_loader_file.dut.cpu.empty_statement, S_0xcb4de9080;
    %join;
T_57.7 ;
    %load/vec4 v0xcb52829e0_0;
    %flag_set/vec4 8;
    %jmp/0xz  T_57.10, 8;
    %fork TD_tb_loader_file.dut.cpu.empty_statement, S_0xcb4de9080;
    %join;
T_57.10 ;
    %load/vec4 v0xcb5282b20_0;
    %flag_set/vec4 8;
    %jmp/0xz  T_57.12, 8;
    %fork TD_tb_loader_file.dut.cpu.empty_statement, S_0xcb4de9080;
    %join;
T_57.12 ;
    %load/vec4 v0xcb5283700_0;
    %pad/u 32;
    %cmpi/e 2, 0, 32;
    %jmp/1 T_57.16, 4;
    %flag_mov 8, 4;
    %load/vec4 v0xcb5283700_0;
    %pad/u 32;
    %cmpi/e 3, 0, 32;
    %flag_or 4, 8;
T_57.16;
    %jmp/0xz  T_57.14, 4;
    %fork TD_tb_loader_file.dut.cpu.empty_statement, S_0xcb4de9080;
    %join;
T_57.14 ;
T_57.0 ;
    %jmp T_57;
    .thread T_57;
    .scope S_0xcb4de8d80;
T_58 ;
    %wait E_0xcb524a2c0;
    %load/vec4 v0xcb52852c0_0;
    %nor/r;
    %flag_set/vec4 8;
    %jmp/1 T_58.2, 8;
    %load/vec4 v0xcb5285720_0;
    %flag_set/vec4 9;
    %flag_or 8, 9;
T_58.2;
    %jmp/0xz  T_58.0, 8;
    %load/vec4 v0xcb52852c0_0;
    %nor/r;
    %flag_set/vec4 8;
    %jmp/0xz  T_58.3, 8;
    %pushi/vec4 0, 0, 2;
    %assign/vec4 v0xcb5283700_0, 0;
T_58.3 ;
    %load/vec4 v0xcb52852c0_0;
    %nor/r;
    %flag_set/vec4 8;
    %jmp/1 T_58.7, 8;
    %load/vec4 v0xcb5283660_0;
    %flag_set/vec4 9;
    %flag_or 8, 9;
T_58.7;
    %jmp/0xz  T_58.5, 8;
    %pushi/vec4 0, 0, 1;
    %assign/vec4 v0xcb52837a0_0, 0;
T_58.5 ;
    %pushi/vec4 0, 0, 1;
    %assign/vec4 v0xcb5283020_0, 0;
    %pushi/vec4 0, 0, 1;
    %assign/vec4 v0xcb5284aa0_0, 0;
    %jmp T_58.1;
T_58.0 ;
    %load/vec4 v0xcb5282f80_0;
    %flag_set/vec4 8;
    %jmp/1 T_58.10, 8;
    %load/vec4 v0xcb5283200_0;
    %flag_set/vec4 9;
    %flag_or 8, 9;
T_58.10;
    %jmp/0xz  T_58.8, 8;
    %load/vec4 v0xcb5282d00_0;
    %assign/vec4 v0xcb5282800_0, 0;
    %load/vec4 v0xcb52832a0_0;
    %load/vec4 v0xcb5283200_0;
    %replicate 4;
    %and;
    %assign/vec4 v0xcb5283980_0, 0;
T_58.8 ;
    %load/vec4 v0xcb5283200_0;
    %flag_set/vec4 8;
    %jmp/0xz  T_58.11, 8;
    %load/vec4 v0xcb5283160_0;
    %assign/vec4 v0xcb5283840_0, 0;
T_58.11 ;
    %load/vec4 v0xcb5283700_0;
    %dup/vec4;
    %pushi/vec4 0, 0, 2;
    %cmp/u;
    %jmp/1 T_58.13, 6;
    %dup/vec4;
    %pushi/vec4 1, 0, 2;
    %cmp/u;
    %jmp/1 T_58.14, 6;
    %dup/vec4;
    %pushi/vec4 2, 0, 2;
    %cmp/u;
    %jmp/1 T_58.15, 6;
    %dup/vec4;
    %pushi/vec4 3, 0, 2;
    %cmp/u;
    %jmp/1 T_58.16, 6;
    %jmp T_58.17;
T_58.13 ;
    %load/vec4 v0xcb5282940_0;
    %flag_set/vec4 8;
    %jmp/1 T_58.21, 8;
    %load/vec4 v0xcb5282a80_0;
    %flag_set/vec4 9;
    %flag_or 8, 9;
T_58.21;
    %jmp/1 T_58.20, 8;
    %load/vec4 v0xcb52829e0_0;
    %flag_set/vec4 9;
    %flag_or 8, 9;
T_58.20;
    %jmp/0xz  T_58.18, 8;
    %load/vec4 v0xcb52830c0_0;
    %nor/r;
    %assign/vec4 v0xcb52837a0_0, 0;
    %load/vec4 v0xcb5282940_0;
    %flag_set/vec4 8;
    %flag_get/vec4 8;
    %jmp/1 T_58.22, 8;
    %load/vec4 v0xcb5282a80_0;
    %or;
T_58.22;
    %assign/vec4 v0xcb5282c60_0, 0;
    %pushi/vec4 0, 0, 4;
    %assign/vec4 v0xcb5283980_0, 0;
    %pushi/vec4 1, 0, 2;
    %assign/vec4 v0xcb5283700_0, 0;
T_58.18 ;
    %load/vec4 v0xcb5282b20_0;
    %flag_set/vec4 8;
    %jmp/0xz  T_58.23, 8;
    %pushi/vec4 1, 0, 1;
    %assign/vec4 v0xcb52837a0_0, 0;
    %pushi/vec4 0, 0, 1;
    %assign/vec4 v0xcb5282c60_0, 0;
    %pushi/vec4 2, 0, 2;
    %assign/vec4 v0xcb5283700_0, 0;
T_58.23 ;
    %jmp T_58.17;
T_58.14 ;
    %fork TD_tb_loader_file.dut.cpu.empty_statement, S_0xcb4de9080;
    %join;
    %fork TD_tb_loader_file.dut.cpu.empty_statement, S_0xcb4de9080;
    %join;
    %fork TD_tb_loader_file.dut.cpu.empty_statement, S_0xcb4de9080;
    %join;
    %fork TD_tb_loader_file.dut.cpu.empty_statement, S_0xcb4de9080;
    %join;
    %load/vec4 v0xcb5283a20_0;
    %flag_set/vec4 8;
    %jmp/0xz  T_58.25, 8;
    %pushi/vec4 0, 0, 1;
    %assign/vec4 v0xcb52837a0_0, 0;
    %pushi/vec4 0, 0, 1;
    %assign/vec4 v0xcb5283020_0, 0;
    %load/vec4 v0xcb5282a80_0;
    %flag_set/vec4 8;
    %jmp/1 T_58.29, 8;
    %load/vec4 v0xcb52829e0_0;
    %flag_set/vec4 9;
    %flag_or 8, 9;
T_58.29;
    %jmp/0 T_58.27, 8;
    %pushi/vec4 0, 0, 3;
    %jmp/1 T_58.28, 8;
T_58.27 ; End of true expr.
    %pushi/vec4 3, 0, 3;
    %jmp/0 T_58.28, 8;
 ; End of false expr.
    %blend;
T_58.28;
    %pad/s 2;
    %assign/vec4 v0xcb5283700_0, 0;
T_58.25 ;
    %jmp T_58.17;
T_58.15 ;
    %fork TD_tb_loader_file.dut.cpu.empty_statement, S_0xcb4de9080;
    %join;
    %fork TD_tb_loader_file.dut.cpu.empty_statement, S_0xcb4de9080;
    %join;
    %load/vec4 v0xcb5283a20_0;
    %flag_set/vec4 8;
    %jmp/0xz  T_58.30, 8;
    %pushi/vec4 0, 0, 1;
    %assign/vec4 v0xcb52837a0_0, 0;
    %pushi/vec4 0, 0, 2;
    %assign/vec4 v0xcb5283700_0, 0;
T_58.30 ;
    %jmp T_58.17;
T_58.16 ;
    %fork TD_tb_loader_file.dut.cpu.empty_statement, S_0xcb4de9080;
    %join;
    %fork TD_tb_loader_file.dut.cpu.empty_statement, S_0xcb4de9080;
    %join;
    %load/vec4 v0xcb5282a80_0;
    %flag_set/vec4 8;
    %jmp/0xz  T_58.32, 8;
    %pushi/vec4 0, 0, 2;
    %assign/vec4 v0xcb5283700_0, 0;
T_58.32 ;
    %jmp T_58.17;
T_58.17 ;
    %pop/vec4 1;
T_58.1 ;
    %load/vec4 v0xcb527d7c0_0;
    %flag_set/vec4 8;
    %jmp/0xz  T_58.34, 8;
    %pushi/vec4 0, 0, 1;
    %assign/vec4 v0xcb5284aa0_0, 0;
T_58.34 ;
    %jmp T_58;
    .thread T_58;
    .scope S_0xcb4de8d80;
T_59 ;
    %wait E_0xcb524a480;
    %pushi/vec4 0, 0, 32; draw_string_vec4
    %pushi/vec4 0, 0, 32; draw_string_vec4
    %concat/vec4; draw_string_vec4
    %store/vec4 v0xcb5283ac0_0, 0, 64;
    %load/vec4 v0xcb5280140_0;
    %flag_set/vec4 8;
    %jmp/0xz  T_59.0, 8;
    %pushi/vec4 0, 0, 32; draw_string_vec4
    %pushi/vec4 7107945, 0, 32; draw_string_vec4
    %concat/vec4; draw_string_vec4
    %store/vec4 v0xcb5283ac0_0, 0, 64;
T_59.0 ;
    %load/vec4 v0xcb527f700_0;
    %flag_set/vec4 8;
    %jmp/0xz  T_59.2, 8;
    %pushi/vec4 97, 0, 32; draw_string_vec4
    %pushi/vec4 1969844323, 0, 32; draw_string_vec4
    %concat/vec4; draw_string_vec4
    %store/vec4 v0xcb5283ac0_0, 0, 64;
T_59.2 ;
    %load/vec4 v0xcb527fd40_0;
    %flag_set/vec4 8;
    %jmp/0xz  T_59.4, 8;
    %pushi/vec4 0, 0, 32; draw_string_vec4
    %pushi/vec4 6971756, 0, 32; draw_string_vec4
    %concat/vec4; draw_string_vec4
    %store/vec4 v0xcb5283ac0_0, 0, 64;
T_59.4 ;
    %load/vec4 v0xcb527fde0_0;
    %flag_set/vec4 8;
    %jmp/0xz  T_59.6, 8;
    %pushi/vec4 0, 0, 32; draw_string_vec4
    %pushi/vec4 1784769650, 0, 32; draw_string_vec4
    %concat/vec4; draw_string_vec4
    %store/vec4 v0xcb5283ac0_0, 0, 64;
T_59.6 ;
    %load/vec4 v0xcb527f7a0_0;
    %flag_set/vec4 8;
    %jmp/0xz  T_59.8, 8;
    %pushi/vec4 0, 0, 32; draw_string_vec4
    %pushi/vec4 6448497, 0, 32; draw_string_vec4
    %concat/vec4; draw_string_vec4
    %store/vec4 v0xcb5283ac0_0, 0, 64;
T_59.8 ;
    %load/vec4 v0xcb527fac0_0;
    %flag_set/vec4 8;
    %jmp/0xz  T_59.10, 8;
    %pushi/vec4 0, 0, 32; draw_string_vec4
    %pushi/vec4 6450789, 0, 32; draw_string_vec4
    %concat/vec4; draw_string_vec4
    %store/vec4 v0xcb5283ac0_0, 0, 64;
T_59.10 ;
    %load/vec4 v0xcb527f980_0;
    %flag_set/vec4 8;
    %jmp/0xz  T_59.12, 8;
    %pushi/vec4 0, 0, 32; draw_string_vec4
    %pushi/vec4 6450292, 0, 32; draw_string_vec4
    %concat/vec4; draw_string_vec4
    %store/vec4 v0xcb5283ac0_0, 0, 64;
T_59.12 ;
    %load/vec4 v0xcb527f840_0;
    %flag_set/vec4 8;
    %jmp/0xz  T_59.14, 8;
    %pushi/vec4 0, 0, 32; draw_string_vec4
    %pushi/vec4 6448997, 0, 32; draw_string_vec4
    %concat/vec4; draw_string_vec4
    %store/vec4 v0xcb5283ac0_0, 0, 64;
T_59.14 ;
    %load/vec4 v0xcb527fa20_0;
    %flag_set/vec4 8;
    %jmp/0xz  T_59.16, 8;
    %pushi/vec4 0, 0, 32; draw_string_vec4
    %pushi/vec4 1651274869, 0, 32; draw_string_vec4
    %concat/vec4; draw_string_vec4
    %store/vec4 v0xcb5283ac0_0, 0, 64;
T_59.16 ;
    %load/vec4 v0xcb527f8e0_0;
    %flag_set/vec4 8;
    %jmp/0xz  T_59.18, 8;
    %pushi/vec4 0, 0, 32; draw_string_vec4
    %pushi/vec4 1650943349, 0, 32; draw_string_vec4
    %concat/vec4; draw_string_vec4
    %store/vec4 v0xcb5283ac0_0, 0, 64;
T_59.18 ;
    %load/vec4 v0xcb527fe80_0;
    %flag_set/vec4 8;
    %jmp/0xz  T_59.20, 8;
    %pushi/vec4 0, 0, 32; draw_string_vec4
    %pushi/vec4 27746, 0, 32; draw_string_vec4
    %concat/vec4; draw_string_vec4
    %store/vec4 v0xcb5283ac0_0, 0, 64;
T_59.20 ;
    %load/vec4 v0xcb5280000_0;
    %flag_set/vec4 8;
    %jmp/0xz  T_59.22, 8;
    %pushi/vec4 0, 0, 32; draw_string_vec4
    %pushi/vec4 27752, 0, 32; draw_string_vec4
    %concat/vec4; draw_string_vec4
    %store/vec4 v0xcb5283ac0_0, 0, 64;
T_59.22 ;
    %load/vec4 v0xcb52801e0_0;
    %flag_set/vec4 8;
    %jmp/0xz  T_59.24, 8;
    %pushi/vec4 0, 0, 32; draw_string_vec4
    %pushi/vec4 27767, 0, 32; draw_string_vec4
    %concat/vec4; draw_string_vec4
    %store/vec4 v0xcb5283ac0_0, 0, 64;
T_59.24 ;
    %load/vec4 v0xcb527ff20_0;
    %flag_set/vec4 8;
    %jmp/0xz  T_59.26, 8;
    %pushi/vec4 0, 0, 32; draw_string_vec4
    %pushi/vec4 7103093, 0, 32; draw_string_vec4
    %concat/vec4; draw_string_vec4
    %store/vec4 v0xcb5283ac0_0, 0, 64;
T_59.26 ;
    %load/vec4 v0xcb52800a0_0;
    %flag_set/vec4 8;
    %jmp/0xz  T_59.28, 8;
    %pushi/vec4 0, 0, 32; draw_string_vec4
    %pushi/vec4 7104629, 0, 32; draw_string_vec4
    %concat/vec4; draw_string_vec4
    %store/vec4 v0xcb5283ac0_0, 0, 64;
T_59.28 ;
    %load/vec4 v0xcb5280780_0;
    %flag_set/vec4 8;
    %jmp/0xz  T_59.30, 8;
    %pushi/vec4 0, 0, 32; draw_string_vec4
    %pushi/vec4 29538, 0, 32; draw_string_vec4
    %concat/vec4; draw_string_vec4
    %store/vec4 v0xcb5283ac0_0, 0, 64;
T_59.30 ;
    %load/vec4 v0xcb52808c0_0;
    %flag_set/vec4 8;
    %jmp/0xz  T_59.32, 8;
    %pushi/vec4 0, 0, 32; draw_string_vec4
    %pushi/vec4 29544, 0, 32; draw_string_vec4
    %concat/vec4; draw_string_vec4
    %store/vec4 v0xcb5283ac0_0, 0, 64;
T_59.32 ;
    %load/vec4 v0xcb5281040_0;
    %flag_set/vec4 8;
    %jmp/0xz  T_59.34, 8;
    %pushi/vec4 0, 0, 32; draw_string_vec4
    %pushi/vec4 29559, 0, 32; draw_string_vec4
    %concat/vec4; draw_string_vec4
    %store/vec4 v0xcb5283ac0_0, 0, 64;
T_59.34 ;
    %load/vec4 v0xcb527f520_0;
    %flag_set/vec4 8;
    %jmp/0xz  T_59.36, 8;
    %pushi/vec4 0, 0, 32; draw_string_vec4
    %pushi/vec4 1633969257, 0, 32; draw_string_vec4
    %concat/vec4; draw_string_vec4
    %store/vec4 v0xcb5283ac0_0, 0, 64;
T_59.36 ;
    %load/vec4 v0xcb5280b40_0;
    %flag_set/vec4 8;
    %jmp/0xz  T_59.38, 8;
    %pushi/vec4 0, 0, 32; draw_string_vec4
    %pushi/vec4 1936487529, 0, 32; draw_string_vec4
    %concat/vec4; draw_string_vec4
    %store/vec4 v0xcb5283ac0_0, 0, 64;
T_59.38 ;
    %load/vec4 v0xcb5280be0_0;
    %flag_set/vec4 8;
    %jmp/0xz  T_59.40, 8;
    %pushi/vec4 115, 0, 32; draw_string_vec4
    %pushi/vec4 1819568501, 0, 32; draw_string_vec4
    %concat/vec4; draw_string_vec4
    %store/vec4 v0xcb5283ac0_0, 0, 64;
T_59.40 ;
    %load/vec4 v0xcb5281360_0;
    %flag_set/vec4 8;
    %jmp/0xz  T_59.42, 8;
    %pushi/vec4 0, 0, 32; draw_string_vec4
    %pushi/vec4 2020569705, 0, 32; draw_string_vec4
    %concat/vec4; draw_string_vec4
    %store/vec4 v0xcb5283ac0_0, 0, 64;
T_59.42 ;
    %load/vec4 v0xcb52803c0_0;
    %flag_set/vec4 8;
    %jmp/0xz  T_59.44, 8;
    %pushi/vec4 0, 0, 32; draw_string_vec4
    %pushi/vec4 7303785, 0, 32; draw_string_vec4
    %concat/vec4; draw_string_vec4
    %store/vec4 v0xcb5283ac0_0, 0, 64;
T_59.44 ;
    %load/vec4 v0xcb527f660_0;
    %flag_set/vec4 8;
    %jmp/0xz  T_59.46, 8;
    %pushi/vec4 0, 0, 32; draw_string_vec4
    %pushi/vec4 1634624617, 0, 32; draw_string_vec4
    %concat/vec4; draw_string_vec4
    %store/vec4 v0xcb5283ac0_0, 0, 64;
T_59.46 ;
    %load/vec4 v0xcb5280a00_0;
    %flag_set/vec4 8;
    %jmp/0xz  T_59.48, 8;
    %pushi/vec4 0, 0, 32; draw_string_vec4
    %pushi/vec4 1936485481, 0, 32; draw_string_vec4
    %concat/vec4; draw_string_vec4
    %store/vec4 v0xcb5283ac0_0, 0, 64;
T_59.48 ;
    %load/vec4 v0xcb5280f00_0;
    %flag_set/vec4 8;
    %jmp/0xz  T_59.50, 8;
    %pushi/vec4 0, 0, 32; draw_string_vec4
    %pushi/vec4 1936878697, 0, 32; draw_string_vec4
    %concat/vec4; draw_string_vec4
    %store/vec4 v0xcb5283ac0_0, 0, 64;
T_59.50 ;
    %load/vec4 v0xcb5280dc0_0;
    %flag_set/vec4 8;
    %jmp/0xz  T_59.52, 8;
    %pushi/vec4 0, 0, 32; draw_string_vec4
    %pushi/vec4 1936875881, 0, 32; draw_string_vec4
    %concat/vec4; draw_string_vec4
    %store/vec4 v0xcb5283ac0_0, 0, 64;
T_59.52 ;
    %load/vec4 v0xcb527f480_0;
    %flag_set/vec4 8;
    %jmp/0xz  T_59.54, 8;
    %pushi/vec4 0, 0, 32; draw_string_vec4
    %pushi/vec4 6382692, 0, 32; draw_string_vec4
    %concat/vec4; draw_string_vec4
    %store/vec4 v0xcb5283ac0_0, 0, 64;
T_59.54 ;
    %load/vec4 v0xcb5280fa0_0;
    %flag_set/vec4 8;
    %jmp/0xz  T_59.56, 8;
    %pushi/vec4 0, 0, 32; draw_string_vec4
    %pushi/vec4 7566690, 0, 32; draw_string_vec4
    %concat/vec4; draw_string_vec4
    %store/vec4 v0xcb5283ac0_0, 0, 64;
T_59.56 ;
    %load/vec4 v0xcb5280960_0;
    %flag_set/vec4 8;
    %jmp/0xz  T_59.58, 8;
    %pushi/vec4 0, 0, 32; draw_string_vec4
    %pushi/vec4 7564396, 0, 32; draw_string_vec4
    %concat/vec4; draw_string_vec4
    %store/vec4 v0xcb5283ac0_0, 0, 64;
T_59.58 ;
    %load/vec4 v0xcb5280aa0_0;
    %flag_set/vec4 8;
    %jmp/0xz  T_59.60, 8;
    %pushi/vec4 0, 0, 32; draw_string_vec4
    %pushi/vec4 7564404, 0, 32; draw_string_vec4
    %concat/vec4; draw_string_vec4
    %store/vec4 v0xcb5283ac0_0, 0, 64;
T_59.60 ;
    %load/vec4 v0xcb5280c80_0;
    %flag_set/vec4 8;
    %jmp/0xz  T_59.62, 8;
    %pushi/vec4 0, 0, 32; draw_string_vec4
    %pushi/vec4 1936487541, 0, 32; draw_string_vec4
    %concat/vec4; draw_string_vec4
    %store/vec4 v0xcb5283ac0_0, 0, 64;
T_59.62 ;
    %load/vec4 v0xcb52812c0_0;
    %flag_set/vec4 8;
    %jmp/0xz  T_59.64, 8;
    %pushi/vec4 0, 0, 32; draw_string_vec4
    %pushi/vec4 7892850, 0, 32; draw_string_vec4
    %concat/vec4; draw_string_vec4
    %store/vec4 v0xcb5283ac0_0, 0, 64;
T_59.64 ;
    %load/vec4 v0xcb5280e60_0;
    %flag_set/vec4 8;
    %jmp/0xz  T_59.66, 8;
    %pushi/vec4 0, 0, 32; draw_string_vec4
    %pushi/vec4 7565932, 0, 32; draw_string_vec4
    %concat/vec4; draw_string_vec4
    %store/vec4 v0xcb5283ac0_0, 0, 64;
T_59.66 ;
    %load/vec4 v0xcb5280d20_0;
    %flag_set/vec4 8;
    %jmp/0xz  T_59.68, 8;
    %pushi/vec4 0, 0, 32; draw_string_vec4
    %pushi/vec4 7565921, 0, 32; draw_string_vec4
    %concat/vec4; draw_string_vec4
    %store/vec4 v0xcb5283ac0_0, 0, 64;
T_59.68 ;
    %load/vec4 v0xcb5280320_0;
    %flag_set/vec4 8;
    %jmp/0xz  T_59.70, 8;
    %pushi/vec4 0, 0, 32; draw_string_vec4
    %pushi/vec4 28530, 0, 32; draw_string_vec4
    %concat/vec4; draw_string_vec4
    %store/vec4 v0xcb5283ac0_0, 0, 64;
T_59.70 ;
    %load/vec4 v0xcb527f5c0_0;
    %flag_set/vec4 8;
    %jmp/0xz  T_59.72, 8;
    %pushi/vec4 0, 0, 32; draw_string_vec4
    %pushi/vec4 6385252, 0, 32; draw_string_vec4
    %concat/vec4; draw_string_vec4
    %store/vec4 v0xcb5283ac0_0, 0, 64;
T_59.72 ;
    %load/vec4 v0xcb5280460_0;
    %flag_set/vec4 8;
    %jmp/0xz  T_59.74, 8;
    %pushi/vec4 7496803, 0, 32; draw_string_vec4
    %pushi/vec4 2036558949, 0, 32; draw_string_vec4
    %concat/vec4; draw_string_vec4
    %store/vec4 v0xcb5283ac0_0, 0, 64;
T_59.74 ;
    %load/vec4 v0xcb5280500_0;
    %flag_set/vec4 8;
    %jmp/0xz  T_59.76, 8;
    %pushi/vec4 1919181689, 0, 32; draw_string_vec4
    %pushi/vec4 1668048232, 0, 32; draw_string_vec4
    %concat/vec4; draw_string_vec4
    %store/vec4 v0xcb5283ac0_0, 0, 64;
T_59.76 ;
    %load/vec4 v0xcb52805a0_0;
    %flag_set/vec4 8;
    %jmp/0xz  T_59.78, 8;
    %pushi/vec4 7496809, 0, 32; draw_string_vec4
    %pushi/vec4 1853060210, 0, 32; draw_string_vec4
    %concat/vec4; draw_string_vec4
    %store/vec4 v0xcb5283ac0_0, 0, 64;
T_59.78 ;
    %load/vec4 v0xcb5280640_0;
    %flag_set/vec4 8;
    %jmp/0xz  T_59.80, 8;
    %pushi/vec4 1919183214, 0, 32; draw_string_vec4
    %pushi/vec4 1937011304, 0, 32; draw_string_vec4
    %concat/vec4; draw_string_vec4
    %store/vec4 v0xcb5283ac0_0, 0, 64;
T_59.80 ;
    %load/vec4 v0xcb527fc00_0;
    %flag_set/vec4 8;
    %jmp/0xz  T_59.82, 8;
    %pushi/vec4 102, 0, 32; draw_string_vec4
    %pushi/vec4 1701733221, 0, 32; draw_string_vec4
    %concat/vec4; draw_string_vec4
    %store/vec4 v0xcb5283ac0_0, 0, 64;
T_59.82 ;
    %load/vec4 v0xcb527fca0_0;
    %flag_set/vec4 8;
    %jmp/0xz  T_59.84, 8;
    %pushi/vec4 0, 0, 32; draw_string_vec4
    %pushi/vec4 1734702193, 0, 32; draw_string_vec4
    %concat/vec4; draw_string_vec4
    %store/vec4 v0xcb5283ac0_0, 0, 64;
T_59.84 ;
    %load/vec4 v0xcb5280820_0;
    %flag_set/vec4 8;
    %jmp/0xz  T_59.86, 8;
    %pushi/vec4 0, 0, 32; draw_string_vec4
    %pushi/vec4 1936028785, 0, 32; draw_string_vec4
    %concat/vec4; draw_string_vec4
    %store/vec4 v0xcb5283ac0_0, 0, 64;
T_59.86 ;
    %load/vec4 v0xcb52806e0_0;
    %flag_set/vec4 8;
    %jmp/0xz  T_59.88, 8;
    %pushi/vec4 29285, 0, 32; draw_string_vec4
    %pushi/vec4 1953067633, 0, 32; draw_string_vec4
    %concat/vec4; draw_string_vec4
    %store/vec4 v0xcb5283ac0_0, 0, 64;
T_59.88 ;
    %load/vec4 v0xcb5280280_0;
    %flag_set/vec4 8;
    %jmp/0xz  T_59.90, 8;
    %pushi/vec4 7168371, 0, 32; draw_string_vec4
    %pushi/vec4 1802072689, 0, 32; draw_string_vec4
    %concat/vec4; draw_string_vec4
    %store/vec4 v0xcb5283ac0_0, 0, 64;
T_59.90 ;
    %load/vec4 v0xcb5281220_0;
    %flag_set/vec4 8;
    %jmp/0xz  T_59.92, 8;
    %pushi/vec4 7823721, 0, 32; draw_string_vec4
    %pushi/vec4 1953067633, 0, 32; draw_string_vec4
    %concat/vec4; draw_string_vec4
    %store/vec4 v0xcb5283ac0_0, 0, 64;
T_59.92 ;
    %load/vec4 v0xcb52810e0_0;
    %flag_set/vec4 8;
    %jmp/0xz  T_59.94, 8;
    %pushi/vec4 116, 0, 32; draw_string_vec4
    %pushi/vec4 1768777074, 0, 32; draw_string_vec4
    %concat/vec4; draw_string_vec4
    %store/vec4 v0xcb5283ac0_0, 0, 64;
T_59.94 ;
    %jmp T_59;
    .thread T_59, $push;
    .scope S_0xcb4de8d80;
T_60 ;
    %wait E_0xcb524a2c0;
    %load/vec4 v0xcb527dfe0_0;
    %assign/vec4 v0xcb5284b40_0, 0;
    %load/vec4 v0xcb527e1c0_0;
    %assign/vec4 v0xcb5284be0_0, 0;
    %load/vec4 v0xcb527e260_0;
    %assign/vec4 v0xcb5284c80_0, 0;
    %load/vec4 v0xcb527e3a0_0;
    %assign/vec4 v0xcb5284dc0_0, 0;
    %load/vec4 v0xcb527e440_0;
    %assign/vec4 v0xcb5284e60_0, 0;
    %load/vec4 v0xcb527e300_0;
    %assign/vec4 v0xcb5284d20_0, 0;
    %load/vec4 v0xcb5282760_0;
    %assign/vec4 v0xcb527e940_0, 0;
    %load/vec4 v0xcb52852c0_0;
    %nor/r;
    %flag_set/vec4 8;
    %jmp/1 T_60.2, 8;
    %load/vec4 v0xcb5285720_0;
    %flag_set/vec4 9;
    %flag_or 8, 9;
T_60.2;
    %jmp/0xz  T_60.0, 8;
    %pushi/vec4 0, 0, 1;
    %assign/vec4 v0xcb527ec60_0, 0;
    %jmp T_60.1;
T_60.0 ;
    %load/vec4 v0xcb5282760_0;
    %flag_set/vec4 8;
    %jmp/0xz  T_60.3, 8;
    %pushi/vec4 1, 0, 1;
    %assign/vec4 v0xcb527ec60_0, 0;
T_60.3 ;
T_60.1 ;
    %load/vec4 v0xcb527f2a0_0;
    %flag_set/vec4 8;
    %jmp/0xz  T_60.5, 8;
    %load/vec4 v0xcb5283ac0_0;
    %assign/vec4 v0xcb527d400_0, 0;
    %load/vec4 v0xcb527ed00_0;
    %assign/vec4 v0xcb527d4a0_0, 0;
    %load/vec4 v0xcb5283b60_0;
    %parti/s 2, 0, 2;
    %and/r;
    %flag_set/vec4 8;
    %jmp/0xz  T_60.7, 8;
    %load/vec4 v0xcb5283b60_0;
    %assign/vec4 v0xcb527d540_0, 0;
    %jmp T_60.8;
T_60.7 ;
    %pushi/vec4 0, 0, 16;
    %load/vec4 v0xcb5283b60_0;
    %parti/s 16, 0, 2;
    %concat/vec4; draw_concat_vec4
    %assign/vec4 v0xcb527d540_0, 0;
T_60.8 ;
    %load/vec4 v0xcb527ef80_0;
    %assign/vec4 v0xcb527d680_0, 0;
    %load/vec4 v0xcb527f020_0;
    %assign/vec4 v0xcb527d720_0, 0;
    %load/vec4 v0xcb527ee40_0;
    %assign/vec4 v0xcb527d5e0_0, 0;
T_60.5 ;
    %load/vec4 v0xcb5282760_0;
    %flag_set/vec4 8;
    %jmp/0xz  T_60.9, 8;
    %load/vec4 v0xcb5283ca0_0;
    %assign/vec4 v0xcb527e120_0, 0;
T_60.9 ;
    %jmp T_60;
    .thread T_60;
    .scope S_0xcb4de8d80;
T_61 ;
    %wait E_0xcb524a440;
    %load/vec4 v0xcb5284b40_0;
    %store/vec4 v0xcb527dfe0_0, 0, 64;
    %load/vec4 v0xcb5284be0_0;
    %store/vec4 v0xcb527e1c0_0, 0, 32;
    %load/vec4 v0xcb5284c80_0;
    %store/vec4 v0xcb527e260_0, 0, 32;
    %load/vec4 v0xcb5284dc0_0;
    %store/vec4 v0xcb527e3a0_0, 0, 5;
    %load/vec4 v0xcb5284e60_0;
    %store/vec4 v0xcb527e440_0, 0, 5;
    %load/vec4 v0xcb5284d20_0;
    %store/vec4 v0xcb527e300_0, 0, 5;
    %load/vec4 v0xcb527e940_0;
    %flag_set/vec4 8;
    %jmp/0xz  T_61.0, 8;
    %load/vec4 v0xcb527f160_0;
    %flag_set/vec4 8;
    %jmp/0xz  T_61.2, 8;
    %load/vec4 v0xcb527d400_0;
    %store/vec4 v0xcb527dfe0_0, 0, 64;
    %load/vec4 v0xcb527d4a0_0;
    %store/vec4 v0xcb527e1c0_0, 0, 32;
    %load/vec4 v0xcb527d540_0;
    %store/vec4 v0xcb527e260_0, 0, 32;
    %load/vec4 v0xcb527d680_0;
    %store/vec4 v0xcb527e3a0_0, 0, 5;
    %load/vec4 v0xcb527d720_0;
    %store/vec4 v0xcb527e440_0, 0, 5;
    %load/vec4 v0xcb527d5e0_0;
    %store/vec4 v0xcb527e300_0, 0, 5;
    %jmp T_61.3;
T_61.2 ;
    %load/vec4 v0xcb5283ac0_0;
    %store/vec4 v0xcb527dfe0_0, 0, 64;
    %load/vec4 v0xcb5283b60_0;
    %parti/s 2, 0, 2;
    %and/r;
    %flag_set/vec4 8;
    %jmp/0xz  T_61.4, 8;
    %load/vec4 v0xcb5283b60_0;
    %store/vec4 v0xcb527e260_0, 0, 32;
    %jmp T_61.5;
T_61.4 ;
    %pushi/vec4 0, 0, 16;
    %load/vec4 v0xcb5283b60_0;
    %parti/s 16, 0, 2;
    %concat/vec4; draw_concat_vec4
    %store/vec4 v0xcb527e260_0, 0, 32;
T_61.5 ;
    %load/vec4 v0xcb527ed00_0;
    %store/vec4 v0xcb527e1c0_0, 0, 32;
    %load/vec4 v0xcb527ef80_0;
    %store/vec4 v0xcb527e3a0_0, 0, 5;
    %load/vec4 v0xcb527f020_0;
    %store/vec4 v0xcb527e440_0, 0, 5;
    %load/vec4 v0xcb527ee40_0;
    %store/vec4 v0xcb527e300_0, 0, 5;
T_61.3 ;
T_61.0 ;
    %jmp T_61;
    .thread T_61, $push;
    .scope S_0xcb4de8d80;
T_62 ;
    %wait E_0xcb524a2c0;
    %load/vec4 v0xcb5280140_0;
    %load/vec4 v0xcb527f700_0;
    %concat/vec4; draw_concat_vec4
    %load/vec4 v0xcb527fd40_0;
    %concat/vec4; draw_concat_vec4
    %or/r;
    %assign/vec4 v0xcb5281c20_0, 0;
    %load/vec4 v0xcb5280140_0;
    %load/vec4 v0xcb527f700_0;
    %concat/vec4; draw_concat_vec4
    %load/vec4 v0xcb527fd40_0;
    %concat/vec4; draw_concat_vec4
    %load/vec4 v0xcb527fde0_0;
    %concat/vec4; draw_concat_vec4
    %load/vec4 v0xcb527f520_0;
    %concat/vec4; draw_concat_vec4
    %load/vec4 v0xcb527f480_0;
    %concat/vec4; draw_concat_vec4
    %load/vec4 v0xcb5280fa0_0;
    %concat/vec4; draw_concat_vec4
    %or/r;
    %assign/vec4 v0xcb5281cc0_0, 0;
    %load/vec4 v0xcb5280b40_0;
    %load/vec4 v0xcb527f980_0;
    %concat/vec4; draw_concat_vec4
    %load/vec4 v0xcb5280aa0_0;
    %concat/vec4; draw_concat_vec4
    %or/r;
    %assign/vec4 v0xcb5281fe0_0, 0;
    %load/vec4 v0xcb5280be0_0;
    %load/vec4 v0xcb527fa20_0;
    %concat/vec4; draw_concat_vec4
    %load/vec4 v0xcb5280c80_0;
    %concat/vec4; draw_concat_vec4
    %or/r;
    %assign/vec4 v0xcb5282080_0, 0;
    %load/vec4 v0xcb527ff20_0;
    %load/vec4 v0xcb52800a0_0;
    %concat/vec4; draw_concat_vec4
    %load/vec4 v0xcb52801e0_0;
    %concat/vec4; draw_concat_vec4
    %or/r;
    %assign/vec4 v0xcb5281b80_0, 0;
    %load/vec4 v0xcb5281900_0;
    %load/vec4 v0xcb5280b40_0;
    %concat/vec4; draw_concat_vec4
    %load/vec4 v0xcb5280aa0_0;
    %concat/vec4; draw_concat_vec4
    %load/vec4 v0xcb5280be0_0;
    %concat/vec4; draw_concat_vec4
    %load/vec4 v0xcb5280c80_0;
    %concat/vec4; draw_concat_vec4
    %or/r;
    %assign/vec4 v0xcb52819a0_0, 0;
    %load/vec4 v0xcb5282a80_0;
    %flag_set/vec4 9;
    %flag_get/vec4 9;
    %jmp/0 T_62.2, 9;
    %load/vec4 v0xcb5282bc0_0;
    %and;
T_62.2;
    %flag_set/vec4 8;
    %jmp/0xz  T_62.0, 8;
    %load/vec4 v0xcb52833e0_0;
    %parti/s 7, 0, 2;
    %pushi/vec4 55, 0, 7;
    %cmp/e;
    %flag_get/vec4 4;
    %assign/vec4 v0xcb5280140_0, 0;
    %load/vec4 v0xcb52833e0_0;
    %parti/s 7, 0, 2;
    %pushi/vec4 23, 0, 7;
    %cmp/e;
    %flag_get/vec4 4;
    %assign/vec4 v0xcb527f700_0, 0;
    %load/vec4 v0xcb52833e0_0;
    %parti/s 7, 0, 2;
    %pushi/vec4 111, 0, 7;
    %cmp/e;
    %flag_get/vec4 4;
    %assign/vec4 v0xcb527fd40_0, 0;
    %load/vec4 v0xcb52833e0_0;
    %parti/s 7, 0, 2;
    %cmpi/e 103, 0, 7;
    %flag_get/vec4 4;
    %jmp/0 T_62.3, 4;
    %load/vec4 v0xcb52833e0_0;
    %parti/s 3, 12, 5;
    %pushi/vec4 0, 0, 3;
    %cmp/e;
    %flag_get/vec4 4;
    %and;
T_62.3;
    %assign/vec4 v0xcb527fde0_0, 0;
    %load/vec4 v0xcb52833e0_0;
    %parti/s 7, 0, 2;
    %cmpi/e 11, 0, 7;
    %flag_get/vec4 4;
    %jmp/0 T_62.5, 4;
    %load/vec4 v0xcb52833e0_0;
    %parti/s 7, 25, 6;
    %pushi/vec4 2, 0, 7;
    %cmp/e;
    %flag_get/vec4 4;
    %and;
T_62.5;
    %flag_set/vec4 8;
    %flag_get/vec4 8;
    %jmp/0 T_62.4, 8;
    %pushi/vec4 0, 0, 1;
    %and;
T_62.4;
    %assign/vec4 v0xcb52806e0_0, 0;
    %load/vec4 v0xcb52833e0_0;
    %parti/s 7, 0, 2;
    %cmpi/e 11, 0, 7;
    %flag_get/vec4 4;
    %jmp/0 T_62.7, 4;
    %load/vec4 v0xcb52833e0_0;
    %parti/s 7, 25, 6;
    %pushi/vec4 4, 0, 7;
    %cmp/e;
    %flag_get/vec4 4;
    %and;
T_62.7;
    %flag_set/vec4 8;
    %flag_get/vec4 8;
    %jmp/0 T_62.6, 8;
    %pushi/vec4 0, 0, 1;
    %and;
T_62.6;
    %assign/vec4 v0xcb5281220_0, 0;
    %load/vec4 v0xcb52833e0_0;
    %parti/s 7, 0, 2;
    %pushi/vec4 99, 0, 7;
    %cmp/e;
    %flag_get/vec4 4;
    %assign/vec4 v0xcb5281900_0, 0;
    %load/vec4 v0xcb52833e0_0;
    %parti/s 7, 0, 2;
    %pushi/vec4 3, 0, 7;
    %cmp/e;
    %flag_get/vec4 4;
    %assign/vec4 v0xcb5281ae0_0, 0;
    %load/vec4 v0xcb52833e0_0;
    %parti/s 7, 0, 2;
    %pushi/vec4 35, 0, 7;
    %cmp/e;
    %flag_get/vec4 4;
    %assign/vec4 v0xcb5281e00_0, 0;
    %load/vec4 v0xcb52833e0_0;
    %parti/s 7, 0, 2;
    %pushi/vec4 19, 0, 7;
    %cmp/e;
    %flag_get/vec4 4;
    %assign/vec4 v0xcb52817c0_0, 0;
    %load/vec4 v0xcb52833e0_0;
    %parti/s 7, 0, 2;
    %pushi/vec4 51, 0, 7;
    %cmp/e;
    %flag_get/vec4 4;
    %assign/vec4 v0xcb5281860_0, 0;
    %load/vec4 v0xcb52833e0_0;
    %parti/s 20, 12, 5;
    %concati/vec4 0, 0, 1;
    %pad/s 32;
    %split/vec4 1;
    %ix/load 5, 0, 0;
    %ix/load 4, 0, 0;
    %flag_set/imm 4, 0;
    %assign/vec4/off/d v0xcb527eda0_0, 4, 5;
    %split/vec4 8;
    %ix/load 5, 0, 0;
    %ix/load 4, 12, 0;
    %flag_set/imm 4, 0;
    %assign/vec4/off/d v0xcb527eda0_0, 4, 5;
    %split/vec4 1;
    %ix/load 5, 0, 0;
    %ix/load 4, 11, 0;
    %flag_set/imm 4, 0;
    %assign/vec4/off/d v0xcb527eda0_0, 4, 5;
    %split/vec4 10;
    %ix/load 5, 0, 0;
    %ix/load 4, 1, 0;
    %flag_set/imm 4, 0;
    %assign/vec4/off/d v0xcb527eda0_0, 4, 5;
    %ix/load 5, 0, 0;
    %ix/load 4, 20, 0;
    %flag_set/imm 4, 0;
    %assign/vec4/off/d v0xcb527eda0_0, 4, 5;
    %load/vec4 v0xcb52833e0_0;
    %parti/s 5, 7, 4;
    %assign/vec4 v0xcb527ee40_0, 0;
    %load/vec4 v0xcb52833e0_0;
    %parti/s 5, 15, 5;
    %assign/vec4 v0xcb527ef80_0, 0;
    %load/vec4 v0xcb52833e0_0;
    %parti/s 5, 20, 6;
    %assign/vec4 v0xcb527f020_0, 0;
    %load/vec4 v0xcb52833e0_0;
    %parti/s 7, 0, 2;
    %cmpi/e 11, 0, 7;
    %flag_get/vec4 4;
    %jmp/0 T_62.12, 4;
    %load/vec4 v0xcb52833e0_0;
    %parti/s 7, 25, 6;
    %pushi/vec4 0, 0, 7;
    %cmp/e;
    %flag_get/vec4 4;
    %and;
T_62.12;
    %flag_set/vec4 10;
    %flag_get/vec4 10;
    %jmp/0 T_62.11, 10;
    %pushi/vec4 0, 0, 1;
    %and;
T_62.11;
    %flag_set/vec4 9;
    %flag_get/vec4 9;
    %jmp/0 T_62.10, 9;
    %pushi/vec4 1, 0, 1;
    %and;
T_62.10;
    %flag_set/vec4 8;
    %jmp/0xz  T_62.8, 8;
    %pushi/vec4 1, 0, 1;
    %ix/load 5, 0, 0;
    %ix/load 4, 4, 0;
    %flag_set/imm 4, 0;
    %assign/vec4/off/d v0xcb527ef80_0, 4, 5;
T_62.8 ;
    %load/vec4 v0xcb52833e0_0;
    %parti/s 7, 0, 2;
    %cmpi/e 11, 0, 7;
    %flag_get/vec4 4;
    %jmp/0 T_62.16, 4;
    %load/vec4 v0xcb52833e0_0;
    %parti/s 7, 25, 6;
    %pushi/vec4 2, 0, 7;
    %cmp/e;
    %flag_get/vec4 4;
    %and;
T_62.16;
    %flag_set/vec4 9;
    %flag_get/vec4 9;
    %jmp/0 T_62.15, 9;
    %pushi/vec4 0, 0, 1;
    %and;
T_62.15;
    %flag_set/vec4 8;
    %jmp/0xz  T_62.13, 8;
    %pushi/vec4 0, 0, 5;
    %assign/vec4 v0xcb527ef80_0, 0;
T_62.13 ;
    %pushi/vec4 0, 0, 1;
    %assign/vec4 v0xcb527d9a0_0, 0;
T_62.0 ;
    %load/vec4 v0xcb527f200_0;
    %flag_set/vec4 9;
    %flag_get/vec4 9;
    %jmp/0 T_62.19, 9;
    %load/vec4 v0xcb527f0c0_0;
    %nor/r;
    %and;
T_62.19;
    %flag_set/vec4 8;
    %jmp/0xz  T_62.17, 8;
    %pushi/vec4 4294967295, 4294967295, 32;
    %assign/vec4 v0xcb5284000_0, 0;
    %load/vec4 v0xcb5281900_0;
    %flag_set/vec4 8;
    %flag_get/vec4 8;
    %jmp/0 T_62.20, 8;
    %load/vec4 v0xcb5283520_0;
    %parti/s 3, 12, 5;
    %pushi/vec4 0, 0, 3;
    %cmp/e;
    %flag_get/vec4 4;
    %and;
T_62.20;
    %assign/vec4 v0xcb527f7a0_0, 0;
    %load/vec4 v0xcb5281900_0;
    %flag_set/vec4 8;
    %flag_get/vec4 8;
    %jmp/0 T_62.21, 8;
    %load/vec4 v0xcb5283520_0;
    %parti/s 3, 12, 5;
    %pushi/vec4 1, 0, 3;
    %cmp/e;
    %flag_get/vec4 4;
    %and;
T_62.21;
    %assign/vec4 v0xcb527fac0_0, 0;
    %load/vec4 v0xcb5281900_0;
    %flag_set/vec4 8;
    %flag_get/vec4 8;
    %jmp/0 T_62.22, 8;
    %load/vec4 v0xcb5283520_0;
    %parti/s 3, 12, 5;
    %pushi/vec4 4, 0, 3;
    %cmp/e;
    %flag_get/vec4 4;
    %and;
T_62.22;
    %assign/vec4 v0xcb527f980_0, 0;
    %load/vec4 v0xcb5281900_0;
    %flag_set/vec4 8;
    %flag_get/vec4 8;
    %jmp/0 T_62.23, 8;
    %load/vec4 v0xcb5283520_0;
    %parti/s 3, 12, 5;
    %pushi/vec4 5, 0, 3;
    %cmp/e;
    %flag_get/vec4 4;
    %and;
T_62.23;
    %assign/vec4 v0xcb527f840_0, 0;
    %load/vec4 v0xcb5281900_0;
    %flag_set/vec4 8;
    %flag_get/vec4 8;
    %jmp/0 T_62.24, 8;
    %load/vec4 v0xcb5283520_0;
    %parti/s 3, 12, 5;
    %pushi/vec4 6, 0, 3;
    %cmp/e;
    %flag_get/vec4 4;
    %and;
T_62.24;
    %assign/vec4 v0xcb527fa20_0, 0;
    %load/vec4 v0xcb5281900_0;
    %flag_set/vec4 8;
    %flag_get/vec4 8;
    %jmp/0 T_62.25, 8;
    %load/vec4 v0xcb5283520_0;
    %parti/s 3, 12, 5;
    %pushi/vec4 7, 0, 3;
    %cmp/e;
    %flag_get/vec4 4;
    %and;
T_62.25;
    %assign/vec4 v0xcb527f8e0_0, 0;
    %load/vec4 v0xcb5281ae0_0;
    %flag_set/vec4 8;
    %flag_get/vec4 8;
    %jmp/0 T_62.26, 8;
    %load/vec4 v0xcb5283520_0;
    %parti/s 3, 12, 5;
    %pushi/vec4 0, 0, 3;
    %cmp/e;
    %flag_get/vec4 4;
    %and;
T_62.26;
    %assign/vec4 v0xcb527fe80_0, 0;
    %load/vec4 v0xcb5281ae0_0;
    %flag_set/vec4 8;
    %flag_get/vec4 8;
    %jmp/0 T_62.27, 8;
    %load/vec4 v0xcb5283520_0;
    %parti/s 3, 12, 5;
    %pushi/vec4 1, 0, 3;
    %cmp/e;
    %flag_get/vec4 4;
    %and;
T_62.27;
    %assign/vec4 v0xcb5280000_0, 0;
    %load/vec4 v0xcb5281ae0_0;
    %flag_set/vec4 8;
    %flag_get/vec4 8;
    %jmp/0 T_62.28, 8;
    %load/vec4 v0xcb5283520_0;
    %parti/s 3, 12, 5;
    %pushi/vec4 2, 0, 3;
    %cmp/e;
    %flag_get/vec4 4;
    %and;
T_62.28;
    %assign/vec4 v0xcb52801e0_0, 0;
    %load/vec4 v0xcb5281ae0_0;
    %flag_set/vec4 8;
    %flag_get/vec4 8;
    %jmp/0 T_62.29, 8;
    %load/vec4 v0xcb5283520_0;
    %parti/s 3, 12, 5;
    %pushi/vec4 4, 0, 3;
    %cmp/e;
    %flag_get/vec4 4;
    %and;
T_62.29;
    %assign/vec4 v0xcb527ff20_0, 0;
    %load/vec4 v0xcb5281ae0_0;
    %flag_set/vec4 8;
    %flag_get/vec4 8;
    %jmp/0 T_62.30, 8;
    %load/vec4 v0xcb5283520_0;
    %parti/s 3, 12, 5;
    %pushi/vec4 5, 0, 3;
    %cmp/e;
    %flag_get/vec4 4;
    %and;
T_62.30;
    %assign/vec4 v0xcb52800a0_0, 0;
    %load/vec4 v0xcb5281e00_0;
    %flag_set/vec4 8;
    %flag_get/vec4 8;
    %jmp/0 T_62.31, 8;
    %load/vec4 v0xcb5283520_0;
    %parti/s 3, 12, 5;
    %pushi/vec4 0, 0, 3;
    %cmp/e;
    %flag_get/vec4 4;
    %and;
T_62.31;
    %assign/vec4 v0xcb5280780_0, 0;
    %load/vec4 v0xcb5281e00_0;
    %flag_set/vec4 8;
    %flag_get/vec4 8;
    %jmp/0 T_62.32, 8;
    %load/vec4 v0xcb5283520_0;
    %parti/s 3, 12, 5;
    %pushi/vec4 1, 0, 3;
    %cmp/e;
    %flag_get/vec4 4;
    %and;
T_62.32;
    %assign/vec4 v0xcb52808c0_0, 0;
    %load/vec4 v0xcb5281e00_0;
    %flag_set/vec4 8;
    %flag_get/vec4 8;
    %jmp/0 T_62.33, 8;
    %load/vec4 v0xcb5283520_0;
    %parti/s 3, 12, 5;
    %pushi/vec4 2, 0, 3;
    %cmp/e;
    %flag_get/vec4 4;
    %and;
T_62.33;
    %assign/vec4 v0xcb5281040_0, 0;
    %load/vec4 v0xcb52817c0_0;
    %flag_set/vec4 8;
    %flag_get/vec4 8;
    %jmp/0 T_62.34, 8;
    %load/vec4 v0xcb5283520_0;
    %parti/s 3, 12, 5;
    %pushi/vec4 0, 0, 3;
    %cmp/e;
    %flag_get/vec4 4;
    %and;
T_62.34;
    %assign/vec4 v0xcb527f520_0, 0;
    %load/vec4 v0xcb52817c0_0;
    %flag_set/vec4 8;
    %flag_get/vec4 8;
    %jmp/0 T_62.35, 8;
    %load/vec4 v0xcb5283520_0;
    %parti/s 3, 12, 5;
    %pushi/vec4 2, 0, 3;
    %cmp/e;
    %flag_get/vec4 4;
    %and;
T_62.35;
    %assign/vec4 v0xcb5280b40_0, 0;
    %load/vec4 v0xcb52817c0_0;
    %flag_set/vec4 8;
    %flag_get/vec4 8;
    %jmp/0 T_62.36, 8;
    %load/vec4 v0xcb5283520_0;
    %parti/s 3, 12, 5;
    %pushi/vec4 3, 0, 3;
    %cmp/e;
    %flag_get/vec4 4;
    %and;
T_62.36;
    %assign/vec4 v0xcb5280be0_0, 0;
    %load/vec4 v0xcb52817c0_0;
    %flag_set/vec4 8;
    %flag_get/vec4 8;
    %jmp/0 T_62.37, 8;
    %load/vec4 v0xcb5283520_0;
    %parti/s 3, 12, 5;
    %pushi/vec4 4, 0, 3;
    %cmp/e;
    %flag_get/vec4 4;
    %and;
T_62.37;
    %assign/vec4 v0xcb5281360_0, 0;
    %load/vec4 v0xcb52817c0_0;
    %flag_set/vec4 8;
    %flag_get/vec4 8;
    %jmp/0 T_62.38, 8;
    %load/vec4 v0xcb5283520_0;
    %parti/s 3, 12, 5;
    %pushi/vec4 6, 0, 3;
    %cmp/e;
    %flag_get/vec4 4;
    %and;
T_62.38;
    %assign/vec4 v0xcb52803c0_0, 0;
    %load/vec4 v0xcb52817c0_0;
    %flag_set/vec4 8;
    %flag_get/vec4 8;
    %jmp/0 T_62.39, 8;
    %load/vec4 v0xcb5283520_0;
    %parti/s 3, 12, 5;
    %pushi/vec4 7, 0, 3;
    %cmp/e;
    %flag_get/vec4 4;
    %and;
T_62.39;
    %assign/vec4 v0xcb527f660_0, 0;
    %load/vec4 v0xcb52817c0_0;
    %flag_set/vec4 9;
    %flag_get/vec4 9;
    %jmp/0 T_62.41, 9;
    %load/vec4 v0xcb5283520_0;
    %parti/s 3, 12, 5;
    %pushi/vec4 1, 0, 3;
    %cmp/e;
    %flag_get/vec4 4;
    %and;
T_62.41;
    %flag_set/vec4 8;
    %flag_get/vec4 8;
    %jmp/0 T_62.40, 8;
    %load/vec4 v0xcb5283520_0;
    %parti/s 7, 25, 6;
    %pushi/vec4 0, 0, 7;
    %cmp/e;
    %flag_get/vec4 4;
    %and;
T_62.40;
    %assign/vec4 v0xcb5280a00_0, 0;
    %load/vec4 v0xcb52817c0_0;
    %flag_set/vec4 9;
    %flag_get/vec4 9;
    %jmp/0 T_62.43, 9;
    %load/vec4 v0xcb5283520_0;
    %parti/s 3, 12, 5;
    %pushi/vec4 5, 0, 3;
    %cmp/e;
    %flag_get/vec4 4;
    %and;
T_62.43;
    %flag_set/vec4 8;
    %flag_get/vec4 8;
    %jmp/0 T_62.42, 8;
    %load/vec4 v0xcb5283520_0;
    %parti/s 7, 25, 6;
    %pushi/vec4 0, 0, 7;
    %cmp/e;
    %flag_get/vec4 4;
    %and;
T_62.42;
    %assign/vec4 v0xcb5280f00_0, 0;
    %load/vec4 v0xcb52817c0_0;
    %flag_set/vec4 9;
    %flag_get/vec4 9;
    %jmp/0 T_62.45, 9;
    %load/vec4 v0xcb5283520_0;
    %parti/s 3, 12, 5;
    %pushi/vec4 5, 0, 3;
    %cmp/e;
    %flag_get/vec4 4;
    %and;
T_62.45;
    %flag_set/vec4 8;
    %flag_get/vec4 8;
    %jmp/0 T_62.44, 8;
    %load/vec4 v0xcb5283520_0;
    %parti/s 7, 25, 6;
    %pushi/vec4 32, 0, 7;
    %cmp/e;
    %flag_get/vec4 4;
    %and;
T_62.44;
    %assign/vec4 v0xcb5280dc0_0, 0;
    %load/vec4 v0xcb5281860_0;
    %flag_set/vec4 9;
    %flag_get/vec4 9;
    %jmp/0 T_62.47, 9;
    %load/vec4 v0xcb5283520_0;
    %parti/s 3, 12, 5;
    %pushi/vec4 0, 0, 3;
    %cmp/e;
    %flag_get/vec4 4;
    %and;
T_62.47;
    %flag_set/vec4 8;
    %flag_get/vec4 8;
    %jmp/0 T_62.46, 8;
    %load/vec4 v0xcb5283520_0;
    %parti/s 7, 25, 6;
    %pushi/vec4 0, 0, 7;
    %cmp/e;
    %flag_get/vec4 4;
    %and;
T_62.46;
    %assign/vec4 v0xcb527f480_0, 0;
    %load/vec4 v0xcb5281860_0;
    %flag_set/vec4 9;
    %flag_get/vec4 9;
    %jmp/0 T_62.49, 9;
    %load/vec4 v0xcb5283520_0;
    %parti/s 3, 12, 5;
    %pushi/vec4 0, 0, 3;
    %cmp/e;
    %flag_get/vec4 4;
    %and;
T_62.49;
    %flag_set/vec4 8;
    %flag_get/vec4 8;
    %jmp/0 T_62.48, 8;
    %load/vec4 v0xcb5283520_0;
    %parti/s 7, 25, 6;
    %pushi/vec4 32, 0, 7;
    %cmp/e;
    %flag_get/vec4 4;
    %and;
T_62.48;
    %assign/vec4 v0xcb5280fa0_0, 0;
    %load/vec4 v0xcb5281860_0;
    %flag_set/vec4 9;
    %flag_get/vec4 9;
    %jmp/0 T_62.51, 9;
    %load/vec4 v0xcb5283520_0;
    %parti/s 3, 12, 5;
    %pushi/vec4 1, 0, 3;
    %cmp/e;
    %flag_get/vec4 4;
    %and;
T_62.51;
    %flag_set/vec4 8;
    %flag_get/vec4 8;
    %jmp/0 T_62.50, 8;
    %load/vec4 v0xcb5283520_0;
    %parti/s 7, 25, 6;
    %pushi/vec4 0, 0, 7;
    %cmp/e;
    %flag_get/vec4 4;
    %and;
T_62.50;
    %assign/vec4 v0xcb5280960_0, 0;
    %load/vec4 v0xcb5281860_0;
    %flag_set/vec4 9;
    %flag_get/vec4 9;
    %jmp/0 T_62.53, 9;
    %load/vec4 v0xcb5283520_0;
    %parti/s 3, 12, 5;
    %pushi/vec4 2, 0, 3;
    %cmp/e;
    %flag_get/vec4 4;
    %and;
T_62.53;
    %flag_set/vec4 8;
    %flag_get/vec4 8;
    %jmp/0 T_62.52, 8;
    %load/vec4 v0xcb5283520_0;
    %parti/s 7, 25, 6;
    %pushi/vec4 0, 0, 7;
    %cmp/e;
    %flag_get/vec4 4;
    %and;
T_62.52;
    %assign/vec4 v0xcb5280aa0_0, 0;
    %load/vec4 v0xcb5281860_0;
    %flag_set/vec4 9;
    %flag_get/vec4 9;
    %jmp/0 T_62.55, 9;
    %load/vec4 v0xcb5283520_0;
    %parti/s 3, 12, 5;
    %pushi/vec4 3, 0, 3;
    %cmp/e;
    %flag_get/vec4 4;
    %and;
T_62.55;
    %flag_set/vec4 8;
    %flag_get/vec4 8;
    %jmp/0 T_62.54, 8;
    %load/vec4 v0xcb5283520_0;
    %parti/s 7, 25, 6;
    %pushi/vec4 0, 0, 7;
    %cmp/e;
    %flag_get/vec4 4;
    %and;
T_62.54;
    %assign/vec4 v0xcb5280c80_0, 0;
    %load/vec4 v0xcb5281860_0;
    %flag_set/vec4 9;
    %flag_get/vec4 9;
    %jmp/0 T_62.57, 9;
    %load/vec4 v0xcb5283520_0;
    %parti/s 3, 12, 5;
    %pushi/vec4 4, 0, 3;
    %cmp/e;
    %flag_get/vec4 4;
    %and;
T_62.57;
    %flag_set/vec4 8;
    %flag_get/vec4 8;
    %jmp/0 T_62.56, 8;
    %load/vec4 v0xcb5283520_0;
    %parti/s 7, 25, 6;
    %pushi/vec4 0, 0, 7;
    %cmp/e;
    %flag_get/vec4 4;
    %and;
T_62.56;
    %assign/vec4 v0xcb52812c0_0, 0;
    %load/vec4 v0xcb5281860_0;
    %flag_set/vec4 9;
    %flag_get/vec4 9;
    %jmp/0 T_62.59, 9;
    %load/vec4 v0xcb5283520_0;
    %parti/s 3, 12, 5;
    %pushi/vec4 5, 0, 3;
    %cmp/e;
    %flag_get/vec4 4;
    %and;
T_62.59;
    %flag_set/vec4 8;
    %flag_get/vec4 8;
    %jmp/0 T_62.58, 8;
    %load/vec4 v0xcb5283520_0;
    %parti/s 7, 25, 6;
    %pushi/vec4 0, 0, 7;
    %cmp/e;
    %flag_get/vec4 4;
    %and;
T_62.58;
    %assign/vec4 v0xcb5280e60_0, 0;
    %load/vec4 v0xcb5281860_0;
    %flag_set/vec4 9;
    %flag_get/vec4 9;
    %jmp/0 T_62.61, 9;
    %load/vec4 v0xcb5283520_0;
    %parti/s 3, 12, 5;
    %pushi/vec4 5, 0, 3;
    %cmp/e;
    %flag_get/vec4 4;
    %and;
T_62.61;
    %flag_set/vec4 8;
    %flag_get/vec4 8;
    %jmp/0 T_62.60, 8;
    %load/vec4 v0xcb5283520_0;
    %parti/s 7, 25, 6;
    %pushi/vec4 32, 0, 7;
    %cmp/e;
    %flag_get/vec4 4;
    %and;
T_62.60;
    %assign/vec4 v0xcb5280d20_0, 0;
    %load/vec4 v0xcb5281860_0;
    %flag_set/vec4 9;
    %flag_get/vec4 9;
    %jmp/0 T_62.63, 9;
    %load/vec4 v0xcb5283520_0;
    %parti/s 3, 12, 5;
    %pushi/vec4 6, 0, 3;
    %cmp/e;
    %flag_get/vec4 4;
    %and;
T_62.63;
    %flag_set/vec4 8;
    %flag_get/vec4 8;
    %jmp/0 T_62.62, 8;
    %load/vec4 v0xcb5283520_0;
    %parti/s 7, 25, 6;
    %pushi/vec4 0, 0, 7;
    %cmp/e;
    %flag_get/vec4 4;
    %and;
T_62.62;
    %assign/vec4 v0xcb5280320_0, 0;
    %load/vec4 v0xcb5281860_0;
    %flag_set/vec4 9;
    %flag_get/vec4 9;
    %jmp/0 T_62.65, 9;
    %load/vec4 v0xcb5283520_0;
    %parti/s 3, 12, 5;
    %pushi/vec4 7, 0, 3;
    %cmp/e;
    %flag_get/vec4 4;
    %and;
T_62.65;
    %flag_set/vec4 8;
    %flag_get/vec4 8;
    %jmp/0 T_62.64, 8;
    %load/vec4 v0xcb5283520_0;
    %parti/s 7, 25, 6;
    %pushi/vec4 0, 0, 7;
    %cmp/e;
    %flag_get/vec4 4;
    %and;
T_62.64;
    %assign/vec4 v0xcb527f5c0_0, 0;
    %load/vec4 v0xcb5283520_0;
    %parti/s 7, 0, 2;
    %cmpi/e 115, 0, 7;
    %flag_get/vec4 4;
    %jmp/0 T_62.68, 4;
    %load/vec4 v0xcb5283520_0;
    %parti/s 20, 12, 5;
    %pad/u 32;
    %pushi/vec4 786434, 0, 32;
    %cmp/e;
    %flag_get/vec4 4;
    %and;
T_62.68;
    %flag_set/vec4 8;
    %jmp/1 T_62.67, 8;
    %load/vec4 v0xcb5283520_0;
    %parti/s 7, 0, 2;
    %cmpi/e 115, 0, 7;
    %flag_get/vec4 4;
    %jmp/0 T_62.69, 4;
    %load/vec4 v0xcb5283520_0;
    %parti/s 20, 12, 5;
    %pad/u 32;
    %pushi/vec4 786690, 0, 32;
    %cmp/e;
    %flag_get/vec4 4;
    %and;
T_62.69;
    %flag_set/vec4 9;
    %flag_or 8, 9;
T_62.67;
    %flag_get/vec4 8;
    %jmp/0 T_62.66, 8;
    %pushi/vec4 0, 0, 1;
    %and;
T_62.66;
    %assign/vec4 v0xcb5280460_0, 0;
    %load/vec4 v0xcb5283520_0;
    %parti/s 7, 0, 2;
    %cmpi/e 115, 0, 7;
    %flag_get/vec4 4;
    %jmp/0 T_62.73, 4;
    %load/vec4 v0xcb5283520_0;
    %parti/s 20, 12, 5;
    %pad/u 32;
    %pushi/vec4 819202, 0, 32;
    %cmp/e;
    %flag_get/vec4 4;
    %and;
T_62.73;
    %flag_set/vec4 9;
    %jmp/1 T_62.72, 9;
    %load/vec4 v0xcb5283520_0;
    %parti/s 7, 0, 2;
    %cmpi/e 115, 0, 7;
    %flag_get/vec4 4;
    %jmp/0 T_62.74, 4;
    %load/vec4 v0xcb5283520_0;
    %parti/s 20, 12, 5;
    %pad/u 32;
    %pushi/vec4 819458, 0, 32;
    %cmp/e;
    %flag_get/vec4 4;
    %and;
T_62.74;
    %flag_set/vec4 10;
    %flag_or 9, 10;
T_62.72;
    %flag_get/vec4 9;
    %jmp/0 T_62.71, 9;
    %pushi/vec4 0, 0, 1;
    %and;
T_62.71;
    %flag_set/vec4 8;
    %flag_get/vec4 8;
    %jmp/0 T_62.70, 8;
    %pushi/vec4 0, 0, 1;
    %and;
T_62.70;
    %assign/vec4 v0xcb5280500_0, 0;
    %load/vec4 v0xcb5283520_0;
    %parti/s 7, 0, 2;
    %cmpi/e 115, 0, 7;
    %flag_get/vec4 4;
    %jmp/0 T_62.76, 4;
    %load/vec4 v0xcb5283520_0;
    %parti/s 20, 12, 5;
    %pad/u 32;
    %pushi/vec4 786946, 0, 32;
    %cmp/e;
    %flag_get/vec4 4;
    %and;
T_62.76;
    %flag_set/vec4 8;
    %flag_get/vec4 8;
    %jmp/0 T_62.75, 8;
    %pushi/vec4 0, 0, 1;
    %and;
T_62.75;
    %assign/vec4 v0xcb52805a0_0, 0;
    %load/vec4 v0xcb5283520_0;
    %parti/s 7, 0, 2;
    %cmpi/e 115, 0, 7;
    %flag_get/vec4 4;
    %jmp/0 T_62.79, 4;
    %load/vec4 v0xcb5283520_0;
    %parti/s 20, 12, 5;
    %pad/u 32;
    %pushi/vec4 819714, 0, 32;
    %cmp/e;
    %flag_get/vec4 4;
    %and;
T_62.79;
    %flag_set/vec4 9;
    %flag_get/vec4 9;
    %jmp/0 T_62.78, 9;
    %pushi/vec4 0, 0, 1;
    %and;
T_62.78;
    %flag_set/vec4 8;
    %flag_get/vec4 8;
    %jmp/0 T_62.77, 8;
    %pushi/vec4 0, 0, 1;
    %and;
T_62.77;
    %assign/vec4 v0xcb5280640_0, 0;
    %load/vec4 v0xcb5283520_0;
    %parti/s 7, 0, 2;
    %cmpi/e 115, 0, 7;
    %flag_get/vec4 4;
    %jmp/0 T_62.82, 4;
    %load/vec4 v0xcb5283520_0;
    %parti/s 11, 21, 6;
    %nor/r;
    %and;
T_62.82;
    %flag_set/vec4 9;
    %flag_get/vec4 9;
    %jmp/0 T_62.81, 9;
    %load/vec4 v0xcb5283520_0;
    %parti/s 13, 7, 4;
    %nor/r;
    %and;
T_62.81;
    %flag_set/vec4 8;
    %flag_get/vec4 8;
    %jmp/1 T_62.80, 8;
    %pushi/vec4 0, 0, 1;
    %or;
T_62.80;
    %assign/vec4 v0xcb527fb60_0, 0;
    %load/vec4 v0xcb5283520_0;
    %parti/s 7, 0, 2;
    %cmpi/e 15, 0, 7;
    %flag_get/vec4 4;
    %jmp/0 T_62.83, 4;
    %load/vec4 v0xcb5283520_0;
    %parti/s 3, 12, 5;
    %nor/r;
    %and;
T_62.83;
    %assign/vec4 v0xcb527fc00_0, 0;
    %load/vec4 v0xcb5283520_0;
    %parti/s 7, 0, 2;
    %cmpi/e 11, 0, 7;
    %flag_get/vec4 4;
    %jmp/0 T_62.86, 4;
    %load/vec4 v0xcb5283520_0;
    %parti/s 7, 25, 6;
    %pushi/vec4 0, 0, 7;
    %cmp/e;
    %flag_get/vec4 4;
    %and;
T_62.86;
    %flag_set/vec4 9;
    %flag_get/vec4 9;
    %jmp/0 T_62.85, 9;
    %pushi/vec4 0, 0, 1;
    %and;
T_62.85;
    %flag_set/vec4 8;
    %flag_get/vec4 8;
    %jmp/0 T_62.84, 8;
    %pushi/vec4 1, 0, 1;
    %and;
T_62.84;
    %assign/vec4 v0xcb527fca0_0, 0;
    %load/vec4 v0xcb5283520_0;
    %parti/s 7, 0, 2;
    %cmpi/e 11, 0, 7;
    %flag_get/vec4 4;
    %jmp/0 T_62.89, 4;
    %load/vec4 v0xcb5283520_0;
    %parti/s 7, 25, 6;
    %pushi/vec4 1, 0, 7;
    %cmp/e;
    %flag_get/vec4 4;
    %and;
T_62.89;
    %flag_set/vec4 9;
    %flag_get/vec4 9;
    %jmp/0 T_62.88, 9;
    %pushi/vec4 0, 0, 1;
    %and;
T_62.88;
    %flag_set/vec4 8;
    %flag_get/vec4 8;
    %jmp/0 T_62.87, 8;
    %pushi/vec4 1, 0, 1;
    %and;
T_62.87;
    %assign/vec4 v0xcb5280820_0, 0;
    %load/vec4 v0xcb5283520_0;
    %parti/s 7, 0, 2;
    %cmpi/e 11, 0, 7;
    %flag_get/vec4 4;
    %jmp/0 T_62.91, 4;
    %load/vec4 v0xcb5283520_0;
    %parti/s 7, 25, 6;
    %pushi/vec4 3, 0, 7;
    %cmp/e;
    %flag_get/vec4 4;
    %and;
T_62.91;
    %flag_set/vec4 8;
    %flag_get/vec4 8;
    %jmp/0 T_62.90, 8;
    %pushi/vec4 0, 0, 1;
    %and;
T_62.90;
    %assign/vec4 v0xcb5280280_0, 0;
    %load/vec4 v0xcb5283520_0;
    %parti/s 7, 0, 2;
    %cmpi/e 11, 0, 7;
    %flag_get/vec4 4;
    %jmp/0 T_62.94, 4;
    %load/vec4 v0xcb5283520_0;
    %parti/s 7, 25, 6;
    %pushi/vec4 5, 0, 7;
    %cmp/e;
    %flag_get/vec4 4;
    %and;
T_62.94;
    %flag_set/vec4 9;
    %flag_get/vec4 9;
    %jmp/0 T_62.93, 9;
    %pushi/vec4 0, 0, 1;
    %and;
T_62.93;
    %flag_set/vec4 8;
    %flag_get/vec4 8;
    %jmp/0 T_62.92, 8;
    %pushi/vec4 1, 0, 1;
    %and;
T_62.92;
    %assign/vec4 v0xcb52810e0_0, 0;
    %load/vec4 v0xcb52817c0_0;
    %flag_set/vec4 8;
    %flag_get/vec4 8;
    %jmp/0 T_62.95, 8;
    %load/vec4 v0xcb5283520_0;
    %parti/s 3, 12, 5;
    %cmpi/e 1, 0, 3;
    %flag_get/vec4 4;
    %jmp/0 T_62.96, 4;
    %load/vec4 v0xcb5283520_0;
    %parti/s 7, 25, 6;
    %pushi/vec4 0, 0, 7;
    %cmp/e;
    %flag_get/vec4 4;
    %and;
T_62.96;
    %load/vec4 v0xcb5283520_0;
    %parti/s 3, 12, 5;
    %cmpi/e 5, 0, 3;
    %flag_get/vec4 4;
    %jmp/0 T_62.97, 4;
    %load/vec4 v0xcb5283520_0;
    %parti/s 7, 25, 6;
    %pushi/vec4 0, 0, 7;
    %cmp/e;
    %flag_get/vec4 4;
    %and;
T_62.97;
    %concat/vec4; draw_concat_vec4
    %load/vec4 v0xcb5283520_0;
    %parti/s 3, 12, 5;
    %cmpi/e 5, 0, 3;
    %flag_get/vec4 4;
    %jmp/0 T_62.98, 4;
    %load/vec4 v0xcb5283520_0;
    %parti/s 7, 25, 6;
    %pushi/vec4 32, 0, 7;
    %cmp/e;
    %flag_get/vec4 4;
    %and;
T_62.98;
    %concat/vec4; draw_concat_vec4
    %or/r;
    %and;
T_62.95;
    %assign/vec4 v0xcb5281f40_0, 0;
    %load/vec4 v0xcb527fde0_0;
    %flag_set/vec4 8;
    %flag_get/vec4 8;
    %jmp/1 T_62.99, 8;
    %load/vec4 v0xcb52817c0_0;
    %flag_set/vec4 8;
    %flag_get/vec4 8;
    %jmp/0 T_62.100, 8;
    %load/vec4 v0xcb5283520_0;
    %parti/s 3, 12, 5;
    %pushi/vec4 0, 0, 3;
    %cmp/e;
    %flag_get/vec4 4;
    %load/vec4 v0xcb5283520_0;
    %parti/s 3, 12, 5;
    %pushi/vec4 2, 0, 3;
    %cmp/e;
    %flag_get/vec4 4;
    %concat/vec4; draw_concat_vec4
    %load/vec4 v0xcb5283520_0;
    %parti/s 3, 12, 5;
    %pushi/vec4 3, 0, 3;
    %cmp/e;
    %flag_get/vec4 4;
    %concat/vec4; draw_concat_vec4
    %load/vec4 v0xcb5283520_0;
    %parti/s 3, 12, 5;
    %pushi/vec4 4, 0, 3;
    %cmp/e;
    %flag_get/vec4 4;
    %concat/vec4; draw_concat_vec4
    %load/vec4 v0xcb5283520_0;
    %parti/s 3, 12, 5;
    %pushi/vec4 6, 0, 3;
    %cmp/e;
    %flag_get/vec4 4;
    %concat/vec4; draw_concat_vec4
    %load/vec4 v0xcb5283520_0;
    %parti/s 3, 12, 5;
    %pushi/vec4 7, 0, 3;
    %cmp/e;
    %flag_get/vec4 4;
    %concat/vec4; draw_concat_vec4
    %or/r;
    %and;
T_62.100;
    %or;
T_62.99;
    %assign/vec4 v0xcb5281a40_0, 0;
    %load/vec4 v0xcb5281860_0;
    %flag_set/vec4 8;
    %flag_get/vec4 8;
    %jmp/0 T_62.101, 8;
    %load/vec4 v0xcb5283520_0;
    %parti/s 3, 12, 5;
    %cmpi/e 1, 0, 3;
    %flag_get/vec4 4;
    %jmp/0 T_62.102, 4;
    %load/vec4 v0xcb5283520_0;
    %parti/s 7, 25, 6;
    %pushi/vec4 0, 0, 7;
    %cmp/e;
    %flag_get/vec4 4;
    %and;
T_62.102;
    %load/vec4 v0xcb5283520_0;
    %parti/s 3, 12, 5;
    %cmpi/e 5, 0, 3;
    %flag_get/vec4 4;
    %jmp/0 T_62.103, 4;
    %load/vec4 v0xcb5283520_0;
    %parti/s 7, 25, 6;
    %pushi/vec4 0, 0, 7;
    %cmp/e;
    %flag_get/vec4 4;
    %and;
T_62.103;
    %concat/vec4; draw_concat_vec4
    %load/vec4 v0xcb5283520_0;
    %parti/s 3, 12, 5;
    %cmpi/e 5, 0, 3;
    %flag_get/vec4 4;
    %jmp/0 T_62.104, 4;
    %load/vec4 v0xcb5283520_0;
    %parti/s 7, 25, 6;
    %pushi/vec4 32, 0, 7;
    %cmp/e;
    %flag_get/vec4 4;
    %and;
T_62.104;
    %concat/vec4; draw_concat_vec4
    %or/r;
    %and;
T_62.101;
    %assign/vec4 v0xcb5281ea0_0, 0;
    %pushi/vec4 0, 0, 1;
    %assign/vec4 v0xcb5281cc0_0, 0;
    %pushi/vec4 0, 0, 1;
    %assign/vec4 v0xcb52819a0_0, 0;
    %pushi/vec4 1, 0, 1;
    %dup/vec4;
    %load/vec4 v0xcb527fd40_0;
    %cmp/u;
    %jmp/1 T_62.105, 6;
    %dup/vec4;
    %load/vec4 v0xcb5280140_0;
    %load/vec4 v0xcb527f700_0;
    %concat/vec4; draw_concat_vec4
    %or/r;
    %cmp/u;
    %jmp/1 T_62.106, 6;
    %dup/vec4;
    %load/vec4 v0xcb527fde0_0;
    %load/vec4 v0xcb5281ae0_0;
    %concat/vec4; draw_concat_vec4
    %load/vec4 v0xcb52817c0_0;
    %concat/vec4; draw_concat_vec4
    %or/r;
    %cmp/u;
    %jmp/1 T_62.107, 6;
    %dup/vec4;
    %load/vec4 v0xcb5281900_0;
    %cmp/u;
    %jmp/1 T_62.108, 6;
    %dup/vec4;
    %load/vec4 v0xcb5281e00_0;
    %cmp/u;
    %jmp/1 T_62.109, 6;
    %pushi/vec4 1, 1, 32;
    %assign/vec4 v0xcb527ed00_0, 0;
    %jmp T_62.111;
T_62.105 ;
    %load/vec4 v0xcb527eda0_0;
    %assign/vec4 v0xcb527ed00_0, 0;
    %jmp T_62.111;
T_62.106 ;
    %load/vec4 v0xcb5283520_0;
    %parti/s 20, 12, 5;
    %pad/u 32;
    %ix/load 4, 12, 0;
    %flag_set/imm 4, 0;
    %shiftl 4;
    %assign/vec4 v0xcb527ed00_0, 0;
    %jmp T_62.111;
T_62.107 ;
    %load/vec4 v0xcb5283520_0;
    %parti/s 12, 20, 6;
    %pad/s 32;
    %assign/vec4 v0xcb527ed00_0, 0;
    %jmp T_62.111;
T_62.108 ;
    %load/vec4 v0xcb5283520_0;
    %parti/s 1, 31, 6;
    %load/vec4 v0xcb5283520_0;
    %parti/s 1, 7, 4;
    %concat/vec4; draw_concat_vec4
    %load/vec4 v0xcb5283520_0;
    %parti/s 6, 25, 6;
    %concat/vec4; draw_concat_vec4
    %load/vec4 v0xcb5283520_0;
    %parti/s 4, 8, 5;
    %concat/vec4; draw_concat_vec4
    %concati/vec4 0, 0, 1;
    %pad/s 32;
    %assign/vec4 v0xcb527ed00_0, 0;
    %jmp T_62.111;
T_62.109 ;
    %load/vec4 v0xcb5283520_0;
    %parti/s 7, 25, 6;
    %load/vec4 v0xcb5283520_0;
    %parti/s 5, 7, 4;
    %concat/vec4; draw_concat_vec4
    %pad/s 32;
    %assign/vec4 v0xcb527ed00_0, 0;
    %jmp T_62.111;
T_62.111 ;
    %pop/vec4 1;
T_62.17 ;
    %load/vec4 v0xcb52852c0_0;
    %nor/r;
    %flag_set/vec4 8;
    %jmp/0xz  T_62.112, 8;
    %pushi/vec4 0, 0, 1;
    %assign/vec4 v0xcb5281900_0, 0;
    %pushi/vec4 0, 0, 1;
    %assign/vec4 v0xcb52819a0_0, 0;
    %pushi/vec4 0, 0, 1;
    %assign/vec4 v0xcb527f7a0_0, 0;
    %pushi/vec4 0, 0, 1;
    %assign/vec4 v0xcb527fac0_0, 0;
    %pushi/vec4 0, 0, 1;
    %assign/vec4 v0xcb527f980_0, 0;
    %pushi/vec4 0, 0, 1;
    %assign/vec4 v0xcb527f840_0, 0;
    %pushi/vec4 0, 0, 1;
    %assign/vec4 v0xcb527fa20_0, 0;
    %pushi/vec4 0, 0, 1;
    %assign/vec4 v0xcb527f8e0_0, 0;
    %pushi/vec4 0, 0, 1;
    %assign/vec4 v0xcb527f520_0, 0;
    %pushi/vec4 0, 0, 1;
    %assign/vec4 v0xcb5280b40_0, 0;
    %pushi/vec4 0, 0, 1;
    %assign/vec4 v0xcb5280be0_0, 0;
    %pushi/vec4 0, 0, 1;
    %assign/vec4 v0xcb5281360_0, 0;
    %pushi/vec4 0, 0, 1;
    %assign/vec4 v0xcb52803c0_0, 0;
    %pushi/vec4 0, 0, 1;
    %assign/vec4 v0xcb527f660_0, 0;
    %pushi/vec4 0, 0, 1;
    %assign/vec4 v0xcb527f480_0, 0;
    %pushi/vec4 0, 0, 1;
    %assign/vec4 v0xcb5280fa0_0, 0;
    %pushi/vec4 0, 0, 1;
    %assign/vec4 v0xcb5280960_0, 0;
    %pushi/vec4 0, 0, 1;
    %assign/vec4 v0xcb5280aa0_0, 0;
    %pushi/vec4 0, 0, 1;
    %assign/vec4 v0xcb5280c80_0, 0;
    %pushi/vec4 0, 0, 1;
    %assign/vec4 v0xcb52812c0_0, 0;
    %pushi/vec4 0, 0, 1;
    %assign/vec4 v0xcb5280e60_0, 0;
    %pushi/vec4 0, 0, 1;
    %assign/vec4 v0xcb5280d20_0, 0;
    %pushi/vec4 0, 0, 1;
    %assign/vec4 v0xcb5280320_0, 0;
    %pushi/vec4 0, 0, 1;
    %assign/vec4 v0xcb527f5c0_0, 0;
    %pushi/vec4 0, 0, 1;
    %assign/vec4 v0xcb527fc00_0, 0;
T_62.112 ;
    %jmp T_62;
    .thread T_62;
    .scope S_0xcb4de8d80;
T_63 ;
    %wait E_0xcb524a400;
    %pushi/vec4 0, 0, 32; draw_string_vec4
    %pushi/vec4 0, 0, 32; draw_string_vec4
    %concat/vec4; draw_string_vec4
    %pushi/vec4 0, 0, 32; draw_string_vec4
    %concat/vec4; draw_string_vec4
    %pushi/vec4 0, 0, 32; draw_string_vec4
    %concat/vec4; draw_string_vec4
    %store/vec4 v0xcb527e080_0, 0, 128;
    %load/vec4 v0xcb527db80_0;
    %cmpi/e 128, 0, 8;
    %jmp/0xz  T_63.0, 4;
    %pushi/vec4 0, 0, 32; draw_string_vec4
    %pushi/vec4 0, 0, 32; draw_string_vec4
    %concat/vec4; draw_string_vec4
    %pushi/vec4 0, 0, 32; draw_string_vec4
    %concat/vec4; draw_string_vec4
    %pushi/vec4 1953653104, 0, 32; draw_string_vec4
    %concat/vec4; draw_string_vec4
    %store/vec4 v0xcb527e080_0, 0, 128;
T_63.0 ;
    %load/vec4 v0xcb527db80_0;
    %cmpi/e 64, 0, 8;
    %jmp/0xz  T_63.2, 4;
    %pushi/vec4 0, 0, 32; draw_string_vec4
    %pushi/vec4 0, 0, 32; draw_string_vec4
    %concat/vec4; draw_string_vec4
    %pushi/vec4 102, 0, 32; draw_string_vec4
    %concat/vec4; draw_string_vec4
    %pushi/vec4 1702126440, 0, 32; draw_string_vec4
    %concat/vec4; draw_string_vec4
    %store/vec4 v0xcb527e080_0, 0, 128;
T_63.2 ;
    %load/vec4 v0xcb527db80_0;
    %cmpi/e 32, 0, 8;
    %jmp/0xz  T_63.4, 4;
    %pushi/vec4 0, 0, 32; draw_string_vec4
    %pushi/vec4 0, 0, 32; draw_string_vec4
    %concat/vec4; draw_string_vec4
    %pushi/vec4 27748, 0, 32; draw_string_vec4
    %concat/vec4; draw_string_vec4
    %pushi/vec4 1601336113, 0, 32; draw_string_vec4
    %concat/vec4; draw_string_vec4
    %store/vec4 v0xcb527e080_0, 0, 128;
T_63.4 ;
    %load/vec4 v0xcb527db80_0;
    %cmpi/e 16, 0, 8;
    %jmp/0xz  T_63.6, 4;
    %pushi/vec4 0, 0, 32; draw_string_vec4
    %pushi/vec4 0, 0, 32; draw_string_vec4
    %concat/vec4; draw_string_vec4
    %pushi/vec4 27748, 0, 32; draw_string_vec4
    %concat/vec4; draw_string_vec4
    %pushi/vec4 1601336114, 0, 32; draw_string_vec4
    %concat/vec4; draw_string_vec4
    %store/vec4 v0xcb527e080_0, 0, 128;
T_63.6 ;
    %load/vec4 v0xcb527db80_0;
    %cmpi/e 8, 0, 8;
    %jmp/0xz  T_63.8, 4;
    %pushi/vec4 0, 0, 32; draw_string_vec4
    %pushi/vec4 0, 0, 32; draw_string_vec4
    %concat/vec4; draw_string_vec4
    %pushi/vec4 0, 0, 32; draw_string_vec4
    %concat/vec4; draw_string_vec4
    %pushi/vec4 1702389091, 0, 32; draw_string_vec4
    %concat/vec4; draw_string_vec4
    %store/vec4 v0xcb527e080_0, 0, 128;
T_63.8 ;
    %load/vec4 v0xcb527db80_0;
    %cmpi/e 4, 0, 8;
    %jmp/0xz  T_63.10, 4;
    %pushi/vec4 0, 0, 32; draw_string_vec4
    %pushi/vec4 0, 0, 32; draw_string_vec4
    %concat/vec4; draw_string_vec4
    %pushi/vec4 115, 0, 32; draw_string_vec4
    %concat/vec4; draw_string_vec4
    %pushi/vec4 1751737972, 0, 32; draw_string_vec4
    %concat/vec4; draw_string_vec4
    %store/vec4 v0xcb527e080_0, 0, 128;
T_63.10 ;
    %load/vec4 v0xcb527db80_0;
    %cmpi/e 2, 0, 8;
    %jmp/0xz  T_63.12, 4;
    %pushi/vec4 0, 0, 32; draw_string_vec4
    %pushi/vec4 0, 0, 32; draw_string_vec4
    %concat/vec4; draw_string_vec4
    %pushi/vec4 115, 0, 32; draw_string_vec4
    %concat/vec4; draw_string_vec4
    %pushi/vec4 1953326445, 0, 32; draw_string_vec4
    %concat/vec4; draw_string_vec4
    %store/vec4 v0xcb527e080_0, 0, 128;
T_63.12 ;
    %load/vec4 v0xcb527db80_0;
    %cmpi/e 1, 0, 8;
    %jmp/0xz  T_63.14, 4;
    %pushi/vec4 0, 0, 32; draw_string_vec4
    %pushi/vec4 0, 0, 32; draw_string_vec4
    %concat/vec4; draw_string_vec4
    %pushi/vec4 108, 0, 32; draw_string_vec4
    %concat/vec4; draw_string_vec4
    %pushi/vec4 1684890989, 0, 32; draw_string_vec4
    %concat/vec4; draw_string_vec4
    %store/vec4 v0xcb527e080_0, 0, 128;
T_63.14 ;
    %jmp T_63;
    .thread T_63, $push;
    .scope S_0xcb4de8d80;
T_64 ;
    %wait E_0xcb524a3c0;
    %pushi/vec4 1, 1, 1;
    %store/vec4 v0xcb527cfa0_0, 0, 1;
    %pushi/vec4 1, 0, 1;
    %dup/vec4;
    %load/vec4 v0xcb527f7a0_0;
    %cmp/u;
    %jmp/1 T_64.0, 6;
    %dup/vec4;
    %load/vec4 v0xcb527fac0_0;
    %cmp/u;
    %jmp/1 T_64.1, 6;
    %dup/vec4;
    %load/vec4 v0xcb527f840_0;
    %cmp/u;
    %jmp/1 T_64.2, 6;
    %dup/vec4;
    %load/vec4 v0xcb527f8e0_0;
    %cmp/u;
    %jmp/1 T_64.3, 6;
    %dup/vec4;
    %load/vec4 v0xcb5281fe0_0;
    %flag_set/vec4 8;
    %flag_get/vec4 8;
    %jmp/0 T_64.7, 8;
    %pushi/vec4 1, 0, 1;
    %and;
T_64.7;
    %cmp/u;
    %jmp/1 T_64.4, 6;
    %dup/vec4;
    %load/vec4 v0xcb5282080_0;
    %flag_set/vec4 8;
    %flag_get/vec4 8;
    %jmp/0 T_64.8, 8;
    %pushi/vec4 1, 0, 1;
    %and;
T_64.8;
    %cmp/u;
    %jmp/1 T_64.5, 6;
    %jmp T_64.6;
T_64.0 ;
    %load/vec4 v0xcb527cd20_0;
    %store/vec4 v0xcb527cfa0_0, 0, 1;
    %jmp T_64.6;
T_64.1 ;
    %load/vec4 v0xcb527cd20_0;
    %nor/r;
    %store/vec4 v0xcb527cfa0_0, 0, 1;
    %jmp T_64.6;
T_64.2 ;
    %load/vec4 v0xcb527cdc0_0;
    %nor/r;
    %store/vec4 v0xcb527cfa0_0, 0, 1;
    %jmp T_64.6;
T_64.3 ;
    %load/vec4 v0xcb527ce60_0;
    %nor/r;
    %store/vec4 v0xcb527cfa0_0, 0, 1;
    %jmp T_64.6;
T_64.4 ;
    %load/vec4 v0xcb527cdc0_0;
    %store/vec4 v0xcb527cfa0_0, 0, 1;
    %jmp T_64.6;
T_64.5 ;
    %load/vec4 v0xcb527ce60_0;
    %store/vec4 v0xcb527cfa0_0, 0, 1;
    %jmp T_64.6;
T_64.6 ;
    %pop/vec4 1;
    %pushi/vec4 4294967295, 4294967295, 32;
    %store/vec4 v0xcb527cf00_0, 0, 32;
    %pushi/vec4 1, 0, 1;
    %dup/vec4;
    %load/vec4 v0xcb5281cc0_0;
    %cmp/u;
    %jmp/1 T_64.9, 6;
    %dup/vec4;
    %load/vec4 v0xcb52819a0_0;
    %cmp/u;
    %jmp/1 T_64.10, 6;
    %dup/vec4;
    %load/vec4 v0xcb5281360_0;
    %flag_set/vec4 8;
    %flag_get/vec4 8;
    %jmp/1 T_64.17, 8;
    %load/vec4 v0xcb52812c0_0;
    %or;
T_64.17;
    %cmp/u;
    %jmp/1 T_64.11, 6;
    %dup/vec4;
    %load/vec4 v0xcb52803c0_0;
    %flag_set/vec4 8;
    %flag_get/vec4 8;
    %jmp/1 T_64.18, 8;
    %load/vec4 v0xcb5280320_0;
    %or;
T_64.18;
    %cmp/u;
    %jmp/1 T_64.12, 6;
    %dup/vec4;
    %load/vec4 v0xcb527f660_0;
    %flag_set/vec4 8;
    %flag_get/vec4 8;
    %jmp/1 T_64.19, 8;
    %load/vec4 v0xcb527f5c0_0;
    %or;
T_64.19;
    %cmp/u;
    %jmp/1 T_64.13, 6;
    %dup/vec4;
    %pushi/vec4 0, 0, 1;
    %cmp/u;
    %jmp/1 T_64.14, 6;
    %dup/vec4;
    %pushi/vec4 0, 0, 1;
    %cmp/u;
    %jmp/1 T_64.15, 6;
    %jmp T_64.16;
T_64.9 ;
    %load/vec4 v0xcb527cc80_0;
    %store/vec4 v0xcb527cf00_0, 0, 32;
    %jmp T_64.16;
T_64.10 ;
    %load/vec4 v0xcb527cfa0_0;
    %pad/u 32;
    %store/vec4 v0xcb527cf00_0, 0, 32;
    %jmp T_64.16;
T_64.11 ;
    %load/vec4 v0xcb5284fa0_0;
    %load/vec4 v0xcb5285040_0;
    %xor;
    %store/vec4 v0xcb527cf00_0, 0, 32;
    %jmp T_64.16;
T_64.12 ;
    %load/vec4 v0xcb5284fa0_0;
    %load/vec4 v0xcb5285040_0;
    %or;
    %store/vec4 v0xcb527cf00_0, 0, 32;
    %jmp T_64.16;
T_64.13 ;
    %load/vec4 v0xcb5284fa0_0;
    %load/vec4 v0xcb5285040_0;
    %and;
    %store/vec4 v0xcb527cf00_0, 0, 32;
    %jmp T_64.16;
T_64.14 ;
    %load/vec4 v0xcb527d180_0;
    %store/vec4 v0xcb527cf00_0, 0, 32;
    %jmp T_64.16;
T_64.15 ;
    %load/vec4 v0xcb527d220_0;
    %store/vec4 v0xcb527cf00_0, 0, 32;
    %jmp T_64.16;
T_64.16 ;
    %pop/vec4 1;
    %jmp T_64;
    .thread T_64, $push;
    .scope S_0xcb4de8d80;
T_65 ;
    %wait E_0xcb524a2c0;
    %load/vec4 v0xcb527d7c0_0;
    %assign/vec4 v0xcb527d860_0, 0;
    %jmp T_65;
    .thread T_65;
    .scope S_0xcb4de8d80;
T_66 ;
    %wait E_0xcb524a380;
    %load/vec4 v0xcb527d860_0;
    %store/vec4 v0xcb527d7c0_0, 0, 1;
    %load/vec4 v0xcb5284aa0_0;
    %nor/r;
    %flag_set/vec4 8;
    %jmp/0xz  T_66.0, 8;
    %pushi/vec4 0, 0, 1;
    %store/vec4 v0xcb527d7c0_0, 0, 1;
T_66.0 ;
    %load/vec4 v0xcb52821c0_0;
    %flag_set/vec4 8;
    %jmp/1 T_66.5, 8;
    %load/vec4 v0xcb5281720_0;
    %cmpi/ne 0, 0, 2;
    %flag_or 8, 4;
T_66.5;
    %jmp/1 T_66.4, 8;
    %load/vec4 v0xcb52852c0_0;
    %nor/r;
    %flag_set/vec4 9;
    %flag_or 8, 9;
T_66.4;
    %jmp/0xz  T_66.2, 8;
    %pushi/vec4 0, 0, 1;
    %store/vec4 v0xcb527d7c0_0, 0, 1;
T_66.2 ;
    %jmp T_66;
    .thread T_66, $push;
    .scope S_0xcb4de8d80;
T_67 ;
    %wait E_0xcb524a340;
    %pushi/vec4 0, 0, 1;
    %store/vec4 v0xcb527dea0_0, 0, 1;
    %pushi/vec4 4294967295, 4294967295, 32;
    %store/vec4 v0xcb527de00_0, 0, 32;
    %load/vec4 v0xcb527db80_0;
    %cmpi/e 64, 0, 8;
    %jmp/0xz  T_67.0, 4;
    %pushi/vec4 1, 0, 1;
    %dup/vec4;
    %load/vec4 v0xcb52821c0_0;
    %cmp/u;
    %jmp/1 T_67.2, 6;
    %dup/vec4;
    %load/vec4 v0xcb5282620_0;
    %flag_set/vec4 8;
    %flag_get/vec4 8;
    %jmp/0 T_67.7, 8;
    %load/vec4 v0xcb52821c0_0;
    %nor/r;
    %and;
T_67.7;
    %cmp/u;
    %jmp/1 T_67.3, 6;
    %dup/vec4;
    %pushi/vec4 0, 0, 1;
    %cmp/u;
    %jmp/1 T_67.4, 6;
    %dup/vec4;
    %pushi/vec4 0, 0, 1;
    %cmp/u;
    %jmp/1 T_67.5, 6;
    %jmp T_67.6;
T_67.2 ;
    %load/vec4 v0xcb5285180_0;
    %load/vec4 v0xcb5282260_0;
    %flag_set/vec4 8;
    %jmp/0 T_67.8, 8;
    %pushi/vec4 2, 0, 32;
    %jmp/1 T_67.9, 8;
T_67.8 ; End of true expr.
    %pushi/vec4 4, 0, 32;
    %jmp/0 T_67.9, 8;
 ; End of false expr.
    %blend;
T_67.9;
    %add;
    %store/vec4 v0xcb527de00_0, 0, 32;
    %pushi/vec4 1, 0, 1;
    %store/vec4 v0xcb527dea0_0, 0, 1;
    %jmp T_67.6;
T_67.3 ;
    %load/vec4 v0xcb5282580_0;
    %flag_set/vec4 8;
    %jmp/0 T_67.10, 8;
    %load/vec4 v0xcb527d0e0_0;
    %jmp/1 T_67.11, 8;
T_67.10 ; End of true expr.
    %load/vec4 v0xcb52850e0_0;
    %jmp/0 T_67.11, 8;
 ; End of false expr.
    %blend;
T_67.11;
    %store/vec4 v0xcb527de00_0, 0, 32;
    %pushi/vec4 1, 0, 1;
    %store/vec4 v0xcb527dea0_0, 0, 1;
    %jmp T_67.6;
T_67.4 ;
    %load/vec4 v0xcb5284f00_0;
    %load/vec4 v0xcb5282260_0;
    %pad/u 32;
    %or;
    %store/vec4 v0xcb527de00_0, 0, 32;
    %pushi/vec4 1, 0, 1;
    %store/vec4 v0xcb527dea0_0, 0, 1;
    %jmp T_67.6;
T_67.5 ;
    %load/vec4 v0xcb5281680_0;
    %load/vec4 v0xcb52815e0_0;
    %inv;
    %and;
    %store/vec4 v0xcb527de00_0, 0, 32;
    %pushi/vec4 1, 0, 1;
    %store/vec4 v0xcb527dea0_0, 0, 1;
    %jmp T_67.6;
T_67.6 ;
    %pop/vec4 1;
T_67.0 ;
    %jmp T_67;
    .thread T_67, $push;
    .scope S_0xcb4de8d80;
T_68 ;
    %wait E_0xcb524a2c0;
    %load/vec4 v0xcb52852c0_0;
    %flag_set/vec4 10;
    %flag_get/vec4 10;
    %jmp/0 T_68.3, 10;
    %load/vec4 v0xcb527dea0_0;
    %and;
T_68.3;
    %flag_set/vec4 9;
    %flag_get/vec4 9;
    %jmp/0 T_68.2, 9;
    %load/vec4 v0xcb52824e0_0;
    %pushi/vec4 0, 0, 5;
    %cmp/ne;
    %flag_get/vec4 4;
    %and;
T_68.2;
    %flag_set/vec4 8;
    %jmp/0xz  T_68.0, 8;
    %load/vec4 v0xcb527de00_0;
    %load/vec4 v0xcb52824e0_0;
    %pad/u 7;
    %ix/vec4 3;
    %ix/load 4, 0, 0; Constant delay
    %assign/vec4/a/d v0xcb527dc20, 0, 4;
T_68.0 ;
    %jmp T_68;
    .thread T_68;
    .scope S_0xcb4de8d80;
T_69 ;
    %wait E_0xcb524a300;
    %pushi/vec4 31, 31, 5;
    %store/vec4 v0xcb527eee0_0, 0, 5;
    %load/vec4 v0xcb527ef80_0;
    %cmpi/ne 0, 0, 5;
    %flag_mov 8, 4;
    %jmp/0 T_69.0, 8;
    %load/vec4 v0xcb527ef80_0;
    %pad/u 7;
    %ix/vec4 4;
    %load/vec4a v0xcb527dc20, 4;
    %jmp/1 T_69.1, 8;
T_69.0 ; End of true expr.
    %pushi/vec4 0, 0, 32;
    %jmp/0 T_69.1, 8;
 ; End of false expr.
    %blend;
T_69.1;
    %store/vec4 v0xcb527dcc0_0, 0, 32;
    %load/vec4 v0xcb527f020_0;
    %cmpi/ne 0, 0, 5;
    %flag_mov 8, 4;
    %jmp/0 T_69.2, 8;
    %load/vec4 v0xcb527f020_0;
    %pad/u 7;
    %ix/vec4 4;
    %load/vec4a v0xcb527dc20, 4;
    %jmp/1 T_69.3, 8;
T_69.2 ; End of true expr.
    %pushi/vec4 0, 0, 32;
    %jmp/0 T_69.3, 8;
 ; End of false expr.
    %blend;
T_69.3;
    %store/vec4 v0xcb527dd60_0, 0, 32;
    %jmp T_69;
    .thread T_69, $push;
    .scope S_0xcb4de8d80;
T_70 ;
    %wait E_0xcb524a2c0;
    %pushi/vec4 0, 0, 1;
    %assign/vec4 v0xcb5285720_0, 0;
    %pushi/vec4 31, 31, 5;
    %assign/vec4 v0xcb5285220_0, 0;
    %pushi/vec4 4294967295, 4294967295, 32;
    %assign/vec4 v0xcb52850e0_0, 0;
    %pushi/vec4 0, 0, 1;
    %store/vec4 v0xcb5285400_0, 0, 1;
    %pushi/vec4 0, 0, 1;
    %store/vec4 v0xcb5285360_0, 0, 1;
    %pushi/vec4 0, 0, 1;
    %store/vec4 v0xcb52854a0_0, 0, 1;
    %load/vec4 v0xcb527cfa0_0;
    %assign/vec4 v0xcb527d040_0, 0;
    %load/vec4 v0xcb527cf00_0;
    %assign/vec4 v0xcb527d0e0_0, 0;
    %pushi/vec4 0, 0, 1;
    %assign/vec4 v0xcb527d2c0_0, 0;
    %pushi/vec4 0, 0, 1;
    %assign/vec4 v0xcb527d360_0, 0;
    %load/vec4 v0xcb5282760_0;
    %flag_set/vec4 8;
    %jmp/0xz  T_70.0, 8;
    %pushi/vec4 4294967295, 4294967295, 32;
    %assign/vec4 v0xcb527e9e0_0, 0;
    %pushi/vec4 4294967295, 4294967295, 32;
    %assign/vec4 v0xcb527eb20_0, 0;
    %pushi/vec4 0, 0, 1;
    %assign/vec4 v0xcb527ea80_0, 0;
    %pushi/vec4 0, 0, 1;
    %assign/vec4 v0xcb527ebc0_0, 0;
T_70.0 ;
    %pushi/vec4 4294967295, 4294967295, 32;
    %concati/vec4 4294967295, 4294967295, 32;
    %assign/vec4 v0xcb527da40_0, 0;
    %pushi/vec4 4294967295, 4294967295, 32;
    %concati/vec4 4294967295, 4294967295, 32;
    %assign/vec4 v0xcb527dae0_0, 0;
    %pushi/vec4 4294967295, 4294967295, 32;
    %store/vec4 v0xcb5283c00_0, 0, 32;
    %load/vec4 v0xcb5282a80_0;
    %flag_set/vec4 8;
    %flag_get/vec4 8;
    %jmp/0 T_70.2, 8;
    %load/vec4 v0xcb5282bc0_0;
    %and;
T_70.2;
    %assign/vec4 v0xcb527f200_0, 0;
    %load/vec4 v0xcb527f200_0;
    %assign/vec4 v0xcb527f2a0_0, 0;
    %pushi/vec4 0, 0, 1;
    %assign/vec4 v0xcb527f0c0_0, 0;
    %load/vec4 v0xcb527f0c0_0;
    %assign/vec4 v0xcb527f160_0, 0;
    %pushi/vec4 0, 0, 1;
    %assign/vec4 v0xcb527f340_0, 0;
    %pushi/vec4 0, 0, 1;
    %assign/vec4 v0xcb5285680_0, 0;
    %pushi/vec4 4294967295, 4294967295, 32;
    %concati/vec4 15, 15, 4;
    %assign/vec4 v0xcb52855e0_0, 0;
    %load/vec4 v0xcb52852c0_0;
    %nor/r;
    %flag_set/vec4 8;
    %jmp/0xz  T_70.3, 8;
    %pushi/vec4 0, 0, 32;
    %assign/vec4 v0xcb5285180_0, 0;
    %pushi/vec4 0, 0, 32;
    %assign/vec4 v0xcb5284f00_0, 0;
    %pushi/vec4 0, 0, 1;
    %assign/vec4 v0xcb5282620_0, 0;
    %pushi/vec4 0, 0, 1;
    %assign/vec4 v0xcb5282580_0, 0;
    %pushi/vec4 0, 0, 1;
    %assign/vec4 v0xcb52821c0_0, 0;
    %pushi/vec4 0, 0, 1;
    %assign/vec4 v0xcb52826c0_0, 0;
    %pushi/vec4 0, 0, 1;
    %assign/vec4 v0xcb5282440_0, 0;
    %pushi/vec4 0, 0, 1;
    %assign/vec4 v0xcb52823a0_0, 0;
    %pushi/vec4 0, 0, 1;
    %assign/vec4 v0xcb5282300_0, 0;
    %pushi/vec4 0, 0, 1;
    %assign/vec4 v0xcb52848c0_0, 0;
    %pushi/vec4 0, 0, 1;
    %assign/vec4 v0xcb5284820_0, 0;
    %pushi/vec4 0, 0, 1;
    %assign/vec4 v0xcb52814a0_0, 0;
    %pushi/vec4 0, 0, 1;
    %assign/vec4 v0xcb5281540_0, 0;
    %pushi/vec4 4294967295, 0, 32;
    %assign/vec4 v0xcb52815e0_0, 0;
    %pushi/vec4 0, 0, 32;
    %store/vec4 v0xcb5283c00_0, 0, 32;
    %pushi/vec4 0, 0, 2;
    %assign/vec4 v0xcb5281720_0, 0;
    %pushi/vec4 0, 0, 32;
    %assign/vec4 v0xcb527f3e0_0, 0;
    %pushi/vec4 0, 0, 32;
    %assign/vec4 v0xcb5285540_0, 0;
    %pushi/vec4 1, 0, 1;
    %assign/vec4 v0xcb5282620_0, 0;
    %pushi/vec4 2, 0, 5;
    %assign/vec4 v0xcb52824e0_0, 0;
    %pushi/vec4 8176, 0, 32;
    %assign/vec4 v0xcb52850e0_0, 0;
    %pushi/vec4 64, 0, 8;
    %assign/vec4 v0xcb527db80_0, 0;
    %jmp T_70.4;
T_70.3 ;
    %load/vec4 v0xcb527db80_0;
    %dup/vec4;
    %pushi/vec4 128, 0, 8;
    %cmp/u;
    %jmp/1 T_70.5, 6;
    %dup/vec4;
    %pushi/vec4 64, 0, 8;
    %cmp/u;
    %jmp/1 T_70.6, 6;
    %dup/vec4;
    %pushi/vec4 32, 0, 8;
    %cmp/u;
    %jmp/1 T_70.7, 6;
    %dup/vec4;
    %pushi/vec4 16, 0, 8;
    %cmp/u;
    %jmp/1 T_70.8, 6;
    %dup/vec4;
    %pushi/vec4 8, 0, 8;
    %cmp/u;
    %jmp/1 T_70.9, 6;
    %dup/vec4;
    %pushi/vec4 4, 0, 8;
    %cmp/u;
    %jmp/1 T_70.10, 6;
    %dup/vec4;
    %pushi/vec4 2, 0, 8;
    %cmp/u;
    %jmp/1 T_70.11, 6;
    %dup/vec4;
    %pushi/vec4 1, 0, 8;
    %cmp/u;
    %jmp/1 T_70.12, 6;
    %jmp T_70.13;
T_70.5 ;
    %pushi/vec4 1, 0, 1;
    %assign/vec4 v0xcb5285720_0, 0;
    %jmp T_70.13;
T_70.6 ;
    %load/vec4 v0xcb527f200_0;
    %nor/r;
    %flag_set/vec4 8;
    %flag_get/vec4 8;
    %jmp/0 T_70.14, 8;
    %load/vec4 v0xcb527f340_0;
    %nor/r;
    %and;
T_70.14;
    %assign/vec4 v0xcb5282a80_0, 0;
    %pushi/vec4 0, 0, 2;
    %assign/vec4 v0xcb52838e0_0, 0;
    %load/vec4 v0xcb5284f00_0;
    %store/vec4 v0xcb527df40_0, 0, 32;
    %pushi/vec4 1, 0, 1;
    %dup/vec4;
    %load/vec4 v0xcb52821c0_0;
    %cmp/u;
    %jmp/1 T_70.15, 6;
    %dup/vec4;
    %load/vec4 v0xcb5282620_0;
    %flag_set/vec4 8;
    %flag_get/vec4 8;
    %jmp/0 T_70.20, 8;
    %load/vec4 v0xcb52821c0_0;
    %nor/r;
    %and;
T_70.20;
    %cmp/u;
    %jmp/1 T_70.16, 6;
    %dup/vec4;
    %pushi/vec4 0, 0, 1;
    %cmp/u;
    %jmp/1 T_70.17, 6;
    %dup/vec4;
    %pushi/vec4 0, 0, 1;
    %cmp/u;
    %jmp/1 T_70.18, 6;
    %jmp T_70.19;
T_70.15 ;
    %load/vec4 v0xcb5282620_0;
    %flag_set/vec4 8;
    %jmp/0 T_70.21, 8;
    %load/vec4 v0xcb5282580_0;
    %flag_set/vec4 9;
    %jmp/0 T_70.23, 9;
    %load/vec4 v0xcb527d0e0_0;
    %jmp/1 T_70.24, 9;
T_70.23 ; End of true expr.
    %load/vec4 v0xcb52850e0_0;
    %jmp/0 T_70.24, 9;
 ; End of false expr.
    %blend;
T_70.24;
    %pushi/vec4 4294967294, 0, 32;
    %and;
    %jmp/1 T_70.22, 8;
T_70.21 ; End of true expr.
    %load/vec4 v0xcb5284f00_0;
    %jmp/0 T_70.22, 8;
 ; End of false expr.
    %blend;
T_70.22;
    %store/vec4 v0xcb527df40_0, 0, 32;
    %jmp T_70.19;
T_70.16 ;
    %jmp T_70.19;
T_70.17 ;
    %pushi/vec4 16, 0, 32;
    %store/vec4 v0xcb527df40_0, 0, 32;
    %pushi/vec4 1, 0, 1;
    %assign/vec4 v0xcb52814a0_0, 0;
    %pushi/vec4 1, 0, 1;
    %assign/vec4 v0xcb5282a80_0, 0;
    %jmp T_70.19;
T_70.18 ;
    %load/vec4 v0xcb5281680_0;
    %load/vec4 v0xcb52815e0_0;
    %inv;
    %and;
    %assign/vec4 v0xcb527f3e0_0, 0;
    %load/vec4 v0xcb5283c00_0;
    %load/vec4 v0xcb52815e0_0;
    %and;
    %store/vec4 v0xcb5283c00_0, 0, 32;
    %jmp T_70.19;
T_70.19 ;
    %pop/vec4 1;
    %load/vec4 v0xcb527df40_0;
    %assign/vec4 v0xcb5285180_0, 0;
    %load/vec4 v0xcb527df40_0;
    %assign/vec4 v0xcb5284f00_0, 0;
    %pushi/vec4 0, 0, 1;
    %assign/vec4 v0xcb5282620_0, 0;
    %pushi/vec4 0, 0, 1;
    %assign/vec4 v0xcb5282580_0, 0;
    %pushi/vec4 0, 0, 1;
    %assign/vec4 v0xcb52821c0_0, 0;
    %pushi/vec4 0, 0, 1;
    %assign/vec4 v0xcb5282440_0, 0;
    %pushi/vec4 0, 0, 1;
    %assign/vec4 v0xcb52823a0_0, 0;
    %pushi/vec4 0, 0, 1;
    %assign/vec4 v0xcb5282300_0, 0;
    %load/vec4 v0xcb527ee40_0;
    %assign/vec4 v0xcb52824e0_0, 0;
    %load/vec4 v0xcb527d9a0_0;
    %assign/vec4 v0xcb5282260_0, 0;
    %load/vec4 v0xcb527f200_0;
    %flag_set/vec4 8;
    %jmp/0xz  T_70.25, 8;
    %load/vec4 v0xcb52814a0_0;
    %assign/vec4 v0xcb5281540_0, 0;
    %load/vec4 v0xcb527df40_0;
    %load/vec4 v0xcb527d9a0_0;
    %flag_set/vec4 8;
    %jmp/0 T_70.27, 8;
    %pushi/vec4 2, 0, 32;
    %jmp/1 T_70.28, 8;
T_70.27 ; End of true expr.
    %pushi/vec4 4, 0, 32;
    %jmp/0 T_70.28, 8;
 ; End of false expr.
    %blend;
T_70.28;
    %add;
    %assign/vec4 v0xcb5284f00_0, 0;
    %load/vec4 v0xcb527fd40_0;
    %flag_set/vec4 8;
    %jmp/0xz  T_70.29, 8;
    %pushi/vec4 1, 0, 1;
    %assign/vec4 v0xcb5282a80_0, 0;
    %load/vec4 v0xcb527df40_0;
    %load/vec4 v0xcb527eda0_0;
    %add;
    %assign/vec4 v0xcb5284f00_0, 0;
    %pushi/vec4 1, 0, 1;
    %assign/vec4 v0xcb52821c0_0, 0;
    %jmp T_70.30;
T_70.29 ;
    %pushi/vec4 0, 0, 1;
    %assign/vec4 v0xcb5282a80_0, 0;
    %load/vec4 v0xcb527fde0_0;
    %nor/r;
    %flag_set/vec4 8;
    %flag_get/vec4 8;
    %jmp/0 T_70.31, 8;
    %load/vec4 v0xcb52806e0_0;
    %nor/r;
    %and;
T_70.31;
    %assign/vec4 v0xcb5282940_0, 0;
    %pushi/vec4 32, 0, 8;
    %assign/vec4 v0xcb527db80_0, 0;
T_70.30 ;
T_70.25 ;
    %jmp T_70.13;
T_70.7 ;
    %pushi/vec4 4294967295, 4294967295, 32;
    %assign/vec4 v0xcb5284fa0_0, 0;
    %pushi/vec4 4294967295, 4294967295, 32;
    %assign/vec4 v0xcb5285040_0, 0;
    %pushi/vec4 1, 0, 1;
    %dup/vec4;
    %pushi/vec4 1, 0, 1;
    %flag_set/vec4 8;
    %flag_get/vec4 8;
    %jmp/0 T_70.46, 8;
    %load/vec4 v0xcb5281180_0;
    %and;
T_70.46;
    %cmp/u;
    %jmp/1 T_70.32, 6;
    %dup/vec4;
    %pushi/vec4 0, 0, 1;
    %cmp/u;
    %jmp/1 T_70.33, 6;
    %dup/vec4;
    %load/vec4 v0xcb5281c20_0;
    %cmp/u;
    %jmp/1 T_70.34, 6;
    %dup/vec4;
    %pushi/vec4 0, 0, 1;
    %cmp/u;
    %jmp/1 T_70.35, 6;
    %dup/vec4;
    %pushi/vec4 0, 0, 1;
    %cmp/u;
    %jmp/1 T_70.36, 6;
    %dup/vec4;
    %pushi/vec4 0, 0, 1;
    %cmp/u;
    %jmp/1 T_70.37, 6;
    %dup/vec4;
    %pushi/vec4 0, 0, 1;
    %cmp/u;
    %jmp/1 T_70.38, 6;
    %dup/vec4;
    %pushi/vec4 0, 0, 1;
    %cmp/u;
    %jmp/1 T_70.39, 6;
    %dup/vec4;
    %load/vec4 v0xcb5281ae0_0;
    %flag_set/vec4 8;
    %flag_get/vec4 8;
    %jmp/0 T_70.47, 8;
    %load/vec4 v0xcb5281180_0;
    %nor/r;
    %and;
T_70.47;
    %cmp/u;
    %jmp/1 T_70.40, 6;
    %dup/vec4;
    %load/vec4 v0xcb5281f40_0;
    %flag_set/vec4 8;
    %flag_get/vec4 8;
    %jmp/0 T_70.48, 8;
    %pushi/vec4 1, 0, 1;
    %and;
T_70.48;
    %cmp/u;
    %jmp/1 T_70.41, 6;
    %dup/vec4;
    %load/vec4 v0xcb5281a40_0;
    %cmp/u;
    %jmp/1 T_70.42, 6;
    %dup/vec4;
    %load/vec4 v0xcb5281f40_0;
    %flag_set/vec4 8;
    %flag_get/vec4 8;
    %jmp/0 T_70.49, 8;
    %pushi/vec4 0, 0, 1;
    %and;
T_70.49;
    %cmp/u;
    %jmp/1 T_70.43, 6;
    %load/vec4 v0xcb527dcc0_0;
    %assign/vec4 v0xcb5284fa0_0, 0;
    %load/vec4 v0xcb527dcc0_0;
    %assign/vec4 v0xcb527e9e0_0, 0;
    %pushi/vec4 1, 0, 1;
    %assign/vec4 v0xcb527ea80_0, 0;
    %load/vec4 v0xcb527dd60_0;
    %pad/u 5;
    %assign/vec4 v0xcb5285220_0, 0;
    %load/vec4 v0xcb527dd60_0;
    %assign/vec4 v0xcb5285040_0, 0;
    %load/vec4 v0xcb527dd60_0;
    %assign/vec4 v0xcb527eb20_0, 0;
    %pushi/vec4 1, 0, 1;
    %assign/vec4 v0xcb527ebc0_0, 0;
    %pushi/vec4 1, 0, 1;
    %dup/vec4;
    %load/vec4 v0xcb5281e00_0;
    %cmp/u;
    %jmp/1 T_70.50, 6;
    %dup/vec4;
    %load/vec4 v0xcb5281ea0_0;
    %flag_set/vec4 8;
    %flag_get/vec4 8;
    %jmp/0 T_70.54, 8;
    %pushi/vec4 1, 0, 1;
    %and;
T_70.54;
    %cmp/u;
    %jmp/1 T_70.51, 6;
    %load/vec4 v0xcb5282940_0;
    %assign/vec4 v0xcb5282a80_0, 0;
    %pushi/vec4 8, 0, 8;
    %assign/vec4 v0xcb527db80_0, 0;
    %jmp T_70.53;
T_70.50 ;
    %pushi/vec4 2, 0, 8;
    %assign/vec4 v0xcb527db80_0, 0;
    %pushi/vec4 1, 0, 1;
    %assign/vec4 v0xcb5282a80_0, 0;
    %jmp T_70.53;
T_70.51 ;
    %pushi/vec4 4, 0, 8;
    %assign/vec4 v0xcb527db80_0, 0;
    %jmp T_70.53;
T_70.53 ;
    %pop/vec4 1;
    %jmp T_70.45;
T_70.32 ;
    %pushi/vec4 128, 0, 8;
    %assign/vec4 v0xcb527db80_0, 0;
    %jmp T_70.45;
T_70.33 ;
    %pushi/vec4 1, 0, 1;
    %dup/vec4;
    %load/vec4 v0xcb5280460_0;
    %cmp/u;
    %jmp/1 T_70.55, 6;
    %dup/vec4;
    %load/vec4 v0xcb5280500_0;
    %flag_set/vec4 8;
    %flag_get/vec4 8;
    %jmp/0 T_70.60, 8;
    %pushi/vec4 0, 0, 1;
    %and;
T_70.60;
    %cmp/u;
    %jmp/1 T_70.56, 6;
    %dup/vec4;
    %load/vec4 v0xcb52805a0_0;
    %cmp/u;
    %jmp/1 T_70.57, 6;
    %dup/vec4;
    %load/vec4 v0xcb5280640_0;
    %flag_set/vec4 8;
    %flag_get/vec4 8;
    %jmp/0 T_70.61, 8;
    %pushi/vec4 0, 0, 1;
    %and;
T_70.61;
    %cmp/u;
    %jmp/1 T_70.58, 6;
    %jmp T_70.59;
T_70.55 ;
    %load/vec4 v0xcb527da40_0;
    %parti/s 32, 0, 2;
    %assign/vec4 v0xcb52850e0_0, 0;
    %jmp T_70.59;
T_70.56 ;
    %load/vec4 v0xcb527da40_0;
    %parti/s 32, 32, 7;
    %assign/vec4 v0xcb52850e0_0, 0;
    %jmp T_70.59;
T_70.57 ;
    %load/vec4 v0xcb527dae0_0;
    %parti/s 32, 0, 2;
    %assign/vec4 v0xcb52850e0_0, 0;
    %jmp T_70.59;
T_70.58 ;
    %load/vec4 v0xcb527dae0_0;
    %parti/s 32, 32, 7;
    %assign/vec4 v0xcb52850e0_0, 0;
    %jmp T_70.59;
T_70.59 ;
    %pop/vec4 1;
    %pushi/vec4 1, 0, 1;
    %assign/vec4 v0xcb5282620_0, 0;
    %pushi/vec4 64, 0, 8;
    %assign/vec4 v0xcb527db80_0, 0;
    %jmp T_70.45;
T_70.34 ;
    %load/vec4 v0xcb5280140_0;
    %flag_set/vec4 8;
    %jmp/0 T_70.62, 8;
    %pushi/vec4 0, 0, 32;
    %jmp/1 T_70.63, 8;
T_70.62 ; End of true expr.
    %load/vec4 v0xcb5285180_0;
    %jmp/0 T_70.63, 8;
 ; End of false expr.
    %blend;
T_70.63;
    %assign/vec4 v0xcb5284fa0_0, 0;
    %load/vec4 v0xcb527ed00_0;
    %assign/vec4 v0xcb5285040_0, 0;
    %load/vec4 v0xcb5282940_0;
    %assign/vec4 v0xcb5282a80_0, 0;
    %pushi/vec4 8, 0, 8;
    %assign/vec4 v0xcb527db80_0, 0;
    %jmp T_70.45;
T_70.35 ;
    %load/vec4 v0xcb527dcc0_0;
    %assign/vec4 v0xcb52850e0_0, 0;
    %load/vec4 v0xcb527dcc0_0;
    %assign/vec4 v0xcb527e9e0_0, 0;
    %pushi/vec4 1, 0, 1;
    %assign/vec4 v0xcb527ea80_0, 0;
    %pushi/vec4 1, 0, 1;
    %assign/vec4 v0xcb5282620_0, 0;
    %pushi/vec4 64, 0, 8;
    %assign/vec4 v0xcb527db80_0, 0;
    %jmp T_70.45;
T_70.36 ;
    %load/vec4 v0xcb527dcc0_0;
    %assign/vec4 v0xcb52850e0_0, 0;
    %load/vec4 v0xcb527dcc0_0;
    %assign/vec4 v0xcb527e9e0_0, 0;
    %pushi/vec4 1, 0, 1;
    %assign/vec4 v0xcb527ea80_0, 0;
    %load/vec4 v0xcb52824e0_0;
    %pad/u 32;
    %pushi/vec4 32, 0, 32;
    %or;
    %pad/u 5;
    %assign/vec4 v0xcb52824e0_0, 0;
    %pushi/vec4 1, 0, 1;
    %assign/vec4 v0xcb5282620_0, 0;
    %pushi/vec4 64, 0, 8;
    %assign/vec4 v0xcb527db80_0, 0;
    %jmp T_70.45;
T_70.37 ;
    %pushi/vec4 0, 0, 32;
    %assign/vec4 v0xcb527f3e0_0, 0;
    %pushi/vec4 0, 0, 1;
    %assign/vec4 v0xcb52814a0_0, 0;
    %pushi/vec4 1, 0, 1;
    %assign/vec4 v0xcb52821c0_0, 0;
    %pushi/vec4 1, 0, 1;
    %assign/vec4 v0xcb5282620_0, 0;
    %load/vec4 v0xcb527dcc0_0;
    %pushi/vec4 4294967294, 0, 32;
    %and;
    %assign/vec4 v0xcb52850e0_0, 0;
    %load/vec4 v0xcb527dcc0_0;
    %assign/vec4 v0xcb527e9e0_0, 0;
    %pushi/vec4 1, 0, 1;
    %assign/vec4 v0xcb527ea80_0, 0;
    %pushi/vec4 64, 0, 8;
    %assign/vec4 v0xcb527db80_0, 0;
    %jmp T_70.45;
T_70.38 ;
    %pushi/vec4 1, 0, 1;
    %assign/vec4 v0xcb5282620_0, 0;
    %load/vec4 v0xcb52815e0_0;
    %assign/vec4 v0xcb52850e0_0, 0;
    %load/vec4 v0xcb527dcc0_0;
    %pushi/vec4 0, 0, 32;
    %or;
    %assign/vec4 v0xcb52815e0_0, 0;
    %load/vec4 v0xcb527dcc0_0;
    %assign/vec4 v0xcb527e9e0_0, 0;
    %pushi/vec4 1, 0, 1;
    %assign/vec4 v0xcb527ea80_0, 0;
    %pushi/vec4 64, 0, 8;
    %assign/vec4 v0xcb527db80_0, 0;
    %jmp T_70.45;
T_70.39 ;
    %pushi/vec4 1, 0, 1;
    %assign/vec4 v0xcb5282620_0, 0;
    %load/vec4 v0xcb5285540_0;
    %assign/vec4 v0xcb52850e0_0, 0;
    %load/vec4 v0xcb527dcc0_0;
    %assign/vec4 v0xcb5285540_0, 0;
    %load/vec4 v0xcb527dcc0_0;
    %assign/vec4 v0xcb527e9e0_0, 0;
    %pushi/vec4 1, 0, 1;
    %assign/vec4 v0xcb527ea80_0, 0;
    %pushi/vec4 64, 0, 8;
    %assign/vec4 v0xcb527db80_0, 0;
    %jmp T_70.45;
T_70.40 ;
    %load/vec4 v0xcb527dcc0_0;
    %assign/vec4 v0xcb5284fa0_0, 0;
    %load/vec4 v0xcb527dcc0_0;
    %assign/vec4 v0xcb527e9e0_0, 0;
    %pushi/vec4 1, 0, 1;
    %assign/vec4 v0xcb527ea80_0, 0;
    %pushi/vec4 1, 0, 8;
    %assign/vec4 v0xcb527db80_0, 0;
    %pushi/vec4 1, 0, 1;
    %assign/vec4 v0xcb5282a80_0, 0;
    %jmp T_70.45;
T_70.41 ;
    %load/vec4 v0xcb527dcc0_0;
    %assign/vec4 v0xcb5284fa0_0, 0;
    %load/vec4 v0xcb527dcc0_0;
    %assign/vec4 v0xcb527e9e0_0, 0;
    %pushi/vec4 1, 0, 1;
    %assign/vec4 v0xcb527ea80_0, 0;
    %load/vec4 v0xcb527f020_0;
    %assign/vec4 v0xcb5285220_0, 0;
    %pushi/vec4 4, 0, 8;
    %assign/vec4 v0xcb527db80_0, 0;
    %jmp T_70.45;
T_70.42 ;
    %load/vec4 v0xcb527dcc0_0;
    %assign/vec4 v0xcb5284fa0_0, 0;
    %load/vec4 v0xcb527dcc0_0;
    %assign/vec4 v0xcb527e9e0_0, 0;
    %pushi/vec4 1, 0, 1;
    %assign/vec4 v0xcb527ea80_0, 0;
    %load/vec4 v0xcb5281f40_0;
    %flag_set/vec4 9;
    %flag_get/vec4 9;
    %jmp/0 T_70.66, 9;
    %pushi/vec4 0, 0, 1;
    %and;
T_70.66;
    %flag_set/vec4 8;
    %jmp/0 T_70.64, 8;
    %load/vec4 v0xcb527f020_0;
    %pad/u 32;
    %jmp/1 T_70.65, 8;
T_70.64 ; End of true expr.
    %load/vec4 v0xcb527ed00_0;
    %jmp/0 T_70.65, 8;
 ; End of false expr.
    %blend;
T_70.65;
    %assign/vec4 v0xcb5285040_0, 0;
    %load/vec4 v0xcb5282940_0;
    %assign/vec4 v0xcb5282a80_0, 0;
    %pushi/vec4 8, 0, 8;
    %assign/vec4 v0xcb527db80_0, 0;
    %jmp T_70.45;
T_70.43 ;
    %load/vec4 v0xcb527dcc0_0;
    %assign/vec4 v0xcb5284fa0_0, 0;
    %load/vec4 v0xcb527dcc0_0;
    %assign/vec4 v0xcb527e9e0_0, 0;
    %pushi/vec4 1, 0, 1;
    %assign/vec4 v0xcb527ea80_0, 0;
    %load/vec4 v0xcb5281f40_0;
    %flag_set/vec4 9;
    %flag_get/vec4 9;
    %jmp/0 T_70.69, 9;
    %pushi/vec4 0, 0, 1;
    %and;
T_70.69;
    %flag_set/vec4 8;
    %jmp/0 T_70.67, 8;
    %load/vec4 v0xcb527f020_0;
    %pad/u 32;
    %jmp/1 T_70.68, 8;
T_70.67 ; End of true expr.
    %load/vec4 v0xcb527ed00_0;
    %jmp/0 T_70.68, 8;
 ; End of false expr.
    %blend;
T_70.68;
    %assign/vec4 v0xcb5285040_0, 0;
    %load/vec4 v0xcb5282940_0;
    %assign/vec4 v0xcb5282a80_0, 0;
    %pushi/vec4 8, 0, 8;
    %assign/vec4 v0xcb527db80_0, 0;
    %jmp T_70.45;
T_70.45 ;
    %pop/vec4 1;
    %jmp T_70.13;
T_70.8 ;
    %load/vec4 v0xcb527dd60_0;
    %pad/u 5;
    %assign/vec4 v0xcb5285220_0, 0;
    %load/vec4 v0xcb527dd60_0;
    %assign/vec4 v0xcb5285040_0, 0;
    %load/vec4 v0xcb527dd60_0;
    %assign/vec4 v0xcb527eb20_0, 0;
    %pushi/vec4 1, 0, 1;
    %assign/vec4 v0xcb527ebc0_0, 0;
    %pushi/vec4 1, 0, 1;
    %dup/vec4;
    %pushi/vec4 0, 0, 1;
    %cmp/u;
    %jmp/1 T_70.70, 6;
    %dup/vec4;
    %load/vec4 v0xcb5281e00_0;
    %cmp/u;
    %jmp/1 T_70.71, 6;
    %dup/vec4;
    %load/vec4 v0xcb5281ea0_0;
    %flag_set/vec4 8;
    %flag_get/vec4 8;
    %jmp/0 T_70.75, 8;
    %pushi/vec4 1, 0, 1;
    %and;
T_70.75;
    %cmp/u;
    %jmp/1 T_70.72, 6;
    %load/vec4 v0xcb5282940_0;
    %assign/vec4 v0xcb5282a80_0, 0;
    %pushi/vec4 8, 0, 8;
    %assign/vec4 v0xcb527db80_0, 0;
    %jmp T_70.74;
T_70.70 ;
    %pushi/vec4 1, 0, 1;
    %assign/vec4 v0xcb52848c0_0, 0;
    %load/vec4 v0xcb5284140_0;
    %flag_set/vec4 8;
    %jmp/0xz  T_70.76, 8;
    %pushi/vec4 1, 0, 1;
    %assign/vec4 v0xcb5282a80_0, 0;
    %pushi/vec4 0, 0, 1;
    %assign/vec4 v0xcb52848c0_0, 0;
    %load/vec4 v0xcb52840a0_0;
    %assign/vec4 v0xcb52850e0_0, 0;
    %load/vec4 v0xcb5284280_0;
    %assign/vec4 v0xcb5282620_0, 0;
    %pushi/vec4 64, 0, 8;
    %assign/vec4 v0xcb527db80_0, 0;
    %jmp T_70.77;
T_70.76 ;
    %pushi/vec4 1, 0, 1;
    %flag_set/vec4 9;
    %flag_get/vec4 9;
    %jmp/0 T_70.80, 9;
    %load/vec4 v0xcb5284820_0;
    %flag_set/vec4 9;
    %flag_get/vec4 9;
    %jmp/1 T_70.81, 9;
    %load/vec4 v0xcb527fb60_0;
    %or;
T_70.81;
    %and;
T_70.80;
    %flag_set/vec4 8;
    %jmp/0xz  T_70.78, 8;
    %pushi/vec4 0, 0, 1;
    %assign/vec4 v0xcb52848c0_0, 0;
    %pushi/vec4 128, 0, 8;
    %assign/vec4 v0xcb527db80_0, 0;
T_70.78 ;
T_70.77 ;
    %jmp T_70.74;
T_70.71 ;
    %pushi/vec4 2, 0, 8;
    %assign/vec4 v0xcb527db80_0, 0;
    %pushi/vec4 1, 0, 1;
    %assign/vec4 v0xcb5282a80_0, 0;
    %jmp T_70.74;
T_70.72 ;
    %pushi/vec4 4, 0, 8;
    %assign/vec4 v0xcb527db80_0, 0;
    %jmp T_70.74;
T_70.74 ;
    %pop/vec4 1;
    %jmp T_70.13;
T_70.9 ;
    %load/vec4 v0xcb5285180_0;
    %load/vec4 v0xcb527ed00_0;
    %add;
    %assign/vec4 v0xcb52850e0_0, 0;
    %load/vec4 v0xcb5281900_0;
    %flag_set/vec4 8;
    %jmp/0xz  T_70.82, 8;
    %pushi/vec4 0, 0, 5;
    %assign/vec4 v0xcb52824e0_0, 0;
    %load/vec4 v0xcb527cfa0_0;
    %assign/vec4 v0xcb5282620_0, 0;
    %load/vec4 v0xcb527cfa0_0;
    %assign/vec4 v0xcb52821c0_0, 0;
    %load/vec4 v0xcb5282bc0_0;
    %flag_set/vec4 8;
    %jmp/0xz  T_70.84, 8;
    %pushi/vec4 64, 0, 8;
    %assign/vec4 v0xcb527db80_0, 0;
T_70.84 ;
    %load/vec4 v0xcb527cfa0_0;
    %flag_set/vec4 8;
    %jmp/0xz  T_70.86, 8;
    %pushi/vec4 0, 0, 1;
    %assign/vec4 v0xcb527f200_0, 0;
    %pushi/vec4 1, 0, 1;
    %store/vec4 v0xcb5285400_0, 0, 1;
T_70.86 ;
    %jmp T_70.83;
T_70.82 ;
    %load/vec4 v0xcb527fde0_0;
    %assign/vec4 v0xcb52821c0_0, 0;
    %pushi/vec4 1, 0, 1;
    %assign/vec4 v0xcb5282620_0, 0;
    %pushi/vec4 1, 0, 1;
    %assign/vec4 v0xcb5282580_0, 0;
    %pushi/vec4 64, 0, 8;
    %assign/vec4 v0xcb527db80_0, 0;
T_70.83 ;
    %jmp T_70.13;
T_70.10 ;
    %pushi/vec4 1, 0, 1;
    %assign/vec4 v0xcb5282620_0, 0;
    %load/vec4 v0xcb5285220_0;
    %pad/u 32;
    %cmpi/e 0, 0, 32;
    %jmp/0xz  T_70.88, 4;
    %load/vec4 v0xcb5284fa0_0;
    %assign/vec4 v0xcb52850e0_0, 0;
    %load/vec4 v0xcb5282940_0;
    %assign/vec4 v0xcb5282a80_0, 0;
    %pushi/vec4 64, 0, 8;
    %assign/vec4 v0xcb527db80_0, 0;
    %jmp T_70.89;
T_70.88 ;
    %pushi/vec4 1, 0, 1;
    %flag_set/vec4 9;
    %flag_get/vec4 9;
    %jmp/0 T_70.92, 9;
    %pushi/vec4 4, 0, 32;
    %load/vec4 v0xcb5285220_0;
    %pad/u 32;
    %cmp/u;
    %flag_get/vec4 4;
    %flag_get/vec4 5;
    %or;
    %and;
T_70.92;
    %flag_set/vec4 8;
    %jmp/0xz  T_70.90, 8;
    %pushi/vec4 1, 0, 1;
    %dup/vec4;
    %load/vec4 v0xcb5280a00_0;
    %flag_set/vec4 8;
    %flag_get/vec4 8;
    %jmp/1 T_70.97, 8;
    %load/vec4 v0xcb5280960_0;
    %or;
T_70.97;
    %cmp/u;
    %jmp/1 T_70.93, 6;
    %dup/vec4;
    %load/vec4 v0xcb5280f00_0;
    %flag_set/vec4 8;
    %flag_get/vec4 8;
    %jmp/1 T_70.98, 8;
    %load/vec4 v0xcb5280e60_0;
    %or;
T_70.98;
    %cmp/u;
    %jmp/1 T_70.94, 6;
    %dup/vec4;
    %load/vec4 v0xcb5280dc0_0;
    %flag_set/vec4 8;
    %flag_get/vec4 8;
    %jmp/1 T_70.99, 8;
    %load/vec4 v0xcb5280d20_0;
    %or;
T_70.99;
    %cmp/u;
    %jmp/1 T_70.95, 6;
    %jmp T_70.96;
T_70.93 ;
    %load/vec4 v0xcb5284fa0_0;
    %ix/load 4, 4, 0;
    %flag_set/imm 4, 0;
    %shiftl 4;
    %assign/vec4 v0xcb5284fa0_0, 0;
    %jmp T_70.96;
T_70.94 ;
    %load/vec4 v0xcb5284fa0_0;
    %ix/load 4, 4, 0;
    %flag_set/imm 4, 0;
    %shiftr 4;
    %assign/vec4 v0xcb5284fa0_0, 0;
    %jmp T_70.96;
T_70.95 ;
    %load/vec4 v0xcb5284fa0_0;
    %ix/load 4, 4, 0;
    %flag_set/imm 4, 0;
    %shiftr/s 4;
    %assign/vec4 v0xcb5284fa0_0, 0;
    %jmp T_70.96;
T_70.96 ;
    %pop/vec4 1;
    %load/vec4 v0xcb5285220_0;
    %subi 4, 0, 5;
    %assign/vec4 v0xcb5285220_0, 0;
    %jmp T_70.91;
T_70.90 ;
    %pushi/vec4 1, 0, 1;
    %dup/vec4;
    %load/vec4 v0xcb5280a00_0;
    %flag_set/vec4 8;
    %flag_get/vec4 8;
    %jmp/1 T_70.104, 8;
    %load/vec4 v0xcb5280960_0;
    %or;
T_70.104;
    %cmp/u;
    %jmp/1 T_70.100, 6;
    %dup/vec4;
    %load/vec4 v0xcb5280f00_0;
    %flag_set/vec4 8;
    %flag_get/vec4 8;
    %jmp/1 T_70.105, 8;
    %load/vec4 v0xcb5280e60_0;
    %or;
T_70.105;
    %cmp/u;
    %jmp/1 T_70.101, 6;
    %dup/vec4;
    %load/vec4 v0xcb5280dc0_0;
    %flag_set/vec4 8;
    %flag_get/vec4 8;
    %jmp/1 T_70.106, 8;
    %load/vec4 v0xcb5280d20_0;
    %or;
T_70.106;
    %cmp/u;
    %jmp/1 T_70.102, 6;
    %jmp T_70.103;
T_70.100 ;
    %load/vec4 v0xcb5284fa0_0;
    %ix/load 4, 1, 0;
    %flag_set/imm 4, 0;
    %shiftl 4;
    %assign/vec4 v0xcb5284fa0_0, 0;
    %jmp T_70.103;
T_70.101 ;
    %load/vec4 v0xcb5284fa0_0;
    %ix/load 4, 1, 0;
    %flag_set/imm 4, 0;
    %shiftr 4;
    %assign/vec4 v0xcb5284fa0_0, 0;
    %jmp T_70.103;
T_70.102 ;
    %load/vec4 v0xcb5284fa0_0;
    %ix/load 4, 1, 0;
    %flag_set/imm 4, 0;
    %shiftr/s 4;
    %assign/vec4 v0xcb5284fa0_0, 0;
    %jmp T_70.103;
T_70.103 ;
    %pop/vec4 1;
    %load/vec4 v0xcb5285220_0;
    %subi 1, 0, 5;
    %assign/vec4 v0xcb5285220_0, 0;
T_70.91 ;
T_70.89 ;
    %jmp T_70.13;
T_70.11 ;
    %load/vec4 v0xcb5282940_0;
    %nor/r;
    %flag_set/vec4 8;
    %jmp/1 T_70.109, 8;
    %load/vec4 v0xcb5282bc0_0;
    %flag_set/vec4 9;
    %flag_or 8, 9;
T_70.109;
    %jmp/0xz  T_70.107, 8;
    %load/vec4 v0xcb5282b20_0;
    %nor/r;
    %flag_set/vec4 8;
    %jmp/0xz  T_70.110, 8;
    %pushi/vec4 1, 0, 1;
    %dup/vec4;
    %load/vec4 v0xcb5280780_0;
    %cmp/u;
    %jmp/1 T_70.112, 6;
    %dup/vec4;
    %load/vec4 v0xcb52808c0_0;
    %cmp/u;
    %jmp/1 T_70.113, 6;
    %dup/vec4;
    %load/vec4 v0xcb5281040_0;
    %cmp/u;
    %jmp/1 T_70.114, 6;
    %jmp T_70.115;
T_70.112 ;
    %pushi/vec4 2, 0, 2;
    %assign/vec4 v0xcb52838e0_0, 0;
    %jmp T_70.115;
T_70.113 ;
    %pushi/vec4 1, 0, 2;
    %assign/vec4 v0xcb52838e0_0, 0;
    %jmp T_70.115;
T_70.114 ;
    %pushi/vec4 0, 0, 2;
    %assign/vec4 v0xcb52838e0_0, 0;
    %jmp T_70.115;
T_70.115 ;
    %pop/vec4 1;
    %load/vec4 v0xcb5284fa0_0;
    %load/vec4 v0xcb527ed00_0;
    %add;
    %assign/vec4 v0xcb5284fa0_0, 0;
    %pushi/vec4 1, 0, 1;
    %store/vec4 v0xcb52854a0_0, 0, 1;
T_70.110 ;
    %load/vec4 v0xcb5282940_0;
    %nor/r;
    %flag_set/vec4 9;
    %flag_get/vec4 9;
    %jmp/0 T_70.118, 9;
    %load/vec4 v0xcb5282bc0_0;
    %and;
T_70.118;
    %flag_set/vec4 8;
    %jmp/0xz  T_70.116, 8;
    %pushi/vec4 64, 0, 8;
    %assign/vec4 v0xcb527db80_0, 0;
    %pushi/vec4 1, 0, 1;
    %assign/vec4 v0xcb527f200_0, 0;
    %pushi/vec4 1, 0, 1;
    %assign/vec4 v0xcb527f0c0_0, 0;
T_70.116 ;
T_70.107 ;
    %jmp T_70.13;
T_70.12 ;
    %pushi/vec4 1, 0, 1;
    %assign/vec4 v0xcb5282620_0, 0;
    %load/vec4 v0xcb5282940_0;
    %nor/r;
    %flag_set/vec4 8;
    %jmp/1 T_70.121, 8;
    %load/vec4 v0xcb5282bc0_0;
    %flag_set/vec4 9;
    %flag_or 8, 9;
T_70.121;
    %jmp/0xz  T_70.119, 8;
    %load/vec4 v0xcb52829e0_0;
    %nor/r;
    %flag_set/vec4 8;
    %jmp/0xz  T_70.122, 8;
    %pushi/vec4 1, 0, 1;
    %dup/vec4;
    %load/vec4 v0xcb527fe80_0;
    %flag_set/vec4 8;
    %flag_get/vec4 8;
    %jmp/1 T_70.128, 8;
    %load/vec4 v0xcb527ff20_0;
    %or;
T_70.128;
    %cmp/u;
    %jmp/1 T_70.124, 6;
    %dup/vec4;
    %load/vec4 v0xcb5280000_0;
    %flag_set/vec4 8;
    %flag_get/vec4 8;
    %jmp/1 T_70.129, 8;
    %load/vec4 v0xcb52800a0_0;
    %or;
T_70.129;
    %cmp/u;
    %jmp/1 T_70.125, 6;
    %dup/vec4;
    %load/vec4 v0xcb52801e0_0;
    %cmp/u;
    %jmp/1 T_70.126, 6;
    %jmp T_70.127;
T_70.124 ;
    %pushi/vec4 2, 0, 2;
    %assign/vec4 v0xcb52838e0_0, 0;
    %jmp T_70.127;
T_70.125 ;
    %pushi/vec4 1, 0, 2;
    %assign/vec4 v0xcb52838e0_0, 0;
    %jmp T_70.127;
T_70.126 ;
    %pushi/vec4 0, 0, 2;
    %assign/vec4 v0xcb52838e0_0, 0;
    %jmp T_70.127;
T_70.127 ;
    %pop/vec4 1;
    %load/vec4 v0xcb5281b80_0;
    %assign/vec4 v0xcb5282440_0, 0;
    %load/vec4 v0xcb5280000_0;
    %assign/vec4 v0xcb52823a0_0, 0;
    %load/vec4 v0xcb527fe80_0;
    %assign/vec4 v0xcb5282300_0, 0;
    %load/vec4 v0xcb5284fa0_0;
    %load/vec4 v0xcb527ed00_0;
    %add;
    %assign/vec4 v0xcb5284fa0_0, 0;
    %pushi/vec4 1, 0, 1;
    %store/vec4 v0xcb5285360_0, 0, 1;
T_70.122 ;
    %load/vec4 v0xcb5282940_0;
    %nor/r;
    %flag_set/vec4 9;
    %flag_get/vec4 9;
    %jmp/0 T_70.132, 9;
    %load/vec4 v0xcb5282bc0_0;
    %and;
T_70.132;
    %flag_set/vec4 8;
    %jmp/0xz  T_70.130, 8;
    %pushi/vec4 1, 0, 1;
    %dup/vec4;
    %load/vec4 v0xcb5282440_0;
    %cmp/u;
    %jmp/1 T_70.133, 6;
    %dup/vec4;
    %load/vec4 v0xcb52823a0_0;
    %cmp/u;
    %jmp/1 T_70.134, 6;
    %dup/vec4;
    %load/vec4 v0xcb5282300_0;
    %cmp/u;
    %jmp/1 T_70.135, 6;
    %jmp T_70.136;
T_70.133 ;
    %load/vec4 v0xcb52835c0_0;
    %assign/vec4 v0xcb52850e0_0, 0;
    %jmp T_70.136;
T_70.134 ;
    %load/vec4 v0xcb52835c0_0;
    %parti/s 16, 0, 2;
    %pad/s 32;
    %assign/vec4 v0xcb52850e0_0, 0;
    %jmp T_70.136;
T_70.135 ;
    %load/vec4 v0xcb52835c0_0;
    %parti/s 8, 0, 2;
    %pad/s 32;
    %assign/vec4 v0xcb52850e0_0, 0;
    %jmp T_70.136;
T_70.136 ;
    %pop/vec4 1;
    %pushi/vec4 1, 0, 1;
    %assign/vec4 v0xcb527f200_0, 0;
    %pushi/vec4 1, 0, 1;
    %assign/vec4 v0xcb527f0c0_0, 0;
    %pushi/vec4 64, 0, 8;
    %assign/vec4 v0xcb527db80_0, 0;
T_70.130 ;
T_70.119 ;
    %jmp T_70.13;
T_70.13 ;
    %pop/vec4 1;
T_70.4 ;
    %pushi/vec4 1, 0, 1;
    %flag_set/vec4 10;
    %flag_get/vec4 10;
    %jmp/0 T_70.140, 10;
    %load/vec4 v0xcb52852c0_0;
    %and;
T_70.140;
    %flag_set/vec4 9;
    %flag_get/vec4 9;
    %jmp/0 T_70.139, 9;
    %load/vec4 v0xcb52829e0_0;
    %flag_set/vec4 9;
    %flag_get/vec4 9;
    %jmp/1 T_70.141, 9;
    %load/vec4 v0xcb5282b20_0;
    %or;
T_70.141;
    %and;
T_70.139;
    %flag_set/vec4 8;
    %jmp/0xz  T_70.137, 8;
    %load/vec4 v0xcb52838e0_0;
    %pad/u 32;
    %cmpi/e 0, 0, 32;
    %flag_get/vec4 4;
    %jmp/0 T_70.144, 4;
    %load/vec4 v0xcb5284fa0_0;
    %parti/s 2, 0, 2;
    %pad/u 32;
    %pushi/vec4 0, 0, 32;
    %cmp/ne;
    %flag_get/vec4 4;
    %and;
T_70.144;
    %flag_set/vec4 8;
    %jmp/0xz  T_70.142, 8;
    %pushi/vec4 128, 0, 8;
    %assign/vec4 v0xcb527db80_0, 0;
T_70.142 ;
    %load/vec4 v0xcb52838e0_0;
    %pad/u 32;
    %cmpi/e 1, 0, 32;
    %flag_get/vec4 4;
    %jmp/0 T_70.147, 4;
    %load/vec4 v0xcb5284fa0_0;
    %parti/s 1, 0, 2;
    %pad/u 32;
    %pushi/vec4 0, 0, 32;
    %cmp/ne;
    %flag_get/vec4 4;
    %and;
T_70.147;
    %flag_set/vec4 8;
    %jmp/0xz  T_70.145, 8;
    %pushi/vec4 128, 0, 8;
    %assign/vec4 v0xcb527db80_0, 0;
T_70.145 ;
T_70.137 ;
    %pushi/vec4 1, 0, 1;
    %flag_set/vec4 11;
    %flag_get/vec4 11;
    %jmp/0 T_70.152, 11;
    %load/vec4 v0xcb52852c0_0;
    %and;
T_70.152;
    %flag_set/vec4 10;
    %flag_get/vec4 10;
    %jmp/0 T_70.151, 10;
    %load/vec4 v0xcb5282a80_0;
    %and;
T_70.151;
    %flag_set/vec4 9;
    %flag_get/vec4 9;
    %jmp/0 T_70.150, 9;
    %load/vec4 v0xcb5285180_0;
    %parti/s 2, 0, 2;
    %or/r;
    %and;
T_70.150;
    %flag_set/vec4 8;
    %jmp/0xz  T_70.148, 8;
    %pushi/vec4 128, 0, 8;
    %assign/vec4 v0xcb527db80_0, 0;
T_70.148 ;
    %load/vec4 v0xcb52852c0_0;
    %nor/r;
    %flag_set/vec4 8;
    %jmp/1 T_70.155, 8;
    %load/vec4 v0xcb5282bc0_0;
    %flag_set/vec4 9;
    %flag_or 8, 9;
T_70.155;
    %jmp/0xz  T_70.153, 8;
    %pushi/vec4 0, 0, 1;
    %assign/vec4 v0xcb5282940_0, 0;
    %pushi/vec4 0, 0, 1;
    %assign/vec4 v0xcb5282a80_0, 0;
    %pushi/vec4 0, 0, 1;
    %assign/vec4 v0xcb52829e0_0, 0;
    %pushi/vec4 0, 0, 1;
    %assign/vec4 v0xcb5282b20_0, 0;
T_70.153 ;
    %load/vec4 v0xcb5285400_0;
    %flag_set/vec4 8;
    %jmp/0xz  T_70.156, 8;
    %pushi/vec4 1, 0, 1;
    %assign/vec4 v0xcb5282a80_0, 0;
T_70.156 ;
    %load/vec4 v0xcb5285360_0;
    %flag_set/vec4 8;
    %jmp/0xz  T_70.158, 8;
    %pushi/vec4 1, 0, 1;
    %assign/vec4 v0xcb52829e0_0, 0;
T_70.158 ;
    %load/vec4 v0xcb52854a0_0;
    %flag_set/vec4 8;
    %jmp/0xz  T_70.160, 8;
    %pushi/vec4 1, 0, 1;
    %assign/vec4 v0xcb5282b20_0, 0;
T_70.160 ;
    %load/vec4 v0xcb5283c00_0;
    %pushi/vec4 4294967295, 0, 32;
    %and;
    %assign/vec4 v0xcb5281680_0, 0;
    %pushi/vec4 4294967295, 4294967295, 32;
    %store/vec4 v0xcb527df40_0, 0, 32;
    %jmp T_70;
    .thread T_70;
    .scope S_0xcb4de9c80;
T_71 ;
    %wait E_0xcb524a2c0;
    %load/vec4 v0xcb5287200_0;
    %nor/r;
    %flag_set/vec4 8;
    %jmp/0xz  T_71.0, 8;
    %pushi/vec4 0, 0, 2;
    %assign/vec4 v0xcb5287340_0, 0;
    %pushi/vec4 1, 0, 1;
    %assign/vec4 v0xcb52873e0_0, 0;
    %pushi/vec4 0, 0, 16;
    %assign/vec4 v0xcb52870c0_0, 0;
    %pushi/vec4 0, 0, 3;
    %assign/vec4 v0xcb5286ee0_0, 0;
    %pushi/vec4 0, 0, 8;
    %assign/vec4 v0xcb52872a0_0, 0;
    %jmp T_71.1;
T_71.0 ;
    %load/vec4 v0xcb5287340_0;
    %dup/vec4;
    %pushi/vec4 0, 0, 2;
    %cmp/u;
    %jmp/1 T_71.2, 6;
    %dup/vec4;
    %pushi/vec4 1, 0, 2;
    %cmp/u;
    %jmp/1 T_71.3, 6;
    %dup/vec4;
    %pushi/vec4 2, 0, 2;
    %cmp/u;
    %jmp/1 T_71.4, 6;
    %dup/vec4;
    %pushi/vec4 3, 0, 2;
    %cmp/u;
    %jmp/1 T_71.5, 6;
    %pushi/vec4 0, 0, 2;
    %assign/vec4 v0xcb5287340_0, 0;
    %jmp T_71.7;
T_71.2 ;
    %pushi/vec4 1, 0, 1;
    %assign/vec4 v0xcb52873e0_0, 0;
    %pushi/vec4 0, 0, 16;
    %assign/vec4 v0xcb52870c0_0, 0;
    %pushi/vec4 0, 0, 3;
    %assign/vec4 v0xcb5286ee0_0, 0;
    %load/vec4 v0xcb5287480_0;
    %flag_set/vec4 8;
    %jmp/0xz  T_71.8, 8;
    %load/vec4 v0xcb5287160_0;
    %assign/vec4 v0xcb52872a0_0, 0;
    %pushi/vec4 1, 0, 2;
    %assign/vec4 v0xcb5287340_0, 0;
T_71.8 ;
    %jmp T_71.7;
T_71.3 ;
    %pushi/vec4 0, 0, 1;
    %assign/vec4 v0xcb52873e0_0, 0;
    %load/vec4 v0xcb52870c0_0;
    %pad/u 32;
    %cmpi/u 15, 0, 32;
    %jmp/0xz  T_71.10, 5;
    %load/vec4 v0xcb52870c0_0;
    %addi 1, 0, 16;
    %assign/vec4 v0xcb52870c0_0, 0;
    %jmp T_71.11;
T_71.10 ;
    %pushi/vec4 0, 0, 16;
    %assign/vec4 v0xcb52870c0_0, 0;
    %pushi/vec4 2, 0, 2;
    %assign/vec4 v0xcb5287340_0, 0;
T_71.11 ;
    %jmp T_71.7;
T_71.4 ;
    %load/vec4 v0xcb52872a0_0;
    %load/vec4 v0xcb5286ee0_0;
    %part/u 1;
    %assign/vec4 v0xcb52873e0_0, 0;
    %load/vec4 v0xcb52870c0_0;
    %pad/u 32;
    %cmpi/u 15, 0, 32;
    %jmp/0xz  T_71.12, 5;
    %load/vec4 v0xcb52870c0_0;
    %addi 1, 0, 16;
    %assign/vec4 v0xcb52870c0_0, 0;
    %jmp T_71.13;
T_71.12 ;
    %pushi/vec4 0, 0, 16;
    %assign/vec4 v0xcb52870c0_0, 0;
    %load/vec4 v0xcb5286ee0_0;
    %pad/u 32;
    %cmpi/u 7, 0, 32;
    %jmp/0xz  T_71.14, 5;
    %load/vec4 v0xcb5286ee0_0;
    %addi 1, 0, 3;
    %assign/vec4 v0xcb5286ee0_0, 0;
    %jmp T_71.15;
T_71.14 ;
    %pushi/vec4 0, 0, 3;
    %assign/vec4 v0xcb5286ee0_0, 0;
    %pushi/vec4 3, 0, 2;
    %assign/vec4 v0xcb5287340_0, 0;
T_71.15 ;
T_71.13 ;
    %jmp T_71.7;
T_71.5 ;
    %pushi/vec4 1, 0, 1;
    %assign/vec4 v0xcb52873e0_0, 0;
    %load/vec4 v0xcb52870c0_0;
    %pad/u 32;
    %cmpi/u 15, 0, 32;
    %jmp/0xz  T_71.16, 5;
    %load/vec4 v0xcb52870c0_0;
    %addi 1, 0, 16;
    %assign/vec4 v0xcb52870c0_0, 0;
    %jmp T_71.17;
T_71.16 ;
    %pushi/vec4 0, 0, 16;
    %assign/vec4 v0xcb52870c0_0, 0;
    %pushi/vec4 0, 0, 2;
    %assign/vec4 v0xcb5287340_0, 0;
T_71.17 ;
    %jmp T_71.7;
T_71.7 ;
    %pop/vec4 1;
T_71.1 ;
    %jmp T_71;
    .thread T_71;
    .scope S_0xcb4de8c00;
T_72 ;
    %pushi/vec4 0, 0, 32;
    %store/vec4 v0xcb5287ca0_0, 0, 32;
T_72.0 ; Top of for-loop
    %load/vec4 v0xcb5287ca0_0;
    %cmpi/s 2048, 0, 32;
	  %jmp/0xz T_72.1, 5;
    %pushi/vec4 19, 0, 32;
    %ix/getv/s 4, v0xcb5287ca0_0;
    %store/vec4a v0xcb5288140, 4, 0;
T_72.2 ; for-loop step statement
    %load/vec4 v0xcb5287ca0_0;
    %addi 1, 0, 32;
    %store/vec4 v0xcb5287ca0_0, 0, 32;
    %jmp T_72.0;
T_72.1 ; for-loop exit label
    %pushi/vec4 0, 0, 32;
    %store/vec4 v0xcb5288640_0, 0, 32;
    %pushi/vec4 0, 0, 1;
    %store/vec4 v0xcb52888c0_0, 0, 1;
    %pushi/vec4 0, 0, 8;
    %store/vec4 v0xcb5288820_0, 0, 8;
    %pushi/vec4 0, 0, 8;
    %store/vec4 v0xcb52886e0_0, 0, 8;
    %pushi/vec4 0, 0, 1;
    %store/vec4 v0xcb5288780_0, 0, 1;
    %pushi/vec4 0, 0, 1;
    %store/vec4 v0xcb52883c0_0, 0, 1;
    %end;
    .thread T_72;
    .scope S_0xcb4de8c00;
T_73 ;
    %wait E_0xcb524a2c0;
    %pushi/vec4 0, 0, 1;
    %assign/vec4 v0xcb52888c0_0, 0;
    %pushi/vec4 0, 0, 1;
    %assign/vec4 v0xcb52883c0_0, 0;
    %load/vec4 v0xcb52880a0_0;
    %flag_set/vec4 8;
    %jmp/0xz  T_73.0, 8;
    %load/vec4 v0xcb5287e80_0;
    %flag_set/vec4 8;
    %jmp/0xz  T_73.2, 8;
    %load/vec4 v0xcb5287de0_0;
    %load/vec4 v0xcb5287d40_0;
    %pad/u 13;
    %ix/vec4 3;
    %ix/load 4, 0, 0; Constant delay
    %assign/vec4/a/d v0xcb5288140, 0, 4;
T_73.2 ;
    %jmp T_73.1;
T_73.0 ;
    %load/vec4 v0xcb5288460_0;
    %flag_set/vec4 9;
    %flag_get/vec4 9;
    %jmp/0 T_73.6, 9;
    %load/vec4 v0xcb52883c0_0;
    %nor/r;
    %and;
T_73.6;
    %flag_set/vec4 8;
    %jmp/0xz  T_73.4, 8;
    %load/vec4 v0xcb5287b60_0;
    %flag_set/vec4 8;
    %jmp/0xz  T_73.7, 8;
    %load/vec4 v0xcb52885a0_0;
    %cmpi/e 0, 0, 4;
    %jmp/0xz  T_73.9, 4;
    %load/vec4 v0xcb5287a20_0;
    %pad/u 13;
    %ix/vec4 4;
    %load/vec4a v0xcb5288140, 4;
    %assign/vec4 v0xcb5288320_0, 0;
    %jmp T_73.10;
T_73.9 ;
    %load/vec4 v0xcb52885a0_0;
    %parti/s 1, 0, 2;
    %flag_set/vec4 8;
    %jmp/0xz  T_73.11, 8;
    %load/vec4 v0xcb5288500_0;
    %parti/s 8, 0, 2;
    %load/vec4 v0xcb5287a20_0;
    %pad/u 13;
    %ix/vec4 3;
    %ix/load 4, 0, 0; Constant delay
    %assign/vec4/a/d v0xcb5288140, 0, 4;
T_73.11 ;
    %load/vec4 v0xcb52885a0_0;
    %parti/s 1, 1, 2;
    %flag_set/vec4 8;
    %jmp/0xz  T_73.13, 8;
    %load/vec4 v0xcb5288500_0;
    %parti/s 8, 8, 5;
    %load/vec4 v0xcb5287a20_0;
    %pad/u 13;
    %ix/vec4 3;
    %ix/load 4, 8, 0; part off
    %ix/load 5, 0, 0; Constant delay
    %assign/vec4/a/d v0xcb5288140, 4, 5;
T_73.13 ;
    %load/vec4 v0xcb52885a0_0;
    %parti/s 1, 2, 3;
    %flag_set/vec4 8;
    %jmp/0xz  T_73.15, 8;
    %load/vec4 v0xcb5288500_0;
    %parti/s 8, 16, 6;
    %load/vec4 v0xcb5287a20_0;
    %pad/u 13;
    %ix/vec4 3;
    %ix/load 4, 16, 0; part off
    %ix/load 5, 0, 0; Constant delay
    %assign/vec4/a/d v0xcb5288140, 4, 5;
T_73.15 ;
    %load/vec4 v0xcb52885a0_0;
    %parti/s 1, 3, 3;
    %flag_set/vec4 8;
    %jmp/0xz  T_73.17, 8;
    %load/vec4 v0xcb5288500_0;
    %parti/s 8, 24, 6;
    %load/vec4 v0xcb5287a20_0;
    %pad/u 13;
    %ix/vec4 3;
    %ix/load 4, 24, 0; part off
    %ix/load 5, 0, 0; Constant delay
    %assign/vec4/a/d v0xcb5288140, 4, 5;
T_73.17 ;
T_73.10 ;
    %pushi/vec4 1, 0, 1;
    %assign/vec4 v0xcb52883c0_0, 0;
    %jmp T_73.8;
T_73.7 ;
    %load/vec4 v0xcb5287c00_0;
    %flag_set/vec4 8;
    %jmp/0xz  T_73.19, 8;
    %load/vec4 v0xcb52881e0_0;
    %parti/s 8, 0, 2;
    %dup/vec4;
    %pushi/vec4 0, 0, 8;
    %cmp/u;
    %jmp/1 T_73.21, 6;
    %dup/vec4;
    %pushi/vec4 4, 0, 8;
    %cmp/u;
    %jmp/1 T_73.22, 6;
    %dup/vec4;
    %pushi/vec4 12, 0, 8;
    %cmp/u;
    %jmp/1 T_73.23, 6;
    %dup/vec4;
    %pushi/vec4 16, 0, 8;
    %cmp/u;
    %jmp/1 T_73.24, 6;
    %dup/vec4;
    %pushi/vec4 20, 0, 8;
    %cmp/u;
    %jmp/1 T_73.25, 6;
    %pushi/vec4 0, 0, 32;
    %assign/vec4 v0xcb5288320_0, 0;
    %pushi/vec4 1, 0, 1;
    %assign/vec4 v0xcb52883c0_0, 0;
    %jmp T_73.27;
T_73.21 ;
    %load/vec4 v0xcb52885a0_0;
    %cmpi/ne 0, 0, 4;
    %jmp/0xz  T_73.28, 4;
    %load/vec4 v0xcb5288500_0;
    %assign/vec4 v0xcb5288640_0, 0;
T_73.28 ;
    %load/vec4 v0xcb5288640_0;
    %assign/vec4 v0xcb5288320_0, 0;
    %pushi/vec4 1, 0, 1;
    %assign/vec4 v0xcb52883c0_0, 0;
    %jmp T_73.27;
T_73.22 ;
    %load/vec4 v0xcb52885a0_0;
    %cmpi/ne 0, 0, 4;
    %jmp/0xz  T_73.30, 4;
    %load/vec4 v0xcb5288500_0;
    %parti/s 8, 0, 2;
    %assign/vec4 v0xcb5288820_0, 0;
    %pushi/vec4 1, 0, 1;
    %assign/vec4 v0xcb52888c0_0, 0;
T_73.30 ;
    %pushi/vec4 0, 0, 32;
    %assign/vec4 v0xcb5288320_0, 0;
    %pushi/vec4 1, 0, 1;
    %assign/vec4 v0xcb52883c0_0, 0;
    %jmp T_73.27;
T_73.23 ;
    %pushi/vec4 0, 0, 30;
    %load/vec4 v0xcb5287840_0;
    %concat/vec4; draw_concat_vec4
    %assign/vec4 v0xcb5288320_0, 0;
    %pushi/vec4 1, 0, 1;
    %assign/vec4 v0xcb52883c0_0, 0;
    %jmp T_73.27;
T_73.24 ;
    %pushi/vec4 0, 0, 24;
    %load/vec4 v0xcb52886e0_0;
    %concat/vec4; draw_concat_vec4
    %assign/vec4 v0xcb5288320_0, 0;
    %pushi/vec4 0, 0, 1;
    %assign/vec4 v0xcb5288780_0, 0;
    %pushi/vec4 1, 0, 1;
    %assign/vec4 v0xcb52883c0_0, 0;
    %jmp T_73.27;
T_73.25 ;
    %pushi/vec4 0, 0, 31;
    %load/vec4 v0xcb5288780_0;
    %concat/vec4; draw_concat_vec4
    %assign/vec4 v0xcb5288320_0, 0;
    %pushi/vec4 1, 0, 1;
    %assign/vec4 v0xcb52883c0_0, 0;
    %jmp T_73.27;
T_73.27 ;
    %pop/vec4 1;
    %jmp T_73.20;
T_73.19 ;
    %pushi/vec4 3735931646, 0, 32;
    %assign/vec4 v0xcb5288320_0, 0;
    %pushi/vec4 1, 0, 1;
    %assign/vec4 v0xcb52883c0_0, 0;
T_73.20 ;
T_73.8 ;
T_73.4 ;
T_73.1 ;
    %load/vec4 v0xcb52880a0_0;
    %nor/r;
    %flag_set/vec4 9;
    %flag_get/vec4 9;
    %jmp/0 T_73.34, 9;
    %load/vec4 v0xcb5288aa0_0;
    %and;
T_73.34;
    %flag_set/vec4 8;
    %jmp/0xz  T_73.32, 8;
    %load/vec4 v0xcb5288a00_0;
    %assign/vec4 v0xcb52886e0_0, 0;
    %pushi/vec4 1, 0, 1;
    %assign/vec4 v0xcb5288780_0, 0;
T_73.32 ;
    %jmp T_73;
    .thread T_73;
    .scope S_0x102b1d2e0;
T_74 ;
    %pushi/vec4 0, 0, 1;
    %store/vec4 v0xcb52890e0_0, 0, 1;
    %pushi/vec4 0, 0, 1;
    %store/vec4 v0xcb5289900_0, 0, 1;
    %pushi/vec4 1, 0, 1;
    %store/vec4 v0xcb5289a40_0, 0, 1;
    %pushi/vec4 0, 0, 2;
    %store/vec4 v0xcb5289040_0, 0, 2;
    %pushi/vec4 0, 0, 32;
    %store/vec4 v0xcb5288fa0_0, 0, 32;
    %pushi/vec4 0, 0, 32;
    %store/vec4 v0xcb5289720_0, 0, 32;
    %end;
    .thread T_74, $init;
    .scope S_0x102b1d2e0;
T_75 ;
    %delay 5000, 0;
    %load/vec4 v0xcb52890e0_0;
    %inv;
    %store/vec4 v0xcb52890e0_0, 0, 1;
    %jmp T_75;
    .thread T_75;
    .scope S_0x102b1d2e0;
T_76 ;
    %wait E_0xcb524a280;
    %pushi/vec4 24, 0, 32;
T_76.0 %dup/vec4;
    %cmpi/s 0, 0, 32;
    %jmp/1xz T_76.1, 5;
    %jmp/1 T_76.1, 4;
    %subi 1, 0, 32;
    %wait E_0xcb524a2c0;
    %jmp T_76.0;
T_76.1 ;
    %pop/vec4 1;
    %pushi/vec4 0, 0, 32;
    %store/vec4 v0xcb52899a0_0, 0, 32;
T_76.2 ; Top of for-loop
    %load/vec4 v0xcb52899a0_0;
    %cmpi/s 8, 0, 32;
	  %jmp/0xz T_76.3, 5;
    %load/vec4 v0xcb5289ae0_0;
    %ix/getv/s 4, v0xcb52899a0_0;
    %store/vec4 v0xcb5289680_0, 4, 1;
    %pushi/vec4 16, 0, 32;
T_76.5 %dup/vec4;
    %cmpi/s 0, 0, 32;
    %jmp/1xz T_76.6, 5;
    %jmp/1 T_76.6, 4;
    %subi 1, 0, 32;
    %wait E_0xcb524a2c0;
    %jmp T_76.5;
T_76.6 ;
    %pop/vec4 1;
T_76.4 ; for-loop step statement
    %load/vec4 v0xcb52899a0_0;
    %addi 1, 0, 32;
    %store/vec4 v0xcb52899a0_0, 0, 32;
    %jmp T_76.2;
T_76.3 ; for-loop exit label
    %load/vec4 v0xcb5285ea0_0;
    %flag_set/vec4 8;
    %jmp/0xz  T_76.7, 8;
    %load/vec4 v0xcb5289680_0;
    %cmpi/e 121, 0, 8;
    %jmp/0xz  T_76.9, 4;
    %load/vec4 v0xcb5288fa0_0;
    %addi 1, 0, 32;
    %store/vec4 v0xcb5288fa0_0, 0, 32;
    %jmp T_76.10;
T_76.9 ;
    %load/vec4 v0xcb5289680_0;
    %cmpi/e 110, 0, 8;
    %jmp/0xz  T_76.11, 4;
    %load/vec4 v0xcb5289720_0;
    %addi 1, 0, 32;
    %store/vec4 v0xcb5289720_0, 0, 32;
T_76.11 ;
T_76.10 ;
    %jmp T_76.8;
T_76.7 ;
    %vpi_call/w 4 62 "$write", "%c", v0xcb5289680_0 {0 0 0};
T_76.8 ;
    %jmp T_76;
    .thread T_76;
    .scope S_0x102b1d2e0;
T_77 ;
    %vpi_func 4 72 "$value$plusargs" 32, "frames=%s", v0xcb52894a0_0 {0 0 0};
    %nor/r;
    %flag_set/vec4 8;
    %jmp/0xz  T_77.0, 8;
    %vpi_call/w 4 73 "$display", "HATA: +frames=<dosya> verilmedi" {0 0 0};
    %vpi_call/w 4 73 "$finish" {0 0 0};
T_77.0 ;
    %vpi_func 4 75 "$value$plusargs" 32, "expect=%d", v0xcb5289220_0 {0 0 0};
    %nor/r;
    %flag_set/vec4 8;
    %jmp/0xz  T_77.2, 8;
    %pushi/vec4 4294967295, 0, 32;
    %store/vec4 v0xcb5289220_0, 0, 32;
T_77.2 ;
    %vpi_func 4 76 "$value$plusargs" 32, "btn=%d", v0xcb52895e0_0 {0 0 0};
    %cmpi/ne 0, 0, 32;
    %jmp/0xz  T_77.4, 4;
    %load/vec4 v0xcb52895e0_0;
    %parti/s 2, 0, 2;
    %store/vec4 v0xcb5289040_0, 0, 2;
T_77.4 ;
    %vpi_func 4 78 "$fopen" 32, v0xcb52894a0_0, "r" {0 0 0};
    %store/vec4 v0xcb52892c0_0, 0, 32;
    %load/vec4 v0xcb52892c0_0;
    %cmpi/e 0, 0, 32;
    %jmp/0xz  T_77.6, 4;
    %vpi_call/w 4 79 "$display", "HATA: dosya acilamadi %0s", v0xcb52894a0_0 {0 0 0};
    %vpi_call/w 4 79 "$finish" {0 0 0};
T_77.6 ;
    %pushi/vec4 0, 0, 1;
    %store/vec4 v0xcb5289900_0, 0, 1;
    %pushi/vec4 20, 0, 32;
T_77.8 %dup/vec4;
    %cmpi/s 0, 0, 32;
    %jmp/1xz T_77.9, 5;
    %jmp/1 T_77.9, 4;
    %subi 1, 0, 32;
    %wait E_0xcb524a2c0;
    %jmp T_77.8;
T_77.9 ;
    %pop/vec4 1;
    %pushi/vec4 1, 0, 1;
    %store/vec4 v0xcb5289900_0, 0, 1;
    %pushi/vec4 20, 0, 32;
T_77.10 %dup/vec4;
    %cmpi/s 0, 0, 32;
    %jmp/1xz T_77.11, 5;
    %jmp/1 T_77.11, 4;
    %subi 1, 0, 32;
    %wait E_0xcb524a2c0;
    %jmp T_77.10;
T_77.11 ;
    %pop/vec4 1;
    %pushi/vec4 0, 0, 32;
    %store/vec4 v0xcb52897c0_0, 0, 32;
    %pushi/vec4 0, 0, 32;
    %store/vec4 v0xcb5289860_0, 0, 32;
T_77.12 ;
    %vpi_func 4 88 "$fscanf" 32, v0xcb52892c0_0, "%d", v0xcb5289360_0 {0 0 0};
    %cmpi/e 1, 0, 32;
    %jmp/0xz T_77.13, 4;
    %pushi/vec4 0, 0, 32;
    %store/vec4 v0xcb52895e0_0, 0, 32;
T_77.14 ; Top of for-loop
    %load/vec4 v0xcb52895e0_0;
    %load/vec4 v0xcb5289360_0;
    %cmp/s;
	  %jmp/0xz T_77.15, 5;
    %vpi_func 4 91 "$fscanf" 32, v0xcb52892c0_0, "%h", &A<v0xcb5289400, v0xcb52895e0_0 > {0 0 0};
    %store/vec4 v0xcb5289180_0, 0, 32;
T_77.16 ; for-loop step statement
    %load/vec4 v0xcb52895e0_0;
    %addi 1, 0, 32;
    %store/vec4 v0xcb52895e0_0, 0, 32;
    %jmp T_77.14;
T_77.15 ; for-loop exit label
    %load/vec4 v0xcb52897c0_0;
    %addi 1, 0, 32;
    %store/vec4 v0xcb52897c0_0, 0, 32;
    %pushi/vec4 0, 0, 32;
    %store/vec4 v0xcb52895e0_0, 0, 32;
T_77.17 ; Top of for-loop
    %load/vec4 v0xcb52895e0_0;
    %load/vec4 v0xcb5289360_0;
    %cmp/s;
	  %jmp/0xz T_77.18, 5;
    %ix/getv/s 4, v0xcb52895e0_0;
    %load/vec4a v0xcb5289400, 4;
    %store/vec4 v0xcb5288e60_0, 0, 8;
    %fork TD_tb_loader_file.uart_send_byte, S_0xcb4de9e00;
    %join;
T_77.19 ; for-loop step statement
    %load/vec4 v0xcb52895e0_0;
    %addi 1, 0, 32;
    %store/vec4 v0xcb52895e0_0, 0, 32;
    %jmp T_77.17;
T_77.18 ; for-loop exit label
T_77.20 ;
    %load/vec4 v0xcb5289860_0;
    %load/vec4 v0xcb5288fa0_0;
    %load/vec4 v0xcb5289720_0;
    %add;
    %cmp/s;
    %flag_get/vec4 5;
    %cmpi/ne 1, 0, 1;
    %jmp/0xz T_77.21, 6;
    %wait E_0xcb524a240;
    %jmp T_77.20;
T_77.21 ;
    %load/vec4 v0xcb5288fa0_0;
    %load/vec4 v0xcb5289720_0;
    %add;
    %store/vec4 v0xcb5289860_0, 0, 32;
    %jmp T_77.12;
T_77.13 ;
    %vpi_call/w 4 100 "$fclose", v0xcb52892c0_0 {0 0 0};
    %vpi_call/w 4 101 "$display", "[tb] %0d cerceve gonderildi. ACK=%0d NAK=%0d", v0xcb52897c0_0, v0xcb5288fa0_0, v0xcb5289720_0 {0 0 0};
    %vpi_func 4 104 "$value$plusargs" 32, "runcycles=%d", v0xcb5289180_0 {0 0 0};
    %nor/r;
    %flag_set/vec4 8;
    %jmp/0xz  T_77.22, 8;
    %pushi/vec4 3000, 0, 32;
    %store/vec4 v0xcb5289180_0, 0, 32;
T_77.22 ;
    %load/vec4 v0xcb5289180_0;
T_77.24 %dup/vec4;
    %cmpi/s 0, 0, 32;
    %jmp/1xz T_77.25, 5;
    %jmp/1 T_77.25, 4;
    %subi 1, 0, 32;
    %wait E_0xcb524a2c0;
    %jmp T_77.24;
T_77.25 ;
    %pop/vec4 1;
    %vpi_call/w 4 107 "$display", "[tb] GPIO_OUT=%0d (beklenen %0d)", v0xcb5289540_0, v0xcb5289220_0 {0 0 0};
    %load/vec4 v0xcb5289720_0;
    %cmpi/e 0, 0, 32;
    %flag_get/vec4 4;
    %jmp/0 T_77.28, 4;
    %load/vec4 v0xcb5289220_0;
    %cmpi/s 0, 0, 32;
    %flag_get/vec4 5;
    %jmp/1 T_77.29, 5;
    %load/vec4 v0xcb5289540_0;
    %load/vec4 v0xcb5289220_0;
    %cmp/e;
    %flag_get/vec4 4;
    %or;
T_77.29;
    %and;
T_77.28;
    %flag_set/vec4 8;
    %jmp/0xz  T_77.26, 8;
    %vpi_call/w 4 109 "$display", "[tb] === GERCEK TOOLCHAIN -> LOADER TESTI GECTI ===" {0 0 0};
    %jmp T_77.27;
T_77.26 ;
    %vpi_call/w 4 111 "$display", "[tb] === BASARISIZ ===" {0 0 0};
T_77.27 ;
    %vpi_call/w 4 112 "$finish" {0 0 0};
    %end;
    .thread T_77;
    .scope S_0x102b1d2e0;
T_78 ;
    %delay 2820130816, 4;
    %vpi_call/w 4 117 "$display", "[tb] TIMEOUT" {0 0 0};
    %vpi_call/w 4 117 "$finish" {0 0 0};
    %end;
    .thread T_78;
# The file index is used to find the file name in the following table.
:file_names 9;
    "N/A";
    "<interactive>";
    "-";
    "sim/picorv32.v";
    "sim/tb_loader_file.v";
    "fpga/tangnano9k/soc_loader.v";
    "fpga/tangnano9k/loader.v";
    "fpga/tangnano9k/uart_rx.v";
    "fpga/uart_tx.v";
