#! /opt/homebrew/Cellar/icarus-verilog/13.0/bin/vvp
:ivl_version "13.0 (stable)" "(v13_0)";
:ivl_delay_selection "TYPICAL";
:vpi_time_precision - 12;
:vpi_module "/opt/homebrew/Cellar/icarus-verilog/13.0/lib/ivl/system.vpi";
:vpi_module "/opt/homebrew/Cellar/icarus-verilog/13.0/lib/ivl/vhdl_sys.vpi";
:vpi_module "/opt/homebrew/Cellar/icarus-verilog/13.0/lib/ivl/vhdl_textio.vpi";
:vpi_module "/opt/homebrew/Cellar/icarus-verilog/13.0/lib/ivl/v2005_math.vpi";
:vpi_module "/opt/homebrew/Cellar/icarus-verilog/13.0/lib/ivl/va_math.vpi";
:vpi_module "/opt/homebrew/Cellar/icarus-verilog/13.0/lib/ivl/v2009.vpi";
S_0x100c89fe0 .scope package, "$unit" "$unit" 2 1;
 .timescale 0 0;
S_0x100c820e0 .scope module, "picorv32_axi" "picorv32_axi" 3 2517;
 .timescale -9 -12;
    .port_info 0 /INPUT 1 "clk";
    .port_info 1 /INPUT 1 "resetn";
    .port_info 2 /OUTPUT 1 "trap";
    .port_info 3 /OUTPUT 1 "mem_axi_awvalid";
    .port_info 4 /INPUT 1 "mem_axi_awready";
    .port_info 5 /OUTPUT 32 "mem_axi_awaddr";
    .port_info 6 /OUTPUT 3 "mem_axi_awprot";
    .port_info 7 /OUTPUT 1 "mem_axi_wvalid";
    .port_info 8 /INPUT 1 "mem_axi_wready";
    .port_info 9 /OUTPUT 32 "mem_axi_wdata";
    .port_info 10 /OUTPUT 4 "mem_axi_wstrb";
    .port_info 11 /INPUT 1 "mem_axi_bvalid";
    .port_info 12 /OUTPUT 1 "mem_axi_bready";
    .port_info 13 /OUTPUT 1 "mem_axi_arvalid";
    .port_info 14 /INPUT 1 "mem_axi_arready";
    .port_info 15 /OUTPUT 32 "mem_axi_araddr";
    .port_info 16 /OUTPUT 3 "mem_axi_arprot";
    .port_info 17 /INPUT 1 "mem_axi_rvalid";
    .port_info 18 /OUTPUT 1 "mem_axi_rready";
    .port_info 19 /INPUT 32 "mem_axi_rdata";
    .port_info 20 /OUTPUT 1 "pcpi_valid";
    .port_info 21 /OUTPUT 32 "pcpi_insn";
    .port_info 22 /OUTPUT 32 "pcpi_rs1";
    .port_info 23 /OUTPUT 32 "pcpi_rs2";
    .port_info 24 /INPUT 1 "pcpi_wr";
    .port_info 25 /INPUT 32 "pcpi_rd";
    .port_info 26 /INPUT 1 "pcpi_wait";
    .port_info 27 /INPUT 1 "pcpi_ready";
    .port_info 28 /INPUT 32 "irq";
    .port_info 29 /OUTPUT 32 "eoi";
    .port_info 30 /OUTPUT 1 "trace_valid";
    .port_info 31 /OUTPUT 36 "trace_data";
P_0x854e04e00 .param/l "BARREL_SHIFTER" 0 3 2523, C4<0>;
P_0x854e04e40 .param/l "CATCH_ILLINSN" 0 3 2528, C4<1>;
P_0x854e04e80 .param/l "CATCH_MISALIGN" 0 3 2527, C4<1>;
P_0x854e04ec0 .param/l "COMPRESSED_ISA" 0 3 2526, C4<0>;
P_0x854e04f00 .param/l "ENABLE_COUNTERS" 0 3 2518, C4<1>;
P_0x854e04f40 .param/l "ENABLE_COUNTERS64" 0 3 2519, C4<1>;
P_0x854e04f80 .param/l "ENABLE_DIV" 0 3 2532, C4<0>;
P_0x854e04fc0 .param/l "ENABLE_FAST_MUL" 0 3 2531, C4<0>;
P_0x854e05000 .param/l "ENABLE_IRQ" 0 3 2533, C4<0>;
P_0x854e05040 .param/l "ENABLE_IRQ_QREGS" 0 3 2534, C4<1>;
P_0x854e05080 .param/l "ENABLE_IRQ_TIMER" 0 3 2535, C4<1>;
P_0x854e050c0 .param/l "ENABLE_MUL" 0 3 2530, C4<0>;
P_0x854e05100 .param/l "ENABLE_PCPI" 0 3 2529, C4<0>;
P_0x854e05140 .param/l "ENABLE_REGS_16_31" 0 3 2520, C4<1>;
P_0x854e05180 .param/l "ENABLE_REGS_DUALPORT" 0 3 2521, C4<1>;
P_0x854e051c0 .param/l "ENABLE_TRACE" 0 3 2536, C4<0>;
P_0x854e05200 .param/l "LATCHED_IRQ" 0 3 2539, C4<11111111111111111111111111111111>;
P_0x854e05240 .param/l "MASKED_IRQ" 0 3 2538, C4<00000000000000000000000000000000>;
P_0x854e05280 .param/l "PROGADDR_IRQ" 0 3 2541, C4<00000000000000000000000000010000>;
P_0x854e052c0 .param/l "PROGADDR_RESET" 0 3 2540, C4<00000000000000000000000000000000>;
P_0x854e05300 .param/l "REGS_INIT_ZERO" 0 3 2537, C4<0>;
P_0x854e05340 .param/l "STACKADDR" 0 3 2542, C4<11111111111111111111111111111111>;
P_0x854e05380 .param/l "TWO_CYCLE_ALU" 0 3 2525, C4<0>;
P_0x854e053c0 .param/l "TWO_CYCLE_COMPARE" 0 3 2524, C4<0>;
P_0x854e05400 .param/l "TWO_STAGE_SHIFT" 0 3 2522, C4<1>;
o0x855444310 .functor BUFZ 1, c4<z>; HiZ drive
v0x854e70640_0 .net "clk", 0 0, o0x855444310;  0 drivers
v0x854e706e0_0 .net "eoi", 31 0, v0x854e6a260_0;  1 drivers
o0x855447130 .functor BUFZ 32, c4<zzzzzzzzzzzzzzzzzzzzzzzzzzzzzzzz>; HiZ drive
v0x854e70780_0 .net "irq", 31 0, o0x855447130;  0 drivers
v0x854e70820_0 .net "mem_addr", 31 0, v0x854e6d680_0;  1 drivers
v0x854e708c0_0 .net "mem_axi_araddr", 31 0, L_0x855089880;  1 drivers
v0x854e70960_0 .net "mem_axi_arprot", 2 0, L_0x854d95680;  1 drivers
o0x8554443d0 .functor BUFZ 1, c4<z>; HiZ drive
v0x854e70a00_0 .net "mem_axi_arready", 0 0, o0x8554443d0;  0 drivers
v0x854e70aa0_0 .net "mem_axi_arvalid", 0 0, L_0x855178380;  1 drivers
v0x854e70b40_0 .net "mem_axi_awaddr", 31 0, L_0x855089810;  1 drivers
L_0x855478010 .functor BUFT 1, C4<000>, C4<0>, C4<0>, C4<0>;
v0x854e70be0_0 .net "mem_axi_awprot", 2 0, L_0x855478010;  1 drivers
o0x855444490 .functor BUFZ 1, c4<z>; HiZ drive
v0x854e70c80_0 .net "mem_axi_awready", 0 0, o0x855444490;  0 drivers
v0x854e70d20_0 .net "mem_axi_awvalid", 0 0, L_0x855178fc0;  1 drivers
v0x854e70dc0_0 .net "mem_axi_bready", 0 0, L_0x8551782a0;  1 drivers
o0x855444520 .functor BUFZ 1, c4<z>; HiZ drive
v0x854e70e60_0 .net "mem_axi_bvalid", 0 0, o0x855444520;  0 drivers
o0x855444550 .functor BUFZ 32, c4<zzzzzzzzzzzzzzzzzzzzzzzzzzzzzzzz>; HiZ drive
v0x854e70f00_0 .net "mem_axi_rdata", 31 0, o0x855444550;  0 drivers
v0x854e70fa0_0 .net "mem_axi_rready", 0 0, L_0x855178310;  1 drivers
o0x8554445b0 .functor BUFZ 1, c4<z>; HiZ drive
v0x854e71040_0 .net "mem_axi_rvalid", 0 0, o0x8554445b0;  0 drivers
v0x854e710e0_0 .net "mem_axi_wdata", 31 0, L_0x8550898f0;  1 drivers
o0x855444610 .functor BUFZ 1, c4<z>; HiZ drive
v0x854e71180_0 .net "mem_axi_wready", 0 0, o0x855444610;  0 drivers
v0x854e71220_0 .net "mem_axi_wstrb", 3 0, L_0x855089960;  1 drivers
v0x854e712c0_0 .net "mem_axi_wvalid", 0 0, L_0x855178460;  1 drivers
v0x854e71360_0 .net "mem_instr", 0 0, v0x854e6dae0_0;  1 drivers
v0x854e71400_0 .net "mem_rdata", 31 0, L_0x8550899d0;  1 drivers
v0x854e714a0_0 .net "mem_ready", 0 0, L_0x855178230;  1 drivers
v0x854e71540_0 .net "mem_valid", 0 0, v0x854e6e620_0;  1 drivers
v0x854e715e0_0 .net "mem_wdata", 31 0, v0x854e6e6c0_0;  1 drivers
v0x854e71680_0 .net "mem_wstrb", 3 0, v0x854e6e800_0;  1 drivers
v0x854e71720_0 .net "pcpi_insn", 31 0, v0x854e6ee40_0;  1 drivers
o0x855447eb0 .functor BUFZ 32, c4<zzzzzzzzzzzzzzzzzzzzzzzzzzzzzzzz>; HiZ drive
v0x854e717c0_0 .net "pcpi_rd", 31 0, o0x855447eb0;  0 drivers
o0x855447ee0 .functor BUFZ 1, c4<z>; HiZ drive
v0x854e71860_0 .net "pcpi_ready", 0 0, o0x855447ee0;  0 drivers
v0x854e71900_0 .net "pcpi_rs1", 31 0, L_0x855089d50;  1 drivers
v0x854e719a0_0 .net "pcpi_rs2", 31 0, L_0x855089dc0;  1 drivers
v0x854e71a40_0 .net "pcpi_valid", 0 0, v0x854e6f700_0;  1 drivers
o0x855447fd0 .functor BUFZ 1, c4<z>; HiZ drive
v0x854e71ae0_0 .net "pcpi_wait", 0 0, o0x855447fd0;  0 drivers
o0x855448000 .functor BUFZ 1, c4<z>; HiZ drive
v0x854e71b80_0 .net "pcpi_wr", 0 0, o0x855448000;  0 drivers
o0x8554447c0 .functor BUFZ 1, c4<z>; HiZ drive
v0x854e71c20_0 .net "resetn", 0 0, o0x8554447c0;  0 drivers
v0x854e71cc0_0 .net "trace_data", 35 0, v0x854e70460_0;  1 drivers
v0x854e71d60_0 .net "trace_valid", 0 0, v0x854e70500_0;  1 drivers
v0x854e71e00_0 .net "trap", 0 0, v0x854e705a0_0;  1 drivers
S_0x100c7fc30 .scope module, "axi_adapter" "picorv32_axi_adapter" 3 2619, 3 2731 0, S_0x100c820e0;
 .timescale -9 -12;
    .port_info 0 /INPUT 1 "clk";
    .port_info 1 /INPUT 1 "resetn";
    .port_info 2 /OUTPUT 1 "mem_axi_awvalid";
    .port_info 3 /INPUT 1 "mem_axi_awready";
    .port_info 4 /OUTPUT 32 "mem_axi_awaddr";
    .port_info 5 /OUTPUT 3 "mem_axi_awprot";
    .port_info 6 /OUTPUT 1 "mem_axi_wvalid";
    .port_info 7 /INPUT 1 "mem_axi_wready";
    .port_info 8 /OUTPUT 32 "mem_axi_wdata";
    .port_info 9 /OUTPUT 4 "mem_axi_wstrb";
    .port_info 10 /INPUT 1 "mem_axi_bvalid";
    .port_info 11 /OUTPUT 1 "mem_axi_bready";
    .port_info 12 /OUTPUT 1 "mem_axi_arvalid";
    .port_info 13 /INPUT 1 "mem_axi_arready";
    .port_info 14 /OUTPUT 32 "mem_axi_araddr";
    .port_info 15 /OUTPUT 3 "mem_axi_arprot";
    .port_info 16 /INPUT 1 "mem_axi_rvalid";
    .port_info 17 /OUTPUT 1 "mem_axi_rready";
    .port_info 18 /INPUT 32 "mem_axi_rdata";
    .port_info 19 /INPUT 1 "mem_valid";
    .port_info 20 /INPUT 1 "mem_instr";
    .port_info 21 /OUTPUT 1 "mem_ready";
    .port_info 22 /INPUT 32 "mem_addr";
    .port_info 23 /INPUT 32 "mem_wdata";
    .port_info 24 /INPUT 4 "mem_wstrb";
    .port_info 25 /OUTPUT 32 "mem_rdata";
L_0x855178f50 .functor AND 1, v0x854e6e620_0, L_0x854d95400, C4<1>, C4<1>;
L_0x855178fc0 .functor AND 1, L_0x855178f50, L_0x854d954a0, C4<1>, C4<1>;
L_0x855089810 .functor BUFZ 32, v0x854e6d680_0, C4<00000000000000000000000000000000>, C4<00000000000000000000000000000000>, C4<00000000000000000000000000000000>;
L_0x855179030 .functor AND 1, v0x854e6e620_0, L_0x854d95540, C4<1>, C4<1>;
L_0x855178380 .functor AND 1, L_0x855179030, L_0x854d955e0, C4<1>, C4<1>;
L_0x855089880 .functor BUFZ 32, v0x854e6d680_0, C4<00000000000000000000000000000000>, C4<00000000000000000000000000000000>, C4<00000000000000000000000000000000>;
L_0x8551783f0 .functor AND 1, v0x854e6e620_0, L_0x854d95720, C4<1>, C4<1>;
L_0x855178460 .functor AND 1, L_0x8551783f0, L_0x854d957c0, C4<1>, C4<1>;
L_0x8550898f0 .functor BUFZ 32, v0x854e6e6c0_0, C4<00000000000000000000000000000000>, C4<00000000000000000000000000000000>, C4<00000000000000000000000000000000>;
L_0x855089960 .functor BUFZ 4, v0x854e6e800_0, C4<0000>, C4<0000>, C4<0000>;
L_0x855178230 .functor OR 1, o0x855444520, o0x8554445b0, C4<0>, C4<0>;
L_0x8551782a0 .functor AND 1, v0x854e6e620_0, L_0x854d95860, C4<1>, C4<1>;
L_0x855178310 .functor AND 1, v0x854e6e620_0, L_0x854d95900, C4<1>, C4<1>;
L_0x8550899d0 .functor BUFZ 32, o0x855444550, C4<00000000000000000000000000000000>, C4<00000000000000000000000000000000>, C4<00000000000000000000000000000000>;
v0x854e30140_0 .net *"_ivl_1", 0 0, L_0x854d95400;  1 drivers
v0x854e301e0_0 .net *"_ivl_13", 0 0, L_0x854d95540;  1 drivers
v0x854e30280_0 .net *"_ivl_15", 0 0, L_0x855179030;  1 drivers
v0x854e30320_0 .net *"_ivl_17", 0 0, L_0x854d955e0;  1 drivers
L_0x855478058 .functor BUFT 1, C4<100>, C4<0>, C4<0>, C4<0>;
v0x854e303c0_0 .net/2u *"_ivl_22", 2 0, L_0x855478058;  1 drivers
L_0x8554780a0 .functor BUFT 1, C4<000>, C4<0>, C4<0>, C4<0>;
v0x854e30460_0 .net/2u *"_ivl_24", 2 0, L_0x8554780a0;  1 drivers
v0x854e30500_0 .net *"_ivl_29", 0 0, L_0x854d95720;  1 drivers
v0x854e305a0_0 .net *"_ivl_3", 0 0, L_0x855178f50;  1 drivers
v0x854e30640_0 .net *"_ivl_31", 0 0, L_0x8551783f0;  1 drivers
v0x854e306e0_0 .net *"_ivl_33", 0 0, L_0x854d957c0;  1 drivers
v0x854e30780_0 .net *"_ivl_43", 0 0, L_0x854d95860;  1 drivers
v0x854e30820_0 .net *"_ivl_47", 0 0, L_0x854d95900;  1 drivers
v0x854e308c0_0 .net *"_ivl_5", 0 0, L_0x854d954a0;  1 drivers
v0x854e30960_0 .var "ack_arvalid", 0 0;
v0x854e30a00_0 .var "ack_awvalid", 0 0;
v0x854e30aa0_0 .var "ack_wvalid", 0 0;
v0x854e30b40_0 .net "clk", 0 0, o0x855444310;  alias, 0 drivers
v0x854e30be0_0 .net "mem_addr", 31 0, v0x854e6d680_0;  alias, 1 drivers
v0x854e30c80_0 .net "mem_axi_araddr", 31 0, L_0x855089880;  alias, 1 drivers
v0x854e30d20_0 .net "mem_axi_arprot", 2 0, L_0x854d95680;  alias, 1 drivers
v0x854e30dc0_0 .net "mem_axi_arready", 0 0, o0x8554443d0;  alias, 0 drivers
v0x854e30e60_0 .net "mem_axi_arvalid", 0 0, L_0x855178380;  alias, 1 drivers
v0x854e30f00_0 .net "mem_axi_awaddr", 31 0, L_0x855089810;  alias, 1 drivers
v0x854e30fa0_0 .net "mem_axi_awprot", 2 0, L_0x855478010;  alias, 1 drivers
v0x854e31040_0 .net "mem_axi_awready", 0 0, o0x855444490;  alias, 0 drivers
v0x854e310e0_0 .net "mem_axi_awvalid", 0 0, L_0x855178fc0;  alias, 1 drivers
v0x854e31180_0 .net "mem_axi_bready", 0 0, L_0x8551782a0;  alias, 1 drivers
v0x854e31220_0 .net "mem_axi_bvalid", 0 0, o0x855444520;  alias, 0 drivers
v0x854e312c0_0 .net "mem_axi_rdata", 31 0, o0x855444550;  alias, 0 drivers
v0x854e31360_0 .net "mem_axi_rready", 0 0, L_0x855178310;  alias, 1 drivers
v0x854e31400_0 .net "mem_axi_rvalid", 0 0, o0x8554445b0;  alias, 0 drivers
v0x854e314a0_0 .net "mem_axi_wdata", 31 0, L_0x8550898f0;  alias, 1 drivers
v0x854e31540_0 .net "mem_axi_wready", 0 0, o0x855444610;  alias, 0 drivers
v0x854e315e0_0 .net "mem_axi_wstrb", 3 0, L_0x855089960;  alias, 1 drivers
v0x854e31680_0 .net "mem_axi_wvalid", 0 0, L_0x855178460;  alias, 1 drivers
v0x854e31720_0 .net "mem_instr", 0 0, v0x854e6dae0_0;  alias, 1 drivers
v0x854e317c0_0 .net "mem_rdata", 31 0, L_0x8550899d0;  alias, 1 drivers
v0x854e31860_0 .net "mem_ready", 0 0, L_0x855178230;  alias, 1 drivers
v0x854e31900_0 .net "mem_valid", 0 0, v0x854e6e620_0;  alias, 1 drivers
v0x854e319a0_0 .net "mem_wdata", 31 0, v0x854e6e6c0_0;  alias, 1 drivers
v0x854e31a40_0 .net "mem_wstrb", 3 0, v0x854e6e800_0;  alias, 1 drivers
v0x854e31ae0_0 .net "resetn", 0 0, o0x8554447c0;  alias, 0 drivers
v0x854e31b80_0 .var "xfer_done", 0 0;
E_0x8551a9080 .event posedge, v0x854e30b40_0;
L_0x854d95400 .reduce/or v0x854e6e800_0;
L_0x854d954a0 .reduce/nor v0x854e30a00_0;
L_0x854d95540 .reduce/nor v0x854e6e800_0;
L_0x854d955e0 .reduce/nor v0x854e30960_0;
L_0x854d95680 .functor MUXZ 3, L_0x8554780a0, L_0x855478058, v0x854e6dae0_0, C4<>;
L_0x854d95720 .reduce/or v0x854e6e800_0;
L_0x854d957c0 .reduce/nor v0x854e30aa0_0;
L_0x854d95860 .reduce/or v0x854e6e800_0;
L_0x854d95900 .reduce/nor v0x854e6e800_0;
S_0x100c7fdb0 .scope module, "picorv32_core" "picorv32" 3 2674, 3 62 0, S_0x100c820e0;
 .timescale -9 -12;
    .port_info 0 /INPUT 1 "clk";
    .port_info 1 /INPUT 1 "resetn";
    .port_info 2 /OUTPUT 1 "trap";
    .port_info 3 /OUTPUT 1 "mem_valid";
    .port_info 4 /OUTPUT 1 "mem_instr";
    .port_info 5 /INPUT 1 "mem_ready";
    .port_info 6 /OUTPUT 32 "mem_addr";
    .port_info 7 /OUTPUT 32 "mem_wdata";
    .port_info 8 /OUTPUT 4 "mem_wstrb";
    .port_info 9 /INPUT 32 "mem_rdata";
    .port_info 10 /OUTPUT 1 "mem_la_read";
    .port_info 11 /OUTPUT 1 "mem_la_write";
    .port_info 12 /OUTPUT 32 "mem_la_addr";
    .port_info 13 /OUTPUT 32 "mem_la_wdata";
    .port_info 14 /OUTPUT 4 "mem_la_wstrb";
    .port_info 15 /OUTPUT 1 "pcpi_valid";
    .port_info 16 /OUTPUT 32 "pcpi_insn";
    .port_info 17 /OUTPUT 32 "pcpi_rs1";
    .port_info 18 /OUTPUT 32 "pcpi_rs2";
    .port_info 19 /INPUT 1 "pcpi_wr";
    .port_info 20 /INPUT 32 "pcpi_rd";
    .port_info 21 /INPUT 1 "pcpi_wait";
    .port_info 22 /INPUT 1 "pcpi_ready";
    .port_info 23 /INPUT 32 "irq";
    .port_info 24 /OUTPUT 32 "eoi";
    .port_info 25 /OUTPUT 1 "trace_valid";
    .port_info 26 /OUTPUT 36 "trace_data";
P_0x100c97f40 .param/l "BARREL_SHIFTER" 0 3 69, C4<0>;
P_0x100c97f80 .param/l "CATCH_ILLINSN" 0 3 74, C4<1>;
P_0x100c97fc0 .param/l "CATCH_MISALIGN" 0 3 73, C4<1>;
P_0x100c98000 .param/l "COMPRESSED_ISA" 0 3 72, C4<0>;
P_0x100c98040 .param/l "ENABLE_COUNTERS" 0 3 63, C4<1>;
P_0x100c98080 .param/l "ENABLE_COUNTERS64" 0 3 64, C4<1>;
P_0x100c980c0 .param/l "ENABLE_DIV" 0 3 78, C4<0>;
P_0x100c98100 .param/l "ENABLE_FAST_MUL" 0 3 77, C4<0>;
P_0x100c98140 .param/l "ENABLE_IRQ" 0 3 79, C4<0>;
P_0x100c98180 .param/l "ENABLE_IRQ_QREGS" 0 3 80, C4<1>;
P_0x100c981c0 .param/l "ENABLE_IRQ_TIMER" 0 3 81, C4<1>;
P_0x100c98200 .param/l "ENABLE_MUL" 0 3 76, C4<0>;
P_0x100c98240 .param/l "ENABLE_PCPI" 0 3 75, C4<0>;
P_0x100c98280 .param/l "ENABLE_REGS_16_31" 0 3 65, C4<1>;
P_0x100c982c0 .param/l "ENABLE_REGS_DUALPORT" 0 3 66, C4<1>;
P_0x100c98300 .param/l "ENABLE_TRACE" 0 3 82, C4<0>;
P_0x100c98340 .param/l "LATCHED_IRQ" 0 3 85, C4<11111111111111111111111111111111>;
P_0x100c98380 .param/l "LATCHED_MEM_RDATA" 0 3 67, C4<0>;
P_0x100c983c0 .param/l "MASKED_IRQ" 0 3 84, C4<00000000000000000000000000000000>;
P_0x100c98400 .param/l "PROGADDR_IRQ" 0 3 87, C4<00000000000000000000000000010000>;
P_0x100c98440 .param/l "PROGADDR_RESET" 0 3 86, C4<00000000000000000000000000000000>;
P_0x100c98480 .param/l "REGS_INIT_ZERO" 0 3 83, C4<0>;
P_0x100c984c0 .param/l "STACKADDR" 0 3 88, C4<11111111111111111111111111111111>;
P_0x100c98500 .param/l "TRACE_ADDR" 1 3 172, C4<001000000000000000000000000000000000>;
P_0x100c98540 .param/l "TRACE_BRANCH" 1 3 171, C4<000100000000000000000000000000000000>;
P_0x100c98580 .param/l "TRACE_IRQ" 1 3 173, C4<100000000000000000000000000000000000>;
P_0x100c985c0 .param/l "TWO_CYCLE_ALU" 0 3 71, C4<0>;
P_0x100c98600 .param/l "TWO_CYCLE_COMPARE" 0 3 70, C4<0>;
P_0x100c98640 .param/l "TWO_STAGE_SHIFT" 0 3 68, C4<1>;
P_0x100c98680 .param/l "WITH_PCPI" 1 3 169, C4<0>;
P_0x100c986c0 .param/l "cpu_state_exec" 1 3 1176, C4<00001000>;
P_0x100c98700 .param/l "cpu_state_fetch" 1 3 1173, C4<01000000>;
P_0x100c98740 .param/l "cpu_state_ld_rs1" 1 3 1174, C4<00100000>;
P_0x100c98780 .param/l "cpu_state_ld_rs2" 1 3 1175, C4<00010000>;
P_0x100c987c0 .param/l "cpu_state_ldmem" 1 3 1179, C4<00000001>;
P_0x100c98800 .param/l "cpu_state_shift" 1 3 1177, C4<00000100>;
P_0x100c98840 .param/l "cpu_state_stmem" 1 3 1178, C4<00000010>;
P_0x100c98880 .param/l "cpu_state_trap" 1 3 1172, C4<10000000>;
P_0x100c988c0 .param/l "irq_buserror" 1 3 163, +C4<00000000000000000000000000000010>;
P_0x100c98900 .param/l "irq_ebreak" 1 3 162, +C4<00000000000000000000000000000001>;
P_0x100c98940 .param/l "irq_timer" 1 3 161, +C4<00000000000000000000000000000000>;
P_0x100c98980 .param/l "irqregs_offset" 1 3 165, +C4<00000000000000000000000000100000>;
P_0x100c989c0 .param/l "regfile_size" 1 3 166, +C4<00000000000000000000000000100000>;
P_0x100c98a00 .param/l "regindex_bits" 1 3 167, +C4<00000000000000000000000000000101>;
L_0x855089a40 .functor BUFZ 1, v0x854e6e620_0, C4<0>, C4<0>, C4<0>;
L_0x855089ab0 .functor BUFZ 1, v0x854e6dae0_0, C4<0>, C4<0>, C4<0>;
L_0x855089b20 .functor BUFZ 1, L_0x855178230, C4<0>, C4<0>, C4<0>;
L_0x855089b90 .functor BUFZ 32, v0x854e6d680_0, C4<00000000000000000000000000000000>, C4<00000000000000000000000000000000>, C4<00000000000000000000000000000000>;
L_0x855089c00 .functor BUFZ 32, v0x854e6e6c0_0, C4<00000000000000000000000000000000>, C4<00000000000000000000000000000000>, C4<00000000000000000000000000000000>;
L_0x855089c70 .functor BUFZ 4, v0x854e6e800_0, C4<0000>, C4<0000>, C4<0000>;
L_0x855089ce0 .functor BUFZ 32, L_0x8550899d0, C4<00000000000000000000000000000000>, C4<00000000000000000000000000000000>, C4<00000000000000000000000000000000>;
L_0x855089d50 .functor BUFZ 32, v0x854e6fde0_0, C4<00000000000000000000000000000000>, C4<00000000000000000000000000000000>, C4<00000000000000000000000000000000>;
L_0x855089dc0 .functor BUFZ 32, v0x854e6fe80_0, C4<00000000000000000000000000000000>, C4<00000000000000000000000000000000>, C4<00000000000000000000000000000000>;
L_0x855178e70 .functor AND 1, v0x854e6e620_0, L_0x855178230, C4<1>, C4<1>;
L_0x8554783b8 .functor BUFT 1, C4<0>, C4<0>, C4<0>, C4<0>;
L_0x8551784d0 .functor AND 1, L_0x8554783b8, v0x854e6d900_0, C4<1>, C4<1>;
L_0x855178540 .functor OR 1, L_0x855178e70, L_0x8551784d0, C4<0>, C4<0>;
L_0x8551785b0 .functor AND 1, L_0x855178540, L_0x854d95ae0, C4<1>, C4<1>;
L_0x8551787e0 .functor OR 1, v0x854e6d900_0, v0x854e6d860_0, C4<0>, C4<0>;
L_0x855178850 .functor OR 1, L_0x8551787e0, v0x854e6d9a0_0, C4<0>, C4<0>;
L_0x855178700 .functor AND 1, L_0x8551785b0, L_0x855178850, C4<1>, C4<1>;
L_0x8551788c0 .functor AND 1, L_0x854d95b80, v0x854e6d900_0, C4<1>, C4<1>;
L_0x8551789a0 .functor OR 1, L_0x855178700, L_0x8551788c0, C4<0>, C4<0>;
L_0x855178a80 .functor AND 1, o0x8554447c0, L_0x8551789a0, C4<1>, C4<1>;
L_0x855178bd0 .functor AND 1, L_0x854d95cc0, L_0x855178540, C4<1>, C4<1>;
L_0x855178d20 .functor OR 1, L_0x854d95c20, L_0x855178bd0, C4<0>, C4<0>;
L_0x855178000 .functor AND 1, L_0x855178a80, L_0x855178d20, C4<1>, C4<1>;
L_0x8551790a0 .functor AND 1, o0x8554447c0, L_0x854d95d60, C4<1>, C4<1>;
L_0x855179110 .functor AND 1, L_0x8551790a0, v0x854e6d9a0_0, C4<1>, C4<1>;
L_0x855179180 .functor AND 1, L_0x854d95e00, L_0x854d95ea0, C4<1>, C4<1>;
L_0x8551791f0 .functor OR 1, v0x854e6d900_0, v0x854e6d7c0_0, C4<0>, C4<0>;
L_0x855179260 .functor OR 1, L_0x8551791f0, v0x854e6d860_0, C4<0>, C4<0>;
L_0x8551792d0 .functor AND 1, L_0x855179180, L_0x855179260, C4<1>, C4<1>;
L_0x855478400 .functor BUFT 1, C4<0>, C4<0>, C4<0>, C4<0>;
L_0x855179340 .functor OR 1, L_0x8551792d0, L_0x855478400, C4<0>, C4<0>;
L_0x8551793b0 .functor AND 1, o0x8554447c0, L_0x855179340, C4<1>, C4<1>;
L_0x855179420 .functor OR 1, v0x854e6d7c0_0, v0x854e6d900_0, C4<0>, C4<0>;
L_0x8554784d8 .functor BUFT 1, C4<0>, C4<0>, C4<0>, C4<0>;
L_0x855179490 .functor OR 1, L_0x855178540, L_0x8554784d8, C4<0>, C4<0>;
L_0x855089e30 .functor BUFZ 32, L_0x854d961c0, C4<00000000000000000000000000000000>, C4<00000000000000000000000000000000>, C4<00000000000000000000000000000000>;
L_0x855478520 .functor BUFT 1, C4<1>, C4<0>, C4<0>, C4<0>;
L_0x855179500 .functor AND 1, L_0x855478520, L_0x854d96300, C4<1>, C4<1>;
L_0x855179570 .functor AND 1, v0x854e6d4a0_0, v0x854e6d040_0, C4<1>, C4<1>;
L_0x855478568 .functor BUFT 1, C4<11111111111111111111111111111110>, C4<0>, C4<0>, C4<0>;
L_0x8551795e0 .functor AND 32, v0x854e6ff20_0, L_0x855478568, C4<11111111111111111111111111111111>, C4<11111111111111111111111111111111>;
L_0x855179650 .functor AND 1, L_0x854e95cc0, v0x854e6a080_0, C4<1>, C4<1>;
L_0x8554785f8 .functor BUFT 1, C4<1>, C4<0>, C4<0>, C4<0>;
L_0x8551796c0 .functor AND 1, L_0x855179650, L_0x8554785f8, C4<1>, C4<1>;
v0x854e31c20_0 .net *"_ivl_100", 31 0, L_0x854d95fe0;  1 drivers
v0x854e31cc0_0 .net *"_ivl_103", 29 0, L_0x854e95c20;  1 drivers
L_0x855478490 .functor BUFT 1, C4<00>, C4<0>, C4<0>, C4<0>;
v0x854e31d60_0 .net/2u *"_ivl_104", 1 0, L_0x855478490;  1 drivers
v0x854e31e00_0 .net *"_ivl_106", 31 0, L_0x854d96080;  1 drivers
v0x854e31ea0_0 .net/2u *"_ivl_110", 0 0, L_0x8554784d8;  1 drivers
v0x854e31f40_0 .net *"_ivl_113", 0 0, L_0x855179490;  1 drivers
v0x854e31fe0_0 .net/2u *"_ivl_118", 0 0, L_0x855478520;  1 drivers
v0x854e32080_0 .net *"_ivl_120", 47 0, L_0x854d96260;  1 drivers
v0x854e32120_0 .net *"_ivl_123", 0 0, L_0x854d96300;  1 drivers
v0x854e321c0_0 .net *"_ivl_126", 3 0, L_0x854d963a0;  1 drivers
v0x854e32260_0 .net *"_ivl_131", 0 0, L_0x855179570;  1 drivers
v0x854e32300_0 .net/2u *"_ivl_132", 31 0, L_0x855478568;  1 drivers
v0x854e323a0_0 .net *"_ivl_134", 31 0, L_0x8551795e0;  1 drivers
L_0x8554785b0 .functor BUFT 1, C4<01000000>, C4<0>, C4<0>, C4<0>;
v0x854e32440_0 .net/2u *"_ivl_138", 7 0, L_0x8554785b0;  1 drivers
v0x854e324e0_0 .net *"_ivl_140", 0 0, L_0x854e95cc0;  1 drivers
v0x854e32580_0 .net *"_ivl_143", 0 0, L_0x855179650;  1 drivers
v0x854e32620_0 .net/2u *"_ivl_144", 0 0, L_0x8554785f8;  1 drivers
v0x854e326c0_0 .net *"_ivl_25", 0 0, L_0x855178e70;  1 drivers
v0x854e32760_0 .net *"_ivl_27", 0 0, L_0x8551784d0;  1 drivers
v0x854e32800_0 .net *"_ivl_30", 3 0, L_0x854d959a0;  1 drivers
v0x854e328a0_0 .net *"_ivl_35", 0 0, L_0x854d95ae0;  1 drivers
v0x854e32940_0 .net *"_ivl_37", 0 0, L_0x8551785b0;  1 drivers
v0x854e329e0_0 .net *"_ivl_39", 0 0, L_0x8551787e0;  1 drivers
v0x854e32a80_0 .net *"_ivl_41", 0 0, L_0x855178850;  1 drivers
v0x854e32b20_0 .net *"_ivl_43", 0 0, L_0x855178700;  1 drivers
v0x854e32bc0_0 .net *"_ivl_45", 0 0, L_0x854d95b80;  1 drivers
v0x854e32c60_0 .net *"_ivl_47", 0 0, L_0x8551788c0;  1 drivers
v0x854e32d00_0 .net *"_ivl_49", 0 0, L_0x8551789a0;  1 drivers
v0x854e32da0_0 .net *"_ivl_51", 0 0, L_0x855178a80;  1 drivers
v0x854e32e40_0 .net *"_ivl_53", 0 0, L_0x854d95c20;  1 drivers
v0x854e32ee0_0 .net *"_ivl_55", 1 0, L_0x854e95ae0;  1 drivers
v0x854e32f80_0 .net *"_ivl_57", 0 0, L_0x854d95cc0;  1 drivers
v0x854e33020_0 .net *"_ivl_59", 0 0, L_0x855178bd0;  1 drivers
v0x854e330c0_0 .net *"_ivl_61", 0 0, L_0x855178d20;  1 drivers
v0x854e33160_0 .net *"_ivl_65", 0 0, L_0x854d95d60;  1 drivers
v0x854e33200_0 .net *"_ivl_67", 0 0, L_0x8551790a0;  1 drivers
v0x854e332a0_0 .net *"_ivl_71", 0 0, L_0x854d95e00;  1 drivers
v0x854e33340_0 .net *"_ivl_73", 0 0, L_0x854d95ea0;  1 drivers
v0x854e333e0_0 .net *"_ivl_75", 0 0, L_0x855179180;  1 drivers
v0x854e33480_0 .net *"_ivl_77", 0 0, L_0x8551791f0;  1 drivers
v0x854e33520_0 .net *"_ivl_79", 0 0, L_0x855179260;  1 drivers
v0x854e335c0_0 .net *"_ivl_81", 0 0, L_0x8551792d0;  1 drivers
v0x854e33660_0 .net/2u *"_ivl_82", 0 0, L_0x855478400;  1 drivers
v0x854e33700_0 .net *"_ivl_85", 0 0, L_0x855179340;  1 drivers
v0x854e337a0_0 .net *"_ivl_89", 0 0, L_0x855179420;  1 drivers
v0x854e33840_0 .net *"_ivl_91", 29 0, L_0x854e95b80;  1 drivers
L_0x8554792a0 .functor BUFT 1, C4<000000000000000000000000000000>, C4<0>, C4<0>, C4<0>;
v0x854e338e0_0 .net *"_ivl_92", 29 0, L_0x8554792a0;  1 drivers
v0x854e33980_0 .net *"_ivl_96", 29 0, L_0x854d95f40;  1 drivers
L_0x855478448 .functor BUFT 1, C4<00>, C4<0>, C4<0>, C4<0>;
v0x854e33a20_0 .net/2u *"_ivl_98", 1 0, L_0x855478448;  1 drivers
v0x854e33ac0_0 .var "alu_add_sub", 31 0;
v0x854e33b60_0 .var "alu_eq", 0 0;
v0x854e33c00_0 .var "alu_lts", 0 0;
v0x854e33ca0_0 .var "alu_ltu", 0 0;
v0x854e33d40_0 .var "alu_out", 31 0;
v0x854e33de0_0 .var "alu_out_0", 0 0;
v0x854e33e80_0 .var "alu_out_0_q", 0 0;
v0x854e33f20_0 .var "alu_out_q", 31 0;
v0x854e68000_0 .var "alu_shl", 31 0;
v0x854e680a0_0 .var "alu_shr", 31 0;
v0x854e68140_0 .var "alu_wait", 0 0;
v0x854e681e0_0 .var "alu_wait_2", 0 0;
v0x854e68280_0 .var "cached_ascii_instr", 63 0;
v0x854e68320_0 .var "cached_insn_imm", 31 0;
v0x854e683c0_0 .var "cached_insn_opcode", 31 0;
v0x854e68460_0 .var "cached_insn_rd", 4 0;
v0x854e68500_0 .var "cached_insn_rs1", 4 0;
v0x854e685a0_0 .var "cached_insn_rs2", 4 0;
v0x854e68640_0 .var "clear_prefetched_high_word", 0 0;
v0x854e686e0_0 .var "clear_prefetched_high_word_q", 0 0;
v0x854e68780_0 .net "clk", 0 0, o0x855444310;  alias, 0 drivers
v0x854e68820_0 .var "compressed_instr", 0 0;
v0x854e688c0_0 .var "count_cycle", 63 0;
v0x854e68960_0 .var "count_instr", 63 0;
v0x854e68a00_0 .var "cpu_state", 7 0;
v0x854e68aa0 .array "cpuregs", 31 0, 31 0;
v0x854e68b40_0 .var "cpuregs_rs1", 31 0;
v0x854e68be0_0 .var "cpuregs_rs2", 31 0;
v0x854e68c80_0 .var "cpuregs_wrdata", 31 0;
v0x854e68d20_0 .var "cpuregs_write", 0 0;
v0x854e68dc0_0 .var "current_pc", 31 0;
v0x854e68e60_0 .var "dbg_ascii_instr", 63 0;
v0x854e68f00_0 .var "dbg_ascii_state", 127 0;
v0x854e68fa0_0 .var "dbg_insn_addr", 31 0;
v0x854e69040_0 .var "dbg_insn_imm", 31 0;
v0x854e690e0_0 .var "dbg_insn_opcode", 31 0;
v0x854e69180_0 .var "dbg_insn_rd", 4 0;
v0x854e69220_0 .var "dbg_insn_rs1", 4 0;
v0x854e692c0_0 .var "dbg_insn_rs2", 4 0;
v0x854e69360_0 .net "dbg_mem_addr", 31 0, L_0x855089b90;  1 drivers
v0x854e69400_0 .net "dbg_mem_instr", 0 0, L_0x855089ab0;  1 drivers
v0x854e694a0_0 .net "dbg_mem_rdata", 31 0, L_0x855089ce0;  1 drivers
v0x854e69540_0 .net "dbg_mem_ready", 0 0, L_0x855089b20;  1 drivers
v0x854e695e0_0 .net "dbg_mem_valid", 0 0, L_0x855089a40;  1 drivers
v0x854e69680_0 .net "dbg_mem_wdata", 31 0, L_0x855089c00;  1 drivers
v0x854e69720_0 .net "dbg_mem_wstrb", 3 0, L_0x855089c70;  1 drivers
v0x854e697c0_0 .var "dbg_next", 0 0;
v0x854e69860_0 .var "dbg_rs1val", 31 0;
v0x854e69900_0 .var "dbg_rs1val_valid", 0 0;
v0x854e699a0_0 .var "dbg_rs2val", 31 0;
v0x854e69a40_0 .var "dbg_rs2val_valid", 0 0;
v0x854e69ae0_0 .var "dbg_valid_insn", 0 0;
v0x854e69b80_0 .var "decoded_imm", 31 0;
v0x854e69c20_0 .var "decoded_imm_j", 31 0;
v0x854e69cc0_0 .var "decoded_rd", 4 0;
v0x854e69d60_0 .var "decoded_rs", 4 0;
v0x854e69e00_0 .var "decoded_rs1", 4 0;
v0x854e69ea0_0 .var "decoded_rs2", 4 0;
v0x854e69f40_0 .var "decoder_pseudo_trigger", 0 0;
v0x854e69fe0_0 .var "decoder_pseudo_trigger_q", 0 0;
v0x854e6a080_0 .var "decoder_trigger", 0 0;
v0x854e6a120_0 .var "decoder_trigger_q", 0 0;
v0x854e6a1c0_0 .var "do_waitirq", 0 0;
v0x854e6a260_0 .var "eoi", 31 0;
v0x854e6a300_0 .var "instr_add", 0 0;
v0x854e6a3a0_0 .var "instr_addi", 0 0;
v0x854e6a440_0 .var "instr_and", 0 0;
v0x854e6a4e0_0 .var "instr_andi", 0 0;
v0x854e6a580_0 .var "instr_auipc", 0 0;
v0x854e6a620_0 .var "instr_beq", 0 0;
v0x854e6a6c0_0 .var "instr_bge", 0 0;
v0x854e6a760_0 .var "instr_bgeu", 0 0;
v0x854e6a800_0 .var "instr_blt", 0 0;
v0x854e6a8a0_0 .var "instr_bltu", 0 0;
v0x854e6a940_0 .var "instr_bne", 0 0;
v0x854e6a9e0_0 .var "instr_ecall_ebreak", 0 0;
v0x854e6aa80_0 .var "instr_fence", 0 0;
v0x854e6ab20_0 .var "instr_getq", 0 0;
v0x854e6abc0_0 .var "instr_jal", 0 0;
v0x854e6ac60_0 .var "instr_jalr", 0 0;
v0x854e6ad00_0 .var "instr_lb", 0 0;
v0x854e6ada0_0 .var "instr_lbu", 0 0;
v0x854e6ae40_0 .var "instr_lh", 0 0;
v0x854e6aee0_0 .var "instr_lhu", 0 0;
v0x854e6af80_0 .var "instr_lui", 0 0;
v0x854e6b020_0 .var "instr_lw", 0 0;
v0x854e6b0c0_0 .var "instr_maskirq", 0 0;
v0x854e6b160_0 .var "instr_or", 0 0;
v0x854e6b200_0 .var "instr_ori", 0 0;
v0x854e6b2a0_0 .var "instr_rdcycle", 0 0;
v0x854e6b340_0 .var "instr_rdcycleh", 0 0;
v0x854e6b3e0_0 .var "instr_rdinstr", 0 0;
v0x854e6b480_0 .var "instr_rdinstrh", 0 0;
v0x854e6b520_0 .var "instr_retirq", 0 0;
v0x854e6b5c0_0 .var "instr_sb", 0 0;
v0x854e6b660_0 .var "instr_setq", 0 0;
v0x854e6b700_0 .var "instr_sh", 0 0;
v0x854e6b7a0_0 .var "instr_sll", 0 0;
v0x854e6b840_0 .var "instr_slli", 0 0;
v0x854e6b8e0_0 .var "instr_slt", 0 0;
v0x854e6b980_0 .var "instr_slti", 0 0;
v0x854e6ba20_0 .var "instr_sltiu", 0 0;
v0x854e6bac0_0 .var "instr_sltu", 0 0;
v0x854e6bb60_0 .var "instr_sra", 0 0;
v0x854e6bc00_0 .var "instr_srai", 0 0;
v0x854e6bca0_0 .var "instr_srl", 0 0;
v0x854e6bd40_0 .var "instr_srli", 0 0;
v0x854e6bde0_0 .var "instr_sub", 0 0;
v0x854e6be80_0 .var "instr_sw", 0 0;
v0x854e6bf20_0 .var "instr_timer", 0 0;
v0x854e6c000_0 .net "instr_trap", 0 0, L_0x855179500;  1 drivers
v0x854e6c0a0_0 .var "instr_waitirq", 0 0;
v0x854e6c140_0 .var "instr_xor", 0 0;
v0x854e6c1e0_0 .var "instr_xori", 0 0;
v0x854e6c280_0 .net "irq", 31 0, o0x855447130;  alias, 0 drivers
v0x854e6c320_0 .var "irq_active", 0 0;
v0x854e6c3c0_0 .var "irq_delay", 0 0;
v0x854e6c460_0 .var "irq_mask", 31 0;
v0x854e6c500_0 .var "irq_pending", 31 0;
v0x854e6c5a0_0 .var "irq_state", 1 0;
v0x854e6c640_0 .var "is_alu_reg_imm", 0 0;
v0x854e6c6e0_0 .var "is_alu_reg_reg", 0 0;
v0x854e6c780_0 .var "is_beq_bne_blt_bge_bltu_bgeu", 0 0;
v0x854e6c820_0 .var "is_compare", 0 0;
v0x854e6c8c0_0 .var "is_jalr_addi_slti_sltiu_xori_ori_andi", 0 0;
v0x854e6c960_0 .var "is_lb_lh_lw_lbu_lhu", 0 0;
v0x854e6ca00_0 .var "is_lbu_lhu_lw", 0 0;
v0x854e6caa0_0 .var "is_lui_auipc_jal", 0 0;
v0x854e6cb40_0 .var "is_lui_auipc_jal_jalr_addi_add_sub", 0 0;
v0x854e6cbe0_0 .net "is_rdcycle_rdcycleh_rdinstr_rdinstrh", 0 0, L_0x854d96440;  1 drivers
v0x854e6cc80_0 .var "is_sb_sh_sw", 0 0;
v0x854e6cd20_0 .var "is_sll_srl_sra", 0 0;
v0x854e6cdc0_0 .var "is_slli_srli_srai", 0 0;
v0x854e6ce60_0 .var "is_slti_blt_slt", 0 0;
v0x854e6cf00_0 .var "is_sltiu_bltu_sltu", 0 0;
v0x854e6cfa0_0 .var "last_mem_valid", 0 0;
v0x854e6d040_0 .var "latched_branch", 0 0;
v0x854e6d0e0_0 .var "latched_compr", 0 0;
v0x854e6d180_0 .var "latched_is_lb", 0 0;
v0x854e6d220_0 .var "latched_is_lh", 0 0;
v0x854e6d2c0_0 .var "latched_is_lu", 0 0;
v0x854e6d360_0 .var "latched_rd", 4 0;
v0x854e6d400_0 .var "latched_stalu", 0 0;
v0x854e6d4a0_0 .var "latched_store", 0 0;
v0x854e6d540_0 .var "latched_trace", 0 0;
v0x854e6d5e0_0 .net "launch_next_insn", 0 0, L_0x8551796c0;  1 drivers
v0x854e6d680_0 .var "mem_addr", 31 0;
v0x854e6d720_0 .net "mem_busy", 0 0, L_0x854d95a40;  1 drivers
v0x854e6d7c0_0 .var "mem_do_prefetch", 0 0;
v0x854e6d860_0 .var "mem_do_rdata", 0 0;
v0x854e6d900_0 .var "mem_do_rinst", 0 0;
v0x854e6d9a0_0 .var "mem_do_wdata", 0 0;
v0x854e6da40_0 .net "mem_done", 0 0, L_0x855178000;  1 drivers
v0x854e6dae0_0 .var "mem_instr", 0 0;
v0x854e6db80_0 .net "mem_la_addr", 31 0, L_0x854d96120;  1 drivers
L_0x855478328 .functor BUFT 1, C4<0>, C4<0>, C4<0>, C4<0>;
v0x854e6dc20_0 .net "mem_la_firstword", 0 0, L_0x855478328;  1 drivers
v0x854e6dcc0_0 .var "mem_la_firstword_reg", 0 0;
L_0x855478370 .functor BUFT 1, C4<0>, C4<0>, C4<0>, C4<0>;
v0x854e6dd60_0 .net "mem_la_firstword_xfer", 0 0, L_0x855478370;  1 drivers
v0x854e6de00_0 .net "mem_la_read", 0 0, L_0x8551793b0;  1 drivers
v0x854e6dea0_0 .var "mem_la_secondword", 0 0;
v0x854e6df40_0 .net "mem_la_use_prefetched_high_word", 0 0, L_0x8554783b8;  1 drivers
v0x854e6dfe0_0 .var "mem_la_wdata", 31 0;
v0x854e6e080_0 .net "mem_la_write", 0 0, L_0x855179110;  1 drivers
v0x854e6e120_0 .var "mem_la_wstrb", 3 0;
v0x854e6e1c0_0 .net "mem_rdata", 31 0, L_0x8550899d0;  alias, 1 drivers
v0x854e6e260_0 .net "mem_rdata_latched", 31 0, L_0x855089e30;  1 drivers
v0x854e6e300_0 .net "mem_rdata_latched_noshuffle", 31 0, L_0x854d961c0;  1 drivers
v0x854e6e3a0_0 .var "mem_rdata_q", 31 0;
v0x854e6e440_0 .var "mem_rdata_word", 31 0;
v0x854e6e4e0_0 .net "mem_ready", 0 0, L_0x855178230;  alias, 1 drivers
v0x854e6e580_0 .var "mem_state", 1 0;
v0x854e6e620_0 .var "mem_valid", 0 0;
v0x854e6e6c0_0 .var "mem_wdata", 31 0;
v0x854e6e760_0 .var "mem_wordsize", 1 0;
v0x854e6e800_0 .var "mem_wstrb", 3 0;
v0x854e6e8a0_0 .net "mem_xfer", 0 0, L_0x855178540;  1 drivers
v0x854e6e940_0 .var "new_ascii_instr", 63 0;
v0x854e6e9e0_0 .var "next_insn_opcode", 31 0;
v0x854e6ea80_0 .var "next_irq_pending", 31 0;
v0x854e6eb20_0 .net "next_pc", 31 0, L_0x854d964e0;  1 drivers
L_0x855478250 .functor BUFT 1, C4<xxxxxxxxxxxxxxxxxxxxxxxxxxxxxxxx>, C4<0>, C4<0>, C4<0>;
v0x854e6ebc0_0 .net "pcpi_div_rd", 31 0, L_0x855478250;  1 drivers
L_0x8554782e0 .functor BUFT 1, C4<0>, C4<0>, C4<0>, C4<0>;
v0x854e6ec60_0 .net "pcpi_div_ready", 0 0, L_0x8554782e0;  1 drivers
L_0x855478298 .functor BUFT 1, C4<0>, C4<0>, C4<0>, C4<0>;
v0x854e6ed00_0 .net "pcpi_div_wait", 0 0, L_0x855478298;  1 drivers
L_0x855478208 .functor BUFT 1, C4<0>, C4<0>, C4<0>, C4<0>;
v0x854e6eda0_0 .net "pcpi_div_wr", 0 0, L_0x855478208;  1 drivers
v0x854e6ee40_0 .var "pcpi_insn", 31 0;
v0x854e6eee0_0 .var "pcpi_int_rd", 31 0;
v0x854e6ef80_0 .var "pcpi_int_ready", 0 0;
v0x854e6f020_0 .var "pcpi_int_wait", 0 0;
v0x854e6f0c0_0 .var "pcpi_int_wr", 0 0;
L_0x855478130 .functor BUFT 1, C4<xxxxxxxxxxxxxxxxxxxxxxxxxxxxxxxx>, C4<0>, C4<0>, C4<0>;
v0x854e6f160_0 .net "pcpi_mul_rd", 31 0, L_0x855478130;  1 drivers
L_0x8554781c0 .functor BUFT 1, C4<0>, C4<0>, C4<0>, C4<0>;
v0x854e6f200_0 .net "pcpi_mul_ready", 0 0, L_0x8554781c0;  1 drivers
L_0x855478178 .functor BUFT 1, C4<0>, C4<0>, C4<0>, C4<0>;
v0x854e6f2a0_0 .net "pcpi_mul_wait", 0 0, L_0x855478178;  1 drivers
L_0x8554780e8 .functor BUFT 1, C4<0>, C4<0>, C4<0>, C4<0>;
v0x854e6f340_0 .net "pcpi_mul_wr", 0 0, L_0x8554780e8;  1 drivers
v0x854e6f3e0_0 .net "pcpi_rd", 31 0, o0x855447eb0;  alias, 0 drivers
v0x854e6f480_0 .net "pcpi_ready", 0 0, o0x855447ee0;  alias, 0 drivers
v0x854e6f520_0 .net "pcpi_rs1", 31 0, L_0x855089d50;  alias, 1 drivers
v0x854e6f5c0_0 .net "pcpi_rs2", 31 0, L_0x855089dc0;  alias, 1 drivers
v0x854e6f660_0 .var "pcpi_timeout", 0 0;
v0x854e6f700_0 .var "pcpi_valid", 0 0;
v0x854e6f7a0_0 .net "pcpi_wait", 0 0, o0x855447fd0;  alias, 0 drivers
v0x854e6f840_0 .net "pcpi_wr", 0 0, o0x855448000;  alias, 0 drivers
v0x854e6f8e0_0 .var "prefetched_high_word", 0 0;
v0x854e6f980_0 .var "q_ascii_instr", 63 0;
v0x854e6fa20_0 .var "q_insn_imm", 31 0;
v0x854e6fac0_0 .var "q_insn_opcode", 31 0;
v0x854e6fb60_0 .var "q_insn_rd", 4 0;
v0x854e6fc00_0 .var "q_insn_rs1", 4 0;
v0x854e6fca0_0 .var "q_insn_rs2", 4 0;
v0x854e6fd40_0 .var "reg_next_pc", 31 0;
v0x854e6fde0_0 .var "reg_op1", 31 0;
v0x854e6fe80_0 .var "reg_op2", 31 0;
v0x854e6ff20_0 .var "reg_out", 31 0;
v0x854e70000_0 .var "reg_pc", 31 0;
v0x854e700a0_0 .var "reg_sh", 4 0;
v0x854e70140_0 .net "resetn", 0 0, o0x8554447c0;  alias, 0 drivers
v0x854e701e0_0 .var "set_mem_do_rdata", 0 0;
v0x854e70280_0 .var "set_mem_do_rinst", 0 0;
v0x854e70320_0 .var "set_mem_do_wdata", 0 0;
v0x854e703c0_0 .var "timer", 31 0;
v0x854e70460_0 .var "trace_data", 35 0;
v0x854e70500_0 .var "trace_valid", 0 0;
v0x854e705a0_0 .var "trap", 0 0;
v0x854e68aa0_0 .array/port v0x854e68aa0, 0;
v0x854e68aa0_1 .array/port v0x854e68aa0, 1;
v0x854e68aa0_2 .array/port v0x854e68aa0, 2;
E_0x8551a90c0/0 .event anyedge, v0x854e69e00_0, v0x854e68aa0_0, v0x854e68aa0_1, v0x854e68aa0_2;
v0x854e68aa0_3 .array/port v0x854e68aa0, 3;
v0x854e68aa0_4 .array/port v0x854e68aa0, 4;
v0x854e68aa0_5 .array/port v0x854e68aa0, 5;
v0x854e68aa0_6 .array/port v0x854e68aa0, 6;
E_0x8551a90c0/1 .event anyedge, v0x854e68aa0_3, v0x854e68aa0_4, v0x854e68aa0_5, v0x854e68aa0_6;
v0x854e68aa0_7 .array/port v0x854e68aa0, 7;
v0x854e68aa0_8 .array/port v0x854e68aa0, 8;
v0x854e68aa0_9 .array/port v0x854e68aa0, 9;
v0x854e68aa0_10 .array/port v0x854e68aa0, 10;
E_0x8551a90c0/2 .event anyedge, v0x854e68aa0_7, v0x854e68aa0_8, v0x854e68aa0_9, v0x854e68aa0_10;
v0x854e68aa0_11 .array/port v0x854e68aa0, 11;
v0x854e68aa0_12 .array/port v0x854e68aa0, 12;
v0x854e68aa0_13 .array/port v0x854e68aa0, 13;
v0x854e68aa0_14 .array/port v0x854e68aa0, 14;
E_0x8551a90c0/3 .event anyedge, v0x854e68aa0_11, v0x854e68aa0_12, v0x854e68aa0_13, v0x854e68aa0_14;
v0x854e68aa0_15 .array/port v0x854e68aa0, 15;
v0x854e68aa0_16 .array/port v0x854e68aa0, 16;
v0x854e68aa0_17 .array/port v0x854e68aa0, 17;
v0x854e68aa0_18 .array/port v0x854e68aa0, 18;
E_0x8551a90c0/4 .event anyedge, v0x854e68aa0_15, v0x854e68aa0_16, v0x854e68aa0_17, v0x854e68aa0_18;
v0x854e68aa0_19 .array/port v0x854e68aa0, 19;
v0x854e68aa0_20 .array/port v0x854e68aa0, 20;
v0x854e68aa0_21 .array/port v0x854e68aa0, 21;
v0x854e68aa0_22 .array/port v0x854e68aa0, 22;
E_0x8551a90c0/5 .event anyedge, v0x854e68aa0_19, v0x854e68aa0_20, v0x854e68aa0_21, v0x854e68aa0_22;
v0x854e68aa0_23 .array/port v0x854e68aa0, 23;
v0x854e68aa0_24 .array/port v0x854e68aa0, 24;
v0x854e68aa0_25 .array/port v0x854e68aa0, 25;
v0x854e68aa0_26 .array/port v0x854e68aa0, 26;
E_0x8551a90c0/6 .event anyedge, v0x854e68aa0_23, v0x854e68aa0_24, v0x854e68aa0_25, v0x854e68aa0_26;
v0x854e68aa0_27 .array/port v0x854e68aa0, 27;
v0x854e68aa0_28 .array/port v0x854e68aa0, 28;
v0x854e68aa0_29 .array/port v0x854e68aa0, 29;
v0x854e68aa0_30 .array/port v0x854e68aa0, 30;
E_0x8551a90c0/7 .event anyedge, v0x854e68aa0_27, v0x854e68aa0_28, v0x854e68aa0_29, v0x854e68aa0_30;
v0x854e68aa0_31 .array/port v0x854e68aa0, 31;
E_0x8551a90c0/8 .event anyedge, v0x854e68aa0_31, v0x854e69ea0_0;
E_0x8551a90c0 .event/or E_0x8551a90c0/0, E_0x8551a90c0/1, E_0x8551a90c0/2, E_0x8551a90c0/3, E_0x8551a90c0/4, E_0x8551a90c0/5, E_0x8551a90c0/6, E_0x8551a90c0/7, E_0x8551a90c0/8;
E_0x8551a9100/0 .event anyedge, v0x854e68a00_0, v0x854e70000_0, v0x854e6d0e0_0, v0x854e6d040_0;
E_0x8551a9100/1 .event anyedge, v0x854e6d400_0, v0x854e33f20_0, v0x854e6ff20_0, v0x854e6d4a0_0;
E_0x8551a9100/2 .event anyedge, v0x854e6fd40_0, v0x854e6c500_0, v0x854e6c460_0;
E_0x8551a9100 .event/or E_0x8551a9100/0, E_0x8551a9100/1, E_0x8551a9100/2;
E_0x8551a9140/0 .event anyedge, v0x854e686e0_0, v0x854e6f8e0_0, v0x854e6d040_0, v0x854e6c5a0_0;
E_0x8551a9140/1 .event anyedge, v0x854e31ae0_0;
E_0x8551a9140 .event/or E_0x8551a9140/0, E_0x8551a9140/1;
E_0x8551a9180/0 .event anyedge, v0x854e33b60_0, v0x854e6a620_0, v0x854e6a940_0, v0x854e33c00_0;
E_0x8551a9180/1 .event anyedge, v0x854e6a6c0_0, v0x854e33ca0_0, v0x854e6a760_0, v0x854e6ce60_0;
E_0x8551a9180/2 .event anyedge, v0x854e6cf00_0, v0x854e33ac0_0, v0x854e6cb40_0, v0x854e33de0_0;
E_0x8551a9180/3 .event anyedge, v0x854e6c820_0, v0x854e6fde0_0, v0x854e6fe80_0, v0x854e6c1e0_0;
E_0x8551a9180/4 .event anyedge, v0x854e6c140_0, v0x854e6b200_0, v0x854e6b160_0, v0x854e6a4e0_0;
E_0x8551a9180/5 .event anyedge, v0x854e6a440_0, v0x854e68000_0, v0x854e680a0_0;
E_0x8551a9180 .event/or E_0x8551a9180/0, E_0x8551a9180/1, E_0x8551a9180/2, E_0x8551a9180/3, E_0x8551a9180/4, E_0x8551a9180/5;
E_0x8551a91c0 .event anyedge, v0x854e68a00_0;
E_0x8551a9200/0 .event anyedge, v0x854e6f980_0, v0x854e6fa20_0, v0x854e6fac0_0, v0x854e6fc00_0;
E_0x8551a9200/1 .event anyedge, v0x854e6fca0_0, v0x854e6fb60_0, v0x854e697c0_0, v0x854e69fe0_0;
E_0x8551a9200/2 .event anyedge, v0x854e68280_0, v0x854e68320_0, v0x854e683c0_0, v0x854e68500_0;
E_0x8551a9200/3 .event anyedge, v0x854e685a0_0, v0x854e68460_0, v0x854e6e940_0, v0x854e6e9e0_0;
E_0x8551a9200/4 .event anyedge, v0x854e69b80_0, v0x854e69e00_0, v0x854e69ea0_0, v0x854e69cc0_0;
E_0x8551a9200 .event/or E_0x8551a9200/0, E_0x8551a9200/1, E_0x8551a9200/2, E_0x8551a9200/3, E_0x8551a9200/4;
E_0x8551a9240/0 .event anyedge, v0x854e6af80_0, v0x854e6a580_0, v0x854e6abc0_0, v0x854e6ac60_0;
E_0x8551a9240/1 .event anyedge, v0x854e6a620_0, v0x854e6a940_0, v0x854e6a800_0, v0x854e6a6c0_0;
E_0x8551a9240/2 .event anyedge, v0x854e6a8a0_0, v0x854e6a760_0, v0x854e6ad00_0, v0x854e6ae40_0;
E_0x8551a9240/3 .event anyedge, v0x854e6b020_0, v0x854e6ada0_0, v0x854e6aee0_0, v0x854e6b5c0_0;
E_0x8551a9240/4 .event anyedge, v0x854e6b700_0, v0x854e6be80_0, v0x854e6a3a0_0, v0x854e6b980_0;
E_0x8551a9240/5 .event anyedge, v0x854e6ba20_0, v0x854e6c1e0_0, v0x854e6b200_0, v0x854e6a4e0_0;
E_0x8551a9240/6 .event anyedge, v0x854e6b840_0, v0x854e6bd40_0, v0x854e6bc00_0, v0x854e6a300_0;
E_0x8551a9240/7 .event anyedge, v0x854e6bde0_0, v0x854e6b7a0_0, v0x854e6b8e0_0, v0x854e6bac0_0;
E_0x8551a9240/8 .event anyedge, v0x854e6c140_0, v0x854e6bca0_0, v0x854e6bb60_0, v0x854e6b160_0;
E_0x8551a9240/9 .event anyedge, v0x854e6a440_0, v0x854e6b2a0_0, v0x854e6b340_0, v0x854e6b3e0_0;
E_0x8551a9240/10 .event anyedge, v0x854e6b480_0, v0x854e6aa80_0, v0x854e6ab20_0, v0x854e6b660_0;
E_0x8551a9240/11 .event anyedge, v0x854e6b520_0, v0x854e6b0c0_0, v0x854e6c0a0_0, v0x854e6bf20_0;
E_0x8551a9240 .event/or E_0x8551a9240/0, E_0x8551a9240/1, E_0x8551a9240/2, E_0x8551a9240/3, E_0x8551a9240/4, E_0x8551a9240/5, E_0x8551a9240/6, E_0x8551a9240/7, E_0x8551a9240/8, E_0x8551a9240/9, E_0x8551a9240/10, E_0x8551a9240/11;
E_0x8551a9280 .event anyedge, v0x854e6e760_0, v0x854e6fe80_0, v0x854e317c0_0, v0x854e6fde0_0;
E_0x8551a92c0 .event anyedge, v0x854e6f340_0, v0x854e6f160_0, v0x854e6eda0_0, v0x854e6ebc0_0;
L_0x854d959a0 .concat [ 1 1 1 1], v0x854e6d9a0_0, v0x854e6d860_0, v0x854e6d900_0, v0x854e6d7c0_0;
L_0x854d95a40 .reduce/or L_0x854d959a0;
L_0x854d95ae0 .reduce/or v0x854e6e580_0;
L_0x854d95b80 .reduce/and v0x854e6e580_0;
L_0x854d95c20 .reduce/nor L_0x855478328;
L_0x854e95ae0 .part L_0x855089e30, 0, 2;
L_0x854d95cc0 .reduce/nand L_0x854e95ae0;
L_0x854d95d60 .reduce/nor v0x854e6e580_0;
L_0x854d95e00 .reduce/nor L_0x8554783b8;
L_0x854d95ea0 .reduce/nor v0x854e6e580_0;
L_0x854e95b80 .part L_0x854d964e0, 2, 30;
L_0x854d95f40 .arith/sum 30, L_0x854e95b80, L_0x8554792a0;
L_0x854d95fe0 .concat [ 2 30 0 0], L_0x855478448, L_0x854d95f40;
L_0x854e95c20 .part v0x854e6fde0_0, 2, 30;
L_0x854d96080 .concat [ 2 30 0 0], L_0x855478490, L_0x854e95c20;
L_0x854d96120 .functor MUXZ 32, L_0x854d96080, L_0x854d95fe0, L_0x855179420, C4<>;
L_0x854d961c0 .functor MUXZ 32, v0x854e6e3a0_0, L_0x8550899d0, L_0x855179490, C4<>;
LS_0x854d96260_0_0 .concat [ 1 1 1 1], v0x854e6bf20_0, v0x854e6c0a0_0, v0x854e6b0c0_0, v0x854e6b520_0;
LS_0x854d96260_0_4 .concat [ 1 1 1 1], v0x854e6b660_0, v0x854e6ab20_0, v0x854e6aa80_0, v0x854e6b480_0;
LS_0x854d96260_0_8 .concat [ 1 1 1 1], v0x854e6b3e0_0, v0x854e6b340_0, v0x854e6b2a0_0, v0x854e6a440_0;
LS_0x854d96260_0_12 .concat [ 1 1 1 1], v0x854e6b160_0, v0x854e6bb60_0, v0x854e6bca0_0, v0x854e6c140_0;
LS_0x854d96260_0_16 .concat [ 1 1 1 1], v0x854e6bac0_0, v0x854e6b8e0_0, v0x854e6b7a0_0, v0x854e6bde0_0;
LS_0x854d96260_0_20 .concat [ 1 1 1 1], v0x854e6a300_0, v0x854e6bc00_0, v0x854e6bd40_0, v0x854e6b840_0;
LS_0x854d96260_0_24 .concat [ 1 1 1 1], v0x854e6a4e0_0, v0x854e6b200_0, v0x854e6c1e0_0, v0x854e6ba20_0;
LS_0x854d96260_0_28 .concat [ 1 1 1 1], v0x854e6b980_0, v0x854e6a3a0_0, v0x854e6be80_0, v0x854e6b700_0;
LS_0x854d96260_0_32 .concat [ 1 1 1 1], v0x854e6b5c0_0, v0x854e6aee0_0, v0x854e6ada0_0, v0x854e6b020_0;
LS_0x854d96260_0_36 .concat [ 1 1 1 1], v0x854e6ae40_0, v0x854e6ad00_0, v0x854e6a760_0, v0x854e6a8a0_0;
LS_0x854d96260_0_40 .concat [ 1 1 1 1], v0x854e6a6c0_0, v0x854e6a800_0, v0x854e6a940_0, v0x854e6a620_0;
LS_0x854d96260_0_44 .concat [ 1 1 1 1], v0x854e6ac60_0, v0x854e6abc0_0, v0x854e6a580_0, v0x854e6af80_0;
LS_0x854d96260_1_0 .concat [ 4 4 4 4], LS_0x854d96260_0_0, LS_0x854d96260_0_4, LS_0x854d96260_0_8, LS_0x854d96260_0_12;
LS_0x854d96260_1_4 .concat [ 4 4 4 4], LS_0x854d96260_0_16, LS_0x854d96260_0_20, LS_0x854d96260_0_24, LS_0x854d96260_0_28;
LS_0x854d96260_1_8 .concat [ 4 4 4 4], LS_0x854d96260_0_32, LS_0x854d96260_0_36, LS_0x854d96260_0_40, LS_0x854d96260_0_44;
L_0x854d96260 .concat [ 16 16 16 0], LS_0x854d96260_1_0, LS_0x854d96260_1_4, LS_0x854d96260_1_8;
L_0x854d96300 .reduce/nor L_0x854d96260;
L_0x854d963a0 .concat [ 1 1 1 1], v0x854e6b480_0, v0x854e6b3e0_0, v0x854e6b340_0, v0x854e6b2a0_0;
L_0x854d96440 .reduce/or L_0x854d963a0;
L_0x854d964e0 .functor MUXZ 32, v0x854e6fd40_0, L_0x8551795e0, L_0x855179570, C4<>;
L_0x854e95cc0 .cmp/eq 8, v0x854e68a00_0, L_0x8554785b0;
S_0x100c709d0 .scope task, "empty_statement" "empty_statement" 3 214, 3 214 0, S_0x100c7fdb0;
 .timescale -9 -12;
TD_picorv32_axi.picorv32_core.empty_statement ;
    %end;
S_0x100c70b50 .scope generate, "genblk1" "genblk1" 3 285, 3 285 0, S_0x100c7fdb0;
 .timescale -9 -12;
S_0x854e64000 .scope generate, "genblk2" "genblk2" 3 305, 3 305 0, S_0x100c7fdb0;
 .timescale -9 -12;
S_0x854e64180 .scope generate, "genblk3" "genblk3" 3 1229, 3 1229 0, S_0x100c7fdb0;
 .timescale -9 -12;
E_0x8551a9300/0 .event anyedge, v0x854e6bde0_0, v0x854e6fde0_0, v0x854e6fe80_0, v0x854e6bb60_0;
E_0x8551a9300/1 .event anyedge, v0x854e6bc00_0;
E_0x8551a9300 .event/or E_0x8551a9300/0, E_0x8551a9300/1;
S_0x100c82260 .scope module, "picorv32_regs" "picorv32_regs" 3 2174;
 .timescale -9 -12;
    .port_info 0 /INPUT 1 "clk";
    .port_info 1 /INPUT 1 "wen";
    .port_info 2 /INPUT 6 "waddr";
    .port_info 3 /INPUT 6 "raddr1";
    .port_info 4 /INPUT 6 "raddr2";
    .port_info 5 /INPUT 32 "wdata";
    .port_info 6 /OUTPUT 32 "rdata1";
    .port_info 7 /OUTPUT 32 "rdata2";
L_0x855179730 .functor NOT 5, L_0x854e95e00, C4<00000>, C4<00000>, C4<00000>;
L_0x855089ea0 .functor BUFZ 32, L_0x854e95d60, C4<00000000000000000000000000000000>, C4<00000000000000000000000000000000>, C4<00000000000000000000000000000000>;
L_0x8551797a0 .functor NOT 5, L_0x854e95f40, C4<00000>, C4<00000>, C4<00000>;
L_0x855089f10 .functor BUFZ 32, L_0x854e95ea0, C4<00000000000000000000000000000000>, C4<00000000000000000000000000000000>, C4<00000000000000000000000000000000>;
v0x854e71ea0_0 .net *"_ivl_0", 31 0, L_0x854e95d60;  1 drivers
v0x854e71f40_0 .net *"_ivl_12", 31 0, L_0x854e95ea0;  1 drivers
v0x854e71fe0_0 .net *"_ivl_15", 4 0, L_0x854e95f40;  1 drivers
v0x854e72080_0 .net *"_ivl_16", 4 0, L_0x8551797a0;  1 drivers
v0x854e72120_0 .net *"_ivl_18", 6 0, L_0x854d96620;  1 drivers
L_0x855478688 .functor BUFT 1, C4<00>, C4<0>, C4<0>, C4<0>;
v0x854e721c0_0 .net *"_ivl_21", 1 0, L_0x855478688;  1 drivers
v0x854e72260_0 .net *"_ivl_3", 4 0, L_0x854e95e00;  1 drivers
v0x854e72300_0 .net *"_ivl_4", 4 0, L_0x855179730;  1 drivers
v0x854e723a0_0 .net *"_ivl_6", 6 0, L_0x854d96580;  1 drivers
L_0x855478640 .functor BUFT 1, C4<00>, C4<0>, C4<0>, C4<0>;
v0x854e72440_0 .net *"_ivl_9", 1 0, L_0x855478640;  1 drivers
o0x8554490e0 .functor BUFZ 1, c4<z>; HiZ drive
v0x854e724e0_0 .net "clk", 0 0, o0x8554490e0;  0 drivers
o0x855449110 .functor BUFZ 6, c4<zzzzzz>; HiZ drive
v0x854e72580_0 .net "raddr1", 5 0, o0x855449110;  0 drivers
o0x855449140 .functor BUFZ 6, c4<zzzzzz>; HiZ drive
v0x854e72620_0 .net "raddr2", 5 0, o0x855449140;  0 drivers
v0x854e726c0_0 .net "rdata1", 31 0, L_0x855089ea0;  1 drivers
v0x854e72760_0 .net "rdata2", 31 0, L_0x855089f10;  1 drivers
v0x854e72800 .array "regs", 30 0, 31 0;
o0x8554491d0 .functor BUFZ 6, c4<zzzzzz>; HiZ drive
v0x854e728a0_0 .net "waddr", 5 0, o0x8554491d0;  0 drivers
o0x855449200 .functor BUFZ 32, c4<zzzzzzzzzzzzzzzzzzzzzzzzzzzzzzzz>; HiZ drive
v0x854e72940_0 .net "wdata", 31 0, o0x855449200;  0 drivers
o0x855449230 .functor BUFZ 1, c4<z>; HiZ drive
v0x854e729e0_0 .net "wen", 0 0, o0x855449230;  0 drivers
E_0x8551a9580 .event posedge, v0x854e724e0_0;
L_0x854e95d60 .array/port v0x854e72800, L_0x854d96580;
L_0x854e95e00 .part o0x855449110, 0, 5;
L_0x854d96580 .concat [ 5 2 0 0], L_0x855179730, L_0x855478640;
L_0x854e95ea0 .array/port v0x854e72800, L_0x854d96620;
L_0x854e95f40 .part o0x855449140, 0, 5;
L_0x854d96620 .concat [ 5 2 0 0], L_0x8551797a0, L_0x855478688;
S_0x100c7f7f0 .scope module, "picorv32_wb" "picorv32_wb" 3 2815;
 .timescale -9 -12;
    .port_info 0 /OUTPUT 1 "trap";
    .port_info 1 /INPUT 1 "wb_rst_i";
    .port_info 2 /INPUT 1 "wb_clk_i";
    .port_info 3 /OUTPUT 32 "wbm_adr_o";
    .port_info 4 /OUTPUT 32 "wbm_dat_o";
    .port_info 5 /INPUT 32 "wbm_dat_i";
    .port_info 6 /OUTPUT 1 "wbm_we_o";
    .port_info 7 /OUTPUT 4 "wbm_sel_o";
    .port_info 8 /OUTPUT 1 "wbm_stb_o";
    .port_info 9 /INPUT 1 "wbm_ack_i";
    .port_info 10 /OUTPUT 1 "wbm_cyc_o";
    .port_info 11 /OUTPUT 1 "pcpi_valid";
    .port_info 12 /OUTPUT 32 "pcpi_insn";
    .port_info 13 /OUTPUT 32 "pcpi_rs1";
    .port_info 14 /OUTPUT 32 "pcpi_rs2";
    .port_info 15 /INPUT 1 "pcpi_wr";
    .port_info 16 /INPUT 32 "pcpi_rd";
    .port_info 17 /INPUT 1 "pcpi_wait";
    .port_info 18 /INPUT 1 "pcpi_ready";
    .port_info 19 /INPUT 32 "irq";
    .port_info 20 /OUTPUT 32 "eoi";
    .port_info 21 /OUTPUT 1 "trace_valid";
    .port_info 22 /OUTPUT 36 "trace_data";
    .port_info 23 /OUTPUT 1 "mem_instr";
P_0x854e05500 .param/l "BARREL_SHIFTER" 0 3 2821, C4<0>;
P_0x854e05540 .param/l "CATCH_ILLINSN" 0 3 2826, C4<1>;
P_0x854e05580 .param/l "CATCH_MISALIGN" 0 3 2825, C4<1>;
P_0x854e055c0 .param/l "COMPRESSED_ISA" 0 3 2824, C4<0>;
P_0x854e05600 .param/l "ENABLE_COUNTERS" 0 3 2816, C4<1>;
P_0x854e05640 .param/l "ENABLE_COUNTERS64" 0 3 2817, C4<1>;
P_0x854e05680 .param/l "ENABLE_DIV" 0 3 2830, C4<0>;
P_0x854e056c0 .param/l "ENABLE_FAST_MUL" 0 3 2829, C4<0>;
P_0x854e05700 .param/l "ENABLE_IRQ" 0 3 2831, C4<0>;
P_0x854e05740 .param/l "ENABLE_IRQ_QREGS" 0 3 2832, C4<1>;
P_0x854e05780 .param/l "ENABLE_IRQ_TIMER" 0 3 2833, C4<1>;
P_0x854e057c0 .param/l "ENABLE_MUL" 0 3 2828, C4<0>;
P_0x854e05800 .param/l "ENABLE_PCPI" 0 3 2827, C4<0>;
P_0x854e05840 .param/l "ENABLE_REGS_16_31" 0 3 2818, C4<1>;
P_0x854e05880 .param/l "ENABLE_REGS_DUALPORT" 0 3 2819, C4<1>;
P_0x854e058c0 .param/l "ENABLE_TRACE" 0 3 2834, C4<0>;
P_0x854e05900 .param/l "IDLE" 1 3 2989, C4<00>;
P_0x854e05940 .param/l "LATCHED_IRQ" 0 3 2837, C4<11111111111111111111111111111111>;
P_0x854e05980 .param/l "MASKED_IRQ" 0 3 2836, C4<00000000000000000000000000000000>;
P_0x854e059c0 .param/l "PROGADDR_IRQ" 0 3 2839, C4<00000000000000000000000000010000>;
P_0x854e05a00 .param/l "PROGADDR_RESET" 0 3 2838, C4<00000000000000000000000000000000>;
P_0x854e05a40 .param/l "REGS_INIT_ZERO" 0 3 2835, C4<0>;
P_0x854e05a80 .param/l "STACKADDR" 0 3 2840, C4<11111111111111111111111111111111>;
P_0x854e05ac0 .param/l "TWO_CYCLE_ALU" 0 3 2823, C4<0>;
P_0x854e05b00 .param/l "TWO_CYCLE_COMPARE" 0 3 2822, C4<0>;
P_0x854e05b40 .param/l "TWO_STAGE_SHIFT" 0 3 2820, C4<1>;
P_0x854e05b80 .param/l "WBEND" 1 3 2991, C4<10>;
P_0x854e05bc0 .param/l "WBSTART" 1 3 2990, C4<01>;
o0x85544d2e0 .functor BUFZ 1, c4<z>; HiZ drive
L_0x855089f80 .functor BUFZ 1, o0x85544d2e0, C4<0>, C4<0>, C4<0>;
o0x85544d310 .functor BUFZ 1, c4<z>; HiZ drive
L_0x855179810 .functor NOT 1, o0x85544d310, C4<0>, C4<0>, C4<0>;
L_0x85517a4c0 .functor OR 1, L_0x854e96260, L_0x854e96300, C4<0>, C4<0>;
L_0x85517a530 .functor OR 1, L_0x85517a4c0, L_0x854e963a0, C4<0>, C4<0>;
L_0x85517a5a0 .functor OR 1, L_0x85517a530, L_0x854e96440, C4<0>, C4<0>;
v0x854e854a0_0 .net *"_ivl_11", 0 0, L_0x854e963a0;  1 drivers
v0x854e85540_0 .net *"_ivl_12", 0 0, L_0x85517a530;  1 drivers
v0x854e855e0_0 .net *"_ivl_15", 0 0, L_0x854e96440;  1 drivers
v0x854e85680_0 .net *"_ivl_5", 0 0, L_0x854e96260;  1 drivers
v0x854e85720_0 .net *"_ivl_7", 0 0, L_0x854e96300;  1 drivers
v0x854e857c0_0 .net *"_ivl_8", 0 0, L_0x85517a4c0;  1 drivers
v0x854e85860_0 .net "clk", 0 0, L_0x855089f80;  1 drivers
v0x854e85900_0 .net "eoi", 31 0, v0x854e7b0c0_0;  1 drivers
o0x85544b840 .functor BUFZ 32, c4<zzzzzzzzzzzzzzzzzzzzzzzzzzzzzzzz>; HiZ drive
v0x854e859a0_0 .net "irq", 31 0, o0x85544b840;  0 drivers
v0x854e85a40_0 .net "mem_addr", 31 0, v0x854e824e0_0;  1 drivers
v0x854e85ae0_0 .net "mem_instr", 0 0, v0x854e82940_0;  1 drivers
v0x854e85b80_0 .var "mem_rdata", 31 0;
v0x854e85c20_0 .var "mem_ready", 0 0;
v0x854e85cc0_0 .net "mem_valid", 0 0, v0x854e83480_0;  1 drivers
v0x854e85d60_0 .net "mem_wdata", 31 0, v0x854e83520_0;  1 drivers
v0x854e85e00_0 .net "mem_wstrb", 3 0, v0x854e83660_0;  1 drivers
v0x854e85ea0_0 .net "pcpi_insn", 31 0, v0x854e83ca0_0;  1 drivers
o0x85544c710 .functor BUFZ 32, c4<zzzzzzzzzzzzzzzzzzzzzzzzzzzzzzzz>; HiZ drive
v0x854e85f40_0 .net "pcpi_rd", 31 0, o0x85544c710;  0 drivers
o0x85544c740 .functor BUFZ 1, c4<z>; HiZ drive
v0x854e85fe0_0 .net "pcpi_ready", 0 0, o0x85544c740;  0 drivers
v0x854e86080_0 .net "pcpi_rs1", 31 0, L_0x85508a300;  1 drivers
v0x854e86120_0 .net "pcpi_rs2", 31 0, L_0x85508a370;  1 drivers
v0x854e861c0_0 .net "pcpi_valid", 0 0, v0x854e845a0_0;  1 drivers
o0x85544c830 .functor BUFZ 1, c4<z>; HiZ drive
v0x854e86260_0 .net "pcpi_wait", 0 0, o0x85544c830;  0 drivers
o0x85544c860 .functor BUFZ 1, c4<z>; HiZ drive
v0x854e86300_0 .net "pcpi_wr", 0 0, o0x85544c860;  0 drivers
v0x854e863a0_0 .net "resetn", 0 0, L_0x855179810;  1 drivers
v0x854e86440_0 .var "state", 1 0;
v0x854e864e0_0 .net "trace_data", 35 0, v0x854e852c0_0;  1 drivers
v0x854e86580_0 .net "trace_valid", 0 0, v0x854e85360_0;  1 drivers
v0x854e86620_0 .net "trap", 0 0, v0x854e85400_0;  1 drivers
v0x854e866c0_0 .net "wb_clk_i", 0 0, o0x85544d2e0;  0 drivers
v0x854e86760_0 .net "wb_rst_i", 0 0, o0x85544d310;  0 drivers
o0x85544d340 .functor BUFZ 1, c4<z>; HiZ drive
v0x854e86800_0 .net "wbm_ack_i", 0 0, o0x85544d340;  0 drivers
v0x854e868a0_0 .var "wbm_adr_o", 31 0;
v0x854e86940_0 .var "wbm_cyc_o", 0 0;
o0x85544d3d0 .functor BUFZ 32, c4<zzzzzzzzzzzzzzzzzzzzzzzzzzzzzzzz>; HiZ drive
v0x854e869e0_0 .net "wbm_dat_i", 31 0, o0x85544d3d0;  0 drivers
v0x854e86a80_0 .var "wbm_dat_o", 31 0;
v0x854e86b20_0 .var "wbm_sel_o", 3 0;
v0x854e86bc0_0 .var "wbm_stb_o", 0 0;
v0x854e86c60_0 .var "wbm_we_o", 0 0;
v0x854e86d00_0 .net "we", 0 0, L_0x85517a5a0;  1 drivers
E_0x8551a95c0 .event posedge, v0x854e866c0_0;
L_0x854e96260 .part v0x854e83660_0, 0, 1;
L_0x854e96300 .part v0x854e83660_0, 1, 1;
L_0x854e963a0 .part v0x854e83660_0, 2, 1;
L_0x854e96440 .part v0x854e83660_0, 3, 1;
S_0x854e64300 .scope module, "picorv32_core" "picorv32" 3 2938, 3 62 0, S_0x100c7f7f0;
 .timescale -9 -12;
    .port_info 0 /INPUT 1 "clk";
    .port_info 1 /INPUT 1 "resetn";
    .port_info 2 /OUTPUT 1 "trap";
    .port_info 3 /OUTPUT 1 "mem_valid";
    .port_info 4 /OUTPUT 1 "mem_instr";
    .port_info 5 /INPUT 1 "mem_ready";
    .port_info 6 /OUTPUT 32 "mem_addr";
    .port_info 7 /OUTPUT 32 "mem_wdata";
    .port_info 8 /OUTPUT 4 "mem_wstrb";
    .port_info 9 /INPUT 32 "mem_rdata";
    .port_info 10 /OUTPUT 1 "mem_la_read";
    .port_info 11 /OUTPUT 1 "mem_la_write";
    .port_info 12 /OUTPUT 32 "mem_la_addr";
    .port_info 13 /OUTPUT 32 "mem_la_wdata";
    .port_info 14 /OUTPUT 4 "mem_la_wstrb";
    .port_info 15 /OUTPUT 1 "pcpi_valid";
    .port_info 16 /OUTPUT 32 "pcpi_insn";
    .port_info 17 /OUTPUT 32 "pcpi_rs1";
    .port_info 18 /OUTPUT 32 "pcpi_rs2";
    .port_info 19 /INPUT 1 "pcpi_wr";
    .port_info 20 /INPUT 32 "pcpi_rd";
    .port_info 21 /INPUT 1 "pcpi_wait";
    .port_info 22 /INPUT 1 "pcpi_ready";
    .port_info 23 /INPUT 32 "irq";
    .port_info 24 /OUTPUT 32 "eoi";
    .port_info 25 /OUTPUT 1 "trace_valid";
    .port_info 26 /OUTPUT 36 "trace_data";
P_0x854e74000 .param/l "BARREL_SHIFTER" 0 3 69, C4<0>;
P_0x854e74040 .param/l "CATCH_ILLINSN" 0 3 74, C4<1>;
P_0x854e74080 .param/l "CATCH_MISALIGN" 0 3 73, C4<1>;
P_0x854e740c0 .param/l "COMPRESSED_ISA" 0 3 72, C4<0>;
P_0x854e74100 .param/l "ENABLE_COUNTERS" 0 3 63, C4<1>;
P_0x854e74140 .param/l "ENABLE_COUNTERS64" 0 3 64, C4<1>;
P_0x854e74180 .param/l "ENABLE_DIV" 0 3 78, C4<0>;
P_0x854e741c0 .param/l "ENABLE_FAST_MUL" 0 3 77, C4<0>;
P_0x854e74200 .param/l "ENABLE_IRQ" 0 3 79, C4<0>;
P_0x854e74240 .param/l "ENABLE_IRQ_QREGS" 0 3 80, C4<1>;
P_0x854e74280 .param/l "ENABLE_IRQ_TIMER" 0 3 81, C4<1>;
P_0x854e742c0 .param/l "ENABLE_MUL" 0 3 76, C4<0>;
P_0x854e74300 .param/l "ENABLE_PCPI" 0 3 75, C4<0>;
P_0x854e74340 .param/l "ENABLE_REGS_16_31" 0 3 65, C4<1>;
P_0x854e74380 .param/l "ENABLE_REGS_DUALPORT" 0 3 66, C4<1>;
P_0x854e743c0 .param/l "ENABLE_TRACE" 0 3 82, C4<0>;
P_0x854e74400 .param/l "LATCHED_IRQ" 0 3 85, C4<11111111111111111111111111111111>;
P_0x854e74440 .param/l "LATCHED_MEM_RDATA" 0 3 67, C4<0>;
P_0x854e74480 .param/l "MASKED_IRQ" 0 3 84, C4<00000000000000000000000000000000>;
P_0x854e744c0 .param/l "PROGADDR_IRQ" 0 3 87, C4<00000000000000000000000000010000>;
P_0x854e74500 .param/l "PROGADDR_RESET" 0 3 86, C4<00000000000000000000000000000000>;
P_0x854e74540 .param/l "REGS_INIT_ZERO" 0 3 83, C4<0>;
P_0x854e74580 .param/l "STACKADDR" 0 3 88, C4<11111111111111111111111111111111>;
P_0x854e745c0 .param/l "TRACE_ADDR" 1 3 172, C4<001000000000000000000000000000000000>;
P_0x854e74600 .param/l "TRACE_BRANCH" 1 3 171, C4<000100000000000000000000000000000000>;
P_0x854e74640 .param/l "TRACE_IRQ" 1 3 173, C4<100000000000000000000000000000000000>;
P_0x854e74680 .param/l "TWO_CYCLE_ALU" 0 3 71, C4<0>;
P_0x854e746c0 .param/l "TWO_CYCLE_COMPARE" 0 3 70, C4<0>;
P_0x854e74700 .param/l "TWO_STAGE_SHIFT" 0 3 68, C4<1>;
P_0x854e74740 .param/l "WITH_PCPI" 1 3 169, C4<0>;
P_0x854e74780 .param/l "cpu_state_exec" 1 3 1176, C4<00001000>;
P_0x854e747c0 .param/l "cpu_state_fetch" 1 3 1173, C4<01000000>;
P_0x854e74800 .param/l "cpu_state_ld_rs1" 1 3 1174, C4<00100000>;
P_0x854e74840 .param/l "cpu_state_ld_rs2" 1 3 1175, C4<00010000>;
P_0x854e74880 .param/l "cpu_state_ldmem" 1 3 1179, C4<00000001>;
P_0x854e748c0 .param/l "cpu_state_shift" 1 3 1177, C4<00000100>;
P_0x854e74900 .param/l "cpu_state_stmem" 1 3 1178, C4<00000010>;
P_0x854e74940 .param/l "cpu_state_trap" 1 3 1172, C4<10000000>;
P_0x854e74980 .param/l "irq_buserror" 1 3 163, +C4<00000000000000000000000000000010>;
P_0x854e749c0 .param/l "irq_ebreak" 1 3 162, +C4<00000000000000000000000000000001>;
P_0x854e74a00 .param/l "irq_timer" 1 3 161, +C4<00000000000000000000000000000000>;
P_0x854e74a40 .param/l "irqregs_offset" 1 3 165, +C4<00000000000000000000000000100000>;
P_0x854e74a80 .param/l "regfile_size" 1 3 166, +C4<00000000000000000000000000100000>;
P_0x854e74ac0 .param/l "regindex_bits" 1 3 167, +C4<00000000000000000000000000000101>;
L_0x855089ff0 .functor BUFZ 1, v0x854e83480_0, C4<0>, C4<0>, C4<0>;
L_0x85508a060 .functor BUFZ 1, v0x854e82940_0, C4<0>, C4<0>, C4<0>;
L_0x85508a0d0 .functor BUFZ 1, v0x854e85c20_0, C4<0>, C4<0>, C4<0>;
L_0x85508a140 .functor BUFZ 32, v0x854e824e0_0, C4<00000000000000000000000000000000>, C4<00000000000000000000000000000000>, C4<00000000000000000000000000000000>;
L_0x85508a1b0 .functor BUFZ 32, v0x854e83520_0, C4<00000000000000000000000000000000>, C4<00000000000000000000000000000000>, C4<00000000000000000000000000000000>;
L_0x85508a220 .functor BUFZ 4, v0x854e83660_0, C4<0000>, C4<0000>, C4<0000>;
L_0x85508a290 .functor BUFZ 32, v0x854e85b80_0, C4<00000000000000000000000000000000>, C4<00000000000000000000000000000000>, C4<00000000000000000000000000000000>;
L_0x85508a300 .functor BUFZ 32, v0x854e84c80_0, C4<00000000000000000000000000000000>, C4<00000000000000000000000000000000>, C4<00000000000000000000000000000000>;
L_0x85508a370 .functor BUFZ 32, v0x854e84d20_0, C4<00000000000000000000000000000000>, C4<00000000000000000000000000000000>, C4<00000000000000000000000000000000>;
L_0x855179880 .functor AND 1, v0x854e83480_0, v0x854e85c20_0, C4<1>, C4<1>;
L_0x8554789a0 .functor BUFT 1, C4<0>, C4<0>, C4<0>, C4<0>;
L_0x8551798f0 .functor AND 1, L_0x8554789a0, v0x854e82760_0, C4<1>, C4<1>;
L_0x855179960 .functor OR 1, L_0x855179880, L_0x8551798f0, C4<0>, C4<0>;
L_0x8551799d0 .functor AND 1, L_0x855179960, L_0x854d96800, C4<1>, C4<1>;
L_0x855179ab0 .functor OR 1, v0x854e82760_0, v0x854e826c0_0, C4<0>, C4<0>;
L_0x855179b20 .functor OR 1, L_0x855179ab0, v0x854e82800_0, C4<0>, C4<0>;
L_0x855179a40 .functor AND 1, L_0x8551799d0, L_0x855179b20, C4<1>, C4<1>;
L_0x855179b90 .functor AND 1, L_0x854d968a0, v0x854e82760_0, C4<1>, C4<1>;
L_0x855179c00 .functor OR 1, L_0x855179a40, L_0x855179b90, C4<0>, C4<0>;
L_0x855179c70 .functor AND 1, L_0x855179810, L_0x855179c00, C4<1>, C4<1>;
L_0x855179ce0 .functor AND 1, L_0x854d969e0, L_0x855179960, C4<1>, C4<1>;
L_0x855179d50 .functor OR 1, L_0x854d96940, L_0x855179ce0, C4<0>, C4<0>;
L_0x855179dc0 .functor AND 1, L_0x855179c70, L_0x855179d50, C4<1>, C4<1>;
L_0x855179e30 .functor AND 1, L_0x855179810, L_0x854d96a80, C4<1>, C4<1>;
L_0x855179ea0 .functor AND 1, L_0x855179e30, v0x854e82800_0, C4<1>, C4<1>;
L_0x855179f10 .functor AND 1, L_0x854d96b20, L_0x854d96bc0, C4<1>, C4<1>;
L_0x855179f80 .functor OR 1, v0x854e82760_0, v0x854e82620_0, C4<0>, C4<0>;
L_0x855179ff0 .functor OR 1, L_0x855179f80, v0x854e826c0_0, C4<0>, C4<0>;
L_0x85517a060 .functor AND 1, L_0x855179f10, L_0x855179ff0, C4<1>, C4<1>;
L_0x8554789e8 .functor BUFT 1, C4<0>, C4<0>, C4<0>, C4<0>;
L_0x85517a0d0 .functor OR 1, L_0x85517a060, L_0x8554789e8, C4<0>, C4<0>;
L_0x85517a140 .functor AND 1, L_0x855179810, L_0x85517a0d0, C4<1>, C4<1>;
L_0x85517a1b0 .functor OR 1, v0x854e82620_0, v0x854e82760_0, C4<0>, C4<0>;
L_0x855478ac0 .functor BUFT 1, C4<0>, C4<0>, C4<0>, C4<0>;
L_0x85517a220 .functor OR 1, L_0x855179960, L_0x855478ac0, C4<0>, C4<0>;
L_0x85508a3e0 .functor BUFZ 32, L_0x854d96ee0, C4<00000000000000000000000000000000>, C4<00000000000000000000000000000000>, C4<00000000000000000000000000000000>;
L_0x855478b08 .functor BUFT 1, C4<1>, C4<0>, C4<0>, C4<0>;
L_0x85517a290 .functor AND 1, L_0x855478b08, L_0x854d97020, C4<1>, C4<1>;
L_0x85517a300 .functor AND 1, v0x854e82300_0, v0x854e81ea0_0, C4<1>, C4<1>;
L_0x855478b50 .functor BUFT 1, C4<11111111111111111111111111111110>, C4<0>, C4<0>, C4<0>;
L_0x85517a370 .functor AND 32, v0x854e84dc0_0, L_0x855478b50, C4<11111111111111111111111111111111>, C4<11111111111111111111111111111111>;
L_0x85517a3e0 .functor AND 1, L_0x854e961c0, v0x854e7aee0_0, C4<1>, C4<1>;
L_0x855478be0 .functor BUFT 1, C4<1>, C4<0>, C4<0>, C4<0>;
L_0x85517a450 .functor AND 1, L_0x85517a3e0, L_0x855478be0, C4<1>, C4<1>;
v0x854e72a80_0 .net *"_ivl_100", 31 0, L_0x854d96d00;  1 drivers
v0x854e72b20_0 .net *"_ivl_103", 29 0, L_0x854e96120;  1 drivers
L_0x855478a78 .functor BUFT 1, C4<00>, C4<0>, C4<0>, C4<0>;
v0x854e72bc0_0 .net/2u *"_ivl_104", 1 0, L_0x855478a78;  1 drivers
v0x854e72c60_0 .net *"_ivl_106", 31 0, L_0x854d96da0;  1 drivers
v0x854e72d00_0 .net/2u *"_ivl_110", 0 0, L_0x855478ac0;  1 drivers
v0x854e72da0_0 .net *"_ivl_113", 0 0, L_0x85517a220;  1 drivers
v0x854e72e40_0 .net/2u *"_ivl_118", 0 0, L_0x855478b08;  1 drivers
v0x854e72ee0_0 .net *"_ivl_120", 47 0, L_0x854d96f80;  1 drivers
v0x854e72f80_0 .net *"_ivl_123", 0 0, L_0x854d97020;  1 drivers
v0x854e73020_0 .net *"_ivl_126", 3 0, L_0x854d970c0;  1 drivers
v0x854e730c0_0 .net *"_ivl_131", 0 0, L_0x85517a300;  1 drivers
v0x854e73160_0 .net/2u *"_ivl_132", 31 0, L_0x855478b50;  1 drivers
v0x854e73200_0 .net *"_ivl_134", 31 0, L_0x85517a370;  1 drivers
L_0x855478b98 .functor BUFT 1, C4<01000000>, C4<0>, C4<0>, C4<0>;
v0x854e732a0_0 .net/2u *"_ivl_138", 7 0, L_0x855478b98;  1 drivers
v0x854e73340_0 .net *"_ivl_140", 0 0, L_0x854e961c0;  1 drivers
v0x854e733e0_0 .net *"_ivl_143", 0 0, L_0x85517a3e0;  1 drivers
v0x854e73480_0 .net/2u *"_ivl_144", 0 0, L_0x855478be0;  1 drivers
v0x854e73520_0 .net *"_ivl_25", 0 0, L_0x855179880;  1 drivers
v0x854e735c0_0 .net *"_ivl_27", 0 0, L_0x8551798f0;  1 drivers
v0x854e73660_0 .net *"_ivl_30", 3 0, L_0x854d966c0;  1 drivers
v0x854e73700_0 .net *"_ivl_35", 0 0, L_0x854d96800;  1 drivers
v0x854e737a0_0 .net *"_ivl_37", 0 0, L_0x8551799d0;  1 drivers
v0x854e73840_0 .net *"_ivl_39", 0 0, L_0x855179ab0;  1 drivers
v0x854e738e0_0 .net *"_ivl_41", 0 0, L_0x855179b20;  1 drivers
v0x854e73980_0 .net *"_ivl_43", 0 0, L_0x855179a40;  1 drivers
v0x854e73a20_0 .net *"_ivl_45", 0 0, L_0x854d968a0;  1 drivers
v0x854e73ac0_0 .net *"_ivl_47", 0 0, L_0x855179b90;  1 drivers
v0x854e73b60_0 .net *"_ivl_49", 0 0, L_0x855179c00;  1 drivers
v0x854e73c00_0 .net *"_ivl_51", 0 0, L_0x855179c70;  1 drivers
v0x854e73ca0_0 .net *"_ivl_53", 0 0, L_0x854d96940;  1 drivers
v0x854e73d40_0 .net *"_ivl_55", 1 0, L_0x854e95fe0;  1 drivers
v0x854e73de0_0 .net *"_ivl_57", 0 0, L_0x854d969e0;  1 drivers
v0x854e73e80_0 .net *"_ivl_59", 0 0, L_0x855179ce0;  1 drivers
v0x854e73f20_0 .net *"_ivl_61", 0 0, L_0x855179d50;  1 drivers
v0x854e78000_0 .net *"_ivl_65", 0 0, L_0x854d96a80;  1 drivers
v0x854e780a0_0 .net *"_ivl_67", 0 0, L_0x855179e30;  1 drivers
v0x854e78140_0 .net *"_ivl_71", 0 0, L_0x854d96b20;  1 drivers
v0x854e781e0_0 .net *"_ivl_73", 0 0, L_0x854d96bc0;  1 drivers
v0x854e78280_0 .net *"_ivl_75", 0 0, L_0x855179f10;  1 drivers
v0x854e78320_0 .net *"_ivl_77", 0 0, L_0x855179f80;  1 drivers
v0x854e783c0_0 .net *"_ivl_79", 0 0, L_0x855179ff0;  1 drivers
v0x854e78460_0 .net *"_ivl_81", 0 0, L_0x85517a060;  1 drivers
v0x854e78500_0 .net/2u *"_ivl_82", 0 0, L_0x8554789e8;  1 drivers
v0x854e785a0_0 .net *"_ivl_85", 0 0, L_0x85517a0d0;  1 drivers
v0x854e78640_0 .net *"_ivl_89", 0 0, L_0x85517a1b0;  1 drivers
v0x854e786e0_0 .net *"_ivl_91", 29 0, L_0x854e96080;  1 drivers
L_0x8554792e8 .functor BUFT 1, C4<000000000000000000000000000000>, C4<0>, C4<0>, C4<0>;
v0x854e78780_0 .net *"_ivl_92", 29 0, L_0x8554792e8;  1 drivers
v0x854e78820_0 .net *"_ivl_96", 29 0, L_0x854d96c60;  1 drivers
L_0x855478a30 .functor BUFT 1, C4<00>, C4<0>, C4<0>, C4<0>;
v0x854e788c0_0 .net/2u *"_ivl_98", 1 0, L_0x855478a30;  1 drivers
v0x854e78960_0 .var "alu_add_sub", 31 0;
v0x854e78a00_0 .var "alu_eq", 0 0;
v0x854e78aa0_0 .var "alu_lts", 0 0;
v0x854e78b40_0 .var "alu_ltu", 0 0;
v0x854e78be0_0 .var "alu_out", 31 0;
v0x854e78c80_0 .var "alu_out_0", 0 0;
v0x854e78d20_0 .var "alu_out_0_q", 0 0;
v0x854e78dc0_0 .var "alu_out_q", 31 0;
v0x854e78e60_0 .var "alu_shl", 31 0;
v0x854e78f00_0 .var "alu_shr", 31 0;
v0x854e78fa0_0 .var "alu_wait", 0 0;
v0x854e79040_0 .var "alu_wait_2", 0 0;
v0x854e790e0_0 .var "cached_ascii_instr", 63 0;
v0x854e79180_0 .var "cached_insn_imm", 31 0;
v0x854e79220_0 .var "cached_insn_opcode", 31 0;
v0x854e792c0_0 .var "cached_insn_rd", 4 0;
v0x854e79360_0 .var "cached_insn_rs1", 4 0;
v0x854e79400_0 .var "cached_insn_rs2", 4 0;
v0x854e794a0_0 .var "clear_prefetched_high_word", 0 0;
v0x854e79540_0 .var "clear_prefetched_high_word_q", 0 0;
v0x854e795e0_0 .net "clk", 0 0, L_0x855089f80;  alias, 1 drivers
v0x854e79680_0 .var "compressed_instr", 0 0;
v0x854e79720_0 .var "count_cycle", 63 0;
v0x854e797c0_0 .var "count_instr", 63 0;
v0x854e79860_0 .var "cpu_state", 7 0;
v0x854e79900 .array "cpuregs", 31 0, 31 0;
v0x854e799a0_0 .var "cpuregs_rs1", 31 0;
v0x854e79a40_0 .var "cpuregs_rs2", 31 0;
v0x854e79ae0_0 .var "cpuregs_wrdata", 31 0;
v0x854e79b80_0 .var "cpuregs_write", 0 0;
v0x854e79c20_0 .var "current_pc", 31 0;
v0x854e79cc0_0 .var "dbg_ascii_instr", 63 0;
v0x854e79d60_0 .var "dbg_ascii_state", 127 0;
v0x854e79e00_0 .var "dbg_insn_addr", 31 0;
v0x854e79ea0_0 .var "dbg_insn_imm", 31 0;
v0x854e79f40_0 .var "dbg_insn_opcode", 31 0;
v0x854e79fe0_0 .var "dbg_insn_rd", 4 0;
v0x854e7a080_0 .var "dbg_insn_rs1", 4 0;
v0x854e7a120_0 .var "dbg_insn_rs2", 4 0;
v0x854e7a1c0_0 .net "dbg_mem_addr", 31 0, L_0x85508a140;  1 drivers
v0x854e7a260_0 .net "dbg_mem_instr", 0 0, L_0x85508a060;  1 drivers
v0x854e7a300_0 .net "dbg_mem_rdata", 31 0, L_0x85508a290;  1 drivers
v0x854e7a3a0_0 .net "dbg_mem_ready", 0 0, L_0x85508a0d0;  1 drivers
v0x854e7a440_0 .net "dbg_mem_valid", 0 0, L_0x855089ff0;  1 drivers
v0x854e7a4e0_0 .net "dbg_mem_wdata", 31 0, L_0x85508a1b0;  1 drivers
v0x854e7a580_0 .net "dbg_mem_wstrb", 3 0, L_0x85508a220;  1 drivers
v0x854e7a620_0 .var "dbg_next", 0 0;
v0x854e7a6c0_0 .var "dbg_rs1val", 31 0;
v0x854e7a760_0 .var "dbg_rs1val_valid", 0 0;
v0x854e7a800_0 .var "dbg_rs2val", 31 0;
v0x854e7a8a0_0 .var "dbg_rs2val_valid", 0 0;
v0x854e7a940_0 .var "dbg_valid_insn", 0 0;
v0x854e7a9e0_0 .var "decoded_imm", 31 0;
v0x854e7aa80_0 .var "decoded_imm_j", 31 0;
v0x854e7ab20_0 .var "decoded_rd", 4 0;
v0x854e7abc0_0 .var "decoded_rs", 4 0;
v0x854e7ac60_0 .var "decoded_rs1", 4 0;
v0x854e7ad00_0 .var "decoded_rs2", 4 0;
v0x854e7ada0_0 .var "decoder_pseudo_trigger", 0 0;
v0x854e7ae40_0 .var "decoder_pseudo_trigger_q", 0 0;
v0x854e7aee0_0 .var "decoder_trigger", 0 0;
v0x854e7af80_0 .var "decoder_trigger_q", 0 0;
v0x854e7b020_0 .var "do_waitirq", 0 0;
v0x854e7b0c0_0 .var "eoi", 31 0;
v0x854e7b160_0 .var "instr_add", 0 0;
v0x854e7b200_0 .var "instr_addi", 0 0;
v0x854e7b2a0_0 .var "instr_and", 0 0;
v0x854e7b340_0 .var "instr_andi", 0 0;
v0x854e7b3e0_0 .var "instr_auipc", 0 0;
v0x854e7b480_0 .var "instr_beq", 0 0;
v0x854e7b520_0 .var "instr_bge", 0 0;
v0x854e7b5c0_0 .var "instr_bgeu", 0 0;
v0x854e7b660_0 .var "instr_blt", 0 0;
v0x854e7b700_0 .var "instr_bltu", 0 0;
v0x854e7b7a0_0 .var "instr_bne", 0 0;
v0x854e7b840_0 .var "instr_ecall_ebreak", 0 0;
v0x854e7b8e0_0 .var "instr_fence", 0 0;
v0x854e7b980_0 .var "instr_getq", 0 0;
v0x854e7ba20_0 .var "instr_jal", 0 0;
v0x854e7bac0_0 .var "instr_jalr", 0 0;
v0x854e7bb60_0 .var "instr_lb", 0 0;
v0x854e7bc00_0 .var "instr_lbu", 0 0;
v0x854e7bca0_0 .var "instr_lh", 0 0;
v0x854e7bd40_0 .var "instr_lhu", 0 0;
v0x854e7bde0_0 .var "instr_lui", 0 0;
v0x854e7be80_0 .var "instr_lw", 0 0;
v0x854e7bf20_0 .var "instr_maskirq", 0 0;
v0x854e80000_0 .var "instr_or", 0 0;
v0x854e800a0_0 .var "instr_ori", 0 0;
v0x854e80140_0 .var "instr_rdcycle", 0 0;
v0x854e801e0_0 .var "instr_rdcycleh", 0 0;
v0x854e80280_0 .var "instr_rdinstr", 0 0;
v0x854e80320_0 .var "instr_rdinstrh", 0 0;
v0x854e803c0_0 .var "instr_retirq", 0 0;
v0x854e80460_0 .var "instr_sb", 0 0;
v0x854e80500_0 .var "instr_setq", 0 0;
v0x854e805a0_0 .var "instr_sh", 0 0;
v0x854e80640_0 .var "instr_sll", 0 0;
v0x854e806e0_0 .var "instr_slli", 0 0;
v0x854e80780_0 .var "instr_slt", 0 0;
v0x854e80820_0 .var "instr_slti", 0 0;
v0x854e808c0_0 .var "instr_sltiu", 0 0;
v0x854e80960_0 .var "instr_sltu", 0 0;
v0x854e80a00_0 .var "instr_sra", 0 0;
v0x854e80aa0_0 .var "instr_srai", 0 0;
v0x854e80b40_0 .var "instr_srl", 0 0;
v0x854e80be0_0 .var "instr_srli", 0 0;
v0x854e80c80_0 .var "instr_sub", 0 0;
v0x854e80d20_0 .var "instr_sw", 0 0;
v0x854e80dc0_0 .var "instr_timer", 0 0;
v0x854e80e60_0 .net "instr_trap", 0 0, L_0x85517a290;  1 drivers
v0x854e80f00_0 .var "instr_waitirq", 0 0;
v0x854e80fa0_0 .var "instr_xor", 0 0;
v0x854e81040_0 .var "instr_xori", 0 0;
v0x854e810e0_0 .net "irq", 31 0, o0x85544b840;  alias, 0 drivers
v0x854e81180_0 .var "irq_active", 0 0;
v0x854e81220_0 .var "irq_delay", 0 0;
v0x854e812c0_0 .var "irq_mask", 31 0;
v0x854e81360_0 .var "irq_pending", 31 0;
v0x854e81400_0 .var "irq_state", 1 0;
v0x854e814a0_0 .var "is_alu_reg_imm", 0 0;
v0x854e81540_0 .var "is_alu_reg_reg", 0 0;
v0x854e815e0_0 .var "is_beq_bne_blt_bge_bltu_bgeu", 0 0;
v0x854e81680_0 .var "is_compare", 0 0;
v0x854e81720_0 .var "is_jalr_addi_slti_sltiu_xori_ori_andi", 0 0;
v0x854e817c0_0 .var "is_lb_lh_lw_lbu_lhu", 0 0;
v0x854e81860_0 .var "is_lbu_lhu_lw", 0 0;
v0x854e81900_0 .var "is_lui_auipc_jal", 0 0;
v0x854e819a0_0 .var "is_lui_auipc_jal_jalr_addi_add_sub", 0 0;
v0x854e81a40_0 .net "is_rdcycle_rdcycleh_rdinstr_rdinstrh", 0 0, L_0x854d97160;  1 drivers
v0x854e81ae0_0 .var "is_sb_sh_sw", 0 0;
v0x854e81b80_0 .var "is_sll_srl_sra", 0 0;
v0x854e81c20_0 .var "is_slli_srli_srai", 0 0;
v0x854e81cc0_0 .var "is_slti_blt_slt", 0 0;
v0x854e81d60_0 .var "is_sltiu_bltu_sltu", 0 0;
v0x854e81e00_0 .var "last_mem_valid", 0 0;
v0x854e81ea0_0 .var "latched_branch", 0 0;
v0x854e81f40_0 .var "latched_compr", 0 0;
v0x854e81fe0_0 .var "latched_is_lb", 0 0;
v0x854e82080_0 .var "latched_is_lh", 0 0;
v0x854e82120_0 .var "latched_is_lu", 0 0;
v0x854e821c0_0 .var "latched_rd", 4 0;
v0x854e82260_0 .var "latched_stalu", 0 0;
v0x854e82300_0 .var "latched_store", 0 0;
v0x854e823a0_0 .var "latched_trace", 0 0;
v0x854e82440_0 .net "launch_next_insn", 0 0, L_0x85517a450;  1 drivers
v0x854e824e0_0 .var "mem_addr", 31 0;
v0x854e82580_0 .net "mem_busy", 0 0, L_0x854d96760;  1 drivers
v0x854e82620_0 .var "mem_do_prefetch", 0 0;
v0x854e826c0_0 .var "mem_do_rdata", 0 0;
v0x854e82760_0 .var "mem_do_rinst", 0 0;
v0x854e82800_0 .var "mem_do_wdata", 0 0;
v0x854e828a0_0 .net "mem_done", 0 0, L_0x855179dc0;  1 drivers
v0x854e82940_0 .var "mem_instr", 0 0;
v0x854e829e0_0 .net "mem_la_addr", 31 0, L_0x854d96e40;  1 drivers
L_0x855478910 .functor BUFT 1, C4<0>, C4<0>, C4<0>, C4<0>;
v0x854e82a80_0 .net "mem_la_firstword", 0 0, L_0x855478910;  1 drivers
v0x854e82b20_0 .var "mem_la_firstword_reg", 0 0;
L_0x855478958 .functor BUFT 1, C4<0>, C4<0>, C4<0>, C4<0>;
v0x854e82bc0_0 .net "mem_la_firstword_xfer", 0 0, L_0x855478958;  1 drivers
v0x854e82c60_0 .net "mem_la_read", 0 0, L_0x85517a140;  1 drivers
v0x854e82d00_0 .var "mem_la_secondword", 0 0;
v0x854e82da0_0 .net "mem_la_use_prefetched_high_word", 0 0, L_0x8554789a0;  1 drivers
v0x854e82e40_0 .var "mem_la_wdata", 31 0;
v0x854e82ee0_0 .net "mem_la_write", 0 0, L_0x855179ea0;  1 drivers
v0x854e82f80_0 .var "mem_la_wstrb", 3 0;
v0x854e83020_0 .net "mem_rdata", 31 0, v0x854e85b80_0;  1 drivers
v0x854e830c0_0 .net "mem_rdata_latched", 31 0, L_0x85508a3e0;  1 drivers
v0x854e83160_0 .net "mem_rdata_latched_noshuffle", 31 0, L_0x854d96ee0;  1 drivers
v0x854e83200_0 .var "mem_rdata_q", 31 0;
v0x854e832a0_0 .var "mem_rdata_word", 31 0;
v0x854e83340_0 .net "mem_ready", 0 0, v0x854e85c20_0;  1 drivers
v0x854e833e0_0 .var "mem_state", 1 0;
v0x854e83480_0 .var "mem_valid", 0 0;
v0x854e83520_0 .var "mem_wdata", 31 0;
v0x854e835c0_0 .var "mem_wordsize", 1 0;
v0x854e83660_0 .var "mem_wstrb", 3 0;
v0x854e83700_0 .net "mem_xfer", 0 0, L_0x855179960;  1 drivers
v0x854e837a0_0 .var "new_ascii_instr", 63 0;
v0x854e83840_0 .var "next_insn_opcode", 31 0;
v0x854e838e0_0 .var "next_irq_pending", 31 0;
v0x854e83980_0 .net "next_pc", 31 0, L_0x854d97200;  1 drivers
L_0x855478838 .functor BUFT 1, C4<xxxxxxxxxxxxxxxxxxxxxxxxxxxxxxxx>, C4<0>, C4<0>, C4<0>;
v0x854e83a20_0 .net "pcpi_div_rd", 31 0, L_0x855478838;  1 drivers
L_0x8554788c8 .functor BUFT 1, C4<0>, C4<0>, C4<0>, C4<0>;
v0x854e83ac0_0 .net "pcpi_div_ready", 0 0, L_0x8554788c8;  1 drivers
L_0x855478880 .functor BUFT 1, C4<0>, C4<0>, C4<0>, C4<0>;
v0x854e83b60_0 .net "pcpi_div_wait", 0 0, L_0x855478880;  1 drivers
L_0x8554787f0 .functor BUFT 1, C4<0>, C4<0>, C4<0>, C4<0>;
v0x854e83c00_0 .net "pcpi_div_wr", 0 0, L_0x8554787f0;  1 drivers
v0x854e83ca0_0 .var "pcpi_insn", 31 0;
v0x854e83d40_0 .var "pcpi_int_rd", 31 0;
v0x854e83de0_0 .var "pcpi_int_ready", 0 0;
v0x854e83e80_0 .var "pcpi_int_wait", 0 0;
v0x854e83f20_0 .var "pcpi_int_wr", 0 0;
L_0x855478718 .functor BUFT 1, C4<xxxxxxxxxxxxxxxxxxxxxxxxxxxxxxxx>, C4<0>, C4<0>, C4<0>;
v0x854e84000_0 .net "pcpi_mul_rd", 31 0, L_0x855478718;  1 drivers
L_0x8554787a8 .functor BUFT 1, C4<0>, C4<0>, C4<0>, C4<0>;
v0x854e840a0_0 .net "pcpi_mul_ready", 0 0, L_0x8554787a8;  1 drivers
L_0x855478760 .functor BUFT 1, C4<0>, C4<0>, C4<0>, C4<0>;
v0x854e84140_0 .net "pcpi_mul_wait", 0 0, L_0x855478760;  1 drivers
L_0x8554786d0 .functor BUFT 1, C4<0>, C4<0>, C4<0>, C4<0>;
v0x854e841e0_0 .net "pcpi_mul_wr", 0 0, L_0x8554786d0;  1 drivers
v0x854e84280_0 .net "pcpi_rd", 31 0, o0x85544c710;  alias, 0 drivers
v0x854e84320_0 .net "pcpi_ready", 0 0, o0x85544c740;  alias, 0 drivers
v0x854e843c0_0 .net "pcpi_rs1", 31 0, L_0x85508a300;  alias, 1 drivers
v0x854e84460_0 .net "pcpi_rs2", 31 0, L_0x85508a370;  alias, 1 drivers
v0x854e84500_0 .var "pcpi_timeout", 0 0;
v0x854e845a0_0 .var "pcpi_valid", 0 0;
v0x854e84640_0 .net "pcpi_wait", 0 0, o0x85544c830;  alias, 0 drivers
v0x854e846e0_0 .net "pcpi_wr", 0 0, o0x85544c860;  alias, 0 drivers
v0x854e84780_0 .var "prefetched_high_word", 0 0;
v0x854e84820_0 .var "q_ascii_instr", 63 0;
v0x854e848c0_0 .var "q_insn_imm", 31 0;
v0x854e84960_0 .var "q_insn_opcode", 31 0;
v0x854e84a00_0 .var "q_insn_rd", 4 0;
v0x854e84aa0_0 .var "q_insn_rs1", 4 0;
v0x854e84b40_0 .var "q_insn_rs2", 4 0;
v0x854e84be0_0 .var "reg_next_pc", 31 0;
v0x854e84c80_0 .var "reg_op1", 31 0;
v0x854e84d20_0 .var "reg_op2", 31 0;
v0x854e84dc0_0 .var "reg_out", 31 0;
v0x854e84e60_0 .var "reg_pc", 31 0;
v0x854e84f00_0 .var "reg_sh", 4 0;
v0x854e84fa0_0 .net "resetn", 0 0, L_0x855179810;  alias, 1 drivers
v0x854e85040_0 .var "set_mem_do_rdata", 0 0;
v0x854e850e0_0 .var "set_mem_do_rinst", 0 0;
v0x854e85180_0 .var "set_mem_do_wdata", 0 0;
v0x854e85220_0 .var "timer", 31 0;
v0x854e852c0_0 .var "trace_data", 35 0;
v0x854e85360_0 .var "trace_valid", 0 0;
v0x854e85400_0 .var "trap", 0 0;
E_0x8551a9600 .event posedge, v0x854e795e0_0;
v0x854e79900_0 .array/port v0x854e79900, 0;
v0x854e79900_1 .array/port v0x854e79900, 1;
v0x854e79900_2 .array/port v0x854e79900, 2;
E_0x8551a9640/0 .event anyedge, v0x854e7ac60_0, v0x854e79900_0, v0x854e79900_1, v0x854e79900_2;
v0x854e79900_3 .array/port v0x854e79900, 3;
v0x854e79900_4 .array/port v0x854e79900, 4;
v0x854e79900_5 .array/port v0x854e79900, 5;
v0x854e79900_6 .array/port v0x854e79900, 6;
E_0x8551a9640/1 .event anyedge, v0x854e79900_3, v0x854e79900_4, v0x854e79900_5, v0x854e79900_6;
v0x854e79900_7 .array/port v0x854e79900, 7;
v0x854e79900_8 .array/port v0x854e79900, 8;
v0x854e79900_9 .array/port v0x854e79900, 9;
v0x854e79900_10 .array/port v0x854e79900, 10;
E_0x8551a9640/2 .event anyedge, v0x854e79900_7, v0x854e79900_8, v0x854e79900_9, v0x854e79900_10;
v0x854e79900_11 .array/port v0x854e79900, 11;
v0x854e79900_12 .array/port v0x854e79900, 12;
v0x854e79900_13 .array/port v0x854e79900, 13;
v0x854e79900_14 .array/port v0x854e79900, 14;
E_0x8551a9640/3 .event anyedge, v0x854e79900_11, v0x854e79900_12, v0x854e79900_13, v0x854e79900_14;
v0x854e79900_15 .array/port v0x854e79900, 15;
v0x854e79900_16 .array/port v0x854e79900, 16;
v0x854e79900_17 .array/port v0x854e79900, 17;
v0x854e79900_18 .array/port v0x854e79900, 18;
E_0x8551a9640/4 .event anyedge, v0x854e79900_15, v0x854e79900_16, v0x854e79900_17, v0x854e79900_18;
v0x854e79900_19 .array/port v0x854e79900, 19;
v0x854e79900_20 .array/port v0x854e79900, 20;
v0x854e79900_21 .array/port v0x854e79900, 21;
v0x854e79900_22 .array/port v0x854e79900, 22;
E_0x8551a9640/5 .event anyedge, v0x854e79900_19, v0x854e79900_20, v0x854e79900_21, v0x854e79900_22;
v0x854e79900_23 .array/port v0x854e79900, 23;
v0x854e79900_24 .array/port v0x854e79900, 24;
v0x854e79900_25 .array/port v0x854e79900, 25;
v0x854e79900_26 .array/port v0x854e79900, 26;
E_0x8551a9640/6 .event anyedge, v0x854e79900_23, v0x854e79900_24, v0x854e79900_25, v0x854e79900_26;
v0x854e79900_27 .array/port v0x854e79900, 27;
v0x854e79900_28 .array/port v0x854e79900, 28;
v0x854e79900_29 .array/port v0x854e79900, 29;
v0x854e79900_30 .array/port v0x854e79900, 30;
E_0x8551a9640/7 .event anyedge, v0x854e79900_27, v0x854e79900_28, v0x854e79900_29, v0x854e79900_30;
v0x854e79900_31 .array/port v0x854e79900, 31;
E_0x8551a9640/8 .event anyedge, v0x854e79900_31, v0x854e7ad00_0;
E_0x8551a9640 .event/or E_0x8551a9640/0, E_0x8551a9640/1, E_0x8551a9640/2, E_0x8551a9640/3, E_0x8551a9640/4, E_0x8551a9640/5, E_0x8551a9640/6, E_0x8551a9640/7, E_0x8551a9640/8;
E_0x8551a9680/0 .event anyedge, v0x854e79860_0, v0x854e84e60_0, v0x854e81f40_0, v0x854e81ea0_0;
E_0x8551a9680/1 .event anyedge, v0x854e82260_0, v0x854e78dc0_0, v0x854e84dc0_0, v0x854e82300_0;
E_0x8551a9680/2 .event anyedge, v0x854e84be0_0, v0x854e81360_0, v0x854e812c0_0;
E_0x8551a9680 .event/or E_0x8551a9680/0, E_0x8551a9680/1, E_0x8551a9680/2;
E_0x8551a96c0/0 .event anyedge, v0x854e79540_0, v0x854e84780_0, v0x854e81ea0_0, v0x854e81400_0;
E_0x8551a96c0/1 .event anyedge, v0x854e84fa0_0;
E_0x8551a96c0 .event/or E_0x8551a96c0/0, E_0x8551a96c0/1;
E_0x8551a9700/0 .event anyedge, v0x854e78a00_0, v0x854e7b480_0, v0x854e7b7a0_0, v0x854e78aa0_0;
E_0x8551a9700/1 .event anyedge, v0x854e7b520_0, v0x854e78b40_0, v0x854e7b5c0_0, v0x854e81cc0_0;
E_0x8551a9700/2 .event anyedge, v0x854e81d60_0, v0x854e78960_0, v0x854e819a0_0, v0x854e78c80_0;
E_0x8551a9700/3 .event anyedge, v0x854e81680_0, v0x854e84c80_0, v0x854e84d20_0, v0x854e81040_0;
E_0x8551a9700/4 .event anyedge, v0x854e80fa0_0, v0x854e800a0_0, v0x854e80000_0, v0x854e7b340_0;
E_0x8551a9700/5 .event anyedge, v0x854e7b2a0_0, v0x854e78e60_0, v0x854e78f00_0;
E_0x8551a9700 .event/or E_0x8551a9700/0, E_0x8551a9700/1, E_0x8551a9700/2, E_0x8551a9700/3, E_0x8551a9700/4, E_0x8551a9700/5;
E_0x8551a9740 .event anyedge, v0x854e79860_0;
E_0x8551a9780/0 .event anyedge, v0x854e84820_0, v0x854e848c0_0, v0x854e84960_0, v0x854e84aa0_0;
E_0x8551a9780/1 .event anyedge, v0x854e84b40_0, v0x854e84a00_0, v0x854e7a620_0, v0x854e7ae40_0;
E_0x8551a9780/2 .event anyedge, v0x854e790e0_0, v0x854e79180_0, v0x854e79220_0, v0x854e79360_0;
E_0x8551a9780/3 .event anyedge, v0x854e79400_0, v0x854e792c0_0, v0x854e837a0_0, v0x854e83840_0;
E_0x8551a9780/4 .event anyedge, v0x854e7a9e0_0, v0x854e7ac60_0, v0x854e7ad00_0, v0x854e7ab20_0;
E_0x8551a9780 .event/or E_0x8551a9780/0, E_0x8551a9780/1, E_0x8551a9780/2, E_0x8551a9780/3, E_0x8551a9780/4;
E_0x8551a97c0/0 .event anyedge, v0x854e7bde0_0, v0x854e7b3e0_0, v0x854e7ba20_0, v0x854e7bac0_0;
E_0x8551a97c0/1 .event anyedge, v0x854e7b480_0, v0x854e7b7a0_0, v0x854e7b660_0, v0x854e7b520_0;
E_0x8551a97c0/2 .event anyedge, v0x854e7b700_0, v0x854e7b5c0_0, v0x854e7bb60_0, v0x854e7bca0_0;
E_0x8551a97c0/3 .event anyedge, v0x854e7be80_0, v0x854e7bc00_0, v0x854e7bd40_0, v0x854e80460_0;
E_0x8551a97c0/4 .event anyedge, v0x854e805a0_0, v0x854e80d20_0, v0x854e7b200_0, v0x854e80820_0;
E_0x8551a97c0/5 .event anyedge, v0x854e808c0_0, v0x854e81040_0, v0x854e800a0_0, v0x854e7b340_0;
E_0x8551a97c0/6 .event anyedge, v0x854e806e0_0, v0x854e80be0_0, v0x854e80aa0_0, v0x854e7b160_0;
E_0x8551a97c0/7 .event anyedge, v0x854e80c80_0, v0x854e80640_0, v0x854e80780_0, v0x854e80960_0;
E_0x8551a97c0/8 .event anyedge, v0x854e80fa0_0, v0x854e80b40_0, v0x854e80a00_0, v0x854e80000_0;
E_0x8551a97c0/9 .event anyedge, v0x854e7b2a0_0, v0x854e80140_0, v0x854e801e0_0, v0x854e80280_0;
E_0x8551a97c0/10 .event anyedge, v0x854e80320_0, v0x854e7b8e0_0, v0x854e7b980_0, v0x854e80500_0;
E_0x8551a97c0/11 .event anyedge, v0x854e803c0_0, v0x854e7bf20_0, v0x854e80f00_0, v0x854e80dc0_0;
E_0x8551a97c0 .event/or E_0x8551a97c0/0, E_0x8551a97c0/1, E_0x8551a97c0/2, E_0x8551a97c0/3, E_0x8551a97c0/4, E_0x8551a97c0/5, E_0x8551a97c0/6, E_0x8551a97c0/7, E_0x8551a97c0/8, E_0x8551a97c0/9, E_0x8551a97c0/10, E_0x8551a97c0/11;
E_0x8551a9800 .event anyedge, v0x854e835c0_0, v0x854e84d20_0, v0x854e83020_0, v0x854e84c80_0;
E_0x8551a9840 .event anyedge, v0x854e841e0_0, v0x854e84000_0, v0x854e83c00_0, v0x854e83a20_0;
L_0x854d966c0 .concat [ 1 1 1 1], v0x854e82800_0, v0x854e826c0_0, v0x854e82760_0, v0x854e82620_0;
L_0x854d96760 .reduce/or L_0x854d966c0;
L_0x854d96800 .reduce/or v0x854e833e0_0;
L_0x854d968a0 .reduce/and v0x854e833e0_0;
L_0x854d96940 .reduce/nor L_0x855478910;
L_0x854e95fe0 .part L_0x85508a3e0, 0, 2;
L_0x854d969e0 .reduce/nand L_0x854e95fe0;
L_0x854d96a80 .reduce/nor v0x854e833e0_0;
L_0x854d96b20 .reduce/nor L_0x8554789a0;
L_0x854d96bc0 .reduce/nor v0x854e833e0_0;
L_0x854e96080 .part L_0x854d97200, 2, 30;
L_0x854d96c60 .arith/sum 30, L_0x854e96080, L_0x8554792e8;
L_0x854d96d00 .concat [ 2 30 0 0], L_0x855478a30, L_0x854d96c60;
L_0x854e96120 .part v0x854e84c80_0, 2, 30;
L_0x854d96da0 .concat [ 2 30 0 0], L_0x855478a78, L_0x854e96120;
L_0x854d96e40 .functor MUXZ 32, L_0x854d96da0, L_0x854d96d00, L_0x85517a1b0, C4<>;
L_0x854d96ee0 .functor MUXZ 32, v0x854e83200_0, v0x854e85b80_0, L_0x85517a220, C4<>;
LS_0x854d96f80_0_0 .concat [ 1 1 1 1], v0x854e80dc0_0, v0x854e80f00_0, v0x854e7bf20_0, v0x854e803c0_0;
LS_0x854d96f80_0_4 .concat [ 1 1 1 1], v0x854e80500_0, v0x854e7b980_0, v0x854e7b8e0_0, v0x854e80320_0;
LS_0x854d96f80_0_8 .concat [ 1 1 1 1], v0x854e80280_0, v0x854e801e0_0, v0x854e80140_0, v0x854e7b2a0_0;
LS_0x854d96f80_0_12 .concat [ 1 1 1 1], v0x854e80000_0, v0x854e80a00_0, v0x854e80b40_0, v0x854e80fa0_0;
LS_0x854d96f80_0_16 .concat [ 1 1 1 1], v0x854e80960_0, v0x854e80780_0, v0x854e80640_0, v0x854e80c80_0;
LS_0x854d96f80_0_20 .concat [ 1 1 1 1], v0x854e7b160_0, v0x854e80aa0_0, v0x854e80be0_0, v0x854e806e0_0;
LS_0x854d96f80_0_24 .concat [ 1 1 1 1], v0x854e7b340_0, v0x854e800a0_0, v0x854e81040_0, v0x854e808c0_0;
LS_0x854d96f80_0_28 .concat [ 1 1 1 1], v0x854e80820_0, v0x854e7b200_0, v0x854e80d20_0, v0x854e805a0_0;
LS_0x854d96f80_0_32 .concat [ 1 1 1 1], v0x854e80460_0, v0x854e7bd40_0, v0x854e7bc00_0, v0x854e7be80_0;
LS_0x854d96f80_0_36 .concat [ 1 1 1 1], v0x854e7bca0_0, v0x854e7bb60_0, v0x854e7b5c0_0, v0x854e7b700_0;
LS_0x854d96f80_0_40 .concat [ 1 1 1 1], v0x854e7b520_0, v0x854e7b660_0, v0x854e7b7a0_0, v0x854e7b480_0;
LS_0x854d96f80_0_44 .concat [ 1 1 1 1], v0x854e7bac0_0, v0x854e7ba20_0, v0x854e7b3e0_0, v0x854e7bde0_0;
LS_0x854d96f80_1_0 .concat [ 4 4 4 4], LS_0x854d96f80_0_0, LS_0x854d96f80_0_4, LS_0x854d96f80_0_8, LS_0x854d96f80_0_12;
LS_0x854d96f80_1_4 .concat [ 4 4 4 4], LS_0x854d96f80_0_16, LS_0x854d96f80_0_20, LS_0x854d96f80_0_24, LS_0x854d96f80_0_28;
LS_0x854d96f80_1_8 .concat [ 4 4 4 4], LS_0x854d96f80_0_32, LS_0x854d96f80_0_36, LS_0x854d96f80_0_40, LS_0x854d96f80_0_44;
L_0x854d96f80 .concat [ 16 16 16 0], LS_0x854d96f80_1_0, LS_0x854d96f80_1_4, LS_0x854d96f80_1_8;
L_0x854d97020 .reduce/nor L_0x854d96f80;
L_0x854d970c0 .concat [ 1 1 1 1], v0x854e80320_0, v0x854e80280_0, v0x854e801e0_0, v0x854e80140_0;
L_0x854d97160 .reduce/or L_0x854d970c0;
L_0x854d97200 .functor MUXZ 32, v0x854e84be0_0, L_0x85517a370, L_0x85517a300, C4<>;
L_0x854e961c0 .cmp/eq 8, v0x854e79860_0, L_0x855478b98;
S_0x854e64600 .scope task, "empty_statement" "empty_statement" 3 214, 3 214 0, S_0x854e64300;
 .timescale -9 -12;
TD_picorv32_wb.picorv32_core.empty_statement ;
    %end;
S_0x854e64780 .scope generate, "genblk1" "genblk1" 3 285, 3 285 0, S_0x854e64300;
 .timescale -9 -12;
S_0x854e64900 .scope generate, "genblk2" "genblk2" 3 305, 3 305 0, S_0x854e64300;
 .timescale -9 -12;
S_0x854e64a80 .scope generate, "genblk3" "genblk3" 3 1229, 3 1229 0, S_0x854e64300;
 .timescale -9 -12;
E_0x8551a9880/0 .event anyedge, v0x854e80c80_0, v0x854e84c80_0, v0x854e84d20_0, v0x854e80a00_0;
E_0x8551a9880/1 .event anyedge, v0x854e80aa0_0;
E_0x8551a9880 .event/or E_0x8551a9880/0, E_0x8551a9880/1;
S_0x100c7f970 .scope module, "tb_loader" "tb_loader" 4 23;
 .timescale -9 -12;
P_0x8551a9040 .param/l "CPB" 1 4 26, +C4<00000000000000000000000000010000>;
v0x854e952c0_0 .var "ack", 7 0;
v0x854e95360 .array "body", 63 0, 7 0;
v0x854e95400_0 .var/i "body_len", 31 0;
v0x854e954a0_0 .var "btn", 1 0;
v0x854e95540_0 .var "clk", 0 0;
v0x854e955e0_0 .var "crc", 15 0;
v0x854e95680_0 .net "gpio_out", 31 0, L_0x85508a920;  1 drivers
v0x854e95720_0 .var/i "j", 31 0;
v0x854e957c0 .array "prog", 3 0, 31 0;
v0x854e95860_0 .var "resetn", 0 0;
v0x854e95900_0 .var "rx", 0 0;
v0x854e959a0_0 .net "tx", 0 0, v0x854e93700_0;  1 drivers
v0x854e95a40_0 .var/i "w", 31 0;
S_0x854e64c00 .scope function.vec4.s16, "crc16_next" "crc16_next" 4 48, 4 48 0, S_0x100c7f970;
 .timescale -9 -12;
v0x854e86da0_0 .var "b", 7 0;
v0x854e86e40_0 .var "c", 15 0;
; Variable crc16_next is vec4 return value of scope S_0x854e64c00
v0x854e86f80_0 .var "crc_in", 15 0;
v0x854e87020_0 .var/i "i", 31 0;
TD_tb_loader.crc16_next ;
    %load/vec4 v0x854e86f80_0;
    %load/vec4 v0x854e86da0_0;
    %pad/u 16;
    %ix/load 4, 8, 0;
    %flag_set/imm 4, 0;
    %shiftl 4;
    %xor;
    %store/vec4 v0x854e86e40_0, 0, 16;
    %pushi/vec4 0, 0, 32;
    %store/vec4 v0x854e87020_0, 0, 32;
T_2.0 ; Top of for-loop
    %load/vec4 v0x854e87020_0;
    %cmpi/s 8, 0, 32;
	  %jmp/0xz T_2.1, 5;
    %load/vec4 v0x854e86e40_0;
    %parti/s 1, 15, 5;
    %flag_set/vec4 8;
    %jmp/0 T_2.3, 8;
    %load/vec4 v0x854e86e40_0;
    %ix/load 4, 1, 0;
    %flag_set/imm 4, 0;
    %shiftl 4;
    %pushi/vec4 4129, 0, 16;
    %xor;
    %jmp/1 T_2.4, 8;
T_2.3 ; End of true expr.
    %load/vec4 v0x854e86e40_0;
    %ix/load 4, 1, 0;
    %flag_set/imm 4, 0;
    %shiftl 4;
    %jmp/0 T_2.4, 8;
 ; End of false expr.
    %blend;
T_2.4;
    %store/vec4 v0x854e86e40_0, 0, 16;
T_2.2 ; for-loop step statement
    %load/vec4 v0x854e87020_0;
    %addi 1, 0, 32;
    %store/vec4 v0x854e87020_0, 0, 32;
    %jmp T_2.0;
T_2.1 ; for-loop exit label
    %load/vec4 v0x854e86e40_0;
    %ret/vec4 0, 0, 16;  Assign to crc16_next (store_vec4_to_lval)
    %end;
S_0x854e64d80 .scope module, "dut" "soc_loader" 4 38, 5 28 0, S_0x100c7f970;
 .timescale -9 -12;
    .port_info 0 /INPUT 1 "clk";
    .port_info 1 /INPUT 1 "resetn";
    .port_info 2 /INPUT 1 "uart_rx_pin";
    .port_info 3 /OUTPUT 1 "uart_tx_pin";
    .port_info 4 /INPUT 2 "btn_in";
    .port_info 5 /OUTPUT 32 "gpio_out";
P_0x854d3a600 .param/l "CLOCKS_PER_BIT" 0 5 29, +C4<00000000000000000000000000010000>;
P_0x854d3a640 .param/l "MEM_WORDS" 1 5 139, +C4<00000000000000000000100000000000>;
L_0x85517a610 .functor NOT 1, v0x854e921c0_0, C4<0>, C4<0>, C4<0>;
L_0x85517a680 .functor AND 1, v0x854e95860_0, L_0x85517a610, C4<1>, C4<1>;
L_0x85508a920 .functor BUFZ 32, v0x854e94960_0, C4<00000000000000000000000000000000>, C4<00000000000000000000000000000000>, C4<00000000000000000000000000000000>;
v0x854e93840_0 .net *"_ivl_0", 0 0, L_0x85517a610;  1 drivers
L_0x8554791c8 .functor BUFT 1, C4<0000000000000000>, C4<0>, C4<0>, C4<0>;
v0x854e938e0_0 .net/2u *"_ivl_10", 15 0, L_0x8554791c8;  1 drivers
v0x854e93980_0 .net *"_ivl_15", 15 0, L_0x854e968a0;  1 drivers
L_0x855479210 .functor BUFT 1, C4<0001000000000000>, C4<0>, C4<0>, C4<0>;
v0x854e93a20_0 .net/2u *"_ivl_16", 15 0, L_0x855479210;  1 drivers
v0x854e93ac0_0 .net *"_ivl_9", 15 0, L_0x854e96760;  1 drivers
v0x854e93b60_0 .net "btn_in", 1 0, v0x854e954a0_0;  1 drivers
v0x854e93c00_0 .net "clk", 0 0, v0x854e95540_0;  1 drivers
v0x854e93ca0_0 .net "cpu_resetn", 0 0, L_0x85517a680;  1 drivers
v0x854e93d40_0 .net "cpu_word_addr", 10 0, L_0x854e969e0;  1 drivers
v0x854e93de0_0 .net "gpio_out", 31 0, L_0x85508a920;  alias, 1 drivers
v0x854e93e80_0 .net "is_bram", 0 0, L_0x854e96800;  1 drivers
v0x854e93f20_0 .net "is_io", 0 0, L_0x854e96940;  1 drivers
v0x854e94000_0 .var/i "k", 31 0;
v0x854e940a0_0 .net "ld_mem_waddr", 10 0, v0x854e92260_0;  1 drivers
v0x854e94140_0 .net "ld_mem_wdata", 31 0, v0x854e92300_0;  1 drivers
v0x854e941e0_0 .net "ld_mem_we", 0 0, v0x854e923a0_0;  1 drivers
v0x854e94280_0 .net "ld_tx_data", 7 0, v0x854e928a0_0;  1 drivers
v0x854e94320_0 .net "ld_tx_send", 0 0, v0x854e92940_0;  1 drivers
v0x854e943c0_0 .net "loading", 0 0, v0x854e921c0_0;  1 drivers
v0x854e94460 .array "mem", 2047 0, 31 0;
v0x854e94500_0 .net "mem_addr", 31 0, v0x854e8eb20_0;  1 drivers
v0x854e945a0_0 .net "mem_instr", 0 0, v0x854e8ef80_0;  1 drivers
v0x854e94640_0 .var "mem_rdata", 31 0;
v0x854e946e0_0 .var "mem_ready", 0 0;
v0x854e94780_0 .net "mem_valid", 0 0, v0x854e8fac0_0;  1 drivers
v0x854e94820_0 .net "mem_wdata", 31 0, v0x854e8fb60_0;  1 drivers
v0x854e948c0_0 .net "mem_wstrb", 3 0, v0x854e8fca0_0;  1 drivers
v0x854e94960_0 .var "r_gpio_out", 31 0;
v0x854e94a00_0 .var "r_uart_data", 7 0;
v0x854e94aa0_0 .var "r_uart_valid", 0 0;
v0x854e94b40_0 .net "resetn", 0 0, v0x854e95860_0;  1 drivers
v0x854e94be0_0 .net "rx_data", 7 0, v0x854e92c60_0;  1 drivers
v0x854e94c80_0 .net "rx_valid", 0 0, v0x854e930c0_0;  1 drivers
v0x854e94d20_0 .net "tx_busy", 0 0, L_0x854e96a80;  1 drivers
v0x854e94dc0_0 .net "tx_data", 7 0, L_0x854d97f20;  1 drivers
v0x854e94e60_0 .net "tx_valid", 0 0, L_0x854d97e80;  1 drivers
v0x854e94f00_0 .net "uart_rx_pin", 0 0, v0x854e95900_0;  1 drivers
v0x854e94fa0_0 .net "uart_tx_pin", 0 0, v0x854e93700_0;  alias, 1 drivers
L_0x854e96760 .part v0x854e8eb20_0, 16, 16;
L_0x854e96800 .cmp/eq 16, L_0x854e96760, L_0x8554791c8;
L_0x854e968a0 .part v0x854e8eb20_0, 16, 16;
L_0x854e96940 .cmp/eq 16, L_0x854e968a0, L_0x855479210;
L_0x854e969e0 .part v0x854e8eb20_0, 2, 11;
L_0x854d97e80 .functor MUXZ 1, v0x854e94aa0_0, v0x854e92940_0, v0x854e921c0_0, C4<>;
L_0x854d97f20 .functor MUXZ 8, v0x854e94a00_0, v0x854e928a0_0, v0x854e921c0_0, C4<>;
S_0x854e64f00 .scope module, "cpu" "picorv32" 5 108, 3 62 0, S_0x854e64d80;
 .timescale -9 -12;
    .port_info 0 /INPUT 1 "clk";
    .port_info 1 /INPUT 1 "resetn";
    .port_info 2 /OUTPUT 1 "trap";
    .port_info 3 /OUTPUT 1 "mem_valid";
    .port_info 4 /OUTPUT 1 "mem_instr";
    .port_info 5 /INPUT 1 "mem_ready";
    .port_info 6 /OUTPUT 32 "mem_addr";
    .port_info 7 /OUTPUT 32 "mem_wdata";
    .port_info 8 /OUTPUT 4 "mem_wstrb";
    .port_info 9 /INPUT 32 "mem_rdata";
    .port_info 10 /OUTPUT 1 "mem_la_read";
    .port_info 11 /OUTPUT 1 "mem_la_write";
    .port_info 12 /OUTPUT 32 "mem_la_addr";
    .port_info 13 /OUTPUT 32 "mem_la_wdata";
    .port_info 14 /OUTPUT 4 "mem_la_wstrb";
    .port_info 15 /OUTPUT 1 "pcpi_valid";
    .port_info 16 /OUTPUT 32 "pcpi_insn";
    .port_info 17 /OUTPUT 32 "pcpi_rs1";
    .port_info 18 /OUTPUT 32 "pcpi_rs2";
    .port_info 19 /INPUT 1 "pcpi_wr";
    .port_info 20 /INPUT 32 "pcpi_rd";
    .port_info 21 /INPUT 1 "pcpi_wait";
    .port_info 22 /INPUT 1 "pcpi_ready";
    .port_info 23 /INPUT 32 "irq";
    .port_info 24 /OUTPUT 32 "eoi";
    .port_info 25 /OUTPUT 1 "trace_valid";
    .port_info 26 /OUTPUT 36 "trace_data";
P_0x854e74c00 .param/l "BARREL_SHIFTER" 0 3 69, C4<0>;
P_0x854e74c40 .param/l "CATCH_ILLINSN" 0 3 74, C4<1>;
P_0x854e74c80 .param/l "CATCH_MISALIGN" 0 3 73, C4<1>;
P_0x854e74cc0 .param/l "COMPRESSED_ISA" 0 3 72, C4<0>;
P_0x854e74d00 .param/l "ENABLE_COUNTERS" 0 3 63, C4<0>;
P_0x854e74d40 .param/l "ENABLE_COUNTERS64" 0 3 64, C4<0>;
P_0x854e74d80 .param/l "ENABLE_DIV" 0 3 78, C4<0>;
P_0x854e74dc0 .param/l "ENABLE_FAST_MUL" 0 3 77, C4<0>;
P_0x854e74e00 .param/l "ENABLE_IRQ" 0 3 79, C4<0>;
P_0x854e74e40 .param/l "ENABLE_IRQ_QREGS" 0 3 80, C4<1>;
P_0x854e74e80 .param/l "ENABLE_IRQ_TIMER" 0 3 81, C4<1>;
P_0x854e74ec0 .param/l "ENABLE_MUL" 0 3 76, C4<0>;
P_0x854e74f00 .param/l "ENABLE_PCPI" 0 3 75, C4<0>;
P_0x854e74f40 .param/l "ENABLE_REGS_16_31" 0 3 65, C4<1>;
P_0x854e74f80 .param/l "ENABLE_REGS_DUALPORT" 0 3 66, C4<1>;
P_0x854e74fc0 .param/l "ENABLE_TRACE" 0 3 82, C4<0>;
P_0x854e75000 .param/l "LATCHED_IRQ" 0 3 85, C4<11111111111111111111111111111111>;
P_0x854e75040 .param/l "LATCHED_MEM_RDATA" 0 3 67, C4<0>;
P_0x854e75080 .param/l "MASKED_IRQ" 0 3 84, C4<00000000000000000000000000000000>;
P_0x854e750c0 .param/l "PROGADDR_IRQ" 0 3 87, C4<00000000000000000000000000010000>;
P_0x854e75100 .param/l "PROGADDR_RESET" 0 3 86, C4<00000000000000000000000000000000>;
P_0x854e75140 .param/l "REGS_INIT_ZERO" 0 3 83, C4<0>;
P_0x854e75180 .param/l "STACKADDR" 0 3 88, C4<00000000000000000001111111110000>;
P_0x854e751c0 .param/l "TRACE_ADDR" 1 3 172, C4<001000000000000000000000000000000000>;
P_0x854e75200 .param/l "TRACE_BRANCH" 1 3 171, C4<000100000000000000000000000000000000>;
P_0x854e75240 .param/l "TRACE_IRQ" 1 3 173, C4<100000000000000000000000000000000000>;
P_0x854e75280 .param/l "TWO_CYCLE_ALU" 0 3 71, C4<0>;
P_0x854e752c0 .param/l "TWO_CYCLE_COMPARE" 0 3 70, C4<0>;
P_0x854e75300 .param/l "TWO_STAGE_SHIFT" 0 3 68, C4<1>;
P_0x854e75340 .param/l "WITH_PCPI" 1 3 169, C4<0>;
P_0x854e75380 .param/l "cpu_state_exec" 1 3 1176, C4<00001000>;
P_0x854e753c0 .param/l "cpu_state_fetch" 1 3 1173, C4<01000000>;
P_0x854e75400 .param/l "cpu_state_ld_rs1" 1 3 1174, C4<00100000>;
P_0x854e75440 .param/l "cpu_state_ld_rs2" 1 3 1175, C4<00010000>;
P_0x854e75480 .param/l "cpu_state_ldmem" 1 3 1179, C4<00000001>;
P_0x854e754c0 .param/l "cpu_state_shift" 1 3 1177, C4<00000100>;
P_0x854e75500 .param/l "cpu_state_stmem" 1 3 1178, C4<00000010>;
P_0x854e75540 .param/l "cpu_state_trap" 1 3 1172, C4<10000000>;
P_0x854e75580 .param/l "irq_buserror" 1 3 163, +C4<00000000000000000000000000000010>;
P_0x854e755c0 .param/l "irq_ebreak" 1 3 162, +C4<00000000000000000000000000000001>;
P_0x854e75600 .param/l "irq_timer" 1 3 161, +C4<00000000000000000000000000000000>;
P_0x854e75640 .param/l "irqregs_offset" 1 3 165, +C4<00000000000000000000000000100000>;
P_0x854e75680 .param/l "regfile_size" 1 3 166, +C4<00000000000000000000000000100000>;
P_0x854e756c0 .param/l "regindex_bits" 1 3 167, +C4<00000000000000000000000000000101>;
L_0x85508a4c0 .functor BUFZ 1, v0x854e8fac0_0, C4<0>, C4<0>, C4<0>;
L_0x85508a530 .functor BUFZ 1, v0x854e8ef80_0, C4<0>, C4<0>, C4<0>;
L_0x85508a5a0 .functor BUFZ 1, v0x854e946e0_0, C4<0>, C4<0>, C4<0>;
L_0x85508a610 .functor BUFZ 32, v0x854e8eb20_0, C4<00000000000000000000000000000000>, C4<00000000000000000000000000000000>, C4<00000000000000000000000000000000>;
L_0x85508a680 .functor BUFZ 32, v0x854e8fb60_0, C4<00000000000000000000000000000000>, C4<00000000000000000000000000000000>, C4<00000000000000000000000000000000>;
L_0x85508a6f0 .functor BUFZ 4, v0x854e8fca0_0, C4<0000>, C4<0000>, C4<0000>;
L_0x85508a760 .functor BUFZ 32, v0x854e94640_0, C4<00000000000000000000000000000000>, C4<00000000000000000000000000000000>, C4<00000000000000000000000000000000>;
L_0x85508a7d0 .functor BUFZ 32, v0x854e912c0_0, C4<00000000000000000000000000000000>, C4<00000000000000000000000000000000>, C4<00000000000000000000000000000000>;
L_0x85508a840 .functor BUFZ 32, v0x854e91360_0, C4<00000000000000000000000000000000>, C4<00000000000000000000000000000000>, C4<00000000000000000000000000000000>;
L_0x85517a6f0 .functor AND 1, v0x854e8fac0_0, v0x854e946e0_0, C4<1>, C4<1>;
L_0x855478ef8 .functor BUFT 1, C4<0>, C4<0>, C4<0>, C4<0>;
L_0x85517a760 .functor AND 1, L_0x855478ef8, v0x854e8eda0_0, C4<1>, C4<1>;
L_0x85517a7d0 .functor OR 1, L_0x85517a6f0, L_0x85517a760, C4<0>, C4<0>;
L_0x85517a840 .functor AND 1, L_0x85517a7d0, L_0x854d973e0, C4<1>, C4<1>;
L_0x85517a920 .functor OR 1, v0x854e8eda0_0, v0x854e8ed00_0, C4<0>, C4<0>;
L_0x85517a990 .functor OR 1, L_0x85517a920, v0x854e8ee40_0, C4<0>, C4<0>;
L_0x85517a8b0 .functor AND 1, L_0x85517a840, L_0x85517a990, C4<1>, C4<1>;
L_0x85517aa00 .functor AND 1, L_0x854d97480, v0x854e8eda0_0, C4<1>, C4<1>;
L_0x85517aa70 .functor OR 1, L_0x85517a8b0, L_0x85517aa00, C4<0>, C4<0>;
L_0x85517aae0 .functor AND 1, L_0x85517a680, L_0x85517aa70, C4<1>, C4<1>;
L_0x85517ab50 .functor AND 1, L_0x854d975c0, L_0x85517a7d0, C4<1>, C4<1>;
L_0x85517abc0 .functor OR 1, L_0x854d97520, L_0x85517ab50, C4<0>, C4<0>;
L_0x85517ac30 .functor AND 1, L_0x85517aae0, L_0x85517abc0, C4<1>, C4<1>;
L_0x85517aca0 .functor AND 1, L_0x85517a680, L_0x854d97660, C4<1>, C4<1>;
L_0x85517ad10 .functor AND 1, L_0x85517aca0, v0x854e8ee40_0, C4<1>, C4<1>;
L_0x85517ad80 .functor AND 1, L_0x854d97700, L_0x854d977a0, C4<1>, C4<1>;
L_0x85517adf0 .functor OR 1, v0x854e8eda0_0, v0x854e8ec60_0, C4<0>, C4<0>;
L_0x85517ae60 .functor OR 1, L_0x85517adf0, v0x854e8ed00_0, C4<0>, C4<0>;
L_0x85517aed0 .functor AND 1, L_0x85517ad80, L_0x85517ae60, C4<1>, C4<1>;
L_0x855478f40 .functor BUFT 1, C4<0>, C4<0>, C4<0>, C4<0>;
L_0x85517af40 .functor OR 1, L_0x85517aed0, L_0x855478f40, C4<0>, C4<0>;
L_0x85517afb0 .functor AND 1, L_0x85517a680, L_0x85517af40, C4<1>, C4<1>;
L_0x85517b020 .functor OR 1, v0x854e8ec60_0, v0x854e8eda0_0, C4<0>, C4<0>;
L_0x855479018 .functor BUFT 1, C4<0>, C4<0>, C4<0>, C4<0>;
L_0x85517b090 .functor OR 1, L_0x85517a7d0, L_0x855479018, C4<0>, C4<0>;
L_0x85508a8b0 .functor BUFZ 32, L_0x854d97ac0, C4<00000000000000000000000000000000>, C4<00000000000000000000000000000000>, C4<00000000000000000000000000000000>;
L_0x855479060 .functor BUFT 1, C4<1>, C4<0>, C4<0>, C4<0>;
L_0x85517b100 .functor AND 1, L_0x855479060, L_0x854d97c00, C4<1>, C4<1>;
L_0x85517b170 .functor AND 1, v0x854e8e940_0, v0x854e8e4e0_0, C4<1>, C4<1>;
L_0x8554790a8 .functor BUFT 1, C4<11111111111111111111111111111110>, C4<0>, C4<0>, C4<0>;
L_0x85517b1e0 .functor AND 32, v0x854e91400_0, L_0x8554790a8, C4<11111111111111111111111111111111>, C4<11111111111111111111111111111111>;
L_0x85517b250 .functor AND 1, L_0x854e966c0, v0x854e8b520_0, C4<1>, C4<1>;
L_0x855479138 .functor BUFT 1, C4<1>, C4<0>, C4<0>, C4<0>;
L_0x85517b2c0 .functor AND 1, L_0x85517b250, L_0x855479138, C4<1>, C4<1>;
v0x854e870c0_0 .net *"_ivl_100", 31 0, L_0x854d978e0;  1 drivers
v0x854e87160_0 .net *"_ivl_103", 29 0, L_0x854e96620;  1 drivers
L_0x855478fd0 .functor BUFT 1, C4<00>, C4<0>, C4<0>, C4<0>;
v0x854e87200_0 .net/2u *"_ivl_104", 1 0, L_0x855478fd0;  1 drivers
v0x854e872a0_0 .net *"_ivl_106", 31 0, L_0x854d97980;  1 drivers
v0x854e87340_0 .net/2u *"_ivl_110", 0 0, L_0x855479018;  1 drivers
v0x854e873e0_0 .net *"_ivl_113", 0 0, L_0x85517b090;  1 drivers
v0x854e87480_0 .net/2u *"_ivl_118", 0 0, L_0x855479060;  1 drivers
v0x854e87520_0 .net *"_ivl_120", 47 0, L_0x854d97b60;  1 drivers
v0x854e875c0_0 .net *"_ivl_123", 0 0, L_0x854d97c00;  1 drivers
v0x854e87660_0 .net *"_ivl_126", 3 0, L_0x854d97ca0;  1 drivers
v0x854e87700_0 .net *"_ivl_131", 0 0, L_0x85517b170;  1 drivers
v0x854e877a0_0 .net/2u *"_ivl_132", 31 0, L_0x8554790a8;  1 drivers
v0x854e87840_0 .net *"_ivl_134", 31 0, L_0x85517b1e0;  1 drivers
L_0x8554790f0 .functor BUFT 1, C4<01000000>, C4<0>, C4<0>, C4<0>;
v0x854e878e0_0 .net/2u *"_ivl_138", 7 0, L_0x8554790f0;  1 drivers
v0x854e87980_0 .net *"_ivl_140", 0 0, L_0x854e966c0;  1 drivers
v0x854e87a20_0 .net *"_ivl_143", 0 0, L_0x85517b250;  1 drivers
v0x854e87ac0_0 .net/2u *"_ivl_144", 0 0, L_0x855479138;  1 drivers
v0x854e87b60_0 .net *"_ivl_25", 0 0, L_0x85517a6f0;  1 drivers
v0x854e87c00_0 .net *"_ivl_27", 0 0, L_0x85517a760;  1 drivers
v0x854e87ca0_0 .net *"_ivl_30", 3 0, L_0x854d972a0;  1 drivers
v0x854e87d40_0 .net *"_ivl_35", 0 0, L_0x854d973e0;  1 drivers
v0x854e87de0_0 .net *"_ivl_37", 0 0, L_0x85517a840;  1 drivers
v0x854e87e80_0 .net *"_ivl_39", 0 0, L_0x85517a920;  1 drivers
v0x854e87f20_0 .net *"_ivl_41", 0 0, L_0x85517a990;  1 drivers
v0x854e88000_0 .net *"_ivl_43", 0 0, L_0x85517a8b0;  1 drivers
v0x854e880a0_0 .net *"_ivl_45", 0 0, L_0x854d97480;  1 drivers
v0x854e88140_0 .net *"_ivl_47", 0 0, L_0x85517aa00;  1 drivers
v0x854e881e0_0 .net *"_ivl_49", 0 0, L_0x85517aa70;  1 drivers
v0x854e88280_0 .net *"_ivl_51", 0 0, L_0x85517aae0;  1 drivers
v0x854e88320_0 .net *"_ivl_53", 0 0, L_0x854d97520;  1 drivers
v0x854e883c0_0 .net *"_ivl_55", 1 0, L_0x854e964e0;  1 drivers
v0x854e88460_0 .net *"_ivl_57", 0 0, L_0x854d975c0;  1 drivers
v0x854e88500_0 .net *"_ivl_59", 0 0, L_0x85517ab50;  1 drivers
v0x854e885a0_0 .net *"_ivl_61", 0 0, L_0x85517abc0;  1 drivers
v0x854e88640_0 .net *"_ivl_65", 0 0, L_0x854d97660;  1 drivers
v0x854e886e0_0 .net *"_ivl_67", 0 0, L_0x85517aca0;  1 drivers
v0x854e88780_0 .net *"_ivl_71", 0 0, L_0x854d97700;  1 drivers
v0x854e88820_0 .net *"_ivl_73", 0 0, L_0x854d977a0;  1 drivers
v0x854e888c0_0 .net *"_ivl_75", 0 0, L_0x85517ad80;  1 drivers
v0x854e88960_0 .net *"_ivl_77", 0 0, L_0x85517adf0;  1 drivers
v0x854e88a00_0 .net *"_ivl_79", 0 0, L_0x85517ae60;  1 drivers
v0x854e88aa0_0 .net *"_ivl_81", 0 0, L_0x85517aed0;  1 drivers
v0x854e88b40_0 .net/2u *"_ivl_82", 0 0, L_0x855478f40;  1 drivers
v0x854e88be0_0 .net *"_ivl_85", 0 0, L_0x85517af40;  1 drivers
v0x854e88c80_0 .net *"_ivl_89", 0 0, L_0x85517b020;  1 drivers
v0x854e88d20_0 .net *"_ivl_91", 29 0, L_0x854e96580;  1 drivers
L_0x855479330 .functor BUFT 1, C4<000000000000000000000000000000>, C4<0>, C4<0>, C4<0>;
v0x854e88dc0_0 .net *"_ivl_92", 29 0, L_0x855479330;  1 drivers
v0x854e88e60_0 .net *"_ivl_96", 29 0, L_0x854d97840;  1 drivers
L_0x855478f88 .functor BUFT 1, C4<00>, C4<0>, C4<0>, C4<0>;
v0x854e88f00_0 .net/2u *"_ivl_98", 1 0, L_0x855478f88;  1 drivers
v0x854e88fa0_0 .var "alu_add_sub", 31 0;
v0x854e89040_0 .var "alu_eq", 0 0;
v0x854e890e0_0 .var "alu_lts", 0 0;
v0x854e89180_0 .var "alu_ltu", 0 0;
v0x854e89220_0 .var "alu_out", 31 0;
v0x854e892c0_0 .var "alu_out_0", 0 0;
v0x854e89360_0 .var "alu_out_0_q", 0 0;
v0x854e89400_0 .var "alu_out_q", 31 0;
v0x854e894a0_0 .var "alu_shl", 31 0;
v0x854e89540_0 .var "alu_shr", 31 0;
v0x854e895e0_0 .var "alu_wait", 0 0;
v0x854e89680_0 .var "alu_wait_2", 0 0;
v0x854e89720_0 .var "cached_ascii_instr", 63 0;
v0x854e897c0_0 .var "cached_insn_imm", 31 0;
v0x854e89860_0 .var "cached_insn_opcode", 31 0;
v0x854e89900_0 .var "cached_insn_rd", 4 0;
v0x854e899a0_0 .var "cached_insn_rs1", 4 0;
v0x854e89a40_0 .var "cached_insn_rs2", 4 0;
v0x854e89ae0_0 .var "clear_prefetched_high_word", 0 0;
v0x854e89b80_0 .var "clear_prefetched_high_word_q", 0 0;
v0x854e89c20_0 .net "clk", 0 0, v0x854e95540_0;  alias, 1 drivers
v0x854e89cc0_0 .var "compressed_instr", 0 0;
v0x854e89d60_0 .var "count_cycle", 63 0;
v0x854e89e00_0 .var "count_instr", 63 0;
v0x854e89ea0_0 .var "cpu_state", 7 0;
v0x854e89f40 .array "cpuregs", 31 0, 31 0;
v0x854e89fe0_0 .var "cpuregs_rs1", 31 0;
v0x854e8a080_0 .var "cpuregs_rs2", 31 0;
v0x854e8a120_0 .var "cpuregs_wrdata", 31 0;
v0x854e8a1c0_0 .var "cpuregs_write", 0 0;
v0x854e8a260_0 .var "current_pc", 31 0;
v0x854e8a300_0 .var "dbg_ascii_instr", 63 0;
v0x854e8a3a0_0 .var "dbg_ascii_state", 127 0;
v0x854e8a440_0 .var "dbg_insn_addr", 31 0;
v0x854e8a4e0_0 .var "dbg_insn_imm", 31 0;
v0x854e8a580_0 .var "dbg_insn_opcode", 31 0;
v0x854e8a620_0 .var "dbg_insn_rd", 4 0;
v0x854e8a6c0_0 .var "dbg_insn_rs1", 4 0;
v0x854e8a760_0 .var "dbg_insn_rs2", 4 0;
v0x854e8a800_0 .net "dbg_mem_addr", 31 0, L_0x85508a610;  1 drivers
v0x854e8a8a0_0 .net "dbg_mem_instr", 0 0, L_0x85508a530;  1 drivers
v0x854e8a940_0 .net "dbg_mem_rdata", 31 0, L_0x85508a760;  1 drivers
v0x854e8a9e0_0 .net "dbg_mem_ready", 0 0, L_0x85508a5a0;  1 drivers
v0x854e8aa80_0 .net "dbg_mem_valid", 0 0, L_0x85508a4c0;  1 drivers
v0x854e8ab20_0 .net "dbg_mem_wdata", 31 0, L_0x85508a680;  1 drivers
v0x854e8abc0_0 .net "dbg_mem_wstrb", 3 0, L_0x85508a6f0;  1 drivers
v0x854e8ac60_0 .var "dbg_next", 0 0;
v0x854e8ad00_0 .var "dbg_rs1val", 31 0;
v0x854e8ada0_0 .var "dbg_rs1val_valid", 0 0;
v0x854e8ae40_0 .var "dbg_rs2val", 31 0;
v0x854e8aee0_0 .var "dbg_rs2val_valid", 0 0;
v0x854e8af80_0 .var "dbg_valid_insn", 0 0;
v0x854e8b020_0 .var "decoded_imm", 31 0;
v0x854e8b0c0_0 .var "decoded_imm_j", 31 0;
v0x854e8b160_0 .var "decoded_rd", 4 0;
v0x854e8b200_0 .var "decoded_rs", 4 0;
v0x854e8b2a0_0 .var "decoded_rs1", 4 0;
v0x854e8b340_0 .var "decoded_rs2", 4 0;
v0x854e8b3e0_0 .var "decoder_pseudo_trigger", 0 0;
v0x854e8b480_0 .var "decoder_pseudo_trigger_q", 0 0;
v0x854e8b520_0 .var "decoder_trigger", 0 0;
v0x854e8b5c0_0 .var "decoder_trigger_q", 0 0;
v0x854e8b660_0 .var "do_waitirq", 0 0;
v0x854e8b700_0 .var "eoi", 31 0;
v0x854e8b7a0_0 .var "instr_add", 0 0;
v0x854e8b840_0 .var "instr_addi", 0 0;
v0x854e8b8e0_0 .var "instr_and", 0 0;
v0x854e8b980_0 .var "instr_andi", 0 0;
v0x854e8ba20_0 .var "instr_auipc", 0 0;
v0x854e8bac0_0 .var "instr_beq", 0 0;
v0x854e8bb60_0 .var "instr_bge", 0 0;
v0x854e8bc00_0 .var "instr_bgeu", 0 0;
v0x854e8bca0_0 .var "instr_blt", 0 0;
v0x854e8bd40_0 .var "instr_bltu", 0 0;
v0x854e8bde0_0 .var "instr_bne", 0 0;
v0x854e8be80_0 .var "instr_ecall_ebreak", 0 0;
v0x854e8bf20_0 .var "instr_fence", 0 0;
v0x854e8c000_0 .var "instr_getq", 0 0;
v0x854e8c0a0_0 .var "instr_jal", 0 0;
v0x854e8c140_0 .var "instr_jalr", 0 0;
v0x854e8c1e0_0 .var "instr_lb", 0 0;
v0x854e8c280_0 .var "instr_lbu", 0 0;
v0x854e8c320_0 .var "instr_lh", 0 0;
v0x854e8c3c0_0 .var "instr_lhu", 0 0;
v0x854e8c460_0 .var "instr_lui", 0 0;
v0x854e8c500_0 .var "instr_lw", 0 0;
v0x854e8c5a0_0 .var "instr_maskirq", 0 0;
v0x854e8c640_0 .var "instr_or", 0 0;
v0x854e8c6e0_0 .var "instr_ori", 0 0;
v0x854e8c780_0 .var "instr_rdcycle", 0 0;
v0x854e8c820_0 .var "instr_rdcycleh", 0 0;
v0x854e8c8c0_0 .var "instr_rdinstr", 0 0;
v0x854e8c960_0 .var "instr_rdinstrh", 0 0;
v0x854e8ca00_0 .var "instr_retirq", 0 0;
v0x854e8caa0_0 .var "instr_sb", 0 0;
v0x854e8cb40_0 .var "instr_setq", 0 0;
v0x854e8cbe0_0 .var "instr_sh", 0 0;
v0x854e8cc80_0 .var "instr_sll", 0 0;
v0x854e8cd20_0 .var "instr_slli", 0 0;
v0x854e8cdc0_0 .var "instr_slt", 0 0;
v0x854e8ce60_0 .var "instr_slti", 0 0;
v0x854e8cf00_0 .var "instr_sltiu", 0 0;
v0x854e8cfa0_0 .var "instr_sltu", 0 0;
v0x854e8d040_0 .var "instr_sra", 0 0;
v0x854e8d0e0_0 .var "instr_srai", 0 0;
v0x854e8d180_0 .var "instr_srl", 0 0;
v0x854e8d220_0 .var "instr_srli", 0 0;
v0x854e8d2c0_0 .var "instr_sub", 0 0;
v0x854e8d360_0 .var "instr_sw", 0 0;
v0x854e8d400_0 .var "instr_timer", 0 0;
v0x854e8d4a0_0 .net "instr_trap", 0 0, L_0x85517b100;  1 drivers
v0x854e8d540_0 .var "instr_waitirq", 0 0;
v0x854e8d5e0_0 .var "instr_xor", 0 0;
v0x854e8d680_0 .var "instr_xori", 0 0;
L_0x855479180 .functor BUFT 1, C4<00000000000000000000000000000000>, C4<0>, C4<0>, C4<0>;
v0x854e8d720_0 .net "irq", 31 0, L_0x855479180;  1 drivers
v0x854e8d7c0_0 .var "irq_active", 0 0;
v0x854e8d860_0 .var "irq_delay", 0 0;
v0x854e8d900_0 .var "irq_mask", 31 0;
v0x854e8d9a0_0 .var "irq_pending", 31 0;
v0x854e8da40_0 .var "irq_state", 1 0;
v0x854e8dae0_0 .var "is_alu_reg_imm", 0 0;
v0x854e8db80_0 .var "is_alu_reg_reg", 0 0;
v0x854e8dc20_0 .var "is_beq_bne_blt_bge_bltu_bgeu", 0 0;
v0x854e8dcc0_0 .var "is_compare", 0 0;
v0x854e8dd60_0 .var "is_jalr_addi_slti_sltiu_xori_ori_andi", 0 0;
v0x854e8de00_0 .var "is_lb_lh_lw_lbu_lhu", 0 0;
v0x854e8dea0_0 .var "is_lbu_lhu_lw", 0 0;
v0x854e8df40_0 .var "is_lui_auipc_jal", 0 0;
v0x854e8dfe0_0 .var "is_lui_auipc_jal_jalr_addi_add_sub", 0 0;
v0x854e8e080_0 .net "is_rdcycle_rdcycleh_rdinstr_rdinstrh", 0 0, L_0x854d97d40;  1 drivers
v0x854e8e120_0 .var "is_sb_sh_sw", 0 0;
v0x854e8e1c0_0 .var "is_sll_srl_sra", 0 0;
v0x854e8e260_0 .var "is_slli_srli_srai", 0 0;
v0x854e8e300_0 .var "is_slti_blt_slt", 0 0;
v0x854e8e3a0_0 .var "is_sltiu_bltu_sltu", 0 0;
v0x854e8e440_0 .var "last_mem_valid", 0 0;
v0x854e8e4e0_0 .var "latched_branch", 0 0;
v0x854e8e580_0 .var "latched_compr", 0 0;
v0x854e8e620_0 .var "latched_is_lb", 0 0;
v0x854e8e6c0_0 .var "latched_is_lh", 0 0;
v0x854e8e760_0 .var "latched_is_lu", 0 0;
v0x854e8e800_0 .var "latched_rd", 4 0;
v0x854e8e8a0_0 .var "latched_stalu", 0 0;
v0x854e8e940_0 .var "latched_store", 0 0;
v0x854e8e9e0_0 .var "latched_trace", 0 0;
v0x854e8ea80_0 .net "launch_next_insn", 0 0, L_0x85517b2c0;  1 drivers
v0x854e8eb20_0 .var "mem_addr", 31 0;
v0x854e8ebc0_0 .net "mem_busy", 0 0, L_0x854d97340;  1 drivers
v0x854e8ec60_0 .var "mem_do_prefetch", 0 0;
v0x854e8ed00_0 .var "mem_do_rdata", 0 0;
v0x854e8eda0_0 .var "mem_do_rinst", 0 0;
v0x854e8ee40_0 .var "mem_do_wdata", 0 0;
v0x854e8eee0_0 .net "mem_done", 0 0, L_0x85517ac30;  1 drivers
v0x854e8ef80_0 .var "mem_instr", 0 0;
v0x854e8f020_0 .net "mem_la_addr", 31 0, L_0x854d97a20;  1 drivers
L_0x855478e68 .functor BUFT 1, C4<0>, C4<0>, C4<0>, C4<0>;
v0x854e8f0c0_0 .net "mem_la_firstword", 0 0, L_0x855478e68;  1 drivers
v0x854e8f160_0 .var "mem_la_firstword_reg", 0 0;
L_0x855478eb0 .functor BUFT 1, C4<0>, C4<0>, C4<0>, C4<0>;
v0x854e8f200_0 .net "mem_la_firstword_xfer", 0 0, L_0x855478eb0;  1 drivers
v0x854e8f2a0_0 .net "mem_la_read", 0 0, L_0x85517afb0;  1 drivers
v0x854e8f340_0 .var "mem_la_secondword", 0 0;
v0x854e8f3e0_0 .net "mem_la_use_prefetched_high_word", 0 0, L_0x855478ef8;  1 drivers
v0x854e8f480_0 .var "mem_la_wdata", 31 0;
v0x854e8f520_0 .net "mem_la_write", 0 0, L_0x85517ad10;  1 drivers
v0x854e8f5c0_0 .var "mem_la_wstrb", 3 0;
v0x854e8f660_0 .net "mem_rdata", 31 0, v0x854e94640_0;  1 drivers
v0x854e8f700_0 .net "mem_rdata_latched", 31 0, L_0x85508a8b0;  1 drivers
v0x854e8f7a0_0 .net "mem_rdata_latched_noshuffle", 31 0, L_0x854d97ac0;  1 drivers
v0x854e8f840_0 .var "mem_rdata_q", 31 0;
v0x854e8f8e0_0 .var "mem_rdata_word", 31 0;
v0x854e8f980_0 .net "mem_ready", 0 0, v0x854e946e0_0;  1 drivers
v0x854e8fa20_0 .var "mem_state", 1 0;
v0x854e8fac0_0 .var "mem_valid", 0 0;
v0x854e8fb60_0 .var "mem_wdata", 31 0;
v0x854e8fc00_0 .var "mem_wordsize", 1 0;
v0x854e8fca0_0 .var "mem_wstrb", 3 0;
v0x854e8fd40_0 .net "mem_xfer", 0 0, L_0x85517a7d0;  1 drivers
v0x854e8fde0_0 .var "new_ascii_instr", 63 0;
v0x854e8fe80_0 .var "next_insn_opcode", 31 0;
v0x854e8ff20_0 .var "next_irq_pending", 31 0;
v0x854e90000_0 .net "next_pc", 31 0, L_0x854d97de0;  1 drivers
L_0x855478d90 .functor BUFT 1, C4<xxxxxxxxxxxxxxxxxxxxxxxxxxxxxxxx>, C4<0>, C4<0>, C4<0>;
v0x854e900a0_0 .net "pcpi_div_rd", 31 0, L_0x855478d90;  1 drivers
L_0x855478e20 .functor BUFT 1, C4<0>, C4<0>, C4<0>, C4<0>;
v0x854e90140_0 .net "pcpi_div_ready", 0 0, L_0x855478e20;  1 drivers
L_0x855478dd8 .functor BUFT 1, C4<0>, C4<0>, C4<0>, C4<0>;
v0x854e901e0_0 .net "pcpi_div_wait", 0 0, L_0x855478dd8;  1 drivers
L_0x855478d48 .functor BUFT 1, C4<0>, C4<0>, C4<0>, C4<0>;
v0x854e90280_0 .net "pcpi_div_wr", 0 0, L_0x855478d48;  1 drivers
v0x854e90320_0 .var "pcpi_insn", 31 0;
v0x854e903c0_0 .var "pcpi_int_rd", 31 0;
v0x854e90460_0 .var "pcpi_int_ready", 0 0;
v0x854e90500_0 .var "pcpi_int_wait", 0 0;
v0x854e905a0_0 .var "pcpi_int_wr", 0 0;
L_0x855478c70 .functor BUFT 1, C4<xxxxxxxxxxxxxxxxxxxxxxxxxxxxxxxx>, C4<0>, C4<0>, C4<0>;
v0x854e90640_0 .net "pcpi_mul_rd", 31 0, L_0x855478c70;  1 drivers
L_0x855478d00 .functor BUFT 1, C4<0>, C4<0>, C4<0>, C4<0>;
v0x854e906e0_0 .net "pcpi_mul_ready", 0 0, L_0x855478d00;  1 drivers
L_0x855478cb8 .functor BUFT 1, C4<0>, C4<0>, C4<0>, C4<0>;
v0x854e90780_0 .net "pcpi_mul_wait", 0 0, L_0x855478cb8;  1 drivers
L_0x855478c28 .functor BUFT 1, C4<0>, C4<0>, C4<0>, C4<0>;
v0x854e90820_0 .net "pcpi_mul_wr", 0 0, L_0x855478c28;  1 drivers
o0x855450d90 .functor BUFZ 32, c4<zzzzzzzzzzzzzzzzzzzzzzzzzzzzzzzz>; HiZ drive
v0x854e908c0_0 .net "pcpi_rd", 31 0, o0x855450d90;  0 drivers
o0x855450dc0 .functor BUFZ 1, c4<z>; HiZ drive
v0x854e90960_0 .net "pcpi_ready", 0 0, o0x855450dc0;  0 drivers
v0x854e90a00_0 .net "pcpi_rs1", 31 0, L_0x85508a7d0;  1 drivers
v0x854e90aa0_0 .net "pcpi_rs2", 31 0, L_0x85508a840;  1 drivers
v0x854e90b40_0 .var "pcpi_timeout", 0 0;
v0x854e90be0_0 .var "pcpi_valid", 0 0;
o0x855450eb0 .functor BUFZ 1, c4<z>; HiZ drive
v0x854e90c80_0 .net "pcpi_wait", 0 0, o0x855450eb0;  0 drivers
o0x855450ee0 .functor BUFZ 1, c4<z>; HiZ drive
v0x854e90d20_0 .net "pcpi_wr", 0 0, o0x855450ee0;  0 drivers
v0x854e90dc0_0 .var "prefetched_high_word", 0 0;
v0x854e90e60_0 .var "q_ascii_instr", 63 0;
v0x854e90f00_0 .var "q_insn_imm", 31 0;
v0x854e90fa0_0 .var "q_insn_opcode", 31 0;
v0x854e91040_0 .var "q_insn_rd", 4 0;
v0x854e910e0_0 .var "q_insn_rs1", 4 0;
v0x854e91180_0 .var "q_insn_rs2", 4 0;
v0x854e91220_0 .var "reg_next_pc", 31 0;
v0x854e912c0_0 .var "reg_op1", 31 0;
v0x854e91360_0 .var "reg_op2", 31 0;
v0x854e91400_0 .var "reg_out", 31 0;
v0x854e914a0_0 .var "reg_pc", 31 0;
v0x854e91540_0 .var "reg_sh", 4 0;
v0x854e915e0_0 .net "resetn", 0 0, L_0x85517a680;  alias, 1 drivers
v0x854e91680_0 .var "set_mem_do_rdata", 0 0;
v0x854e91720_0 .var "set_mem_do_rinst", 0 0;
v0x854e917c0_0 .var "set_mem_do_wdata", 0 0;
v0x854e91860_0 .var "timer", 31 0;
v0x854e91900_0 .var "trace_data", 35 0;
v0x854e919a0_0 .var "trace_valid", 0 0;
v0x854e91a40_0 .var "trap", 0 0;
E_0x8551a98c0 .event posedge, v0x854e89c20_0;
v0x854e89f40_0 .array/port v0x854e89f40, 0;
v0x854e89f40_1 .array/port v0x854e89f40, 1;
v0x854e89f40_2 .array/port v0x854e89f40, 2;
E_0x8551a9900/0 .event anyedge, v0x854e8b2a0_0, v0x854e89f40_0, v0x854e89f40_1, v0x854e89f40_2;
v0x854e89f40_3 .array/port v0x854e89f40, 3;
v0x854e89f40_4 .array/port v0x854e89f40, 4;
v0x854e89f40_5 .array/port v0x854e89f40, 5;
v0x854e89f40_6 .array/port v0x854e89f40, 6;
E_0x8551a9900/1 .event anyedge, v0x854e89f40_3, v0x854e89f40_4, v0x854e89f40_5, v0x854e89f40_6;
v0x854e89f40_7 .array/port v0x854e89f40, 7;
v0x854e89f40_8 .array/port v0x854e89f40, 8;
v0x854e89f40_9 .array/port v0x854e89f40, 9;
v0x854e89f40_10 .array/port v0x854e89f40, 10;
E_0x8551a9900/2 .event anyedge, v0x854e89f40_7, v0x854e89f40_8, v0x854e89f40_9, v0x854e89f40_10;
v0x854e89f40_11 .array/port v0x854e89f40, 11;
v0x854e89f40_12 .array/port v0x854e89f40, 12;
v0x854e89f40_13 .array/port v0x854e89f40, 13;
v0x854e89f40_14 .array/port v0x854e89f40, 14;
E_0x8551a9900/3 .event anyedge, v0x854e89f40_11, v0x854e89f40_12, v0x854e89f40_13, v0x854e89f40_14;
v0x854e89f40_15 .array/port v0x854e89f40, 15;
v0x854e89f40_16 .array/port v0x854e89f40, 16;
v0x854e89f40_17 .array/port v0x854e89f40, 17;
v0x854e89f40_18 .array/port v0x854e89f40, 18;
E_0x8551a9900/4 .event anyedge, v0x854e89f40_15, v0x854e89f40_16, v0x854e89f40_17, v0x854e89f40_18;
v0x854e89f40_19 .array/port v0x854e89f40, 19;
v0x854e89f40_20 .array/port v0x854e89f40, 20;
v0x854e89f40_21 .array/port v0x854e89f40, 21;
v0x854e89f40_22 .array/port v0x854e89f40, 22;
E_0x8551a9900/5 .event anyedge, v0x854e89f40_19, v0x854e89f40_20, v0x854e89f40_21, v0x854e89f40_22;
v0x854e89f40_23 .array/port v0x854e89f40, 23;
v0x854e89f40_24 .array/port v0x854e89f40, 24;
v0x854e89f40_25 .array/port v0x854e89f40, 25;
v0x854e89f40_26 .array/port v0x854e89f40, 26;
E_0x8551a9900/6 .event anyedge, v0x854e89f40_23, v0x854e89f40_24, v0x854e89f40_25, v0x854e89f40_26;
v0x854e89f40_27 .array/port v0x854e89f40, 27;
v0x854e89f40_28 .array/port v0x854e89f40, 28;
v0x854e89f40_29 .array/port v0x854e89f40, 29;
v0x854e89f40_30 .array/port v0x854e89f40, 30;
E_0x8551a9900/7 .event anyedge, v0x854e89f40_27, v0x854e89f40_28, v0x854e89f40_29, v0x854e89f40_30;
v0x854e89f40_31 .array/port v0x854e89f40, 31;
E_0x8551a9900/8 .event anyedge, v0x854e89f40_31, v0x854e8b340_0;
E_0x8551a9900 .event/or E_0x8551a9900/0, E_0x8551a9900/1, E_0x8551a9900/2, E_0x8551a9900/3, E_0x8551a9900/4, E_0x8551a9900/5, E_0x8551a9900/6, E_0x8551a9900/7, E_0x8551a9900/8;
E_0x8551a9940/0 .event anyedge, v0x854e89ea0_0, v0x854e914a0_0, v0x854e8e580_0, v0x854e8e4e0_0;
E_0x8551a9940/1 .event anyedge, v0x854e8e8a0_0, v0x854e89400_0, v0x854e91400_0, v0x854e8e940_0;
E_0x8551a9940/2 .event anyedge, v0x854e91220_0, v0x854e8d9a0_0, v0x854e8d900_0;
E_0x8551a9940 .event/or E_0x8551a9940/0, E_0x8551a9940/1, E_0x8551a9940/2;
E_0x8551a9980/0 .event anyedge, v0x854e89b80_0, v0x854e90dc0_0, v0x854e8e4e0_0, v0x854e8da40_0;
E_0x8551a9980/1 .event anyedge, v0x854e915e0_0;
E_0x8551a9980 .event/or E_0x8551a9980/0, E_0x8551a9980/1;
E_0x8551a99c0/0 .event anyedge, v0x854e89040_0, v0x854e8bac0_0, v0x854e8bde0_0, v0x854e890e0_0;
E_0x8551a99c0/1 .event anyedge, v0x854e8bb60_0, v0x854e89180_0, v0x854e8bc00_0, v0x854e8e300_0;
E_0x8551a99c0/2 .event anyedge, v0x854e8e3a0_0, v0x854e88fa0_0, v0x854e8dfe0_0, v0x854e892c0_0;
E_0x8551a99c0/3 .event anyedge, v0x854e8dcc0_0, v0x854e912c0_0, v0x854e91360_0, v0x854e8d680_0;
E_0x8551a99c0/4 .event anyedge, v0x854e8d5e0_0, v0x854e8c6e0_0, v0x854e8c640_0, v0x854e8b980_0;
E_0x8551a99c0/5 .event anyedge, v0x854e8b8e0_0, v0x854e894a0_0, v0x854e89540_0;
E_0x8551a99c0 .event/or E_0x8551a99c0/0, E_0x8551a99c0/1, E_0x8551a99c0/2, E_0x8551a99c0/3, E_0x8551a99c0/4, E_0x8551a99c0/5;
E_0x8551a9a00 .event anyedge, v0x854e89ea0_0;
E_0x8551a9a40/0 .event anyedge, v0x854e90e60_0, v0x854e90f00_0, v0x854e90fa0_0, v0x854e910e0_0;
E_0x8551a9a40/1 .event anyedge, v0x854e91180_0, v0x854e91040_0, v0x854e8ac60_0, v0x854e8b480_0;
E_0x8551a9a40/2 .event anyedge, v0x854e89720_0, v0x854e897c0_0, v0x854e89860_0, v0x854e899a0_0;
E_0x8551a9a40/3 .event anyedge, v0x854e89a40_0, v0x854e89900_0, v0x854e8fde0_0, v0x854e8fe80_0;
E_0x8551a9a40/4 .event anyedge, v0x854e8b020_0, v0x854e8b2a0_0, v0x854e8b340_0, v0x854e8b160_0;
E_0x8551a9a40 .event/or E_0x8551a9a40/0, E_0x8551a9a40/1, E_0x8551a9a40/2, E_0x8551a9a40/3, E_0x8551a9a40/4;
E_0x8551a9a80/0 .event anyedge, v0x854e8c460_0, v0x854e8ba20_0, v0x854e8c0a0_0, v0x854e8c140_0;
E_0x8551a9a80/1 .event anyedge, v0x854e8bac0_0, v0x854e8bde0_0, v0x854e8bca0_0, v0x854e8bb60_0;
E_0x8551a9a80/2 .event anyedge, v0x854e8bd40_0, v0x854e8bc00_0, v0x854e8c1e0_0, v0x854e8c320_0;
E_0x8551a9a80/3 .event anyedge, v0x854e8c500_0, v0x854e8c280_0, v0x854e8c3c0_0, v0x854e8caa0_0;
E_0x8551a9a80/4 .event anyedge, v0x854e8cbe0_0, v0x854e8d360_0, v0x854e8b840_0, v0x854e8ce60_0;
E_0x8551a9a80/5 .event anyedge, v0x854e8cf00_0, v0x854e8d680_0, v0x854e8c6e0_0, v0x854e8b980_0;
E_0x8551a9a80/6 .event anyedge, v0x854e8cd20_0, v0x854e8d220_0, v0x854e8d0e0_0, v0x854e8b7a0_0;
E_0x8551a9a80/7 .event anyedge, v0x854e8d2c0_0, v0x854e8cc80_0, v0x854e8cdc0_0, v0x854e8cfa0_0;
E_0x8551a9a80/8 .event anyedge, v0x854e8d5e0_0, v0x854e8d180_0, v0x854e8d040_0, v0x854e8c640_0;
E_0x8551a9a80/9 .event anyedge, v0x854e8b8e0_0, v0x854e8c780_0, v0x854e8c820_0, v0x854e8c8c0_0;
E_0x8551a9a80/10 .event anyedge, v0x854e8c960_0, v0x854e8bf20_0, v0x854e8c000_0, v0x854e8cb40_0;
E_0x8551a9a80/11 .event anyedge, v0x854e8ca00_0, v0x854e8c5a0_0, v0x854e8d540_0, v0x854e8d400_0;
E_0x8551a9a80 .event/or E_0x8551a9a80/0, E_0x8551a9a80/1, E_0x8551a9a80/2, E_0x8551a9a80/3, E_0x8551a9a80/4, E_0x8551a9a80/5, E_0x8551a9a80/6, E_0x8551a9a80/7, E_0x8551a9a80/8, E_0x8551a9a80/9, E_0x8551a9a80/10, E_0x8551a9a80/11;
E_0x8551a9ac0 .event anyedge, v0x854e8fc00_0, v0x854e91360_0, v0x854e8f660_0, v0x854e912c0_0;
E_0x8551a9b00 .event anyedge, v0x854e90820_0, v0x854e90640_0, v0x854e90280_0, v0x854e900a0_0;
L_0x854d972a0 .concat [ 1 1 1 1], v0x854e8ee40_0, v0x854e8ed00_0, v0x854e8eda0_0, v0x854e8ec60_0;
L_0x854d97340 .reduce/or L_0x854d972a0;
L_0x854d973e0 .reduce/or v0x854e8fa20_0;
L_0x854d97480 .reduce/and v0x854e8fa20_0;
L_0x854d97520 .reduce/nor L_0x855478e68;
L_0x854e964e0 .part L_0x85508a8b0, 0, 2;
L_0x854d975c0 .reduce/nand L_0x854e964e0;
L_0x854d97660 .reduce/nor v0x854e8fa20_0;
L_0x854d97700 .reduce/nor L_0x855478ef8;
L_0x854d977a0 .reduce/nor v0x854e8fa20_0;
L_0x854e96580 .part L_0x854d97de0, 2, 30;
L_0x854d97840 .arith/sum 30, L_0x854e96580, L_0x855479330;
L_0x854d978e0 .concat [ 2 30 0 0], L_0x855478f88, L_0x854d97840;
L_0x854e96620 .part v0x854e912c0_0, 2, 30;
L_0x854d97980 .concat [ 2 30 0 0], L_0x855478fd0, L_0x854e96620;
L_0x854d97a20 .functor MUXZ 32, L_0x854d97980, L_0x854d978e0, L_0x85517b020, C4<>;
L_0x854d97ac0 .functor MUXZ 32, v0x854e8f840_0, v0x854e94640_0, L_0x85517b090, C4<>;
LS_0x854d97b60_0_0 .concat [ 1 1 1 1], v0x854e8d400_0, v0x854e8d540_0, v0x854e8c5a0_0, v0x854e8ca00_0;
LS_0x854d97b60_0_4 .concat [ 1 1 1 1], v0x854e8cb40_0, v0x854e8c000_0, v0x854e8bf20_0, v0x854e8c960_0;
LS_0x854d97b60_0_8 .concat [ 1 1 1 1], v0x854e8c8c0_0, v0x854e8c820_0, v0x854e8c780_0, v0x854e8b8e0_0;
LS_0x854d97b60_0_12 .concat [ 1 1 1 1], v0x854e8c640_0, v0x854e8d040_0, v0x854e8d180_0, v0x854e8d5e0_0;
LS_0x854d97b60_0_16 .concat [ 1 1 1 1], v0x854e8cfa0_0, v0x854e8cdc0_0, v0x854e8cc80_0, v0x854e8d2c0_0;
LS_0x854d97b60_0_20 .concat [ 1 1 1 1], v0x854e8b7a0_0, v0x854e8d0e0_0, v0x854e8d220_0, v0x854e8cd20_0;
LS_0x854d97b60_0_24 .concat [ 1 1 1 1], v0x854e8b980_0, v0x854e8c6e0_0, v0x854e8d680_0, v0x854e8cf00_0;
LS_0x854d97b60_0_28 .concat [ 1 1 1 1], v0x854e8ce60_0, v0x854e8b840_0, v0x854e8d360_0, v0x854e8cbe0_0;
LS_0x854d97b60_0_32 .concat [ 1 1 1 1], v0x854e8caa0_0, v0x854e8c3c0_0, v0x854e8c280_0, v0x854e8c500_0;
LS_0x854d97b60_0_36 .concat [ 1 1 1 1], v0x854e8c320_0, v0x854e8c1e0_0, v0x854e8bc00_0, v0x854e8bd40_0;
LS_0x854d97b60_0_40 .concat [ 1 1 1 1], v0x854e8bb60_0, v0x854e8bca0_0, v0x854e8bde0_0, v0x854e8bac0_0;
LS_0x854d97b60_0_44 .concat [ 1 1 1 1], v0x854e8c140_0, v0x854e8c0a0_0, v0x854e8ba20_0, v0x854e8c460_0;
LS_0x854d97b60_1_0 .concat [ 4 4 4 4], LS_0x854d97b60_0_0, LS_0x854d97b60_0_4, LS_0x854d97b60_0_8, LS_0x854d97b60_0_12;
LS_0x854d97b60_1_4 .concat [ 4 4 4 4], LS_0x854d97b60_0_16, LS_0x854d97b60_0_20, LS_0x854d97b60_0_24, LS_0x854d97b60_0_28;
LS_0x854d97b60_1_8 .concat [ 4 4 4 4], LS_0x854d97b60_0_32, LS_0x854d97b60_0_36, LS_0x854d97b60_0_40, LS_0x854d97b60_0_44;
L_0x854d97b60 .concat [ 16 16 16 0], LS_0x854d97b60_1_0, LS_0x854d97b60_1_4, LS_0x854d97b60_1_8;
L_0x854d97c00 .reduce/nor L_0x854d97b60;
L_0x854d97ca0 .concat [ 1 1 1 1], v0x854e8c960_0, v0x854e8c8c0_0, v0x854e8c820_0, v0x854e8c780_0;
L_0x854d97d40 .reduce/or L_0x854d97ca0;
L_0x854d97de0 .functor MUXZ 32, v0x854e91220_0, L_0x85517b1e0, L_0x85517b170, C4<>;
L_0x854e966c0 .cmp/eq 8, v0x854e89ea0_0, L_0x8554790f0;
S_0x854e65200 .scope task, "empty_statement" "empty_statement" 3 214, 3 214 0, S_0x854e64f00;
 .timescale -9 -12;
TD_tb_loader.dut.cpu.empty_statement ;
    %end;
S_0x854e65380 .scope generate, "genblk1" "genblk1" 3 285, 3 285 0, S_0x854e64f00;
 .timescale -9 -12;
S_0x854e65500 .scope generate, "genblk2" "genblk2" 3 305, 3 305 0, S_0x854e64f00;
 .timescale -9 -12;
S_0x854e65680 .scope generate, "genblk3" "genblk3" 3 1229, 3 1229 0, S_0x854e64f00;
 .timescale -9 -12;
E_0x8551a9b40/0 .event anyedge, v0x854e8d2c0_0, v0x854e912c0_0, v0x854e91360_0, v0x854e8d040_0;
E_0x8551a9b40/1 .event anyedge, v0x854e8d0e0_0;
E_0x8551a9b40 .event/or E_0x8551a9b40/0, E_0x8551a9b40/1;
S_0x854e65800 .scope module, "loader_i" "loader" 5 64, 6 23 0, S_0x854e64d80;
 .timescale -9 -12;
    .port_info 0 /INPUT 1 "clk";
    .port_info 1 /INPUT 1 "resetn";
    .port_info 2 /INPUT 1 "rx_valid";
    .port_info 3 /INPUT 8 "rx_data";
    .port_info 4 /OUTPUT 1 "tx_send";
    .port_info 5 /OUTPUT 8 "tx_data";
    .port_info 6 /INPUT 1 "tx_busy";
    .port_info 7 /OUTPUT 1 "mem_we";
    .port_info 8 /OUTPUT 11 "mem_waddr";
    .port_info 9 /OUTPUT 32 "mem_wdata";
    .port_info 10 /OUTPUT 1 "loading";
P_0x100c98b40 .param/l "ACK" 1 6 49, C4<01111001>;
P_0x100c98b80 .param/l "CMD_RUN" 1 6 48, C4<00000010>;
P_0x100c98bc0 .param/l "CMD_WRITE" 1 6 47, C4<00000001>;
P_0x100c98c00 .param/l "NAK" 1 6 50, C4<01101110>;
P_0x100c98c40 .param/l "SYNC" 1 6 46, C4<01111110>;
P_0x100c98c80 .param/l "S_ADDR_H" 1 6 56, C4<0011>;
P_0x100c98cc0 .param/l "S_ADDR_L" 1 6 55, C4<0010>;
P_0x100c98d00 .param/l "S_CHECK" 1 6 61, C4<1000>;
P_0x100c98d40 .param/l "S_CMD" 1 6 54, C4<0001>;
P_0x100c98d80 .param/l "S_CRC_H" 1 6 59, C4<0110>;
P_0x100c98dc0 .param/l "S_CRC_L" 1 6 60, C4<0111>;
P_0x100c98e00 .param/l "S_DATA" 1 6 58, C4<0101>;
P_0x100c98e40 .param/l "S_NWORDS" 1 6 57, C4<0100>;
P_0x100c98e80 .param/l "S_RUN" 1 6 63, C4<1010>;
P_0x100c98ec0 .param/l "S_SYNC" 1 6 53, C4<0000>;
P_0x100c98f00 .param/l "S_WAITTX" 1 6 62, C4<1001>;
v0x854e91e00_0 .var "addr", 10 0;
v0x854e91ea0_0 .var "byte_in_word", 1 0;
v0x854e91f40_0 .net "clk", 0 0, v0x854e95540_0;  alias, 1 drivers
v0x854e91fe0_0 .var "cmd", 7 0;
v0x854e92080_0 .var "crc", 15 0;
v0x854e92120_0 .var "cur_word", 31 0;
v0x854e921c0_0 .var "loading", 0 0;
v0x854e92260_0 .var "mem_waddr", 10 0;
v0x854e92300_0 .var "mem_wdata", 31 0;
v0x854e923a0_0 .var "mem_we", 0 0;
v0x854e92440_0 .var "nwords", 7 0;
v0x854e924e0_0 .net "resetn", 0 0, v0x854e95860_0;  alias, 1 drivers
v0x854e92580_0 .var "rx_crc", 15 0;
v0x854e92620_0 .net "rx_data", 7 0, v0x854e92c60_0;  alias, 1 drivers
v0x854e926c0_0 .net "rx_valid", 0 0, v0x854e930c0_0;  alias, 1 drivers
v0x854e92760_0 .var "state", 3 0;
v0x854e92800_0 .net "tx_busy", 0 0, L_0x854e96a80;  alias, 1 drivers
v0x854e928a0_0 .var "tx_data", 7 0;
v0x854e92940_0 .var "tx_send", 0 0;
v0x854e929e0_0 .var "word_count", 7 0;
S_0x854e65b00 .scope function.vec4.s16, "crc16_next" "crc16_next" 6 77, 6 77 0, S_0x854e65800;
 .timescale -9 -12;
v0x854e91ae0_0 .var "b", 7 0;
v0x854e91b80_0 .var "c", 15 0;
; Variable crc16_next is vec4 return value of scope S_0x854e65b00
v0x854e91cc0_0 .var "crc_in", 15 0;
v0x854e91d60_0 .var/i "i", 31 0;
TD_tb_loader.dut.loader_i.crc16_next ;
    %load/vec4 v0x854e91cc0_0;
    %load/vec4 v0x854e91ae0_0;
    %pad/u 16;
    %ix/load 4, 8, 0;
    %flag_set/imm 4, 0;
    %shiftl 4;
    %xor;
    %store/vec4 v0x854e91b80_0, 0, 16;
    %pushi/vec4 0, 0, 32;
    %store/vec4 v0x854e91d60_0, 0, 32;
T_4.5 ; Top of for-loop
    %load/vec4 v0x854e91d60_0;
    %cmpi/s 8, 0, 32;
	  %jmp/0xz T_4.6, 5;
    %load/vec4 v0x854e91b80_0;
    %parti/s 1, 15, 5;
    %flag_set/vec4 8;
    %jmp/0xz  T_4.8, 8;
    %load/vec4 v0x854e91b80_0;
    %ix/load 4, 1, 0;
    %flag_set/imm 4, 0;
    %shiftl 4;
    %pushi/vec4 4129, 0, 16;
    %xor;
    %store/vec4 v0x854e91b80_0, 0, 16;
    %jmp T_4.9;
T_4.8 ;
    %load/vec4 v0x854e91b80_0;
    %ix/load 4, 1, 0;
    %flag_set/imm 4, 0;
    %shiftl 4;
    %store/vec4 v0x854e91b80_0, 0, 16;
T_4.9 ;
T_4.7 ; for-loop step statement
    %load/vec4 v0x854e91d60_0;
    %addi 1, 0, 32;
    %store/vec4 v0x854e91d60_0, 0, 32;
    %jmp T_4.5;
T_4.6 ; for-loop exit label
    %load/vec4 v0x854e91b80_0;
    %ret/vec4 0, 0, 16;  Assign to crc16_next (store_vec4_to_lval)
    %end;
S_0x854e65c80 .scope module, "rx_i" "uart_rx" 5 45, 7 14 0, S_0x854e64d80;
 .timescale -9 -12;
    .port_info 0 /INPUT 1 "clk";
    .port_info 1 /INPUT 1 "resetn";
    .port_info 2 /INPUT 1 "rx";
    .port_info 3 /OUTPUT 8 "data";
    .port_info 4 /OUTPUT 1 "valid";
P_0x855115900 .param/l "CLOCKS_PER_BIT" 0 7 15, +C4<00000000000000000000000000010000>;
P_0x855115940 .param/l "DATA" 1 7 34, C4<10>;
P_0x855115980 .param/l "IDLE" 1 7 32, C4<00>;
P_0x8551159c0 .param/l "START" 1 7 33, C4<01>;
P_0x855115a00 .param/l "STOP" 1 7 35, C4<11>;
L_0x85508a450 .functor BUFZ 1, v0x854e92f80_0, C4<0>, C4<0>, C4<0>;
v0x854e92a80_0 .var "bit_index", 2 0;
v0x854e92b20_0 .net "clk", 0 0, v0x854e95540_0;  alias, 1 drivers
v0x854e92bc0_0 .var "clk_count", 15 0;
v0x854e92c60_0 .var "data", 7 0;
v0x854e92d00_0 .net "resetn", 0 0, v0x854e95860_0;  alias, 1 drivers
v0x854e92da0_0 .net "rx", 0 0, v0x854e95900_0;  alias, 1 drivers
v0x854e92e40_0 .net "rx_in", 0 0, L_0x85508a450;  1 drivers
v0x854e92ee0_0 .var "rx_sync_0", 0 0;
v0x854e92f80_0 .var "rx_sync_1", 0 0;
v0x854e93020_0 .var "state", 1 0;
v0x854e930c0_0 .var "valid", 0 0;
S_0x854e65e00 .scope module, "tx_i" "uart_tx" 5 217, 8 11 0, S_0x854e64d80;
 .timescale -9 -12;
    .port_info 0 /INPUT 1 "clk";
    .port_info 1 /INPUT 1 "resetn";
    .port_info 2 /INPUT 1 "valid";
    .port_info 3 /INPUT 8 "data";
    .port_info 4 /OUTPUT 1 "tx";
    .port_info 5 /OUTPUT 1 "busy";
P_0x855115a40 .param/l "CLOCKS_PER_BIT" 0 8 12, +C4<00000000000000000000000000010000>;
P_0x855115a80 .param/l "DATA" 1 8 24, C4<10>;
P_0x855115ac0 .param/l "IDLE" 1 8 22, C4<00>;
P_0x855115b00 .param/l "START" 1 8 23, C4<01>;
P_0x855115b40 .param/l "STOP" 1 8 25, C4<11>;
L_0x855479258 .functor BUFT 1, C4<00>, C4<0>, C4<0>, C4<0>;
v0x854e93160_0 .net/2u *"_ivl_0", 1 0, L_0x855479258;  1 drivers
v0x854e93200_0 .var "bit_index", 2 0;
v0x854e932a0_0 .net "busy", 0 0, L_0x854e96a80;  alias, 1 drivers
v0x854e93340_0 .net "clk", 0 0, v0x854e95540_0;  alias, 1 drivers
v0x854e933e0_0 .var "clk_count", 15 0;
v0x854e93480_0 .net "data", 7 0, L_0x854d97f20;  alias, 1 drivers
v0x854e93520_0 .net "resetn", 0 0, v0x854e95860_0;  alias, 1 drivers
v0x854e935c0_0 .var "shift", 7 0;
v0x854e93660_0 .var "state", 1 0;
v0x854e93700_0 .var "tx", 0 0;
v0x854e937a0_0 .net "valid", 0 0, L_0x854d97e80;  alias, 1 drivers
L_0x854e96a80 .cmp/ne 2, v0x854e93660_0, L_0x855479258;
S_0x854e65f80 .scope task, "uart_recv_byte" "uart_recv_byte" 4 80, 4 80 0, S_0x100c7f970;
 .timescale -9 -12;
v0x854e95040_0 .var "b", 7 0;
v0x854e950e0_0 .var/i "i", 31 0;
E_0x8551a9c80 .event negedge, v0x854e93700_0;
TD_tb_loader.uart_recv_byte ;
    %wait E_0x8551a9c80;
    %pushi/vec4 24, 0, 32;
T_5.10 %dup/vec4;
    %cmpi/s 0, 0, 32;
    %jmp/1xz T_5.11, 5;
    %jmp/1 T_5.11, 4;
    %subi 1, 0, 32;
    %wait E_0x8551a98c0;
    %jmp T_5.10;
T_5.11 ;
    %pop/vec4 1;
    %pushi/vec4 0, 0, 32;
    %store/vec4 v0x854e950e0_0, 0, 32;
T_5.12 ; Top of for-loop
    %load/vec4 v0x854e950e0_0;
    %cmpi/s 8, 0, 32;
	  %jmp/0xz T_5.13, 5;
    %load/vec4 v0x854e959a0_0;
    %ix/getv/s 4, v0x854e950e0_0;
    %store/vec4 v0x854e95040_0, 4, 1;
    %vpi_call/w 4 88 "$display", "[recv] bit %0d = %b @ %0t", v0x854e950e0_0, v0x854e959a0_0, $time {0 0 0};
    %pushi/vec4 16, 0, 32;
T_5.15 %dup/vec4;
    %cmpi/s 0, 0, 32;
    %jmp/1xz T_5.16, 5;
    %jmp/1 T_5.16, 4;
    %subi 1, 0, 32;
    %wait E_0x8551a98c0;
    %jmp T_5.15;
T_5.16 ;
    %pop/vec4 1;
T_5.14 ; for-loop step statement
    %load/vec4 v0x854e950e0_0;
    %addi 1, 0, 32;
    %store/vec4 v0x854e950e0_0, 0, 32;
    %jmp T_5.12;
T_5.13 ; for-loop exit label
    %pushi/vec4 16, 0, 32;
T_5.17 %dup/vec4;
    %cmpi/s 0, 0, 32;
    %jmp/1xz T_5.18, 5;
    %jmp/1 T_5.18, 4;
    %subi 1, 0, 32;
    %wait E_0x8551a98c0;
    %jmp T_5.17;
T_5.18 ;
    %pop/vec4 1;
    %end;
S_0x854e66100 .scope task, "uart_send_byte" "uart_send_byte" 4 62, 4 62 0, S_0x100c7f970;
 .timescale -9 -12;
v0x854e95180_0 .var "b", 7 0;
v0x854e95220_0 .var/i "i", 31 0;
TD_tb_loader.uart_send_byte ;
    %pushi/vec4 0, 0, 1;
    %store/vec4 v0x854e95900_0, 0, 1;
    %pushi/vec4 16, 0, 32;
T_6.19 %dup/vec4;
    %cmpi/s 0, 0, 32;
    %jmp/1xz T_6.20, 5;
    %jmp/1 T_6.20, 4;
    %subi 1, 0, 32;
    %wait E_0x8551a98c0;
    %jmp T_6.19;
T_6.20 ;
    %pop/vec4 1;
    %pushi/vec4 0, 0, 32;
    %store/vec4 v0x854e95220_0, 0, 32;
T_6.21 ; Top of for-loop
    %load/vec4 v0x854e95220_0;
    %cmpi/s 8, 0, 32;
	  %jmp/0xz T_6.22, 5;
    %load/vec4 v0x854e95180_0;
    %load/vec4 v0x854e95220_0;
    %part/s 1;
    %store/vec4 v0x854e95900_0, 0, 1;
    %pushi/vec4 16, 0, 32;
T_6.24 %dup/vec4;
    %cmpi/s 0, 0, 32;
    %jmp/1xz T_6.25, 5;
    %jmp/1 T_6.25, 4;
    %subi 1, 0, 32;
    %wait E_0x8551a98c0;
    %jmp T_6.24;
T_6.25 ;
    %pop/vec4 1;
T_6.23 ; for-loop step statement
    %load/vec4 v0x854e95220_0;
    %addi 1, 0, 32;
    %store/vec4 v0x854e95220_0, 0, 32;
    %jmp T_6.21;
T_6.22 ; for-loop exit label
    %pushi/vec4 1, 0, 1;
    %store/vec4 v0x854e95900_0, 0, 1;
    %pushi/vec4 16, 0, 32;
T_6.26 %dup/vec4;
    %cmpi/s 0, 0, 32;
    %jmp/1xz T_6.27, 5;
    %jmp/1 T_6.27, 4;
    %subi 1, 0, 32;
    %wait E_0x8551a98c0;
    %jmp T_6.26;
T_6.27 ;
    %pop/vec4 1;
    %end;
    .scope S_0x100c7fc30;
T_7 ;
    %wait E_0x8551a9080;
    %load/vec4 v0x854e31ae0_0;
    %nor/r;
    %flag_set/vec4 8;
    %jmp/0xz  T_7.0, 8;
    %pushi/vec4 0, 0, 1;
    %assign/vec4 v0x854e30a00_0, 0;
    %jmp T_7.1;
T_7.0 ;
    %load/vec4 v0x854e31900_0;
    %flag_set/vec4 8;
    %flag_get/vec4 8;
    %jmp/0 T_7.2, 8;
    %load/vec4 v0x854e31860_0;
    %and;
T_7.2;
    %assign/vec4 v0x854e31b80_0, 0;
    %load/vec4 v0x854e31040_0;
    %flag_set/vec4 9;
    %flag_get/vec4 9;
    %jmp/0 T_7.5, 9;
    %load/vec4 v0x854e310e0_0;
    %and;
T_7.5;
    %flag_set/vec4 8;
    %jmp/0xz  T_7.3, 8;
    %pushi/vec4 1, 0, 1;
    %assign/vec4 v0x854e30a00_0, 0;
T_7.3 ;
    %load/vec4 v0x854e30dc0_0;
    %flag_set/vec4 9;
    %flag_get/vec4 9;
    %jmp/0 T_7.8, 9;
    %load/vec4 v0x854e30e60_0;
    %and;
T_7.8;
    %flag_set/vec4 8;
    %jmp/0xz  T_7.6, 8;
    %pushi/vec4 1, 0, 1;
    %assign/vec4 v0x854e30960_0, 0;
T_7.6 ;
    %load/vec4 v0x854e31540_0;
    %flag_set/vec4 9;
    %flag_get/vec4 9;
    %jmp/0 T_7.11, 9;
    %load/vec4 v0x854e31680_0;
    %and;
T_7.11;
    %flag_set/vec4 8;
    %jmp/0xz  T_7.9, 8;
    %pushi/vec4 1, 0, 1;
    %assign/vec4 v0x854e30aa0_0, 0;
T_7.9 ;
    %load/vec4 v0x854e31b80_0;
    %flag_set/vec4 8;
    %jmp/1 T_7.14, 8;
    %load/vec4 v0x854e31900_0;
    %nor/r;
    %flag_set/vec4 9;
    %flag_or 8, 9;
T_7.14;
    %jmp/0xz  T_7.12, 8;
    %pushi/vec4 0, 0, 1;
    %assign/vec4 v0x854e30a00_0, 0;
    %pushi/vec4 0, 0, 1;
    %assign/vec4 v0x854e30960_0, 0;
    %pushi/vec4 0, 0, 1;
    %assign/vec4 v0x854e30aa0_0, 0;
T_7.12 ;
T_7.1 ;
    %jmp T_7;
    .thread T_7;
    .scope S_0x854e64180;
T_8 ;
    %wait E_0x8551a9300;
    %load/vec4 v0x854e6bde0_0;
    %flag_set/vec4 8;
    %jmp/0 T_8.0, 8;
    %load/vec4 v0x854e6fde0_0;
    %load/vec4 v0x854e6fe80_0;
    %sub;
    %jmp/1 T_8.1, 8;
T_8.0 ; End of true expr.
    %load/vec4 v0x854e6fde0_0;
    %load/vec4 v0x854e6fe80_0;
    %add;
    %jmp/0 T_8.1, 8;
 ; End of false expr.
    %blend;
T_8.1;
    %store/vec4 v0x854e33ac0_0, 0, 32;
    %load/vec4 v0x854e6fde0_0;
    %load/vec4 v0x854e6fe80_0;
    %cmp/e;
    %flag_get/vec4 4;
    %store/vec4 v0x854e33b60_0, 0, 1;
    %load/vec4 v0x854e6fde0_0;
    %load/vec4 v0x854e6fe80_0;
    %cmp/s;
    %flag_get/vec4 5;
    %store/vec4 v0x854e33c00_0, 0, 1;
    %load/vec4 v0x854e6fde0_0;
    %load/vec4 v0x854e6fe80_0;
    %cmp/u;
    %flag_get/vec4 5;
    %store/vec4 v0x854e33ca0_0, 0, 1;
    %load/vec4 v0x854e6fde0_0;
    %load/vec4 v0x854e6fe80_0;
    %parti/s 5, 0, 2;
    %ix/vec4 4;
    %shiftl 4;
    %store/vec4 v0x854e68000_0, 0, 32;
    %load/vec4 v0x854e6bb60_0;
    %flag_set/vec4 8;
    %jmp/1 T_8.4, 8;
    %load/vec4 v0x854e6bc00_0;
    %flag_set/vec4 9;
    %flag_or 8, 9;
T_8.4;
    %jmp/0 T_8.2, 8;
    %load/vec4 v0x854e6fde0_0;
    %parti/s 1, 31, 6;
    %jmp/1 T_8.3, 8;
T_8.2 ; End of true expr.
    %pushi/vec4 0, 0, 1;
    %jmp/0 T_8.3, 8;
 ; End of false expr.
    %blend;
T_8.3;
    %load/vec4 v0x854e6fde0_0;
    %concat/vec4; draw_concat_vec4
    %load/vec4 v0x854e6fe80_0;
    %parti/s 5, 0, 2;
    %ix/vec4 4;
    %shiftr/s 4;
    %pad/s 32;
    %store/vec4 v0x854e680a0_0, 0, 32;
    %jmp T_8;
    .thread T_8, $push;
    .scope S_0x100c7fdb0;
T_9 ;
    %end;
    .thread T_9;
    .scope S_0x100c7fdb0;
T_10 ;
    %wait E_0x8551a92c0;
    %pushi/vec4 0, 0, 1;
    %store/vec4 v0x854e6f0c0_0, 0, 1;
    %pushi/vec4 4294967295, 4294967295, 32;
    %store/vec4 v0x854e6eee0_0, 0, 32;
    %pushi/vec4 0, 0, 1;
    %store/vec4 v0x854e6f020_0, 0, 1;
    %pushi/vec4 0, 0, 1;
    %store/vec4 v0x854e6ef80_0, 0, 1;
    %pushi/vec4 1, 0, 1;
    %dup/vec4;
    %pushi/vec4 0, 0, 1;
    %cmp/u;
    %jmp/1 T_10.0, 6;
    %dup/vec4;
    %pushi/vec4 0, 0, 1;
    %cmp/u;
    %jmp/1 T_10.1, 6;
    %dup/vec4;
    %pushi/vec4 0, 0, 1;
    %cmp/u;
    %jmp/1 T_10.2, 6;
    %jmp T_10.3;
T_10.0 ;
    %pushi/vec4 0, 0, 1;
    %store/vec4 v0x854e6f0c0_0, 0, 1;
    %pushi/vec4 0, 0, 32;
    %store/vec4 v0x854e6eee0_0, 0, 32;
    %jmp T_10.3;
T_10.1 ;
    %load/vec4 v0x854e6f340_0;
    %store/vec4 v0x854e6f0c0_0, 0, 1;
    %load/vec4 v0x854e6f160_0;
    %store/vec4 v0x854e6eee0_0, 0, 32;
    %jmp T_10.3;
T_10.2 ;
    %load/vec4 v0x854e6eda0_0;
    %store/vec4 v0x854e6f0c0_0, 0, 1;
    %load/vec4 v0x854e6ebc0_0;
    %store/vec4 v0x854e6eee0_0, 0, 32;
    %jmp T_10.3;
T_10.3 ;
    %pop/vec4 1;
    %jmp T_10;
    .thread T_10, $push;
    .scope S_0x100c7fdb0;
T_11 ;
    %wait E_0x8551a9080;
    %load/vec4 v0x854e70140_0;
    %nor/r;
    %flag_set/vec4 8;
    %jmp/0xz  T_11.0, 8;
    %pushi/vec4 0, 0, 1;
    %assign/vec4 v0x854e6dcc0_0, 0;
    %pushi/vec4 0, 0, 1;
    %assign/vec4 v0x854e6cfa0_0, 0;
    %jmp T_11.1;
T_11.0 ;
    %load/vec4 v0x854e6cfa0_0;
    %nor/r;
    %flag_set/vec4 8;
    %jmp/0xz  T_11.2, 8;
    %load/vec4 v0x854e6dc20_0;
    %assign/vec4 v0x854e6dcc0_0, 0;
T_11.2 ;
    %load/vec4 v0x854e6e620_0;
    %flag_set/vec4 8;
    %flag_get/vec4 8;
    %jmp/0 T_11.4, 8;
    %load/vec4 v0x854e6e4e0_0;
    %nor/r;
    %and;
T_11.4;
    %assign/vec4 v0x854e6cfa0_0, 0;
T_11.1 ;
    %jmp T_11;
    .thread T_11;
    .scope S_0x100c7fdb0;
T_12 ;
    %wait E_0x8551a9280;
    %load/vec4 v0x854e6e760_0;
    %dup/vec4;
    %pushi/vec4 0, 0, 2;
    %cmp/u;
    %jmp/1 T_12.0, 6;
    %dup/vec4;
    %pushi/vec4 1, 0, 2;
    %cmp/u;
    %jmp/1 T_12.1, 6;
    %dup/vec4;
    %pushi/vec4 2, 0, 2;
    %cmp/u;
    %jmp/1 T_12.2, 6;
    %jmp T_12.3;
T_12.0 ;
    %load/vec4 v0x854e6fe80_0;
    %store/vec4 v0x854e6dfe0_0, 0, 32;
    %pushi/vec4 15, 0, 4;
    %store/vec4 v0x854e6e120_0, 0, 4;
    %load/vec4 v0x854e6e1c0_0;
    %store/vec4 v0x854e6e440_0, 0, 32;
    %jmp T_12.3;
T_12.1 ;
    %load/vec4 v0x854e6fe80_0;
    %parti/s 16, 0, 2;
    %replicate 2;
    %store/vec4 v0x854e6dfe0_0, 0, 32;
    %load/vec4 v0x854e6fde0_0;
    %parti/s 1, 1, 2;
    %flag_set/vec4 8;
    %jmp/0 T_12.4, 8;
    %pushi/vec4 12, 0, 4;
    %jmp/1 T_12.5, 8;
T_12.4 ; End of true expr.
    %pushi/vec4 3, 0, 4;
    %jmp/0 T_12.5, 8;
 ; End of false expr.
    %blend;
T_12.5;
    %store/vec4 v0x854e6e120_0, 0, 4;
    %load/vec4 v0x854e6fde0_0;
    %parti/s 1, 1, 2;
    %dup/vec4;
    %pushi/vec4 0, 0, 1;
    %cmp/u;
    %jmp/1 T_12.6, 6;
    %dup/vec4;
    %pushi/vec4 1, 0, 1;
    %cmp/u;
    %jmp/1 T_12.7, 6;
    %jmp T_12.8;
T_12.6 ;
    %pushi/vec4 0, 0, 16;
    %load/vec4 v0x854e6e1c0_0;
    %parti/s 16, 0, 2;
    %concat/vec4; draw_concat_vec4
    %store/vec4 v0x854e6e440_0, 0, 32;
    %jmp T_12.8;
T_12.7 ;
    %pushi/vec4 0, 0, 16;
    %load/vec4 v0x854e6e1c0_0;
    %parti/s 16, 16, 6;
    %concat/vec4; draw_concat_vec4
    %store/vec4 v0x854e6e440_0, 0, 32;
    %jmp T_12.8;
T_12.8 ;
    %pop/vec4 1;
    %jmp T_12.3;
T_12.2 ;
    %load/vec4 v0x854e6fe80_0;
    %parti/s 8, 0, 2;
    %replicate 4;
    %store/vec4 v0x854e6dfe0_0, 0, 32;
    %pushi/vec4 1, 0, 4;
    %load/vec4 v0x854e6fde0_0;
    %parti/s 2, 0, 2;
    %ix/vec4 4;
    %shiftl 4;
    %store/vec4 v0x854e6e120_0, 0, 4;
    %load/vec4 v0x854e6fde0_0;
    %parti/s 2, 0, 2;
    %dup/vec4;
    %pushi/vec4 0, 0, 2;
    %cmp/u;
    %jmp/1 T_12.9, 6;
    %dup/vec4;
    %pushi/vec4 1, 0, 2;
    %cmp/u;
    %jmp/1 T_12.10, 6;
    %dup/vec4;
    %pushi/vec4 2, 0, 2;
    %cmp/u;
    %jmp/1 T_12.11, 6;
    %dup/vec4;
    %pushi/vec4 3, 0, 2;
    %cmp/u;
    %jmp/1 T_12.12, 6;
    %jmp T_12.13;
T_12.9 ;
    %pushi/vec4 0, 0, 24;
    %load/vec4 v0x854e6e1c0_0;
    %parti/s 8, 0, 2;
    %concat/vec4; draw_concat_vec4
    %store/vec4 v0x854e6e440_0, 0, 32;
    %jmp T_12.13;
T_12.10 ;
    %pushi/vec4 0, 0, 24;
    %load/vec4 v0x854e6e1c0_0;
    %parti/s 8, 8, 5;
    %concat/vec4; draw_concat_vec4
    %store/vec4 v0x854e6e440_0, 0, 32;
    %jmp T_12.13;
T_12.11 ;
    %pushi/vec4 0, 0, 24;
    %load/vec4 v0x854e6e1c0_0;
    %parti/s 8, 16, 6;
    %concat/vec4; draw_concat_vec4
    %store/vec4 v0x854e6e440_0, 0, 32;
    %jmp T_12.13;
T_12.12 ;
    %pushi/vec4 0, 0, 24;
    %load/vec4 v0x854e6e1c0_0;
    %parti/s 8, 24, 6;
    %concat/vec4; draw_concat_vec4
    %store/vec4 v0x854e6e440_0, 0, 32;
    %jmp T_12.13;
T_12.13 ;
    %pop/vec4 1;
    %jmp T_12.3;
T_12.3 ;
    %pop/vec4 1;
    %jmp T_12;
    .thread T_12, $push;
    .scope S_0x100c7fdb0;
T_13 ;
    %wait E_0x8551a9080;
    %load/vec4 v0x854e6e8a0_0;
    %flag_set/vec4 8;
    %jmp/0xz  T_13.0, 8;
    %load/vec4 v0x854e6e1c0_0;
    %assign/vec4 v0x854e6e3a0_0, 0;
    %load/vec4 v0x854e6e1c0_0;
    %assign/vec4 v0x854e6e9e0_0, 0;
T_13.0 ;
    %jmp T_13;
    .thread T_13;
    .scope S_0x100c7fdb0;
T_14 ;
    %wait E_0x8551a9080;
    %load/vec4 v0x854e70140_0;
    %flag_set/vec4 9;
    %flag_get/vec4 9;
    %jmp/0 T_14.2, 9;
    %load/vec4 v0x854e705a0_0;
    %nor/r;
    %and;
T_14.2;
    %flag_set/vec4 8;
    %jmp/0xz  T_14.0, 8;
    %load/vec4 v0x854e6d7c0_0;
    %flag_set/vec4 8;
    %jmp/1 T_14.6, 8;
    %load/vec4 v0x854e6d900_0;
    %flag_set/vec4 9;
    %flag_or 8, 9;
T_14.6;
    %jmp/1 T_14.5, 8;
    %load/vec4 v0x854e6d860_0;
    %flag_set/vec4 9;
    %flag_or 8, 9;
T_14.5;
    %jmp/0xz  T_14.3, 8;
    %fork TD_picorv32_axi.picorv32_core.empty_statement, S_0x100c709d0;
    %join;
T_14.3 ;
    %load/vec4 v0x854e6d7c0_0;
    %flag_set/vec4 8;
    %jmp/1 T_14.9, 8;
    %load/vec4 v0x854e6d900_0;
    %flag_set/vec4 9;
    %flag_or 8, 9;
T_14.9;
    %jmp/0xz  T_14.7, 8;
    %fork TD_picorv32_axi.picorv32_core.empty_statement, S_0x100c709d0;
    %join;
T_14.7 ;
    %load/vec4 v0x854e6d860_0;
    %flag_set/vec4 8;
    %jmp/0xz  T_14.10, 8;
    %fork TD_picorv32_axi.picorv32_core.empty_statement, S_0x100c709d0;
    %join;
T_14.10 ;
    %load/vec4 v0x854e6d9a0_0;
    %flag_set/vec4 8;
    %jmp/0xz  T_14.12, 8;
    %fork TD_picorv32_axi.picorv32_core.empty_statement, S_0x100c709d0;
    %join;
T_14.12 ;
    %load/vec4 v0x854e6e580_0;
    %pad/u 32;
    %cmpi/e 2, 0, 32;
    %jmp/1 T_14.16, 4;
    %flag_mov 8, 4;
    %load/vec4 v0x854e6e580_0;
    %pad/u 32;
    %cmpi/e 3, 0, 32;
    %flag_or 4, 8;
T_14.16;
    %jmp/0xz  T_14.14, 4;
    %fork TD_picorv32_axi.picorv32_core.empty_statement, S_0x100c709d0;
    %join;
T_14.14 ;
T_14.0 ;
    %jmp T_14;
    .thread T_14;
    .scope S_0x100c7fdb0;
T_15 ;
    %wait E_0x8551a9080;
    %load/vec4 v0x854e70140_0;
    %nor/r;
    %flag_set/vec4 8;
    %jmp/1 T_15.2, 8;
    %load/vec4 v0x854e705a0_0;
    %flag_set/vec4 9;
    %flag_or 8, 9;
T_15.2;
    %jmp/0xz  T_15.0, 8;
    %load/vec4 v0x854e70140_0;
    %nor/r;
    %flag_set/vec4 8;
    %jmp/0xz  T_15.3, 8;
    %pushi/vec4 0, 0, 2;
    %assign/vec4 v0x854e6e580_0, 0;
T_15.3 ;
    %load/vec4 v0x854e70140_0;
    %nor/r;
    %flag_set/vec4 8;
    %jmp/1 T_15.7, 8;
    %load/vec4 v0x854e6e4e0_0;
    %flag_set/vec4 9;
    %flag_or 8, 9;
T_15.7;
    %jmp/0xz  T_15.5, 8;
    %pushi/vec4 0, 0, 1;
    %assign/vec4 v0x854e6e620_0, 0;
T_15.5 ;
    %pushi/vec4 0, 0, 1;
    %assign/vec4 v0x854e6dea0_0, 0;
    %pushi/vec4 0, 0, 1;
    %assign/vec4 v0x854e6f8e0_0, 0;
    %jmp T_15.1;
T_15.0 ;
    %load/vec4 v0x854e6de00_0;
    %flag_set/vec4 8;
    %jmp/1 T_15.10, 8;
    %load/vec4 v0x854e6e080_0;
    %flag_set/vec4 9;
    %flag_or 8, 9;
T_15.10;
    %jmp/0xz  T_15.8, 8;
    %load/vec4 v0x854e6db80_0;
    %assign/vec4 v0x854e6d680_0, 0;
    %load/vec4 v0x854e6e120_0;
    %load/vec4 v0x854e6e080_0;
    %replicate 4;
    %and;
    %assign/vec4 v0x854e6e800_0, 0;
T_15.8 ;
    %load/vec4 v0x854e6e080_0;
    %flag_set/vec4 8;
    %jmp/0xz  T_15.11, 8;
    %load/vec4 v0x854e6dfe0_0;
    %assign/vec4 v0x854e6e6c0_0, 0;
T_15.11 ;
    %load/vec4 v0x854e6e580_0;
    %dup/vec4;
    %pushi/vec4 0, 0, 2;
    %cmp/u;
    %jmp/1 T_15.13, 6;
    %dup/vec4;
    %pushi/vec4 1, 0, 2;
    %cmp/u;
    %jmp/1 T_15.14, 6;
    %dup/vec4;
    %pushi/vec4 2, 0, 2;
    %cmp/u;
    %jmp/1 T_15.15, 6;
    %dup/vec4;
    %pushi/vec4 3, 0, 2;
    %cmp/u;
    %jmp/1 T_15.16, 6;
    %jmp T_15.17;
T_15.13 ;
    %load/vec4 v0x854e6d7c0_0;
    %flag_set/vec4 8;
    %jmp/1 T_15.21, 8;
    %load/vec4 v0x854e6d900_0;
    %flag_set/vec4 9;
    %flag_or 8, 9;
T_15.21;
    %jmp/1 T_15.20, 8;
    %load/vec4 v0x854e6d860_0;
    %flag_set/vec4 9;
    %flag_or 8, 9;
T_15.20;
    %jmp/0xz  T_15.18, 8;
    %load/vec4 v0x854e6df40_0;
    %nor/r;
    %assign/vec4 v0x854e6e620_0, 0;
    %load/vec4 v0x854e6d7c0_0;
    %flag_set/vec4 8;
    %flag_get/vec4 8;
    %jmp/1 T_15.22, 8;
    %load/vec4 v0x854e6d900_0;
    %or;
T_15.22;
    %assign/vec4 v0x854e6dae0_0, 0;
    %pushi/vec4 0, 0, 4;
    %assign/vec4 v0x854e6e800_0, 0;
    %pushi/vec4 1, 0, 2;
    %assign/vec4 v0x854e6e580_0, 0;
T_15.18 ;
    %load/vec4 v0x854e6d9a0_0;
    %flag_set/vec4 8;
    %jmp/0xz  T_15.23, 8;
    %pushi/vec4 1, 0, 1;
    %assign/vec4 v0x854e6e620_0, 0;
    %pushi/vec4 0, 0, 1;
    %assign/vec4 v0x854e6dae0_0, 0;
    %pushi/vec4 2, 0, 2;
    %assign/vec4 v0x854e6e580_0, 0;
T_15.23 ;
    %jmp T_15.17;
T_15.14 ;
    %fork TD_picorv32_axi.picorv32_core.empty_statement, S_0x100c709d0;
    %join;
    %fork TD_picorv32_axi.picorv32_core.empty_statement, S_0x100c709d0;
    %join;
    %fork TD_picorv32_axi.picorv32_core.empty_statement, S_0x100c709d0;
    %join;
    %fork TD_picorv32_axi.picorv32_core.empty_statement, S_0x100c709d0;
    %join;
    %load/vec4 v0x854e6e8a0_0;
    %flag_set/vec4 8;
    %jmp/0xz  T_15.25, 8;
    %pushi/vec4 0, 0, 1;
    %assign/vec4 v0x854e6e620_0, 0;
    %pushi/vec4 0, 0, 1;
    %assign/vec4 v0x854e6dea0_0, 0;
    %load/vec4 v0x854e6d900_0;
    %flag_set/vec4 8;
    %jmp/1 T_15.29, 8;
    %load/vec4 v0x854e6d860_0;
    %flag_set/vec4 9;
    %flag_or 8, 9;
T_15.29;
    %jmp/0 T_15.27, 8;
    %pushi/vec4 0, 0, 3;
    %jmp/1 T_15.28, 8;
T_15.27 ; End of true expr.
    %pushi/vec4 3, 0, 3;
    %jmp/0 T_15.28, 8;
 ; End of false expr.
    %blend;
T_15.28;
    %pad/s 2;
    %assign/vec4 v0x854e6e580_0, 0;
T_15.25 ;
    %jmp T_15.17;
T_15.15 ;
    %fork TD_picorv32_axi.picorv32_core.empty_statement, S_0x100c709d0;
    %join;
    %fork TD_picorv32_axi.picorv32_core.empty_statement, S_0x100c709d0;
    %join;
    %load/vec4 v0x854e6e8a0_0;
    %flag_set/vec4 8;
    %jmp/0xz  T_15.30, 8;
    %pushi/vec4 0, 0, 1;
    %assign/vec4 v0x854e6e620_0, 0;
    %pushi/vec4 0, 0, 2;
    %assign/vec4 v0x854e6e580_0, 0;
T_15.30 ;
    %jmp T_15.17;
T_15.16 ;
    %fork TD_picorv32_axi.picorv32_core.empty_statement, S_0x100c709d0;
    %join;
    %fork TD_picorv32_axi.picorv32_core.empty_statement, S_0x100c709d0;
    %join;
    %load/vec4 v0x854e6d900_0;
    %flag_set/vec4 8;
    %jmp/0xz  T_15.32, 8;
    %pushi/vec4 0, 0, 2;
    %assign/vec4 v0x854e6e580_0, 0;
T_15.32 ;
    %jmp T_15.17;
T_15.17 ;
    %pop/vec4 1;
T_15.1 ;
    %load/vec4 v0x854e68640_0;
    %flag_set/vec4 8;
    %jmp/0xz  T_15.34, 8;
    %pushi/vec4 0, 0, 1;
    %assign/vec4 v0x854e6f8e0_0, 0;
T_15.34 ;
    %jmp T_15;
    .thread T_15;
    .scope S_0x100c7fdb0;
T_16 ;
    %wait E_0x8551a9240;
    %pushi/vec4 0, 0, 32; draw_string_vec4
    %pushi/vec4 0, 0, 32; draw_string_vec4
    %concat/vec4; draw_string_vec4
    %store/vec4 v0x854e6e940_0, 0, 64;
    %load/vec4 v0x854e6af80_0;
    %flag_set/vec4 8;
    %jmp/0xz  T_16.0, 8;
    %pushi/vec4 0, 0, 32; draw_string_vec4
    %pushi/vec4 7107945, 0, 32; draw_string_vec4
    %concat/vec4; draw_string_vec4
    %store/vec4 v0x854e6e940_0, 0, 64;
T_16.0 ;
    %load/vec4 v0x854e6a580_0;
    %flag_set/vec4 8;
    %jmp/0xz  T_16.2, 8;
    %pushi/vec4 97, 0, 32; draw_string_vec4
    %pushi/vec4 1969844323, 0, 32; draw_string_vec4
    %concat/vec4; draw_string_vec4
    %store/vec4 v0x854e6e940_0, 0, 64;
T_16.2 ;
    %load/vec4 v0x854e6abc0_0;
    %flag_set/vec4 8;
    %jmp/0xz  T_16.4, 8;
    %pushi/vec4 0, 0, 32; draw_string_vec4
    %pushi/vec4 6971756, 0, 32; draw_string_vec4
    %concat/vec4; draw_string_vec4
    %store/vec4 v0x854e6e940_0, 0, 64;
T_16.4 ;
    %load/vec4 v0x854e6ac60_0;
    %flag_set/vec4 8;
    %jmp/0xz  T_16.6, 8;
    %pushi/vec4 0, 0, 32; draw_string_vec4
    %pushi/vec4 1784769650, 0, 32; draw_string_vec4
    %concat/vec4; draw_string_vec4
    %store/vec4 v0x854e6e940_0, 0, 64;
T_16.6 ;
    %load/vec4 v0x854e6a620_0;
    %flag_set/vec4 8;
    %jmp/0xz  T_16.8, 8;
    %pushi/vec4 0, 0, 32; draw_string_vec4
    %pushi/vec4 6448497, 0, 32; draw_string_vec4
    %concat/vec4; draw_string_vec4
    %store/vec4 v0x854e6e940_0, 0, 64;
T_16.8 ;
    %load/vec4 v0x854e6a940_0;
    %flag_set/vec4 8;
    %jmp/0xz  T_16.10, 8;
    %pushi/vec4 0, 0, 32; draw_string_vec4
    %pushi/vec4 6450789, 0, 32; draw_string_vec4
    %concat/vec4; draw_string_vec4
    %store/vec4 v0x854e6e940_0, 0, 64;
T_16.10 ;
    %load/vec4 v0x854e6a800_0;
    %flag_set/vec4 8;
    %jmp/0xz  T_16.12, 8;
    %pushi/vec4 0, 0, 32; draw_string_vec4
    %pushi/vec4 6450292, 0, 32; draw_string_vec4
    %concat/vec4; draw_string_vec4
    %store/vec4 v0x854e6e940_0, 0, 64;
T_16.12 ;
    %load/vec4 v0x854e6a6c0_0;
    %flag_set/vec4 8;
    %jmp/0xz  T_16.14, 8;
    %pushi/vec4 0, 0, 32; draw_string_vec4
    %pushi/vec4 6448997, 0, 32; draw_string_vec4
    %concat/vec4; draw_string_vec4
    %store/vec4 v0x854e6e940_0, 0, 64;
T_16.14 ;
    %load/vec4 v0x854e6a8a0_0;
    %flag_set/vec4 8;
    %jmp/0xz  T_16.16, 8;
    %pushi/vec4 0, 0, 32; draw_string_vec4
    %pushi/vec4 1651274869, 0, 32; draw_string_vec4
    %concat/vec4; draw_string_vec4
    %store/vec4 v0x854e6e940_0, 0, 64;
T_16.16 ;
    %load/vec4 v0x854e6a760_0;
    %flag_set/vec4 8;
    %jmp/0xz  T_16.18, 8;
    %pushi/vec4 0, 0, 32; draw_string_vec4
    %pushi/vec4 1650943349, 0, 32; draw_string_vec4
    %concat/vec4; draw_string_vec4
    %store/vec4 v0x854e6e940_0, 0, 64;
T_16.18 ;
    %load/vec4 v0x854e6ad00_0;
    %flag_set/vec4 8;
    %jmp/0xz  T_16.20, 8;
    %pushi/vec4 0, 0, 32; draw_string_vec4
    %pushi/vec4 27746, 0, 32; draw_string_vec4
    %concat/vec4; draw_string_vec4
    %store/vec4 v0x854e6e940_0, 0, 64;
T_16.20 ;
    %load/vec4 v0x854e6ae40_0;
    %flag_set/vec4 8;
    %jmp/0xz  T_16.22, 8;
    %pushi/vec4 0, 0, 32; draw_string_vec4
    %pushi/vec4 27752, 0, 32; draw_string_vec4
    %concat/vec4; draw_string_vec4
    %store/vec4 v0x854e6e940_0, 0, 64;
T_16.22 ;
    %load/vec4 v0x854e6b020_0;
    %flag_set/vec4 8;
    %jmp/0xz  T_16.24, 8;
    %pushi/vec4 0, 0, 32; draw_string_vec4
    %pushi/vec4 27767, 0, 32; draw_string_vec4
    %concat/vec4; draw_string_vec4
    %store/vec4 v0x854e6e940_0, 0, 64;
T_16.24 ;
    %load/vec4 v0x854e6ada0_0;
    %flag_set/vec4 8;
    %jmp/0xz  T_16.26, 8;
    %pushi/vec4 0, 0, 32; draw_string_vec4
    %pushi/vec4 7103093, 0, 32; draw_string_vec4
    %concat/vec4; draw_string_vec4
    %store/vec4 v0x854e6e940_0, 0, 64;
T_16.26 ;
    %load/vec4 v0x854e6aee0_0;
    %flag_set/vec4 8;
    %jmp/0xz  T_16.28, 8;
    %pushi/vec4 0, 0, 32; draw_string_vec4
    %pushi/vec4 7104629, 0, 32; draw_string_vec4
    %concat/vec4; draw_string_vec4
    %store/vec4 v0x854e6e940_0, 0, 64;
T_16.28 ;
    %load/vec4 v0x854e6b5c0_0;
    %flag_set/vec4 8;
    %jmp/0xz  T_16.30, 8;
    %pushi/vec4 0, 0, 32; draw_string_vec4
    %pushi/vec4 29538, 0, 32; draw_string_vec4
    %concat/vec4; draw_string_vec4
    %store/vec4 v0x854e6e940_0, 0, 64;
T_16.30 ;
    %load/vec4 v0x854e6b700_0;
    %flag_set/vec4 8;
    %jmp/0xz  T_16.32, 8;
    %pushi/vec4 0, 0, 32; draw_string_vec4
    %pushi/vec4 29544, 0, 32; draw_string_vec4
    %concat/vec4; draw_string_vec4
    %store/vec4 v0x854e6e940_0, 0, 64;
T_16.32 ;
    %load/vec4 v0x854e6be80_0;
    %flag_set/vec4 8;
    %jmp/0xz  T_16.34, 8;
    %pushi/vec4 0, 0, 32; draw_string_vec4
    %pushi/vec4 29559, 0, 32; draw_string_vec4
    %concat/vec4; draw_string_vec4
    %store/vec4 v0x854e6e940_0, 0, 64;
T_16.34 ;
    %load/vec4 v0x854e6a3a0_0;
    %flag_set/vec4 8;
    %jmp/0xz  T_16.36, 8;
    %pushi/vec4 0, 0, 32; draw_string_vec4
    %pushi/vec4 1633969257, 0, 32; draw_string_vec4
    %concat/vec4; draw_string_vec4
    %store/vec4 v0x854e6e940_0, 0, 64;
T_16.36 ;
    %load/vec4 v0x854e6b980_0;
    %flag_set/vec4 8;
    %jmp/0xz  T_16.38, 8;
    %pushi/vec4 0, 0, 32; draw_string_vec4
    %pushi/vec4 1936487529, 0, 32; draw_string_vec4
    %concat/vec4; draw_string_vec4
    %store/vec4 v0x854e6e940_0, 0, 64;
T_16.38 ;
    %load/vec4 v0x854e6ba20_0;
    %flag_set/vec4 8;
    %jmp/0xz  T_16.40, 8;
    %pushi/vec4 115, 0, 32; draw_string_vec4
    %pushi/vec4 1819568501, 0, 32; draw_string_vec4
    %concat/vec4; draw_string_vec4
    %store/vec4 v0x854e6e940_0, 0, 64;
T_16.40 ;
    %load/vec4 v0x854e6c1e0_0;
    %flag_set/vec4 8;
    %jmp/0xz  T_16.42, 8;
    %pushi/vec4 0, 0, 32; draw_string_vec4
    %pushi/vec4 2020569705, 0, 32; draw_string_vec4
    %concat/vec4; draw_string_vec4
    %store/vec4 v0x854e6e940_0, 0, 64;
T_16.42 ;
    %load/vec4 v0x854e6b200_0;
    %flag_set/vec4 8;
    %jmp/0xz  T_16.44, 8;
    %pushi/vec4 0, 0, 32; draw_string_vec4
    %pushi/vec4 7303785, 0, 32; draw_string_vec4
    %concat/vec4; draw_string_vec4
    %store/vec4 v0x854e6e940_0, 0, 64;
T_16.44 ;
    %load/vec4 v0x854e6a4e0_0;
    %flag_set/vec4 8;
    %jmp/0xz  T_16.46, 8;
    %pushi/vec4 0, 0, 32; draw_string_vec4
    %pushi/vec4 1634624617, 0, 32; draw_string_vec4
    %concat/vec4; draw_string_vec4
    %store/vec4 v0x854e6e940_0, 0, 64;
T_16.46 ;
    %load/vec4 v0x854e6b840_0;
    %flag_set/vec4 8;
    %jmp/0xz  T_16.48, 8;
    %pushi/vec4 0, 0, 32; draw_string_vec4
    %pushi/vec4 1936485481, 0, 32; draw_string_vec4
    %concat/vec4; draw_string_vec4
    %store/vec4 v0x854e6e940_0, 0, 64;
T_16.48 ;
    %load/vec4 v0x854e6bd40_0;
    %flag_set/vec4 8;
    %jmp/0xz  T_16.50, 8;
    %pushi/vec4 0, 0, 32; draw_string_vec4
    %pushi/vec4 1936878697, 0, 32; draw_string_vec4
    %concat/vec4; draw_string_vec4
    %store/vec4 v0x854e6e940_0, 0, 64;
T_16.50 ;
    %load/vec4 v0x854e6bc00_0;
    %flag_set/vec4 8;
    %jmp/0xz  T_16.52, 8;
    %pushi/vec4 0, 0, 32; draw_string_vec4
    %pushi/vec4 1936875881, 0, 32; draw_string_vec4
    %concat/vec4; draw_string_vec4
    %store/vec4 v0x854e6e940_0, 0, 64;
T_16.52 ;
    %load/vec4 v0x854e6a300_0;
    %flag_set/vec4 8;
    %jmp/0xz  T_16.54, 8;
    %pushi/vec4 0, 0, 32; draw_string_vec4
    %pushi/vec4 6382692, 0, 32; draw_string_vec4
    %concat/vec4; draw_string_vec4
    %store/vec4 v0x854e6e940_0, 0, 64;
T_16.54 ;
    %load/vec4 v0x854e6bde0_0;
    %flag_set/vec4 8;
    %jmp/0xz  T_16.56, 8;
    %pushi/vec4 0, 0, 32; draw_string_vec4
    %pushi/vec4 7566690, 0, 32; draw_string_vec4
    %concat/vec4; draw_string_vec4
    %store/vec4 v0x854e6e940_0, 0, 64;
T_16.56 ;
    %load/vec4 v0x854e6b7a0_0;
    %flag_set/vec4 8;
    %jmp/0xz  T_16.58, 8;
    %pushi/vec4 0, 0, 32; draw_string_vec4
    %pushi/vec4 7564396, 0, 32; draw_string_vec4
    %concat/vec4; draw_string_vec4
    %store/vec4 v0x854e6e940_0, 0, 64;
T_16.58 ;
    %load/vec4 v0x854e6b8e0_0;
    %flag_set/vec4 8;
    %jmp/0xz  T_16.60, 8;
    %pushi/vec4 0, 0, 32; draw_string_vec4
    %pushi/vec4 7564404, 0, 32; draw_string_vec4
    %concat/vec4; draw_string_vec4
    %store/vec4 v0x854e6e940_0, 0, 64;
T_16.60 ;
    %load/vec4 v0x854e6bac0_0;
    %flag_set/vec4 8;
    %jmp/0xz  T_16.62, 8;
    %pushi/vec4 0, 0, 32; draw_string_vec4
    %pushi/vec4 1936487541, 0, 32; draw_string_vec4
    %concat/vec4; draw_string_vec4
    %store/vec4 v0x854e6e940_0, 0, 64;
T_16.62 ;
    %load/vec4 v0x854e6c140_0;
    %flag_set/vec4 8;
    %jmp/0xz  T_16.64, 8;
    %pushi/vec4 0, 0, 32; draw_string_vec4
    %pushi/vec4 7892850, 0, 32; draw_string_vec4
    %concat/vec4; draw_string_vec4
    %store/vec4 v0x854e6e940_0, 0, 64;
T_16.64 ;
    %load/vec4 v0x854e6bca0_0;
    %flag_set/vec4 8;
    %jmp/0xz  T_16.66, 8;
    %pushi/vec4 0, 0, 32; draw_string_vec4
    %pushi/vec4 7565932, 0, 32; draw_string_vec4
    %concat/vec4; draw_string_vec4
    %store/vec4 v0x854e6e940_0, 0, 64;
T_16.66 ;
    %load/vec4 v0x854e6bb60_0;
    %flag_set/vec4 8;
    %jmp/0xz  T_16.68, 8;
    %pushi/vec4 0, 0, 32; draw_string_vec4
    %pushi/vec4 7565921, 0, 32; draw_string_vec4
    %concat/vec4; draw_string_vec4
    %store/vec4 v0x854e6e940_0, 0, 64;
T_16.68 ;
    %load/vec4 v0x854e6b160_0;
    %flag_set/vec4 8;
    %jmp/0xz  T_16.70, 8;
    %pushi/vec4 0, 0, 32; draw_string_vec4
    %pushi/vec4 28530, 0, 32; draw_string_vec4
    %concat/vec4; draw_string_vec4
    %store/vec4 v0x854e6e940_0, 0, 64;
T_16.70 ;
    %load/vec4 v0x854e6a440_0;
    %flag_set/vec4 8;
    %jmp/0xz  T_16.72, 8;
    %pushi/vec4 0, 0, 32; draw_string_vec4
    %pushi/vec4 6385252, 0, 32; draw_string_vec4
    %concat/vec4; draw_string_vec4
    %store/vec4 v0x854e6e940_0, 0, 64;
T_16.72 ;
    %load/vec4 v0x854e6b2a0_0;
    %flag_set/vec4 8;
    %jmp/0xz  T_16.74, 8;
    %pushi/vec4 7496803, 0, 32; draw_string_vec4
    %pushi/vec4 2036558949, 0, 32; draw_string_vec4
    %concat/vec4; draw_string_vec4
    %store/vec4 v0x854e6e940_0, 0, 64;
T_16.74 ;
    %load/vec4 v0x854e6b340_0;
    %flag_set/vec4 8;
    %jmp/0xz  T_16.76, 8;
    %pushi/vec4 1919181689, 0, 32; draw_string_vec4
    %pushi/vec4 1668048232, 0, 32; draw_string_vec4
    %concat/vec4; draw_string_vec4
    %store/vec4 v0x854e6e940_0, 0, 64;
T_16.76 ;
    %load/vec4 v0x854e6b3e0_0;
    %flag_set/vec4 8;
    %jmp/0xz  T_16.78, 8;
    %pushi/vec4 7496809, 0, 32; draw_string_vec4
    %pushi/vec4 1853060210, 0, 32; draw_string_vec4
    %concat/vec4; draw_string_vec4
    %store/vec4 v0x854e6e940_0, 0, 64;
T_16.78 ;
    %load/vec4 v0x854e6b480_0;
    %flag_set/vec4 8;
    %jmp/0xz  T_16.80, 8;
    %pushi/vec4 1919183214, 0, 32; draw_string_vec4
    %pushi/vec4 1937011304, 0, 32; draw_string_vec4
    %concat/vec4; draw_string_vec4
    %store/vec4 v0x854e6e940_0, 0, 64;
T_16.80 ;
    %load/vec4 v0x854e6aa80_0;
    %flag_set/vec4 8;
    %jmp/0xz  T_16.82, 8;
    %pushi/vec4 102, 0, 32; draw_string_vec4
    %pushi/vec4 1701733221, 0, 32; draw_string_vec4
    %concat/vec4; draw_string_vec4
    %store/vec4 v0x854e6e940_0, 0, 64;
T_16.82 ;
    %load/vec4 v0x854e6ab20_0;
    %flag_set/vec4 8;
    %jmp/0xz  T_16.84, 8;
    %pushi/vec4 0, 0, 32; draw_string_vec4
    %pushi/vec4 1734702193, 0, 32; draw_string_vec4
    %concat/vec4; draw_string_vec4
    %store/vec4 v0x854e6e940_0, 0, 64;
T_16.84 ;
    %load/vec4 v0x854e6b660_0;
    %flag_set/vec4 8;
    %jmp/0xz  T_16.86, 8;
    %pushi/vec4 0, 0, 32; draw_string_vec4
    %pushi/vec4 1936028785, 0, 32; draw_string_vec4
    %concat/vec4; draw_string_vec4
    %store/vec4 v0x854e6e940_0, 0, 64;
T_16.86 ;
    %load/vec4 v0x854e6b520_0;
    %flag_set/vec4 8;
    %jmp/0xz  T_16.88, 8;
    %pushi/vec4 29285, 0, 32; draw_string_vec4
    %pushi/vec4 1953067633, 0, 32; draw_string_vec4
    %concat/vec4; draw_string_vec4
    %store/vec4 v0x854e6e940_0, 0, 64;
T_16.88 ;
    %load/vec4 v0x854e6b0c0_0;
    %flag_set/vec4 8;
    %jmp/0xz  T_16.90, 8;
    %pushi/vec4 7168371, 0, 32; draw_string_vec4
    %pushi/vec4 1802072689, 0, 32; draw_string_vec4
    %concat/vec4; draw_string_vec4
    %store/vec4 v0x854e6e940_0, 0, 64;
T_16.90 ;
    %load/vec4 v0x854e6c0a0_0;
    %flag_set/vec4 8;
    %jmp/0xz  T_16.92, 8;
    %pushi/vec4 7823721, 0, 32; draw_string_vec4
    %pushi/vec4 1953067633, 0, 32; draw_string_vec4
    %concat/vec4; draw_string_vec4
    %store/vec4 v0x854e6e940_0, 0, 64;
T_16.92 ;
    %load/vec4 v0x854e6bf20_0;
    %flag_set/vec4 8;
    %jmp/0xz  T_16.94, 8;
    %pushi/vec4 116, 0, 32; draw_string_vec4
    %pushi/vec4 1768777074, 0, 32; draw_string_vec4
    %concat/vec4; draw_string_vec4
    %store/vec4 v0x854e6e940_0, 0, 64;
T_16.94 ;
    %jmp T_16;
    .thread T_16, $push;
    .scope S_0x100c7fdb0;
T_17 ;
    %wait E_0x8551a9080;
    %load/vec4 v0x854e68e60_0;
    %assign/vec4 v0x854e6f980_0, 0;
    %load/vec4 v0x854e69040_0;
    %assign/vec4 v0x854e6fa20_0, 0;
    %load/vec4 v0x854e690e0_0;
    %assign/vec4 v0x854e6fac0_0, 0;
    %load/vec4 v0x854e69220_0;
    %assign/vec4 v0x854e6fc00_0, 0;
    %load/vec4 v0x854e692c0_0;
    %assign/vec4 v0x854e6fca0_0, 0;
    %load/vec4 v0x854e69180_0;
    %assign/vec4 v0x854e6fb60_0, 0;
    %load/vec4 v0x854e6d5e0_0;
    %assign/vec4 v0x854e697c0_0, 0;
    %load/vec4 v0x854e70140_0;
    %nor/r;
    %flag_set/vec4 8;
    %jmp/1 T_17.2, 8;
    %load/vec4 v0x854e705a0_0;
    %flag_set/vec4 9;
    %flag_or 8, 9;
T_17.2;
    %jmp/0xz  T_17.0, 8;
    %pushi/vec4 0, 0, 1;
    %assign/vec4 v0x854e69ae0_0, 0;
    %jmp T_17.1;
T_17.0 ;
    %load/vec4 v0x854e6d5e0_0;
    %flag_set/vec4 8;
    %jmp/0xz  T_17.3, 8;
    %pushi/vec4 1, 0, 1;
    %assign/vec4 v0x854e69ae0_0, 0;
T_17.3 ;
T_17.1 ;
    %load/vec4 v0x854e6a120_0;
    %flag_set/vec4 8;
    %jmp/0xz  T_17.5, 8;
    %load/vec4 v0x854e6e940_0;
    %assign/vec4 v0x854e68280_0, 0;
    %load/vec4 v0x854e69b80_0;
    %assign/vec4 v0x854e68320_0, 0;
    %load/vec4 v0x854e6e9e0_0;
    %parti/s 2, 0, 2;
    %and/r;
    %flag_set/vec4 8;
    %jmp/0xz  T_17.7, 8;
    %load/vec4 v0x854e6e9e0_0;
    %assign/vec4 v0x854e683c0_0, 0;
    %jmp T_17.8;
T_17.7 ;
    %pushi/vec4 0, 0, 16;
    %load/vec4 v0x854e6e9e0_0;
    %parti/s 16, 0, 2;
    %concat/vec4; draw_concat_vec4
    %assign/vec4 v0x854e683c0_0, 0;
T_17.8 ;
    %load/vec4 v0x854e69e00_0;
    %assign/vec4 v0x854e68500_0, 0;
    %load/vec4 v0x854e69ea0_0;
    %assign/vec4 v0x854e685a0_0, 0;
    %load/vec4 v0x854e69cc0_0;
    %assign/vec4 v0x854e68460_0, 0;
T_17.5 ;
    %load/vec4 v0x854e6d5e0_0;
    %flag_set/vec4 8;
    %jmp/0xz  T_17.9, 8;
    %load/vec4 v0x854e6eb20_0;
    %assign/vec4 v0x854e68fa0_0, 0;
T_17.9 ;
    %jmp T_17;
    .thread T_17;
    .scope S_0x100c7fdb0;
T_18 ;
    %wait E_0x8551a9200;
    %load/vec4 v0x854e6f980_0;
    %store/vec4 v0x854e68e60_0, 0, 64;
    %load/vec4 v0x854e6fa20_0;
    %store/vec4 v0x854e69040_0, 0, 32;
    %load/vec4 v0x854e6fac0_0;
    %store/vec4 v0x854e690e0_0, 0, 32;
    %load/vec4 v0x854e6fc00_0;
    %store/vec4 v0x854e69220_0, 0, 5;
    %load/vec4 v0x854e6fca0_0;
    %store/vec4 v0x854e692c0_0, 0, 5;
    %load/vec4 v0x854e6fb60_0;
    %store/vec4 v0x854e69180_0, 0, 5;
    %load/vec4 v0x854e697c0_0;
    %flag_set/vec4 8;
    %jmp/0xz  T_18.0, 8;
    %load/vec4 v0x854e69fe0_0;
    %flag_set/vec4 8;
    %jmp/0xz  T_18.2, 8;
    %load/vec4 v0x854e68280_0;
    %store/vec4 v0x854e68e60_0, 0, 64;
    %load/vec4 v0x854e68320_0;
    %store/vec4 v0x854e69040_0, 0, 32;
    %load/vec4 v0x854e683c0_0;
    %store/vec4 v0x854e690e0_0, 0, 32;
    %load/vec4 v0x854e68500_0;
    %store/vec4 v0x854e69220_0, 0, 5;
    %load/vec4 v0x854e685a0_0;
    %store/vec4 v0x854e692c0_0, 0, 5;
    %load/vec4 v0x854e68460_0;
    %store/vec4 v0x854e69180_0, 0, 5;
    %jmp T_18.3;
T_18.2 ;
    %load/vec4 v0x854e6e940_0;
    %store/vec4 v0x854e68e60_0, 0, 64;
    %load/vec4 v0x854e6e9e0_0;
    %parti/s 2, 0, 2;
    %and/r;
    %flag_set/vec4 8;
    %jmp/0xz  T_18.4, 8;
    %load/vec4 v0x854e6e9e0_0;
    %store/vec4 v0x854e690e0_0, 0, 32;
    %jmp T_18.5;
T_18.4 ;
    %pushi/vec4 0, 0, 16;
    %load/vec4 v0x854e6e9e0_0;
    %parti/s 16, 0, 2;
    %concat/vec4; draw_concat_vec4
    %store/vec4 v0x854e690e0_0, 0, 32;
T_18.5 ;
    %load/vec4 v0x854e69b80_0;
    %store/vec4 v0x854e69040_0, 0, 32;
    %load/vec4 v0x854e69e00_0;
    %store/vec4 v0x854e69220_0, 0, 5;
    %load/vec4 v0x854e69ea0_0;
    %store/vec4 v0x854e692c0_0, 0, 5;
    %load/vec4 v0x854e69cc0_0;
    %store/vec4 v0x854e69180_0, 0, 5;
T_18.3 ;
T_18.0 ;
    %jmp T_18;
    .thread T_18, $push;
    .scope S_0x100c7fdb0;
T_19 ;
    %wait E_0x8551a9080;
    %load/vec4 v0x854e6af80_0;
    %load/vec4 v0x854e6a580_0;
    %concat/vec4; draw_concat_vec4
    %load/vec4 v0x854e6abc0_0;
    %concat/vec4; draw_concat_vec4
    %or/r;
    %assign/vec4 v0x854e6caa0_0, 0;
    %load/vec4 v0x854e6af80_0;
    %load/vec4 v0x854e6a580_0;
    %concat/vec4; draw_concat_vec4
    %load/vec4 v0x854e6abc0_0;
    %concat/vec4; draw_concat_vec4
    %load/vec4 v0x854e6ac60_0;
    %concat/vec4; draw_concat_vec4
    %load/vec4 v0x854e6a3a0_0;
    %concat/vec4; draw_concat_vec4
    %load/vec4 v0x854e6a300_0;
    %concat/vec4; draw_concat_vec4
    %load/vec4 v0x854e6bde0_0;
    %concat/vec4; draw_concat_vec4
    %or/r;
    %assign/vec4 v0x854e6cb40_0, 0;
    %load/vec4 v0x854e6b980_0;
    %load/vec4 v0x854e6a800_0;
    %concat/vec4; draw_concat_vec4
    %load/vec4 v0x854e6b8e0_0;
    %concat/vec4; draw_concat_vec4
    %or/r;
    %assign/vec4 v0x854e6ce60_0, 0;
    %load/vec4 v0x854e6ba20_0;
    %load/vec4 v0x854e6a8a0_0;
    %concat/vec4; draw_concat_vec4
    %load/vec4 v0x854e6bac0_0;
    %concat/vec4; draw_concat_vec4
    %or/r;
    %assign/vec4 v0x854e6cf00_0, 0;
    %load/vec4 v0x854e6ada0_0;
    %load/vec4 v0x854e6aee0_0;
    %concat/vec4; draw_concat_vec4
    %load/vec4 v0x854e6b020_0;
    %concat/vec4; draw_concat_vec4
    %or/r;
    %assign/vec4 v0x854e6ca00_0, 0;
    %load/vec4 v0x854e6c780_0;
    %load/vec4 v0x854e6b980_0;
    %concat/vec4; draw_concat_vec4
    %load/vec4 v0x854e6b8e0_0;
    %concat/vec4; draw_concat_vec4
    %load/vec4 v0x854e6ba20_0;
    %concat/vec4; draw_concat_vec4
    %load/vec4 v0x854e6bac0_0;
    %concat/vec4; draw_concat_vec4
    %or/r;
    %assign/vec4 v0x854e6c820_0, 0;
    %load/vec4 v0x854e6d900_0;
    %flag_set/vec4 9;
    %flag_get/vec4 9;
    %jmp/0 T_19.2, 9;
    %load/vec4 v0x854e6da40_0;
    %and;
T_19.2;
    %flag_set/vec4 8;
    %jmp/0xz  T_19.0, 8;
    %load/vec4 v0x854e6e260_0;
    %parti/s 7, 0, 2;
    %pushi/vec4 55, 0, 7;
    %cmp/e;
    %flag_get/vec4 4;
    %assign/vec4 v0x854e6af80_0, 0;
    %load/vec4 v0x854e6e260_0;
    %parti/s 7, 0, 2;
    %pushi/vec4 23, 0, 7;
    %cmp/e;
    %flag_get/vec4 4;
    %assign/vec4 v0x854e6a580_0, 0;
    %load/vec4 v0x854e6e260_0;
    %parti/s 7, 0, 2;
    %pushi/vec4 111, 0, 7;
    %cmp/e;
    %flag_get/vec4 4;
    %assign/vec4 v0x854e6abc0_0, 0;
    %load/vec4 v0x854e6e260_0;
    %parti/s 7, 0, 2;
    %cmpi/e 103, 0, 7;
    %flag_get/vec4 4;
    %jmp/0 T_19.3, 4;
    %load/vec4 v0x854e6e260_0;
    %parti/s 3, 12, 5;
    %pushi/vec4 0, 0, 3;
    %cmp/e;
    %flag_get/vec4 4;
    %and;
T_19.3;
    %assign/vec4 v0x854e6ac60_0, 0;
    %load/vec4 v0x854e6e260_0;
    %parti/s 7, 0, 2;
    %cmpi/e 11, 0, 7;
    %flag_get/vec4 4;
    %jmp/0 T_19.5, 4;
    %load/vec4 v0x854e6e260_0;
    %parti/s 7, 25, 6;
    %pushi/vec4 2, 0, 7;
    %cmp/e;
    %flag_get/vec4 4;
    %and;
T_19.5;
    %flag_set/vec4 8;
    %flag_get/vec4 8;
    %jmp/0 T_19.4, 8;
    %pushi/vec4 0, 0, 1;
    %and;
T_19.4;
    %assign/vec4 v0x854e6b520_0, 0;
    %load/vec4 v0x854e6e260_0;
    %parti/s 7, 0, 2;
    %cmpi/e 11, 0, 7;
    %flag_get/vec4 4;
    %jmp/0 T_19.7, 4;
    %load/vec4 v0x854e6e260_0;
    %parti/s 7, 25, 6;
    %pushi/vec4 4, 0, 7;
    %cmp/e;
    %flag_get/vec4 4;
    %and;
T_19.7;
    %flag_set/vec4 8;
    %flag_get/vec4 8;
    %jmp/0 T_19.6, 8;
    %pushi/vec4 0, 0, 1;
    %and;
T_19.6;
    %assign/vec4 v0x854e6c0a0_0, 0;
    %load/vec4 v0x854e6e260_0;
    %parti/s 7, 0, 2;
    %pushi/vec4 99, 0, 7;
    %cmp/e;
    %flag_get/vec4 4;
    %assign/vec4 v0x854e6c780_0, 0;
    %load/vec4 v0x854e6e260_0;
    %parti/s 7, 0, 2;
    %pushi/vec4 3, 0, 7;
    %cmp/e;
    %flag_get/vec4 4;
    %assign/vec4 v0x854e6c960_0, 0;
    %load/vec4 v0x854e6e260_0;
    %parti/s 7, 0, 2;
    %pushi/vec4 35, 0, 7;
    %cmp/e;
    %flag_get/vec4 4;
    %assign/vec4 v0x854e6cc80_0, 0;
    %load/vec4 v0x854e6e260_0;
    %parti/s 7, 0, 2;
    %pushi/vec4 19, 0, 7;
    %cmp/e;
    %flag_get/vec4 4;
    %assign/vec4 v0x854e6c640_0, 0;
    %load/vec4 v0x854e6e260_0;
    %parti/s 7, 0, 2;
    %pushi/vec4 51, 0, 7;
    %cmp/e;
    %flag_get/vec4 4;
    %assign/vec4 v0x854e6c6e0_0, 0;
    %load/vec4 v0x854e6e260_0;
    %parti/s 20, 12, 5;
    %concati/vec4 0, 0, 1;
    %pad/s 32;
    %split/vec4 1;
    %ix/load 5, 0, 0;
    %ix/load 4, 0, 0;
    %flag_set/imm 4, 0;
    %assign/vec4/off/d v0x854e69c20_0, 4, 5;
    %split/vec4 8;
    %ix/load 5, 0, 0;
    %ix/load 4, 12, 0;
    %flag_set/imm 4, 0;
    %assign/vec4/off/d v0x854e69c20_0, 4, 5;
    %split/vec4 1;
    %ix/load 5, 0, 0;
    %ix/load 4, 11, 0;
    %flag_set/imm 4, 0;
    %assign/vec4/off/d v0x854e69c20_0, 4, 5;
    %split/vec4 10;
    %ix/load 5, 0, 0;
    %ix/load 4, 1, 0;
    %flag_set/imm 4, 0;
    %assign/vec4/off/d v0x854e69c20_0, 4, 5;
    %ix/load 5, 0, 0;
    %ix/load 4, 20, 0;
    %flag_set/imm 4, 0;
    %assign/vec4/off/d v0x854e69c20_0, 4, 5;
    %load/vec4 v0x854e6e260_0;
    %parti/s 5, 7, 4;
    %assign/vec4 v0x854e69cc0_0, 0;
    %load/vec4 v0x854e6e260_0;
    %parti/s 5, 15, 5;
    %assign/vec4 v0x854e69e00_0, 0;
    %load/vec4 v0x854e6e260_0;
    %parti/s 5, 20, 6;
    %assign/vec4 v0x854e69ea0_0, 0;
    %load/vec4 v0x854e6e260_0;
    %parti/s 7, 0, 2;
    %cmpi/e 11, 0, 7;
    %flag_get/vec4 4;
    %jmp/0 T_19.12, 4;
    %load/vec4 v0x854e6e260_0;
    %parti/s 7, 25, 6;
    %pushi/vec4 0, 0, 7;
    %cmp/e;
    %flag_get/vec4 4;
    %and;
T_19.12;
    %flag_set/vec4 10;
    %flag_get/vec4 10;
    %jmp/0 T_19.11, 10;
    %pushi/vec4 0, 0, 1;
    %and;
T_19.11;
    %flag_set/vec4 9;
    %flag_get/vec4 9;
    %jmp/0 T_19.10, 9;
    %pushi/vec4 1, 0, 1;
    %and;
T_19.10;
    %flag_set/vec4 8;
    %jmp/0xz  T_19.8, 8;
    %pushi/vec4 1, 0, 1;
    %ix/load 5, 0, 0;
    %ix/load 4, 4, 0;
    %flag_set/imm 4, 0;
    %assign/vec4/off/d v0x854e69e00_0, 4, 5;
T_19.8 ;
    %load/vec4 v0x854e6e260_0;
    %parti/s 7, 0, 2;
    %cmpi/e 11, 0, 7;
    %flag_get/vec4 4;
    %jmp/0 T_19.16, 4;
    %load/vec4 v0x854e6e260_0;
    %parti/s 7, 25, 6;
    %pushi/vec4 2, 0, 7;
    %cmp/e;
    %flag_get/vec4 4;
    %and;
T_19.16;
    %flag_set/vec4 9;
    %flag_get/vec4 9;
    %jmp/0 T_19.15, 9;
    %pushi/vec4 0, 0, 1;
    %and;
T_19.15;
    %flag_set/vec4 8;
    %jmp/0xz  T_19.13, 8;
    %pushi/vec4 0, 0, 5;
    %assign/vec4 v0x854e69e00_0, 0;
T_19.13 ;
    %pushi/vec4 0, 0, 1;
    %assign/vec4 v0x854e68820_0, 0;
T_19.0 ;
    %load/vec4 v0x854e6a080_0;
    %flag_set/vec4 9;
    %flag_get/vec4 9;
    %jmp/0 T_19.19, 9;
    %load/vec4 v0x854e69f40_0;
    %nor/r;
    %and;
T_19.19;
    %flag_set/vec4 8;
    %jmp/0xz  T_19.17, 8;
    %pushi/vec4 4294967295, 4294967295, 32;
    %assign/vec4 v0x854e6ee40_0, 0;
    %load/vec4 v0x854e6c780_0;
    %flag_set/vec4 8;
    %flag_get/vec4 8;
    %jmp/0 T_19.20, 8;
    %load/vec4 v0x854e6e3a0_0;
    %parti/s 3, 12, 5;
    %pushi/vec4 0, 0, 3;
    %cmp/e;
    %flag_get/vec4 4;
    %and;
T_19.20;
    %assign/vec4 v0x854e6a620_0, 0;
    %load/vec4 v0x854e6c780_0;
    %flag_set/vec4 8;
    %flag_get/vec4 8;
    %jmp/0 T_19.21, 8;
    %load/vec4 v0x854e6e3a0_0;
    %parti/s 3, 12, 5;
    %pushi/vec4 1, 0, 3;
    %cmp/e;
    %flag_get/vec4 4;
    %and;
T_19.21;
    %assign/vec4 v0x854e6a940_0, 0;
    %load/vec4 v0x854e6c780_0;
    %flag_set/vec4 8;
    %flag_get/vec4 8;
    %jmp/0 T_19.22, 8;
    %load/vec4 v0x854e6e3a0_0;
    %parti/s 3, 12, 5;
    %pushi/vec4 4, 0, 3;
    %cmp/e;
    %flag_get/vec4 4;
    %and;
T_19.22;
    %assign/vec4 v0x854e6a800_0, 0;
    %load/vec4 v0x854e6c780_0;
    %flag_set/vec4 8;
    %flag_get/vec4 8;
    %jmp/0 T_19.23, 8;
    %load/vec4 v0x854e6e3a0_0;
    %parti/s 3, 12, 5;
    %pushi/vec4 5, 0, 3;
    %cmp/e;
    %flag_get/vec4 4;
    %and;
T_19.23;
    %assign/vec4 v0x854e6a6c0_0, 0;
    %load/vec4 v0x854e6c780_0;
    %flag_set/vec4 8;
    %flag_get/vec4 8;
    %jmp/0 T_19.24, 8;
    %load/vec4 v0x854e6e3a0_0;
    %parti/s 3, 12, 5;
    %pushi/vec4 6, 0, 3;
    %cmp/e;
    %flag_get/vec4 4;
    %and;
T_19.24;
    %assign/vec4 v0x854e6a8a0_0, 0;
    %load/vec4 v0x854e6c780_0;
    %flag_set/vec4 8;
    %flag_get/vec4 8;
    %jmp/0 T_19.25, 8;
    %load/vec4 v0x854e6e3a0_0;
    %parti/s 3, 12, 5;
    %pushi/vec4 7, 0, 3;
    %cmp/e;
    %flag_get/vec4 4;
    %and;
T_19.25;
    %assign/vec4 v0x854e6a760_0, 0;
    %load/vec4 v0x854e6c960_0;
    %flag_set/vec4 8;
    %flag_get/vec4 8;
    %jmp/0 T_19.26, 8;
    %load/vec4 v0x854e6e3a0_0;
    %parti/s 3, 12, 5;
    %pushi/vec4 0, 0, 3;
    %cmp/e;
    %flag_get/vec4 4;
    %and;
T_19.26;
    %assign/vec4 v0x854e6ad00_0, 0;
    %load/vec4 v0x854e6c960_0;
    %flag_set/vec4 8;
    %flag_get/vec4 8;
    %jmp/0 T_19.27, 8;
    %load/vec4 v0x854e6e3a0_0;
    %parti/s 3, 12, 5;
    %pushi/vec4 1, 0, 3;
    %cmp/e;
    %flag_get/vec4 4;
    %and;
T_19.27;
    %assign/vec4 v0x854e6ae40_0, 0;
    %load/vec4 v0x854e6c960_0;
    %flag_set/vec4 8;
    %flag_get/vec4 8;
    %jmp/0 T_19.28, 8;
    %load/vec4 v0x854e6e3a0_0;
    %parti/s 3, 12, 5;
    %pushi/vec4 2, 0, 3;
    %cmp/e;
    %flag_get/vec4 4;
    %and;
T_19.28;
    %assign/vec4 v0x854e6b020_0, 0;
    %load/vec4 v0x854e6c960_0;
    %flag_set/vec4 8;
    %flag_get/vec4 8;
    %jmp/0 T_19.29, 8;
    %load/vec4 v0x854e6e3a0_0;
    %parti/s 3, 12, 5;
    %pushi/vec4 4, 0, 3;
    %cmp/e;
    %flag_get/vec4 4;
    %and;
T_19.29;
    %assign/vec4 v0x854e6ada0_0, 0;
    %load/vec4 v0x854e6c960_0;
    %flag_set/vec4 8;
    %flag_get/vec4 8;
    %jmp/0 T_19.30, 8;
    %load/vec4 v0x854e6e3a0_0;
    %parti/s 3, 12, 5;
    %pushi/vec4 5, 0, 3;
    %cmp/e;
    %flag_get/vec4 4;
    %and;
T_19.30;
    %assign/vec4 v0x854e6aee0_0, 0;
    %load/vec4 v0x854e6cc80_0;
    %flag_set/vec4 8;
    %flag_get/vec4 8;
    %jmp/0 T_19.31, 8;
    %load/vec4 v0x854e6e3a0_0;
    %parti/s 3, 12, 5;
    %pushi/vec4 0, 0, 3;
    %cmp/e;
    %flag_get/vec4 4;
    %and;
T_19.31;
    %assign/vec4 v0x854e6b5c0_0, 0;
    %load/vec4 v0x854e6cc80_0;
    %flag_set/vec4 8;
    %flag_get/vec4 8;
    %jmp/0 T_19.32, 8;
    %load/vec4 v0x854e6e3a0_0;
    %parti/s 3, 12, 5;
    %pushi/vec4 1, 0, 3;
    %cmp/e;
    %flag_get/vec4 4;
    %and;
T_19.32;
    %assign/vec4 v0x854e6b700_0, 0;
    %load/vec4 v0x854e6cc80_0;
    %flag_set/vec4 8;
    %flag_get/vec4 8;
    %jmp/0 T_19.33, 8;
    %load/vec4 v0x854e6e3a0_0;
    %parti/s 3, 12, 5;
    %pushi/vec4 2, 0, 3;
    %cmp/e;
    %flag_get/vec4 4;
    %and;
T_19.33;
    %assign/vec4 v0x854e6be80_0, 0;
    %load/vec4 v0x854e6c640_0;
    %flag_set/vec4 8;
    %flag_get/vec4 8;
    %jmp/0 T_19.34, 8;
    %load/vec4 v0x854e6e3a0_0;
    %parti/s 3, 12, 5;
    %pushi/vec4 0, 0, 3;
    %cmp/e;
    %flag_get/vec4 4;
    %and;
T_19.34;
    %assign/vec4 v0x854e6a3a0_0, 0;
    %load/vec4 v0x854e6c640_0;
    %flag_set/vec4 8;
    %flag_get/vec4 8;
    %jmp/0 T_19.35, 8;
    %load/vec4 v0x854e6e3a0_0;
    %parti/s 3, 12, 5;
    %pushi/vec4 2, 0, 3;
    %cmp/e;
    %flag_get/vec4 4;
    %and;
T_19.35;
    %assign/vec4 v0x854e6b980_0, 0;
    %load/vec4 v0x854e6c640_0;
    %flag_set/vec4 8;
    %flag_get/vec4 8;
    %jmp/0 T_19.36, 8;
    %load/vec4 v0x854e6e3a0_0;
    %parti/s 3, 12, 5;
    %pushi/vec4 3, 0, 3;
    %cmp/e;
    %flag_get/vec4 4;
    %and;
T_19.36;
    %assign/vec4 v0x854e6ba20_0, 0;
    %load/vec4 v0x854e6c640_0;
    %flag_set/vec4 8;
    %flag_get/vec4 8;
    %jmp/0 T_19.37, 8;
    %load/vec4 v0x854e6e3a0_0;
    %parti/s 3, 12, 5;
    %pushi/vec4 4, 0, 3;
    %cmp/e;
    %flag_get/vec4 4;
    %and;
T_19.37;
    %assign/vec4 v0x854e6c1e0_0, 0;
    %load/vec4 v0x854e6c640_0;
    %flag_set/vec4 8;
    %flag_get/vec4 8;
    %jmp/0 T_19.38, 8;
    %load/vec4 v0x854e6e3a0_0;
    %parti/s 3, 12, 5;
    %pushi/vec4 6, 0, 3;
    %cmp/e;
    %flag_get/vec4 4;
    %and;
T_19.38;
    %assign/vec4 v0x854e6b200_0, 0;
    %load/vec4 v0x854e6c640_0;
    %flag_set/vec4 8;
    %flag_get/vec4 8;
    %jmp/0 T_19.39, 8;
    %load/vec4 v0x854e6e3a0_0;
    %parti/s 3, 12, 5;
    %pushi/vec4 7, 0, 3;
    %cmp/e;
    %flag_get/vec4 4;
    %and;
T_19.39;
    %assign/vec4 v0x854e6a4e0_0, 0;
    %load/vec4 v0x854e6c640_0;
    %flag_set/vec4 9;
    %flag_get/vec4 9;
    %jmp/0 T_19.41, 9;
    %load/vec4 v0x854e6e3a0_0;
    %parti/s 3, 12, 5;
    %pushi/vec4 1, 0, 3;
    %cmp/e;
    %flag_get/vec4 4;
    %and;
T_19.41;
    %flag_set/vec4 8;
    %flag_get/vec4 8;
    %jmp/0 T_19.40, 8;
    %load/vec4 v0x854e6e3a0_0;
    %parti/s 7, 25, 6;
    %pushi/vec4 0, 0, 7;
    %cmp/e;
    %flag_get/vec4 4;
    %and;
T_19.40;
    %assign/vec4 v0x854e6b840_0, 0;
    %load/vec4 v0x854e6c640_0;
    %flag_set/vec4 9;
    %flag_get/vec4 9;
    %jmp/0 T_19.43, 9;
    %load/vec4 v0x854e6e3a0_0;
    %parti/s 3, 12, 5;
    %pushi/vec4 5, 0, 3;
    %cmp/e;
    %flag_get/vec4 4;
    %and;
T_19.43;
    %flag_set/vec4 8;
    %flag_get/vec4 8;
    %jmp/0 T_19.42, 8;
    %load/vec4 v0x854e6e3a0_0;
    %parti/s 7, 25, 6;
    %pushi/vec4 0, 0, 7;
    %cmp/e;
    %flag_get/vec4 4;
    %and;
T_19.42;
    %assign/vec4 v0x854e6bd40_0, 0;
    %load/vec4 v0x854e6c640_0;
    %flag_set/vec4 9;
    %flag_get/vec4 9;
    %jmp/0 T_19.45, 9;
    %load/vec4 v0x854e6e3a0_0;
    %parti/s 3, 12, 5;
    %pushi/vec4 5, 0, 3;
    %cmp/e;
    %flag_get/vec4 4;
    %and;
T_19.45;
    %flag_set/vec4 8;
    %flag_get/vec4 8;
    %jmp/0 T_19.44, 8;
    %load/vec4 v0x854e6e3a0_0;
    %parti/s 7, 25, 6;
    %pushi/vec4 32, 0, 7;
    %cmp/e;
    %flag_get/vec4 4;
    %and;
T_19.44;
    %assign/vec4 v0x854e6bc00_0, 0;
    %load/vec4 v0x854e6c6e0_0;
    %flag_set/vec4 9;
    %flag_get/vec4 9;
    %jmp/0 T_19.47, 9;
    %load/vec4 v0x854e6e3a0_0;
    %parti/s 3, 12, 5;
    %pushi/vec4 0, 0, 3;
    %cmp/e;
    %flag_get/vec4 4;
    %and;
T_19.47;
    %flag_set/vec4 8;
    %flag_get/vec4 8;
    %jmp/0 T_19.46, 8;
    %load/vec4 v0x854e6e3a0_0;
    %parti/s 7, 25, 6;
    %pushi/vec4 0, 0, 7;
    %cmp/e;
    %flag_get/vec4 4;
    %and;
T_19.46;
    %assign/vec4 v0x854e6a300_0, 0;
    %load/vec4 v0x854e6c6e0_0;
    %flag_set/vec4 9;
    %flag_get/vec4 9;
    %jmp/0 T_19.49, 9;
    %load/vec4 v0x854e6e3a0_0;
    %parti/s 3, 12, 5;
    %pushi/vec4 0, 0, 3;
    %cmp/e;
    %flag_get/vec4 4;
    %and;
T_19.49;
    %flag_set/vec4 8;
    %flag_get/vec4 8;
    %jmp/0 T_19.48, 8;
    %load/vec4 v0x854e6e3a0_0;
    %parti/s 7, 25, 6;
    %pushi/vec4 32, 0, 7;
    %cmp/e;
    %flag_get/vec4 4;
    %and;
T_19.48;
    %assign/vec4 v0x854e6bde0_0, 0;
    %load/vec4 v0x854e6c6e0_0;
    %flag_set/vec4 9;
    %flag_get/vec4 9;
    %jmp/0 T_19.51, 9;
    %load/vec4 v0x854e6e3a0_0;
    %parti/s 3, 12, 5;
    %pushi/vec4 1, 0, 3;
    %cmp/e;
    %flag_get/vec4 4;
    %and;
T_19.51;
    %flag_set/vec4 8;
    %flag_get/vec4 8;
    %jmp/0 T_19.50, 8;
    %load/vec4 v0x854e6e3a0_0;
    %parti/s 7, 25, 6;
    %pushi/vec4 0, 0, 7;
    %cmp/e;
    %flag_get/vec4 4;
    %and;
T_19.50;
    %assign/vec4 v0x854e6b7a0_0, 0;
    %load/vec4 v0x854e6c6e0_0;
    %flag_set/vec4 9;
    %flag_get/vec4 9;
    %jmp/0 T_19.53, 9;
    %load/vec4 v0x854e6e3a0_0;
    %parti/s 3, 12, 5;
    %pushi/vec4 2, 0, 3;
    %cmp/e;
    %flag_get/vec4 4;
    %and;
T_19.53;
    %flag_set/vec4 8;
    %flag_get/vec4 8;
    %jmp/0 T_19.52, 8;
    %load/vec4 v0x854e6e3a0_0;
    %parti/s 7, 25, 6;
    %pushi/vec4 0, 0, 7;
    %cmp/e;
    %flag_get/vec4 4;
    %and;
T_19.52;
    %assign/vec4 v0x854e6b8e0_0, 0;
    %load/vec4 v0x854e6c6e0_0;
    %flag_set/vec4 9;
    %flag_get/vec4 9;
    %jmp/0 T_19.55, 9;
    %load/vec4 v0x854e6e3a0_0;
    %parti/s 3, 12, 5;
    %pushi/vec4 3, 0, 3;
    %cmp/e;
    %flag_get/vec4 4;
    %and;
T_19.55;
    %flag_set/vec4 8;
    %flag_get/vec4 8;
    %jmp/0 T_19.54, 8;
    %load/vec4 v0x854e6e3a0_0;
    %parti/s 7, 25, 6;
    %pushi/vec4 0, 0, 7;
    %cmp/e;
    %flag_get/vec4 4;
    %and;
T_19.54;
    %assign/vec4 v0x854e6bac0_0, 0;
    %load/vec4 v0x854e6c6e0_0;
    %flag_set/vec4 9;
    %flag_get/vec4 9;
    %jmp/0 T_19.57, 9;
    %load/vec4 v0x854e6e3a0_0;
    %parti/s 3, 12, 5;
    %pushi/vec4 4, 0, 3;
    %cmp/e;
    %flag_get/vec4 4;
    %and;
T_19.57;
    %flag_set/vec4 8;
    %flag_get/vec4 8;
    %jmp/0 T_19.56, 8;
    %load/vec4 v0x854e6e3a0_0;
    %parti/s 7, 25, 6;
    %pushi/vec4 0, 0, 7;
    %cmp/e;
    %flag_get/vec4 4;
    %and;
T_19.56;
    %assign/vec4 v0x854e6c140_0, 0;
    %load/vec4 v0x854e6c6e0_0;
    %flag_set/vec4 9;
    %flag_get/vec4 9;
    %jmp/0 T_19.59, 9;
    %load/vec4 v0x854e6e3a0_0;
    %parti/s 3, 12, 5;
    %pushi/vec4 5, 0, 3;
    %cmp/e;
    %flag_get/vec4 4;
    %and;
T_19.59;
    %flag_set/vec4 8;
    %flag_get/vec4 8;
    %jmp/0 T_19.58, 8;
    %load/vec4 v0x854e6e3a0_0;
    %parti/s 7, 25, 6;
    %pushi/vec4 0, 0, 7;
    %cmp/e;
    %flag_get/vec4 4;
    %and;
T_19.58;
    %assign/vec4 v0x854e6bca0_0, 0;
    %load/vec4 v0x854e6c6e0_0;
    %flag_set/vec4 9;
    %flag_get/vec4 9;
    %jmp/0 T_19.61, 9;
    %load/vec4 v0x854e6e3a0_0;
    %parti/s 3, 12, 5;
    %pushi/vec4 5, 0, 3;
    %cmp/e;
    %flag_get/vec4 4;
    %and;
T_19.61;
    %flag_set/vec4 8;
    %flag_get/vec4 8;
    %jmp/0 T_19.60, 8;
    %load/vec4 v0x854e6e3a0_0;
    %parti/s 7, 25, 6;
    %pushi/vec4 32, 0, 7;
    %cmp/e;
    %flag_get/vec4 4;
    %and;
T_19.60;
    %assign/vec4 v0x854e6bb60_0, 0;
    %load/vec4 v0x854e6c6e0_0;
    %flag_set/vec4 9;
    %flag_get/vec4 9;
    %jmp/0 T_19.63, 9;
    %load/vec4 v0x854e6e3a0_0;
    %parti/s 3, 12, 5;
    %pushi/vec4 6, 0, 3;
    %cmp/e;
    %flag_get/vec4 4;
    %and;
T_19.63;
    %flag_set/vec4 8;
    %flag_get/vec4 8;
    %jmp/0 T_19.62, 8;
    %load/vec4 v0x854e6e3a0_0;
    %parti/s 7, 25, 6;
    %pushi/vec4 0, 0, 7;
    %cmp/e;
    %flag_get/vec4 4;
    %and;
T_19.62;
    %assign/vec4 v0x854e6b160_0, 0;
    %load/vec4 v0x854e6c6e0_0;
    %flag_set/vec4 9;
    %flag_get/vec4 9;
    %jmp/0 T_19.65, 9;
    %load/vec4 v0x854e6e3a0_0;
    %parti/s 3, 12, 5;
    %pushi/vec4 7, 0, 3;
    %cmp/e;
    %flag_get/vec4 4;
    %and;
T_19.65;
    %flag_set/vec4 8;
    %flag_get/vec4 8;
    %jmp/0 T_19.64, 8;
    %load/vec4 v0x854e6e3a0_0;
    %parti/s 7, 25, 6;
    %pushi/vec4 0, 0, 7;
    %cmp/e;
    %flag_get/vec4 4;
    %and;
T_19.64;
    %assign/vec4 v0x854e6a440_0, 0;
    %load/vec4 v0x854e6e3a0_0;
    %parti/s 7, 0, 2;
    %cmpi/e 115, 0, 7;
    %flag_get/vec4 4;
    %jmp/0 T_19.68, 4;
    %load/vec4 v0x854e6e3a0_0;
    %parti/s 20, 12, 5;
    %pad/u 32;
    %pushi/vec4 786434, 0, 32;
    %cmp/e;
    %flag_get/vec4 4;
    %and;
T_19.68;
    %flag_set/vec4 8;
    %jmp/1 T_19.67, 8;
    %load/vec4 v0x854e6e3a0_0;
    %parti/s 7, 0, 2;
    %cmpi/e 115, 0, 7;
    %flag_get/vec4 4;
    %jmp/0 T_19.69, 4;
    %load/vec4 v0x854e6e3a0_0;
    %parti/s 20, 12, 5;
    %pad/u 32;
    %pushi/vec4 786690, 0, 32;
    %cmp/e;
    %flag_get/vec4 4;
    %and;
T_19.69;
    %flag_set/vec4 9;
    %flag_or 8, 9;
T_19.67;
    %flag_get/vec4 8;
    %jmp/0 T_19.66, 8;
    %pushi/vec4 1, 0, 1;
    %and;
T_19.66;
    %assign/vec4 v0x854e6b2a0_0, 0;
    %load/vec4 v0x854e6e3a0_0;
    %parti/s 7, 0, 2;
    %cmpi/e 115, 0, 7;
    %flag_get/vec4 4;
    %jmp/0 T_19.73, 4;
    %load/vec4 v0x854e6e3a0_0;
    %parti/s 20, 12, 5;
    %pad/u 32;
    %pushi/vec4 819202, 0, 32;
    %cmp/e;
    %flag_get/vec4 4;
    %and;
T_19.73;
    %flag_set/vec4 9;
    %jmp/1 T_19.72, 9;
    %load/vec4 v0x854e6e3a0_0;
    %parti/s 7, 0, 2;
    %cmpi/e 115, 0, 7;
    %flag_get/vec4 4;
    %jmp/0 T_19.74, 4;
    %load/vec4 v0x854e6e3a0_0;
    %parti/s 20, 12, 5;
    %pad/u 32;
    %pushi/vec4 819458, 0, 32;
    %cmp/e;
    %flag_get/vec4 4;
    %and;
T_19.74;
    %flag_set/vec4 10;
    %flag_or 9, 10;
T_19.72;
    %flag_get/vec4 9;
    %jmp/0 T_19.71, 9;
    %pushi/vec4 1, 0, 1;
    %and;
T_19.71;
    %flag_set/vec4 8;
    %flag_get/vec4 8;
    %jmp/0 T_19.70, 8;
    %pushi/vec4 1, 0, 1;
    %and;
T_19.70;
    %assign/vec4 v0x854e6b340_0, 0;
    %load/vec4 v0x854e6e3a0_0;
    %parti/s 7, 0, 2;
    %cmpi/e 115, 0, 7;
    %flag_get/vec4 4;
    %jmp/0 T_19.76, 4;
    %load/vec4 v0x854e6e3a0_0;
    %parti/s 20, 12, 5;
    %pad/u 32;
    %pushi/vec4 786946, 0, 32;
    %cmp/e;
    %flag_get/vec4 4;
    %and;
T_19.76;
    %flag_set/vec4 8;
    %flag_get/vec4 8;
    %jmp/0 T_19.75, 8;
    %pushi/vec4 1, 0, 1;
    %and;
T_19.75;
    %assign/vec4 v0x854e6b3e0_0, 0;
    %load/vec4 v0x854e6e3a0_0;
    %parti/s 7, 0, 2;
    %cmpi/e 115, 0, 7;
    %flag_get/vec4 4;
    %jmp/0 T_19.79, 4;
    %load/vec4 v0x854e6e3a0_0;
    %parti/s 20, 12, 5;
    %pad/u 32;
    %pushi/vec4 819714, 0, 32;
    %cmp/e;
    %flag_get/vec4 4;
    %and;
T_19.79;
    %flag_set/vec4 9;
    %flag_get/vec4 9;
    %jmp/0 T_19.78, 9;
    %pushi/vec4 1, 0, 1;
    %and;
T_19.78;
    %flag_set/vec4 8;
    %flag_get/vec4 8;
    %jmp/0 T_19.77, 8;
    %pushi/vec4 1, 0, 1;
    %and;
T_19.77;
    %assign/vec4 v0x854e6b480_0, 0;
    %load/vec4 v0x854e6e3a0_0;
    %parti/s 7, 0, 2;
    %cmpi/e 115, 0, 7;
    %flag_get/vec4 4;
    %jmp/0 T_19.82, 4;
    %load/vec4 v0x854e6e3a0_0;
    %parti/s 11, 21, 6;
    %nor/r;
    %and;
T_19.82;
    %flag_set/vec4 9;
    %flag_get/vec4 9;
    %jmp/0 T_19.81, 9;
    %load/vec4 v0x854e6e3a0_0;
    %parti/s 13, 7, 4;
    %nor/r;
    %and;
T_19.81;
    %flag_set/vec4 8;
    %flag_get/vec4 8;
    %jmp/1 T_19.80, 8;
    %pushi/vec4 0, 0, 1;
    %or;
T_19.80;
    %assign/vec4 v0x854e6a9e0_0, 0;
    %load/vec4 v0x854e6e3a0_0;
    %parti/s 7, 0, 2;
    %cmpi/e 15, 0, 7;
    %flag_get/vec4 4;
    %jmp/0 T_19.83, 4;
    %load/vec4 v0x854e6e3a0_0;
    %parti/s 3, 12, 5;
    %nor/r;
    %and;
T_19.83;
    %assign/vec4 v0x854e6aa80_0, 0;
    %load/vec4 v0x854e6e3a0_0;
    %parti/s 7, 0, 2;
    %cmpi/e 11, 0, 7;
    %flag_get/vec4 4;
    %jmp/0 T_19.86, 4;
    %load/vec4 v0x854e6e3a0_0;
    %parti/s 7, 25, 6;
    %pushi/vec4 0, 0, 7;
    %cmp/e;
    %flag_get/vec4 4;
    %and;
T_19.86;
    %flag_set/vec4 9;
    %flag_get/vec4 9;
    %jmp/0 T_19.85, 9;
    %pushi/vec4 0, 0, 1;
    %and;
T_19.85;
    %flag_set/vec4 8;
    %flag_get/vec4 8;
    %jmp/0 T_19.84, 8;
    %pushi/vec4 1, 0, 1;
    %and;
T_19.84;
    %assign/vec4 v0x854e6ab20_0, 0;
    %load/vec4 v0x854e6e3a0_0;
    %parti/s 7, 0, 2;
    %cmpi/e 11, 0, 7;
    %flag_get/vec4 4;
    %jmp/0 T_19.89, 4;
    %load/vec4 v0x854e6e3a0_0;
    %parti/s 7, 25, 6;
    %pushi/vec4 1, 0, 7;
    %cmp/e;
    %flag_get/vec4 4;
    %and;
T_19.89;
    %flag_set/vec4 9;
    %flag_get/vec4 9;
    %jmp/0 T_19.88, 9;
    %pushi/vec4 0, 0, 1;
    %and;
T_19.88;
    %flag_set/vec4 8;
    %flag_get/vec4 8;
    %jmp/0 T_19.87, 8;
    %pushi/vec4 1, 0, 1;
    %and;
T_19.87;
    %assign/vec4 v0x854e6b660_0, 0;
    %load/vec4 v0x854e6e3a0_0;
    %parti/s 7, 0, 2;
    %cmpi/e 11, 0, 7;
    %flag_get/vec4 4;
    %jmp/0 T_19.91, 4;
    %load/vec4 v0x854e6e3a0_0;
    %parti/s 7, 25, 6;
    %pushi/vec4 3, 0, 7;
    %cmp/e;
    %flag_get/vec4 4;
    %and;
T_19.91;
    %flag_set/vec4 8;
    %flag_get/vec4 8;
    %jmp/0 T_19.90, 8;
    %pushi/vec4 0, 0, 1;
    %and;
T_19.90;
    %assign/vec4 v0x854e6b0c0_0, 0;
    %load/vec4 v0x854e6e3a0_0;
    %parti/s 7, 0, 2;
    %cmpi/e 11, 0, 7;
    %flag_get/vec4 4;
    %jmp/0 T_19.94, 4;
    %load/vec4 v0x854e6e3a0_0;
    %parti/s 7, 25, 6;
    %pushi/vec4 5, 0, 7;
    %cmp/e;
    %flag_get/vec4 4;
    %and;
T_19.94;
    %flag_set/vec4 9;
    %flag_get/vec4 9;
    %jmp/0 T_19.93, 9;
    %pushi/vec4 0, 0, 1;
    %and;
T_19.93;
    %flag_set/vec4 8;
    %flag_get/vec4 8;
    %jmp/0 T_19.92, 8;
    %pushi/vec4 1, 0, 1;
    %and;
T_19.92;
    %assign/vec4 v0x854e6bf20_0, 0;
    %load/vec4 v0x854e6c640_0;
    %flag_set/vec4 8;
    %flag_get/vec4 8;
    %jmp/0 T_19.95, 8;
    %load/vec4 v0x854e6e3a0_0;
    %parti/s 3, 12, 5;
    %cmpi/e 1, 0, 3;
    %flag_get/vec4 4;
    %jmp/0 T_19.96, 4;
    %load/vec4 v0x854e6e3a0_0;
    %parti/s 7, 25, 6;
    %pushi/vec4 0, 0, 7;
    %cmp/e;
    %flag_get/vec4 4;
    %and;
T_19.96;
    %load/vec4 v0x854e6e3a0_0;
    %parti/s 3, 12, 5;
    %cmpi/e 5, 0, 3;
    %flag_get/vec4 4;
    %jmp/0 T_19.97, 4;
    %load/vec4 v0x854e6e3a0_0;
    %parti/s 7, 25, 6;
    %pushi/vec4 0, 0, 7;
    %cmp/e;
    %flag_get/vec4 4;
    %and;
T_19.97;
    %concat/vec4; draw_concat_vec4
    %load/vec4 v0x854e6e3a0_0;
    %parti/s 3, 12, 5;
    %cmpi/e 5, 0, 3;
    %flag_get/vec4 4;
    %jmp/0 T_19.98, 4;
    %load/vec4 v0x854e6e3a0_0;
    %parti/s 7, 25, 6;
    %pushi/vec4 32, 0, 7;
    %cmp/e;
    %flag_get/vec4 4;
    %and;
T_19.98;
    %concat/vec4; draw_concat_vec4
    %or/r;
    %and;
T_19.95;
    %assign/vec4 v0x854e6cdc0_0, 0;
    %load/vec4 v0x854e6ac60_0;
    %flag_set/vec4 8;
    %flag_get/vec4 8;
    %jmp/1 T_19.99, 8;
    %load/vec4 v0x854e6c640_0;
    %flag_set/vec4 8;
    %flag_get/vec4 8;
    %jmp/0 T_19.100, 8;
    %load/vec4 v0x854e6e3a0_0;
    %parti/s 3, 12, 5;
    %pushi/vec4 0, 0, 3;
    %cmp/e;
    %flag_get/vec4 4;
    %load/vec4 v0x854e6e3a0_0;
    %parti/s 3, 12, 5;
    %pushi/vec4 2, 0, 3;
    %cmp/e;
    %flag_get/vec4 4;
    %concat/vec4; draw_concat_vec4
    %load/vec4 v0x854e6e3a0_0;
    %parti/s 3, 12, 5;
    %pushi/vec4 3, 0, 3;
    %cmp/e;
    %flag_get/vec4 4;
    %concat/vec4; draw_concat_vec4
    %load/vec4 v0x854e6e3a0_0;
    %parti/s 3, 12, 5;
    %pushi/vec4 4, 0, 3;
    %cmp/e;
    %flag_get/vec4 4;
    %concat/vec4; draw_concat_vec4
    %load/vec4 v0x854e6e3a0_0;
    %parti/s 3, 12, 5;
    %pushi/vec4 6, 0, 3;
    %cmp/e;
    %flag_get/vec4 4;
    %concat/vec4; draw_concat_vec4
    %load/vec4 v0x854e6e3a0_0;
    %parti/s 3, 12, 5;
    %pushi/vec4 7, 0, 3;
    %cmp/e;
    %flag_get/vec4 4;
    %concat/vec4; draw_concat_vec4
    %or/r;
    %and;
T_19.100;
    %or;
T_19.99;
    %assign/vec4 v0x854e6c8c0_0, 0;
    %load/vec4 v0x854e6c6e0_0;
    %flag_set/vec4 8;
    %flag_get/vec4 8;
    %jmp/0 T_19.101, 8;
    %load/vec4 v0x854e6e3a0_0;
    %parti/s 3, 12, 5;
    %cmpi/e 1, 0, 3;
    %flag_get/vec4 4;
    %jmp/0 T_19.102, 4;
    %load/vec4 v0x854e6e3a0_0;
    %parti/s 7, 25, 6;
    %pushi/vec4 0, 0, 7;
    %cmp/e;
    %flag_get/vec4 4;
    %and;
T_19.102;
    %load/vec4 v0x854e6e3a0_0;
    %parti/s 3, 12, 5;
    %cmpi/e 5, 0, 3;
    %flag_get/vec4 4;
    %jmp/0 T_19.103, 4;
    %load/vec4 v0x854e6e3a0_0;
    %parti/s 7, 25, 6;
    %pushi/vec4 0, 0, 7;
    %cmp/e;
    %flag_get/vec4 4;
    %and;
T_19.103;
    %concat/vec4; draw_concat_vec4
    %load/vec4 v0x854e6e3a0_0;
    %parti/s 3, 12, 5;
    %cmpi/e 5, 0, 3;
    %flag_get/vec4 4;
    %jmp/0 T_19.104, 4;
    %load/vec4 v0x854e6e3a0_0;
    %parti/s 7, 25, 6;
    %pushi/vec4 32, 0, 7;
    %cmp/e;
    %flag_get/vec4 4;
    %and;
T_19.104;
    %concat/vec4; draw_concat_vec4
    %or/r;
    %and;
T_19.101;
    %assign/vec4 v0x854e6cd20_0, 0;
    %pushi/vec4 0, 0, 1;
    %assign/vec4 v0x854e6cb40_0, 0;
    %pushi/vec4 0, 0, 1;
    %assign/vec4 v0x854e6c820_0, 0;
    %pushi/vec4 1, 0, 1;
    %dup/vec4;
    %load/vec4 v0x854e6abc0_0;
    %cmp/u;
    %jmp/1 T_19.105, 6;
    %dup/vec4;
    %load/vec4 v0x854e6af80_0;
    %load/vec4 v0x854e6a580_0;
    %concat/vec4; draw_concat_vec4
    %or/r;
    %cmp/u;
    %jmp/1 T_19.106, 6;
    %dup/vec4;
    %load/vec4 v0x854e6ac60_0;
    %load/vec4 v0x854e6c960_0;
    %concat/vec4; draw_concat_vec4
    %load/vec4 v0x854e6c640_0;
    %concat/vec4; draw_concat_vec4
    %or/r;
    %cmp/u;
    %jmp/1 T_19.107, 6;
    %dup/vec4;
    %load/vec4 v0x854e6c780_0;
    %cmp/u;
    %jmp/1 T_19.108, 6;
    %dup/vec4;
    %load/vec4 v0x854e6cc80_0;
    %cmp/u;
    %jmp/1 T_19.109, 6;
    %pushi/vec4 1, 1, 32;
    %assign/vec4 v0x854e69b80_0, 0;
    %jmp T_19.111;
T_19.105 ;
    %load/vec4 v0x854e69c20_0;
    %assign/vec4 v0x854e69b80_0, 0;
    %jmp T_19.111;
T_19.106 ;
    %load/vec4 v0x854e6e3a0_0;
    %parti/s 20, 12, 5;
    %pad/u 32;
    %ix/load 4, 12, 0;
    %flag_set/imm 4, 0;
    %shiftl 4;
    %assign/vec4 v0x854e69b80_0, 0;
    %jmp T_19.111;
T_19.107 ;
    %load/vec4 v0x854e6e3a0_0;
    %parti/s 12, 20, 6;
    %pad/s 32;
    %assign/vec4 v0x854e69b80_0, 0;
    %jmp T_19.111;
T_19.108 ;
    %load/vec4 v0x854e6e3a0_0;
    %parti/s 1, 31, 6;
    %load/vec4 v0x854e6e3a0_0;
    %parti/s 1, 7, 4;
    %concat/vec4; draw_concat_vec4
    %load/vec4 v0x854e6e3a0_0;
    %parti/s 6, 25, 6;
    %concat/vec4; draw_concat_vec4
    %load/vec4 v0x854e6e3a0_0;
    %parti/s 4, 8, 5;
    %concat/vec4; draw_concat_vec4
    %concati/vec4 0, 0, 1;
    %pad/s 32;
    %assign/vec4 v0x854e69b80_0, 0;
    %jmp T_19.111;
T_19.109 ;
    %load/vec4 v0x854e6e3a0_0;
    %parti/s 7, 25, 6;
    %load/vec4 v0x854e6e3a0_0;
    %parti/s 5, 7, 4;
    %concat/vec4; draw_concat_vec4
    %pad/s 32;
    %assign/vec4 v0x854e69b80_0, 0;
    %jmp T_19.111;
T_19.111 ;
    %pop/vec4 1;
T_19.17 ;
    %load/vec4 v0x854e70140_0;
    %nor/r;
    %flag_set/vec4 8;
    %jmp/0xz  T_19.112, 8;
    %pushi/vec4 0, 0, 1;
    %assign/vec4 v0x854e6c780_0, 0;
    %pushi/vec4 0, 0, 1;
    %assign/vec4 v0x854e6c820_0, 0;
    %pushi/vec4 0, 0, 1;
    %assign/vec4 v0x854e6a620_0, 0;
    %pushi/vec4 0, 0, 1;
    %assign/vec4 v0x854e6a940_0, 0;
    %pushi/vec4 0, 0, 1;
    %assign/vec4 v0x854e6a800_0, 0;
    %pushi/vec4 0, 0, 1;
    %assign/vec4 v0x854e6a6c0_0, 0;
    %pushi/vec4 0, 0, 1;
    %assign/vec4 v0x854e6a8a0_0, 0;
    %pushi/vec4 0, 0, 1;
    %assign/vec4 v0x854e6a760_0, 0;
    %pushi/vec4 0, 0, 1;
    %assign/vec4 v0x854e6a3a0_0, 0;
    %pushi/vec4 0, 0, 1;
    %assign/vec4 v0x854e6b980_0, 0;
    %pushi/vec4 0, 0, 1;
    %assign/vec4 v0x854e6ba20_0, 0;
    %pushi/vec4 0, 0, 1;
    %assign/vec4 v0x854e6c1e0_0, 0;
    %pushi/vec4 0, 0, 1;
    %assign/vec4 v0x854e6b200_0, 0;
    %pushi/vec4 0, 0, 1;
    %assign/vec4 v0x854e6a4e0_0, 0;
    %pushi/vec4 0, 0, 1;
    %assign/vec4 v0x854e6a300_0, 0;
    %pushi/vec4 0, 0, 1;
    %assign/vec4 v0x854e6bde0_0, 0;
    %pushi/vec4 0, 0, 1;
    %assign/vec4 v0x854e6b7a0_0, 0;
    %pushi/vec4 0, 0, 1;
    %assign/vec4 v0x854e6b8e0_0, 0;
    %pushi/vec4 0, 0, 1;
    %assign/vec4 v0x854e6bac0_0, 0;
    %pushi/vec4 0, 0, 1;
    %assign/vec4 v0x854e6c140_0, 0;
    %pushi/vec4 0, 0, 1;
    %assign/vec4 v0x854e6bca0_0, 0;
    %pushi/vec4 0, 0, 1;
    %assign/vec4 v0x854e6bb60_0, 0;
    %pushi/vec4 0, 0, 1;
    %assign/vec4 v0x854e6b160_0, 0;
    %pushi/vec4 0, 0, 1;
    %assign/vec4 v0x854e6a440_0, 0;
    %pushi/vec4 0, 0, 1;
    %assign/vec4 v0x854e6aa80_0, 0;
T_19.112 ;
    %jmp T_19;
    .thread T_19;
    .scope S_0x100c7fdb0;
T_20 ;
    %wait E_0x8551a91c0;
    %pushi/vec4 0, 0, 32; draw_string_vec4
    %pushi/vec4 0, 0, 32; draw_string_vec4
    %concat/vec4; draw_string_vec4
    %pushi/vec4 0, 0, 32; draw_string_vec4
    %concat/vec4; draw_string_vec4
    %pushi/vec4 0, 0, 32; draw_string_vec4
    %concat/vec4; draw_string_vec4
    %store/vec4 v0x854e68f00_0, 0, 128;
    %load/vec4 v0x854e68a00_0;
    %cmpi/e 128, 0, 8;
    %jmp/0xz  T_20.0, 4;
    %pushi/vec4 0, 0, 32; draw_string_vec4
    %pushi/vec4 0, 0, 32; draw_string_vec4
    %concat/vec4; draw_string_vec4
    %pushi/vec4 0, 0, 32; draw_string_vec4
    %concat/vec4; draw_string_vec4
    %pushi/vec4 1953653104, 0, 32; draw_string_vec4
    %concat/vec4; draw_string_vec4
    %store/vec4 v0x854e68f00_0, 0, 128;
T_20.0 ;
    %load/vec4 v0x854e68a00_0;
    %cmpi/e 64, 0, 8;
    %jmp/0xz  T_20.2, 4;
    %pushi/vec4 0, 0, 32; draw_string_vec4
    %pushi/vec4 0, 0, 32; draw_string_vec4
    %concat/vec4; draw_string_vec4
    %pushi/vec4 102, 0, 32; draw_string_vec4
    %concat/vec4; draw_string_vec4
    %pushi/vec4 1702126440, 0, 32; draw_string_vec4
    %concat/vec4; draw_string_vec4
    %store/vec4 v0x854e68f00_0, 0, 128;
T_20.2 ;
    %load/vec4 v0x854e68a00_0;
    %cmpi/e 32, 0, 8;
    %jmp/0xz  T_20.4, 4;
    %pushi/vec4 0, 0, 32; draw_string_vec4
    %pushi/vec4 0, 0, 32; draw_string_vec4
    %concat/vec4; draw_string_vec4
    %pushi/vec4 27748, 0, 32; draw_string_vec4
    %concat/vec4; draw_string_vec4
    %pushi/vec4 1601336113, 0, 32; draw_string_vec4
    %concat/vec4; draw_string_vec4
    %store/vec4 v0x854e68f00_0, 0, 128;
T_20.4 ;
    %load/vec4 v0x854e68a00_0;
    %cmpi/e 16, 0, 8;
    %jmp/0xz  T_20.6, 4;
    %pushi/vec4 0, 0, 32; draw_string_vec4
    %pushi/vec4 0, 0, 32; draw_string_vec4
    %concat/vec4; draw_string_vec4
    %pushi/vec4 27748, 0, 32; draw_string_vec4
    %concat/vec4; draw_string_vec4
    %pushi/vec4 1601336114, 0, 32; draw_string_vec4
    %concat/vec4; draw_string_vec4
    %store/vec4 v0x854e68f00_0, 0, 128;
T_20.6 ;
    %load/vec4 v0x854e68a00_0;
    %cmpi/e 8, 0, 8;
    %jmp/0xz  T_20.8, 4;
    %pushi/vec4 0, 0, 32; draw_string_vec4
    %pushi/vec4 0, 0, 32; draw_string_vec4
    %concat/vec4; draw_string_vec4
    %pushi/vec4 0, 0, 32; draw_string_vec4
    %concat/vec4; draw_string_vec4
    %pushi/vec4 1702389091, 0, 32; draw_string_vec4
    %concat/vec4; draw_string_vec4
    %store/vec4 v0x854e68f00_0, 0, 128;
T_20.8 ;
    %load/vec4 v0x854e68a00_0;
    %cmpi/e 4, 0, 8;
    %jmp/0xz  T_20.10, 4;
    %pushi/vec4 0, 0, 32; draw_string_vec4
    %pushi/vec4 0, 0, 32; draw_string_vec4
    %concat/vec4; draw_string_vec4
    %pushi/vec4 115, 0, 32; draw_string_vec4
    %concat/vec4; draw_string_vec4
    %pushi/vec4 1751737972, 0, 32; draw_string_vec4
    %concat/vec4; draw_string_vec4
    %store/vec4 v0x854e68f00_0, 0, 128;
T_20.10 ;
    %load/vec4 v0x854e68a00_0;
    %cmpi/e 2, 0, 8;
    %jmp/0xz  T_20.12, 4;
    %pushi/vec4 0, 0, 32; draw_string_vec4
    %pushi/vec4 0, 0, 32; draw_string_vec4
    %concat/vec4; draw_string_vec4
    %pushi/vec4 115, 0, 32; draw_string_vec4
    %concat/vec4; draw_string_vec4
    %pushi/vec4 1953326445, 0, 32; draw_string_vec4
    %concat/vec4; draw_string_vec4
    %store/vec4 v0x854e68f00_0, 0, 128;
T_20.12 ;
    %load/vec4 v0x854e68a00_0;
    %cmpi/e 1, 0, 8;
    %jmp/0xz  T_20.14, 4;
    %pushi/vec4 0, 0, 32; draw_string_vec4
    %pushi/vec4 0, 0, 32; draw_string_vec4
    %concat/vec4; draw_string_vec4
    %pushi/vec4 108, 0, 32; draw_string_vec4
    %concat/vec4; draw_string_vec4
    %pushi/vec4 1684890989, 0, 32; draw_string_vec4
    %concat/vec4; draw_string_vec4
    %store/vec4 v0x854e68f00_0, 0, 128;
T_20.14 ;
    %jmp T_20;
    .thread T_20, $push;
    .scope S_0x100c7fdb0;
T_21 ;
    %wait E_0x8551a9180;
    %pushi/vec4 1, 1, 1;
    %store/vec4 v0x854e33de0_0, 0, 1;
    %pushi/vec4 1, 0, 1;
    %dup/vec4;
    %load/vec4 v0x854e6a620_0;
    %cmp/u;
    %jmp/1 T_21.0, 6;
    %dup/vec4;
    %load/vec4 v0x854e6a940_0;
    %cmp/u;
    %jmp/1 T_21.1, 6;
    %dup/vec4;
    %load/vec4 v0x854e6a6c0_0;
    %cmp/u;
    %jmp/1 T_21.2, 6;
    %dup/vec4;
    %load/vec4 v0x854e6a760_0;
    %cmp/u;
    %jmp/1 T_21.3, 6;
    %dup/vec4;
    %load/vec4 v0x854e6ce60_0;
    %flag_set/vec4 8;
    %flag_get/vec4 8;
    %jmp/0 T_21.7, 8;
    %pushi/vec4 1, 0, 1;
    %and;
T_21.7;
    %cmp/u;
    %jmp/1 T_21.4, 6;
    %dup/vec4;
    %load/vec4 v0x854e6cf00_0;
    %flag_set/vec4 8;
    %flag_get/vec4 8;
    %jmp/0 T_21.8, 8;
    %pushi/vec4 1, 0, 1;
    %and;
T_21.8;
    %cmp/u;
    %jmp/1 T_21.5, 6;
    %jmp T_21.6;
T_21.0 ;
    %load/vec4 v0x854e33b60_0;
    %store/vec4 v0x854e33de0_0, 0, 1;
    %jmp T_21.6;
T_21.1 ;
    %load/vec4 v0x854e33b60_0;
    %nor/r;
    %store/vec4 v0x854e33de0_0, 0, 1;
    %jmp T_21.6;
T_21.2 ;
    %load/vec4 v0x854e33c00_0;
    %nor/r;
    %store/vec4 v0x854e33de0_0, 0, 1;
    %jmp T_21.6;
T_21.3 ;
    %load/vec4 v0x854e33ca0_0;
    %nor/r;
    %store/vec4 v0x854e33de0_0, 0, 1;
    %jmp T_21.6;
T_21.4 ;
    %load/vec4 v0x854e33c00_0;
    %store/vec4 v0x854e33de0_0, 0, 1;
    %jmp T_21.6;
T_21.5 ;
    %load/vec4 v0x854e33ca0_0;
    %store/vec4 v0x854e33de0_0, 0, 1;
    %jmp T_21.6;
T_21.6 ;
    %pop/vec4 1;
    %pushi/vec4 4294967295, 4294967295, 32;
    %store/vec4 v0x854e33d40_0, 0, 32;
    %pushi/vec4 1, 0, 1;
    %dup/vec4;
    %load/vec4 v0x854e6cb40_0;
    %cmp/u;
    %jmp/1 T_21.9, 6;
    %dup/vec4;
    %load/vec4 v0x854e6c820_0;
    %cmp/u;
    %jmp/1 T_21.10, 6;
    %dup/vec4;
    %load/vec4 v0x854e6c1e0_0;
    %flag_set/vec4 8;
    %flag_get/vec4 8;
    %jmp/1 T_21.17, 8;
    %load/vec4 v0x854e6c140_0;
    %or;
T_21.17;
    %cmp/u;
    %jmp/1 T_21.11, 6;
    %dup/vec4;
    %load/vec4 v0x854e6b200_0;
    %flag_set/vec4 8;
    %flag_get/vec4 8;
    %jmp/1 T_21.18, 8;
    %load/vec4 v0x854e6b160_0;
    %or;
T_21.18;
    %cmp/u;
    %jmp/1 T_21.12, 6;
    %dup/vec4;
    %load/vec4 v0x854e6a4e0_0;
    %flag_set/vec4 8;
    %flag_get/vec4 8;
    %jmp/1 T_21.19, 8;
    %load/vec4 v0x854e6a440_0;
    %or;
T_21.19;
    %cmp/u;
    %jmp/1 T_21.13, 6;
    %dup/vec4;
    %pushi/vec4 0, 0, 1;
    %cmp/u;
    %jmp/1 T_21.14, 6;
    %dup/vec4;
    %pushi/vec4 0, 0, 1;
    %cmp/u;
    %jmp/1 T_21.15, 6;
    %jmp T_21.16;
T_21.9 ;
    %load/vec4 v0x854e33ac0_0;
    %store/vec4 v0x854e33d40_0, 0, 32;
    %jmp T_21.16;
T_21.10 ;
    %load/vec4 v0x854e33de0_0;
    %pad/u 32;
    %store/vec4 v0x854e33d40_0, 0, 32;
    %jmp T_21.16;
T_21.11 ;
    %load/vec4 v0x854e6fde0_0;
    %load/vec4 v0x854e6fe80_0;
    %xor;
    %store/vec4 v0x854e33d40_0, 0, 32;
    %jmp T_21.16;
T_21.12 ;
    %load/vec4 v0x854e6fde0_0;
    %load/vec4 v0x854e6fe80_0;
    %or;
    %store/vec4 v0x854e33d40_0, 0, 32;
    %jmp T_21.16;
T_21.13 ;
    %load/vec4 v0x854e6fde0_0;
    %load/vec4 v0x854e6fe80_0;
    %and;
    %store/vec4 v0x854e33d40_0, 0, 32;
    %jmp T_21.16;
T_21.14 ;
    %load/vec4 v0x854e68000_0;
    %store/vec4 v0x854e33d40_0, 0, 32;
    %jmp T_21.16;
T_21.15 ;
    %load/vec4 v0x854e680a0_0;
    %store/vec4 v0x854e33d40_0, 0, 32;
    %jmp T_21.16;
T_21.16 ;
    %pop/vec4 1;
    %jmp T_21;
    .thread T_21, $push;
    .scope S_0x100c7fdb0;
T_22 ;
    %wait E_0x8551a9080;
    %load/vec4 v0x854e68640_0;
    %assign/vec4 v0x854e686e0_0, 0;
    %jmp T_22;
    .thread T_22;
    .scope S_0x100c7fdb0;
T_23 ;
    %wait E_0x8551a9140;
    %load/vec4 v0x854e686e0_0;
    %store/vec4 v0x854e68640_0, 0, 1;
    %load/vec4 v0x854e6f8e0_0;
    %nor/r;
    %flag_set/vec4 8;
    %jmp/0xz  T_23.0, 8;
    %pushi/vec4 0, 0, 1;
    %store/vec4 v0x854e68640_0, 0, 1;
T_23.0 ;
    %load/vec4 v0x854e6d040_0;
    %flag_set/vec4 8;
    %jmp/1 T_23.5, 8;
    %load/vec4 v0x854e6c5a0_0;
    %cmpi/ne 0, 0, 2;
    %flag_or 8, 4;
T_23.5;
    %jmp/1 T_23.4, 8;
    %load/vec4 v0x854e70140_0;
    %nor/r;
    %flag_set/vec4 9;
    %flag_or 8, 9;
T_23.4;
    %jmp/0xz  T_23.2, 8;
    %pushi/vec4 0, 0, 1;
    %store/vec4 v0x854e68640_0, 0, 1;
T_23.2 ;
    %jmp T_23;
    .thread T_23, $push;
    .scope S_0x100c7fdb0;
T_24 ;
    %wait E_0x8551a9100;
    %pushi/vec4 0, 0, 1;
    %store/vec4 v0x854e68d20_0, 0, 1;
    %pushi/vec4 4294967295, 4294967295, 32;
    %store/vec4 v0x854e68c80_0, 0, 32;
    %load/vec4 v0x854e68a00_0;
    %cmpi/e 64, 0, 8;
    %jmp/0xz  T_24.0, 4;
    %pushi/vec4 1, 0, 1;
    %dup/vec4;
    %load/vec4 v0x854e6d040_0;
    %cmp/u;
    %jmp/1 T_24.2, 6;
    %dup/vec4;
    %load/vec4 v0x854e6d4a0_0;
    %flag_set/vec4 8;
    %flag_get/vec4 8;
    %jmp/0 T_24.7, 8;
    %load/vec4 v0x854e6d040_0;
    %nor/r;
    %and;
T_24.7;
    %cmp/u;
    %jmp/1 T_24.3, 6;
    %dup/vec4;
    %pushi/vec4 0, 0, 1;
    %cmp/u;
    %jmp/1 T_24.4, 6;
    %dup/vec4;
    %pushi/vec4 0, 0, 1;
    %cmp/u;
    %jmp/1 T_24.5, 6;
    %jmp T_24.6;
T_24.2 ;
    %load/vec4 v0x854e70000_0;
    %load/vec4 v0x854e6d0e0_0;
    %flag_set/vec4 8;
    %jmp/0 T_24.8, 8;
    %pushi/vec4 2, 0, 32;
    %jmp/1 T_24.9, 8;
T_24.8 ; End of true expr.
    %pushi/vec4 4, 0, 32;
    %jmp/0 T_24.9, 8;
 ; End of false expr.
    %blend;
T_24.9;
    %add;
    %store/vec4 v0x854e68c80_0, 0, 32;
    %pushi/vec4 1, 0, 1;
    %store/vec4 v0x854e68d20_0, 0, 1;
    %jmp T_24.6;
T_24.3 ;
    %load/vec4 v0x854e6d400_0;
    %flag_set/vec4 8;
    %jmp/0 T_24.10, 8;
    %load/vec4 v0x854e33f20_0;
    %jmp/1 T_24.11, 8;
T_24.10 ; End of true expr.
    %load/vec4 v0x854e6ff20_0;
    %jmp/0 T_24.11, 8;
 ; End of false expr.
    %blend;
T_24.11;
    %store/vec4 v0x854e68c80_0, 0, 32;
    %pushi/vec4 1, 0, 1;
    %store/vec4 v0x854e68d20_0, 0, 1;
    %jmp T_24.6;
T_24.4 ;
    %load/vec4 v0x854e6fd40_0;
    %load/vec4 v0x854e6d0e0_0;
    %pad/u 32;
    %or;
    %store/vec4 v0x854e68c80_0, 0, 32;
    %pushi/vec4 1, 0, 1;
    %store/vec4 v0x854e68d20_0, 0, 1;
    %jmp T_24.6;
T_24.5 ;
    %load/vec4 v0x854e6c500_0;
    %load/vec4 v0x854e6c460_0;
    %inv;
    %and;
    %store/vec4 v0x854e68c80_0, 0, 32;
    %pushi/vec4 1, 0, 1;
    %store/vec4 v0x854e68d20_0, 0, 1;
    %jmp T_24.6;
T_24.6 ;
    %pop/vec4 1;
T_24.0 ;
    %jmp T_24;
    .thread T_24, $push;
    .scope S_0x100c7fdb0;
T_25 ;
    %wait E_0x8551a9080;
    %load/vec4 v0x854e70140_0;
    %flag_set/vec4 10;
    %flag_get/vec4 10;
    %jmp/0 T_25.3, 10;
    %load/vec4 v0x854e68d20_0;
    %and;
T_25.3;
    %flag_set/vec4 9;
    %flag_get/vec4 9;
    %jmp/0 T_25.2, 9;
    %load/vec4 v0x854e6d360_0;
    %pushi/vec4 0, 0, 5;
    %cmp/ne;
    %flag_get/vec4 4;
    %and;
T_25.2;
    %flag_set/vec4 8;
    %jmp/0xz  T_25.0, 8;
    %load/vec4 v0x854e68c80_0;
    %load/vec4 v0x854e6d360_0;
    %pad/u 7;
    %ix/vec4 3;
    %ix/load 4, 0, 0; Constant delay
    %assign/vec4/a/d v0x854e68aa0, 0, 4;
T_25.0 ;
    %jmp T_25;
    .thread T_25;
    .scope S_0x100c7fdb0;
T_26 ;
    %wait E_0x8551a90c0;
    %pushi/vec4 31, 31, 5;
    %store/vec4 v0x854e69d60_0, 0, 5;
    %load/vec4 v0x854e69e00_0;
    %cmpi/ne 0, 0, 5;
    %flag_mov 8, 4;
    %jmp/0 T_26.0, 8;
    %load/vec4 v0x854e69e00_0;
    %pad/u 7;
    %ix/vec4 4;
    %load/vec4a v0x854e68aa0, 4;
    %jmp/1 T_26.1, 8;
T_26.0 ; End of true expr.
    %pushi/vec4 0, 0, 32;
    %jmp/0 T_26.1, 8;
 ; End of false expr.
    %blend;
T_26.1;
    %store/vec4 v0x854e68b40_0, 0, 32;
    %load/vec4 v0x854e69ea0_0;
    %cmpi/ne 0, 0, 5;
    %flag_mov 8, 4;
    %jmp/0 T_26.2, 8;
    %load/vec4 v0x854e69ea0_0;
    %pad/u 7;
    %ix/vec4 4;
    %load/vec4a v0x854e68aa0, 4;
    %jmp/1 T_26.3, 8;
T_26.2 ; End of true expr.
    %pushi/vec4 0, 0, 32;
    %jmp/0 T_26.3, 8;
 ; End of false expr.
    %blend;
T_26.3;
    %store/vec4 v0x854e68be0_0, 0, 32;
    %jmp T_26;
    .thread T_26, $push;
    .scope S_0x100c7fdb0;
T_27 ;
    %wait E_0x8551a9080;
    %pushi/vec4 0, 0, 1;
    %assign/vec4 v0x854e705a0_0, 0;
    %pushi/vec4 31, 31, 5;
    %assign/vec4 v0x854e700a0_0, 0;
    %pushi/vec4 4294967295, 4294967295, 32;
    %assign/vec4 v0x854e6ff20_0, 0;
    %pushi/vec4 0, 0, 1;
    %store/vec4 v0x854e70280_0, 0, 1;
    %pushi/vec4 0, 0, 1;
    %store/vec4 v0x854e701e0_0, 0, 1;
    %pushi/vec4 0, 0, 1;
    %store/vec4 v0x854e70320_0, 0, 1;
    %load/vec4 v0x854e33de0_0;
    %assign/vec4 v0x854e33e80_0, 0;
    %load/vec4 v0x854e33d40_0;
    %assign/vec4 v0x854e33f20_0, 0;
    %pushi/vec4 0, 0, 1;
    %assign/vec4 v0x854e68140_0, 0;
    %pushi/vec4 0, 0, 1;
    %assign/vec4 v0x854e681e0_0, 0;
    %load/vec4 v0x854e6d5e0_0;
    %flag_set/vec4 8;
    %jmp/0xz  T_27.0, 8;
    %pushi/vec4 4294967295, 4294967295, 32;
    %assign/vec4 v0x854e69860_0, 0;
    %pushi/vec4 4294967295, 4294967295, 32;
    %assign/vec4 v0x854e699a0_0, 0;
    %pushi/vec4 0, 0, 1;
    %assign/vec4 v0x854e69900_0, 0;
    %pushi/vec4 0, 0, 1;
    %assign/vec4 v0x854e69a40_0, 0;
T_27.0 ;
    %load/vec4 v0x854e70140_0;
    %flag_set/vec4 8;
    %jmp/0 T_27.2, 8;
    %load/vec4 v0x854e688c0_0;
    %addi 1, 0, 64;
    %jmp/1 T_27.3, 8;
T_27.2 ; End of true expr.
    %pushi/vec4 0, 0, 64;
    %jmp/0 T_27.3, 8;
 ; End of false expr.
    %blend;
T_27.3;
    %assign/vec4 v0x854e688c0_0, 0;
    %pushi/vec4 4294967295, 4294967295, 32;
    %store/vec4 v0x854e6ea80_0, 0, 32;
    %load/vec4 v0x854e6d900_0;
    %flag_set/vec4 8;
    %flag_get/vec4 8;
    %jmp/0 T_27.4, 8;
    %load/vec4 v0x854e6da40_0;
    %and;
T_27.4;
    %assign/vec4 v0x854e6a080_0, 0;
    %load/vec4 v0x854e6a080_0;
    %assign/vec4 v0x854e6a120_0, 0;
    %pushi/vec4 0, 0, 1;
    %assign/vec4 v0x854e69f40_0, 0;
    %load/vec4 v0x854e69f40_0;
    %assign/vec4 v0x854e69fe0_0, 0;
    %pushi/vec4 0, 0, 1;
    %assign/vec4 v0x854e6a1c0_0, 0;
    %pushi/vec4 0, 0, 1;
    %assign/vec4 v0x854e70500_0, 0;
    %pushi/vec4 4294967295, 4294967295, 32;
    %concati/vec4 15, 15, 4;
    %assign/vec4 v0x854e70460_0, 0;
    %load/vec4 v0x854e70140_0;
    %nor/r;
    %flag_set/vec4 8;
    %jmp/0xz  T_27.5, 8;
    %pushi/vec4 0, 0, 32;
    %assign/vec4 v0x854e70000_0, 0;
    %pushi/vec4 0, 0, 32;
    %assign/vec4 v0x854e6fd40_0, 0;
    %pushi/vec4 0, 0, 64;
    %assign/vec4 v0x854e68960_0, 0;
    %pushi/vec4 0, 0, 1;
    %assign/vec4 v0x854e6d4a0_0, 0;
    %pushi/vec4 0, 0, 1;
    %assign/vec4 v0x854e6d400_0, 0;
    %pushi/vec4 0, 0, 1;
    %assign/vec4 v0x854e6d040_0, 0;
    %pushi/vec4 0, 0, 1;
    %assign/vec4 v0x854e6d540_0, 0;
    %pushi/vec4 0, 0, 1;
    %assign/vec4 v0x854e6d2c0_0, 0;
    %pushi/vec4 0, 0, 1;
    %assign/vec4 v0x854e6d220_0, 0;
    %pushi/vec4 0, 0, 1;
    %assign/vec4 v0x854e6d180_0, 0;
    %pushi/vec4 0, 0, 1;
    %assign/vec4 v0x854e6f700_0, 0;
    %pushi/vec4 0, 0, 1;
    %assign/vec4 v0x854e6f660_0, 0;
    %pushi/vec4 0, 0, 1;
    %assign/vec4 v0x854e6c320_0, 0;
    %pushi/vec4 0, 0, 1;
    %assign/vec4 v0x854e6c3c0_0, 0;
    %pushi/vec4 4294967295, 0, 32;
    %assign/vec4 v0x854e6c460_0, 0;
    %pushi/vec4 0, 0, 32;
    %store/vec4 v0x854e6ea80_0, 0, 32;
    %pushi/vec4 0, 0, 2;
    %assign/vec4 v0x854e6c5a0_0, 0;
    %pushi/vec4 0, 0, 32;
    %assign/vec4 v0x854e6a260_0, 0;
    %pushi/vec4 0, 0, 32;
    %assign/vec4 v0x854e703c0_0, 0;
    %pushi/vec4 64, 0, 8;
    %assign/vec4 v0x854e68a00_0, 0;
    %jmp T_27.6;
T_27.5 ;
    %load/vec4 v0x854e68a00_0;
    %dup/vec4;
    %pushi/vec4 128, 0, 8;
    %cmp/u;
    %jmp/1 T_27.7, 6;
    %dup/vec4;
    %pushi/vec4 64, 0, 8;
    %cmp/u;
    %jmp/1 T_27.8, 6;
    %dup/vec4;
    %pushi/vec4 32, 0, 8;
    %cmp/u;
    %jmp/1 T_27.9, 6;
    %dup/vec4;
    %pushi/vec4 16, 0, 8;
    %cmp/u;
    %jmp/1 T_27.10, 6;
    %dup/vec4;
    %pushi/vec4 8, 0, 8;
    %cmp/u;
    %jmp/1 T_27.11, 6;
    %dup/vec4;
    %pushi/vec4 4, 0, 8;
    %cmp/u;
    %jmp/1 T_27.12, 6;
    %dup/vec4;
    %pushi/vec4 2, 0, 8;
    %cmp/u;
    %jmp/1 T_27.13, 6;
    %dup/vec4;
    %pushi/vec4 1, 0, 8;
    %cmp/u;
    %jmp/1 T_27.14, 6;
    %jmp T_27.15;
T_27.7 ;
    %pushi/vec4 1, 0, 1;
    %assign/vec4 v0x854e705a0_0, 0;
    %jmp T_27.15;
T_27.8 ;
    %load/vec4 v0x854e6a080_0;
    %nor/r;
    %flag_set/vec4 8;
    %flag_get/vec4 8;
    %jmp/0 T_27.16, 8;
    %load/vec4 v0x854e6a1c0_0;
    %nor/r;
    %and;
T_27.16;
    %assign/vec4 v0x854e6d900_0, 0;
    %pushi/vec4 0, 0, 2;
    %assign/vec4 v0x854e6e760_0, 0;
    %load/vec4 v0x854e6fd40_0;
    %store/vec4 v0x854e68dc0_0, 0, 32;
    %pushi/vec4 1, 0, 1;
    %dup/vec4;
    %load/vec4 v0x854e6d040_0;
    %cmp/u;
    %jmp/1 T_27.17, 6;
    %dup/vec4;
    %load/vec4 v0x854e6d4a0_0;
    %flag_set/vec4 8;
    %flag_get/vec4 8;
    %jmp/0 T_27.22, 8;
    %load/vec4 v0x854e6d040_0;
    %nor/r;
    %and;
T_27.22;
    %cmp/u;
    %jmp/1 T_27.18, 6;
    %dup/vec4;
    %pushi/vec4 0, 0, 1;
    %cmp/u;
    %jmp/1 T_27.19, 6;
    %dup/vec4;
    %pushi/vec4 0, 0, 1;
    %cmp/u;
    %jmp/1 T_27.20, 6;
    %jmp T_27.21;
T_27.17 ;
    %load/vec4 v0x854e6d4a0_0;
    %flag_set/vec4 8;
    %jmp/0 T_27.23, 8;
    %load/vec4 v0x854e6d400_0;
    %flag_set/vec4 9;
    %jmp/0 T_27.25, 9;
    %load/vec4 v0x854e33f20_0;
    %jmp/1 T_27.26, 9;
T_27.25 ; End of true expr.
    %load/vec4 v0x854e6ff20_0;
    %jmp/0 T_27.26, 9;
 ; End of false expr.
    %blend;
T_27.26;
    %pushi/vec4 4294967294, 0, 32;
    %and;
    %jmp/1 T_27.24, 8;
T_27.23 ; End of true expr.
    %load/vec4 v0x854e6fd40_0;
    %jmp/0 T_27.24, 8;
 ; End of false expr.
    %blend;
T_27.24;
    %store/vec4 v0x854e68dc0_0, 0, 32;
    %jmp T_27.21;
T_27.18 ;
    %jmp T_27.21;
T_27.19 ;
    %pushi/vec4 16, 0, 32;
    %store/vec4 v0x854e68dc0_0, 0, 32;
    %pushi/vec4 1, 0, 1;
    %assign/vec4 v0x854e6c320_0, 0;
    %pushi/vec4 1, 0, 1;
    %assign/vec4 v0x854e6d900_0, 0;
    %jmp T_27.21;
T_27.20 ;
    %load/vec4 v0x854e6c500_0;
    %load/vec4 v0x854e6c460_0;
    %inv;
    %and;
    %assign/vec4 v0x854e6a260_0, 0;
    %load/vec4 v0x854e6ea80_0;
    %load/vec4 v0x854e6c460_0;
    %and;
    %store/vec4 v0x854e6ea80_0, 0, 32;
    %jmp T_27.21;
T_27.21 ;
    %pop/vec4 1;
    %load/vec4 v0x854e68dc0_0;
    %assign/vec4 v0x854e70000_0, 0;
    %load/vec4 v0x854e68dc0_0;
    %assign/vec4 v0x854e6fd40_0, 0;
    %pushi/vec4 0, 0, 1;
    %assign/vec4 v0x854e6d4a0_0, 0;
    %pushi/vec4 0, 0, 1;
    %assign/vec4 v0x854e6d400_0, 0;
    %pushi/vec4 0, 0, 1;
    %assign/vec4 v0x854e6d040_0, 0;
    %pushi/vec4 0, 0, 1;
    %assign/vec4 v0x854e6d2c0_0, 0;
    %pushi/vec4 0, 0, 1;
    %assign/vec4 v0x854e6d220_0, 0;
    %pushi/vec4 0, 0, 1;
    %assign/vec4 v0x854e6d180_0, 0;
    %load/vec4 v0x854e69cc0_0;
    %assign/vec4 v0x854e6d360_0, 0;
    %load/vec4 v0x854e68820_0;
    %assign/vec4 v0x854e6d0e0_0, 0;
    %load/vec4 v0x854e6a080_0;
    %flag_set/vec4 8;
    %jmp/0xz  T_27.27, 8;
    %load/vec4 v0x854e6c320_0;
    %assign/vec4 v0x854e6c3c0_0, 0;
    %load/vec4 v0x854e68dc0_0;
    %load/vec4 v0x854e68820_0;
    %flag_set/vec4 8;
    %jmp/0 T_27.29, 8;
    %pushi/vec4 2, 0, 32;
    %jmp/1 T_27.30, 8;
T_27.29 ; End of true expr.
    %pushi/vec4 4, 0, 32;
    %jmp/0 T_27.30, 8;
 ; End of false expr.
    %blend;
T_27.30;
    %add;
    %assign/vec4 v0x854e6fd40_0, 0;
    %load/vec4 v0x854e68960_0;
    %addi 1, 0, 64;
    %assign/vec4 v0x854e68960_0, 0;
    %load/vec4 v0x854e6abc0_0;
    %flag_set/vec4 8;
    %jmp/0xz  T_27.31, 8;
    %pushi/vec4 1, 0, 1;
    %assign/vec4 v0x854e6d900_0, 0;
    %load/vec4 v0x854e68dc0_0;
    %load/vec4 v0x854e69c20_0;
    %add;
    %assign/vec4 v0x854e6fd40_0, 0;
    %pushi/vec4 1, 0, 1;
    %assign/vec4 v0x854e6d040_0, 0;
    %jmp T_27.32;
T_27.31 ;
    %pushi/vec4 0, 0, 1;
    %assign/vec4 v0x854e6d900_0, 0;
    %load/vec4 v0x854e6ac60_0;
    %nor/r;
    %flag_set/vec4 8;
    %flag_get/vec4 8;
    %jmp/0 T_27.33, 8;
    %load/vec4 v0x854e6b520_0;
    %nor/r;
    %and;
T_27.33;
    %assign/vec4 v0x854e6d7c0_0, 0;
    %pushi/vec4 32, 0, 8;
    %assign/vec4 v0x854e68a00_0, 0;
T_27.32 ;
T_27.27 ;
    %jmp T_27.15;
T_27.9 ;
    %pushi/vec4 4294967295, 4294967295, 32;
    %assign/vec4 v0x854e6fde0_0, 0;
    %pushi/vec4 4294967295, 4294967295, 32;
    %assign/vec4 v0x854e6fe80_0, 0;
    %pushi/vec4 1, 0, 1;
    %dup/vec4;
    %pushi/vec4 1, 0, 1;
    %flag_set/vec4 8;
    %flag_get/vec4 8;
    %jmp/0 T_27.48, 8;
    %load/vec4 v0x854e6c000_0;
    %and;
T_27.48;
    %cmp/u;
    %jmp/1 T_27.34, 6;
    %dup/vec4;
    %pushi/vec4 1, 0, 1;
    %flag_set/vec4 8;
    %flag_get/vec4 8;
    %jmp/0 T_27.49, 8;
    %load/vec4 v0x854e6cbe0_0;
    %and;
T_27.49;
    %cmp/u;
    %jmp/1 T_27.35, 6;
    %dup/vec4;
    %load/vec4 v0x854e6caa0_0;
    %cmp/u;
    %jmp/1 T_27.36, 6;
    %dup/vec4;
    %pushi/vec4 0, 0, 1;
    %cmp/u;
    %jmp/1 T_27.37, 6;
    %dup/vec4;
    %pushi/vec4 0, 0, 1;
    %cmp/u;
    %jmp/1 T_27.38, 6;
    %dup/vec4;
    %pushi/vec4 0, 0, 1;
    %cmp/u;
    %jmp/1 T_27.39, 6;
    %dup/vec4;
    %pushi/vec4 0, 0, 1;
    %cmp/u;
    %jmp/1 T_27.40, 6;
    %dup/vec4;
    %pushi/vec4 0, 0, 1;
    %cmp/u;
    %jmp/1 T_27.41, 6;
    %dup/vec4;
    %load/vec4 v0x854e6c960_0;
    %flag_set/vec4 8;
    %flag_get/vec4 8;
    %jmp/0 T_27.50, 8;
    %load/vec4 v0x854e6c000_0;
    %nor/r;
    %and;
T_27.50;
    %cmp/u;
    %jmp/1 T_27.42, 6;
    %dup/vec4;
    %load/vec4 v0x854e6cdc0_0;
    %flag_set/vec4 8;
    %flag_get/vec4 8;
    %jmp/0 T_27.51, 8;
    %pushi/vec4 1, 0, 1;
    %and;
T_27.51;
    %cmp/u;
    %jmp/1 T_27.43, 6;
    %dup/vec4;
    %load/vec4 v0x854e6c8c0_0;
    %cmp/u;
    %jmp/1 T_27.44, 6;
    %dup/vec4;
    %load/vec4 v0x854e6cdc0_0;
    %flag_set/vec4 8;
    %flag_get/vec4 8;
    %jmp/0 T_27.52, 8;
    %pushi/vec4 0, 0, 1;
    %and;
T_27.52;
    %cmp/u;
    %jmp/1 T_27.45, 6;
    %load/vec4 v0x854e68b40_0;
    %assign/vec4 v0x854e6fde0_0, 0;
    %load/vec4 v0x854e68b40_0;
    %assign/vec4 v0x854e69860_0, 0;
    %pushi/vec4 1, 0, 1;
    %assign/vec4 v0x854e69900_0, 0;
    %load/vec4 v0x854e68be0_0;
    %pad/u 5;
    %assign/vec4 v0x854e700a0_0, 0;
    %load/vec4 v0x854e68be0_0;
    %assign/vec4 v0x854e6fe80_0, 0;
    %load/vec4 v0x854e68be0_0;
    %assign/vec4 v0x854e699a0_0, 0;
    %pushi/vec4 1, 0, 1;
    %assign/vec4 v0x854e69a40_0, 0;
    %pushi/vec4 1, 0, 1;
    %dup/vec4;
    %load/vec4 v0x854e6cc80_0;
    %cmp/u;
    %jmp/1 T_27.53, 6;
    %dup/vec4;
    %load/vec4 v0x854e6cd20_0;
    %flag_set/vec4 8;
    %flag_get/vec4 8;
    %jmp/0 T_27.57, 8;
    %pushi/vec4 1, 0, 1;
    %and;
T_27.57;
    %cmp/u;
    %jmp/1 T_27.54, 6;
    %load/vec4 v0x854e6d7c0_0;
    %assign/vec4 v0x854e6d900_0, 0;
    %pushi/vec4 8, 0, 8;
    %assign/vec4 v0x854e68a00_0, 0;
    %jmp T_27.56;
T_27.53 ;
    %pushi/vec4 2, 0, 8;
    %assign/vec4 v0x854e68a00_0, 0;
    %pushi/vec4 1, 0, 1;
    %assign/vec4 v0x854e6d900_0, 0;
    %jmp T_27.56;
T_27.54 ;
    %pushi/vec4 4, 0, 8;
    %assign/vec4 v0x854e68a00_0, 0;
    %jmp T_27.56;
T_27.56 ;
    %pop/vec4 1;
    %jmp T_27.47;
T_27.34 ;
    %pushi/vec4 128, 0, 8;
    %assign/vec4 v0x854e68a00_0, 0;
    %jmp T_27.47;
T_27.35 ;
    %pushi/vec4 1, 0, 1;
    %dup/vec4;
    %load/vec4 v0x854e6b2a0_0;
    %cmp/u;
    %jmp/1 T_27.58, 6;
    %dup/vec4;
    %load/vec4 v0x854e6b340_0;
    %flag_set/vec4 8;
    %flag_get/vec4 8;
    %jmp/0 T_27.63, 8;
    %pushi/vec4 1, 0, 1;
    %and;
T_27.63;
    %cmp/u;
    %jmp/1 T_27.59, 6;
    %dup/vec4;
    %load/vec4 v0x854e6b3e0_0;
    %cmp/u;
    %jmp/1 T_27.60, 6;
    %dup/vec4;
    %load/vec4 v0x854e6b480_0;
    %flag_set/vec4 8;
    %flag_get/vec4 8;
    %jmp/0 T_27.64, 8;
    %pushi/vec4 1, 0, 1;
    %and;
T_27.64;
    %cmp/u;
    %jmp/1 T_27.61, 6;
    %jmp T_27.62;
T_27.58 ;
    %load/vec4 v0x854e688c0_0;
    %parti/s 32, 0, 2;
    %assign/vec4 v0x854e6ff20_0, 0;
    %jmp T_27.62;
T_27.59 ;
    %load/vec4 v0x854e688c0_0;
    %parti/s 32, 32, 7;
    %assign/vec4 v0x854e6ff20_0, 0;
    %jmp T_27.62;
T_27.60 ;
    %load/vec4 v0x854e68960_0;
    %parti/s 32, 0, 2;
    %assign/vec4 v0x854e6ff20_0, 0;
    %jmp T_27.62;
T_27.61 ;
    %load/vec4 v0x854e68960_0;
    %parti/s 32, 32, 7;
    %assign/vec4 v0x854e6ff20_0, 0;
    %jmp T_27.62;
T_27.62 ;
    %pop/vec4 1;
    %pushi/vec4 1, 0, 1;
    %assign/vec4 v0x854e6d4a0_0, 0;
    %pushi/vec4 64, 0, 8;
    %assign/vec4 v0x854e68a00_0, 0;
    %jmp T_27.47;
T_27.36 ;
    %load/vec4 v0x854e6af80_0;
    %flag_set/vec4 8;
    %jmp/0 T_27.65, 8;
    %pushi/vec4 0, 0, 32;
    %jmp/1 T_27.66, 8;
T_27.65 ; End of true expr.
    %load/vec4 v0x854e70000_0;
    %jmp/0 T_27.66, 8;
 ; End of false expr.
    %blend;
T_27.66;
    %assign/vec4 v0x854e6fde0_0, 0;
    %load/vec4 v0x854e69b80_0;
    %assign/vec4 v0x854e6fe80_0, 0;
    %load/vec4 v0x854e6d7c0_0;
    %assign/vec4 v0x854e6d900_0, 0;
    %pushi/vec4 8, 0, 8;
    %assign/vec4 v0x854e68a00_0, 0;
    %jmp T_27.47;
T_27.37 ;
    %load/vec4 v0x854e68b40_0;
    %assign/vec4 v0x854e6ff20_0, 0;
    %load/vec4 v0x854e68b40_0;
    %assign/vec4 v0x854e69860_0, 0;
    %pushi/vec4 1, 0, 1;
    %assign/vec4 v0x854e69900_0, 0;
    %pushi/vec4 1, 0, 1;
    %assign/vec4 v0x854e6d4a0_0, 0;
    %pushi/vec4 64, 0, 8;
    %assign/vec4 v0x854e68a00_0, 0;
    %jmp T_27.47;
T_27.38 ;
    %load/vec4 v0x854e68b40_0;
    %assign/vec4 v0x854e6ff20_0, 0;
    %load/vec4 v0x854e68b40_0;
    %assign/vec4 v0x854e69860_0, 0;
    %pushi/vec4 1, 0, 1;
    %assign/vec4 v0x854e69900_0, 0;
    %load/vec4 v0x854e6d360_0;
    %pad/u 32;
    %pushi/vec4 32, 0, 32;
    %or;
    %pad/u 5;
    %assign/vec4 v0x854e6d360_0, 0;
    %pushi/vec4 1, 0, 1;
    %assign/vec4 v0x854e6d4a0_0, 0;
    %pushi/vec4 64, 0, 8;
    %assign/vec4 v0x854e68a00_0, 0;
    %jmp T_27.47;
T_27.39 ;
    %pushi/vec4 0, 0, 32;
    %assign/vec4 v0x854e6a260_0, 0;
    %pushi/vec4 0, 0, 1;
    %assign/vec4 v0x854e6c320_0, 0;
    %pushi/vec4 1, 0, 1;
    %assign/vec4 v0x854e6d040_0, 0;
    %pushi/vec4 1, 0, 1;
    %assign/vec4 v0x854e6d4a0_0, 0;
    %load/vec4 v0x854e68b40_0;
    %pushi/vec4 4294967294, 0, 32;
    %and;
    %assign/vec4 v0x854e6ff20_0, 0;
    %load/vec4 v0x854e68b40_0;
    %assign/vec4 v0x854e69860_0, 0;
    %pushi/vec4 1, 0, 1;
    %assign/vec4 v0x854e69900_0, 0;
    %pushi/vec4 64, 0, 8;
    %assign/vec4 v0x854e68a00_0, 0;
    %jmp T_27.47;
T_27.40 ;
    %pushi/vec4 1, 0, 1;
    %assign/vec4 v0x854e6d4a0_0, 0;
    %load/vec4 v0x854e6c460_0;
    %assign/vec4 v0x854e6ff20_0, 0;
    %load/vec4 v0x854e68b40_0;
    %pushi/vec4 0, 0, 32;
    %or;
    %assign/vec4 v0x854e6c460_0, 0;
    %load/vec4 v0x854e68b40_0;
    %assign/vec4 v0x854e69860_0, 0;
    %pushi/vec4 1, 0, 1;
    %assign/vec4 v0x854e69900_0, 0;
    %pushi/vec4 64, 0, 8;
    %assign/vec4 v0x854e68a00_0, 0;
    %jmp T_27.47;
T_27.41 ;
    %pushi/vec4 1, 0, 1;
    %assign/vec4 v0x854e6d4a0_0, 0;
    %load/vec4 v0x854e703c0_0;
    %assign/vec4 v0x854e6ff20_0, 0;
    %load/vec4 v0x854e68b40_0;
    %assign/vec4 v0x854e703c0_0, 0;
    %load/vec4 v0x854e68b40_0;
    %assign/vec4 v0x854e69860_0, 0;
    %pushi/vec4 1, 0, 1;
    %assign/vec4 v0x854e69900_0, 0;
    %pushi/vec4 64, 0, 8;
    %assign/vec4 v0x854e68a00_0, 0;
    %jmp T_27.47;
T_27.42 ;
    %load/vec4 v0x854e68b40_0;
    %assign/vec4 v0x854e6fde0_0, 0;
    %load/vec4 v0x854e68b40_0;
    %assign/vec4 v0x854e69860_0, 0;
    %pushi/vec4 1, 0, 1;
    %assign/vec4 v0x854e69900_0, 0;
    %pushi/vec4 1, 0, 8;
    %assign/vec4 v0x854e68a00_0, 0;
    %pushi/vec4 1, 0, 1;
    %assign/vec4 v0x854e6d900_0, 0;
    %jmp T_27.47;
T_27.43 ;
    %load/vec4 v0x854e68b40_0;
    %assign/vec4 v0x854e6fde0_0, 0;
    %load/vec4 v0x854e68b40_0;
    %assign/vec4 v0x854e69860_0, 0;
    %pushi/vec4 1, 0, 1;
    %assign/vec4 v0x854e69900_0, 0;
    %load/vec4 v0x854e69ea0_0;
    %assign/vec4 v0x854e700a0_0, 0;
    %pushi/vec4 4, 0, 8;
    %assign/vec4 v0x854e68a00_0, 0;
    %jmp T_27.47;
T_27.44 ;
    %load/vec4 v0x854e68b40_0;
    %assign/vec4 v0x854e6fde0_0, 0;
    %load/vec4 v0x854e68b40_0;
    %assign/vec4 v0x854e69860_0, 0;
    %pushi/vec4 1, 0, 1;
    %assign/vec4 v0x854e69900_0, 0;
    %load/vec4 v0x854e6cdc0_0;
    %flag_set/vec4 9;
    %flag_get/vec4 9;
    %jmp/0 T_27.69, 9;
    %pushi/vec4 0, 0, 1;
    %and;
T_27.69;
    %flag_set/vec4 8;
    %jmp/0 T_27.67, 8;
    %load/vec4 v0x854e69ea0_0;
    %pad/u 32;
    %jmp/1 T_27.68, 8;
T_27.67 ; End of true expr.
    %load/vec4 v0x854e69b80_0;
    %jmp/0 T_27.68, 8;
 ; End of false expr.
    %blend;
T_27.68;
    %assign/vec4 v0x854e6fe80_0, 0;
    %load/vec4 v0x854e6d7c0_0;
    %assign/vec4 v0x854e6d900_0, 0;
    %pushi/vec4 8, 0, 8;
    %assign/vec4 v0x854e68a00_0, 0;
    %jmp T_27.47;
T_27.45 ;
    %load/vec4 v0x854e68b40_0;
    %assign/vec4 v0x854e6fde0_0, 0;
    %load/vec4 v0x854e68b40_0;
    %assign/vec4 v0x854e69860_0, 0;
    %pushi/vec4 1, 0, 1;
    %assign/vec4 v0x854e69900_0, 0;
    %load/vec4 v0x854e6cdc0_0;
    %flag_set/vec4 9;
    %flag_get/vec4 9;
    %jmp/0 T_27.72, 9;
    %pushi/vec4 0, 0, 1;
    %and;
T_27.72;
    %flag_set/vec4 8;
    %jmp/0 T_27.70, 8;
    %load/vec4 v0x854e69ea0_0;
    %pad/u 32;
    %jmp/1 T_27.71, 8;
T_27.70 ; End of true expr.
    %load/vec4 v0x854e69b80_0;
    %jmp/0 T_27.71, 8;
 ; End of false expr.
    %blend;
T_27.71;
    %assign/vec4 v0x854e6fe80_0, 0;
    %load/vec4 v0x854e6d7c0_0;
    %assign/vec4 v0x854e6d900_0, 0;
    %pushi/vec4 8, 0, 8;
    %assign/vec4 v0x854e68a00_0, 0;
    %jmp T_27.47;
T_27.47 ;
    %pop/vec4 1;
    %jmp T_27.15;
T_27.10 ;
    %load/vec4 v0x854e68be0_0;
    %pad/u 5;
    %assign/vec4 v0x854e700a0_0, 0;
    %load/vec4 v0x854e68be0_0;
    %assign/vec4 v0x854e6fe80_0, 0;
    %load/vec4 v0x854e68be0_0;
    %assign/vec4 v0x854e699a0_0, 0;
    %pushi/vec4 1, 0, 1;
    %assign/vec4 v0x854e69a40_0, 0;
    %pushi/vec4 1, 0, 1;
    %dup/vec4;
    %pushi/vec4 0, 0, 1;
    %cmp/u;
    %jmp/1 T_27.73, 6;
    %dup/vec4;
    %load/vec4 v0x854e6cc80_0;
    %cmp/u;
    %jmp/1 T_27.74, 6;
    %dup/vec4;
    %load/vec4 v0x854e6cd20_0;
    %flag_set/vec4 8;
    %flag_get/vec4 8;
    %jmp/0 T_27.78, 8;
    %pushi/vec4 1, 0, 1;
    %and;
T_27.78;
    %cmp/u;
    %jmp/1 T_27.75, 6;
    %load/vec4 v0x854e6d7c0_0;
    %assign/vec4 v0x854e6d900_0, 0;
    %pushi/vec4 8, 0, 8;
    %assign/vec4 v0x854e68a00_0, 0;
    %jmp T_27.77;
T_27.73 ;
    %pushi/vec4 1, 0, 1;
    %assign/vec4 v0x854e6f700_0, 0;
    %load/vec4 v0x854e6ef80_0;
    %flag_set/vec4 8;
    %jmp/0xz  T_27.79, 8;
    %pushi/vec4 1, 0, 1;
    %assign/vec4 v0x854e6d900_0, 0;
    %pushi/vec4 0, 0, 1;
    %assign/vec4 v0x854e6f700_0, 0;
    %load/vec4 v0x854e6eee0_0;
    %assign/vec4 v0x854e6ff20_0, 0;
    %load/vec4 v0x854e6f0c0_0;
    %assign/vec4 v0x854e6d4a0_0, 0;
    %pushi/vec4 64, 0, 8;
    %assign/vec4 v0x854e68a00_0, 0;
    %jmp T_27.80;
T_27.79 ;
    %pushi/vec4 1, 0, 1;
    %flag_set/vec4 9;
    %flag_get/vec4 9;
    %jmp/0 T_27.83, 9;
    %load/vec4 v0x854e6f660_0;
    %flag_set/vec4 9;
    %flag_get/vec4 9;
    %jmp/1 T_27.84, 9;
    %load/vec4 v0x854e6a9e0_0;
    %or;
T_27.84;
    %and;
T_27.83;
    %flag_set/vec4 8;
    %jmp/0xz  T_27.81, 8;
    %pushi/vec4 0, 0, 1;
    %assign/vec4 v0x854e6f700_0, 0;
    %pushi/vec4 128, 0, 8;
    %assign/vec4 v0x854e68a00_0, 0;
T_27.81 ;
T_27.80 ;
    %jmp T_27.77;
T_27.74 ;
    %pushi/vec4 2, 0, 8;
    %assign/vec4 v0x854e68a00_0, 0;
    %pushi/vec4 1, 0, 1;
    %assign/vec4 v0x854e6d900_0, 0;
    %jmp T_27.77;
T_27.75 ;
    %pushi/vec4 4, 0, 8;
    %assign/vec4 v0x854e68a00_0, 0;
    %jmp T_27.77;
T_27.77 ;
    %pop/vec4 1;
    %jmp T_27.15;
T_27.11 ;
    %load/vec4 v0x854e70000_0;
    %load/vec4 v0x854e69b80_0;
    %add;
    %assign/vec4 v0x854e6ff20_0, 0;
    %load/vec4 v0x854e6c780_0;
    %flag_set/vec4 8;
    %jmp/0xz  T_27.85, 8;
    %pushi/vec4 0, 0, 5;
    %assign/vec4 v0x854e6d360_0, 0;
    %load/vec4 v0x854e33de0_0;
    %assign/vec4 v0x854e6d4a0_0, 0;
    %load/vec4 v0x854e33de0_0;
    %assign/vec4 v0x854e6d040_0, 0;
    %load/vec4 v0x854e6da40_0;
    %flag_set/vec4 8;
    %jmp/0xz  T_27.87, 8;
    %pushi/vec4 64, 0, 8;
    %assign/vec4 v0x854e68a00_0, 0;
T_27.87 ;
    %load/vec4 v0x854e33de0_0;
    %flag_set/vec4 8;
    %jmp/0xz  T_27.89, 8;
    %pushi/vec4 0, 0, 1;
    %assign/vec4 v0x854e6a080_0, 0;
    %pushi/vec4 1, 0, 1;
    %store/vec4 v0x854e70280_0, 0, 1;
T_27.89 ;
    %jmp T_27.86;
T_27.85 ;
    %load/vec4 v0x854e6ac60_0;
    %assign/vec4 v0x854e6d040_0, 0;
    %pushi/vec4 1, 0, 1;
    %assign/vec4 v0x854e6d4a0_0, 0;
    %pushi/vec4 1, 0, 1;
    %assign/vec4 v0x854e6d400_0, 0;
    %pushi/vec4 64, 0, 8;
    %assign/vec4 v0x854e68a00_0, 0;
T_27.86 ;
    %jmp T_27.15;
T_27.12 ;
    %pushi/vec4 1, 0, 1;
    %assign/vec4 v0x854e6d4a0_0, 0;
    %load/vec4 v0x854e700a0_0;
    %pad/u 32;
    %cmpi/e 0, 0, 32;
    %jmp/0xz  T_27.91, 4;
    %load/vec4 v0x854e6fde0_0;
    %assign/vec4 v0x854e6ff20_0, 0;
    %load/vec4 v0x854e6d7c0_0;
    %assign/vec4 v0x854e6d900_0, 0;
    %pushi/vec4 64, 0, 8;
    %assign/vec4 v0x854e68a00_0, 0;
    %jmp T_27.92;
T_27.91 ;
    %pushi/vec4 1, 0, 1;
    %flag_set/vec4 9;
    %flag_get/vec4 9;
    %jmp/0 T_27.95, 9;
    %pushi/vec4 4, 0, 32;
    %load/vec4 v0x854e700a0_0;
    %pad/u 32;
    %cmp/u;
    %flag_get/vec4 4;
    %flag_get/vec4 5;
    %or;
    %and;
T_27.95;
    %flag_set/vec4 8;
    %jmp/0xz  T_27.93, 8;
    %pushi/vec4 1, 0, 1;
    %dup/vec4;
    %load/vec4 v0x854e6b840_0;
    %flag_set/vec4 8;
    %flag_get/vec4 8;
    %jmp/1 T_27.100, 8;
    %load/vec4 v0x854e6b7a0_0;
    %or;
T_27.100;
    %cmp/u;
    %jmp/1 T_27.96, 6;
    %dup/vec4;
    %load/vec4 v0x854e6bd40_0;
    %flag_set/vec4 8;
    %flag_get/vec4 8;
    %jmp/1 T_27.101, 8;
    %load/vec4 v0x854e6bca0_0;
    %or;
T_27.101;
    %cmp/u;
    %jmp/1 T_27.97, 6;
    %dup/vec4;
    %load/vec4 v0x854e6bc00_0;
    %flag_set/vec4 8;
    %flag_get/vec4 8;
    %jmp/1 T_27.102, 8;
    %load/vec4 v0x854e6bb60_0;
    %or;
T_27.102;
    %cmp/u;
    %jmp/1 T_27.98, 6;
    %jmp T_27.99;
T_27.96 ;
    %load/vec4 v0x854e6fde0_0;
    %ix/load 4, 4, 0;
    %flag_set/imm 4, 0;
    %shiftl 4;
    %assign/vec4 v0x854e6fde0_0, 0;
    %jmp T_27.99;
T_27.97 ;
    %load/vec4 v0x854e6fde0_0;
    %ix/load 4, 4, 0;
    %flag_set/imm 4, 0;
    %shiftr 4;
    %assign/vec4 v0x854e6fde0_0, 0;
    %jmp T_27.99;
T_27.98 ;
    %load/vec4 v0x854e6fde0_0;
    %ix/load 4, 4, 0;
    %flag_set/imm 4, 0;
    %shiftr/s 4;
    %assign/vec4 v0x854e6fde0_0, 0;
    %jmp T_27.99;
T_27.99 ;
    %pop/vec4 1;
    %load/vec4 v0x854e700a0_0;
    %subi 4, 0, 5;
    %assign/vec4 v0x854e700a0_0, 0;
    %jmp T_27.94;
T_27.93 ;
    %pushi/vec4 1, 0, 1;
    %dup/vec4;
    %load/vec4 v0x854e6b840_0;
    %flag_set/vec4 8;
    %flag_get/vec4 8;
    %jmp/1 T_27.107, 8;
    %load/vec4 v0x854e6b7a0_0;
    %or;
T_27.107;
    %cmp/u;
    %jmp/1 T_27.103, 6;
    %dup/vec4;
    %load/vec4 v0x854e6bd40_0;
    %flag_set/vec4 8;
    %flag_get/vec4 8;
    %jmp/1 T_27.108, 8;
    %load/vec4 v0x854e6bca0_0;
    %or;
T_27.108;
    %cmp/u;
    %jmp/1 T_27.104, 6;
    %dup/vec4;
    %load/vec4 v0x854e6bc00_0;
    %flag_set/vec4 8;
    %flag_get/vec4 8;
    %jmp/1 T_27.109, 8;
    %load/vec4 v0x854e6bb60_0;
    %or;
T_27.109;
    %cmp/u;
    %jmp/1 T_27.105, 6;
    %jmp T_27.106;
T_27.103 ;
    %load/vec4 v0x854e6fde0_0;
    %ix/load 4, 1, 0;
    %flag_set/imm 4, 0;
    %shiftl 4;
    %assign/vec4 v0x854e6fde0_0, 0;
    %jmp T_27.106;
T_27.104 ;
    %load/vec4 v0x854e6fde0_0;
    %ix/load 4, 1, 0;
    %flag_set/imm 4, 0;
    %shiftr 4;
    %assign/vec4 v0x854e6fde0_0, 0;
    %jmp T_27.106;
T_27.105 ;
    %load/vec4 v0x854e6fde0_0;
    %ix/load 4, 1, 0;
    %flag_set/imm 4, 0;
    %shiftr/s 4;
    %assign/vec4 v0x854e6fde0_0, 0;
    %jmp T_27.106;
T_27.106 ;
    %pop/vec4 1;
    %load/vec4 v0x854e700a0_0;
    %subi 1, 0, 5;
    %assign/vec4 v0x854e700a0_0, 0;
T_27.94 ;
T_27.92 ;
    %jmp T_27.15;
T_27.13 ;
    %load/vec4 v0x854e6d7c0_0;
    %nor/r;
    %flag_set/vec4 8;
    %jmp/1 T_27.112, 8;
    %load/vec4 v0x854e6da40_0;
    %flag_set/vec4 9;
    %flag_or 8, 9;
T_27.112;
    %jmp/0xz  T_27.110, 8;
    %load/vec4 v0x854e6d9a0_0;
    %nor/r;
    %flag_set/vec4 8;
    %jmp/0xz  T_27.113, 8;
    %pushi/vec4 1, 0, 1;
    %dup/vec4;
    %load/vec4 v0x854e6b5c0_0;
    %cmp/u;
    %jmp/1 T_27.115, 6;
    %dup/vec4;
    %load/vec4 v0x854e6b700_0;
    %cmp/u;
    %jmp/1 T_27.116, 6;
    %dup/vec4;
    %load/vec4 v0x854e6be80_0;
    %cmp/u;
    %jmp/1 T_27.117, 6;
    %jmp T_27.118;
T_27.115 ;
    %pushi/vec4 2, 0, 2;
    %assign/vec4 v0x854e6e760_0, 0;
    %jmp T_27.118;
T_27.116 ;
    %pushi/vec4 1, 0, 2;
    %assign/vec4 v0x854e6e760_0, 0;
    %jmp T_27.118;
T_27.117 ;
    %pushi/vec4 0, 0, 2;
    %assign/vec4 v0x854e6e760_0, 0;
    %jmp T_27.118;
T_27.118 ;
    %pop/vec4 1;
    %load/vec4 v0x854e6fde0_0;
    %load/vec4 v0x854e69b80_0;
    %add;
    %assign/vec4 v0x854e6fde0_0, 0;
    %pushi/vec4 1, 0, 1;
    %store/vec4 v0x854e70320_0, 0, 1;
T_27.113 ;
    %load/vec4 v0x854e6d7c0_0;
    %nor/r;
    %flag_set/vec4 9;
    %flag_get/vec4 9;
    %jmp/0 T_27.121, 9;
    %load/vec4 v0x854e6da40_0;
    %and;
T_27.121;
    %flag_set/vec4 8;
    %jmp/0xz  T_27.119, 8;
    %pushi/vec4 64, 0, 8;
    %assign/vec4 v0x854e68a00_0, 0;
    %pushi/vec4 1, 0, 1;
    %assign/vec4 v0x854e6a080_0, 0;
    %pushi/vec4 1, 0, 1;
    %assign/vec4 v0x854e69f40_0, 0;
T_27.119 ;
T_27.110 ;
    %jmp T_27.15;
T_27.14 ;
    %pushi/vec4 1, 0, 1;
    %assign/vec4 v0x854e6d4a0_0, 0;
    %load/vec4 v0x854e6d7c0_0;
    %nor/r;
    %flag_set/vec4 8;
    %jmp/1 T_27.124, 8;
    %load/vec4 v0x854e6da40_0;
    %flag_set/vec4 9;
    %flag_or 8, 9;
T_27.124;
    %jmp/0xz  T_27.122, 8;
    %load/vec4 v0x854e6d860_0;
    %nor/r;
    %flag_set/vec4 8;
    %jmp/0xz  T_27.125, 8;
    %pushi/vec4 1, 0, 1;
    %dup/vec4;
    %load/vec4 v0x854e6ad00_0;
    %flag_set/vec4 8;
    %flag_get/vec4 8;
    %jmp/1 T_27.131, 8;
    %load/vec4 v0x854e6ada0_0;
    %or;
T_27.131;
    %cmp/u;
    %jmp/1 T_27.127, 6;
    %dup/vec4;
    %load/vec4 v0x854e6ae40_0;
    %flag_set/vec4 8;
    %flag_get/vec4 8;
    %jmp/1 T_27.132, 8;
    %load/vec4 v0x854e6aee0_0;
    %or;
T_27.132;
    %cmp/u;
    %jmp/1 T_27.128, 6;
    %dup/vec4;
    %load/vec4 v0x854e6b020_0;
    %cmp/u;
    %jmp/1 T_27.129, 6;
    %jmp T_27.130;
T_27.127 ;
    %pushi/vec4 2, 0, 2;
    %assign/vec4 v0x854e6e760_0, 0;
    %jmp T_27.130;
T_27.128 ;
    %pushi/vec4 1, 0, 2;
    %assign/vec4 v0x854e6e760_0, 0;
    %jmp T_27.130;
T_27.129 ;
    %pushi/vec4 0, 0, 2;
    %assign/vec4 v0x854e6e760_0, 0;
    %jmp T_27.130;
T_27.130 ;
    %pop/vec4 1;
    %load/vec4 v0x854e6ca00_0;
    %assign/vec4 v0x854e6d2c0_0, 0;
    %load/vec4 v0x854e6ae40_0;
    %assign/vec4 v0x854e6d220_0, 0;
    %load/vec4 v0x854e6ad00_0;
    %assign/vec4 v0x854e6d180_0, 0;
    %load/vec4 v0x854e6fde0_0;
    %load/vec4 v0x854e69b80_0;
    %add;
    %assign/vec4 v0x854e6fde0_0, 0;
    %pushi/vec4 1, 0, 1;
    %store/vec4 v0x854e701e0_0, 0, 1;
T_27.125 ;
    %load/vec4 v0x854e6d7c0_0;
    %nor/r;
    %flag_set/vec4 9;
    %flag_get/vec4 9;
    %jmp/0 T_27.135, 9;
    %load/vec4 v0x854e6da40_0;
    %and;
T_27.135;
    %flag_set/vec4 8;
    %jmp/0xz  T_27.133, 8;
    %pushi/vec4 1, 0, 1;
    %dup/vec4;
    %load/vec4 v0x854e6d2c0_0;
    %cmp/u;
    %jmp/1 T_27.136, 6;
    %dup/vec4;
    %load/vec4 v0x854e6d220_0;
    %cmp/u;
    %jmp/1 T_27.137, 6;
    %dup/vec4;
    %load/vec4 v0x854e6d180_0;
    %cmp/u;
    %jmp/1 T_27.138, 6;
    %jmp T_27.139;
T_27.136 ;
    %load/vec4 v0x854e6e440_0;
    %assign/vec4 v0x854e6ff20_0, 0;
    %jmp T_27.139;
T_27.137 ;
    %load/vec4 v0x854e6e440_0;
    %parti/s 16, 0, 2;
    %pad/s 32;
    %assign/vec4 v0x854e6ff20_0, 0;
    %jmp T_27.139;
T_27.138 ;
    %load/vec4 v0x854e6e440_0;
    %parti/s 8, 0, 2;
    %pad/s 32;
    %assign/vec4 v0x854e6ff20_0, 0;
    %jmp T_27.139;
T_27.139 ;
    %pop/vec4 1;
    %pushi/vec4 1, 0, 1;
    %assign/vec4 v0x854e6a080_0, 0;
    %pushi/vec4 1, 0, 1;
    %assign/vec4 v0x854e69f40_0, 0;
    %pushi/vec4 64, 0, 8;
    %assign/vec4 v0x854e68a00_0, 0;
T_27.133 ;
T_27.122 ;
    %jmp T_27.15;
T_27.15 ;
    %pop/vec4 1;
T_27.6 ;
    %pushi/vec4 1, 0, 1;
    %flag_set/vec4 10;
    %flag_get/vec4 10;
    %jmp/0 T_27.143, 10;
    %load/vec4 v0x854e70140_0;
    %and;
T_27.143;
    %flag_set/vec4 9;
    %flag_get/vec4 9;
    %jmp/0 T_27.142, 9;
    %load/vec4 v0x854e6d860_0;
    %flag_set/vec4 9;
    %flag_get/vec4 9;
    %jmp/1 T_27.144, 9;
    %load/vec4 v0x854e6d9a0_0;
    %or;
T_27.144;
    %and;
T_27.142;
    %flag_set/vec4 8;
    %jmp/0xz  T_27.140, 8;
    %load/vec4 v0x854e6e760_0;
    %pad/u 32;
    %cmpi/e 0, 0, 32;
    %flag_get/vec4 4;
    %jmp/0 T_27.147, 4;
    %load/vec4 v0x854e6fde0_0;
    %parti/s 2, 0, 2;
    %pad/u 32;
    %pushi/vec4 0, 0, 32;
    %cmp/ne;
    %flag_get/vec4 4;
    %and;
T_27.147;
    %flag_set/vec4 8;
    %jmp/0xz  T_27.145, 8;
    %pushi/vec4 128, 0, 8;
    %assign/vec4 v0x854e68a00_0, 0;
T_27.145 ;
    %load/vec4 v0x854e6e760_0;
    %pad/u 32;
    %cmpi/e 1, 0, 32;
    %flag_get/vec4 4;
    %jmp/0 T_27.150, 4;
    %load/vec4 v0x854e6fde0_0;
    %parti/s 1, 0, 2;
    %pad/u 32;
    %pushi/vec4 0, 0, 32;
    %cmp/ne;
    %flag_get/vec4 4;
    %and;
T_27.150;
    %flag_set/vec4 8;
    %jmp/0xz  T_27.148, 8;
    %pushi/vec4 128, 0, 8;
    %assign/vec4 v0x854e68a00_0, 0;
T_27.148 ;
T_27.140 ;
    %pushi/vec4 1, 0, 1;
    %flag_set/vec4 11;
    %flag_get/vec4 11;
    %jmp/0 T_27.155, 11;
    %load/vec4 v0x854e70140_0;
    %and;
T_27.155;
    %flag_set/vec4 10;
    %flag_get/vec4 10;
    %jmp/0 T_27.154, 10;
    %load/vec4 v0x854e6d900_0;
    %and;
T_27.154;
    %flag_set/vec4 9;
    %flag_get/vec4 9;
    %jmp/0 T_27.153, 9;
    %load/vec4 v0x854e70000_0;
    %parti/s 2, 0, 2;
    %or/r;
    %and;
T_27.153;
    %flag_set/vec4 8;
    %jmp/0xz  T_27.151, 8;
    %pushi/vec4 128, 0, 8;
    %assign/vec4 v0x854e68a00_0, 0;
T_27.151 ;
    %load/vec4 v0x854e70140_0;
    %nor/r;
    %flag_set/vec4 8;
    %jmp/1 T_27.158, 8;
    %load/vec4 v0x854e6da40_0;
    %flag_set/vec4 9;
    %flag_or 8, 9;
T_27.158;
    %jmp/0xz  T_27.156, 8;
    %pushi/vec4 0, 0, 1;
    %assign/vec4 v0x854e6d7c0_0, 0;
    %pushi/vec4 0, 0, 1;
    %assign/vec4 v0x854e6d900_0, 0;
    %pushi/vec4 0, 0, 1;
    %assign/vec4 v0x854e6d860_0, 0;
    %pushi/vec4 0, 0, 1;
    %assign/vec4 v0x854e6d9a0_0, 0;
T_27.156 ;
    %load/vec4 v0x854e70280_0;
    %flag_set/vec4 8;
    %jmp/0xz  T_27.159, 8;
    %pushi/vec4 1, 0, 1;
    %assign/vec4 v0x854e6d900_0, 0;
T_27.159 ;
    %load/vec4 v0x854e701e0_0;
    %flag_set/vec4 8;
    %jmp/0xz  T_27.161, 8;
    %pushi/vec4 1, 0, 1;
    %assign/vec4 v0x854e6d860_0, 0;
T_27.161 ;
    %load/vec4 v0x854e70320_0;
    %flag_set/vec4 8;
    %jmp/0xz  T_27.163, 8;
    %pushi/vec4 1, 0, 1;
    %assign/vec4 v0x854e6d9a0_0, 0;
T_27.163 ;
    %load/vec4 v0x854e6ea80_0;
    %pushi/vec4 4294967295, 0, 32;
    %and;
    %assign/vec4 v0x854e6c500_0, 0;
    %pushi/vec4 4294967295, 4294967295, 32;
    %store/vec4 v0x854e68dc0_0, 0, 32;
    %jmp T_27;
    .thread T_27;
    .scope S_0x100c82260;
T_28 ;
    %wait E_0x8551a9580;
    %load/vec4 v0x854e729e0_0;
    %flag_set/vec4 8;
    %jmp/0xz  T_28.0, 8;
    %load/vec4 v0x854e72940_0;
    %load/vec4 v0x854e728a0_0;
    %parti/s 5, 0, 2;
    %inv;
    %pad/u 7;
    %ix/vec4 3;
    %ix/load 4, 0, 0; Constant delay
    %assign/vec4/a/d v0x854e72800, 0, 4;
T_28.0 ;
    %jmp T_28;
    .thread T_28;
    .scope S_0x854e64a80;
T_29 ;
    %wait E_0x8551a9880;
    %load/vec4 v0x854e80c80_0;
    %flag_set/vec4 8;
    %jmp/0 T_29.0, 8;
    %load/vec4 v0x854e84c80_0;
    %load/vec4 v0x854e84d20_0;
    %sub;
    %jmp/1 T_29.1, 8;
T_29.0 ; End of true expr.
    %load/vec4 v0x854e84c80_0;
    %load/vec4 v0x854e84d20_0;
    %add;
    %jmp/0 T_29.1, 8;
 ; End of false expr.
    %blend;
T_29.1;
    %store/vec4 v0x854e78960_0, 0, 32;
    %load/vec4 v0x854e84c80_0;
    %load/vec4 v0x854e84d20_0;
    %cmp/e;
    %flag_get/vec4 4;
    %store/vec4 v0x854e78a00_0, 0, 1;
    %load/vec4 v0x854e84c80_0;
    %load/vec4 v0x854e84d20_0;
    %cmp/s;
    %flag_get/vec4 5;
    %store/vec4 v0x854e78aa0_0, 0, 1;
    %load/vec4 v0x854e84c80_0;
    %load/vec4 v0x854e84d20_0;
    %cmp/u;
    %flag_get/vec4 5;
    %store/vec4 v0x854e78b40_0, 0, 1;
    %load/vec4 v0x854e84c80_0;
    %load/vec4 v0x854e84d20_0;
    %parti/s 5, 0, 2;
    %ix/vec4 4;
    %shiftl 4;
    %store/vec4 v0x854e78e60_0, 0, 32;
    %load/vec4 v0x854e80a00_0;
    %flag_set/vec4 8;
    %jmp/1 T_29.4, 8;
    %load/vec4 v0x854e80aa0_0;
    %flag_set/vec4 9;
    %flag_or 8, 9;
T_29.4;
    %jmp/0 T_29.2, 8;
    %load/vec4 v0x854e84c80_0;
    %parti/s 1, 31, 6;
    %jmp/1 T_29.3, 8;
T_29.2 ; End of true expr.
    %pushi/vec4 0, 0, 1;
    %jmp/0 T_29.3, 8;
 ; End of false expr.
    %blend;
T_29.3;
    %load/vec4 v0x854e84c80_0;
    %concat/vec4; draw_concat_vec4
    %load/vec4 v0x854e84d20_0;
    %parti/s 5, 0, 2;
    %ix/vec4 4;
    %shiftr/s 4;
    %pad/s 32;
    %store/vec4 v0x854e78f00_0, 0, 32;
    %jmp T_29;
    .thread T_29, $push;
    .scope S_0x854e64300;
T_30 ;
    %end;
    .thread T_30;
    .scope S_0x854e64300;
T_31 ;
    %wait E_0x8551a9840;
    %pushi/vec4 0, 0, 1;
    %store/vec4 v0x854e83f20_0, 0, 1;
    %pushi/vec4 4294967295, 4294967295, 32;
    %store/vec4 v0x854e83d40_0, 0, 32;
    %pushi/vec4 0, 0, 1;
    %store/vec4 v0x854e83e80_0, 0, 1;
    %pushi/vec4 0, 0, 1;
    %store/vec4 v0x854e83de0_0, 0, 1;
    %pushi/vec4 1, 0, 1;
    %dup/vec4;
    %pushi/vec4 0, 0, 1;
    %cmp/u;
    %jmp/1 T_31.0, 6;
    %dup/vec4;
    %pushi/vec4 0, 0, 1;
    %cmp/u;
    %jmp/1 T_31.1, 6;
    %dup/vec4;
    %pushi/vec4 0, 0, 1;
    %cmp/u;
    %jmp/1 T_31.2, 6;
    %jmp T_31.3;
T_31.0 ;
    %pushi/vec4 0, 0, 1;
    %store/vec4 v0x854e83f20_0, 0, 1;
    %pushi/vec4 0, 0, 32;
    %store/vec4 v0x854e83d40_0, 0, 32;
    %jmp T_31.3;
T_31.1 ;
    %load/vec4 v0x854e841e0_0;
    %store/vec4 v0x854e83f20_0, 0, 1;
    %load/vec4 v0x854e84000_0;
    %store/vec4 v0x854e83d40_0, 0, 32;
    %jmp T_31.3;
T_31.2 ;
    %load/vec4 v0x854e83c00_0;
    %store/vec4 v0x854e83f20_0, 0, 1;
    %load/vec4 v0x854e83a20_0;
    %store/vec4 v0x854e83d40_0, 0, 32;
    %jmp T_31.3;
T_31.3 ;
    %pop/vec4 1;
    %jmp T_31;
    .thread T_31, $push;
    .scope S_0x854e64300;
T_32 ;
    %wait E_0x8551a9600;
    %load/vec4 v0x854e84fa0_0;
    %nor/r;
    %flag_set/vec4 8;
    %jmp/0xz  T_32.0, 8;
    %pushi/vec4 0, 0, 1;
    %assign/vec4 v0x854e82b20_0, 0;
    %pushi/vec4 0, 0, 1;
    %assign/vec4 v0x854e81e00_0, 0;
    %jmp T_32.1;
T_32.0 ;
    %load/vec4 v0x854e81e00_0;
    %nor/r;
    %flag_set/vec4 8;
    %jmp/0xz  T_32.2, 8;
    %load/vec4 v0x854e82a80_0;
    %assign/vec4 v0x854e82b20_0, 0;
T_32.2 ;
    %load/vec4 v0x854e83480_0;
    %flag_set/vec4 8;
    %flag_get/vec4 8;
    %jmp/0 T_32.4, 8;
    %load/vec4 v0x854e83340_0;
    %nor/r;
    %and;
T_32.4;
    %assign/vec4 v0x854e81e00_0, 0;
T_32.1 ;
    %jmp T_32;
    .thread T_32;
    .scope S_0x854e64300;
T_33 ;
    %wait E_0x8551a9800;
    %load/vec4 v0x854e835c0_0;
    %dup/vec4;
    %pushi/vec4 0, 0, 2;
    %cmp/u;
    %jmp/1 T_33.0, 6;
    %dup/vec4;
    %pushi/vec4 1, 0, 2;
    %cmp/u;
    %jmp/1 T_33.1, 6;
    %dup/vec4;
    %pushi/vec4 2, 0, 2;
    %cmp/u;
    %jmp/1 T_33.2, 6;
    %jmp T_33.3;
T_33.0 ;
    %load/vec4 v0x854e84d20_0;
    %store/vec4 v0x854e82e40_0, 0, 32;
    %pushi/vec4 15, 0, 4;
    %store/vec4 v0x854e82f80_0, 0, 4;
    %load/vec4 v0x854e83020_0;
    %store/vec4 v0x854e832a0_0, 0, 32;
    %jmp T_33.3;
T_33.1 ;
    %load/vec4 v0x854e84d20_0;
    %parti/s 16, 0, 2;
    %replicate 2;
    %store/vec4 v0x854e82e40_0, 0, 32;
    %load/vec4 v0x854e84c80_0;
    %parti/s 1, 1, 2;
    %flag_set/vec4 8;
    %jmp/0 T_33.4, 8;
    %pushi/vec4 12, 0, 4;
    %jmp/1 T_33.5, 8;
T_33.4 ; End of true expr.
    %pushi/vec4 3, 0, 4;
    %jmp/0 T_33.5, 8;
 ; End of false expr.
    %blend;
T_33.5;
    %store/vec4 v0x854e82f80_0, 0, 4;
    %load/vec4 v0x854e84c80_0;
    %parti/s 1, 1, 2;
    %dup/vec4;
    %pushi/vec4 0, 0, 1;
    %cmp/u;
    %jmp/1 T_33.6, 6;
    %dup/vec4;
    %pushi/vec4 1, 0, 1;
    %cmp/u;
    %jmp/1 T_33.7, 6;
    %jmp T_33.8;
T_33.6 ;
    %pushi/vec4 0, 0, 16;
    %load/vec4 v0x854e83020_0;
    %parti/s 16, 0, 2;
    %concat/vec4; draw_concat_vec4
    %store/vec4 v0x854e832a0_0, 0, 32;
    %jmp T_33.8;
T_33.7 ;
    %pushi/vec4 0, 0, 16;
    %load/vec4 v0x854e83020_0;
    %parti/s 16, 16, 6;
    %concat/vec4; draw_concat_vec4
    %store/vec4 v0x854e832a0_0, 0, 32;
    %jmp T_33.8;
T_33.8 ;
    %pop/vec4 1;
    %jmp T_33.3;
T_33.2 ;
    %load/vec4 v0x854e84d20_0;
    %parti/s 8, 0, 2;
    %replicate 4;
    %store/vec4 v0x854e82e40_0, 0, 32;
    %pushi/vec4 1, 0, 4;
    %load/vec4 v0x854e84c80_0;
    %parti/s 2, 0, 2;
    %ix/vec4 4;
    %shiftl 4;
    %store/vec4 v0x854e82f80_0, 0, 4;
    %load/vec4 v0x854e84c80_0;
    %parti/s 2, 0, 2;
    %dup/vec4;
    %pushi/vec4 0, 0, 2;
    %cmp/u;
    %jmp/1 T_33.9, 6;
    %dup/vec4;
    %pushi/vec4 1, 0, 2;
    %cmp/u;
    %jmp/1 T_33.10, 6;
    %dup/vec4;
    %pushi/vec4 2, 0, 2;
    %cmp/u;
    %jmp/1 T_33.11, 6;
    %dup/vec4;
    %pushi/vec4 3, 0, 2;
    %cmp/u;
    %jmp/1 T_33.12, 6;
    %jmp T_33.13;
T_33.9 ;
    %pushi/vec4 0, 0, 24;
    %load/vec4 v0x854e83020_0;
    %parti/s 8, 0, 2;
    %concat/vec4; draw_concat_vec4
    %store/vec4 v0x854e832a0_0, 0, 32;
    %jmp T_33.13;
T_33.10 ;
    %pushi/vec4 0, 0, 24;
    %load/vec4 v0x854e83020_0;
    %parti/s 8, 8, 5;
    %concat/vec4; draw_concat_vec4
    %store/vec4 v0x854e832a0_0, 0, 32;
    %jmp T_33.13;
T_33.11 ;
    %pushi/vec4 0, 0, 24;
    %load/vec4 v0x854e83020_0;
    %parti/s 8, 16, 6;
    %concat/vec4; draw_concat_vec4
    %store/vec4 v0x854e832a0_0, 0, 32;
    %jmp T_33.13;
T_33.12 ;
    %pushi/vec4 0, 0, 24;
    %load/vec4 v0x854e83020_0;
    %parti/s 8, 24, 6;
    %concat/vec4; draw_concat_vec4
    %store/vec4 v0x854e832a0_0, 0, 32;
    %jmp T_33.13;
T_33.13 ;
    %pop/vec4 1;
    %jmp T_33.3;
T_33.3 ;
    %pop/vec4 1;
    %jmp T_33;
    .thread T_33, $push;
    .scope S_0x854e64300;
T_34 ;
    %wait E_0x8551a9600;
    %load/vec4 v0x854e83700_0;
    %flag_set/vec4 8;
    %jmp/0xz  T_34.0, 8;
    %load/vec4 v0x854e83020_0;
    %assign/vec4 v0x854e83200_0, 0;
    %load/vec4 v0x854e83020_0;
    %assign/vec4 v0x854e83840_0, 0;
T_34.0 ;
    %jmp T_34;
    .thread T_34;
    .scope S_0x854e64300;
T_35 ;
    %wait E_0x8551a9600;
    %load/vec4 v0x854e84fa0_0;
    %flag_set/vec4 9;
    %flag_get/vec4 9;
    %jmp/0 T_35.2, 9;
    %load/vec4 v0x854e85400_0;
    %nor/r;
    %and;
T_35.2;
    %flag_set/vec4 8;
    %jmp/0xz  T_35.0, 8;
    %load/vec4 v0x854e82620_0;
    %flag_set/vec4 8;
    %jmp/1 T_35.6, 8;
    %load/vec4 v0x854e82760_0;
    %flag_set/vec4 9;
    %flag_or 8, 9;
T_35.6;
    %jmp/1 T_35.5, 8;
    %load/vec4 v0x854e826c0_0;
    %flag_set/vec4 9;
    %flag_or 8, 9;
T_35.5;
    %jmp/0xz  T_35.3, 8;
    %fork TD_picorv32_wb.picorv32_core.empty_statement, S_0x854e64600;
    %join;
T_35.3 ;
    %load/vec4 v0x854e82620_0;
    %flag_set/vec4 8;
    %jmp/1 T_35.9, 8;
    %load/vec4 v0x854e82760_0;
    %flag_set/vec4 9;
    %flag_or 8, 9;
T_35.9;
    %jmp/0xz  T_35.7, 8;
    %fork TD_picorv32_wb.picorv32_core.empty_statement, S_0x854e64600;
    %join;
T_35.7 ;
    %load/vec4 v0x854e826c0_0;
    %flag_set/vec4 8;
    %jmp/0xz  T_35.10, 8;
    %fork TD_picorv32_wb.picorv32_core.empty_statement, S_0x854e64600;
    %join;
T_35.10 ;
    %load/vec4 v0x854e82800_0;
    %flag_set/vec4 8;
    %jmp/0xz  T_35.12, 8;
    %fork TD_picorv32_wb.picorv32_core.empty_statement, S_0x854e64600;
    %join;
T_35.12 ;
    %load/vec4 v0x854e833e0_0;
    %pad/u 32;
    %cmpi/e 2, 0, 32;
    %jmp/1 T_35.16, 4;
    %flag_mov 8, 4;
    %load/vec4 v0x854e833e0_0;
    %pad/u 32;
    %cmpi/e 3, 0, 32;
    %flag_or 4, 8;
T_35.16;
    %jmp/0xz  T_35.14, 4;
    %fork TD_picorv32_wb.picorv32_core.empty_statement, S_0x854e64600;
    %join;
T_35.14 ;
T_35.0 ;
    %jmp T_35;
    .thread T_35;
    .scope S_0x854e64300;
T_36 ;
    %wait E_0x8551a9600;
    %load/vec4 v0x854e84fa0_0;
    %nor/r;
    %flag_set/vec4 8;
    %jmp/1 T_36.2, 8;
    %load/vec4 v0x854e85400_0;
    %flag_set/vec4 9;
    %flag_or 8, 9;
T_36.2;
    %jmp/0xz  T_36.0, 8;
    %load/vec4 v0x854e84fa0_0;
    %nor/r;
    %flag_set/vec4 8;
    %jmp/0xz  T_36.3, 8;
    %pushi/vec4 0, 0, 2;
    %assign/vec4 v0x854e833e0_0, 0;
T_36.3 ;
    %load/vec4 v0x854e84fa0_0;
    %nor/r;
    %flag_set/vec4 8;
    %jmp/1 T_36.7, 8;
    %load/vec4 v0x854e83340_0;
    %flag_set/vec4 9;
    %flag_or 8, 9;
T_36.7;
    %jmp/0xz  T_36.5, 8;
    %pushi/vec4 0, 0, 1;
    %assign/vec4 v0x854e83480_0, 0;
T_36.5 ;
    %pushi/vec4 0, 0, 1;
    %assign/vec4 v0x854e82d00_0, 0;
    %pushi/vec4 0, 0, 1;
    %assign/vec4 v0x854e84780_0, 0;
    %jmp T_36.1;
T_36.0 ;
    %load/vec4 v0x854e82c60_0;
    %flag_set/vec4 8;
    %jmp/1 T_36.10, 8;
    %load/vec4 v0x854e82ee0_0;
    %flag_set/vec4 9;
    %flag_or 8, 9;
T_36.10;
    %jmp/0xz  T_36.8, 8;
    %load/vec4 v0x854e829e0_0;
    %assign/vec4 v0x854e824e0_0, 0;
    %load/vec4 v0x854e82f80_0;
    %load/vec4 v0x854e82ee0_0;
    %replicate 4;
    %and;
    %assign/vec4 v0x854e83660_0, 0;
T_36.8 ;
    %load/vec4 v0x854e82ee0_0;
    %flag_set/vec4 8;
    %jmp/0xz  T_36.11, 8;
    %load/vec4 v0x854e82e40_0;
    %assign/vec4 v0x854e83520_0, 0;
T_36.11 ;
    %load/vec4 v0x854e833e0_0;
    %dup/vec4;
    %pushi/vec4 0, 0, 2;
    %cmp/u;
    %jmp/1 T_36.13, 6;
    %dup/vec4;
    %pushi/vec4 1, 0, 2;
    %cmp/u;
    %jmp/1 T_36.14, 6;
    %dup/vec4;
    %pushi/vec4 2, 0, 2;
    %cmp/u;
    %jmp/1 T_36.15, 6;
    %dup/vec4;
    %pushi/vec4 3, 0, 2;
    %cmp/u;
    %jmp/1 T_36.16, 6;
    %jmp T_36.17;
T_36.13 ;
    %load/vec4 v0x854e82620_0;
    %flag_set/vec4 8;
    %jmp/1 T_36.21, 8;
    %load/vec4 v0x854e82760_0;
    %flag_set/vec4 9;
    %flag_or 8, 9;
T_36.21;
    %jmp/1 T_36.20, 8;
    %load/vec4 v0x854e826c0_0;
    %flag_set/vec4 9;
    %flag_or 8, 9;
T_36.20;
    %jmp/0xz  T_36.18, 8;
    %load/vec4 v0x854e82da0_0;
    %nor/r;
    %assign/vec4 v0x854e83480_0, 0;
    %load/vec4 v0x854e82620_0;
    %flag_set/vec4 8;
    %flag_get/vec4 8;
    %jmp/1 T_36.22, 8;
    %load/vec4 v0x854e82760_0;
    %or;
T_36.22;
    %assign/vec4 v0x854e82940_0, 0;
    %pushi/vec4 0, 0, 4;
    %assign/vec4 v0x854e83660_0, 0;
    %pushi/vec4 1, 0, 2;
    %assign/vec4 v0x854e833e0_0, 0;
T_36.18 ;
    %load/vec4 v0x854e82800_0;
    %flag_set/vec4 8;
    %jmp/0xz  T_36.23, 8;
    %pushi/vec4 1, 0, 1;
    %assign/vec4 v0x854e83480_0, 0;
    %pushi/vec4 0, 0, 1;
    %assign/vec4 v0x854e82940_0, 0;
    %pushi/vec4 2, 0, 2;
    %assign/vec4 v0x854e833e0_0, 0;
T_36.23 ;
    %jmp T_36.17;
T_36.14 ;
    %fork TD_picorv32_wb.picorv32_core.empty_statement, S_0x854e64600;
    %join;
    %fork TD_picorv32_wb.picorv32_core.empty_statement, S_0x854e64600;
    %join;
    %fork TD_picorv32_wb.picorv32_core.empty_statement, S_0x854e64600;
    %join;
    %fork TD_picorv32_wb.picorv32_core.empty_statement, S_0x854e64600;
    %join;
    %load/vec4 v0x854e83700_0;
    %flag_set/vec4 8;
    %jmp/0xz  T_36.25, 8;
    %pushi/vec4 0, 0, 1;
    %assign/vec4 v0x854e83480_0, 0;
    %pushi/vec4 0, 0, 1;
    %assign/vec4 v0x854e82d00_0, 0;
    %load/vec4 v0x854e82760_0;
    %flag_set/vec4 8;
    %jmp/1 T_36.29, 8;
    %load/vec4 v0x854e826c0_0;
    %flag_set/vec4 9;
    %flag_or 8, 9;
T_36.29;
    %jmp/0 T_36.27, 8;
    %pushi/vec4 0, 0, 3;
    %jmp/1 T_36.28, 8;
T_36.27 ; End of true expr.
    %pushi/vec4 3, 0, 3;
    %jmp/0 T_36.28, 8;
 ; End of false expr.
    %blend;
T_36.28;
    %pad/s 2;
    %assign/vec4 v0x854e833e0_0, 0;
T_36.25 ;
    %jmp T_36.17;
T_36.15 ;
    %fork TD_picorv32_wb.picorv32_core.empty_statement, S_0x854e64600;
    %join;
    %fork TD_picorv32_wb.picorv32_core.empty_statement, S_0x854e64600;
    %join;
    %load/vec4 v0x854e83700_0;
    %flag_set/vec4 8;
    %jmp/0xz  T_36.30, 8;
    %pushi/vec4 0, 0, 1;
    %assign/vec4 v0x854e83480_0, 0;
    %pushi/vec4 0, 0, 2;
    %assign/vec4 v0x854e833e0_0, 0;
T_36.30 ;
    %jmp T_36.17;
T_36.16 ;
    %fork TD_picorv32_wb.picorv32_core.empty_statement, S_0x854e64600;
    %join;
    %fork TD_picorv32_wb.picorv32_core.empty_statement, S_0x854e64600;
    %join;
    %load/vec4 v0x854e82760_0;
    %flag_set/vec4 8;
    %jmp/0xz  T_36.32, 8;
    %pushi/vec4 0, 0, 2;
    %assign/vec4 v0x854e833e0_0, 0;
T_36.32 ;
    %jmp T_36.17;
T_36.17 ;
    %pop/vec4 1;
T_36.1 ;
    %load/vec4 v0x854e794a0_0;
    %flag_set/vec4 8;
    %jmp/0xz  T_36.34, 8;
    %pushi/vec4 0, 0, 1;
    %assign/vec4 v0x854e84780_0, 0;
T_36.34 ;
    %jmp T_36;
    .thread T_36;
    .scope S_0x854e64300;
T_37 ;
    %wait E_0x8551a97c0;
    %pushi/vec4 0, 0, 32; draw_string_vec4
    %pushi/vec4 0, 0, 32; draw_string_vec4
    %concat/vec4; draw_string_vec4
    %store/vec4 v0x854e837a0_0, 0, 64;
    %load/vec4 v0x854e7bde0_0;
    %flag_set/vec4 8;
    %jmp/0xz  T_37.0, 8;
    %pushi/vec4 0, 0, 32; draw_string_vec4
    %pushi/vec4 7107945, 0, 32; draw_string_vec4
    %concat/vec4; draw_string_vec4
    %store/vec4 v0x854e837a0_0, 0, 64;
T_37.0 ;
    %load/vec4 v0x854e7b3e0_0;
    %flag_set/vec4 8;
    %jmp/0xz  T_37.2, 8;
    %pushi/vec4 97, 0, 32; draw_string_vec4
    %pushi/vec4 1969844323, 0, 32; draw_string_vec4
    %concat/vec4; draw_string_vec4
    %store/vec4 v0x854e837a0_0, 0, 64;
T_37.2 ;
    %load/vec4 v0x854e7ba20_0;
    %flag_set/vec4 8;
    %jmp/0xz  T_37.4, 8;
    %pushi/vec4 0, 0, 32; draw_string_vec4
    %pushi/vec4 6971756, 0, 32; draw_string_vec4
    %concat/vec4; draw_string_vec4
    %store/vec4 v0x854e837a0_0, 0, 64;
T_37.4 ;
    %load/vec4 v0x854e7bac0_0;
    %flag_set/vec4 8;
    %jmp/0xz  T_37.6, 8;
    %pushi/vec4 0, 0, 32; draw_string_vec4
    %pushi/vec4 1784769650, 0, 32; draw_string_vec4
    %concat/vec4; draw_string_vec4
    %store/vec4 v0x854e837a0_0, 0, 64;
T_37.6 ;
    %load/vec4 v0x854e7b480_0;
    %flag_set/vec4 8;
    %jmp/0xz  T_37.8, 8;
    %pushi/vec4 0, 0, 32; draw_string_vec4
    %pushi/vec4 6448497, 0, 32; draw_string_vec4
    %concat/vec4; draw_string_vec4
    %store/vec4 v0x854e837a0_0, 0, 64;
T_37.8 ;
    %load/vec4 v0x854e7b7a0_0;
    %flag_set/vec4 8;
    %jmp/0xz  T_37.10, 8;
    %pushi/vec4 0, 0, 32; draw_string_vec4
    %pushi/vec4 6450789, 0, 32; draw_string_vec4
    %concat/vec4; draw_string_vec4
    %store/vec4 v0x854e837a0_0, 0, 64;
T_37.10 ;
    %load/vec4 v0x854e7b660_0;
    %flag_set/vec4 8;
    %jmp/0xz  T_37.12, 8;
    %pushi/vec4 0, 0, 32; draw_string_vec4
    %pushi/vec4 6450292, 0, 32; draw_string_vec4
    %concat/vec4; draw_string_vec4
    %store/vec4 v0x854e837a0_0, 0, 64;
T_37.12 ;
    %load/vec4 v0x854e7b520_0;
    %flag_set/vec4 8;
    %jmp/0xz  T_37.14, 8;
    %pushi/vec4 0, 0, 32; draw_string_vec4
    %pushi/vec4 6448997, 0, 32; draw_string_vec4
    %concat/vec4; draw_string_vec4
    %store/vec4 v0x854e837a0_0, 0, 64;
T_37.14 ;
    %load/vec4 v0x854e7b700_0;
    %flag_set/vec4 8;
    %jmp/0xz  T_37.16, 8;
    %pushi/vec4 0, 0, 32; draw_string_vec4
    %pushi/vec4 1651274869, 0, 32; draw_string_vec4
    %concat/vec4; draw_string_vec4
    %store/vec4 v0x854e837a0_0, 0, 64;
T_37.16 ;
    %load/vec4 v0x854e7b5c0_0;
    %flag_set/vec4 8;
    %jmp/0xz  T_37.18, 8;
    %pushi/vec4 0, 0, 32; draw_string_vec4
    %pushi/vec4 1650943349, 0, 32; draw_string_vec4
    %concat/vec4; draw_string_vec4
    %store/vec4 v0x854e837a0_0, 0, 64;
T_37.18 ;
    %load/vec4 v0x854e7bb60_0;
    %flag_set/vec4 8;
    %jmp/0xz  T_37.20, 8;
    %pushi/vec4 0, 0, 32; draw_string_vec4
    %pushi/vec4 27746, 0, 32; draw_string_vec4
    %concat/vec4; draw_string_vec4
    %store/vec4 v0x854e837a0_0, 0, 64;
T_37.20 ;
    %load/vec4 v0x854e7bca0_0;
    %flag_set/vec4 8;
    %jmp/0xz  T_37.22, 8;
    %pushi/vec4 0, 0, 32; draw_string_vec4
    %pushi/vec4 27752, 0, 32; draw_string_vec4
    %concat/vec4; draw_string_vec4
    %store/vec4 v0x854e837a0_0, 0, 64;
T_37.22 ;
    %load/vec4 v0x854e7be80_0;
    %flag_set/vec4 8;
    %jmp/0xz  T_37.24, 8;
    %pushi/vec4 0, 0, 32; draw_string_vec4
    %pushi/vec4 27767, 0, 32; draw_string_vec4
    %concat/vec4; draw_string_vec4
    %store/vec4 v0x854e837a0_0, 0, 64;
T_37.24 ;
    %load/vec4 v0x854e7bc00_0;
    %flag_set/vec4 8;
    %jmp/0xz  T_37.26, 8;
    %pushi/vec4 0, 0, 32; draw_string_vec4
    %pushi/vec4 7103093, 0, 32; draw_string_vec4
    %concat/vec4; draw_string_vec4
    %store/vec4 v0x854e837a0_0, 0, 64;
T_37.26 ;
    %load/vec4 v0x854e7bd40_0;
    %flag_set/vec4 8;
    %jmp/0xz  T_37.28, 8;
    %pushi/vec4 0, 0, 32; draw_string_vec4
    %pushi/vec4 7104629, 0, 32; draw_string_vec4
    %concat/vec4; draw_string_vec4
    %store/vec4 v0x854e837a0_0, 0, 64;
T_37.28 ;
    %load/vec4 v0x854e80460_0;
    %flag_set/vec4 8;
    %jmp/0xz  T_37.30, 8;
    %pushi/vec4 0, 0, 32; draw_string_vec4
    %pushi/vec4 29538, 0, 32; draw_string_vec4
    %concat/vec4; draw_string_vec4
    %store/vec4 v0x854e837a0_0, 0, 64;
T_37.30 ;
    %load/vec4 v0x854e805a0_0;
    %flag_set/vec4 8;
    %jmp/0xz  T_37.32, 8;
    %pushi/vec4 0, 0, 32; draw_string_vec4
    %pushi/vec4 29544, 0, 32; draw_string_vec4
    %concat/vec4; draw_string_vec4
    %store/vec4 v0x854e837a0_0, 0, 64;
T_37.32 ;
    %load/vec4 v0x854e80d20_0;
    %flag_set/vec4 8;
    %jmp/0xz  T_37.34, 8;
    %pushi/vec4 0, 0, 32; draw_string_vec4
    %pushi/vec4 29559, 0, 32; draw_string_vec4
    %concat/vec4; draw_string_vec4
    %store/vec4 v0x854e837a0_0, 0, 64;
T_37.34 ;
    %load/vec4 v0x854e7b200_0;
    %flag_set/vec4 8;
    %jmp/0xz  T_37.36, 8;
    %pushi/vec4 0, 0, 32; draw_string_vec4
    %pushi/vec4 1633969257, 0, 32; draw_string_vec4
    %concat/vec4; draw_string_vec4
    %store/vec4 v0x854e837a0_0, 0, 64;
T_37.36 ;
    %load/vec4 v0x854e80820_0;
    %flag_set/vec4 8;
    %jmp/0xz  T_37.38, 8;
    %pushi/vec4 0, 0, 32; draw_string_vec4
    %pushi/vec4 1936487529, 0, 32; draw_string_vec4
    %concat/vec4; draw_string_vec4
    %store/vec4 v0x854e837a0_0, 0, 64;
T_37.38 ;
    %load/vec4 v0x854e808c0_0;
    %flag_set/vec4 8;
    %jmp/0xz  T_37.40, 8;
    %pushi/vec4 115, 0, 32; draw_string_vec4
    %pushi/vec4 1819568501, 0, 32; draw_string_vec4
    %concat/vec4; draw_string_vec4
    %store/vec4 v0x854e837a0_0, 0, 64;
T_37.40 ;
    %load/vec4 v0x854e81040_0;
    %flag_set/vec4 8;
    %jmp/0xz  T_37.42, 8;
    %pushi/vec4 0, 0, 32; draw_string_vec4
    %pushi/vec4 2020569705, 0, 32; draw_string_vec4
    %concat/vec4; draw_string_vec4
    %store/vec4 v0x854e837a0_0, 0, 64;
T_37.42 ;
    %load/vec4 v0x854e800a0_0;
    %flag_set/vec4 8;
    %jmp/0xz  T_37.44, 8;
    %pushi/vec4 0, 0, 32; draw_string_vec4
    %pushi/vec4 7303785, 0, 32; draw_string_vec4
    %concat/vec4; draw_string_vec4
    %store/vec4 v0x854e837a0_0, 0, 64;
T_37.44 ;
    %load/vec4 v0x854e7b340_0;
    %flag_set/vec4 8;
    %jmp/0xz  T_37.46, 8;
    %pushi/vec4 0, 0, 32; draw_string_vec4
    %pushi/vec4 1634624617, 0, 32; draw_string_vec4
    %concat/vec4; draw_string_vec4
    %store/vec4 v0x854e837a0_0, 0, 64;
T_37.46 ;
    %load/vec4 v0x854e806e0_0;
    %flag_set/vec4 8;
    %jmp/0xz  T_37.48, 8;
    %pushi/vec4 0, 0, 32; draw_string_vec4
    %pushi/vec4 1936485481, 0, 32; draw_string_vec4
    %concat/vec4; draw_string_vec4
    %store/vec4 v0x854e837a0_0, 0, 64;
T_37.48 ;
    %load/vec4 v0x854e80be0_0;
    %flag_set/vec4 8;
    %jmp/0xz  T_37.50, 8;
    %pushi/vec4 0, 0, 32; draw_string_vec4
    %pushi/vec4 1936878697, 0, 32; draw_string_vec4
    %concat/vec4; draw_string_vec4
    %store/vec4 v0x854e837a0_0, 0, 64;
T_37.50 ;
    %load/vec4 v0x854e80aa0_0;
    %flag_set/vec4 8;
    %jmp/0xz  T_37.52, 8;
    %pushi/vec4 0, 0, 32; draw_string_vec4
    %pushi/vec4 1936875881, 0, 32; draw_string_vec4
    %concat/vec4; draw_string_vec4
    %store/vec4 v0x854e837a0_0, 0, 64;
T_37.52 ;
    %load/vec4 v0x854e7b160_0;
    %flag_set/vec4 8;
    %jmp/0xz  T_37.54, 8;
    %pushi/vec4 0, 0, 32; draw_string_vec4
    %pushi/vec4 6382692, 0, 32; draw_string_vec4
    %concat/vec4; draw_string_vec4
    %store/vec4 v0x854e837a0_0, 0, 64;
T_37.54 ;
    %load/vec4 v0x854e80c80_0;
    %flag_set/vec4 8;
    %jmp/0xz  T_37.56, 8;
    %pushi/vec4 0, 0, 32; draw_string_vec4
    %pushi/vec4 7566690, 0, 32; draw_string_vec4
    %concat/vec4; draw_string_vec4
    %store/vec4 v0x854e837a0_0, 0, 64;
T_37.56 ;
    %load/vec4 v0x854e80640_0;
    %flag_set/vec4 8;
    %jmp/0xz  T_37.58, 8;
    %pushi/vec4 0, 0, 32; draw_string_vec4
    %pushi/vec4 7564396, 0, 32; draw_string_vec4
    %concat/vec4; draw_string_vec4
    %store/vec4 v0x854e837a0_0, 0, 64;
T_37.58 ;
    %load/vec4 v0x854e80780_0;
    %flag_set/vec4 8;
    %jmp/0xz  T_37.60, 8;
    %pushi/vec4 0, 0, 32; draw_string_vec4
    %pushi/vec4 7564404, 0, 32; draw_string_vec4
    %concat/vec4; draw_string_vec4
    %store/vec4 v0x854e837a0_0, 0, 64;
T_37.60 ;
    %load/vec4 v0x854e80960_0;
    %flag_set/vec4 8;
    %jmp/0xz  T_37.62, 8;
    %pushi/vec4 0, 0, 32; draw_string_vec4
    %pushi/vec4 1936487541, 0, 32; draw_string_vec4
    %concat/vec4; draw_string_vec4
    %store/vec4 v0x854e837a0_0, 0, 64;
T_37.62 ;
    %load/vec4 v0x854e80fa0_0;
    %flag_set/vec4 8;
    %jmp/0xz  T_37.64, 8;
    %pushi/vec4 0, 0, 32; draw_string_vec4
    %pushi/vec4 7892850, 0, 32; draw_string_vec4
    %concat/vec4; draw_string_vec4
    %store/vec4 v0x854e837a0_0, 0, 64;
T_37.64 ;
    %load/vec4 v0x854e80b40_0;
    %flag_set/vec4 8;
    %jmp/0xz  T_37.66, 8;
    %pushi/vec4 0, 0, 32; draw_string_vec4
    %pushi/vec4 7565932, 0, 32; draw_string_vec4
    %concat/vec4; draw_string_vec4
    %store/vec4 v0x854e837a0_0, 0, 64;
T_37.66 ;
    %load/vec4 v0x854e80a00_0;
    %flag_set/vec4 8;
    %jmp/0xz  T_37.68, 8;
    %pushi/vec4 0, 0, 32; draw_string_vec4
    %pushi/vec4 7565921, 0, 32; draw_string_vec4
    %concat/vec4; draw_string_vec4
    %store/vec4 v0x854e837a0_0, 0, 64;
T_37.68 ;
    %load/vec4 v0x854e80000_0;
    %flag_set/vec4 8;
    %jmp/0xz  T_37.70, 8;
    %pushi/vec4 0, 0, 32; draw_string_vec4
    %pushi/vec4 28530, 0, 32; draw_string_vec4
    %concat/vec4; draw_string_vec4
    %store/vec4 v0x854e837a0_0, 0, 64;
T_37.70 ;
    %load/vec4 v0x854e7b2a0_0;
    %flag_set/vec4 8;
    %jmp/0xz  T_37.72, 8;
    %pushi/vec4 0, 0, 32; draw_string_vec4
    %pushi/vec4 6385252, 0, 32; draw_string_vec4
    %concat/vec4; draw_string_vec4
    %store/vec4 v0x854e837a0_0, 0, 64;
T_37.72 ;
    %load/vec4 v0x854e80140_0;
    %flag_set/vec4 8;
    %jmp/0xz  T_37.74, 8;
    %pushi/vec4 7496803, 0, 32; draw_string_vec4
    %pushi/vec4 2036558949, 0, 32; draw_string_vec4
    %concat/vec4; draw_string_vec4
    %store/vec4 v0x854e837a0_0, 0, 64;
T_37.74 ;
    %load/vec4 v0x854e801e0_0;
    %flag_set/vec4 8;
    %jmp/0xz  T_37.76, 8;
    %pushi/vec4 1919181689, 0, 32; draw_string_vec4
    %pushi/vec4 1668048232, 0, 32; draw_string_vec4
    %concat/vec4; draw_string_vec4
    %store/vec4 v0x854e837a0_0, 0, 64;
T_37.76 ;
    %load/vec4 v0x854e80280_0;
    %flag_set/vec4 8;
    %jmp/0xz  T_37.78, 8;
    %pushi/vec4 7496809, 0, 32; draw_string_vec4
    %pushi/vec4 1853060210, 0, 32; draw_string_vec4
    %concat/vec4; draw_string_vec4
    %store/vec4 v0x854e837a0_0, 0, 64;
T_37.78 ;
    %load/vec4 v0x854e80320_0;
    %flag_set/vec4 8;
    %jmp/0xz  T_37.80, 8;
    %pushi/vec4 1919183214, 0, 32; draw_string_vec4
    %pushi/vec4 1937011304, 0, 32; draw_string_vec4
    %concat/vec4; draw_string_vec4
    %store/vec4 v0x854e837a0_0, 0, 64;
T_37.80 ;
    %load/vec4 v0x854e7b8e0_0;
    %flag_set/vec4 8;
    %jmp/0xz  T_37.82, 8;
    %pushi/vec4 102, 0, 32; draw_string_vec4
    %pushi/vec4 1701733221, 0, 32; draw_string_vec4
    %concat/vec4; draw_string_vec4
    %store/vec4 v0x854e837a0_0, 0, 64;
T_37.82 ;
    %load/vec4 v0x854e7b980_0;
    %flag_set/vec4 8;
    %jmp/0xz  T_37.84, 8;
    %pushi/vec4 0, 0, 32; draw_string_vec4
    %pushi/vec4 1734702193, 0, 32; draw_string_vec4
    %concat/vec4; draw_string_vec4
    %store/vec4 v0x854e837a0_0, 0, 64;
T_37.84 ;
    %load/vec4 v0x854e80500_0;
    %flag_set/vec4 8;
    %jmp/0xz  T_37.86, 8;
    %pushi/vec4 0, 0, 32; draw_string_vec4
    %pushi/vec4 1936028785, 0, 32; draw_string_vec4
    %concat/vec4; draw_string_vec4
    %store/vec4 v0x854e837a0_0, 0, 64;
T_37.86 ;
    %load/vec4 v0x854e803c0_0;
    %flag_set/vec4 8;
    %jmp/0xz  T_37.88, 8;
    %pushi/vec4 29285, 0, 32; draw_string_vec4
    %pushi/vec4 1953067633, 0, 32; draw_string_vec4
    %concat/vec4; draw_string_vec4
    %store/vec4 v0x854e837a0_0, 0, 64;
T_37.88 ;
    %load/vec4 v0x854e7bf20_0;
    %flag_set/vec4 8;
    %jmp/0xz  T_37.90, 8;
    %pushi/vec4 7168371, 0, 32; draw_string_vec4
    %pushi/vec4 1802072689, 0, 32; draw_string_vec4
    %concat/vec4; draw_string_vec4
    %store/vec4 v0x854e837a0_0, 0, 64;
T_37.90 ;
    %load/vec4 v0x854e80f00_0;
    %flag_set/vec4 8;
    %jmp/0xz  T_37.92, 8;
    %pushi/vec4 7823721, 0, 32; draw_string_vec4
    %pushi/vec4 1953067633, 0, 32; draw_string_vec4
    %concat/vec4; draw_string_vec4
    %store/vec4 v0x854e837a0_0, 0, 64;
T_37.92 ;
    %load/vec4 v0x854e80dc0_0;
    %flag_set/vec4 8;
    %jmp/0xz  T_37.94, 8;
    %pushi/vec4 116, 0, 32; draw_string_vec4
    %pushi/vec4 1768777074, 0, 32; draw_string_vec4
    %concat/vec4; draw_string_vec4
    %store/vec4 v0x854e837a0_0, 0, 64;
T_37.94 ;
    %jmp T_37;
    .thread T_37, $push;
    .scope S_0x854e64300;
T_38 ;
    %wait E_0x8551a9600;
    %load/vec4 v0x854e79cc0_0;
    %assign/vec4 v0x854e84820_0, 0;
    %load/vec4 v0x854e79ea0_0;
    %assign/vec4 v0x854e848c0_0, 0;
    %load/vec4 v0x854e79f40_0;
    %assign/vec4 v0x854e84960_0, 0;
    %load/vec4 v0x854e7a080_0;
    %assign/vec4 v0x854e84aa0_0, 0;
    %load/vec4 v0x854e7a120_0;
    %assign/vec4 v0x854e84b40_0, 0;
    %load/vec4 v0x854e79fe0_0;
    %assign/vec4 v0x854e84a00_0, 0;
    %load/vec4 v0x854e82440_0;
    %assign/vec4 v0x854e7a620_0, 0;
    %load/vec4 v0x854e84fa0_0;
    %nor/r;
    %flag_set/vec4 8;
    %jmp/1 T_38.2, 8;
    %load/vec4 v0x854e85400_0;
    %flag_set/vec4 9;
    %flag_or 8, 9;
T_38.2;
    %jmp/0xz  T_38.0, 8;
    %pushi/vec4 0, 0, 1;
    %assign/vec4 v0x854e7a940_0, 0;
    %jmp T_38.1;
T_38.0 ;
    %load/vec4 v0x854e82440_0;
    %flag_set/vec4 8;
    %jmp/0xz  T_38.3, 8;
    %pushi/vec4 1, 0, 1;
    %assign/vec4 v0x854e7a940_0, 0;
T_38.3 ;
T_38.1 ;
    %load/vec4 v0x854e7af80_0;
    %flag_set/vec4 8;
    %jmp/0xz  T_38.5, 8;
    %load/vec4 v0x854e837a0_0;
    %assign/vec4 v0x854e790e0_0, 0;
    %load/vec4 v0x854e7a9e0_0;
    %assign/vec4 v0x854e79180_0, 0;
    %load/vec4 v0x854e83840_0;
    %parti/s 2, 0, 2;
    %and/r;
    %flag_set/vec4 8;
    %jmp/0xz  T_38.7, 8;
    %load/vec4 v0x854e83840_0;
    %assign/vec4 v0x854e79220_0, 0;
    %jmp T_38.8;
T_38.7 ;
    %pushi/vec4 0, 0, 16;
    %load/vec4 v0x854e83840_0;
    %parti/s 16, 0, 2;
    %concat/vec4; draw_concat_vec4
    %assign/vec4 v0x854e79220_0, 0;
T_38.8 ;
    %load/vec4 v0x854e7ac60_0;
    %assign/vec4 v0x854e79360_0, 0;
    %load/vec4 v0x854e7ad00_0;
    %assign/vec4 v0x854e79400_0, 0;
    %load/vec4 v0x854e7ab20_0;
    %assign/vec4 v0x854e792c0_0, 0;
T_38.5 ;
    %load/vec4 v0x854e82440_0;
    %flag_set/vec4 8;
    %jmp/0xz  T_38.9, 8;
    %load/vec4 v0x854e83980_0;
    %assign/vec4 v0x854e79e00_0, 0;
T_38.9 ;
    %jmp T_38;
    .thread T_38;
    .scope S_0x854e64300;
T_39 ;
    %wait E_0x8551a9780;
    %load/vec4 v0x854e84820_0;
    %store/vec4 v0x854e79cc0_0, 0, 64;
    %load/vec4 v0x854e848c0_0;
    %store/vec4 v0x854e79ea0_0, 0, 32;
    %load/vec4 v0x854e84960_0;
    %store/vec4 v0x854e79f40_0, 0, 32;
    %load/vec4 v0x854e84aa0_0;
    %store/vec4 v0x854e7a080_0, 0, 5;
    %load/vec4 v0x854e84b40_0;
    %store/vec4 v0x854e7a120_0, 0, 5;
    %load/vec4 v0x854e84a00_0;
    %store/vec4 v0x854e79fe0_0, 0, 5;
    %load/vec4 v0x854e7a620_0;
    %flag_set/vec4 8;
    %jmp/0xz  T_39.0, 8;
    %load/vec4 v0x854e7ae40_0;
    %flag_set/vec4 8;
    %jmp/0xz  T_39.2, 8;
    %load/vec4 v0x854e790e0_0;
    %store/vec4 v0x854e79cc0_0, 0, 64;
    %load/vec4 v0x854e79180_0;
    %store/vec4 v0x854e79ea0_0, 0, 32;
    %load/vec4 v0x854e79220_0;
    %store/vec4 v0x854e79f40_0, 0, 32;
    %load/vec4 v0x854e79360_0;
    %store/vec4 v0x854e7a080_0, 0, 5;
    %load/vec4 v0x854e79400_0;
    %store/vec4 v0x854e7a120_0, 0, 5;
    %load/vec4 v0x854e792c0_0;
    %store/vec4 v0x854e79fe0_0, 0, 5;
    %jmp T_39.3;
T_39.2 ;
    %load/vec4 v0x854e837a0_0;
    %store/vec4 v0x854e79cc0_0, 0, 64;
    %load/vec4 v0x854e83840_0;
    %parti/s 2, 0, 2;
    %and/r;
    %flag_set/vec4 8;
    %jmp/0xz  T_39.4, 8;
    %load/vec4 v0x854e83840_0;
    %store/vec4 v0x854e79f40_0, 0, 32;
    %jmp T_39.5;
T_39.4 ;
    %pushi/vec4 0, 0, 16;
    %load/vec4 v0x854e83840_0;
    %parti/s 16, 0, 2;
    %concat/vec4; draw_concat_vec4
    %store/vec4 v0x854e79f40_0, 0, 32;
T_39.5 ;
    %load/vec4 v0x854e7a9e0_0;
    %store/vec4 v0x854e79ea0_0, 0, 32;
    %load/vec4 v0x854e7ac60_0;
    %store/vec4 v0x854e7a080_0, 0, 5;
    %load/vec4 v0x854e7ad00_0;
    %store/vec4 v0x854e7a120_0, 0, 5;
    %load/vec4 v0x854e7ab20_0;
    %store/vec4 v0x854e79fe0_0, 0, 5;
T_39.3 ;
T_39.0 ;
    %jmp T_39;
    .thread T_39, $push;
    .scope S_0x854e64300;
T_40 ;
    %wait E_0x8551a9600;
    %load/vec4 v0x854e7bde0_0;
    %load/vec4 v0x854e7b3e0_0;
    %concat/vec4; draw_concat_vec4
    %load/vec4 v0x854e7ba20_0;
    %concat/vec4; draw_concat_vec4
    %or/r;
    %assign/vec4 v0x854e81900_0, 0;
    %load/vec4 v0x854e7bde0_0;
    %load/vec4 v0x854e7b3e0_0;
    %concat/vec4; draw_concat_vec4
    %load/vec4 v0x854e7ba20_0;
    %concat/vec4; draw_concat_vec4
    %load/vec4 v0x854e7bac0_0;
    %concat/vec4; draw_concat_vec4
    %load/vec4 v0x854e7b200_0;
    %concat/vec4; draw_concat_vec4
    %load/vec4 v0x854e7b160_0;
    %concat/vec4; draw_concat_vec4
    %load/vec4 v0x854e80c80_0;
    %concat/vec4; draw_concat_vec4
    %or/r;
    %assign/vec4 v0x854e819a0_0, 0;
    %load/vec4 v0x854e80820_0;
    %load/vec4 v0x854e7b660_0;
    %concat/vec4; draw_concat_vec4
    %load/vec4 v0x854e80780_0;
    %concat/vec4; draw_concat_vec4
    %or/r;
    %assign/vec4 v0x854e81cc0_0, 0;
    %load/vec4 v0x854e808c0_0;
    %load/vec4 v0x854e7b700_0;
    %concat/vec4; draw_concat_vec4
    %load/vec4 v0x854e80960_0;
    %concat/vec4; draw_concat_vec4
    %or/r;
    %assign/vec4 v0x854e81d60_0, 0;
    %load/vec4 v0x854e7bc00_0;
    %load/vec4 v0x854e7bd40_0;
    %concat/vec4; draw_concat_vec4
    %load/vec4 v0x854e7be80_0;
    %concat/vec4; draw_concat_vec4
    %or/r;
    %assign/vec4 v0x854e81860_0, 0;
    %load/vec4 v0x854e815e0_0;
    %load/vec4 v0x854e80820_0;
    %concat/vec4; draw_concat_vec4
    %load/vec4 v0x854e80780_0;
    %concat/vec4; draw_concat_vec4
    %load/vec4 v0x854e808c0_0;
    %concat/vec4; draw_concat_vec4
    %load/vec4 v0x854e80960_0;
    %concat/vec4; draw_concat_vec4
    %or/r;
    %assign/vec4 v0x854e81680_0, 0;
    %load/vec4 v0x854e82760_0;
    %flag_set/vec4 9;
    %flag_get/vec4 9;
    %jmp/0 T_40.2, 9;
    %load/vec4 v0x854e828a0_0;
    %and;
T_40.2;
    %flag_set/vec4 8;
    %jmp/0xz  T_40.0, 8;
    %load/vec4 v0x854e830c0_0;
    %parti/s 7, 0, 2;
    %pushi/vec4 55, 0, 7;
    %cmp/e;
    %flag_get/vec4 4;
    %assign/vec4 v0x854e7bde0_0, 0;
    %load/vec4 v0x854e830c0_0;
    %parti/s 7, 0, 2;
    %pushi/vec4 23, 0, 7;
    %cmp/e;
    %flag_get/vec4 4;
    %assign/vec4 v0x854e7b3e0_0, 0;
    %load/vec4 v0x854e830c0_0;
    %parti/s 7, 0, 2;
    %pushi/vec4 111, 0, 7;
    %cmp/e;
    %flag_get/vec4 4;
    %assign/vec4 v0x854e7ba20_0, 0;
    %load/vec4 v0x854e830c0_0;
    %parti/s 7, 0, 2;
    %cmpi/e 103, 0, 7;
    %flag_get/vec4 4;
    %jmp/0 T_40.3, 4;
    %load/vec4 v0x854e830c0_0;
    %parti/s 3, 12, 5;
    %pushi/vec4 0, 0, 3;
    %cmp/e;
    %flag_get/vec4 4;
    %and;
T_40.3;
    %assign/vec4 v0x854e7bac0_0, 0;
    %load/vec4 v0x854e830c0_0;
    %parti/s 7, 0, 2;
    %cmpi/e 11, 0, 7;
    %flag_get/vec4 4;
    %jmp/0 T_40.5, 4;
    %load/vec4 v0x854e830c0_0;
    %parti/s 7, 25, 6;
    %pushi/vec4 2, 0, 7;
    %cmp/e;
    %flag_get/vec4 4;
    %and;
T_40.5;
    %flag_set/vec4 8;
    %flag_get/vec4 8;
    %jmp/0 T_40.4, 8;
    %pushi/vec4 0, 0, 1;
    %and;
T_40.4;
    %assign/vec4 v0x854e803c0_0, 0;
    %load/vec4 v0x854e830c0_0;
    %parti/s 7, 0, 2;
    %cmpi/e 11, 0, 7;
    %flag_get/vec4 4;
    %jmp/0 T_40.7, 4;
    %load/vec4 v0x854e830c0_0;
    %parti/s 7, 25, 6;
    %pushi/vec4 4, 0, 7;
    %cmp/e;
    %flag_get/vec4 4;
    %and;
T_40.7;
    %flag_set/vec4 8;
    %flag_get/vec4 8;
    %jmp/0 T_40.6, 8;
    %pushi/vec4 0, 0, 1;
    %and;
T_40.6;
    %assign/vec4 v0x854e80f00_0, 0;
    %load/vec4 v0x854e830c0_0;
    %parti/s 7, 0, 2;
    %pushi/vec4 99, 0, 7;
    %cmp/e;
    %flag_get/vec4 4;
    %assign/vec4 v0x854e815e0_0, 0;
    %load/vec4 v0x854e830c0_0;
    %parti/s 7, 0, 2;
    %pushi/vec4 3, 0, 7;
    %cmp/e;
    %flag_get/vec4 4;
    %assign/vec4 v0x854e817c0_0, 0;
    %load/vec4 v0x854e830c0_0;
    %parti/s 7, 0, 2;
    %pushi/vec4 35, 0, 7;
    %cmp/e;
    %flag_get/vec4 4;
    %assign/vec4 v0x854e81ae0_0, 0;
    %load/vec4 v0x854e830c0_0;
    %parti/s 7, 0, 2;
    %pushi/vec4 19, 0, 7;
    %cmp/e;
    %flag_get/vec4 4;
    %assign/vec4 v0x854e814a0_0, 0;
    %load/vec4 v0x854e830c0_0;
    %parti/s 7, 0, 2;
    %pushi/vec4 51, 0, 7;
    %cmp/e;
    %flag_get/vec4 4;
    %assign/vec4 v0x854e81540_0, 0;
    %load/vec4 v0x854e830c0_0;
    %parti/s 20, 12, 5;
    %concati/vec4 0, 0, 1;
    %pad/s 32;
    %split/vec4 1;
    %ix/load 5, 0, 0;
    %ix/load 4, 0, 0;
    %flag_set/imm 4, 0;
    %assign/vec4/off/d v0x854e7aa80_0, 4, 5;
    %split/vec4 8;
    %ix/load 5, 0, 0;
    %ix/load 4, 12, 0;
    %flag_set/imm 4, 0;
    %assign/vec4/off/d v0x854e7aa80_0, 4, 5;
    %split/vec4 1;
    %ix/load 5, 0, 0;
    %ix/load 4, 11, 0;
    %flag_set/imm 4, 0;
    %assign/vec4/off/d v0x854e7aa80_0, 4, 5;
    %split/vec4 10;
    %ix/load 5, 0, 0;
    %ix/load 4, 1, 0;
    %flag_set/imm 4, 0;
    %assign/vec4/off/d v0x854e7aa80_0, 4, 5;
    %ix/load 5, 0, 0;
    %ix/load 4, 20, 0;
    %flag_set/imm 4, 0;
    %assign/vec4/off/d v0x854e7aa80_0, 4, 5;
    %load/vec4 v0x854e830c0_0;
    %parti/s 5, 7, 4;
    %assign/vec4 v0x854e7ab20_0, 0;
    %load/vec4 v0x854e830c0_0;
    %parti/s 5, 15, 5;
    %assign/vec4 v0x854e7ac60_0, 0;
    %load/vec4 v0x854e830c0_0;
    %parti/s 5, 20, 6;
    %assign/vec4 v0x854e7ad00_0, 0;
    %load/vec4 v0x854e830c0_0;
    %parti/s 7, 0, 2;
    %cmpi/e 11, 0, 7;
    %flag_get/vec4 4;
    %jmp/0 T_40.12, 4;
    %load/vec4 v0x854e830c0_0;
    %parti/s 7, 25, 6;
    %pushi/vec4 0, 0, 7;
    %cmp/e;
    %flag_get/vec4 4;
    %and;
T_40.12;
    %flag_set/vec4 10;
    %flag_get/vec4 10;
    %jmp/0 T_40.11, 10;
    %pushi/vec4 0, 0, 1;
    %and;
T_40.11;
    %flag_set/vec4 9;
    %flag_get/vec4 9;
    %jmp/0 T_40.10, 9;
    %pushi/vec4 1, 0, 1;
    %and;
T_40.10;
    %flag_set/vec4 8;
    %jmp/0xz  T_40.8, 8;
    %pushi/vec4 1, 0, 1;
    %ix/load 5, 0, 0;
    %ix/load 4, 4, 0;
    %flag_set/imm 4, 0;
    %assign/vec4/off/d v0x854e7ac60_0, 4, 5;
T_40.8 ;
    %load/vec4 v0x854e830c0_0;
    %parti/s 7, 0, 2;
    %cmpi/e 11, 0, 7;
    %flag_get/vec4 4;
    %jmp/0 T_40.16, 4;
    %load/vec4 v0x854e830c0_0;
    %parti/s 7, 25, 6;
    %pushi/vec4 2, 0, 7;
    %cmp/e;
    %flag_get/vec4 4;
    %and;
T_40.16;
    %flag_set/vec4 9;
    %flag_get/vec4 9;
    %jmp/0 T_40.15, 9;
    %pushi/vec4 0, 0, 1;
    %and;
T_40.15;
    %flag_set/vec4 8;
    %jmp/0xz  T_40.13, 8;
    %pushi/vec4 0, 0, 5;
    %assign/vec4 v0x854e7ac60_0, 0;
T_40.13 ;
    %pushi/vec4 0, 0, 1;
    %assign/vec4 v0x854e79680_0, 0;
T_40.0 ;
    %load/vec4 v0x854e7aee0_0;
    %flag_set/vec4 9;
    %flag_get/vec4 9;
    %jmp/0 T_40.19, 9;
    %load/vec4 v0x854e7ada0_0;
    %nor/r;
    %and;
T_40.19;
    %flag_set/vec4 8;
    %jmp/0xz  T_40.17, 8;
    %pushi/vec4 4294967295, 4294967295, 32;
    %assign/vec4 v0x854e83ca0_0, 0;
    %load/vec4 v0x854e815e0_0;
    %flag_set/vec4 8;
    %flag_get/vec4 8;
    %jmp/0 T_40.20, 8;
    %load/vec4 v0x854e83200_0;
    %parti/s 3, 12, 5;
    %pushi/vec4 0, 0, 3;
    %cmp/e;
    %flag_get/vec4 4;
    %and;
T_40.20;
    %assign/vec4 v0x854e7b480_0, 0;
    %load/vec4 v0x854e815e0_0;
    %flag_set/vec4 8;
    %flag_get/vec4 8;
    %jmp/0 T_40.21, 8;
    %load/vec4 v0x854e83200_0;
    %parti/s 3, 12, 5;
    %pushi/vec4 1, 0, 3;
    %cmp/e;
    %flag_get/vec4 4;
    %and;
T_40.21;
    %assign/vec4 v0x854e7b7a0_0, 0;
    %load/vec4 v0x854e815e0_0;
    %flag_set/vec4 8;
    %flag_get/vec4 8;
    %jmp/0 T_40.22, 8;
    %load/vec4 v0x854e83200_0;
    %parti/s 3, 12, 5;
    %pushi/vec4 4, 0, 3;
    %cmp/e;
    %flag_get/vec4 4;
    %and;
T_40.22;
    %assign/vec4 v0x854e7b660_0, 0;
    %load/vec4 v0x854e815e0_0;
    %flag_set/vec4 8;
    %flag_get/vec4 8;
    %jmp/0 T_40.23, 8;
    %load/vec4 v0x854e83200_0;
    %parti/s 3, 12, 5;
    %pushi/vec4 5, 0, 3;
    %cmp/e;
    %flag_get/vec4 4;
    %and;
T_40.23;
    %assign/vec4 v0x854e7b520_0, 0;
    %load/vec4 v0x854e815e0_0;
    %flag_set/vec4 8;
    %flag_get/vec4 8;
    %jmp/0 T_40.24, 8;
    %load/vec4 v0x854e83200_0;
    %parti/s 3, 12, 5;
    %pushi/vec4 6, 0, 3;
    %cmp/e;
    %flag_get/vec4 4;
    %and;
T_40.24;
    %assign/vec4 v0x854e7b700_0, 0;
    %load/vec4 v0x854e815e0_0;
    %flag_set/vec4 8;
    %flag_get/vec4 8;
    %jmp/0 T_40.25, 8;
    %load/vec4 v0x854e83200_0;
    %parti/s 3, 12, 5;
    %pushi/vec4 7, 0, 3;
    %cmp/e;
    %flag_get/vec4 4;
    %and;
T_40.25;
    %assign/vec4 v0x854e7b5c0_0, 0;
    %load/vec4 v0x854e817c0_0;
    %flag_set/vec4 8;
    %flag_get/vec4 8;
    %jmp/0 T_40.26, 8;
    %load/vec4 v0x854e83200_0;
    %parti/s 3, 12, 5;
    %pushi/vec4 0, 0, 3;
    %cmp/e;
    %flag_get/vec4 4;
    %and;
T_40.26;
    %assign/vec4 v0x854e7bb60_0, 0;
    %load/vec4 v0x854e817c0_0;
    %flag_set/vec4 8;
    %flag_get/vec4 8;
    %jmp/0 T_40.27, 8;
    %load/vec4 v0x854e83200_0;
    %parti/s 3, 12, 5;
    %pushi/vec4 1, 0, 3;
    %cmp/e;
    %flag_get/vec4 4;
    %and;
T_40.27;
    %assign/vec4 v0x854e7bca0_0, 0;
    %load/vec4 v0x854e817c0_0;
    %flag_set/vec4 8;
    %flag_get/vec4 8;
    %jmp/0 T_40.28, 8;
    %load/vec4 v0x854e83200_0;
    %parti/s 3, 12, 5;
    %pushi/vec4 2, 0, 3;
    %cmp/e;
    %flag_get/vec4 4;
    %and;
T_40.28;
    %assign/vec4 v0x854e7be80_0, 0;
    %load/vec4 v0x854e817c0_0;
    %flag_set/vec4 8;
    %flag_get/vec4 8;
    %jmp/0 T_40.29, 8;
    %load/vec4 v0x854e83200_0;
    %parti/s 3, 12, 5;
    %pushi/vec4 4, 0, 3;
    %cmp/e;
    %flag_get/vec4 4;
    %and;
T_40.29;
    %assign/vec4 v0x854e7bc00_0, 0;
    %load/vec4 v0x854e817c0_0;
    %flag_set/vec4 8;
    %flag_get/vec4 8;
    %jmp/0 T_40.30, 8;
    %load/vec4 v0x854e83200_0;
    %parti/s 3, 12, 5;
    %pushi/vec4 5, 0, 3;
    %cmp/e;
    %flag_get/vec4 4;
    %and;
T_40.30;
    %assign/vec4 v0x854e7bd40_0, 0;
    %load/vec4 v0x854e81ae0_0;
    %flag_set/vec4 8;
    %flag_get/vec4 8;
    %jmp/0 T_40.31, 8;
    %load/vec4 v0x854e83200_0;
    %parti/s 3, 12, 5;
    %pushi/vec4 0, 0, 3;
    %cmp/e;
    %flag_get/vec4 4;
    %and;
T_40.31;
    %assign/vec4 v0x854e80460_0, 0;
    %load/vec4 v0x854e81ae0_0;
    %flag_set/vec4 8;
    %flag_get/vec4 8;
    %jmp/0 T_40.32, 8;
    %load/vec4 v0x854e83200_0;
    %parti/s 3, 12, 5;
    %pushi/vec4 1, 0, 3;
    %cmp/e;
    %flag_get/vec4 4;
    %and;
T_40.32;
    %assign/vec4 v0x854e805a0_0, 0;
    %load/vec4 v0x854e81ae0_0;
    %flag_set/vec4 8;
    %flag_get/vec4 8;
    %jmp/0 T_40.33, 8;
    %load/vec4 v0x854e83200_0;
    %parti/s 3, 12, 5;
    %pushi/vec4 2, 0, 3;
    %cmp/e;
    %flag_get/vec4 4;
    %and;
T_40.33;
    %assign/vec4 v0x854e80d20_0, 0;
    %load/vec4 v0x854e814a0_0;
    %flag_set/vec4 8;
    %flag_get/vec4 8;
    %jmp/0 T_40.34, 8;
    %load/vec4 v0x854e83200_0;
    %parti/s 3, 12, 5;
    %pushi/vec4 0, 0, 3;
    %cmp/e;
    %flag_get/vec4 4;
    %and;
T_40.34;
    %assign/vec4 v0x854e7b200_0, 0;
    %load/vec4 v0x854e814a0_0;
    %flag_set/vec4 8;
    %flag_get/vec4 8;
    %jmp/0 T_40.35, 8;
    %load/vec4 v0x854e83200_0;
    %parti/s 3, 12, 5;
    %pushi/vec4 2, 0, 3;
    %cmp/e;
    %flag_get/vec4 4;
    %and;
T_40.35;
    %assign/vec4 v0x854e80820_0, 0;
    %load/vec4 v0x854e814a0_0;
    %flag_set/vec4 8;
    %flag_get/vec4 8;
    %jmp/0 T_40.36, 8;
    %load/vec4 v0x854e83200_0;
    %parti/s 3, 12, 5;
    %pushi/vec4 3, 0, 3;
    %cmp/e;
    %flag_get/vec4 4;
    %and;
T_40.36;
    %assign/vec4 v0x854e808c0_0, 0;
    %load/vec4 v0x854e814a0_0;
    %flag_set/vec4 8;
    %flag_get/vec4 8;
    %jmp/0 T_40.37, 8;
    %load/vec4 v0x854e83200_0;
    %parti/s 3, 12, 5;
    %pushi/vec4 4, 0, 3;
    %cmp/e;
    %flag_get/vec4 4;
    %and;
T_40.37;
    %assign/vec4 v0x854e81040_0, 0;
    %load/vec4 v0x854e814a0_0;
    %flag_set/vec4 8;
    %flag_get/vec4 8;
    %jmp/0 T_40.38, 8;
    %load/vec4 v0x854e83200_0;
    %parti/s 3, 12, 5;
    %pushi/vec4 6, 0, 3;
    %cmp/e;
    %flag_get/vec4 4;
    %and;
T_40.38;
    %assign/vec4 v0x854e800a0_0, 0;
    %load/vec4 v0x854e814a0_0;
    %flag_set/vec4 8;
    %flag_get/vec4 8;
    %jmp/0 T_40.39, 8;
    %load/vec4 v0x854e83200_0;
    %parti/s 3, 12, 5;
    %pushi/vec4 7, 0, 3;
    %cmp/e;
    %flag_get/vec4 4;
    %and;
T_40.39;
    %assign/vec4 v0x854e7b340_0, 0;
    %load/vec4 v0x854e814a0_0;
    %flag_set/vec4 9;
    %flag_get/vec4 9;
    %jmp/0 T_40.41, 9;
    %load/vec4 v0x854e83200_0;
    %parti/s 3, 12, 5;
    %pushi/vec4 1, 0, 3;
    %cmp/e;
    %flag_get/vec4 4;
    %and;
T_40.41;
    %flag_set/vec4 8;
    %flag_get/vec4 8;
    %jmp/0 T_40.40, 8;
    %load/vec4 v0x854e83200_0;
    %parti/s 7, 25, 6;
    %pushi/vec4 0, 0, 7;
    %cmp/e;
    %flag_get/vec4 4;
    %and;
T_40.40;
    %assign/vec4 v0x854e806e0_0, 0;
    %load/vec4 v0x854e814a0_0;
    %flag_set/vec4 9;
    %flag_get/vec4 9;
    %jmp/0 T_40.43, 9;
    %load/vec4 v0x854e83200_0;
    %parti/s 3, 12, 5;
    %pushi/vec4 5, 0, 3;
    %cmp/e;
    %flag_get/vec4 4;
    %and;
T_40.43;
    %flag_set/vec4 8;
    %flag_get/vec4 8;
    %jmp/0 T_40.42, 8;
    %load/vec4 v0x854e83200_0;
    %parti/s 7, 25, 6;
    %pushi/vec4 0, 0, 7;
    %cmp/e;
    %flag_get/vec4 4;
    %and;
T_40.42;
    %assign/vec4 v0x854e80be0_0, 0;
    %load/vec4 v0x854e814a0_0;
    %flag_set/vec4 9;
    %flag_get/vec4 9;
    %jmp/0 T_40.45, 9;
    %load/vec4 v0x854e83200_0;
    %parti/s 3, 12, 5;
    %pushi/vec4 5, 0, 3;
    %cmp/e;
    %flag_get/vec4 4;
    %and;
T_40.45;
    %flag_set/vec4 8;
    %flag_get/vec4 8;
    %jmp/0 T_40.44, 8;
    %load/vec4 v0x854e83200_0;
    %parti/s 7, 25, 6;
    %pushi/vec4 32, 0, 7;
    %cmp/e;
    %flag_get/vec4 4;
    %and;
T_40.44;
    %assign/vec4 v0x854e80aa0_0, 0;
    %load/vec4 v0x854e81540_0;
    %flag_set/vec4 9;
    %flag_get/vec4 9;
    %jmp/0 T_40.47, 9;
    %load/vec4 v0x854e83200_0;
    %parti/s 3, 12, 5;
    %pushi/vec4 0, 0, 3;
    %cmp/e;
    %flag_get/vec4 4;
    %and;
T_40.47;
    %flag_set/vec4 8;
    %flag_get/vec4 8;
    %jmp/0 T_40.46, 8;
    %load/vec4 v0x854e83200_0;
    %parti/s 7, 25, 6;
    %pushi/vec4 0, 0, 7;
    %cmp/e;
    %flag_get/vec4 4;
    %and;
T_40.46;
    %assign/vec4 v0x854e7b160_0, 0;
    %load/vec4 v0x854e81540_0;
    %flag_set/vec4 9;
    %flag_get/vec4 9;
    %jmp/0 T_40.49, 9;
    %load/vec4 v0x854e83200_0;
    %parti/s 3, 12, 5;
    %pushi/vec4 0, 0, 3;
    %cmp/e;
    %flag_get/vec4 4;
    %and;
T_40.49;
    %flag_set/vec4 8;
    %flag_get/vec4 8;
    %jmp/0 T_40.48, 8;
    %load/vec4 v0x854e83200_0;
    %parti/s 7, 25, 6;
    %pushi/vec4 32, 0, 7;
    %cmp/e;
    %flag_get/vec4 4;
    %and;
T_40.48;
    %assign/vec4 v0x854e80c80_0, 0;
    %load/vec4 v0x854e81540_0;
    %flag_set/vec4 9;
    %flag_get/vec4 9;
    %jmp/0 T_40.51, 9;
    %load/vec4 v0x854e83200_0;
    %parti/s 3, 12, 5;
    %pushi/vec4 1, 0, 3;
    %cmp/e;
    %flag_get/vec4 4;
    %and;
T_40.51;
    %flag_set/vec4 8;
    %flag_get/vec4 8;
    %jmp/0 T_40.50, 8;
    %load/vec4 v0x854e83200_0;
    %parti/s 7, 25, 6;
    %pushi/vec4 0, 0, 7;
    %cmp/e;
    %flag_get/vec4 4;
    %and;
T_40.50;
    %assign/vec4 v0x854e80640_0, 0;
    %load/vec4 v0x854e81540_0;
    %flag_set/vec4 9;
    %flag_get/vec4 9;
    %jmp/0 T_40.53, 9;
    %load/vec4 v0x854e83200_0;
    %parti/s 3, 12, 5;
    %pushi/vec4 2, 0, 3;
    %cmp/e;
    %flag_get/vec4 4;
    %and;
T_40.53;
    %flag_set/vec4 8;
    %flag_get/vec4 8;
    %jmp/0 T_40.52, 8;
    %load/vec4 v0x854e83200_0;
    %parti/s 7, 25, 6;
    %pushi/vec4 0, 0, 7;
    %cmp/e;
    %flag_get/vec4 4;
    %and;
T_40.52;
    %assign/vec4 v0x854e80780_0, 0;
    %load/vec4 v0x854e81540_0;
    %flag_set/vec4 9;
    %flag_get/vec4 9;
    %jmp/0 T_40.55, 9;
    %load/vec4 v0x854e83200_0;
    %parti/s 3, 12, 5;
    %pushi/vec4 3, 0, 3;
    %cmp/e;
    %flag_get/vec4 4;
    %and;
T_40.55;
    %flag_set/vec4 8;
    %flag_get/vec4 8;
    %jmp/0 T_40.54, 8;
    %load/vec4 v0x854e83200_0;
    %parti/s 7, 25, 6;
    %pushi/vec4 0, 0, 7;
    %cmp/e;
    %flag_get/vec4 4;
    %and;
T_40.54;
    %assign/vec4 v0x854e80960_0, 0;
    %load/vec4 v0x854e81540_0;
    %flag_set/vec4 9;
    %flag_get/vec4 9;
    %jmp/0 T_40.57, 9;
    %load/vec4 v0x854e83200_0;
    %parti/s 3, 12, 5;
    %pushi/vec4 4, 0, 3;
    %cmp/e;
    %flag_get/vec4 4;
    %and;
T_40.57;
    %flag_set/vec4 8;
    %flag_get/vec4 8;
    %jmp/0 T_40.56, 8;
    %load/vec4 v0x854e83200_0;
    %parti/s 7, 25, 6;
    %pushi/vec4 0, 0, 7;
    %cmp/e;
    %flag_get/vec4 4;
    %and;
T_40.56;
    %assign/vec4 v0x854e80fa0_0, 0;
    %load/vec4 v0x854e81540_0;
    %flag_set/vec4 9;
    %flag_get/vec4 9;
    %jmp/0 T_40.59, 9;
    %load/vec4 v0x854e83200_0;
    %parti/s 3, 12, 5;
    %pushi/vec4 5, 0, 3;
    %cmp/e;
    %flag_get/vec4 4;
    %and;
T_40.59;
    %flag_set/vec4 8;
    %flag_get/vec4 8;
    %jmp/0 T_40.58, 8;
    %load/vec4 v0x854e83200_0;
    %parti/s 7, 25, 6;
    %pushi/vec4 0, 0, 7;
    %cmp/e;
    %flag_get/vec4 4;
    %and;
T_40.58;
    %assign/vec4 v0x854e80b40_0, 0;
    %load/vec4 v0x854e81540_0;
    %flag_set/vec4 9;
    %flag_get/vec4 9;
    %jmp/0 T_40.61, 9;
    %load/vec4 v0x854e83200_0;
    %parti/s 3, 12, 5;
    %pushi/vec4 5, 0, 3;
    %cmp/e;
    %flag_get/vec4 4;
    %and;
T_40.61;
    %flag_set/vec4 8;
    %flag_get/vec4 8;
    %jmp/0 T_40.60, 8;
    %load/vec4 v0x854e83200_0;
    %parti/s 7, 25, 6;
    %pushi/vec4 32, 0, 7;
    %cmp/e;
    %flag_get/vec4 4;
    %and;
T_40.60;
    %assign/vec4 v0x854e80a00_0, 0;
    %load/vec4 v0x854e81540_0;
    %flag_set/vec4 9;
    %flag_get/vec4 9;
    %jmp/0 T_40.63, 9;
    %load/vec4 v0x854e83200_0;
    %parti/s 3, 12, 5;
    %pushi/vec4 6, 0, 3;
    %cmp/e;
    %flag_get/vec4 4;
    %and;
T_40.63;
    %flag_set/vec4 8;
    %flag_get/vec4 8;
    %jmp/0 T_40.62, 8;
    %load/vec4 v0x854e83200_0;
    %parti/s 7, 25, 6;
    %pushi/vec4 0, 0, 7;
    %cmp/e;
    %flag_get/vec4 4;
    %and;
T_40.62;
    %assign/vec4 v0x854e80000_0, 0;
    %load/vec4 v0x854e81540_0;
    %flag_set/vec4 9;
    %flag_get/vec4 9;
    %jmp/0 T_40.65, 9;
    %load/vec4 v0x854e83200_0;
    %parti/s 3, 12, 5;
    %pushi/vec4 7, 0, 3;
    %cmp/e;
    %flag_get/vec4 4;
    %and;
T_40.65;
    %flag_set/vec4 8;
    %flag_get/vec4 8;
    %jmp/0 T_40.64, 8;
    %load/vec4 v0x854e83200_0;
    %parti/s 7, 25, 6;
    %pushi/vec4 0, 0, 7;
    %cmp/e;
    %flag_get/vec4 4;
    %and;
T_40.64;
    %assign/vec4 v0x854e7b2a0_0, 0;
    %load/vec4 v0x854e83200_0;
    %parti/s 7, 0, 2;
    %cmpi/e 115, 0, 7;
    %flag_get/vec4 4;
    %jmp/0 T_40.68, 4;
    %load/vec4 v0x854e83200_0;
    %parti/s 20, 12, 5;
    %pad/u 32;
    %pushi/vec4 786434, 0, 32;
    %cmp/e;
    %flag_get/vec4 4;
    %and;
T_40.68;
    %flag_set/vec4 8;
    %jmp/1 T_40.67, 8;
    %load/vec4 v0x854e83200_0;
    %parti/s 7, 0, 2;
    %cmpi/e 115, 0, 7;
    %flag_get/vec4 4;
    %jmp/0 T_40.69, 4;
    %load/vec4 v0x854e83200_0;
    %parti/s 20, 12, 5;
    %pad/u 32;
    %pushi/vec4 786690, 0, 32;
    %cmp/e;
    %flag_get/vec4 4;
    %and;
T_40.69;
    %flag_set/vec4 9;
    %flag_or 8, 9;
T_40.67;
    %flag_get/vec4 8;
    %jmp/0 T_40.66, 8;
    %pushi/vec4 1, 0, 1;
    %and;
T_40.66;
    %assign/vec4 v0x854e80140_0, 0;
    %load/vec4 v0x854e83200_0;
    %parti/s 7, 0, 2;
    %cmpi/e 115, 0, 7;
    %flag_get/vec4 4;
    %jmp/0 T_40.73, 4;
    %load/vec4 v0x854e83200_0;
    %parti/s 20, 12, 5;
    %pad/u 32;
    %pushi/vec4 819202, 0, 32;
    %cmp/e;
    %flag_get/vec4 4;
    %and;
T_40.73;
    %flag_set/vec4 9;
    %jmp/1 T_40.72, 9;
    %load/vec4 v0x854e83200_0;
    %parti/s 7, 0, 2;
    %cmpi/e 115, 0, 7;
    %flag_get/vec4 4;
    %jmp/0 T_40.74, 4;
    %load/vec4 v0x854e83200_0;
    %parti/s 20, 12, 5;
    %pad/u 32;
    %pushi/vec4 819458, 0, 32;
    %cmp/e;
    %flag_get/vec4 4;
    %and;
T_40.74;
    %flag_set/vec4 10;
    %flag_or 9, 10;
T_40.72;
    %flag_get/vec4 9;
    %jmp/0 T_40.71, 9;
    %pushi/vec4 1, 0, 1;
    %and;
T_40.71;
    %flag_set/vec4 8;
    %flag_get/vec4 8;
    %jmp/0 T_40.70, 8;
    %pushi/vec4 1, 0, 1;
    %and;
T_40.70;
    %assign/vec4 v0x854e801e0_0, 0;
    %load/vec4 v0x854e83200_0;
    %parti/s 7, 0, 2;
    %cmpi/e 115, 0, 7;
    %flag_get/vec4 4;
    %jmp/0 T_40.76, 4;
    %load/vec4 v0x854e83200_0;
    %parti/s 20, 12, 5;
    %pad/u 32;
    %pushi/vec4 786946, 0, 32;
    %cmp/e;
    %flag_get/vec4 4;
    %and;
T_40.76;
    %flag_set/vec4 8;
    %flag_get/vec4 8;
    %jmp/0 T_40.75, 8;
    %pushi/vec4 1, 0, 1;
    %and;
T_40.75;
    %assign/vec4 v0x854e80280_0, 0;
    %load/vec4 v0x854e83200_0;
    %parti/s 7, 0, 2;
    %cmpi/e 115, 0, 7;
    %flag_get/vec4 4;
    %jmp/0 T_40.79, 4;
    %load/vec4 v0x854e83200_0;
    %parti/s 20, 12, 5;
    %pad/u 32;
    %pushi/vec4 819714, 0, 32;
    %cmp/e;
    %flag_get/vec4 4;
    %and;
T_40.79;
    %flag_set/vec4 9;
    %flag_get/vec4 9;
    %jmp/0 T_40.78, 9;
    %pushi/vec4 1, 0, 1;
    %and;
T_40.78;
    %flag_set/vec4 8;
    %flag_get/vec4 8;
    %jmp/0 T_40.77, 8;
    %pushi/vec4 1, 0, 1;
    %and;
T_40.77;
    %assign/vec4 v0x854e80320_0, 0;
    %load/vec4 v0x854e83200_0;
    %parti/s 7, 0, 2;
    %cmpi/e 115, 0, 7;
    %flag_get/vec4 4;
    %jmp/0 T_40.82, 4;
    %load/vec4 v0x854e83200_0;
    %parti/s 11, 21, 6;
    %nor/r;
    %and;
T_40.82;
    %flag_set/vec4 9;
    %flag_get/vec4 9;
    %jmp/0 T_40.81, 9;
    %load/vec4 v0x854e83200_0;
    %parti/s 13, 7, 4;
    %nor/r;
    %and;
T_40.81;
    %flag_set/vec4 8;
    %flag_get/vec4 8;
    %jmp/1 T_40.80, 8;
    %pushi/vec4 0, 0, 1;
    %or;
T_40.80;
    %assign/vec4 v0x854e7b840_0, 0;
    %load/vec4 v0x854e83200_0;
    %parti/s 7, 0, 2;
    %cmpi/e 15, 0, 7;
    %flag_get/vec4 4;
    %jmp/0 T_40.83, 4;
    %load/vec4 v0x854e83200_0;
    %parti/s 3, 12, 5;
    %nor/r;
    %and;
T_40.83;
    %assign/vec4 v0x854e7b8e0_0, 0;
    %load/vec4 v0x854e83200_0;
    %parti/s 7, 0, 2;
    %cmpi/e 11, 0, 7;
    %flag_get/vec4 4;
    %jmp/0 T_40.86, 4;
    %load/vec4 v0x854e83200_0;
    %parti/s 7, 25, 6;
    %pushi/vec4 0, 0, 7;
    %cmp/e;
    %flag_get/vec4 4;
    %and;
T_40.86;
    %flag_set/vec4 9;
    %flag_get/vec4 9;
    %jmp/0 T_40.85, 9;
    %pushi/vec4 0, 0, 1;
    %and;
T_40.85;
    %flag_set/vec4 8;
    %flag_get/vec4 8;
    %jmp/0 T_40.84, 8;
    %pushi/vec4 1, 0, 1;
    %and;
T_40.84;
    %assign/vec4 v0x854e7b980_0, 0;
    %load/vec4 v0x854e83200_0;
    %parti/s 7, 0, 2;
    %cmpi/e 11, 0, 7;
    %flag_get/vec4 4;
    %jmp/0 T_40.89, 4;
    %load/vec4 v0x854e83200_0;
    %parti/s 7, 25, 6;
    %pushi/vec4 1, 0, 7;
    %cmp/e;
    %flag_get/vec4 4;
    %and;
T_40.89;
    %flag_set/vec4 9;
    %flag_get/vec4 9;
    %jmp/0 T_40.88, 9;
    %pushi/vec4 0, 0, 1;
    %and;
T_40.88;
    %flag_set/vec4 8;
    %flag_get/vec4 8;
    %jmp/0 T_40.87, 8;
    %pushi/vec4 1, 0, 1;
    %and;
T_40.87;
    %assign/vec4 v0x854e80500_0, 0;
    %load/vec4 v0x854e83200_0;
    %parti/s 7, 0, 2;
    %cmpi/e 11, 0, 7;
    %flag_get/vec4 4;
    %jmp/0 T_40.91, 4;
    %load/vec4 v0x854e83200_0;
    %parti/s 7, 25, 6;
    %pushi/vec4 3, 0, 7;
    %cmp/e;
    %flag_get/vec4 4;
    %and;
T_40.91;
    %flag_set/vec4 8;
    %flag_get/vec4 8;
    %jmp/0 T_40.90, 8;
    %pushi/vec4 0, 0, 1;
    %and;
T_40.90;
    %assign/vec4 v0x854e7bf20_0, 0;
    %load/vec4 v0x854e83200_0;
    %parti/s 7, 0, 2;
    %cmpi/e 11, 0, 7;
    %flag_get/vec4 4;
    %jmp/0 T_40.94, 4;
    %load/vec4 v0x854e83200_0;
    %parti/s 7, 25, 6;
    %pushi/vec4 5, 0, 7;
    %cmp/e;
    %flag_get/vec4 4;
    %and;
T_40.94;
    %flag_set/vec4 9;
    %flag_get/vec4 9;
    %jmp/0 T_40.93, 9;
    %pushi/vec4 0, 0, 1;
    %and;
T_40.93;
    %flag_set/vec4 8;
    %flag_get/vec4 8;
    %jmp/0 T_40.92, 8;
    %pushi/vec4 1, 0, 1;
    %and;
T_40.92;
    %assign/vec4 v0x854e80dc0_0, 0;
    %load/vec4 v0x854e814a0_0;
    %flag_set/vec4 8;
    %flag_get/vec4 8;
    %jmp/0 T_40.95, 8;
    %load/vec4 v0x854e83200_0;
    %parti/s 3, 12, 5;
    %cmpi/e 1, 0, 3;
    %flag_get/vec4 4;
    %jmp/0 T_40.96, 4;
    %load/vec4 v0x854e83200_0;
    %parti/s 7, 25, 6;
    %pushi/vec4 0, 0, 7;
    %cmp/e;
    %flag_get/vec4 4;
    %and;
T_40.96;
    %load/vec4 v0x854e83200_0;
    %parti/s 3, 12, 5;
    %cmpi/e 5, 0, 3;
    %flag_get/vec4 4;
    %jmp/0 T_40.97, 4;
    %load/vec4 v0x854e83200_0;
    %parti/s 7, 25, 6;
    %pushi/vec4 0, 0, 7;
    %cmp/e;
    %flag_get/vec4 4;
    %and;
T_40.97;
    %concat/vec4; draw_concat_vec4
    %load/vec4 v0x854e83200_0;
    %parti/s 3, 12, 5;
    %cmpi/e 5, 0, 3;
    %flag_get/vec4 4;
    %jmp/0 T_40.98, 4;
    %load/vec4 v0x854e83200_0;
    %parti/s 7, 25, 6;
    %pushi/vec4 32, 0, 7;
    %cmp/e;
    %flag_get/vec4 4;
    %and;
T_40.98;
    %concat/vec4; draw_concat_vec4
    %or/r;
    %and;
T_40.95;
    %assign/vec4 v0x854e81c20_0, 0;
    %load/vec4 v0x854e7bac0_0;
    %flag_set/vec4 8;
    %flag_get/vec4 8;
    %jmp/1 T_40.99, 8;
    %load/vec4 v0x854e814a0_0;
    %flag_set/vec4 8;
    %flag_get/vec4 8;
    %jmp/0 T_40.100, 8;
    %load/vec4 v0x854e83200_0;
    %parti/s 3, 12, 5;
    %pushi/vec4 0, 0, 3;
    %cmp/e;
    %flag_get/vec4 4;
    %load/vec4 v0x854e83200_0;
    %parti/s 3, 12, 5;
    %pushi/vec4 2, 0, 3;
    %cmp/e;
    %flag_get/vec4 4;
    %concat/vec4; draw_concat_vec4
    %load/vec4 v0x854e83200_0;
    %parti/s 3, 12, 5;
    %pushi/vec4 3, 0, 3;
    %cmp/e;
    %flag_get/vec4 4;
    %concat/vec4; draw_concat_vec4
    %load/vec4 v0x854e83200_0;
    %parti/s 3, 12, 5;
    %pushi/vec4 4, 0, 3;
    %cmp/e;
    %flag_get/vec4 4;
    %concat/vec4; draw_concat_vec4
    %load/vec4 v0x854e83200_0;
    %parti/s 3, 12, 5;
    %pushi/vec4 6, 0, 3;
    %cmp/e;
    %flag_get/vec4 4;
    %concat/vec4; draw_concat_vec4
    %load/vec4 v0x854e83200_0;
    %parti/s 3, 12, 5;
    %pushi/vec4 7, 0, 3;
    %cmp/e;
    %flag_get/vec4 4;
    %concat/vec4; draw_concat_vec4
    %or/r;
    %and;
T_40.100;
    %or;
T_40.99;
    %assign/vec4 v0x854e81720_0, 0;
    %load/vec4 v0x854e81540_0;
    %flag_set/vec4 8;
    %flag_get/vec4 8;
    %jmp/0 T_40.101, 8;
    %load/vec4 v0x854e83200_0;
    %parti/s 3, 12, 5;
    %cmpi/e 1, 0, 3;
    %flag_get/vec4 4;
    %jmp/0 T_40.102, 4;
    %load/vec4 v0x854e83200_0;
    %parti/s 7, 25, 6;
    %pushi/vec4 0, 0, 7;
    %cmp/e;
    %flag_get/vec4 4;
    %and;
T_40.102;
    %load/vec4 v0x854e83200_0;
    %parti/s 3, 12, 5;
    %cmpi/e 5, 0, 3;
    %flag_get/vec4 4;
    %jmp/0 T_40.103, 4;
    %load/vec4 v0x854e83200_0;
    %parti/s 7, 25, 6;
    %pushi/vec4 0, 0, 7;
    %cmp/e;
    %flag_get/vec4 4;
    %and;
T_40.103;
    %concat/vec4; draw_concat_vec4
    %load/vec4 v0x854e83200_0;
    %parti/s 3, 12, 5;
    %cmpi/e 5, 0, 3;
    %flag_get/vec4 4;
    %jmp/0 T_40.104, 4;
    %load/vec4 v0x854e83200_0;
    %parti/s 7, 25, 6;
    %pushi/vec4 32, 0, 7;
    %cmp/e;
    %flag_get/vec4 4;
    %and;
T_40.104;
    %concat/vec4; draw_concat_vec4
    %or/r;
    %and;
T_40.101;
    %assign/vec4 v0x854e81b80_0, 0;
    %pushi/vec4 0, 0, 1;
    %assign/vec4 v0x854e819a0_0, 0;
    %pushi/vec4 0, 0, 1;
    %assign/vec4 v0x854e81680_0, 0;
    %pushi/vec4 1, 0, 1;
    %dup/vec4;
    %load/vec4 v0x854e7ba20_0;
    %cmp/u;
    %jmp/1 T_40.105, 6;
    %dup/vec4;
    %load/vec4 v0x854e7bde0_0;
    %load/vec4 v0x854e7b3e0_0;
    %concat/vec4; draw_concat_vec4
    %or/r;
    %cmp/u;
    %jmp/1 T_40.106, 6;
    %dup/vec4;
    %load/vec4 v0x854e7bac0_0;
    %load/vec4 v0x854e817c0_0;
    %concat/vec4; draw_concat_vec4
    %load/vec4 v0x854e814a0_0;
    %concat/vec4; draw_concat_vec4
    %or/r;
    %cmp/u;
    %jmp/1 T_40.107, 6;
    %dup/vec4;
    %load/vec4 v0x854e815e0_0;
    %cmp/u;
    %jmp/1 T_40.108, 6;
    %dup/vec4;
    %load/vec4 v0x854e81ae0_0;
    %cmp/u;
    %jmp/1 T_40.109, 6;
    %pushi/vec4 1, 1, 32;
    %assign/vec4 v0x854e7a9e0_0, 0;
    %jmp T_40.111;
T_40.105 ;
    %load/vec4 v0x854e7aa80_0;
    %assign/vec4 v0x854e7a9e0_0, 0;
    %jmp T_40.111;
T_40.106 ;
    %load/vec4 v0x854e83200_0;
    %parti/s 20, 12, 5;
    %pad/u 32;
    %ix/load 4, 12, 0;
    %flag_set/imm 4, 0;
    %shiftl 4;
    %assign/vec4 v0x854e7a9e0_0, 0;
    %jmp T_40.111;
T_40.107 ;
    %load/vec4 v0x854e83200_0;
    %parti/s 12, 20, 6;
    %pad/s 32;
    %assign/vec4 v0x854e7a9e0_0, 0;
    %jmp T_40.111;
T_40.108 ;
    %load/vec4 v0x854e83200_0;
    %parti/s 1, 31, 6;
    %load/vec4 v0x854e83200_0;
    %parti/s 1, 7, 4;
    %concat/vec4; draw_concat_vec4
    %load/vec4 v0x854e83200_0;
    %parti/s 6, 25, 6;
    %concat/vec4; draw_concat_vec4
    %load/vec4 v0x854e83200_0;
    %parti/s 4, 8, 5;
    %concat/vec4; draw_concat_vec4
    %concati/vec4 0, 0, 1;
    %pad/s 32;
    %assign/vec4 v0x854e7a9e0_0, 0;
    %jmp T_40.111;
T_40.109 ;
    %load/vec4 v0x854e83200_0;
    %parti/s 7, 25, 6;
    %load/vec4 v0x854e83200_0;
    %parti/s 5, 7, 4;
    %concat/vec4; draw_concat_vec4
    %pad/s 32;
    %assign/vec4 v0x854e7a9e0_0, 0;
    %jmp T_40.111;
T_40.111 ;
    %pop/vec4 1;
T_40.17 ;
    %load/vec4 v0x854e84fa0_0;
    %nor/r;
    %flag_set/vec4 8;
    %jmp/0xz  T_40.112, 8;
    %pushi/vec4 0, 0, 1;
    %assign/vec4 v0x854e815e0_0, 0;
    %pushi/vec4 0, 0, 1;
    %assign/vec4 v0x854e81680_0, 0;
    %pushi/vec4 0, 0, 1;
    %assign/vec4 v0x854e7b480_0, 0;
    %pushi/vec4 0, 0, 1;
    %assign/vec4 v0x854e7b7a0_0, 0;
    %pushi/vec4 0, 0, 1;
    %assign/vec4 v0x854e7b660_0, 0;
    %pushi/vec4 0, 0, 1;
    %assign/vec4 v0x854e7b520_0, 0;
    %pushi/vec4 0, 0, 1;
    %assign/vec4 v0x854e7b700_0, 0;
    %pushi/vec4 0, 0, 1;
    %assign/vec4 v0x854e7b5c0_0, 0;
    %pushi/vec4 0, 0, 1;
    %assign/vec4 v0x854e7b200_0, 0;
    %pushi/vec4 0, 0, 1;
    %assign/vec4 v0x854e80820_0, 0;
    %pushi/vec4 0, 0, 1;
    %assign/vec4 v0x854e808c0_0, 0;
    %pushi/vec4 0, 0, 1;
    %assign/vec4 v0x854e81040_0, 0;
    %pushi/vec4 0, 0, 1;
    %assign/vec4 v0x854e800a0_0, 0;
    %pushi/vec4 0, 0, 1;
    %assign/vec4 v0x854e7b340_0, 0;
    %pushi/vec4 0, 0, 1;
    %assign/vec4 v0x854e7b160_0, 0;
    %pushi/vec4 0, 0, 1;
    %assign/vec4 v0x854e80c80_0, 0;
    %pushi/vec4 0, 0, 1;
    %assign/vec4 v0x854e80640_0, 0;
    %pushi/vec4 0, 0, 1;
    %assign/vec4 v0x854e80780_0, 0;
    %pushi/vec4 0, 0, 1;
    %assign/vec4 v0x854e80960_0, 0;
    %pushi/vec4 0, 0, 1;
    %assign/vec4 v0x854e80fa0_0, 0;
    %pushi/vec4 0, 0, 1;
    %assign/vec4 v0x854e80b40_0, 0;
    %pushi/vec4 0, 0, 1;
    %assign/vec4 v0x854e80a00_0, 0;
    %pushi/vec4 0, 0, 1;
    %assign/vec4 v0x854e80000_0, 0;
    %pushi/vec4 0, 0, 1;
    %assign/vec4 v0x854e7b2a0_0, 0;
    %pushi/vec4 0, 0, 1;
    %assign/vec4 v0x854e7b8e0_0, 0;
T_40.112 ;
    %jmp T_40;
    .thread T_40;
    .scope S_0x854e64300;
T_41 ;
    %wait E_0x8551a9740;
    %pushi/vec4 0, 0, 32; draw_string_vec4
    %pushi/vec4 0, 0, 32; draw_string_vec4
    %concat/vec4; draw_string_vec4
    %pushi/vec4 0, 0, 32; draw_string_vec4
    %concat/vec4; draw_string_vec4
    %pushi/vec4 0, 0, 32; draw_string_vec4
    %concat/vec4; draw_string_vec4
    %store/vec4 v0x854e79d60_0, 0, 128;
    %load/vec4 v0x854e79860_0;
    %cmpi/e 128, 0, 8;
    %jmp/0xz  T_41.0, 4;
    %pushi/vec4 0, 0, 32; draw_string_vec4
    %pushi/vec4 0, 0, 32; draw_string_vec4
    %concat/vec4; draw_string_vec4
    %pushi/vec4 0, 0, 32; draw_string_vec4
    %concat/vec4; draw_string_vec4
    %pushi/vec4 1953653104, 0, 32; draw_string_vec4
    %concat/vec4; draw_string_vec4
    %store/vec4 v0x854e79d60_0, 0, 128;
T_41.0 ;
    %load/vec4 v0x854e79860_0;
    %cmpi/e 64, 0, 8;
    %jmp/0xz  T_41.2, 4;
    %pushi/vec4 0, 0, 32; draw_string_vec4
    %pushi/vec4 0, 0, 32; draw_string_vec4
    %concat/vec4; draw_string_vec4
    %pushi/vec4 102, 0, 32; draw_string_vec4
    %concat/vec4; draw_string_vec4
    %pushi/vec4 1702126440, 0, 32; draw_string_vec4
    %concat/vec4; draw_string_vec4
    %store/vec4 v0x854e79d60_0, 0, 128;
T_41.2 ;
    %load/vec4 v0x854e79860_0;
    %cmpi/e 32, 0, 8;
    %jmp/0xz  T_41.4, 4;
    %pushi/vec4 0, 0, 32; draw_string_vec4
    %pushi/vec4 0, 0, 32; draw_string_vec4
    %concat/vec4; draw_string_vec4
    %pushi/vec4 27748, 0, 32; draw_string_vec4
    %concat/vec4; draw_string_vec4
    %pushi/vec4 1601336113, 0, 32; draw_string_vec4
    %concat/vec4; draw_string_vec4
    %store/vec4 v0x854e79d60_0, 0, 128;
T_41.4 ;
    %load/vec4 v0x854e79860_0;
    %cmpi/e 16, 0, 8;
    %jmp/0xz  T_41.6, 4;
    %pushi/vec4 0, 0, 32; draw_string_vec4
    %pushi/vec4 0, 0, 32; draw_string_vec4
    %concat/vec4; draw_string_vec4
    %pushi/vec4 27748, 0, 32; draw_string_vec4
    %concat/vec4; draw_string_vec4
    %pushi/vec4 1601336114, 0, 32; draw_string_vec4
    %concat/vec4; draw_string_vec4
    %store/vec4 v0x854e79d60_0, 0, 128;
T_41.6 ;
    %load/vec4 v0x854e79860_0;
    %cmpi/e 8, 0, 8;
    %jmp/0xz  T_41.8, 4;
    %pushi/vec4 0, 0, 32; draw_string_vec4
    %pushi/vec4 0, 0, 32; draw_string_vec4
    %concat/vec4; draw_string_vec4
    %pushi/vec4 0, 0, 32; draw_string_vec4
    %concat/vec4; draw_string_vec4
    %pushi/vec4 1702389091, 0, 32; draw_string_vec4
    %concat/vec4; draw_string_vec4
    %store/vec4 v0x854e79d60_0, 0, 128;
T_41.8 ;
    %load/vec4 v0x854e79860_0;
    %cmpi/e 4, 0, 8;
    %jmp/0xz  T_41.10, 4;
    %pushi/vec4 0, 0, 32; draw_string_vec4
    %pushi/vec4 0, 0, 32; draw_string_vec4
    %concat/vec4; draw_string_vec4
    %pushi/vec4 115, 0, 32; draw_string_vec4
    %concat/vec4; draw_string_vec4
    %pushi/vec4 1751737972, 0, 32; draw_string_vec4
    %concat/vec4; draw_string_vec4
    %store/vec4 v0x854e79d60_0, 0, 128;
T_41.10 ;
    %load/vec4 v0x854e79860_0;
    %cmpi/e 2, 0, 8;
    %jmp/0xz  T_41.12, 4;
    %pushi/vec4 0, 0, 32; draw_string_vec4
    %pushi/vec4 0, 0, 32; draw_string_vec4
    %concat/vec4; draw_string_vec4
    %pushi/vec4 115, 0, 32; draw_string_vec4
    %concat/vec4; draw_string_vec4
    %pushi/vec4 1953326445, 0, 32; draw_string_vec4
    %concat/vec4; draw_string_vec4
    %store/vec4 v0x854e79d60_0, 0, 128;
T_41.12 ;
    %load/vec4 v0x854e79860_0;
    %cmpi/e 1, 0, 8;
    %jmp/0xz  T_41.14, 4;
    %pushi/vec4 0, 0, 32; draw_string_vec4
    %pushi/vec4 0, 0, 32; draw_string_vec4
    %concat/vec4; draw_string_vec4
    %pushi/vec4 108, 0, 32; draw_string_vec4
    %concat/vec4; draw_string_vec4
    %pushi/vec4 1684890989, 0, 32; draw_string_vec4
    %concat/vec4; draw_string_vec4
    %store/vec4 v0x854e79d60_0, 0, 128;
T_41.14 ;
    %jmp T_41;
    .thread T_41, $push;
    .scope S_0x854e64300;
T_42 ;
    %wait E_0x8551a9700;
    %pushi/vec4 1, 1, 1;
    %store/vec4 v0x854e78c80_0, 0, 1;
    %pushi/vec4 1, 0, 1;
    %dup/vec4;
    %load/vec4 v0x854e7b480_0;
    %cmp/u;
    %jmp/1 T_42.0, 6;
    %dup/vec4;
    %load/vec4 v0x854e7b7a0_0;
    %cmp/u;
    %jmp/1 T_42.1, 6;
    %dup/vec4;
    %load/vec4 v0x854e7b520_0;
    %cmp/u;
    %jmp/1 T_42.2, 6;
    %dup/vec4;
    %load/vec4 v0x854e7b5c0_0;
    %cmp/u;
    %jmp/1 T_42.3, 6;
    %dup/vec4;
    %load/vec4 v0x854e81cc0_0;
    %flag_set/vec4 8;
    %flag_get/vec4 8;
    %jmp/0 T_42.7, 8;
    %pushi/vec4 1, 0, 1;
    %and;
T_42.7;
    %cmp/u;
    %jmp/1 T_42.4, 6;
    %dup/vec4;
    %load/vec4 v0x854e81d60_0;
    %flag_set/vec4 8;
    %flag_get/vec4 8;
    %jmp/0 T_42.8, 8;
    %pushi/vec4 1, 0, 1;
    %and;
T_42.8;
    %cmp/u;
    %jmp/1 T_42.5, 6;
    %jmp T_42.6;
T_42.0 ;
    %load/vec4 v0x854e78a00_0;
    %store/vec4 v0x854e78c80_0, 0, 1;
    %jmp T_42.6;
T_42.1 ;
    %load/vec4 v0x854e78a00_0;
    %nor/r;
    %store/vec4 v0x854e78c80_0, 0, 1;
    %jmp T_42.6;
T_42.2 ;
    %load/vec4 v0x854e78aa0_0;
    %nor/r;
    %store/vec4 v0x854e78c80_0, 0, 1;
    %jmp T_42.6;
T_42.3 ;
    %load/vec4 v0x854e78b40_0;
    %nor/r;
    %store/vec4 v0x854e78c80_0, 0, 1;
    %jmp T_42.6;
T_42.4 ;
    %load/vec4 v0x854e78aa0_0;
    %store/vec4 v0x854e78c80_0, 0, 1;
    %jmp T_42.6;
T_42.5 ;
    %load/vec4 v0x854e78b40_0;
    %store/vec4 v0x854e78c80_0, 0, 1;
    %jmp T_42.6;
T_42.6 ;
    %pop/vec4 1;
    %pushi/vec4 4294967295, 4294967295, 32;
    %store/vec4 v0x854e78be0_0, 0, 32;
    %pushi/vec4 1, 0, 1;
    %dup/vec4;
    %load/vec4 v0x854e819a0_0;
    %cmp/u;
    %jmp/1 T_42.9, 6;
    %dup/vec4;
    %load/vec4 v0x854e81680_0;
    %cmp/u;
    %jmp/1 T_42.10, 6;
    %dup/vec4;
    %load/vec4 v0x854e81040_0;
    %flag_set/vec4 8;
    %flag_get/vec4 8;
    %jmp/1 T_42.17, 8;
    %load/vec4 v0x854e80fa0_0;
    %or;
T_42.17;
    %cmp/u;
    %jmp/1 T_42.11, 6;
    %dup/vec4;
    %load/vec4 v0x854e800a0_0;
    %flag_set/vec4 8;
    %flag_get/vec4 8;
    %jmp/1 T_42.18, 8;
    %load/vec4 v0x854e80000_0;
    %or;
T_42.18;
    %cmp/u;
    %jmp/1 T_42.12, 6;
    %dup/vec4;
    %load/vec4 v0x854e7b340_0;
    %flag_set/vec4 8;
    %flag_get/vec4 8;
    %jmp/1 T_42.19, 8;
    %load/vec4 v0x854e7b2a0_0;
    %or;
T_42.19;
    %cmp/u;
    %jmp/1 T_42.13, 6;
    %dup/vec4;
    %pushi/vec4 0, 0, 1;
    %cmp/u;
    %jmp/1 T_42.14, 6;
    %dup/vec4;
    %pushi/vec4 0, 0, 1;
    %cmp/u;
    %jmp/1 T_42.15, 6;
    %jmp T_42.16;
T_42.9 ;
    %load/vec4 v0x854e78960_0;
    %store/vec4 v0x854e78be0_0, 0, 32;
    %jmp T_42.16;
T_42.10 ;
    %load/vec4 v0x854e78c80_0;
    %pad/u 32;
    %store/vec4 v0x854e78be0_0, 0, 32;
    %jmp T_42.16;
T_42.11 ;
    %load/vec4 v0x854e84c80_0;
    %load/vec4 v0x854e84d20_0;
    %xor;
    %store/vec4 v0x854e78be0_0, 0, 32;
    %jmp T_42.16;
T_42.12 ;
    %load/vec4 v0x854e84c80_0;
    %load/vec4 v0x854e84d20_0;
    %or;
    %store/vec4 v0x854e78be0_0, 0, 32;
    %jmp T_42.16;
T_42.13 ;
    %load/vec4 v0x854e84c80_0;
    %load/vec4 v0x854e84d20_0;
    %and;
    %store/vec4 v0x854e78be0_0, 0, 32;
    %jmp T_42.16;
T_42.14 ;
    %load/vec4 v0x854e78e60_0;
    %store/vec4 v0x854e78be0_0, 0, 32;
    %jmp T_42.16;
T_42.15 ;
    %load/vec4 v0x854e78f00_0;
    %store/vec4 v0x854e78be0_0, 0, 32;
    %jmp T_42.16;
T_42.16 ;
    %pop/vec4 1;
    %jmp T_42;
    .thread T_42, $push;
    .scope S_0x854e64300;
T_43 ;
    %wait E_0x8551a9600;
    %load/vec4 v0x854e794a0_0;
    %assign/vec4 v0x854e79540_0, 0;
    %jmp T_43;
    .thread T_43;
    .scope S_0x854e64300;
T_44 ;
    %wait E_0x8551a96c0;
    %load/vec4 v0x854e79540_0;
    %store/vec4 v0x854e794a0_0, 0, 1;
    %load/vec4 v0x854e84780_0;
    %nor/r;
    %flag_set/vec4 8;
    %jmp/0xz  T_44.0, 8;
    %pushi/vec4 0, 0, 1;
    %store/vec4 v0x854e794a0_0, 0, 1;
T_44.0 ;
    %load/vec4 v0x854e81ea0_0;
    %flag_set/vec4 8;
    %jmp/1 T_44.5, 8;
    %load/vec4 v0x854e81400_0;
    %cmpi/ne 0, 0, 2;
    %flag_or 8, 4;
T_44.5;
    %jmp/1 T_44.4, 8;
    %load/vec4 v0x854e84fa0_0;
    %nor/r;
    %flag_set/vec4 9;
    %flag_or 8, 9;
T_44.4;
    %jmp/0xz  T_44.2, 8;
    %pushi/vec4 0, 0, 1;
    %store/vec4 v0x854e794a0_0, 0, 1;
T_44.2 ;
    %jmp T_44;
    .thread T_44, $push;
    .scope S_0x854e64300;
T_45 ;
    %wait E_0x8551a9680;
    %pushi/vec4 0, 0, 1;
    %store/vec4 v0x854e79b80_0, 0, 1;
    %pushi/vec4 4294967295, 4294967295, 32;
    %store/vec4 v0x854e79ae0_0, 0, 32;
    %load/vec4 v0x854e79860_0;
    %cmpi/e 64, 0, 8;
    %jmp/0xz  T_45.0, 4;
    %pushi/vec4 1, 0, 1;
    %dup/vec4;
    %load/vec4 v0x854e81ea0_0;
    %cmp/u;
    %jmp/1 T_45.2, 6;
    %dup/vec4;
    %load/vec4 v0x854e82300_0;
    %flag_set/vec4 8;
    %flag_get/vec4 8;
    %jmp/0 T_45.7, 8;
    %load/vec4 v0x854e81ea0_0;
    %nor/r;
    %and;
T_45.7;
    %cmp/u;
    %jmp/1 T_45.3, 6;
    %dup/vec4;
    %pushi/vec4 0, 0, 1;
    %cmp/u;
    %jmp/1 T_45.4, 6;
    %dup/vec4;
    %pushi/vec4 0, 0, 1;
    %cmp/u;
    %jmp/1 T_45.5, 6;
    %jmp T_45.6;
T_45.2 ;
    %load/vec4 v0x854e84e60_0;
    %load/vec4 v0x854e81f40_0;
    %flag_set/vec4 8;
    %jmp/0 T_45.8, 8;
    %pushi/vec4 2, 0, 32;
    %jmp/1 T_45.9, 8;
T_45.8 ; End of true expr.
    %pushi/vec4 4, 0, 32;
    %jmp/0 T_45.9, 8;
 ; End of false expr.
    %blend;
T_45.9;
    %add;
    %store/vec4 v0x854e79ae0_0, 0, 32;
    %pushi/vec4 1, 0, 1;
    %store/vec4 v0x854e79b80_0, 0, 1;
    %jmp T_45.6;
T_45.3 ;
    %load/vec4 v0x854e82260_0;
    %flag_set/vec4 8;
    %jmp/0 T_45.10, 8;
    %load/vec4 v0x854e78dc0_0;
    %jmp/1 T_45.11, 8;
T_45.10 ; End of true expr.
    %load/vec4 v0x854e84dc0_0;
    %jmp/0 T_45.11, 8;
 ; End of false expr.
    %blend;
T_45.11;
    %store/vec4 v0x854e79ae0_0, 0, 32;
    %pushi/vec4 1, 0, 1;
    %store/vec4 v0x854e79b80_0, 0, 1;
    %jmp T_45.6;
T_45.4 ;
    %load/vec4 v0x854e84be0_0;
    %load/vec4 v0x854e81f40_0;
    %pad/u 32;
    %or;
    %store/vec4 v0x854e79ae0_0, 0, 32;
    %pushi/vec4 1, 0, 1;
    %store/vec4 v0x854e79b80_0, 0, 1;
    %jmp T_45.6;
T_45.5 ;
    %load/vec4 v0x854e81360_0;
    %load/vec4 v0x854e812c0_0;
    %inv;
    %and;
    %store/vec4 v0x854e79ae0_0, 0, 32;
    %pushi/vec4 1, 0, 1;
    %store/vec4 v0x854e79b80_0, 0, 1;
    %jmp T_45.6;
T_45.6 ;
    %pop/vec4 1;
T_45.0 ;
    %jmp T_45;
    .thread T_45, $push;
    .scope S_0x854e64300;
T_46 ;
    %wait E_0x8551a9600;
    %load/vec4 v0x854e84fa0_0;
    %flag_set/vec4 10;
    %flag_get/vec4 10;
    %jmp/0 T_46.3, 10;
    %load/vec4 v0x854e79b80_0;
    %and;
T_46.3;
    %flag_set/vec4 9;
    %flag_get/vec4 9;
    %jmp/0 T_46.2, 9;
    %load/vec4 v0x854e821c0_0;
    %pushi/vec4 0, 0, 5;
    %cmp/ne;
    %flag_get/vec4 4;
    %and;
T_46.2;
    %flag_set/vec4 8;
    %jmp/0xz  T_46.0, 8;
    %load/vec4 v0x854e79ae0_0;
    %load/vec4 v0x854e821c0_0;
    %pad/u 7;
    %ix/vec4 3;
    %ix/load 4, 0, 0; Constant delay
    %assign/vec4/a/d v0x854e79900, 0, 4;
T_46.0 ;
    %jmp T_46;
    .thread T_46;
    .scope S_0x854e64300;
T_47 ;
    %wait E_0x8551a9640;
    %pushi/vec4 31, 31, 5;
    %store/vec4 v0x854e7abc0_0, 0, 5;
    %load/vec4 v0x854e7ac60_0;
    %cmpi/ne 0, 0, 5;
    %flag_mov 8, 4;
    %jmp/0 T_47.0, 8;
    %load/vec4 v0x854e7ac60_0;
    %pad/u 7;
    %ix/vec4 4;
    %load/vec4a v0x854e79900, 4;
    %jmp/1 T_47.1, 8;
T_47.0 ; End of true expr.
    %pushi/vec4 0, 0, 32;
    %jmp/0 T_47.1, 8;
 ; End of false expr.
    %blend;
T_47.1;
    %store/vec4 v0x854e799a0_0, 0, 32;
    %load/vec4 v0x854e7ad00_0;
    %cmpi/ne 0, 0, 5;
    %flag_mov 8, 4;
    %jmp/0 T_47.2, 8;
    %load/vec4 v0x854e7ad00_0;
    %pad/u 7;
    %ix/vec4 4;
    %load/vec4a v0x854e79900, 4;
    %jmp/1 T_47.3, 8;
T_47.2 ; End of true expr.
    %pushi/vec4 0, 0, 32;
    %jmp/0 T_47.3, 8;
 ; End of false expr.
    %blend;
T_47.3;
    %store/vec4 v0x854e79a40_0, 0, 32;
    %jmp T_47;
    .thread T_47, $push;
    .scope S_0x854e64300;
T_48 ;
    %wait E_0x8551a9600;
    %pushi/vec4 0, 0, 1;
    %assign/vec4 v0x854e85400_0, 0;
    %pushi/vec4 31, 31, 5;
    %assign/vec4 v0x854e84f00_0, 0;
    %pushi/vec4 4294967295, 4294967295, 32;
    %assign/vec4 v0x854e84dc0_0, 0;
    %pushi/vec4 0, 0, 1;
    %store/vec4 v0x854e850e0_0, 0, 1;
    %pushi/vec4 0, 0, 1;
    %store/vec4 v0x854e85040_0, 0, 1;
    %pushi/vec4 0, 0, 1;
    %store/vec4 v0x854e85180_0, 0, 1;
    %load/vec4 v0x854e78c80_0;
    %assign/vec4 v0x854e78d20_0, 0;
    %load/vec4 v0x854e78be0_0;
    %assign/vec4 v0x854e78dc0_0, 0;
    %pushi/vec4 0, 0, 1;
    %assign/vec4 v0x854e78fa0_0, 0;
    %pushi/vec4 0, 0, 1;
    %assign/vec4 v0x854e79040_0, 0;
    %load/vec4 v0x854e82440_0;
    %flag_set/vec4 8;
    %jmp/0xz  T_48.0, 8;
    %pushi/vec4 4294967295, 4294967295, 32;
    %assign/vec4 v0x854e7a6c0_0, 0;
    %pushi/vec4 4294967295, 4294967295, 32;
    %assign/vec4 v0x854e7a800_0, 0;
    %pushi/vec4 0, 0, 1;
    %assign/vec4 v0x854e7a760_0, 0;
    %pushi/vec4 0, 0, 1;
    %assign/vec4 v0x854e7a8a0_0, 0;
T_48.0 ;
    %load/vec4 v0x854e84fa0_0;
    %flag_set/vec4 8;
    %jmp/0 T_48.2, 8;
    %load/vec4 v0x854e79720_0;
    %addi 1, 0, 64;
    %jmp/1 T_48.3, 8;
T_48.2 ; End of true expr.
    %pushi/vec4 0, 0, 64;
    %jmp/0 T_48.3, 8;
 ; End of false expr.
    %blend;
T_48.3;
    %assign/vec4 v0x854e79720_0, 0;
    %pushi/vec4 4294967295, 4294967295, 32;
    %store/vec4 v0x854e838e0_0, 0, 32;
    %load/vec4 v0x854e82760_0;
    %flag_set/vec4 8;
    %flag_get/vec4 8;
    %jmp/0 T_48.4, 8;
    %load/vec4 v0x854e828a0_0;
    %and;
T_48.4;
    %assign/vec4 v0x854e7aee0_0, 0;
    %load/vec4 v0x854e7aee0_0;
    %assign/vec4 v0x854e7af80_0, 0;
    %pushi/vec4 0, 0, 1;
    %assign/vec4 v0x854e7ada0_0, 0;
    %load/vec4 v0x854e7ada0_0;
    %assign/vec4 v0x854e7ae40_0, 0;
    %pushi/vec4 0, 0, 1;
    %assign/vec4 v0x854e7b020_0, 0;
    %pushi/vec4 0, 0, 1;
    %assign/vec4 v0x854e85360_0, 0;
    %pushi/vec4 4294967295, 4294967295, 32;
    %concati/vec4 15, 15, 4;
    %assign/vec4 v0x854e852c0_0, 0;
    %load/vec4 v0x854e84fa0_0;
    %nor/r;
    %flag_set/vec4 8;
    %jmp/0xz  T_48.5, 8;
    %pushi/vec4 0, 0, 32;
    %assign/vec4 v0x854e84e60_0, 0;
    %pushi/vec4 0, 0, 32;
    %assign/vec4 v0x854e84be0_0, 0;
    %pushi/vec4 0, 0, 64;
    %assign/vec4 v0x854e797c0_0, 0;
    %pushi/vec4 0, 0, 1;
    %assign/vec4 v0x854e82300_0, 0;
    %pushi/vec4 0, 0, 1;
    %assign/vec4 v0x854e82260_0, 0;
    %pushi/vec4 0, 0, 1;
    %assign/vec4 v0x854e81ea0_0, 0;
    %pushi/vec4 0, 0, 1;
    %assign/vec4 v0x854e823a0_0, 0;
    %pushi/vec4 0, 0, 1;
    %assign/vec4 v0x854e82120_0, 0;
    %pushi/vec4 0, 0, 1;
    %assign/vec4 v0x854e82080_0, 0;
    %pushi/vec4 0, 0, 1;
    %assign/vec4 v0x854e81fe0_0, 0;
    %pushi/vec4 0, 0, 1;
    %assign/vec4 v0x854e845a0_0, 0;
    %pushi/vec4 0, 0, 1;
    %assign/vec4 v0x854e84500_0, 0;
    %pushi/vec4 0, 0, 1;
    %assign/vec4 v0x854e81180_0, 0;
    %pushi/vec4 0, 0, 1;
    %assign/vec4 v0x854e81220_0, 0;
    %pushi/vec4 4294967295, 0, 32;
    %assign/vec4 v0x854e812c0_0, 0;
    %pushi/vec4 0, 0, 32;
    %store/vec4 v0x854e838e0_0, 0, 32;
    %pushi/vec4 0, 0, 2;
    %assign/vec4 v0x854e81400_0, 0;
    %pushi/vec4 0, 0, 32;
    %assign/vec4 v0x854e7b0c0_0, 0;
    %pushi/vec4 0, 0, 32;
    %assign/vec4 v0x854e85220_0, 0;
    %pushi/vec4 64, 0, 8;
    %assign/vec4 v0x854e79860_0, 0;
    %jmp T_48.6;
T_48.5 ;
    %load/vec4 v0x854e79860_0;
    %dup/vec4;
    %pushi/vec4 128, 0, 8;
    %cmp/u;
    %jmp/1 T_48.7, 6;
    %dup/vec4;
    %pushi/vec4 64, 0, 8;
    %cmp/u;
    %jmp/1 T_48.8, 6;
    %dup/vec4;
    %pushi/vec4 32, 0, 8;
    %cmp/u;
    %jmp/1 T_48.9, 6;
    %dup/vec4;
    %pushi/vec4 16, 0, 8;
    %cmp/u;
    %jmp/1 T_48.10, 6;
    %dup/vec4;
    %pushi/vec4 8, 0, 8;
    %cmp/u;
    %jmp/1 T_48.11, 6;
    %dup/vec4;
    %pushi/vec4 4, 0, 8;
    %cmp/u;
    %jmp/1 T_48.12, 6;
    %dup/vec4;
    %pushi/vec4 2, 0, 8;
    %cmp/u;
    %jmp/1 T_48.13, 6;
    %dup/vec4;
    %pushi/vec4 1, 0, 8;
    %cmp/u;
    %jmp/1 T_48.14, 6;
    %jmp T_48.15;
T_48.7 ;
    %pushi/vec4 1, 0, 1;
    %assign/vec4 v0x854e85400_0, 0;
    %jmp T_48.15;
T_48.8 ;
    %load/vec4 v0x854e7aee0_0;
    %nor/r;
    %flag_set/vec4 8;
    %flag_get/vec4 8;
    %jmp/0 T_48.16, 8;
    %load/vec4 v0x854e7b020_0;
    %nor/r;
    %and;
T_48.16;
    %assign/vec4 v0x854e82760_0, 0;
    %pushi/vec4 0, 0, 2;
    %assign/vec4 v0x854e835c0_0, 0;
    %load/vec4 v0x854e84be0_0;
    %store/vec4 v0x854e79c20_0, 0, 32;
    %pushi/vec4 1, 0, 1;
    %dup/vec4;
    %load/vec4 v0x854e81ea0_0;
    %cmp/u;
    %jmp/1 T_48.17, 6;
    %dup/vec4;
    %load/vec4 v0x854e82300_0;
    %flag_set/vec4 8;
    %flag_get/vec4 8;
    %jmp/0 T_48.22, 8;
    %load/vec4 v0x854e81ea0_0;
    %nor/r;
    %and;
T_48.22;
    %cmp/u;
    %jmp/1 T_48.18, 6;
    %dup/vec4;
    %pushi/vec4 0, 0, 1;
    %cmp/u;
    %jmp/1 T_48.19, 6;
    %dup/vec4;
    %pushi/vec4 0, 0, 1;
    %cmp/u;
    %jmp/1 T_48.20, 6;
    %jmp T_48.21;
T_48.17 ;
    %load/vec4 v0x854e82300_0;
    %flag_set/vec4 8;
    %jmp/0 T_48.23, 8;
    %load/vec4 v0x854e82260_0;
    %flag_set/vec4 9;
    %jmp/0 T_48.25, 9;
    %load/vec4 v0x854e78dc0_0;
    %jmp/1 T_48.26, 9;
T_48.25 ; End of true expr.
    %load/vec4 v0x854e84dc0_0;
    %jmp/0 T_48.26, 9;
 ; End of false expr.
    %blend;
T_48.26;
    %pushi/vec4 4294967294, 0, 32;
    %and;
    %jmp/1 T_48.24, 8;
T_48.23 ; End of true expr.
    %load/vec4 v0x854e84be0_0;
    %jmp/0 T_48.24, 8;
 ; End of false expr.
    %blend;
T_48.24;
    %store/vec4 v0x854e79c20_0, 0, 32;
    %jmp T_48.21;
T_48.18 ;
    %jmp T_48.21;
T_48.19 ;
    %pushi/vec4 16, 0, 32;
    %store/vec4 v0x854e79c20_0, 0, 32;
    %pushi/vec4 1, 0, 1;
    %assign/vec4 v0x854e81180_0, 0;
    %pushi/vec4 1, 0, 1;
    %assign/vec4 v0x854e82760_0, 0;
    %jmp T_48.21;
T_48.20 ;
    %load/vec4 v0x854e81360_0;
    %load/vec4 v0x854e812c0_0;
    %inv;
    %and;
    %assign/vec4 v0x854e7b0c0_0, 0;
    %load/vec4 v0x854e838e0_0;
    %load/vec4 v0x854e812c0_0;
    %and;
    %store/vec4 v0x854e838e0_0, 0, 32;
    %jmp T_48.21;
T_48.21 ;
    %pop/vec4 1;
    %load/vec4 v0x854e79c20_0;
    %assign/vec4 v0x854e84e60_0, 0;
    %load/vec4 v0x854e79c20_0;
    %assign/vec4 v0x854e84be0_0, 0;
    %pushi/vec4 0, 0, 1;
    %assign/vec4 v0x854e82300_0, 0;
    %pushi/vec4 0, 0, 1;
    %assign/vec4 v0x854e82260_0, 0;
    %pushi/vec4 0, 0, 1;
    %assign/vec4 v0x854e81ea0_0, 0;
    %pushi/vec4 0, 0, 1;
    %assign/vec4 v0x854e82120_0, 0;
    %pushi/vec4 0, 0, 1;
    %assign/vec4 v0x854e82080_0, 0;
    %pushi/vec4 0, 0, 1;
    %assign/vec4 v0x854e81fe0_0, 0;
    %load/vec4 v0x854e7ab20_0;
    %assign/vec4 v0x854e821c0_0, 0;
    %load/vec4 v0x854e79680_0;
    %assign/vec4 v0x854e81f40_0, 0;
    %load/vec4 v0x854e7aee0_0;
    %flag_set/vec4 8;
    %jmp/0xz  T_48.27, 8;
    %load/vec4 v0x854e81180_0;
    %assign/vec4 v0x854e81220_0, 0;
    %load/vec4 v0x854e79c20_0;
    %load/vec4 v0x854e79680_0;
    %flag_set/vec4 8;
    %jmp/0 T_48.29, 8;
    %pushi/vec4 2, 0, 32;
    %jmp/1 T_48.30, 8;
T_48.29 ; End of true expr.
    %pushi/vec4 4, 0, 32;
    %jmp/0 T_48.30, 8;
 ; End of false expr.
    %blend;
T_48.30;
    %add;
    %assign/vec4 v0x854e84be0_0, 0;
    %load/vec4 v0x854e797c0_0;
    %addi 1, 0, 64;
    %assign/vec4 v0x854e797c0_0, 0;
    %load/vec4 v0x854e7ba20_0;
    %flag_set/vec4 8;
    %jmp/0xz  T_48.31, 8;
    %pushi/vec4 1, 0, 1;
    %assign/vec4 v0x854e82760_0, 0;
    %load/vec4 v0x854e79c20_0;
    %load/vec4 v0x854e7aa80_0;
    %add;
    %assign/vec4 v0x854e84be0_0, 0;
    %pushi/vec4 1, 0, 1;
    %assign/vec4 v0x854e81ea0_0, 0;
    %jmp T_48.32;
T_48.31 ;
    %pushi/vec4 0, 0, 1;
    %assign/vec4 v0x854e82760_0, 0;
    %load/vec4 v0x854e7bac0_0;
    %nor/r;
    %flag_set/vec4 8;
    %flag_get/vec4 8;
    %jmp/0 T_48.33, 8;
    %load/vec4 v0x854e803c0_0;
    %nor/r;
    %and;
T_48.33;
    %assign/vec4 v0x854e82620_0, 0;
    %pushi/vec4 32, 0, 8;
    %assign/vec4 v0x854e79860_0, 0;
T_48.32 ;
T_48.27 ;
    %jmp T_48.15;
T_48.9 ;
    %pushi/vec4 4294967295, 4294967295, 32;
    %assign/vec4 v0x854e84c80_0, 0;
    %pushi/vec4 4294967295, 4294967295, 32;
    %assign/vec4 v0x854e84d20_0, 0;
    %pushi/vec4 1, 0, 1;
    %dup/vec4;
    %pushi/vec4 1, 0, 1;
    %flag_set/vec4 8;
    %flag_get/vec4 8;
    %jmp/0 T_48.48, 8;
    %load/vec4 v0x854e80e60_0;
    %and;
T_48.48;
    %cmp/u;
    %jmp/1 T_48.34, 6;
    %dup/vec4;
    %pushi/vec4 1, 0, 1;
    %flag_set/vec4 8;
    %flag_get/vec4 8;
    %jmp/0 T_48.49, 8;
    %load/vec4 v0x854e81a40_0;
    %and;
T_48.49;
    %cmp/u;
    %jmp/1 T_48.35, 6;
    %dup/vec4;
    %load/vec4 v0x854e81900_0;
    %cmp/u;
    %jmp/1 T_48.36, 6;
    %dup/vec4;
    %pushi/vec4 0, 0, 1;
    %cmp/u;
    %jmp/1 T_48.37, 6;
    %dup/vec4;
    %pushi/vec4 0, 0, 1;
    %cmp/u;
    %jmp/1 T_48.38, 6;
    %dup/vec4;
    %pushi/vec4 0, 0, 1;
    %cmp/u;
    %jmp/1 T_48.39, 6;
    %dup/vec4;
    %pushi/vec4 0, 0, 1;
    %cmp/u;
    %jmp/1 T_48.40, 6;
    %dup/vec4;
    %pushi/vec4 0, 0, 1;
    %cmp/u;
    %jmp/1 T_48.41, 6;
    %dup/vec4;
    %load/vec4 v0x854e817c0_0;
    %flag_set/vec4 8;
    %flag_get/vec4 8;
    %jmp/0 T_48.50, 8;
    %load/vec4 v0x854e80e60_0;
    %nor/r;
    %and;
T_48.50;
    %cmp/u;
    %jmp/1 T_48.42, 6;
    %dup/vec4;
    %load/vec4 v0x854e81c20_0;
    %flag_set/vec4 8;
    %flag_get/vec4 8;
    %jmp/0 T_48.51, 8;
    %pushi/vec4 1, 0, 1;
    %and;
T_48.51;
    %cmp/u;
    %jmp/1 T_48.43, 6;
    %dup/vec4;
    %load/vec4 v0x854e81720_0;
    %cmp/u;
    %jmp/1 T_48.44, 6;
    %dup/vec4;
    %load/vec4 v0x854e81c20_0;
    %flag_set/vec4 8;
    %flag_get/vec4 8;
    %jmp/0 T_48.52, 8;
    %pushi/vec4 0, 0, 1;
    %and;
T_48.52;
    %cmp/u;
    %jmp/1 T_48.45, 6;
    %load/vec4 v0x854e799a0_0;
    %assign/vec4 v0x854e84c80_0, 0;
    %load/vec4 v0x854e799a0_0;
    %assign/vec4 v0x854e7a6c0_0, 0;
    %pushi/vec4 1, 0, 1;
    %assign/vec4 v0x854e7a760_0, 0;
    %load/vec4 v0x854e79a40_0;
    %pad/u 5;
    %assign/vec4 v0x854e84f00_0, 0;
    %load/vec4 v0x854e79a40_0;
    %assign/vec4 v0x854e84d20_0, 0;
    %load/vec4 v0x854e79a40_0;
    %assign/vec4 v0x854e7a800_0, 0;
    %pushi/vec4 1, 0, 1;
    %assign/vec4 v0x854e7a8a0_0, 0;
    %pushi/vec4 1, 0, 1;
    %dup/vec4;
    %load/vec4 v0x854e81ae0_0;
    %cmp/u;
    %jmp/1 T_48.53, 6;
    %dup/vec4;
    %load/vec4 v0x854e81b80_0;
    %flag_set/vec4 8;
    %flag_get/vec4 8;
    %jmp/0 T_48.57, 8;
    %pushi/vec4 1, 0, 1;
    %and;
T_48.57;
    %cmp/u;
    %jmp/1 T_48.54, 6;
    %load/vec4 v0x854e82620_0;
    %assign/vec4 v0x854e82760_0, 0;
    %pushi/vec4 8, 0, 8;
    %assign/vec4 v0x854e79860_0, 0;
    %jmp T_48.56;
T_48.53 ;
    %pushi/vec4 2, 0, 8;
    %assign/vec4 v0x854e79860_0, 0;
    %pushi/vec4 1, 0, 1;
    %assign/vec4 v0x854e82760_0, 0;
    %jmp T_48.56;
T_48.54 ;
    %pushi/vec4 4, 0, 8;
    %assign/vec4 v0x854e79860_0, 0;
    %jmp T_48.56;
T_48.56 ;
    %pop/vec4 1;
    %jmp T_48.47;
T_48.34 ;
    %pushi/vec4 128, 0, 8;
    %assign/vec4 v0x854e79860_0, 0;
    %jmp T_48.47;
T_48.35 ;
    %pushi/vec4 1, 0, 1;
    %dup/vec4;
    %load/vec4 v0x854e80140_0;
    %cmp/u;
    %jmp/1 T_48.58, 6;
    %dup/vec4;
    %load/vec4 v0x854e801e0_0;
    %flag_set/vec4 8;
    %flag_get/vec4 8;
    %jmp/0 T_48.63, 8;
    %pushi/vec4 1, 0, 1;
    %and;
T_48.63;
    %cmp/u;
    %jmp/1 T_48.59, 6;
    %dup/vec4;
    %load/vec4 v0x854e80280_0;
    %cmp/u;
    %jmp/1 T_48.60, 6;
    %dup/vec4;
    %load/vec4 v0x854e80320_0;
    %flag_set/vec4 8;
    %flag_get/vec4 8;
    %jmp/0 T_48.64, 8;
    %pushi/vec4 1, 0, 1;
    %and;
T_48.64;
    %cmp/u;
    %jmp/1 T_48.61, 6;
    %jmp T_48.62;
T_48.58 ;
    %load/vec4 v0x854e79720_0;
    %parti/s 32, 0, 2;
    %assign/vec4 v0x854e84dc0_0, 0;
    %jmp T_48.62;
T_48.59 ;
    %load/vec4 v0x854e79720_0;
    %parti/s 32, 32, 7;
    %assign/vec4 v0x854e84dc0_0, 0;
    %jmp T_48.62;
T_48.60 ;
    %load/vec4 v0x854e797c0_0;
    %parti/s 32, 0, 2;
    %assign/vec4 v0x854e84dc0_0, 0;
    %jmp T_48.62;
T_48.61 ;
    %load/vec4 v0x854e797c0_0;
    %parti/s 32, 32, 7;
    %assign/vec4 v0x854e84dc0_0, 0;
    %jmp T_48.62;
T_48.62 ;
    %pop/vec4 1;
    %pushi/vec4 1, 0, 1;
    %assign/vec4 v0x854e82300_0, 0;
    %pushi/vec4 64, 0, 8;
    %assign/vec4 v0x854e79860_0, 0;
    %jmp T_48.47;
T_48.36 ;
    %load/vec4 v0x854e7bde0_0;
    %flag_set/vec4 8;
    %jmp/0 T_48.65, 8;
    %pushi/vec4 0, 0, 32;
    %jmp/1 T_48.66, 8;
T_48.65 ; End of true expr.
    %load/vec4 v0x854e84e60_0;
    %jmp/0 T_48.66, 8;
 ; End of false expr.
    %blend;
T_48.66;
    %assign/vec4 v0x854e84c80_0, 0;
    %load/vec4 v0x854e7a9e0_0;
    %assign/vec4 v0x854e84d20_0, 0;
    %load/vec4 v0x854e82620_0;
    %assign/vec4 v0x854e82760_0, 0;
    %pushi/vec4 8, 0, 8;
    %assign/vec4 v0x854e79860_0, 0;
    %jmp T_48.47;
T_48.37 ;
    %load/vec4 v0x854e799a0_0;
    %assign/vec4 v0x854e84dc0_0, 0;
    %load/vec4 v0x854e799a0_0;
    %assign/vec4 v0x854e7a6c0_0, 0;
    %pushi/vec4 1, 0, 1;
    %assign/vec4 v0x854e7a760_0, 0;
    %pushi/vec4 1, 0, 1;
    %assign/vec4 v0x854e82300_0, 0;
    %pushi/vec4 64, 0, 8;
    %assign/vec4 v0x854e79860_0, 0;
    %jmp T_48.47;
T_48.38 ;
    %load/vec4 v0x854e799a0_0;
    %assign/vec4 v0x854e84dc0_0, 0;
    %load/vec4 v0x854e799a0_0;
    %assign/vec4 v0x854e7a6c0_0, 0;
    %pushi/vec4 1, 0, 1;
    %assign/vec4 v0x854e7a760_0, 0;
    %load/vec4 v0x854e821c0_0;
    %pad/u 32;
    %pushi/vec4 32, 0, 32;
    %or;
    %pad/u 5;
    %assign/vec4 v0x854e821c0_0, 0;
    %pushi/vec4 1, 0, 1;
    %assign/vec4 v0x854e82300_0, 0;
    %pushi/vec4 64, 0, 8;
    %assign/vec4 v0x854e79860_0, 0;
    %jmp T_48.47;
T_48.39 ;
    %pushi/vec4 0, 0, 32;
    %assign/vec4 v0x854e7b0c0_0, 0;
    %pushi/vec4 0, 0, 1;
    %assign/vec4 v0x854e81180_0, 0;
    %pushi/vec4 1, 0, 1;
    %assign/vec4 v0x854e81ea0_0, 0;
    %pushi/vec4 1, 0, 1;
    %assign/vec4 v0x854e82300_0, 0;
    %load/vec4 v0x854e799a0_0;
    %pushi/vec4 4294967294, 0, 32;
    %and;
    %assign/vec4 v0x854e84dc0_0, 0;
    %load/vec4 v0x854e799a0_0;
    %assign/vec4 v0x854e7a6c0_0, 0;
    %pushi/vec4 1, 0, 1;
    %assign/vec4 v0x854e7a760_0, 0;
    %pushi/vec4 64, 0, 8;
    %assign/vec4 v0x854e79860_0, 0;
    %jmp T_48.47;
T_48.40 ;
    %pushi/vec4 1, 0, 1;
    %assign/vec4 v0x854e82300_0, 0;
    %load/vec4 v0x854e812c0_0;
    %assign/vec4 v0x854e84dc0_0, 0;
    %load/vec4 v0x854e799a0_0;
    %pushi/vec4 0, 0, 32;
    %or;
    %assign/vec4 v0x854e812c0_0, 0;
    %load/vec4 v0x854e799a0_0;
    %assign/vec4 v0x854e7a6c0_0, 0;
    %pushi/vec4 1, 0, 1;
    %assign/vec4 v0x854e7a760_0, 0;
    %pushi/vec4 64, 0, 8;
    %assign/vec4 v0x854e79860_0, 0;
    %jmp T_48.47;
T_48.41 ;
    %pushi/vec4 1, 0, 1;
    %assign/vec4 v0x854e82300_0, 0;
    %load/vec4 v0x854e85220_0;
    %assign/vec4 v0x854e84dc0_0, 0;
    %load/vec4 v0x854e799a0_0;
    %assign/vec4 v0x854e85220_0, 0;
    %load/vec4 v0x854e799a0_0;
    %assign/vec4 v0x854e7a6c0_0, 0;
    %pushi/vec4 1, 0, 1;
    %assign/vec4 v0x854e7a760_0, 0;
    %pushi/vec4 64, 0, 8;
    %assign/vec4 v0x854e79860_0, 0;
    %jmp T_48.47;
T_48.42 ;
    %load/vec4 v0x854e799a0_0;
    %assign/vec4 v0x854e84c80_0, 0;
    %load/vec4 v0x854e799a0_0;
    %assign/vec4 v0x854e7a6c0_0, 0;
    %pushi/vec4 1, 0, 1;
    %assign/vec4 v0x854e7a760_0, 0;
    %pushi/vec4 1, 0, 8;
    %assign/vec4 v0x854e79860_0, 0;
    %pushi/vec4 1, 0, 1;
    %assign/vec4 v0x854e82760_0, 0;
    %jmp T_48.47;
T_48.43 ;
    %load/vec4 v0x854e799a0_0;
    %assign/vec4 v0x854e84c80_0, 0;
    %load/vec4 v0x854e799a0_0;
    %assign/vec4 v0x854e7a6c0_0, 0;
    %pushi/vec4 1, 0, 1;
    %assign/vec4 v0x854e7a760_0, 0;
    %load/vec4 v0x854e7ad00_0;
    %assign/vec4 v0x854e84f00_0, 0;
    %pushi/vec4 4, 0, 8;
    %assign/vec4 v0x854e79860_0, 0;
    %jmp T_48.47;
T_48.44 ;
    %load/vec4 v0x854e799a0_0;
    %assign/vec4 v0x854e84c80_0, 0;
    %load/vec4 v0x854e799a0_0;
    %assign/vec4 v0x854e7a6c0_0, 0;
    %pushi/vec4 1, 0, 1;
    %assign/vec4 v0x854e7a760_0, 0;
    %load/vec4 v0x854e81c20_0;
    %flag_set/vec4 9;
    %flag_get/vec4 9;
    %jmp/0 T_48.69, 9;
    %pushi/vec4 0, 0, 1;
    %and;
T_48.69;
    %flag_set/vec4 8;
    %jmp/0 T_48.67, 8;
    %load/vec4 v0x854e7ad00_0;
    %pad/u 32;
    %jmp/1 T_48.68, 8;
T_48.67 ; End of true expr.
    %load/vec4 v0x854e7a9e0_0;
    %jmp/0 T_48.68, 8;
 ; End of false expr.
    %blend;
T_48.68;
    %assign/vec4 v0x854e84d20_0, 0;
    %load/vec4 v0x854e82620_0;
    %assign/vec4 v0x854e82760_0, 0;
    %pushi/vec4 8, 0, 8;
    %assign/vec4 v0x854e79860_0, 0;
    %jmp T_48.47;
T_48.45 ;
    %load/vec4 v0x854e799a0_0;
    %assign/vec4 v0x854e84c80_0, 0;
    %load/vec4 v0x854e799a0_0;
    %assign/vec4 v0x854e7a6c0_0, 0;
    %pushi/vec4 1, 0, 1;
    %assign/vec4 v0x854e7a760_0, 0;
    %load/vec4 v0x854e81c20_0;
    %flag_set/vec4 9;
    %flag_get/vec4 9;
    %jmp/0 T_48.72, 9;
    %pushi/vec4 0, 0, 1;
    %and;
T_48.72;
    %flag_set/vec4 8;
    %jmp/0 T_48.70, 8;
    %load/vec4 v0x854e7ad00_0;
    %pad/u 32;
    %jmp/1 T_48.71, 8;
T_48.70 ; End of true expr.
    %load/vec4 v0x854e7a9e0_0;
    %jmp/0 T_48.71, 8;
 ; End of false expr.
    %blend;
T_48.71;
    %assign/vec4 v0x854e84d20_0, 0;
    %load/vec4 v0x854e82620_0;
    %assign/vec4 v0x854e82760_0, 0;
    %pushi/vec4 8, 0, 8;
    %assign/vec4 v0x854e79860_0, 0;
    %jmp T_48.47;
T_48.47 ;
    %pop/vec4 1;
    %jmp T_48.15;
T_48.10 ;
    %load/vec4 v0x854e79a40_0;
    %pad/u 5;
    %assign/vec4 v0x854e84f00_0, 0;
    %load/vec4 v0x854e79a40_0;
    %assign/vec4 v0x854e84d20_0, 0;
    %load/vec4 v0x854e79a40_0;
    %assign/vec4 v0x854e7a800_0, 0;
    %pushi/vec4 1, 0, 1;
    %assign/vec4 v0x854e7a8a0_0, 0;
    %pushi/vec4 1, 0, 1;
    %dup/vec4;
    %pushi/vec4 0, 0, 1;
    %cmp/u;
    %jmp/1 T_48.73, 6;
    %dup/vec4;
    %load/vec4 v0x854e81ae0_0;
    %cmp/u;
    %jmp/1 T_48.74, 6;
    %dup/vec4;
    %load/vec4 v0x854e81b80_0;
    %flag_set/vec4 8;
    %flag_get/vec4 8;
    %jmp/0 T_48.78, 8;
    %pushi/vec4 1, 0, 1;
    %and;
T_48.78;
    %cmp/u;
    %jmp/1 T_48.75, 6;
    %load/vec4 v0x854e82620_0;
    %assign/vec4 v0x854e82760_0, 0;
    %pushi/vec4 8, 0, 8;
    %assign/vec4 v0x854e79860_0, 0;
    %jmp T_48.77;
T_48.73 ;
    %pushi/vec4 1, 0, 1;
    %assign/vec4 v0x854e845a0_0, 0;
    %load/vec4 v0x854e83de0_0;
    %flag_set/vec4 8;
    %jmp/0xz  T_48.79, 8;
    %pushi/vec4 1, 0, 1;
    %assign/vec4 v0x854e82760_0, 0;
    %pushi/vec4 0, 0, 1;
    %assign/vec4 v0x854e845a0_0, 0;
    %load/vec4 v0x854e83d40_0;
    %assign/vec4 v0x854e84dc0_0, 0;
    %load/vec4 v0x854e83f20_0;
    %assign/vec4 v0x854e82300_0, 0;
    %pushi/vec4 64, 0, 8;
    %assign/vec4 v0x854e79860_0, 0;
    %jmp T_48.80;
T_48.79 ;
    %pushi/vec4 1, 0, 1;
    %flag_set/vec4 9;
    %flag_get/vec4 9;
    %jmp/0 T_48.83, 9;
    %load/vec4 v0x854e84500_0;
    %flag_set/vec4 9;
    %flag_get/vec4 9;
    %jmp/1 T_48.84, 9;
    %load/vec4 v0x854e7b840_0;
    %or;
T_48.84;
    %and;
T_48.83;
    %flag_set/vec4 8;
    %jmp/0xz  T_48.81, 8;
    %pushi/vec4 0, 0, 1;
    %assign/vec4 v0x854e845a0_0, 0;
    %pushi/vec4 128, 0, 8;
    %assign/vec4 v0x854e79860_0, 0;
T_48.81 ;
T_48.80 ;
    %jmp T_48.77;
T_48.74 ;
    %pushi/vec4 2, 0, 8;
    %assign/vec4 v0x854e79860_0, 0;
    %pushi/vec4 1, 0, 1;
    %assign/vec4 v0x854e82760_0, 0;
    %jmp T_48.77;
T_48.75 ;
    %pushi/vec4 4, 0, 8;
    %assign/vec4 v0x854e79860_0, 0;
    %jmp T_48.77;
T_48.77 ;
    %pop/vec4 1;
    %jmp T_48.15;
T_48.11 ;
    %load/vec4 v0x854e84e60_0;
    %load/vec4 v0x854e7a9e0_0;
    %add;
    %assign/vec4 v0x854e84dc0_0, 0;
    %load/vec4 v0x854e815e0_0;
    %flag_set/vec4 8;
    %jmp/0xz  T_48.85, 8;
    %pushi/vec4 0, 0, 5;
    %assign/vec4 v0x854e821c0_0, 0;
    %load/vec4 v0x854e78c80_0;
    %assign/vec4 v0x854e82300_0, 0;
    %load/vec4 v0x854e78c80_0;
    %assign/vec4 v0x854e81ea0_0, 0;
    %load/vec4 v0x854e828a0_0;
    %flag_set/vec4 8;
    %jmp/0xz  T_48.87, 8;
    %pushi/vec4 64, 0, 8;
    %assign/vec4 v0x854e79860_0, 0;
T_48.87 ;
    %load/vec4 v0x854e78c80_0;
    %flag_set/vec4 8;
    %jmp/0xz  T_48.89, 8;
    %pushi/vec4 0, 0, 1;
    %assign/vec4 v0x854e7aee0_0, 0;
    %pushi/vec4 1, 0, 1;
    %store/vec4 v0x854e850e0_0, 0, 1;
T_48.89 ;
    %jmp T_48.86;
T_48.85 ;
    %load/vec4 v0x854e7bac0_0;
    %assign/vec4 v0x854e81ea0_0, 0;
    %pushi/vec4 1, 0, 1;
    %assign/vec4 v0x854e82300_0, 0;
    %pushi/vec4 1, 0, 1;
    %assign/vec4 v0x854e82260_0, 0;
    %pushi/vec4 64, 0, 8;
    %assign/vec4 v0x854e79860_0, 0;
T_48.86 ;
    %jmp T_48.15;
T_48.12 ;
    %pushi/vec4 1, 0, 1;
    %assign/vec4 v0x854e82300_0, 0;
    %load/vec4 v0x854e84f00_0;
    %pad/u 32;
    %cmpi/e 0, 0, 32;
    %jmp/0xz  T_48.91, 4;
    %load/vec4 v0x854e84c80_0;
    %assign/vec4 v0x854e84dc0_0, 0;
    %load/vec4 v0x854e82620_0;
    %assign/vec4 v0x854e82760_0, 0;
    %pushi/vec4 64, 0, 8;
    %assign/vec4 v0x854e79860_0, 0;
    %jmp T_48.92;
T_48.91 ;
    %pushi/vec4 1, 0, 1;
    %flag_set/vec4 9;
    %flag_get/vec4 9;
    %jmp/0 T_48.95, 9;
    %pushi/vec4 4, 0, 32;
    %load/vec4 v0x854e84f00_0;
    %pad/u 32;
    %cmp/u;
    %flag_get/vec4 4;
    %flag_get/vec4 5;
    %or;
    %and;
T_48.95;
    %flag_set/vec4 8;
    %jmp/0xz  T_48.93, 8;
    %pushi/vec4 1, 0, 1;
    %dup/vec4;
    %load/vec4 v0x854e806e0_0;
    %flag_set/vec4 8;
    %flag_get/vec4 8;
    %jmp/1 T_48.100, 8;
    %load/vec4 v0x854e80640_0;
    %or;
T_48.100;
    %cmp/u;
    %jmp/1 T_48.96, 6;
    %dup/vec4;
    %load/vec4 v0x854e80be0_0;
    %flag_set/vec4 8;
    %flag_get/vec4 8;
    %jmp/1 T_48.101, 8;
    %load/vec4 v0x854e80b40_0;
    %or;
T_48.101;
    %cmp/u;
    %jmp/1 T_48.97, 6;
    %dup/vec4;
    %load/vec4 v0x854e80aa0_0;
    %flag_set/vec4 8;
    %flag_get/vec4 8;
    %jmp/1 T_48.102, 8;
    %load/vec4 v0x854e80a00_0;
    %or;
T_48.102;
    %cmp/u;
    %jmp/1 T_48.98, 6;
    %jmp T_48.99;
T_48.96 ;
    %load/vec4 v0x854e84c80_0;
    %ix/load 4, 4, 0;
    %flag_set/imm 4, 0;
    %shiftl 4;
    %assign/vec4 v0x854e84c80_0, 0;
    %jmp T_48.99;
T_48.97 ;
    %load/vec4 v0x854e84c80_0;
    %ix/load 4, 4, 0;
    %flag_set/imm 4, 0;
    %shiftr 4;
    %assign/vec4 v0x854e84c80_0, 0;
    %jmp T_48.99;
T_48.98 ;
    %load/vec4 v0x854e84c80_0;
    %ix/load 4, 4, 0;
    %flag_set/imm 4, 0;
    %shiftr/s 4;
    %assign/vec4 v0x854e84c80_0, 0;
    %jmp T_48.99;
T_48.99 ;
    %pop/vec4 1;
    %load/vec4 v0x854e84f00_0;
    %subi 4, 0, 5;
    %assign/vec4 v0x854e84f00_0, 0;
    %jmp T_48.94;
T_48.93 ;
    %pushi/vec4 1, 0, 1;
    %dup/vec4;
    %load/vec4 v0x854e806e0_0;
    %flag_set/vec4 8;
    %flag_get/vec4 8;
    %jmp/1 T_48.107, 8;
    %load/vec4 v0x854e80640_0;
    %or;
T_48.107;
    %cmp/u;
    %jmp/1 T_48.103, 6;
    %dup/vec4;
    %load/vec4 v0x854e80be0_0;
    %flag_set/vec4 8;
    %flag_get/vec4 8;
    %jmp/1 T_48.108, 8;
    %load/vec4 v0x854e80b40_0;
    %or;
T_48.108;
    %cmp/u;
    %jmp/1 T_48.104, 6;
    %dup/vec4;
    %load/vec4 v0x854e80aa0_0;
    %flag_set/vec4 8;
    %flag_get/vec4 8;
    %jmp/1 T_48.109, 8;
    %load/vec4 v0x854e80a00_0;
    %or;
T_48.109;
    %cmp/u;
    %jmp/1 T_48.105, 6;
    %jmp T_48.106;
T_48.103 ;
    %load/vec4 v0x854e84c80_0;
    %ix/load 4, 1, 0;
    %flag_set/imm 4, 0;
    %shiftl 4;
    %assign/vec4 v0x854e84c80_0, 0;
    %jmp T_48.106;
T_48.104 ;
    %load/vec4 v0x854e84c80_0;
    %ix/load 4, 1, 0;
    %flag_set/imm 4, 0;
    %shiftr 4;
    %assign/vec4 v0x854e84c80_0, 0;
    %jmp T_48.106;
T_48.105 ;
    %load/vec4 v0x854e84c80_0;
    %ix/load 4, 1, 0;
    %flag_set/imm 4, 0;
    %shiftr/s 4;
    %assign/vec4 v0x854e84c80_0, 0;
    %jmp T_48.106;
T_48.106 ;
    %pop/vec4 1;
    %load/vec4 v0x854e84f00_0;
    %subi 1, 0, 5;
    %assign/vec4 v0x854e84f00_0, 0;
T_48.94 ;
T_48.92 ;
    %jmp T_48.15;
T_48.13 ;
    %load/vec4 v0x854e82620_0;
    %nor/r;
    %flag_set/vec4 8;
    %jmp/1 T_48.112, 8;
    %load/vec4 v0x854e828a0_0;
    %flag_set/vec4 9;
    %flag_or 8, 9;
T_48.112;
    %jmp/0xz  T_48.110, 8;
    %load/vec4 v0x854e82800_0;
    %nor/r;
    %flag_set/vec4 8;
    %jmp/0xz  T_48.113, 8;
    %pushi/vec4 1, 0, 1;
    %dup/vec4;
    %load/vec4 v0x854e80460_0;
    %cmp/u;
    %jmp/1 T_48.115, 6;
    %dup/vec4;
    %load/vec4 v0x854e805a0_0;
    %cmp/u;
    %jmp/1 T_48.116, 6;
    %dup/vec4;
    %load/vec4 v0x854e80d20_0;
    %cmp/u;
    %jmp/1 T_48.117, 6;
    %jmp T_48.118;
T_48.115 ;
    %pushi/vec4 2, 0, 2;
    %assign/vec4 v0x854e835c0_0, 0;
    %jmp T_48.118;
T_48.116 ;
    %pushi/vec4 1, 0, 2;
    %assign/vec4 v0x854e835c0_0, 0;
    %jmp T_48.118;
T_48.117 ;
    %pushi/vec4 0, 0, 2;
    %assign/vec4 v0x854e835c0_0, 0;
    %jmp T_48.118;
T_48.118 ;
    %pop/vec4 1;
    %load/vec4 v0x854e84c80_0;
    %load/vec4 v0x854e7a9e0_0;
    %add;
    %assign/vec4 v0x854e84c80_0, 0;
    %pushi/vec4 1, 0, 1;
    %store/vec4 v0x854e85180_0, 0, 1;
T_48.113 ;
    %load/vec4 v0x854e82620_0;
    %nor/r;
    %flag_set/vec4 9;
    %flag_get/vec4 9;
    %jmp/0 T_48.121, 9;
    %load/vec4 v0x854e828a0_0;
    %and;
T_48.121;
    %flag_set/vec4 8;
    %jmp/0xz  T_48.119, 8;
    %pushi/vec4 64, 0, 8;
    %assign/vec4 v0x854e79860_0, 0;
    %pushi/vec4 1, 0, 1;
    %assign/vec4 v0x854e7aee0_0, 0;
    %pushi/vec4 1, 0, 1;
    %assign/vec4 v0x854e7ada0_0, 0;
T_48.119 ;
T_48.110 ;
    %jmp T_48.15;
T_48.14 ;
    %pushi/vec4 1, 0, 1;
    %assign/vec4 v0x854e82300_0, 0;
    %load/vec4 v0x854e82620_0;
    %nor/r;
    %flag_set/vec4 8;
    %jmp/1 T_48.124, 8;
    %load/vec4 v0x854e828a0_0;
    %flag_set/vec4 9;
    %flag_or 8, 9;
T_48.124;
    %jmp/0xz  T_48.122, 8;
    %load/vec4 v0x854e826c0_0;
    %nor/r;
    %flag_set/vec4 8;
    %jmp/0xz  T_48.125, 8;
    %pushi/vec4 1, 0, 1;
    %dup/vec4;
    %load/vec4 v0x854e7bb60_0;
    %flag_set/vec4 8;
    %flag_get/vec4 8;
    %jmp/1 T_48.131, 8;
    %load/vec4 v0x854e7bc00_0;
    %or;
T_48.131;
    %cmp/u;
    %jmp/1 T_48.127, 6;
    %dup/vec4;
    %load/vec4 v0x854e7bca0_0;
    %flag_set/vec4 8;
    %flag_get/vec4 8;
    %jmp/1 T_48.132, 8;
    %load/vec4 v0x854e7bd40_0;
    %or;
T_48.132;
    %cmp/u;
    %jmp/1 T_48.128, 6;
    %dup/vec4;
    %load/vec4 v0x854e7be80_0;
    %cmp/u;
    %jmp/1 T_48.129, 6;
    %jmp T_48.130;
T_48.127 ;
    %pushi/vec4 2, 0, 2;
    %assign/vec4 v0x854e835c0_0, 0;
    %jmp T_48.130;
T_48.128 ;
    %pushi/vec4 1, 0, 2;
    %assign/vec4 v0x854e835c0_0, 0;
    %jmp T_48.130;
T_48.129 ;
    %pushi/vec4 0, 0, 2;
    %assign/vec4 v0x854e835c0_0, 0;
    %jmp T_48.130;
T_48.130 ;
    %pop/vec4 1;
    %load/vec4 v0x854e81860_0;
    %assign/vec4 v0x854e82120_0, 0;
    %load/vec4 v0x854e7bca0_0;
    %assign/vec4 v0x854e82080_0, 0;
    %load/vec4 v0x854e7bb60_0;
    %assign/vec4 v0x854e81fe0_0, 0;
    %load/vec4 v0x854e84c80_0;
    %load/vec4 v0x854e7a9e0_0;
    %add;
    %assign/vec4 v0x854e84c80_0, 0;
    %pushi/vec4 1, 0, 1;
    %store/vec4 v0x854e85040_0, 0, 1;
T_48.125 ;
    %load/vec4 v0x854e82620_0;
    %nor/r;
    %flag_set/vec4 9;
    %flag_get/vec4 9;
    %jmp/0 T_48.135, 9;
    %load/vec4 v0x854e828a0_0;
    %and;
T_48.135;
    %flag_set/vec4 8;
    %jmp/0xz  T_48.133, 8;
    %pushi/vec4 1, 0, 1;
    %dup/vec4;
    %load/vec4 v0x854e82120_0;
    %cmp/u;
    %jmp/1 T_48.136, 6;
    %dup/vec4;
    %load/vec4 v0x854e82080_0;
    %cmp/u;
    %jmp/1 T_48.137, 6;
    %dup/vec4;
    %load/vec4 v0x854e81fe0_0;
    %cmp/u;
    %jmp/1 T_48.138, 6;
    %jmp T_48.139;
T_48.136 ;
    %load/vec4 v0x854e832a0_0;
    %assign/vec4 v0x854e84dc0_0, 0;
    %jmp T_48.139;
T_48.137 ;
    %load/vec4 v0x854e832a0_0;
    %parti/s 16, 0, 2;
    %pad/s 32;
    %assign/vec4 v0x854e84dc0_0, 0;
    %jmp T_48.139;
T_48.138 ;
    %load/vec4 v0x854e832a0_0;
    %parti/s 8, 0, 2;
    %pad/s 32;
    %assign/vec4 v0x854e84dc0_0, 0;
    %jmp T_48.139;
T_48.139 ;
    %pop/vec4 1;
    %pushi/vec4 1, 0, 1;
    %assign/vec4 v0x854e7aee0_0, 0;
    %pushi/vec4 1, 0, 1;
    %assign/vec4 v0x854e7ada0_0, 0;
    %pushi/vec4 64, 0, 8;
    %assign/vec4 v0x854e79860_0, 0;
T_48.133 ;
T_48.122 ;
    %jmp T_48.15;
T_48.15 ;
    %pop/vec4 1;
T_48.6 ;
    %pushi/vec4 1, 0, 1;
    %flag_set/vec4 10;
    %flag_get/vec4 10;
    %jmp/0 T_48.143, 10;
    %load/vec4 v0x854e84fa0_0;
    %and;
T_48.143;
    %flag_set/vec4 9;
    %flag_get/vec4 9;
    %jmp/0 T_48.142, 9;
    %load/vec4 v0x854e826c0_0;
    %flag_set/vec4 9;
    %flag_get/vec4 9;
    %jmp/1 T_48.144, 9;
    %load/vec4 v0x854e82800_0;
    %or;
T_48.144;
    %and;
T_48.142;
    %flag_set/vec4 8;
    %jmp/0xz  T_48.140, 8;
    %load/vec4 v0x854e835c0_0;
    %pad/u 32;
    %cmpi/e 0, 0, 32;
    %flag_get/vec4 4;
    %jmp/0 T_48.147, 4;
    %load/vec4 v0x854e84c80_0;
    %parti/s 2, 0, 2;
    %pad/u 32;
    %pushi/vec4 0, 0, 32;
    %cmp/ne;
    %flag_get/vec4 4;
    %and;
T_48.147;
    %flag_set/vec4 8;
    %jmp/0xz  T_48.145, 8;
    %pushi/vec4 128, 0, 8;
    %assign/vec4 v0x854e79860_0, 0;
T_48.145 ;
    %load/vec4 v0x854e835c0_0;
    %pad/u 32;
    %cmpi/e 1, 0, 32;
    %flag_get/vec4 4;
    %jmp/0 T_48.150, 4;
    %load/vec4 v0x854e84c80_0;
    %parti/s 1, 0, 2;
    %pad/u 32;
    %pushi/vec4 0, 0, 32;
    %cmp/ne;
    %flag_get/vec4 4;
    %and;
T_48.150;
    %flag_set/vec4 8;
    %jmp/0xz  T_48.148, 8;
    %pushi/vec4 128, 0, 8;
    %assign/vec4 v0x854e79860_0, 0;
T_48.148 ;
T_48.140 ;
    %pushi/vec4 1, 0, 1;
    %flag_set/vec4 11;
    %flag_get/vec4 11;
    %jmp/0 T_48.155, 11;
    %load/vec4 v0x854e84fa0_0;
    %and;
T_48.155;
    %flag_set/vec4 10;
    %flag_get/vec4 10;
    %jmp/0 T_48.154, 10;
    %load/vec4 v0x854e82760_0;
    %and;
T_48.154;
    %flag_set/vec4 9;
    %flag_get/vec4 9;
    %jmp/0 T_48.153, 9;
    %load/vec4 v0x854e84e60_0;
    %parti/s 2, 0, 2;
    %or/r;
    %and;
T_48.153;
    %flag_set/vec4 8;
    %jmp/0xz  T_48.151, 8;
    %pushi/vec4 128, 0, 8;
    %assign/vec4 v0x854e79860_0, 0;
T_48.151 ;
    %load/vec4 v0x854e84fa0_0;
    %nor/r;
    %flag_set/vec4 8;
    %jmp/1 T_48.158, 8;
    %load/vec4 v0x854e828a0_0;
    %flag_set/vec4 9;
    %flag_or 8, 9;
T_48.158;
    %jmp/0xz  T_48.156, 8;
    %pushi/vec4 0, 0, 1;
    %assign/vec4 v0x854e82620_0, 0;
    %pushi/vec4 0, 0, 1;
    %assign/vec4 v0x854e82760_0, 0;
    %pushi/vec4 0, 0, 1;
    %assign/vec4 v0x854e826c0_0, 0;
    %pushi/vec4 0, 0, 1;
    %assign/vec4 v0x854e82800_0, 0;
T_48.156 ;
    %load/vec4 v0x854e850e0_0;
    %flag_set/vec4 8;
    %jmp/0xz  T_48.159, 8;
    %pushi/vec4 1, 0, 1;
    %assign/vec4 v0x854e82760_0, 0;
T_48.159 ;
    %load/vec4 v0x854e85040_0;
    %flag_set/vec4 8;
    %jmp/0xz  T_48.161, 8;
    %pushi/vec4 1, 0, 1;
    %assign/vec4 v0x854e826c0_0, 0;
T_48.161 ;
    %load/vec4 v0x854e85180_0;
    %flag_set/vec4 8;
    %jmp/0xz  T_48.163, 8;
    %pushi/vec4 1, 0, 1;
    %assign/vec4 v0x854e82800_0, 0;
T_48.163 ;
    %load/vec4 v0x854e838e0_0;
    %pushi/vec4 4294967295, 0, 32;
    %and;
    %assign/vec4 v0x854e81360_0, 0;
    %pushi/vec4 4294967295, 4294967295, 32;
    %store/vec4 v0x854e79c20_0, 0, 32;
    %jmp T_48;
    .thread T_48;
    .scope S_0x100c7f7f0;
T_49 ;
    %wait E_0x8551a95c0;
    %load/vec4 v0x854e86760_0;
    %flag_set/vec4 8;
    %jmp/0xz  T_49.0, 8;
    %pushi/vec4 0, 0, 32;
    %assign/vec4 v0x854e868a0_0, 0;
    %pushi/vec4 0, 0, 32;
    %assign/vec4 v0x854e86a80_0, 0;
    %pushi/vec4 0, 0, 1;
    %assign/vec4 v0x854e86c60_0, 0;
    %pushi/vec4 0, 0, 4;
    %assign/vec4 v0x854e86b20_0, 0;
    %pushi/vec4 0, 0, 1;
    %assign/vec4 v0x854e86bc0_0, 0;
    %pushi/vec4 0, 0, 1;
    %assign/vec4 v0x854e86940_0, 0;
    %pushi/vec4 0, 0, 2;
    %assign/vec4 v0x854e86440_0, 0;
    %jmp T_49.1;
T_49.0 ;
    %load/vec4 v0x854e86440_0;
    %dup/vec4;
    %pushi/vec4 0, 0, 2;
    %cmp/u;
    %jmp/1 T_49.2, 6;
    %dup/vec4;
    %pushi/vec4 1, 0, 2;
    %cmp/u;
    %jmp/1 T_49.3, 6;
    %dup/vec4;
    %pushi/vec4 2, 0, 2;
    %cmp/u;
    %jmp/1 T_49.4, 6;
    %pushi/vec4 0, 0, 2;
    %assign/vec4 v0x854e86440_0, 0;
    %jmp T_49.6;
T_49.2 ;
    %load/vec4 v0x854e85cc0_0;
    %flag_set/vec4 8;
    %jmp/0xz  T_49.7, 8;
    %load/vec4 v0x854e85a40_0;
    %assign/vec4 v0x854e868a0_0, 0;
    %load/vec4 v0x854e85d60_0;
    %assign/vec4 v0x854e86a80_0, 0;
    %load/vec4 v0x854e86d00_0;
    %assign/vec4 v0x854e86c60_0, 0;
    %load/vec4 v0x854e85e00_0;
    %assign/vec4 v0x854e86b20_0, 0;
    %pushi/vec4 1, 0, 1;
    %assign/vec4 v0x854e86bc0_0, 0;
    %pushi/vec4 1, 0, 1;
    %assign/vec4 v0x854e86940_0, 0;
    %pushi/vec4 1, 0, 2;
    %assign/vec4 v0x854e86440_0, 0;
    %jmp T_49.8;
T_49.7 ;
    %pushi/vec4 0, 0, 1;
    %assign/vec4 v0x854e85c20_0, 0;
    %pushi/vec4 0, 0, 1;
    %assign/vec4 v0x854e86bc0_0, 0;
    %pushi/vec4 0, 0, 1;
    %assign/vec4 v0x854e86940_0, 0;
    %pushi/vec4 0, 0, 1;
    %assign/vec4 v0x854e86c60_0, 0;
T_49.8 ;
    %jmp T_49.6;
T_49.3 ;
    %load/vec4 v0x854e86800_0;
    %flag_set/vec4 8;
    %jmp/0xz  T_49.9, 8;
    %load/vec4 v0x854e869e0_0;
    %assign/vec4 v0x854e85b80_0, 0;
    %pushi/vec4 1, 0, 1;
    %assign/vec4 v0x854e85c20_0, 0;
    %pushi/vec4 2, 0, 2;
    %assign/vec4 v0x854e86440_0, 0;
    %pushi/vec4 0, 0, 1;
    %assign/vec4 v0x854e86bc0_0, 0;
    %pushi/vec4 0, 0, 1;
    %assign/vec4 v0x854e86940_0, 0;
    %pushi/vec4 0, 0, 1;
    %assign/vec4 v0x854e86c60_0, 0;
T_49.9 ;
    %jmp T_49.6;
T_49.4 ;
    %pushi/vec4 0, 0, 1;
    %assign/vec4 v0x854e85c20_0, 0;
    %pushi/vec4 0, 0, 2;
    %assign/vec4 v0x854e86440_0, 0;
    %jmp T_49.6;
T_49.6 ;
    %pop/vec4 1;
T_49.1 ;
    %jmp T_49;
    .thread T_49;
    .scope S_0x854e65c80;
T_50 ;
    %wait E_0x8551a98c0;
    %load/vec4 v0x854e92da0_0;
    %assign/vec4 v0x854e92ee0_0, 0;
    %load/vec4 v0x854e92ee0_0;
    %assign/vec4 v0x854e92f80_0, 0;
    %jmp T_50;
    .thread T_50;
    .scope S_0x854e65c80;
T_51 ;
    %wait E_0x8551a98c0;
    %load/vec4 v0x854e92d00_0;
    %nor/r;
    %flag_set/vec4 8;
    %jmp/0xz  T_51.0, 8;
    %pushi/vec4 0, 0, 2;
    %assign/vec4 v0x854e93020_0, 0;
    %pushi/vec4 0, 0, 16;
    %assign/vec4 v0x854e92bc0_0, 0;
    %pushi/vec4 0, 0, 3;
    %assign/vec4 v0x854e92a80_0, 0;
    %pushi/vec4 0, 0, 8;
    %assign/vec4 v0x854e92c60_0, 0;
    %pushi/vec4 0, 0, 1;
    %assign/vec4 v0x854e930c0_0, 0;
    %jmp T_51.1;
T_51.0 ;
    %pushi/vec4 0, 0, 1;
    %assign/vec4 v0x854e930c0_0, 0;
    %load/vec4 v0x854e93020_0;
    %dup/vec4;
    %pushi/vec4 0, 0, 2;
    %cmp/u;
    %jmp/1 T_51.2, 6;
    %dup/vec4;
    %pushi/vec4 1, 0, 2;
    %cmp/u;
    %jmp/1 T_51.3, 6;
    %dup/vec4;
    %pushi/vec4 2, 0, 2;
    %cmp/u;
    %jmp/1 T_51.4, 6;
    %dup/vec4;
    %pushi/vec4 3, 0, 2;
    %cmp/u;
    %jmp/1 T_51.5, 6;
    %pushi/vec4 0, 0, 2;
    %assign/vec4 v0x854e93020_0, 0;
    %jmp T_51.7;
T_51.2 ;
    %pushi/vec4 0, 0, 16;
    %assign/vec4 v0x854e92bc0_0, 0;
    %pushi/vec4 0, 0, 3;
    %assign/vec4 v0x854e92a80_0, 0;
    %load/vec4 v0x854e92e40_0;
    %cmpi/e 0, 0, 1;
    %jmp/0xz  T_51.8, 4;
    %pushi/vec4 1, 0, 2;
    %assign/vec4 v0x854e93020_0, 0;
T_51.8 ;
    %jmp T_51.7;
T_51.3 ;
    %load/vec4 v0x854e92bc0_0;
    %pad/u 32;
    %cmpi/e 7, 0, 32;
    %jmp/0xz  T_51.10, 4;
    %load/vec4 v0x854e92e40_0;
    %cmpi/e 0, 0, 1;
    %jmp/0xz  T_51.12, 4;
    %pushi/vec4 0, 0, 16;
    %assign/vec4 v0x854e92bc0_0, 0;
    %pushi/vec4 2, 0, 2;
    %assign/vec4 v0x854e93020_0, 0;
    %jmp T_51.13;
T_51.12 ;
    %pushi/vec4 0, 0, 2;
    %assign/vec4 v0x854e93020_0, 0;
T_51.13 ;
    %jmp T_51.11;
T_51.10 ;
    %load/vec4 v0x854e92bc0_0;
    %addi 1, 0, 16;
    %assign/vec4 v0x854e92bc0_0, 0;
T_51.11 ;
    %jmp T_51.7;
T_51.4 ;
    %load/vec4 v0x854e92bc0_0;
    %pad/u 32;
    %cmpi/u 15, 0, 32;
    %jmp/0xz  T_51.14, 5;
    %load/vec4 v0x854e92bc0_0;
    %addi 1, 0, 16;
    %assign/vec4 v0x854e92bc0_0, 0;
    %jmp T_51.15;
T_51.14 ;
    %pushi/vec4 0, 0, 16;
    %assign/vec4 v0x854e92bc0_0, 0;
    %load/vec4 v0x854e92e40_0;
    %ix/load 5, 0, 0;
    %ix/getv 4, v0x854e92a80_0;
    %assign/vec4/off/d v0x854e92c60_0, 4, 5;
    %load/vec4 v0x854e92a80_0;
    %pad/u 32;
    %cmpi/u 7, 0, 32;
    %jmp/0xz  T_51.16, 5;
    %load/vec4 v0x854e92a80_0;
    %addi 1, 0, 3;
    %assign/vec4 v0x854e92a80_0, 0;
    %jmp T_51.17;
T_51.16 ;
    %pushi/vec4 0, 0, 3;
    %assign/vec4 v0x854e92a80_0, 0;
    %pushi/vec4 3, 0, 2;
    %assign/vec4 v0x854e93020_0, 0;
T_51.17 ;
T_51.15 ;
    %jmp T_51.7;
T_51.5 ;
    %load/vec4 v0x854e92bc0_0;
    %pad/u 32;
    %cmpi/u 15, 0, 32;
    %jmp/0xz  T_51.18, 5;
    %load/vec4 v0x854e92bc0_0;
    %addi 1, 0, 16;
    %assign/vec4 v0x854e92bc0_0, 0;
    %jmp T_51.19;
T_51.18 ;
    %pushi/vec4 0, 0, 16;
    %assign/vec4 v0x854e92bc0_0, 0;
    %pushi/vec4 1, 0, 1;
    %assign/vec4 v0x854e930c0_0, 0;
    %pushi/vec4 0, 0, 2;
    %assign/vec4 v0x854e93020_0, 0;
T_51.19 ;
    %jmp T_51.7;
T_51.7 ;
    %pop/vec4 1;
T_51.1 ;
    %jmp T_51;
    .thread T_51;
    .scope S_0x854e65800;
T_52 ;
    %wait E_0x8551a98c0;
    %load/vec4 v0x854e924e0_0;
    %nor/r;
    %flag_set/vec4 8;
    %jmp/0xz  T_52.0, 8;
    %pushi/vec4 0, 0, 4;
    %assign/vec4 v0x854e92760_0, 0;
    %pushi/vec4 1, 0, 1;
    %assign/vec4 v0x854e921c0_0, 0;
    %pushi/vec4 0, 0, 1;
    %assign/vec4 v0x854e92940_0, 0;
    %pushi/vec4 0, 0, 1;
    %assign/vec4 v0x854e923a0_0, 0;
    %pushi/vec4 0, 0, 11;
    %assign/vec4 v0x854e91e00_0, 0;
    %pushi/vec4 0, 0, 2;
    %assign/vec4 v0x854e91ea0_0, 0;
    %pushi/vec4 0, 0, 8;
    %assign/vec4 v0x854e929e0_0, 0;
    %pushi/vec4 65535, 0, 16;
    %assign/vec4 v0x854e92080_0, 0;
    %jmp T_52.1;
T_52.0 ;
    %pushi/vec4 0, 0, 1;
    %assign/vec4 v0x854e92940_0, 0;
    %pushi/vec4 0, 0, 1;
    %assign/vec4 v0x854e923a0_0, 0;
    %load/vec4 v0x854e92760_0;
    %dup/vec4;
    %pushi/vec4 0, 0, 4;
    %cmp/u;
    %jmp/1 T_52.2, 6;
    %dup/vec4;
    %pushi/vec4 1, 0, 4;
    %cmp/u;
    %jmp/1 T_52.3, 6;
    %dup/vec4;
    %pushi/vec4 2, 0, 4;
    %cmp/u;
    %jmp/1 T_52.4, 6;
    %dup/vec4;
    %pushi/vec4 3, 0, 4;
    %cmp/u;
    %jmp/1 T_52.5, 6;
    %dup/vec4;
    %pushi/vec4 4, 0, 4;
    %cmp/u;
    %jmp/1 T_52.6, 6;
    %dup/vec4;
    %pushi/vec4 5, 0, 4;
    %cmp/u;
    %jmp/1 T_52.7, 6;
    %dup/vec4;
    %pushi/vec4 6, 0, 4;
    %cmp/u;
    %jmp/1 T_52.8, 6;
    %dup/vec4;
    %pushi/vec4 7, 0, 4;
    %cmp/u;
    %jmp/1 T_52.9, 6;
    %dup/vec4;
    %pushi/vec4 8, 0, 4;
    %cmp/u;
    %jmp/1 T_52.10, 6;
    %dup/vec4;
    %pushi/vec4 9, 0, 4;
    %cmp/u;
    %jmp/1 T_52.11, 6;
    %dup/vec4;
    %pushi/vec4 10, 0, 4;
    %cmp/u;
    %jmp/1 T_52.12, 6;
    %pushi/vec4 0, 0, 4;
    %assign/vec4 v0x854e92760_0, 0;
    %jmp T_52.14;
T_52.2 ;
    %load/vec4 v0x854e926c0_0;
    %flag_set/vec4 9;
    %flag_get/vec4 9;
    %jmp/0 T_52.17, 9;
    %load/vec4 v0x854e92620_0;
    %pushi/vec4 126, 0, 8;
    %cmp/e;
    %flag_get/vec4 4;
    %and;
T_52.17;
    %flag_set/vec4 8;
    %jmp/0xz  T_52.15, 8;
    %pushi/vec4 65535, 0, 16;
    %assign/vec4 v0x854e92080_0, 0;
    %pushi/vec4 1, 0, 4;
    %assign/vec4 v0x854e92760_0, 0;
T_52.15 ;
    %jmp T_52.14;
T_52.3 ;
    %load/vec4 v0x854e926c0_0;
    %flag_set/vec4 8;
    %jmp/0xz  T_52.18, 8;
    %load/vec4 v0x854e92620_0;
    %assign/vec4 v0x854e91fe0_0, 0;
    %load/vec4 v0x854e92080_0;
    %load/vec4 v0x854e92620_0;
    %store/vec4 v0x854e91ae0_0, 0, 8;
    %store/vec4 v0x854e91cc0_0, 0, 16;
    %callf/vec4 TD_tb_loader.dut.loader_i.crc16_next, S_0x854e65b00;
    %assign/vec4 v0x854e92080_0, 0;
    %load/vec4 v0x854e92620_0;
    %cmpi/e 1, 0, 8;
    %jmp/0xz  T_52.20, 4;
    %pushi/vec4 2, 0, 4;
    %assign/vec4 v0x854e92760_0, 0;
    %jmp T_52.21;
T_52.20 ;
    %load/vec4 v0x854e92620_0;
    %cmpi/e 2, 0, 8;
    %jmp/0xz  T_52.22, 4;
    %pushi/vec4 6, 0, 4;
    %assign/vec4 v0x854e92760_0, 0;
    %jmp T_52.23;
T_52.22 ;
    %pushi/vec4 0, 0, 4;
    %assign/vec4 v0x854e92760_0, 0;
T_52.23 ;
T_52.21 ;
T_52.18 ;
    %jmp T_52.14;
T_52.4 ;
    %load/vec4 v0x854e926c0_0;
    %flag_set/vec4 8;
    %jmp/0xz  T_52.24, 8;
    %load/vec4 v0x854e92620_0;
    %ix/load 5, 0, 0;
    %ix/load 4, 0, 0;
    %flag_set/imm 4, 0;
    %assign/vec4/off/d v0x854e91e00_0, 4, 5;
    %load/vec4 v0x854e92080_0;
    %load/vec4 v0x854e92620_0;
    %store/vec4 v0x854e91ae0_0, 0, 8;
    %store/vec4 v0x854e91cc0_0, 0, 16;
    %callf/vec4 TD_tb_loader.dut.loader_i.crc16_next, S_0x854e65b00;
    %assign/vec4 v0x854e92080_0, 0;
    %pushi/vec4 3, 0, 4;
    %assign/vec4 v0x854e92760_0, 0;
T_52.24 ;
    %jmp T_52.14;
T_52.5 ;
    %load/vec4 v0x854e926c0_0;
    %flag_set/vec4 8;
    %jmp/0xz  T_52.26, 8;
    %load/vec4 v0x854e92620_0;
    %parti/s 3, 0, 2;
    %ix/load 5, 0, 0;
    %ix/load 4, 8, 0;
    %flag_set/imm 4, 0;
    %assign/vec4/off/d v0x854e91e00_0, 4, 5;
    %load/vec4 v0x854e92080_0;
    %load/vec4 v0x854e92620_0;
    %store/vec4 v0x854e91ae0_0, 0, 8;
    %store/vec4 v0x854e91cc0_0, 0, 16;
    %callf/vec4 TD_tb_loader.dut.loader_i.crc16_next, S_0x854e65b00;
    %assign/vec4 v0x854e92080_0, 0;
    %pushi/vec4 4, 0, 4;
    %assign/vec4 v0x854e92760_0, 0;
T_52.26 ;
    %jmp T_52.14;
T_52.6 ;
    %load/vec4 v0x854e926c0_0;
    %flag_set/vec4 8;
    %jmp/0xz  T_52.28, 8;
    %load/vec4 v0x854e92620_0;
    %assign/vec4 v0x854e92440_0, 0;
    %load/vec4 v0x854e92080_0;
    %load/vec4 v0x854e92620_0;
    %store/vec4 v0x854e91ae0_0, 0, 8;
    %store/vec4 v0x854e91cc0_0, 0, 16;
    %callf/vec4 TD_tb_loader.dut.loader_i.crc16_next, S_0x854e65b00;
    %assign/vec4 v0x854e92080_0, 0;
    %pushi/vec4 0, 0, 8;
    %assign/vec4 v0x854e929e0_0, 0;
    %pushi/vec4 0, 0, 2;
    %assign/vec4 v0x854e91ea0_0, 0;
    %load/vec4 v0x854e92620_0;
    %cmpi/e 0, 0, 8;
    %jmp/0xz  T_52.30, 4;
    %pushi/vec4 6, 0, 4;
    %assign/vec4 v0x854e92760_0, 0;
    %jmp T_52.31;
T_52.30 ;
    %pushi/vec4 5, 0, 4;
    %assign/vec4 v0x854e92760_0, 0;
T_52.31 ;
T_52.28 ;
    %jmp T_52.14;
T_52.7 ;
    %load/vec4 v0x854e926c0_0;
    %flag_set/vec4 8;
    %jmp/0xz  T_52.32, 8;
    %load/vec4 v0x854e92080_0;
    %load/vec4 v0x854e92620_0;
    %store/vec4 v0x854e91ae0_0, 0, 8;
    %store/vec4 v0x854e91cc0_0, 0, 16;
    %callf/vec4 TD_tb_loader.dut.loader_i.crc16_next, S_0x854e65b00;
    %assign/vec4 v0x854e92080_0, 0;
    %load/vec4 v0x854e91ea0_0;
    %dup/vec4;
    %pushi/vec4 0, 0, 2;
    %cmp/u;
    %jmp/1 T_52.34, 6;
    %dup/vec4;
    %pushi/vec4 1, 0, 2;
    %cmp/u;
    %jmp/1 T_52.35, 6;
    %dup/vec4;
    %pushi/vec4 2, 0, 2;
    %cmp/u;
    %jmp/1 T_52.36, 6;
    %dup/vec4;
    %pushi/vec4 3, 0, 2;
    %cmp/u;
    %jmp/1 T_52.37, 6;
    %jmp T_52.38;
T_52.34 ;
    %load/vec4 v0x854e92620_0;
    %ix/load 5, 0, 0;
    %ix/load 4, 0, 0;
    %flag_set/imm 4, 0;
    %assign/vec4/off/d v0x854e92120_0, 4, 5;
    %jmp T_52.38;
T_52.35 ;
    %load/vec4 v0x854e92620_0;
    %ix/load 5, 0, 0;
    %ix/load 4, 8, 0;
    %flag_set/imm 4, 0;
    %assign/vec4/off/d v0x854e92120_0, 4, 5;
    %jmp T_52.38;
T_52.36 ;
    %load/vec4 v0x854e92620_0;
    %ix/load 5, 0, 0;
    %ix/load 4, 16, 0;
    %flag_set/imm 4, 0;
    %assign/vec4/off/d v0x854e92120_0, 4, 5;
    %jmp T_52.38;
T_52.37 ;
    %load/vec4 v0x854e92620_0;
    %ix/load 5, 0, 0;
    %ix/load 4, 24, 0;
    %flag_set/imm 4, 0;
    %assign/vec4/off/d v0x854e92120_0, 4, 5;
    %jmp T_52.38;
T_52.38 ;
    %pop/vec4 1;
    %load/vec4 v0x854e91ea0_0;
    %cmpi/e 3, 0, 2;
    %jmp/0xz  T_52.39, 4;
    %pushi/vec4 1, 0, 1;
    %assign/vec4 v0x854e923a0_0, 0;
    %load/vec4 v0x854e91e00_0;
    %assign/vec4 v0x854e92260_0, 0;
    %load/vec4 v0x854e92620_0;
    %load/vec4 v0x854e92120_0;
    %parti/s 24, 0, 2;
    %concat/vec4; draw_concat_vec4
    %assign/vec4 v0x854e92300_0, 0;
    %load/vec4 v0x854e91e00_0;
    %addi 1, 0, 11;
    %assign/vec4 v0x854e91e00_0, 0;
    %pushi/vec4 0, 0, 2;
    %assign/vec4 v0x854e91ea0_0, 0;
    %load/vec4 v0x854e929e0_0;
    %addi 1, 0, 8;
    %assign/vec4 v0x854e929e0_0, 0;
    %load/vec4 v0x854e929e0_0;
    %addi 1, 0, 8;
    %load/vec4 v0x854e92440_0;
    %cmp/e;
    %jmp/0xz  T_52.41, 4;
    %pushi/vec4 6, 0, 4;
    %assign/vec4 v0x854e92760_0, 0;
T_52.41 ;
    %jmp T_52.40;
T_52.39 ;
    %load/vec4 v0x854e91ea0_0;
    %addi 1, 0, 2;
    %assign/vec4 v0x854e91ea0_0, 0;
T_52.40 ;
T_52.32 ;
    %jmp T_52.14;
T_52.8 ;
    %load/vec4 v0x854e926c0_0;
    %flag_set/vec4 8;
    %jmp/0xz  T_52.43, 8;
    %load/vec4 v0x854e92620_0;
    %ix/load 5, 0, 0;
    %ix/load 4, 8, 0;
    %flag_set/imm 4, 0;
    %assign/vec4/off/d v0x854e92580_0, 4, 5;
    %pushi/vec4 7, 0, 4;
    %assign/vec4 v0x854e92760_0, 0;
T_52.43 ;
    %jmp T_52.14;
T_52.9 ;
    %load/vec4 v0x854e926c0_0;
    %flag_set/vec4 8;
    %jmp/0xz  T_52.45, 8;
    %load/vec4 v0x854e92620_0;
    %ix/load 5, 0, 0;
    %ix/load 4, 0, 0;
    %flag_set/imm 4, 0;
    %assign/vec4/off/d v0x854e92580_0, 4, 5;
    %pushi/vec4 8, 0, 4;
    %assign/vec4 v0x854e92760_0, 0;
T_52.45 ;
    %jmp T_52.14;
T_52.10 ;
    %load/vec4 v0x854e92580_0;
    %load/vec4 v0x854e92080_0;
    %cmp/e;
    %jmp/0xz  T_52.47, 4;
    %pushi/vec4 121, 0, 8;
    %assign/vec4 v0x854e928a0_0, 0;
    %pushi/vec4 1, 0, 1;
    %assign/vec4 v0x854e92940_0, 0;
    %jmp T_52.48;
T_52.47 ;
    %pushi/vec4 110, 0, 8;
    %assign/vec4 v0x854e928a0_0, 0;
    %pushi/vec4 1, 0, 1;
    %assign/vec4 v0x854e92940_0, 0;
T_52.48 ;
    %pushi/vec4 9, 0, 4;
    %assign/vec4 v0x854e92760_0, 0;
    %jmp T_52.14;
T_52.11 ;
    %load/vec4 v0x854e92800_0;
    %nor/r;
    %flag_set/vec4 9;
    %flag_get/vec4 9;
    %jmp/0 T_52.51, 9;
    %load/vec4 v0x854e92940_0;
    %nor/r;
    %and;
T_52.51;
    %flag_set/vec4 8;
    %jmp/0xz  T_52.49, 8;
    %load/vec4 v0x854e92580_0;
    %load/vec4 v0x854e92080_0;
    %cmp/e;
    %flag_get/vec4 4;
    %jmp/0 T_52.54, 4;
    %load/vec4 v0x854e91fe0_0;
    %pushi/vec4 2, 0, 8;
    %cmp/e;
    %flag_get/vec4 4;
    %and;
T_52.54;
    %flag_set/vec4 8;
    %jmp/0xz  T_52.52, 8;
    %pushi/vec4 0, 0, 1;
    %assign/vec4 v0x854e921c0_0, 0;
    %pushi/vec4 10, 0, 4;
    %assign/vec4 v0x854e92760_0, 0;
    %jmp T_52.53;
T_52.52 ;
    %pushi/vec4 0, 0, 4;
    %assign/vec4 v0x854e92760_0, 0;
T_52.53 ;
T_52.49 ;
    %jmp T_52.14;
T_52.12 ;
    %pushi/vec4 0, 0, 1;
    %assign/vec4 v0x854e921c0_0, 0;
    %jmp T_52.14;
T_52.14 ;
    %pop/vec4 1;
T_52.1 ;
    %jmp T_52;
    .thread T_52;
    .scope S_0x854e65680;
T_53 ;
    %wait E_0x8551a9b40;
    %load/vec4 v0x854e8d2c0_0;
    %flag_set/vec4 8;
    %jmp/0 T_53.0, 8;
    %load/vec4 v0x854e912c0_0;
    %load/vec4 v0x854e91360_0;
    %sub;
    %jmp/1 T_53.1, 8;
T_53.0 ; End of true expr.
    %load/vec4 v0x854e912c0_0;
    %load/vec4 v0x854e91360_0;
    %add;
    %jmp/0 T_53.1, 8;
 ; End of false expr.
    %blend;
T_53.1;
    %store/vec4 v0x854e88fa0_0, 0, 32;
    %load/vec4 v0x854e912c0_0;
    %load/vec4 v0x854e91360_0;
    %cmp/e;
    %flag_get/vec4 4;
    %store/vec4 v0x854e89040_0, 0, 1;
    %load/vec4 v0x854e912c0_0;
    %load/vec4 v0x854e91360_0;
    %cmp/s;
    %flag_get/vec4 5;
    %store/vec4 v0x854e890e0_0, 0, 1;
    %load/vec4 v0x854e912c0_0;
    %load/vec4 v0x854e91360_0;
    %cmp/u;
    %flag_get/vec4 5;
    %store/vec4 v0x854e89180_0, 0, 1;
    %load/vec4 v0x854e912c0_0;
    %load/vec4 v0x854e91360_0;
    %parti/s 5, 0, 2;
    %ix/vec4 4;
    %shiftl 4;
    %store/vec4 v0x854e894a0_0, 0, 32;
    %load/vec4 v0x854e8d040_0;
    %flag_set/vec4 8;
    %jmp/1 T_53.4, 8;
    %load/vec4 v0x854e8d0e0_0;
    %flag_set/vec4 9;
    %flag_or 8, 9;
T_53.4;
    %jmp/0 T_53.2, 8;
    %load/vec4 v0x854e912c0_0;
    %parti/s 1, 31, 6;
    %jmp/1 T_53.3, 8;
T_53.2 ; End of true expr.
    %pushi/vec4 0, 0, 1;
    %jmp/0 T_53.3, 8;
 ; End of false expr.
    %blend;
T_53.3;
    %load/vec4 v0x854e912c0_0;
    %concat/vec4; draw_concat_vec4
    %load/vec4 v0x854e91360_0;
    %parti/s 5, 0, 2;
    %ix/vec4 4;
    %shiftr/s 4;
    %pad/s 32;
    %store/vec4 v0x854e89540_0, 0, 32;
    %jmp T_53;
    .thread T_53, $push;
    .scope S_0x854e64f00;
T_54 ;
    %end;
    .thread T_54;
    .scope S_0x854e64f00;
T_55 ;
    %wait E_0x8551a9b00;
    %pushi/vec4 0, 0, 1;
    %store/vec4 v0x854e905a0_0, 0, 1;
    %pushi/vec4 4294967295, 4294967295, 32;
    %store/vec4 v0x854e903c0_0, 0, 32;
    %pushi/vec4 0, 0, 1;
    %store/vec4 v0x854e90500_0, 0, 1;
    %pushi/vec4 0, 0, 1;
    %store/vec4 v0x854e90460_0, 0, 1;
    %pushi/vec4 1, 0, 1;
    %dup/vec4;
    %pushi/vec4 0, 0, 1;
    %cmp/u;
    %jmp/1 T_55.0, 6;
    %dup/vec4;
    %pushi/vec4 0, 0, 1;
    %cmp/u;
    %jmp/1 T_55.1, 6;
    %dup/vec4;
    %pushi/vec4 0, 0, 1;
    %cmp/u;
    %jmp/1 T_55.2, 6;
    %jmp T_55.3;
T_55.0 ;
    %pushi/vec4 0, 0, 1;
    %store/vec4 v0x854e905a0_0, 0, 1;
    %pushi/vec4 0, 0, 32;
    %store/vec4 v0x854e903c0_0, 0, 32;
    %jmp T_55.3;
T_55.1 ;
    %load/vec4 v0x854e90820_0;
    %store/vec4 v0x854e905a0_0, 0, 1;
    %load/vec4 v0x854e90640_0;
    %store/vec4 v0x854e903c0_0, 0, 32;
    %jmp T_55.3;
T_55.2 ;
    %load/vec4 v0x854e90280_0;
    %store/vec4 v0x854e905a0_0, 0, 1;
    %load/vec4 v0x854e900a0_0;
    %store/vec4 v0x854e903c0_0, 0, 32;
    %jmp T_55.3;
T_55.3 ;
    %pop/vec4 1;
    %jmp T_55;
    .thread T_55, $push;
    .scope S_0x854e64f00;
T_56 ;
    %wait E_0x8551a98c0;
    %load/vec4 v0x854e915e0_0;
    %nor/r;
    %flag_set/vec4 8;
    %jmp/0xz  T_56.0, 8;
    %pushi/vec4 0, 0, 1;
    %assign/vec4 v0x854e8f160_0, 0;
    %pushi/vec4 0, 0, 1;
    %assign/vec4 v0x854e8e440_0, 0;
    %jmp T_56.1;
T_56.0 ;
    %load/vec4 v0x854e8e440_0;
    %nor/r;
    %flag_set/vec4 8;
    %jmp/0xz  T_56.2, 8;
    %load/vec4 v0x854e8f0c0_0;
    %assign/vec4 v0x854e8f160_0, 0;
T_56.2 ;
    %load/vec4 v0x854e8fac0_0;
    %flag_set/vec4 8;
    %flag_get/vec4 8;
    %jmp/0 T_56.4, 8;
    %load/vec4 v0x854e8f980_0;
    %nor/r;
    %and;
T_56.4;
    %assign/vec4 v0x854e8e440_0, 0;
T_56.1 ;
    %jmp T_56;
    .thread T_56;
    .scope S_0x854e64f00;
T_57 ;
    %wait E_0x8551a9ac0;
    %load/vec4 v0x854e8fc00_0;
    %dup/vec4;
    %pushi/vec4 0, 0, 2;
    %cmp/u;
    %jmp/1 T_57.0, 6;
    %dup/vec4;
    %pushi/vec4 1, 0, 2;
    %cmp/u;
    %jmp/1 T_57.1, 6;
    %dup/vec4;
    %pushi/vec4 2, 0, 2;
    %cmp/u;
    %jmp/1 T_57.2, 6;
    %jmp T_57.3;
T_57.0 ;
    %load/vec4 v0x854e91360_0;
    %store/vec4 v0x854e8f480_0, 0, 32;
    %pushi/vec4 15, 0, 4;
    %store/vec4 v0x854e8f5c0_0, 0, 4;
    %load/vec4 v0x854e8f660_0;
    %store/vec4 v0x854e8f8e0_0, 0, 32;
    %jmp T_57.3;
T_57.1 ;
    %load/vec4 v0x854e91360_0;
    %parti/s 16, 0, 2;
    %replicate 2;
    %store/vec4 v0x854e8f480_0, 0, 32;
    %load/vec4 v0x854e912c0_0;
    %parti/s 1, 1, 2;
    %flag_set/vec4 8;
    %jmp/0 T_57.4, 8;
    %pushi/vec4 12, 0, 4;
    %jmp/1 T_57.5, 8;
T_57.4 ; End of true expr.
    %pushi/vec4 3, 0, 4;
    %jmp/0 T_57.5, 8;
 ; End of false expr.
    %blend;
T_57.5;
    %store/vec4 v0x854e8f5c0_0, 0, 4;
    %load/vec4 v0x854e912c0_0;
    %parti/s 1, 1, 2;
    %dup/vec4;
    %pushi/vec4 0, 0, 1;
    %cmp/u;
    %jmp/1 T_57.6, 6;
    %dup/vec4;
    %pushi/vec4 1, 0, 1;
    %cmp/u;
    %jmp/1 T_57.7, 6;
    %jmp T_57.8;
T_57.6 ;
    %pushi/vec4 0, 0, 16;
    %load/vec4 v0x854e8f660_0;
    %parti/s 16, 0, 2;
    %concat/vec4; draw_concat_vec4
    %store/vec4 v0x854e8f8e0_0, 0, 32;
    %jmp T_57.8;
T_57.7 ;
    %pushi/vec4 0, 0, 16;
    %load/vec4 v0x854e8f660_0;
    %parti/s 16, 16, 6;
    %concat/vec4; draw_concat_vec4
    %store/vec4 v0x854e8f8e0_0, 0, 32;
    %jmp T_57.8;
T_57.8 ;
    %pop/vec4 1;
    %jmp T_57.3;
T_57.2 ;
    %load/vec4 v0x854e91360_0;
    %parti/s 8, 0, 2;
    %replicate 4;
    %store/vec4 v0x854e8f480_0, 0, 32;
    %pushi/vec4 1, 0, 4;
    %load/vec4 v0x854e912c0_0;
    %parti/s 2, 0, 2;
    %ix/vec4 4;
    %shiftl 4;
    %store/vec4 v0x854e8f5c0_0, 0, 4;
    %load/vec4 v0x854e912c0_0;
    %parti/s 2, 0, 2;
    %dup/vec4;
    %pushi/vec4 0, 0, 2;
    %cmp/u;
    %jmp/1 T_57.9, 6;
    %dup/vec4;
    %pushi/vec4 1, 0, 2;
    %cmp/u;
    %jmp/1 T_57.10, 6;
    %dup/vec4;
    %pushi/vec4 2, 0, 2;
    %cmp/u;
    %jmp/1 T_57.11, 6;
    %dup/vec4;
    %pushi/vec4 3, 0, 2;
    %cmp/u;
    %jmp/1 T_57.12, 6;
    %jmp T_57.13;
T_57.9 ;
    %pushi/vec4 0, 0, 24;
    %load/vec4 v0x854e8f660_0;
    %parti/s 8, 0, 2;
    %concat/vec4; draw_concat_vec4
    %store/vec4 v0x854e8f8e0_0, 0, 32;
    %jmp T_57.13;
T_57.10 ;
    %pushi/vec4 0, 0, 24;
    %load/vec4 v0x854e8f660_0;
    %parti/s 8, 8, 5;
    %concat/vec4; draw_concat_vec4
    %store/vec4 v0x854e8f8e0_0, 0, 32;
    %jmp T_57.13;
T_57.11 ;
    %pushi/vec4 0, 0, 24;
    %load/vec4 v0x854e8f660_0;
    %parti/s 8, 16, 6;
    %concat/vec4; draw_concat_vec4
    %store/vec4 v0x854e8f8e0_0, 0, 32;
    %jmp T_57.13;
T_57.12 ;
    %pushi/vec4 0, 0, 24;
    %load/vec4 v0x854e8f660_0;
    %parti/s 8, 24, 6;
    %concat/vec4; draw_concat_vec4
    %store/vec4 v0x854e8f8e0_0, 0, 32;
    %jmp T_57.13;
T_57.13 ;
    %pop/vec4 1;
    %jmp T_57.3;
T_57.3 ;
    %pop/vec4 1;
    %jmp T_57;
    .thread T_57, $push;
    .scope S_0x854e64f00;
T_58 ;
    %wait E_0x8551a98c0;
    %load/vec4 v0x854e8fd40_0;
    %flag_set/vec4 8;
    %jmp/0xz  T_58.0, 8;
    %load/vec4 v0x854e8f660_0;
    %assign/vec4 v0x854e8f840_0, 0;
    %load/vec4 v0x854e8f660_0;
    %assign/vec4 v0x854e8fe80_0, 0;
T_58.0 ;
    %jmp T_58;
    .thread T_58;
    .scope S_0x854e64f00;
T_59 ;
    %wait E_0x8551a98c0;
    %load/vec4 v0x854e915e0_0;
    %flag_set/vec4 9;
    %flag_get/vec4 9;
    %jmp/0 T_59.2, 9;
    %load/vec4 v0x854e91a40_0;
    %nor/r;
    %and;
T_59.2;
    %flag_set/vec4 8;
    %jmp/0xz  T_59.0, 8;
    %load/vec4 v0x854e8ec60_0;
    %flag_set/vec4 8;
    %jmp/1 T_59.6, 8;
    %load/vec4 v0x854e8eda0_0;
    %flag_set/vec4 9;
    %flag_or 8, 9;
T_59.6;
    %jmp/1 T_59.5, 8;
    %load/vec4 v0x854e8ed00_0;
    %flag_set/vec4 9;
    %flag_or 8, 9;
T_59.5;
    %jmp/0xz  T_59.3, 8;
    %fork TD_tb_loader.dut.cpu.empty_statement, S_0x854e65200;
    %join;
T_59.3 ;
    %load/vec4 v0x854e8ec60_0;
    %flag_set/vec4 8;
    %jmp/1 T_59.9, 8;
    %load/vec4 v0x854e8eda0_0;
    %flag_set/vec4 9;
    %flag_or 8, 9;
T_59.9;
    %jmp/0xz  T_59.7, 8;
    %fork TD_tb_loader.dut.cpu.empty_statement, S_0x854e65200;
    %join;
T_59.7 ;
    %load/vec4 v0x854e8ed00_0;
    %flag_set/vec4 8;
    %jmp/0xz  T_59.10, 8;
    %fork TD_tb_loader.dut.cpu.empty_statement, S_0x854e65200;
    %join;
T_59.10 ;
    %load/vec4 v0x854e8ee40_0;
    %flag_set/vec4 8;
    %jmp/0xz  T_59.12, 8;
    %fork TD_tb_loader.dut.cpu.empty_statement, S_0x854e65200;
    %join;
T_59.12 ;
    %load/vec4 v0x854e8fa20_0;
    %pad/u 32;
    %cmpi/e 2, 0, 32;
    %jmp/1 T_59.16, 4;
    %flag_mov 8, 4;
    %load/vec4 v0x854e8fa20_0;
    %pad/u 32;
    %cmpi/e 3, 0, 32;
    %flag_or 4, 8;
T_59.16;
    %jmp/0xz  T_59.14, 4;
    %fork TD_tb_loader.dut.cpu.empty_statement, S_0x854e65200;
    %join;
T_59.14 ;
T_59.0 ;
    %jmp T_59;
    .thread T_59;
    .scope S_0x854e64f00;
T_60 ;
    %wait E_0x8551a98c0;
    %load/vec4 v0x854e915e0_0;
    %nor/r;
    %flag_set/vec4 8;
    %jmp/1 T_60.2, 8;
    %load/vec4 v0x854e91a40_0;
    %flag_set/vec4 9;
    %flag_or 8, 9;
T_60.2;
    %jmp/0xz  T_60.0, 8;
    %load/vec4 v0x854e915e0_0;
    %nor/r;
    %flag_set/vec4 8;
    %jmp/0xz  T_60.3, 8;
    %pushi/vec4 0, 0, 2;
    %assign/vec4 v0x854e8fa20_0, 0;
T_60.3 ;
    %load/vec4 v0x854e915e0_0;
    %nor/r;
    %flag_set/vec4 8;
    %jmp/1 T_60.7, 8;
    %load/vec4 v0x854e8f980_0;
    %flag_set/vec4 9;
    %flag_or 8, 9;
T_60.7;
    %jmp/0xz  T_60.5, 8;
    %pushi/vec4 0, 0, 1;
    %assign/vec4 v0x854e8fac0_0, 0;
T_60.5 ;
    %pushi/vec4 0, 0, 1;
    %assign/vec4 v0x854e8f340_0, 0;
    %pushi/vec4 0, 0, 1;
    %assign/vec4 v0x854e90dc0_0, 0;
    %jmp T_60.1;
T_60.0 ;
    %load/vec4 v0x854e8f2a0_0;
    %flag_set/vec4 8;
    %jmp/1 T_60.10, 8;
    %load/vec4 v0x854e8f520_0;
    %flag_set/vec4 9;
    %flag_or 8, 9;
T_60.10;
    %jmp/0xz  T_60.8, 8;
    %load/vec4 v0x854e8f020_0;
    %assign/vec4 v0x854e8eb20_0, 0;
    %load/vec4 v0x854e8f5c0_0;
    %load/vec4 v0x854e8f520_0;
    %replicate 4;
    %and;
    %assign/vec4 v0x854e8fca0_0, 0;
T_60.8 ;
    %load/vec4 v0x854e8f520_0;
    %flag_set/vec4 8;
    %jmp/0xz  T_60.11, 8;
    %load/vec4 v0x854e8f480_0;
    %assign/vec4 v0x854e8fb60_0, 0;
T_60.11 ;
    %load/vec4 v0x854e8fa20_0;
    %dup/vec4;
    %pushi/vec4 0, 0, 2;
    %cmp/u;
    %jmp/1 T_60.13, 6;
    %dup/vec4;
    %pushi/vec4 1, 0, 2;
    %cmp/u;
    %jmp/1 T_60.14, 6;
    %dup/vec4;
    %pushi/vec4 2, 0, 2;
    %cmp/u;
    %jmp/1 T_60.15, 6;
    %dup/vec4;
    %pushi/vec4 3, 0, 2;
    %cmp/u;
    %jmp/1 T_60.16, 6;
    %jmp T_60.17;
T_60.13 ;
    %load/vec4 v0x854e8ec60_0;
    %flag_set/vec4 8;
    %jmp/1 T_60.21, 8;
    %load/vec4 v0x854e8eda0_0;
    %flag_set/vec4 9;
    %flag_or 8, 9;
T_60.21;
    %jmp/1 T_60.20, 8;
    %load/vec4 v0x854e8ed00_0;
    %flag_set/vec4 9;
    %flag_or 8, 9;
T_60.20;
    %jmp/0xz  T_60.18, 8;
    %load/vec4 v0x854e8f3e0_0;
    %nor/r;
    %assign/vec4 v0x854e8fac0_0, 0;
    %load/vec4 v0x854e8ec60_0;
    %flag_set/vec4 8;
    %flag_get/vec4 8;
    %jmp/1 T_60.22, 8;
    %load/vec4 v0x854e8eda0_0;
    %or;
T_60.22;
    %assign/vec4 v0x854e8ef80_0, 0;
    %pushi/vec4 0, 0, 4;
    %assign/vec4 v0x854e8fca0_0, 0;
    %pushi/vec4 1, 0, 2;
    %assign/vec4 v0x854e8fa20_0, 0;
T_60.18 ;
    %load/vec4 v0x854e8ee40_0;
    %flag_set/vec4 8;
    %jmp/0xz  T_60.23, 8;
    %pushi/vec4 1, 0, 1;
    %assign/vec4 v0x854e8fac0_0, 0;
    %pushi/vec4 0, 0, 1;
    %assign/vec4 v0x854e8ef80_0, 0;
    %pushi/vec4 2, 0, 2;
    %assign/vec4 v0x854e8fa20_0, 0;
T_60.23 ;
    %jmp T_60.17;
T_60.14 ;
    %fork TD_tb_loader.dut.cpu.empty_statement, S_0x854e65200;
    %join;
    %fork TD_tb_loader.dut.cpu.empty_statement, S_0x854e65200;
    %join;
    %fork TD_tb_loader.dut.cpu.empty_statement, S_0x854e65200;
    %join;
    %fork TD_tb_loader.dut.cpu.empty_statement, S_0x854e65200;
    %join;
    %load/vec4 v0x854e8fd40_0;
    %flag_set/vec4 8;
    %jmp/0xz  T_60.25, 8;
    %pushi/vec4 0, 0, 1;
    %assign/vec4 v0x854e8fac0_0, 0;
    %pushi/vec4 0, 0, 1;
    %assign/vec4 v0x854e8f340_0, 0;
    %load/vec4 v0x854e8eda0_0;
    %flag_set/vec4 8;
    %jmp/1 T_60.29, 8;
    %load/vec4 v0x854e8ed00_0;
    %flag_set/vec4 9;
    %flag_or 8, 9;
T_60.29;
    %jmp/0 T_60.27, 8;
    %pushi/vec4 0, 0, 3;
    %jmp/1 T_60.28, 8;
T_60.27 ; End of true expr.
    %pushi/vec4 3, 0, 3;
    %jmp/0 T_60.28, 8;
 ; End of false expr.
    %blend;
T_60.28;
    %pad/s 2;
    %assign/vec4 v0x854e8fa20_0, 0;
T_60.25 ;
    %jmp T_60.17;
T_60.15 ;
    %fork TD_tb_loader.dut.cpu.empty_statement, S_0x854e65200;
    %join;
    %fork TD_tb_loader.dut.cpu.empty_statement, S_0x854e65200;
    %join;
    %load/vec4 v0x854e8fd40_0;
    %flag_set/vec4 8;
    %jmp/0xz  T_60.30, 8;
    %pushi/vec4 0, 0, 1;
    %assign/vec4 v0x854e8fac0_0, 0;
    %pushi/vec4 0, 0, 2;
    %assign/vec4 v0x854e8fa20_0, 0;
T_60.30 ;
    %jmp T_60.17;
T_60.16 ;
    %fork TD_tb_loader.dut.cpu.empty_statement, S_0x854e65200;
    %join;
    %fork TD_tb_loader.dut.cpu.empty_statement, S_0x854e65200;
    %join;
    %load/vec4 v0x854e8eda0_0;
    %flag_set/vec4 8;
    %jmp/0xz  T_60.32, 8;
    %pushi/vec4 0, 0, 2;
    %assign/vec4 v0x854e8fa20_0, 0;
T_60.32 ;
    %jmp T_60.17;
T_60.17 ;
    %pop/vec4 1;
T_60.1 ;
    %load/vec4 v0x854e89ae0_0;
    %flag_set/vec4 8;
    %jmp/0xz  T_60.34, 8;
    %pushi/vec4 0, 0, 1;
    %assign/vec4 v0x854e90dc0_0, 0;
T_60.34 ;
    %jmp T_60;
    .thread T_60;
    .scope S_0x854e64f00;
T_61 ;
    %wait E_0x8551a9a80;
    %pushi/vec4 0, 0, 32; draw_string_vec4
    %pushi/vec4 0, 0, 32; draw_string_vec4
    %concat/vec4; draw_string_vec4
    %store/vec4 v0x854e8fde0_0, 0, 64;
    %load/vec4 v0x854e8c460_0;
    %flag_set/vec4 8;
    %jmp/0xz  T_61.0, 8;
    %pushi/vec4 0, 0, 32; draw_string_vec4
    %pushi/vec4 7107945, 0, 32; draw_string_vec4
    %concat/vec4; draw_string_vec4
    %store/vec4 v0x854e8fde0_0, 0, 64;
T_61.0 ;
    %load/vec4 v0x854e8ba20_0;
    %flag_set/vec4 8;
    %jmp/0xz  T_61.2, 8;
    %pushi/vec4 97, 0, 32; draw_string_vec4
    %pushi/vec4 1969844323, 0, 32; draw_string_vec4
    %concat/vec4; draw_string_vec4
    %store/vec4 v0x854e8fde0_0, 0, 64;
T_61.2 ;
    %load/vec4 v0x854e8c0a0_0;
    %flag_set/vec4 8;
    %jmp/0xz  T_61.4, 8;
    %pushi/vec4 0, 0, 32; draw_string_vec4
    %pushi/vec4 6971756, 0, 32; draw_string_vec4
    %concat/vec4; draw_string_vec4
    %store/vec4 v0x854e8fde0_0, 0, 64;
T_61.4 ;
    %load/vec4 v0x854e8c140_0;
    %flag_set/vec4 8;
    %jmp/0xz  T_61.6, 8;
    %pushi/vec4 0, 0, 32; draw_string_vec4
    %pushi/vec4 1784769650, 0, 32; draw_string_vec4
    %concat/vec4; draw_string_vec4
    %store/vec4 v0x854e8fde0_0, 0, 64;
T_61.6 ;
    %load/vec4 v0x854e8bac0_0;
    %flag_set/vec4 8;
    %jmp/0xz  T_61.8, 8;
    %pushi/vec4 0, 0, 32; draw_string_vec4
    %pushi/vec4 6448497, 0, 32; draw_string_vec4
    %concat/vec4; draw_string_vec4
    %store/vec4 v0x854e8fde0_0, 0, 64;
T_61.8 ;
    %load/vec4 v0x854e8bde0_0;
    %flag_set/vec4 8;
    %jmp/0xz  T_61.10, 8;
    %pushi/vec4 0, 0, 32; draw_string_vec4
    %pushi/vec4 6450789, 0, 32; draw_string_vec4
    %concat/vec4; draw_string_vec4
    %store/vec4 v0x854e8fde0_0, 0, 64;
T_61.10 ;
    %load/vec4 v0x854e8bca0_0;
    %flag_set/vec4 8;
    %jmp/0xz  T_61.12, 8;
    %pushi/vec4 0, 0, 32; draw_string_vec4
    %pushi/vec4 6450292, 0, 32; draw_string_vec4
    %concat/vec4; draw_string_vec4
    %store/vec4 v0x854e8fde0_0, 0, 64;
T_61.12 ;
    %load/vec4 v0x854e8bb60_0;
    %flag_set/vec4 8;
    %jmp/0xz  T_61.14, 8;
    %pushi/vec4 0, 0, 32; draw_string_vec4
    %pushi/vec4 6448997, 0, 32; draw_string_vec4
    %concat/vec4; draw_string_vec4
    %store/vec4 v0x854e8fde0_0, 0, 64;
T_61.14 ;
    %load/vec4 v0x854e8bd40_0;
    %flag_set/vec4 8;
    %jmp/0xz  T_61.16, 8;
    %pushi/vec4 0, 0, 32; draw_string_vec4
    %pushi/vec4 1651274869, 0, 32; draw_string_vec4
    %concat/vec4; draw_string_vec4
    %store/vec4 v0x854e8fde0_0, 0, 64;
T_61.16 ;
    %load/vec4 v0x854e8bc00_0;
    %flag_set/vec4 8;
    %jmp/0xz  T_61.18, 8;
    %pushi/vec4 0, 0, 32; draw_string_vec4
    %pushi/vec4 1650943349, 0, 32; draw_string_vec4
    %concat/vec4; draw_string_vec4
    %store/vec4 v0x854e8fde0_0, 0, 64;
T_61.18 ;
    %load/vec4 v0x854e8c1e0_0;
    %flag_set/vec4 8;
    %jmp/0xz  T_61.20, 8;
    %pushi/vec4 0, 0, 32; draw_string_vec4
    %pushi/vec4 27746, 0, 32; draw_string_vec4
    %concat/vec4; draw_string_vec4
    %store/vec4 v0x854e8fde0_0, 0, 64;
T_61.20 ;
    %load/vec4 v0x854e8c320_0;
    %flag_set/vec4 8;
    %jmp/0xz  T_61.22, 8;
    %pushi/vec4 0, 0, 32; draw_string_vec4
    %pushi/vec4 27752, 0, 32; draw_string_vec4
    %concat/vec4; draw_string_vec4
    %store/vec4 v0x854e8fde0_0, 0, 64;
T_61.22 ;
    %load/vec4 v0x854e8c500_0;
    %flag_set/vec4 8;
    %jmp/0xz  T_61.24, 8;
    %pushi/vec4 0, 0, 32; draw_string_vec4
    %pushi/vec4 27767, 0, 32; draw_string_vec4
    %concat/vec4; draw_string_vec4
    %store/vec4 v0x854e8fde0_0, 0, 64;
T_61.24 ;
    %load/vec4 v0x854e8c280_0;
    %flag_set/vec4 8;
    %jmp/0xz  T_61.26, 8;
    %pushi/vec4 0, 0, 32; draw_string_vec4
    %pushi/vec4 7103093, 0, 32; draw_string_vec4
    %concat/vec4; draw_string_vec4
    %store/vec4 v0x854e8fde0_0, 0, 64;
T_61.26 ;
    %load/vec4 v0x854e8c3c0_0;
    %flag_set/vec4 8;
    %jmp/0xz  T_61.28, 8;
    %pushi/vec4 0, 0, 32; draw_string_vec4
    %pushi/vec4 7104629, 0, 32; draw_string_vec4
    %concat/vec4; draw_string_vec4
    %store/vec4 v0x854e8fde0_0, 0, 64;
T_61.28 ;
    %load/vec4 v0x854e8caa0_0;
    %flag_set/vec4 8;
    %jmp/0xz  T_61.30, 8;
    %pushi/vec4 0, 0, 32; draw_string_vec4
    %pushi/vec4 29538, 0, 32; draw_string_vec4
    %concat/vec4; draw_string_vec4
    %store/vec4 v0x854e8fde0_0, 0, 64;
T_61.30 ;
    %load/vec4 v0x854e8cbe0_0;
    %flag_set/vec4 8;
    %jmp/0xz  T_61.32, 8;
    %pushi/vec4 0, 0, 32; draw_string_vec4
    %pushi/vec4 29544, 0, 32; draw_string_vec4
    %concat/vec4; draw_string_vec4
    %store/vec4 v0x854e8fde0_0, 0, 64;
T_61.32 ;
    %load/vec4 v0x854e8d360_0;
    %flag_set/vec4 8;
    %jmp/0xz  T_61.34, 8;
    %pushi/vec4 0, 0, 32; draw_string_vec4
    %pushi/vec4 29559, 0, 32; draw_string_vec4
    %concat/vec4; draw_string_vec4
    %store/vec4 v0x854e8fde0_0, 0, 64;
T_61.34 ;
    %load/vec4 v0x854e8b840_0;
    %flag_set/vec4 8;
    %jmp/0xz  T_61.36, 8;
    %pushi/vec4 0, 0, 32; draw_string_vec4
    %pushi/vec4 1633969257, 0, 32; draw_string_vec4
    %concat/vec4; draw_string_vec4
    %store/vec4 v0x854e8fde0_0, 0, 64;
T_61.36 ;
    %load/vec4 v0x854e8ce60_0;
    %flag_set/vec4 8;
    %jmp/0xz  T_61.38, 8;
    %pushi/vec4 0, 0, 32; draw_string_vec4
    %pushi/vec4 1936487529, 0, 32; draw_string_vec4
    %concat/vec4; draw_string_vec4
    %store/vec4 v0x854e8fde0_0, 0, 64;
T_61.38 ;
    %load/vec4 v0x854e8cf00_0;
    %flag_set/vec4 8;
    %jmp/0xz  T_61.40, 8;
    %pushi/vec4 115, 0, 32; draw_string_vec4
    %pushi/vec4 1819568501, 0, 32; draw_string_vec4
    %concat/vec4; draw_string_vec4
    %store/vec4 v0x854e8fde0_0, 0, 64;
T_61.40 ;
    %load/vec4 v0x854e8d680_0;
    %flag_set/vec4 8;
    %jmp/0xz  T_61.42, 8;
    %pushi/vec4 0, 0, 32; draw_string_vec4
    %pushi/vec4 2020569705, 0, 32; draw_string_vec4
    %concat/vec4; draw_string_vec4
    %store/vec4 v0x854e8fde0_0, 0, 64;
T_61.42 ;
    %load/vec4 v0x854e8c6e0_0;
    %flag_set/vec4 8;
    %jmp/0xz  T_61.44, 8;
    %pushi/vec4 0, 0, 32; draw_string_vec4
    %pushi/vec4 7303785, 0, 32; draw_string_vec4
    %concat/vec4; draw_string_vec4
    %store/vec4 v0x854e8fde0_0, 0, 64;
T_61.44 ;
    %load/vec4 v0x854e8b980_0;
    %flag_set/vec4 8;
    %jmp/0xz  T_61.46, 8;
    %pushi/vec4 0, 0, 32; draw_string_vec4
    %pushi/vec4 1634624617, 0, 32; draw_string_vec4
    %concat/vec4; draw_string_vec4
    %store/vec4 v0x854e8fde0_0, 0, 64;
T_61.46 ;
    %load/vec4 v0x854e8cd20_0;
    %flag_set/vec4 8;
    %jmp/0xz  T_61.48, 8;
    %pushi/vec4 0, 0, 32; draw_string_vec4
    %pushi/vec4 1936485481, 0, 32; draw_string_vec4
    %concat/vec4; draw_string_vec4
    %store/vec4 v0x854e8fde0_0, 0, 64;
T_61.48 ;
    %load/vec4 v0x854e8d220_0;
    %flag_set/vec4 8;
    %jmp/0xz  T_61.50, 8;
    %pushi/vec4 0, 0, 32; draw_string_vec4
    %pushi/vec4 1936878697, 0, 32; draw_string_vec4
    %concat/vec4; draw_string_vec4
    %store/vec4 v0x854e8fde0_0, 0, 64;
T_61.50 ;
    %load/vec4 v0x854e8d0e0_0;
    %flag_set/vec4 8;
    %jmp/0xz  T_61.52, 8;
    %pushi/vec4 0, 0, 32; draw_string_vec4
    %pushi/vec4 1936875881, 0, 32; draw_string_vec4
    %concat/vec4; draw_string_vec4
    %store/vec4 v0x854e8fde0_0, 0, 64;
T_61.52 ;
    %load/vec4 v0x854e8b7a0_0;
    %flag_set/vec4 8;
    %jmp/0xz  T_61.54, 8;
    %pushi/vec4 0, 0, 32; draw_string_vec4
    %pushi/vec4 6382692, 0, 32; draw_string_vec4
    %concat/vec4; draw_string_vec4
    %store/vec4 v0x854e8fde0_0, 0, 64;
T_61.54 ;
    %load/vec4 v0x854e8d2c0_0;
    %flag_set/vec4 8;
    %jmp/0xz  T_61.56, 8;
    %pushi/vec4 0, 0, 32; draw_string_vec4
    %pushi/vec4 7566690, 0, 32; draw_string_vec4
    %concat/vec4; draw_string_vec4
    %store/vec4 v0x854e8fde0_0, 0, 64;
T_61.56 ;
    %load/vec4 v0x854e8cc80_0;
    %flag_set/vec4 8;
    %jmp/0xz  T_61.58, 8;
    %pushi/vec4 0, 0, 32; draw_string_vec4
    %pushi/vec4 7564396, 0, 32; draw_string_vec4
    %concat/vec4; draw_string_vec4
    %store/vec4 v0x854e8fde0_0, 0, 64;
T_61.58 ;
    %load/vec4 v0x854e8cdc0_0;
    %flag_set/vec4 8;
    %jmp/0xz  T_61.60, 8;
    %pushi/vec4 0, 0, 32; draw_string_vec4
    %pushi/vec4 7564404, 0, 32; draw_string_vec4
    %concat/vec4; draw_string_vec4
    %store/vec4 v0x854e8fde0_0, 0, 64;
T_61.60 ;
    %load/vec4 v0x854e8cfa0_0;
    %flag_set/vec4 8;
    %jmp/0xz  T_61.62, 8;
    %pushi/vec4 0, 0, 32; draw_string_vec4
    %pushi/vec4 1936487541, 0, 32; draw_string_vec4
    %concat/vec4; draw_string_vec4
    %store/vec4 v0x854e8fde0_0, 0, 64;
T_61.62 ;
    %load/vec4 v0x854e8d5e0_0;
    %flag_set/vec4 8;
    %jmp/0xz  T_61.64, 8;
    %pushi/vec4 0, 0, 32; draw_string_vec4
    %pushi/vec4 7892850, 0, 32; draw_string_vec4
    %concat/vec4; draw_string_vec4
    %store/vec4 v0x854e8fde0_0, 0, 64;
T_61.64 ;
    %load/vec4 v0x854e8d180_0;
    %flag_set/vec4 8;
    %jmp/0xz  T_61.66, 8;
    %pushi/vec4 0, 0, 32; draw_string_vec4
    %pushi/vec4 7565932, 0, 32; draw_string_vec4
    %concat/vec4; draw_string_vec4
    %store/vec4 v0x854e8fde0_0, 0, 64;
T_61.66 ;
    %load/vec4 v0x854e8d040_0;
    %flag_set/vec4 8;
    %jmp/0xz  T_61.68, 8;
    %pushi/vec4 0, 0, 32; draw_string_vec4
    %pushi/vec4 7565921, 0, 32; draw_string_vec4
    %concat/vec4; draw_string_vec4
    %store/vec4 v0x854e8fde0_0, 0, 64;
T_61.68 ;
    %load/vec4 v0x854e8c640_0;
    %flag_set/vec4 8;
    %jmp/0xz  T_61.70, 8;
    %pushi/vec4 0, 0, 32; draw_string_vec4
    %pushi/vec4 28530, 0, 32; draw_string_vec4
    %concat/vec4; draw_string_vec4
    %store/vec4 v0x854e8fde0_0, 0, 64;
T_61.70 ;
    %load/vec4 v0x854e8b8e0_0;
    %flag_set/vec4 8;
    %jmp/0xz  T_61.72, 8;
    %pushi/vec4 0, 0, 32; draw_string_vec4
    %pushi/vec4 6385252, 0, 32; draw_string_vec4
    %concat/vec4; draw_string_vec4
    %store/vec4 v0x854e8fde0_0, 0, 64;
T_61.72 ;
    %load/vec4 v0x854e8c780_0;
    %flag_set/vec4 8;
    %jmp/0xz  T_61.74, 8;
    %pushi/vec4 7496803, 0, 32; draw_string_vec4
    %pushi/vec4 2036558949, 0, 32; draw_string_vec4
    %concat/vec4; draw_string_vec4
    %store/vec4 v0x854e8fde0_0, 0, 64;
T_61.74 ;
    %load/vec4 v0x854e8c820_0;
    %flag_set/vec4 8;
    %jmp/0xz  T_61.76, 8;
    %pushi/vec4 1919181689, 0, 32; draw_string_vec4
    %pushi/vec4 1668048232, 0, 32; draw_string_vec4
    %concat/vec4; draw_string_vec4
    %store/vec4 v0x854e8fde0_0, 0, 64;
T_61.76 ;
    %load/vec4 v0x854e8c8c0_0;
    %flag_set/vec4 8;
    %jmp/0xz  T_61.78, 8;
    %pushi/vec4 7496809, 0, 32; draw_string_vec4
    %pushi/vec4 1853060210, 0, 32; draw_string_vec4
    %concat/vec4; draw_string_vec4
    %store/vec4 v0x854e8fde0_0, 0, 64;
T_61.78 ;
    %load/vec4 v0x854e8c960_0;
    %flag_set/vec4 8;
    %jmp/0xz  T_61.80, 8;
    %pushi/vec4 1919183214, 0, 32; draw_string_vec4
    %pushi/vec4 1937011304, 0, 32; draw_string_vec4
    %concat/vec4; draw_string_vec4
    %store/vec4 v0x854e8fde0_0, 0, 64;
T_61.80 ;
    %load/vec4 v0x854e8bf20_0;
    %flag_set/vec4 8;
    %jmp/0xz  T_61.82, 8;
    %pushi/vec4 102, 0, 32; draw_string_vec4
    %pushi/vec4 1701733221, 0, 32; draw_string_vec4
    %concat/vec4; draw_string_vec4
    %store/vec4 v0x854e8fde0_0, 0, 64;
T_61.82 ;
    %load/vec4 v0x854e8c000_0;
    %flag_set/vec4 8;
    %jmp/0xz  T_61.84, 8;
    %pushi/vec4 0, 0, 32; draw_string_vec4
    %pushi/vec4 1734702193, 0, 32; draw_string_vec4
    %concat/vec4; draw_string_vec4
    %store/vec4 v0x854e8fde0_0, 0, 64;
T_61.84 ;
    %load/vec4 v0x854e8cb40_0;
    %flag_set/vec4 8;
    %jmp/0xz  T_61.86, 8;
    %pushi/vec4 0, 0, 32; draw_string_vec4
    %pushi/vec4 1936028785, 0, 32; draw_string_vec4
    %concat/vec4; draw_string_vec4
    %store/vec4 v0x854e8fde0_0, 0, 64;
T_61.86 ;
    %load/vec4 v0x854e8ca00_0;
    %flag_set/vec4 8;
    %jmp/0xz  T_61.88, 8;
    %pushi/vec4 29285, 0, 32; draw_string_vec4
    %pushi/vec4 1953067633, 0, 32; draw_string_vec4
    %concat/vec4; draw_string_vec4
    %store/vec4 v0x854e8fde0_0, 0, 64;
T_61.88 ;
    %load/vec4 v0x854e8c5a0_0;
    %flag_set/vec4 8;
    %jmp/0xz  T_61.90, 8;
    %pushi/vec4 7168371, 0, 32; draw_string_vec4
    %pushi/vec4 1802072689, 0, 32; draw_string_vec4
    %concat/vec4; draw_string_vec4
    %store/vec4 v0x854e8fde0_0, 0, 64;
T_61.90 ;
    %load/vec4 v0x854e8d540_0;
    %flag_set/vec4 8;
    %jmp/0xz  T_61.92, 8;
    %pushi/vec4 7823721, 0, 32; draw_string_vec4
    %pushi/vec4 1953067633, 0, 32; draw_string_vec4
    %concat/vec4; draw_string_vec4
    %store/vec4 v0x854e8fde0_0, 0, 64;
T_61.92 ;
    %load/vec4 v0x854e8d400_0;
    %flag_set/vec4 8;
    %jmp/0xz  T_61.94, 8;
    %pushi/vec4 116, 0, 32; draw_string_vec4
    %pushi/vec4 1768777074, 0, 32; draw_string_vec4
    %concat/vec4; draw_string_vec4
    %store/vec4 v0x854e8fde0_0, 0, 64;
T_61.94 ;
    %jmp T_61;
    .thread T_61, $push;
    .scope S_0x854e64f00;
T_62 ;
    %wait E_0x8551a98c0;
    %load/vec4 v0x854e8a300_0;
    %assign/vec4 v0x854e90e60_0, 0;
    %load/vec4 v0x854e8a4e0_0;
    %assign/vec4 v0x854e90f00_0, 0;
    %load/vec4 v0x854e8a580_0;
    %assign/vec4 v0x854e90fa0_0, 0;
    %load/vec4 v0x854e8a6c0_0;
    %assign/vec4 v0x854e910e0_0, 0;
    %load/vec4 v0x854e8a760_0;
    %assign/vec4 v0x854e91180_0, 0;
    %load/vec4 v0x854e8a620_0;
    %assign/vec4 v0x854e91040_0, 0;
    %load/vec4 v0x854e8ea80_0;
    %assign/vec4 v0x854e8ac60_0, 0;
    %load/vec4 v0x854e915e0_0;
    %nor/r;
    %flag_set/vec4 8;
    %jmp/1 T_62.2, 8;
    %load/vec4 v0x854e91a40_0;
    %flag_set/vec4 9;
    %flag_or 8, 9;
T_62.2;
    %jmp/0xz  T_62.0, 8;
    %pushi/vec4 0, 0, 1;
    %assign/vec4 v0x854e8af80_0, 0;
    %jmp T_62.1;
T_62.0 ;
    %load/vec4 v0x854e8ea80_0;
    %flag_set/vec4 8;
    %jmp/0xz  T_62.3, 8;
    %pushi/vec4 1, 0, 1;
    %assign/vec4 v0x854e8af80_0, 0;
T_62.3 ;
T_62.1 ;
    %load/vec4 v0x854e8b5c0_0;
    %flag_set/vec4 8;
    %jmp/0xz  T_62.5, 8;
    %load/vec4 v0x854e8fde0_0;
    %assign/vec4 v0x854e89720_0, 0;
    %load/vec4 v0x854e8b020_0;
    %assign/vec4 v0x854e897c0_0, 0;
    %load/vec4 v0x854e8fe80_0;
    %parti/s 2, 0, 2;
    %and/r;
    %flag_set/vec4 8;
    %jmp/0xz  T_62.7, 8;
    %load/vec4 v0x854e8fe80_0;
    %assign/vec4 v0x854e89860_0, 0;
    %jmp T_62.8;
T_62.7 ;
    %pushi/vec4 0, 0, 16;
    %load/vec4 v0x854e8fe80_0;
    %parti/s 16, 0, 2;
    %concat/vec4; draw_concat_vec4
    %assign/vec4 v0x854e89860_0, 0;
T_62.8 ;
    %load/vec4 v0x854e8b2a0_0;
    %assign/vec4 v0x854e899a0_0, 0;
    %load/vec4 v0x854e8b340_0;
    %assign/vec4 v0x854e89a40_0, 0;
    %load/vec4 v0x854e8b160_0;
    %assign/vec4 v0x854e89900_0, 0;
T_62.5 ;
    %load/vec4 v0x854e8ea80_0;
    %flag_set/vec4 8;
    %jmp/0xz  T_62.9, 8;
    %load/vec4 v0x854e90000_0;
    %assign/vec4 v0x854e8a440_0, 0;
T_62.9 ;
    %jmp T_62;
    .thread T_62;
    .scope S_0x854e64f00;
T_63 ;
    %wait E_0x8551a9a40;
    %load/vec4 v0x854e90e60_0;
    %store/vec4 v0x854e8a300_0, 0, 64;
    %load/vec4 v0x854e90f00_0;
    %store/vec4 v0x854e8a4e0_0, 0, 32;
    %load/vec4 v0x854e90fa0_0;
    %store/vec4 v0x854e8a580_0, 0, 32;
    %load/vec4 v0x854e910e0_0;
    %store/vec4 v0x854e8a6c0_0, 0, 5;
    %load/vec4 v0x854e91180_0;
    %store/vec4 v0x854e8a760_0, 0, 5;
    %load/vec4 v0x854e91040_0;
    %store/vec4 v0x854e8a620_0, 0, 5;
    %load/vec4 v0x854e8ac60_0;
    %flag_set/vec4 8;
    %jmp/0xz  T_63.0, 8;
    %load/vec4 v0x854e8b480_0;
    %flag_set/vec4 8;
    %jmp/0xz  T_63.2, 8;
    %load/vec4 v0x854e89720_0;
    %store/vec4 v0x854e8a300_0, 0, 64;
    %load/vec4 v0x854e897c0_0;
    %store/vec4 v0x854e8a4e0_0, 0, 32;
    %load/vec4 v0x854e89860_0;
    %store/vec4 v0x854e8a580_0, 0, 32;
    %load/vec4 v0x854e899a0_0;
    %store/vec4 v0x854e8a6c0_0, 0, 5;
    %load/vec4 v0x854e89a40_0;
    %store/vec4 v0x854e8a760_0, 0, 5;
    %load/vec4 v0x854e89900_0;
    %store/vec4 v0x854e8a620_0, 0, 5;
    %jmp T_63.3;
T_63.2 ;
    %load/vec4 v0x854e8fde0_0;
    %store/vec4 v0x854e8a300_0, 0, 64;
    %load/vec4 v0x854e8fe80_0;
    %parti/s 2, 0, 2;
    %and/r;
    %flag_set/vec4 8;
    %jmp/0xz  T_63.4, 8;
    %load/vec4 v0x854e8fe80_0;
    %store/vec4 v0x854e8a580_0, 0, 32;
    %jmp T_63.5;
T_63.4 ;
    %pushi/vec4 0, 0, 16;
    %load/vec4 v0x854e8fe80_0;
    %parti/s 16, 0, 2;
    %concat/vec4; draw_concat_vec4
    %store/vec4 v0x854e8a580_0, 0, 32;
T_63.5 ;
    %load/vec4 v0x854e8b020_0;
    %store/vec4 v0x854e8a4e0_0, 0, 32;
    %load/vec4 v0x854e8b2a0_0;
    %store/vec4 v0x854e8a6c0_0, 0, 5;
    %load/vec4 v0x854e8b340_0;
    %store/vec4 v0x854e8a760_0, 0, 5;
    %load/vec4 v0x854e8b160_0;
    %store/vec4 v0x854e8a620_0, 0, 5;
T_63.3 ;
T_63.0 ;
    %jmp T_63;
    .thread T_63, $push;
    .scope S_0x854e64f00;
T_64 ;
    %wait E_0x8551a98c0;
    %load/vec4 v0x854e8c460_0;
    %load/vec4 v0x854e8ba20_0;
    %concat/vec4; draw_concat_vec4
    %load/vec4 v0x854e8c0a0_0;
    %concat/vec4; draw_concat_vec4
    %or/r;
    %assign/vec4 v0x854e8df40_0, 0;
    %load/vec4 v0x854e8c460_0;
    %load/vec4 v0x854e8ba20_0;
    %concat/vec4; draw_concat_vec4
    %load/vec4 v0x854e8c0a0_0;
    %concat/vec4; draw_concat_vec4
    %load/vec4 v0x854e8c140_0;
    %concat/vec4; draw_concat_vec4
    %load/vec4 v0x854e8b840_0;
    %concat/vec4; draw_concat_vec4
    %load/vec4 v0x854e8b7a0_0;
    %concat/vec4; draw_concat_vec4
    %load/vec4 v0x854e8d2c0_0;
    %concat/vec4; draw_concat_vec4
    %or/r;
    %assign/vec4 v0x854e8dfe0_0, 0;
    %load/vec4 v0x854e8ce60_0;
    %load/vec4 v0x854e8bca0_0;
    %concat/vec4; draw_concat_vec4
    %load/vec4 v0x854e8cdc0_0;
    %concat/vec4; draw_concat_vec4
    %or/r;
    %assign/vec4 v0x854e8e300_0, 0;
    %load/vec4 v0x854e8cf00_0;
    %load/vec4 v0x854e8bd40_0;
    %concat/vec4; draw_concat_vec4
    %load/vec4 v0x854e8cfa0_0;
    %concat/vec4; draw_concat_vec4
    %or/r;
    %assign/vec4 v0x854e8e3a0_0, 0;
    %load/vec4 v0x854e8c280_0;
    %load/vec4 v0x854e8c3c0_0;
    %concat/vec4; draw_concat_vec4
    %load/vec4 v0x854e8c500_0;
    %concat/vec4; draw_concat_vec4
    %or/r;
    %assign/vec4 v0x854e8dea0_0, 0;
    %load/vec4 v0x854e8dc20_0;
    %load/vec4 v0x854e8ce60_0;
    %concat/vec4; draw_concat_vec4
    %load/vec4 v0x854e8cdc0_0;
    %concat/vec4; draw_concat_vec4
    %load/vec4 v0x854e8cf00_0;
    %concat/vec4; draw_concat_vec4
    %load/vec4 v0x854e8cfa0_0;
    %concat/vec4; draw_concat_vec4
    %or/r;
    %assign/vec4 v0x854e8dcc0_0, 0;
    %load/vec4 v0x854e8eda0_0;
    %flag_set/vec4 9;
    %flag_get/vec4 9;
    %jmp/0 T_64.2, 9;
    %load/vec4 v0x854e8eee0_0;
    %and;
T_64.2;
    %flag_set/vec4 8;
    %jmp/0xz  T_64.0, 8;
    %load/vec4 v0x854e8f700_0;
    %parti/s 7, 0, 2;
    %pushi/vec4 55, 0, 7;
    %cmp/e;
    %flag_get/vec4 4;
    %assign/vec4 v0x854e8c460_0, 0;
    %load/vec4 v0x854e8f700_0;
    %parti/s 7, 0, 2;
    %pushi/vec4 23, 0, 7;
    %cmp/e;
    %flag_get/vec4 4;
    %assign/vec4 v0x854e8ba20_0, 0;
    %load/vec4 v0x854e8f700_0;
    %parti/s 7, 0, 2;
    %pushi/vec4 111, 0, 7;
    %cmp/e;
    %flag_get/vec4 4;
    %assign/vec4 v0x854e8c0a0_0, 0;
    %load/vec4 v0x854e8f700_0;
    %parti/s 7, 0, 2;
    %cmpi/e 103, 0, 7;
    %flag_get/vec4 4;
    %jmp/0 T_64.3, 4;
    %load/vec4 v0x854e8f700_0;
    %parti/s 3, 12, 5;
    %pushi/vec4 0, 0, 3;
    %cmp/e;
    %flag_get/vec4 4;
    %and;
T_64.3;
    %assign/vec4 v0x854e8c140_0, 0;
    %load/vec4 v0x854e8f700_0;
    %parti/s 7, 0, 2;
    %cmpi/e 11, 0, 7;
    %flag_get/vec4 4;
    %jmp/0 T_64.5, 4;
    %load/vec4 v0x854e8f700_0;
    %parti/s 7, 25, 6;
    %pushi/vec4 2, 0, 7;
    %cmp/e;
    %flag_get/vec4 4;
    %and;
T_64.5;
    %flag_set/vec4 8;
    %flag_get/vec4 8;
    %jmp/0 T_64.4, 8;
    %pushi/vec4 0, 0, 1;
    %and;
T_64.4;
    %assign/vec4 v0x854e8ca00_0, 0;
    %load/vec4 v0x854e8f700_0;
    %parti/s 7, 0, 2;
    %cmpi/e 11, 0, 7;
    %flag_get/vec4 4;
    %jmp/0 T_64.7, 4;
    %load/vec4 v0x854e8f700_0;
    %parti/s 7, 25, 6;
    %pushi/vec4 4, 0, 7;
    %cmp/e;
    %flag_get/vec4 4;
    %and;
T_64.7;
    %flag_set/vec4 8;
    %flag_get/vec4 8;
    %jmp/0 T_64.6, 8;
    %pushi/vec4 0, 0, 1;
    %and;
T_64.6;
    %assign/vec4 v0x854e8d540_0, 0;
    %load/vec4 v0x854e8f700_0;
    %parti/s 7, 0, 2;
    %pushi/vec4 99, 0, 7;
    %cmp/e;
    %flag_get/vec4 4;
    %assign/vec4 v0x854e8dc20_0, 0;
    %load/vec4 v0x854e8f700_0;
    %parti/s 7, 0, 2;
    %pushi/vec4 3, 0, 7;
    %cmp/e;
    %flag_get/vec4 4;
    %assign/vec4 v0x854e8de00_0, 0;
    %load/vec4 v0x854e8f700_0;
    %parti/s 7, 0, 2;
    %pushi/vec4 35, 0, 7;
    %cmp/e;
    %flag_get/vec4 4;
    %assign/vec4 v0x854e8e120_0, 0;
    %load/vec4 v0x854e8f700_0;
    %parti/s 7, 0, 2;
    %pushi/vec4 19, 0, 7;
    %cmp/e;
    %flag_get/vec4 4;
    %assign/vec4 v0x854e8dae0_0, 0;
    %load/vec4 v0x854e8f700_0;
    %parti/s 7, 0, 2;
    %pushi/vec4 51, 0, 7;
    %cmp/e;
    %flag_get/vec4 4;
    %assign/vec4 v0x854e8db80_0, 0;
    %load/vec4 v0x854e8f700_0;
    %parti/s 20, 12, 5;
    %concati/vec4 0, 0, 1;
    %pad/s 32;
    %split/vec4 1;
    %ix/load 5, 0, 0;
    %ix/load 4, 0, 0;
    %flag_set/imm 4, 0;
    %assign/vec4/off/d v0x854e8b0c0_0, 4, 5;
    %split/vec4 8;
    %ix/load 5, 0, 0;
    %ix/load 4, 12, 0;
    %flag_set/imm 4, 0;
    %assign/vec4/off/d v0x854e8b0c0_0, 4, 5;
    %split/vec4 1;
    %ix/load 5, 0, 0;
    %ix/load 4, 11, 0;
    %flag_set/imm 4, 0;
    %assign/vec4/off/d v0x854e8b0c0_0, 4, 5;
    %split/vec4 10;
    %ix/load 5, 0, 0;
    %ix/load 4, 1, 0;
    %flag_set/imm 4, 0;
    %assign/vec4/off/d v0x854e8b0c0_0, 4, 5;
    %ix/load 5, 0, 0;
    %ix/load 4, 20, 0;
    %flag_set/imm 4, 0;
    %assign/vec4/off/d v0x854e8b0c0_0, 4, 5;
    %load/vec4 v0x854e8f700_0;
    %parti/s 5, 7, 4;
    %assign/vec4 v0x854e8b160_0, 0;
    %load/vec4 v0x854e8f700_0;
    %parti/s 5, 15, 5;
    %assign/vec4 v0x854e8b2a0_0, 0;
    %load/vec4 v0x854e8f700_0;
    %parti/s 5, 20, 6;
    %assign/vec4 v0x854e8b340_0, 0;
    %load/vec4 v0x854e8f700_0;
    %parti/s 7, 0, 2;
    %cmpi/e 11, 0, 7;
    %flag_get/vec4 4;
    %jmp/0 T_64.12, 4;
    %load/vec4 v0x854e8f700_0;
    %parti/s 7, 25, 6;
    %pushi/vec4 0, 0, 7;
    %cmp/e;
    %flag_get/vec4 4;
    %and;
T_64.12;
    %flag_set/vec4 10;
    %flag_get/vec4 10;
    %jmp/0 T_64.11, 10;
    %pushi/vec4 0, 0, 1;
    %and;
T_64.11;
    %flag_set/vec4 9;
    %flag_get/vec4 9;
    %jmp/0 T_64.10, 9;
    %pushi/vec4 1, 0, 1;
    %and;
T_64.10;
    %flag_set/vec4 8;
    %jmp/0xz  T_64.8, 8;
    %pushi/vec4 1, 0, 1;
    %ix/load 5, 0, 0;
    %ix/load 4, 4, 0;
    %flag_set/imm 4, 0;
    %assign/vec4/off/d v0x854e8b2a0_0, 4, 5;
T_64.8 ;
    %load/vec4 v0x854e8f700_0;
    %parti/s 7, 0, 2;
    %cmpi/e 11, 0, 7;
    %flag_get/vec4 4;
    %jmp/0 T_64.16, 4;
    %load/vec4 v0x854e8f700_0;
    %parti/s 7, 25, 6;
    %pushi/vec4 2, 0, 7;
    %cmp/e;
    %flag_get/vec4 4;
    %and;
T_64.16;
    %flag_set/vec4 9;
    %flag_get/vec4 9;
    %jmp/0 T_64.15, 9;
    %pushi/vec4 0, 0, 1;
    %and;
T_64.15;
    %flag_set/vec4 8;
    %jmp/0xz  T_64.13, 8;
    %pushi/vec4 0, 0, 5;
    %assign/vec4 v0x854e8b2a0_0, 0;
T_64.13 ;
    %pushi/vec4 0, 0, 1;
    %assign/vec4 v0x854e89cc0_0, 0;
T_64.0 ;
    %load/vec4 v0x854e8b520_0;
    %flag_set/vec4 9;
    %flag_get/vec4 9;
    %jmp/0 T_64.19, 9;
    %load/vec4 v0x854e8b3e0_0;
    %nor/r;
    %and;
T_64.19;
    %flag_set/vec4 8;
    %jmp/0xz  T_64.17, 8;
    %pushi/vec4 4294967295, 4294967295, 32;
    %assign/vec4 v0x854e90320_0, 0;
    %load/vec4 v0x854e8dc20_0;
    %flag_set/vec4 8;
    %flag_get/vec4 8;
    %jmp/0 T_64.20, 8;
    %load/vec4 v0x854e8f840_0;
    %parti/s 3, 12, 5;
    %pushi/vec4 0, 0, 3;
    %cmp/e;
    %flag_get/vec4 4;
    %and;
T_64.20;
    %assign/vec4 v0x854e8bac0_0, 0;
    %load/vec4 v0x854e8dc20_0;
    %flag_set/vec4 8;
    %flag_get/vec4 8;
    %jmp/0 T_64.21, 8;
    %load/vec4 v0x854e8f840_0;
    %parti/s 3, 12, 5;
    %pushi/vec4 1, 0, 3;
    %cmp/e;
    %flag_get/vec4 4;
    %and;
T_64.21;
    %assign/vec4 v0x854e8bde0_0, 0;
    %load/vec4 v0x854e8dc20_0;
    %flag_set/vec4 8;
    %flag_get/vec4 8;
    %jmp/0 T_64.22, 8;
    %load/vec4 v0x854e8f840_0;
    %parti/s 3, 12, 5;
    %pushi/vec4 4, 0, 3;
    %cmp/e;
    %flag_get/vec4 4;
    %and;
T_64.22;
    %assign/vec4 v0x854e8bca0_0, 0;
    %load/vec4 v0x854e8dc20_0;
    %flag_set/vec4 8;
    %flag_get/vec4 8;
    %jmp/0 T_64.23, 8;
    %load/vec4 v0x854e8f840_0;
    %parti/s 3, 12, 5;
    %pushi/vec4 5, 0, 3;
    %cmp/e;
    %flag_get/vec4 4;
    %and;
T_64.23;
    %assign/vec4 v0x854e8bb60_0, 0;
    %load/vec4 v0x854e8dc20_0;
    %flag_set/vec4 8;
    %flag_get/vec4 8;
    %jmp/0 T_64.24, 8;
    %load/vec4 v0x854e8f840_0;
    %parti/s 3, 12, 5;
    %pushi/vec4 6, 0, 3;
    %cmp/e;
    %flag_get/vec4 4;
    %and;
T_64.24;
    %assign/vec4 v0x854e8bd40_0, 0;
    %load/vec4 v0x854e8dc20_0;
    %flag_set/vec4 8;
    %flag_get/vec4 8;
    %jmp/0 T_64.25, 8;
    %load/vec4 v0x854e8f840_0;
    %parti/s 3, 12, 5;
    %pushi/vec4 7, 0, 3;
    %cmp/e;
    %flag_get/vec4 4;
    %and;
T_64.25;
    %assign/vec4 v0x854e8bc00_0, 0;
    %load/vec4 v0x854e8de00_0;
    %flag_set/vec4 8;
    %flag_get/vec4 8;
    %jmp/0 T_64.26, 8;
    %load/vec4 v0x854e8f840_0;
    %parti/s 3, 12, 5;
    %pushi/vec4 0, 0, 3;
    %cmp/e;
    %flag_get/vec4 4;
    %and;
T_64.26;
    %assign/vec4 v0x854e8c1e0_0, 0;
    %load/vec4 v0x854e8de00_0;
    %flag_set/vec4 8;
    %flag_get/vec4 8;
    %jmp/0 T_64.27, 8;
    %load/vec4 v0x854e8f840_0;
    %parti/s 3, 12, 5;
    %pushi/vec4 1, 0, 3;
    %cmp/e;
    %flag_get/vec4 4;
    %and;
T_64.27;
    %assign/vec4 v0x854e8c320_0, 0;
    %load/vec4 v0x854e8de00_0;
    %flag_set/vec4 8;
    %flag_get/vec4 8;
    %jmp/0 T_64.28, 8;
    %load/vec4 v0x854e8f840_0;
    %parti/s 3, 12, 5;
    %pushi/vec4 2, 0, 3;
    %cmp/e;
    %flag_get/vec4 4;
    %and;
T_64.28;
    %assign/vec4 v0x854e8c500_0, 0;
    %load/vec4 v0x854e8de00_0;
    %flag_set/vec4 8;
    %flag_get/vec4 8;
    %jmp/0 T_64.29, 8;
    %load/vec4 v0x854e8f840_0;
    %parti/s 3, 12, 5;
    %pushi/vec4 4, 0, 3;
    %cmp/e;
    %flag_get/vec4 4;
    %and;
T_64.29;
    %assign/vec4 v0x854e8c280_0, 0;
    %load/vec4 v0x854e8de00_0;
    %flag_set/vec4 8;
    %flag_get/vec4 8;
    %jmp/0 T_64.30, 8;
    %load/vec4 v0x854e8f840_0;
    %parti/s 3, 12, 5;
    %pushi/vec4 5, 0, 3;
    %cmp/e;
    %flag_get/vec4 4;
    %and;
T_64.30;
    %assign/vec4 v0x854e8c3c0_0, 0;
    %load/vec4 v0x854e8e120_0;
    %flag_set/vec4 8;
    %flag_get/vec4 8;
    %jmp/0 T_64.31, 8;
    %load/vec4 v0x854e8f840_0;
    %parti/s 3, 12, 5;
    %pushi/vec4 0, 0, 3;
    %cmp/e;
    %flag_get/vec4 4;
    %and;
T_64.31;
    %assign/vec4 v0x854e8caa0_0, 0;
    %load/vec4 v0x854e8e120_0;
    %flag_set/vec4 8;
    %flag_get/vec4 8;
    %jmp/0 T_64.32, 8;
    %load/vec4 v0x854e8f840_0;
    %parti/s 3, 12, 5;
    %pushi/vec4 1, 0, 3;
    %cmp/e;
    %flag_get/vec4 4;
    %and;
T_64.32;
    %assign/vec4 v0x854e8cbe0_0, 0;
    %load/vec4 v0x854e8e120_0;
    %flag_set/vec4 8;
    %flag_get/vec4 8;
    %jmp/0 T_64.33, 8;
    %load/vec4 v0x854e8f840_0;
    %parti/s 3, 12, 5;
    %pushi/vec4 2, 0, 3;
    %cmp/e;
    %flag_get/vec4 4;
    %and;
T_64.33;
    %assign/vec4 v0x854e8d360_0, 0;
    %load/vec4 v0x854e8dae0_0;
    %flag_set/vec4 8;
    %flag_get/vec4 8;
    %jmp/0 T_64.34, 8;
    %load/vec4 v0x854e8f840_0;
    %parti/s 3, 12, 5;
    %pushi/vec4 0, 0, 3;
    %cmp/e;
    %flag_get/vec4 4;
    %and;
T_64.34;
    %assign/vec4 v0x854e8b840_0, 0;
    %load/vec4 v0x854e8dae0_0;
    %flag_set/vec4 8;
    %flag_get/vec4 8;
    %jmp/0 T_64.35, 8;
    %load/vec4 v0x854e8f840_0;
    %parti/s 3, 12, 5;
    %pushi/vec4 2, 0, 3;
    %cmp/e;
    %flag_get/vec4 4;
    %and;
T_64.35;
    %assign/vec4 v0x854e8ce60_0, 0;
    %load/vec4 v0x854e8dae0_0;
    %flag_set/vec4 8;
    %flag_get/vec4 8;
    %jmp/0 T_64.36, 8;
    %load/vec4 v0x854e8f840_0;
    %parti/s 3, 12, 5;
    %pushi/vec4 3, 0, 3;
    %cmp/e;
    %flag_get/vec4 4;
    %and;
T_64.36;
    %assign/vec4 v0x854e8cf00_0, 0;
    %load/vec4 v0x854e8dae0_0;
    %flag_set/vec4 8;
    %flag_get/vec4 8;
    %jmp/0 T_64.37, 8;
    %load/vec4 v0x854e8f840_0;
    %parti/s 3, 12, 5;
    %pushi/vec4 4, 0, 3;
    %cmp/e;
    %flag_get/vec4 4;
    %and;
T_64.37;
    %assign/vec4 v0x854e8d680_0, 0;
    %load/vec4 v0x854e8dae0_0;
    %flag_set/vec4 8;
    %flag_get/vec4 8;
    %jmp/0 T_64.38, 8;
    %load/vec4 v0x854e8f840_0;
    %parti/s 3, 12, 5;
    %pushi/vec4 6, 0, 3;
    %cmp/e;
    %flag_get/vec4 4;
    %and;
T_64.38;
    %assign/vec4 v0x854e8c6e0_0, 0;
    %load/vec4 v0x854e8dae0_0;
    %flag_set/vec4 8;
    %flag_get/vec4 8;
    %jmp/0 T_64.39, 8;
    %load/vec4 v0x854e8f840_0;
    %parti/s 3, 12, 5;
    %pushi/vec4 7, 0, 3;
    %cmp/e;
    %flag_get/vec4 4;
    %and;
T_64.39;
    %assign/vec4 v0x854e8b980_0, 0;
    %load/vec4 v0x854e8dae0_0;
    %flag_set/vec4 9;
    %flag_get/vec4 9;
    %jmp/0 T_64.41, 9;
    %load/vec4 v0x854e8f840_0;
    %parti/s 3, 12, 5;
    %pushi/vec4 1, 0, 3;
    %cmp/e;
    %flag_get/vec4 4;
    %and;
T_64.41;
    %flag_set/vec4 8;
    %flag_get/vec4 8;
    %jmp/0 T_64.40, 8;
    %load/vec4 v0x854e8f840_0;
    %parti/s 7, 25, 6;
    %pushi/vec4 0, 0, 7;
    %cmp/e;
    %flag_get/vec4 4;
    %and;
T_64.40;
    %assign/vec4 v0x854e8cd20_0, 0;
    %load/vec4 v0x854e8dae0_0;
    %flag_set/vec4 9;
    %flag_get/vec4 9;
    %jmp/0 T_64.43, 9;
    %load/vec4 v0x854e8f840_0;
    %parti/s 3, 12, 5;
    %pushi/vec4 5, 0, 3;
    %cmp/e;
    %flag_get/vec4 4;
    %and;
T_64.43;
    %flag_set/vec4 8;
    %flag_get/vec4 8;
    %jmp/0 T_64.42, 8;
    %load/vec4 v0x854e8f840_0;
    %parti/s 7, 25, 6;
    %pushi/vec4 0, 0, 7;
    %cmp/e;
    %flag_get/vec4 4;
    %and;
T_64.42;
    %assign/vec4 v0x854e8d220_0, 0;
    %load/vec4 v0x854e8dae0_0;
    %flag_set/vec4 9;
    %flag_get/vec4 9;
    %jmp/0 T_64.45, 9;
    %load/vec4 v0x854e8f840_0;
    %parti/s 3, 12, 5;
    %pushi/vec4 5, 0, 3;
    %cmp/e;
    %flag_get/vec4 4;
    %and;
T_64.45;
    %flag_set/vec4 8;
    %flag_get/vec4 8;
    %jmp/0 T_64.44, 8;
    %load/vec4 v0x854e8f840_0;
    %parti/s 7, 25, 6;
    %pushi/vec4 32, 0, 7;
    %cmp/e;
    %flag_get/vec4 4;
    %and;
T_64.44;
    %assign/vec4 v0x854e8d0e0_0, 0;
    %load/vec4 v0x854e8db80_0;
    %flag_set/vec4 9;
    %flag_get/vec4 9;
    %jmp/0 T_64.47, 9;
    %load/vec4 v0x854e8f840_0;
    %parti/s 3, 12, 5;
    %pushi/vec4 0, 0, 3;
    %cmp/e;
    %flag_get/vec4 4;
    %and;
T_64.47;
    %flag_set/vec4 8;
    %flag_get/vec4 8;
    %jmp/0 T_64.46, 8;
    %load/vec4 v0x854e8f840_0;
    %parti/s 7, 25, 6;
    %pushi/vec4 0, 0, 7;
    %cmp/e;
    %flag_get/vec4 4;
    %and;
T_64.46;
    %assign/vec4 v0x854e8b7a0_0, 0;
    %load/vec4 v0x854e8db80_0;
    %flag_set/vec4 9;
    %flag_get/vec4 9;
    %jmp/0 T_64.49, 9;
    %load/vec4 v0x854e8f840_0;
    %parti/s 3, 12, 5;
    %pushi/vec4 0, 0, 3;
    %cmp/e;
    %flag_get/vec4 4;
    %and;
T_64.49;
    %flag_set/vec4 8;
    %flag_get/vec4 8;
    %jmp/0 T_64.48, 8;
    %load/vec4 v0x854e8f840_0;
    %parti/s 7, 25, 6;
    %pushi/vec4 32, 0, 7;
    %cmp/e;
    %flag_get/vec4 4;
    %and;
T_64.48;
    %assign/vec4 v0x854e8d2c0_0, 0;
    %load/vec4 v0x854e8db80_0;
    %flag_set/vec4 9;
    %flag_get/vec4 9;
    %jmp/0 T_64.51, 9;
    %load/vec4 v0x854e8f840_0;
    %parti/s 3, 12, 5;
    %pushi/vec4 1, 0, 3;
    %cmp/e;
    %flag_get/vec4 4;
    %and;
T_64.51;
    %flag_set/vec4 8;
    %flag_get/vec4 8;
    %jmp/0 T_64.50, 8;
    %load/vec4 v0x854e8f840_0;
    %parti/s 7, 25, 6;
    %pushi/vec4 0, 0, 7;
    %cmp/e;
    %flag_get/vec4 4;
    %and;
T_64.50;
    %assign/vec4 v0x854e8cc80_0, 0;
    %load/vec4 v0x854e8db80_0;
    %flag_set/vec4 9;
    %flag_get/vec4 9;
    %jmp/0 T_64.53, 9;
    %load/vec4 v0x854e8f840_0;
    %parti/s 3, 12, 5;
    %pushi/vec4 2, 0, 3;
    %cmp/e;
    %flag_get/vec4 4;
    %and;
T_64.53;
    %flag_set/vec4 8;
    %flag_get/vec4 8;
    %jmp/0 T_64.52, 8;
    %load/vec4 v0x854e8f840_0;
    %parti/s 7, 25, 6;
    %pushi/vec4 0, 0, 7;
    %cmp/e;
    %flag_get/vec4 4;
    %and;
T_64.52;
    %assign/vec4 v0x854e8cdc0_0, 0;
    %load/vec4 v0x854e8db80_0;
    %flag_set/vec4 9;
    %flag_get/vec4 9;
    %jmp/0 T_64.55, 9;
    %load/vec4 v0x854e8f840_0;
    %parti/s 3, 12, 5;
    %pushi/vec4 3, 0, 3;
    %cmp/e;
    %flag_get/vec4 4;
    %and;
T_64.55;
    %flag_set/vec4 8;
    %flag_get/vec4 8;
    %jmp/0 T_64.54, 8;
    %load/vec4 v0x854e8f840_0;
    %parti/s 7, 25, 6;
    %pushi/vec4 0, 0, 7;
    %cmp/e;
    %flag_get/vec4 4;
    %and;
T_64.54;
    %assign/vec4 v0x854e8cfa0_0, 0;
    %load/vec4 v0x854e8db80_0;
    %flag_set/vec4 9;
    %flag_get/vec4 9;
    %jmp/0 T_64.57, 9;
    %load/vec4 v0x854e8f840_0;
    %parti/s 3, 12, 5;
    %pushi/vec4 4, 0, 3;
    %cmp/e;
    %flag_get/vec4 4;
    %and;
T_64.57;
    %flag_set/vec4 8;
    %flag_get/vec4 8;
    %jmp/0 T_64.56, 8;
    %load/vec4 v0x854e8f840_0;
    %parti/s 7, 25, 6;
    %pushi/vec4 0, 0, 7;
    %cmp/e;
    %flag_get/vec4 4;
    %and;
T_64.56;
    %assign/vec4 v0x854e8d5e0_0, 0;
    %load/vec4 v0x854e8db80_0;
    %flag_set/vec4 9;
    %flag_get/vec4 9;
    %jmp/0 T_64.59, 9;
    %load/vec4 v0x854e8f840_0;
    %parti/s 3, 12, 5;
    %pushi/vec4 5, 0, 3;
    %cmp/e;
    %flag_get/vec4 4;
    %and;
T_64.59;
    %flag_set/vec4 8;
    %flag_get/vec4 8;
    %jmp/0 T_64.58, 8;
    %load/vec4 v0x854e8f840_0;
    %parti/s 7, 25, 6;
    %pushi/vec4 0, 0, 7;
    %cmp/e;
    %flag_get/vec4 4;
    %and;
T_64.58;
    %assign/vec4 v0x854e8d180_0, 0;
    %load/vec4 v0x854e8db80_0;
    %flag_set/vec4 9;
    %flag_get/vec4 9;
    %jmp/0 T_64.61, 9;
    %load/vec4 v0x854e8f840_0;
    %parti/s 3, 12, 5;
    %pushi/vec4 5, 0, 3;
    %cmp/e;
    %flag_get/vec4 4;
    %and;
T_64.61;
    %flag_set/vec4 8;
    %flag_get/vec4 8;
    %jmp/0 T_64.60, 8;
    %load/vec4 v0x854e8f840_0;
    %parti/s 7, 25, 6;
    %pushi/vec4 32, 0, 7;
    %cmp/e;
    %flag_get/vec4 4;
    %and;
T_64.60;
    %assign/vec4 v0x854e8d040_0, 0;
    %load/vec4 v0x854e8db80_0;
    %flag_set/vec4 9;
    %flag_get/vec4 9;
    %jmp/0 T_64.63, 9;
    %load/vec4 v0x854e8f840_0;
    %parti/s 3, 12, 5;
    %pushi/vec4 6, 0, 3;
    %cmp/e;
    %flag_get/vec4 4;
    %and;
T_64.63;
    %flag_set/vec4 8;
    %flag_get/vec4 8;
    %jmp/0 T_64.62, 8;
    %load/vec4 v0x854e8f840_0;
    %parti/s 7, 25, 6;
    %pushi/vec4 0, 0, 7;
    %cmp/e;
    %flag_get/vec4 4;
    %and;
T_64.62;
    %assign/vec4 v0x854e8c640_0, 0;
    %load/vec4 v0x854e8db80_0;
    %flag_set/vec4 9;
    %flag_get/vec4 9;
    %jmp/0 T_64.65, 9;
    %load/vec4 v0x854e8f840_0;
    %parti/s 3, 12, 5;
    %pushi/vec4 7, 0, 3;
    %cmp/e;
    %flag_get/vec4 4;
    %and;
T_64.65;
    %flag_set/vec4 8;
    %flag_get/vec4 8;
    %jmp/0 T_64.64, 8;
    %load/vec4 v0x854e8f840_0;
    %parti/s 7, 25, 6;
    %pushi/vec4 0, 0, 7;
    %cmp/e;
    %flag_get/vec4 4;
    %and;
T_64.64;
    %assign/vec4 v0x854e8b8e0_0, 0;
    %load/vec4 v0x854e8f840_0;
    %parti/s 7, 0, 2;
    %cmpi/e 115, 0, 7;
    %flag_get/vec4 4;
    %jmp/0 T_64.68, 4;
    %load/vec4 v0x854e8f840_0;
    %parti/s 20, 12, 5;
    %pad/u 32;
    %pushi/vec4 786434, 0, 32;
    %cmp/e;
    %flag_get/vec4 4;
    %and;
T_64.68;
    %flag_set/vec4 8;
    %jmp/1 T_64.67, 8;
    %load/vec4 v0x854e8f840_0;
    %parti/s 7, 0, 2;
    %cmpi/e 115, 0, 7;
    %flag_get/vec4 4;
    %jmp/0 T_64.69, 4;
    %load/vec4 v0x854e8f840_0;
    %parti/s 20, 12, 5;
    %pad/u 32;
    %pushi/vec4 786690, 0, 32;
    %cmp/e;
    %flag_get/vec4 4;
    %and;
T_64.69;
    %flag_set/vec4 9;
    %flag_or 8, 9;
T_64.67;
    %flag_get/vec4 8;
    %jmp/0 T_64.66, 8;
    %pushi/vec4 0, 0, 1;
    %and;
T_64.66;
    %assign/vec4 v0x854e8c780_0, 0;
    %load/vec4 v0x854e8f840_0;
    %parti/s 7, 0, 2;
    %cmpi/e 115, 0, 7;
    %flag_get/vec4 4;
    %jmp/0 T_64.73, 4;
    %load/vec4 v0x854e8f840_0;
    %parti/s 20, 12, 5;
    %pad/u 32;
    %pushi/vec4 819202, 0, 32;
    %cmp/e;
    %flag_get/vec4 4;
    %and;
T_64.73;
    %flag_set/vec4 9;
    %jmp/1 T_64.72, 9;
    %load/vec4 v0x854e8f840_0;
    %parti/s 7, 0, 2;
    %cmpi/e 115, 0, 7;
    %flag_get/vec4 4;
    %jmp/0 T_64.74, 4;
    %load/vec4 v0x854e8f840_0;
    %parti/s 20, 12, 5;
    %pad/u 32;
    %pushi/vec4 819458, 0, 32;
    %cmp/e;
    %flag_get/vec4 4;
    %and;
T_64.74;
    %flag_set/vec4 10;
    %flag_or 9, 10;
T_64.72;
    %flag_get/vec4 9;
    %jmp/0 T_64.71, 9;
    %pushi/vec4 0, 0, 1;
    %and;
T_64.71;
    %flag_set/vec4 8;
    %flag_get/vec4 8;
    %jmp/0 T_64.70, 8;
    %pushi/vec4 0, 0, 1;
    %and;
T_64.70;
    %assign/vec4 v0x854e8c820_0, 0;
    %load/vec4 v0x854e8f840_0;
    %parti/s 7, 0, 2;
    %cmpi/e 115, 0, 7;
    %flag_get/vec4 4;
    %jmp/0 T_64.76, 4;
    %load/vec4 v0x854e8f840_0;
    %parti/s 20, 12, 5;
    %pad/u 32;
    %pushi/vec4 786946, 0, 32;
    %cmp/e;
    %flag_get/vec4 4;
    %and;
T_64.76;
    %flag_set/vec4 8;
    %flag_get/vec4 8;
    %jmp/0 T_64.75, 8;
    %pushi/vec4 0, 0, 1;
    %and;
T_64.75;
    %assign/vec4 v0x854e8c8c0_0, 0;
    %load/vec4 v0x854e8f840_0;
    %parti/s 7, 0, 2;
    %cmpi/e 115, 0, 7;
    %flag_get/vec4 4;
    %jmp/0 T_64.79, 4;
    %load/vec4 v0x854e8f840_0;
    %parti/s 20, 12, 5;
    %pad/u 32;
    %pushi/vec4 819714, 0, 32;
    %cmp/e;
    %flag_get/vec4 4;
    %and;
T_64.79;
    %flag_set/vec4 9;
    %flag_get/vec4 9;
    %jmp/0 T_64.78, 9;
    %pushi/vec4 0, 0, 1;
    %and;
T_64.78;
    %flag_set/vec4 8;
    %flag_get/vec4 8;
    %jmp/0 T_64.77, 8;
    %pushi/vec4 0, 0, 1;
    %and;
T_64.77;
    %assign/vec4 v0x854e8c960_0, 0;
    %load/vec4 v0x854e8f840_0;
    %parti/s 7, 0, 2;
    %cmpi/e 115, 0, 7;
    %flag_get/vec4 4;
    %jmp/0 T_64.82, 4;
    %load/vec4 v0x854e8f840_0;
    %parti/s 11, 21, 6;
    %nor/r;
    %and;
T_64.82;
    %flag_set/vec4 9;
    %flag_get/vec4 9;
    %jmp/0 T_64.81, 9;
    %load/vec4 v0x854e8f840_0;
    %parti/s 13, 7, 4;
    %nor/r;
    %and;
T_64.81;
    %flag_set/vec4 8;
    %flag_get/vec4 8;
    %jmp/1 T_64.80, 8;
    %pushi/vec4 0, 0, 1;
    %or;
T_64.80;
    %assign/vec4 v0x854e8be80_0, 0;
    %load/vec4 v0x854e8f840_0;
    %parti/s 7, 0, 2;
    %cmpi/e 15, 0, 7;
    %flag_get/vec4 4;
    %jmp/0 T_64.83, 4;
    %load/vec4 v0x854e8f840_0;
    %parti/s 3, 12, 5;
    %nor/r;
    %and;
T_64.83;
    %assign/vec4 v0x854e8bf20_0, 0;
    %load/vec4 v0x854e8f840_0;
    %parti/s 7, 0, 2;
    %cmpi/e 11, 0, 7;
    %flag_get/vec4 4;
    %jmp/0 T_64.86, 4;
    %load/vec4 v0x854e8f840_0;
    %parti/s 7, 25, 6;
    %pushi/vec4 0, 0, 7;
    %cmp/e;
    %flag_get/vec4 4;
    %and;
T_64.86;
    %flag_set/vec4 9;
    %flag_get/vec4 9;
    %jmp/0 T_64.85, 9;
    %pushi/vec4 0, 0, 1;
    %and;
T_64.85;
    %flag_set/vec4 8;
    %flag_get/vec4 8;
    %jmp/0 T_64.84, 8;
    %pushi/vec4 1, 0, 1;
    %and;
T_64.84;
    %assign/vec4 v0x854e8c000_0, 0;
    %load/vec4 v0x854e8f840_0;
    %parti/s 7, 0, 2;
    %cmpi/e 11, 0, 7;
    %flag_get/vec4 4;
    %jmp/0 T_64.89, 4;
    %load/vec4 v0x854e8f840_0;
    %parti/s 7, 25, 6;
    %pushi/vec4 1, 0, 7;
    %cmp/e;
    %flag_get/vec4 4;
    %and;
T_64.89;
    %flag_set/vec4 9;
    %flag_get/vec4 9;
    %jmp/0 T_64.88, 9;
    %pushi/vec4 0, 0, 1;
    %and;
T_64.88;
    %flag_set/vec4 8;
    %flag_get/vec4 8;
    %jmp/0 T_64.87, 8;
    %pushi/vec4 1, 0, 1;
    %and;
T_64.87;
    %assign/vec4 v0x854e8cb40_0, 0;
    %load/vec4 v0x854e8f840_0;
    %parti/s 7, 0, 2;
    %cmpi/e 11, 0, 7;
    %flag_get/vec4 4;
    %jmp/0 T_64.91, 4;
    %load/vec4 v0x854e8f840_0;
    %parti/s 7, 25, 6;
    %pushi/vec4 3, 0, 7;
    %cmp/e;
    %flag_get/vec4 4;
    %and;
T_64.91;
    %flag_set/vec4 8;
    %flag_get/vec4 8;
    %jmp/0 T_64.90, 8;
    %pushi/vec4 0, 0, 1;
    %and;
T_64.90;
    %assign/vec4 v0x854e8c5a0_0, 0;
    %load/vec4 v0x854e8f840_0;
    %parti/s 7, 0, 2;
    %cmpi/e 11, 0, 7;
    %flag_get/vec4 4;
    %jmp/0 T_64.94, 4;
    %load/vec4 v0x854e8f840_0;
    %parti/s 7, 25, 6;
    %pushi/vec4 5, 0, 7;
    %cmp/e;
    %flag_get/vec4 4;
    %and;
T_64.94;
    %flag_set/vec4 9;
    %flag_get/vec4 9;
    %jmp/0 T_64.93, 9;
    %pushi/vec4 0, 0, 1;
    %and;
T_64.93;
    %flag_set/vec4 8;
    %flag_get/vec4 8;
    %jmp/0 T_64.92, 8;
    %pushi/vec4 1, 0, 1;
    %and;
T_64.92;
    %assign/vec4 v0x854e8d400_0, 0;
    %load/vec4 v0x854e8dae0_0;
    %flag_set/vec4 8;
    %flag_get/vec4 8;
    %jmp/0 T_64.95, 8;
    %load/vec4 v0x854e8f840_0;
    %parti/s 3, 12, 5;
    %cmpi/e 1, 0, 3;
    %flag_get/vec4 4;
    %jmp/0 T_64.96, 4;
    %load/vec4 v0x854e8f840_0;
    %parti/s 7, 25, 6;
    %pushi/vec4 0, 0, 7;
    %cmp/e;
    %flag_get/vec4 4;
    %and;
T_64.96;
    %load/vec4 v0x854e8f840_0;
    %parti/s 3, 12, 5;
    %cmpi/e 5, 0, 3;
    %flag_get/vec4 4;
    %jmp/0 T_64.97, 4;
    %load/vec4 v0x854e8f840_0;
    %parti/s 7, 25, 6;
    %pushi/vec4 0, 0, 7;
    %cmp/e;
    %flag_get/vec4 4;
    %and;
T_64.97;
    %concat/vec4; draw_concat_vec4
    %load/vec4 v0x854e8f840_0;
    %parti/s 3, 12, 5;
    %cmpi/e 5, 0, 3;
    %flag_get/vec4 4;
    %jmp/0 T_64.98, 4;
    %load/vec4 v0x854e8f840_0;
    %parti/s 7, 25, 6;
    %pushi/vec4 32, 0, 7;
    %cmp/e;
    %flag_get/vec4 4;
    %and;
T_64.98;
    %concat/vec4; draw_concat_vec4
    %or/r;
    %and;
T_64.95;
    %assign/vec4 v0x854e8e260_0, 0;
    %load/vec4 v0x854e8c140_0;
    %flag_set/vec4 8;
    %flag_get/vec4 8;
    %jmp/1 T_64.99, 8;
    %load/vec4 v0x854e8dae0_0;
    %flag_set/vec4 8;
    %flag_get/vec4 8;
    %jmp/0 T_64.100, 8;
    %load/vec4 v0x854e8f840_0;
    %parti/s 3, 12, 5;
    %pushi/vec4 0, 0, 3;
    %cmp/e;
    %flag_get/vec4 4;
    %load/vec4 v0x854e8f840_0;
    %parti/s 3, 12, 5;
    %pushi/vec4 2, 0, 3;
    %cmp/e;
    %flag_get/vec4 4;
    %concat/vec4; draw_concat_vec4
    %load/vec4 v0x854e8f840_0;
    %parti/s 3, 12, 5;
    %pushi/vec4 3, 0, 3;
    %cmp/e;
    %flag_get/vec4 4;
    %concat/vec4; draw_concat_vec4
    %load/vec4 v0x854e8f840_0;
    %parti/s 3, 12, 5;
    %pushi/vec4 4, 0, 3;
    %cmp/e;
    %flag_get/vec4 4;
    %concat/vec4; draw_concat_vec4
    %load/vec4 v0x854e8f840_0;
    %parti/s 3, 12, 5;
    %pushi/vec4 6, 0, 3;
    %cmp/e;
    %flag_get/vec4 4;
    %concat/vec4; draw_concat_vec4
    %load/vec4 v0x854e8f840_0;
    %parti/s 3, 12, 5;
    %pushi/vec4 7, 0, 3;
    %cmp/e;
    %flag_get/vec4 4;
    %concat/vec4; draw_concat_vec4
    %or/r;
    %and;
T_64.100;
    %or;
T_64.99;
    %assign/vec4 v0x854e8dd60_0, 0;
    %load/vec4 v0x854e8db80_0;
    %flag_set/vec4 8;
    %flag_get/vec4 8;
    %jmp/0 T_64.101, 8;
    %load/vec4 v0x854e8f840_0;
    %parti/s 3, 12, 5;
    %cmpi/e 1, 0, 3;
    %flag_get/vec4 4;
    %jmp/0 T_64.102, 4;
    %load/vec4 v0x854e8f840_0;
    %parti/s 7, 25, 6;
    %pushi/vec4 0, 0, 7;
    %cmp/e;
    %flag_get/vec4 4;
    %and;
T_64.102;
    %load/vec4 v0x854e8f840_0;
    %parti/s 3, 12, 5;
    %cmpi/e 5, 0, 3;
    %flag_get/vec4 4;
    %jmp/0 T_64.103, 4;
    %load/vec4 v0x854e8f840_0;
    %parti/s 7, 25, 6;
    %pushi/vec4 0, 0, 7;
    %cmp/e;
    %flag_get/vec4 4;
    %and;
T_64.103;
    %concat/vec4; draw_concat_vec4
    %load/vec4 v0x854e8f840_0;
    %parti/s 3, 12, 5;
    %cmpi/e 5, 0, 3;
    %flag_get/vec4 4;
    %jmp/0 T_64.104, 4;
    %load/vec4 v0x854e8f840_0;
    %parti/s 7, 25, 6;
    %pushi/vec4 32, 0, 7;
    %cmp/e;
    %flag_get/vec4 4;
    %and;
T_64.104;
    %concat/vec4; draw_concat_vec4
    %or/r;
    %and;
T_64.101;
    %assign/vec4 v0x854e8e1c0_0, 0;
    %pushi/vec4 0, 0, 1;
    %assign/vec4 v0x854e8dfe0_0, 0;
    %pushi/vec4 0, 0, 1;
    %assign/vec4 v0x854e8dcc0_0, 0;
    %pushi/vec4 1, 0, 1;
    %dup/vec4;
    %load/vec4 v0x854e8c0a0_0;
    %cmp/u;
    %jmp/1 T_64.105, 6;
    %dup/vec4;
    %load/vec4 v0x854e8c460_0;
    %load/vec4 v0x854e8ba20_0;
    %concat/vec4; draw_concat_vec4
    %or/r;
    %cmp/u;
    %jmp/1 T_64.106, 6;
    %dup/vec4;
    %load/vec4 v0x854e8c140_0;
    %load/vec4 v0x854e8de00_0;
    %concat/vec4; draw_concat_vec4
    %load/vec4 v0x854e8dae0_0;
    %concat/vec4; draw_concat_vec4
    %or/r;
    %cmp/u;
    %jmp/1 T_64.107, 6;
    %dup/vec4;
    %load/vec4 v0x854e8dc20_0;
    %cmp/u;
    %jmp/1 T_64.108, 6;
    %dup/vec4;
    %load/vec4 v0x854e8e120_0;
    %cmp/u;
    %jmp/1 T_64.109, 6;
    %pushi/vec4 1, 1, 32;
    %assign/vec4 v0x854e8b020_0, 0;
    %jmp T_64.111;
T_64.105 ;
    %load/vec4 v0x854e8b0c0_0;
    %assign/vec4 v0x854e8b020_0, 0;
    %jmp T_64.111;
T_64.106 ;
    %load/vec4 v0x854e8f840_0;
    %parti/s 20, 12, 5;
    %pad/u 32;
    %ix/load 4, 12, 0;
    %flag_set/imm 4, 0;
    %shiftl 4;
    %assign/vec4 v0x854e8b020_0, 0;
    %jmp T_64.111;
T_64.107 ;
    %load/vec4 v0x854e8f840_0;
    %parti/s 12, 20, 6;
    %pad/s 32;
    %assign/vec4 v0x854e8b020_0, 0;
    %jmp T_64.111;
T_64.108 ;
    %load/vec4 v0x854e8f840_0;
    %parti/s 1, 31, 6;
    %load/vec4 v0x854e8f840_0;
    %parti/s 1, 7, 4;
    %concat/vec4; draw_concat_vec4
    %load/vec4 v0x854e8f840_0;
    %parti/s 6, 25, 6;
    %concat/vec4; draw_concat_vec4
    %load/vec4 v0x854e8f840_0;
    %parti/s 4, 8, 5;
    %concat/vec4; draw_concat_vec4
    %concati/vec4 0, 0, 1;
    %pad/s 32;
    %assign/vec4 v0x854e8b020_0, 0;
    %jmp T_64.111;
T_64.109 ;
    %load/vec4 v0x854e8f840_0;
    %parti/s 7, 25, 6;
    %load/vec4 v0x854e8f840_0;
    %parti/s 5, 7, 4;
    %concat/vec4; draw_concat_vec4
    %pad/s 32;
    %assign/vec4 v0x854e8b020_0, 0;
    %jmp T_64.111;
T_64.111 ;
    %pop/vec4 1;
T_64.17 ;
    %load/vec4 v0x854e915e0_0;
    %nor/r;
    %flag_set/vec4 8;
    %jmp/0xz  T_64.112, 8;
    %pushi/vec4 0, 0, 1;
    %assign/vec4 v0x854e8dc20_0, 0;
    %pushi/vec4 0, 0, 1;
    %assign/vec4 v0x854e8dcc0_0, 0;
    %pushi/vec4 0, 0, 1;
    %assign/vec4 v0x854e8bac0_0, 0;
    %pushi/vec4 0, 0, 1;
    %assign/vec4 v0x854e8bde0_0, 0;
    %pushi/vec4 0, 0, 1;
    %assign/vec4 v0x854e8bca0_0, 0;
    %pushi/vec4 0, 0, 1;
    %assign/vec4 v0x854e8bb60_0, 0;
    %pushi/vec4 0, 0, 1;
    %assign/vec4 v0x854e8bd40_0, 0;
    %pushi/vec4 0, 0, 1;
    %assign/vec4 v0x854e8bc00_0, 0;
    %pushi/vec4 0, 0, 1;
    %assign/vec4 v0x854e8b840_0, 0;
    %pushi/vec4 0, 0, 1;
    %assign/vec4 v0x854e8ce60_0, 0;
    %pushi/vec4 0, 0, 1;
    %assign/vec4 v0x854e8cf00_0, 0;
    %pushi/vec4 0, 0, 1;
    %assign/vec4 v0x854e8d680_0, 0;
    %pushi/vec4 0, 0, 1;
    %assign/vec4 v0x854e8c6e0_0, 0;
    %pushi/vec4 0, 0, 1;
    %assign/vec4 v0x854e8b980_0, 0;
    %pushi/vec4 0, 0, 1;
    %assign/vec4 v0x854e8b7a0_0, 0;
    %pushi/vec4 0, 0, 1;
    %assign/vec4 v0x854e8d2c0_0, 0;
    %pushi/vec4 0, 0, 1;
    %assign/vec4 v0x854e8cc80_0, 0;
    %pushi/vec4 0, 0, 1;
    %assign/vec4 v0x854e8cdc0_0, 0;
    %pushi/vec4 0, 0, 1;
    %assign/vec4 v0x854e8cfa0_0, 0;
    %pushi/vec4 0, 0, 1;
    %assign/vec4 v0x854e8d5e0_0, 0;
    %pushi/vec4 0, 0, 1;
    %assign/vec4 v0x854e8d180_0, 0;
    %pushi/vec4 0, 0, 1;
    %assign/vec4 v0x854e8d040_0, 0;
    %pushi/vec4 0, 0, 1;
    %assign/vec4 v0x854e8c640_0, 0;
    %pushi/vec4 0, 0, 1;
    %assign/vec4 v0x854e8b8e0_0, 0;
    %pushi/vec4 0, 0, 1;
    %assign/vec4 v0x854e8bf20_0, 0;
T_64.112 ;
    %jmp T_64;
    .thread T_64;
    .scope S_0x854e64f00;
T_65 ;
    %wait E_0x8551a9a00;
    %pushi/vec4 0, 0, 32; draw_string_vec4
    %pushi/vec4 0, 0, 32; draw_string_vec4
    %concat/vec4; draw_string_vec4
    %pushi/vec4 0, 0, 32; draw_string_vec4
    %concat/vec4; draw_string_vec4
    %pushi/vec4 0, 0, 32; draw_string_vec4
    %concat/vec4; draw_string_vec4
    %store/vec4 v0x854e8a3a0_0, 0, 128;
    %load/vec4 v0x854e89ea0_0;
    %cmpi/e 128, 0, 8;
    %jmp/0xz  T_65.0, 4;
    %pushi/vec4 0, 0, 32; draw_string_vec4
    %pushi/vec4 0, 0, 32; draw_string_vec4
    %concat/vec4; draw_string_vec4
    %pushi/vec4 0, 0, 32; draw_string_vec4
    %concat/vec4; draw_string_vec4
    %pushi/vec4 1953653104, 0, 32; draw_string_vec4
    %concat/vec4; draw_string_vec4
    %store/vec4 v0x854e8a3a0_0, 0, 128;
T_65.0 ;
    %load/vec4 v0x854e89ea0_0;
    %cmpi/e 64, 0, 8;
    %jmp/0xz  T_65.2, 4;
    %pushi/vec4 0, 0, 32; draw_string_vec4
    %pushi/vec4 0, 0, 32; draw_string_vec4
    %concat/vec4; draw_string_vec4
    %pushi/vec4 102, 0, 32; draw_string_vec4
    %concat/vec4; draw_string_vec4
    %pushi/vec4 1702126440, 0, 32; draw_string_vec4
    %concat/vec4; draw_string_vec4
    %store/vec4 v0x854e8a3a0_0, 0, 128;
T_65.2 ;
    %load/vec4 v0x854e89ea0_0;
    %cmpi/e 32, 0, 8;
    %jmp/0xz  T_65.4, 4;
    %pushi/vec4 0, 0, 32; draw_string_vec4
    %pushi/vec4 0, 0, 32; draw_string_vec4
    %concat/vec4; draw_string_vec4
    %pushi/vec4 27748, 0, 32; draw_string_vec4
    %concat/vec4; draw_string_vec4
    %pushi/vec4 1601336113, 0, 32; draw_string_vec4
    %concat/vec4; draw_string_vec4
    %store/vec4 v0x854e8a3a0_0, 0, 128;
T_65.4 ;
    %load/vec4 v0x854e89ea0_0;
    %cmpi/e 16, 0, 8;
    %jmp/0xz  T_65.6, 4;
    %pushi/vec4 0, 0, 32; draw_string_vec4
    %pushi/vec4 0, 0, 32; draw_string_vec4
    %concat/vec4; draw_string_vec4
    %pushi/vec4 27748, 0, 32; draw_string_vec4
    %concat/vec4; draw_string_vec4
    %pushi/vec4 1601336114, 0, 32; draw_string_vec4
    %concat/vec4; draw_string_vec4
    %store/vec4 v0x854e8a3a0_0, 0, 128;
T_65.6 ;
    %load/vec4 v0x854e89ea0_0;
    %cmpi/e 8, 0, 8;
    %jmp/0xz  T_65.8, 4;
    %pushi/vec4 0, 0, 32; draw_string_vec4
    %pushi/vec4 0, 0, 32; draw_string_vec4
    %concat/vec4; draw_string_vec4
    %pushi/vec4 0, 0, 32; draw_string_vec4
    %concat/vec4; draw_string_vec4
    %pushi/vec4 1702389091, 0, 32; draw_string_vec4
    %concat/vec4; draw_string_vec4
    %store/vec4 v0x854e8a3a0_0, 0, 128;
T_65.8 ;
    %load/vec4 v0x854e89ea0_0;
    %cmpi/e 4, 0, 8;
    %jmp/0xz  T_65.10, 4;
    %pushi/vec4 0, 0, 32; draw_string_vec4
    %pushi/vec4 0, 0, 32; draw_string_vec4
    %concat/vec4; draw_string_vec4
    %pushi/vec4 115, 0, 32; draw_string_vec4
    %concat/vec4; draw_string_vec4
    %pushi/vec4 1751737972, 0, 32; draw_string_vec4
    %concat/vec4; draw_string_vec4
    %store/vec4 v0x854e8a3a0_0, 0, 128;
T_65.10 ;
    %load/vec4 v0x854e89ea0_0;
    %cmpi/e 2, 0, 8;
    %jmp/0xz  T_65.12, 4;
    %pushi/vec4 0, 0, 32; draw_string_vec4
    %pushi/vec4 0, 0, 32; draw_string_vec4
    %concat/vec4; draw_string_vec4
    %pushi/vec4 115, 0, 32; draw_string_vec4
    %concat/vec4; draw_string_vec4
    %pushi/vec4 1953326445, 0, 32; draw_string_vec4
    %concat/vec4; draw_string_vec4
    %store/vec4 v0x854e8a3a0_0, 0, 128;
T_65.12 ;
    %load/vec4 v0x854e89ea0_0;
    %cmpi/e 1, 0, 8;
    %jmp/0xz  T_65.14, 4;
    %pushi/vec4 0, 0, 32; draw_string_vec4
    %pushi/vec4 0, 0, 32; draw_string_vec4
    %concat/vec4; draw_string_vec4
    %pushi/vec4 108, 0, 32; draw_string_vec4
    %concat/vec4; draw_string_vec4
    %pushi/vec4 1684890989, 0, 32; draw_string_vec4
    %concat/vec4; draw_string_vec4
    %store/vec4 v0x854e8a3a0_0, 0, 128;
T_65.14 ;
    %jmp T_65;
    .thread T_65, $push;
    .scope S_0x854e64f00;
T_66 ;
    %wait E_0x8551a99c0;
    %pushi/vec4 1, 1, 1;
    %store/vec4 v0x854e892c0_0, 0, 1;
    %pushi/vec4 1, 0, 1;
    %dup/vec4;
    %load/vec4 v0x854e8bac0_0;
    %cmp/u;
    %jmp/1 T_66.0, 6;
    %dup/vec4;
    %load/vec4 v0x854e8bde0_0;
    %cmp/u;
    %jmp/1 T_66.1, 6;
    %dup/vec4;
    %load/vec4 v0x854e8bb60_0;
    %cmp/u;
    %jmp/1 T_66.2, 6;
    %dup/vec4;
    %load/vec4 v0x854e8bc00_0;
    %cmp/u;
    %jmp/1 T_66.3, 6;
    %dup/vec4;
    %load/vec4 v0x854e8e300_0;
    %flag_set/vec4 8;
    %flag_get/vec4 8;
    %jmp/0 T_66.7, 8;
    %pushi/vec4 1, 0, 1;
    %and;
T_66.7;
    %cmp/u;
    %jmp/1 T_66.4, 6;
    %dup/vec4;
    %load/vec4 v0x854e8e3a0_0;
    %flag_set/vec4 8;
    %flag_get/vec4 8;
    %jmp/0 T_66.8, 8;
    %pushi/vec4 1, 0, 1;
    %and;
T_66.8;
    %cmp/u;
    %jmp/1 T_66.5, 6;
    %jmp T_66.6;
T_66.0 ;
    %load/vec4 v0x854e89040_0;
    %store/vec4 v0x854e892c0_0, 0, 1;
    %jmp T_66.6;
T_66.1 ;
    %load/vec4 v0x854e89040_0;
    %nor/r;
    %store/vec4 v0x854e892c0_0, 0, 1;
    %jmp T_66.6;
T_66.2 ;
    %load/vec4 v0x854e890e0_0;
    %nor/r;
    %store/vec4 v0x854e892c0_0, 0, 1;
    %jmp T_66.6;
T_66.3 ;
    %load/vec4 v0x854e89180_0;
    %nor/r;
    %store/vec4 v0x854e892c0_0, 0, 1;
    %jmp T_66.6;
T_66.4 ;
    %load/vec4 v0x854e890e0_0;
    %store/vec4 v0x854e892c0_0, 0, 1;
    %jmp T_66.6;
T_66.5 ;
    %load/vec4 v0x854e89180_0;
    %store/vec4 v0x854e892c0_0, 0, 1;
    %jmp T_66.6;
T_66.6 ;
    %pop/vec4 1;
    %pushi/vec4 4294967295, 4294967295, 32;
    %store/vec4 v0x854e89220_0, 0, 32;
    %pushi/vec4 1, 0, 1;
    %dup/vec4;
    %load/vec4 v0x854e8dfe0_0;
    %cmp/u;
    %jmp/1 T_66.9, 6;
    %dup/vec4;
    %load/vec4 v0x854e8dcc0_0;
    %cmp/u;
    %jmp/1 T_66.10, 6;
    %dup/vec4;
    %load/vec4 v0x854e8d680_0;
    %flag_set/vec4 8;
    %flag_get/vec4 8;
    %jmp/1 T_66.17, 8;
    %load/vec4 v0x854e8d5e0_0;
    %or;
T_66.17;
    %cmp/u;
    %jmp/1 T_66.11, 6;
    %dup/vec4;
    %load/vec4 v0x854e8c6e0_0;
    %flag_set/vec4 8;
    %flag_get/vec4 8;
    %jmp/1 T_66.18, 8;
    %load/vec4 v0x854e8c640_0;
    %or;
T_66.18;
    %cmp/u;
    %jmp/1 T_66.12, 6;
    %dup/vec4;
    %load/vec4 v0x854e8b980_0;
    %flag_set/vec4 8;
    %flag_get/vec4 8;
    %jmp/1 T_66.19, 8;
    %load/vec4 v0x854e8b8e0_0;
    %or;
T_66.19;
    %cmp/u;
    %jmp/1 T_66.13, 6;
    %dup/vec4;
    %pushi/vec4 0, 0, 1;
    %cmp/u;
    %jmp/1 T_66.14, 6;
    %dup/vec4;
    %pushi/vec4 0, 0, 1;
    %cmp/u;
    %jmp/1 T_66.15, 6;
    %jmp T_66.16;
T_66.9 ;
    %load/vec4 v0x854e88fa0_0;
    %store/vec4 v0x854e89220_0, 0, 32;
    %jmp T_66.16;
T_66.10 ;
    %load/vec4 v0x854e892c0_0;
    %pad/u 32;
    %store/vec4 v0x854e89220_0, 0, 32;
    %jmp T_66.16;
T_66.11 ;
    %load/vec4 v0x854e912c0_0;
    %load/vec4 v0x854e91360_0;
    %xor;
    %store/vec4 v0x854e89220_0, 0, 32;
    %jmp T_66.16;
T_66.12 ;
    %load/vec4 v0x854e912c0_0;
    %load/vec4 v0x854e91360_0;
    %or;
    %store/vec4 v0x854e89220_0, 0, 32;
    %jmp T_66.16;
T_66.13 ;
    %load/vec4 v0x854e912c0_0;
    %load/vec4 v0x854e91360_0;
    %and;
    %store/vec4 v0x854e89220_0, 0, 32;
    %jmp T_66.16;
T_66.14 ;
    %load/vec4 v0x854e894a0_0;
    %store/vec4 v0x854e89220_0, 0, 32;
    %jmp T_66.16;
T_66.15 ;
    %load/vec4 v0x854e89540_0;
    %store/vec4 v0x854e89220_0, 0, 32;
    %jmp T_66.16;
T_66.16 ;
    %pop/vec4 1;
    %jmp T_66;
    .thread T_66, $push;
    .scope S_0x854e64f00;
T_67 ;
    %wait E_0x8551a98c0;
    %load/vec4 v0x854e89ae0_0;
    %assign/vec4 v0x854e89b80_0, 0;
    %jmp T_67;
    .thread T_67;
    .scope S_0x854e64f00;
T_68 ;
    %wait E_0x8551a9980;
    %load/vec4 v0x854e89b80_0;
    %store/vec4 v0x854e89ae0_0, 0, 1;
    %load/vec4 v0x854e90dc0_0;
    %nor/r;
    %flag_set/vec4 8;
    %jmp/0xz  T_68.0, 8;
    %pushi/vec4 0, 0, 1;
    %store/vec4 v0x854e89ae0_0, 0, 1;
T_68.0 ;
    %load/vec4 v0x854e8e4e0_0;
    %flag_set/vec4 8;
    %jmp/1 T_68.5, 8;
    %load/vec4 v0x854e8da40_0;
    %cmpi/ne 0, 0, 2;
    %flag_or 8, 4;
T_68.5;
    %jmp/1 T_68.4, 8;
    %load/vec4 v0x854e915e0_0;
    %nor/r;
    %flag_set/vec4 9;
    %flag_or 8, 9;
T_68.4;
    %jmp/0xz  T_68.2, 8;
    %pushi/vec4 0, 0, 1;
    %store/vec4 v0x854e89ae0_0, 0, 1;
T_68.2 ;
    %jmp T_68;
    .thread T_68, $push;
    .scope S_0x854e64f00;
T_69 ;
    %wait E_0x8551a9940;
    %pushi/vec4 0, 0, 1;
    %store/vec4 v0x854e8a1c0_0, 0, 1;
    %pushi/vec4 4294967295, 4294967295, 32;
    %store/vec4 v0x854e8a120_0, 0, 32;
    %load/vec4 v0x854e89ea0_0;
    %cmpi/e 64, 0, 8;
    %jmp/0xz  T_69.0, 4;
    %pushi/vec4 1, 0, 1;
    %dup/vec4;
    %load/vec4 v0x854e8e4e0_0;
    %cmp/u;
    %jmp/1 T_69.2, 6;
    %dup/vec4;
    %load/vec4 v0x854e8e940_0;
    %flag_set/vec4 8;
    %flag_get/vec4 8;
    %jmp/0 T_69.7, 8;
    %load/vec4 v0x854e8e4e0_0;
    %nor/r;
    %and;
T_69.7;
    %cmp/u;
    %jmp/1 T_69.3, 6;
    %dup/vec4;
    %pushi/vec4 0, 0, 1;
    %cmp/u;
    %jmp/1 T_69.4, 6;
    %dup/vec4;
    %pushi/vec4 0, 0, 1;
    %cmp/u;
    %jmp/1 T_69.5, 6;
    %jmp T_69.6;
T_69.2 ;
    %load/vec4 v0x854e914a0_0;
    %load/vec4 v0x854e8e580_0;
    %flag_set/vec4 8;
    %jmp/0 T_69.8, 8;
    %pushi/vec4 2, 0, 32;
    %jmp/1 T_69.9, 8;
T_69.8 ; End of true expr.
    %pushi/vec4 4, 0, 32;
    %jmp/0 T_69.9, 8;
 ; End of false expr.
    %blend;
T_69.9;
    %add;
    %store/vec4 v0x854e8a120_0, 0, 32;
    %pushi/vec4 1, 0, 1;
    %store/vec4 v0x854e8a1c0_0, 0, 1;
    %jmp T_69.6;
T_69.3 ;
    %load/vec4 v0x854e8e8a0_0;
    %flag_set/vec4 8;
    %jmp/0 T_69.10, 8;
    %load/vec4 v0x854e89400_0;
    %jmp/1 T_69.11, 8;
T_69.10 ; End of true expr.
    %load/vec4 v0x854e91400_0;
    %jmp/0 T_69.11, 8;
 ; End of false expr.
    %blend;
T_69.11;
    %store/vec4 v0x854e8a120_0, 0, 32;
    %pushi/vec4 1, 0, 1;
    %store/vec4 v0x854e8a1c0_0, 0, 1;
    %jmp T_69.6;
T_69.4 ;
    %load/vec4 v0x854e91220_0;
    %load/vec4 v0x854e8e580_0;
    %pad/u 32;
    %or;
    %store/vec4 v0x854e8a120_0, 0, 32;
    %pushi/vec4 1, 0, 1;
    %store/vec4 v0x854e8a1c0_0, 0, 1;
    %jmp T_69.6;
T_69.5 ;
    %load/vec4 v0x854e8d9a0_0;
    %load/vec4 v0x854e8d900_0;
    %inv;
    %and;
    %store/vec4 v0x854e8a120_0, 0, 32;
    %pushi/vec4 1, 0, 1;
    %store/vec4 v0x854e8a1c0_0, 0, 1;
    %jmp T_69.6;
T_69.6 ;
    %pop/vec4 1;
T_69.0 ;
    %jmp T_69;
    .thread T_69, $push;
    .scope S_0x854e64f00;
T_70 ;
    %wait E_0x8551a98c0;
    %load/vec4 v0x854e915e0_0;
    %flag_set/vec4 10;
    %flag_get/vec4 10;
    %jmp/0 T_70.3, 10;
    %load/vec4 v0x854e8a1c0_0;
    %and;
T_70.3;
    %flag_set/vec4 9;
    %flag_get/vec4 9;
    %jmp/0 T_70.2, 9;
    %load/vec4 v0x854e8e800_0;
    %pushi/vec4 0, 0, 5;
    %cmp/ne;
    %flag_get/vec4 4;
    %and;
T_70.2;
    %flag_set/vec4 8;
    %jmp/0xz  T_70.0, 8;
    %load/vec4 v0x854e8a120_0;
    %load/vec4 v0x854e8e800_0;
    %pad/u 7;
    %ix/vec4 3;
    %ix/load 4, 0, 0; Constant delay
    %assign/vec4/a/d v0x854e89f40, 0, 4;
T_70.0 ;
    %jmp T_70;
    .thread T_70;
    .scope S_0x854e64f00;
T_71 ;
    %wait E_0x8551a9900;
    %pushi/vec4 31, 31, 5;
    %store/vec4 v0x854e8b200_0, 0, 5;
    %load/vec4 v0x854e8b2a0_0;
    %cmpi/ne 0, 0, 5;
    %flag_mov 8, 4;
    %jmp/0 T_71.0, 8;
    %load/vec4 v0x854e8b2a0_0;
    %pad/u 7;
    %ix/vec4 4;
    %load/vec4a v0x854e89f40, 4;
    %jmp/1 T_71.1, 8;
T_71.0 ; End of true expr.
    %pushi/vec4 0, 0, 32;
    %jmp/0 T_71.1, 8;
 ; End of false expr.
    %blend;
T_71.1;
    %store/vec4 v0x854e89fe0_0, 0, 32;
    %load/vec4 v0x854e8b340_0;
    %cmpi/ne 0, 0, 5;
    %flag_mov 8, 4;
    %jmp/0 T_71.2, 8;
    %load/vec4 v0x854e8b340_0;
    %pad/u 7;
    %ix/vec4 4;
    %load/vec4a v0x854e89f40, 4;
    %jmp/1 T_71.3, 8;
T_71.2 ; End of true expr.
    %pushi/vec4 0, 0, 32;
    %jmp/0 T_71.3, 8;
 ; End of false expr.
    %blend;
T_71.3;
    %store/vec4 v0x854e8a080_0, 0, 32;
    %jmp T_71;
    .thread T_71, $push;
    .scope S_0x854e64f00;
T_72 ;
    %wait E_0x8551a98c0;
    %pushi/vec4 0, 0, 1;
    %assign/vec4 v0x854e91a40_0, 0;
    %pushi/vec4 31, 31, 5;
    %assign/vec4 v0x854e91540_0, 0;
    %pushi/vec4 4294967295, 4294967295, 32;
    %assign/vec4 v0x854e91400_0, 0;
    %pushi/vec4 0, 0, 1;
    %store/vec4 v0x854e91720_0, 0, 1;
    %pushi/vec4 0, 0, 1;
    %store/vec4 v0x854e91680_0, 0, 1;
    %pushi/vec4 0, 0, 1;
    %store/vec4 v0x854e917c0_0, 0, 1;
    %load/vec4 v0x854e892c0_0;
    %assign/vec4 v0x854e89360_0, 0;
    %load/vec4 v0x854e89220_0;
    %assign/vec4 v0x854e89400_0, 0;
    %pushi/vec4 0, 0, 1;
    %assign/vec4 v0x854e895e0_0, 0;
    %pushi/vec4 0, 0, 1;
    %assign/vec4 v0x854e89680_0, 0;
    %load/vec4 v0x854e8ea80_0;
    %flag_set/vec4 8;
    %jmp/0xz  T_72.0, 8;
    %pushi/vec4 4294967295, 4294967295, 32;
    %assign/vec4 v0x854e8ad00_0, 0;
    %pushi/vec4 4294967295, 4294967295, 32;
    %assign/vec4 v0x854e8ae40_0, 0;
    %pushi/vec4 0, 0, 1;
    %assign/vec4 v0x854e8ada0_0, 0;
    %pushi/vec4 0, 0, 1;
    %assign/vec4 v0x854e8aee0_0, 0;
T_72.0 ;
    %pushi/vec4 4294967295, 4294967295, 32;
    %concati/vec4 4294967295, 4294967295, 32;
    %assign/vec4 v0x854e89d60_0, 0;
    %pushi/vec4 4294967295, 4294967295, 32;
    %concati/vec4 4294967295, 4294967295, 32;
    %assign/vec4 v0x854e89e00_0, 0;
    %pushi/vec4 4294967295, 4294967295, 32;
    %store/vec4 v0x854e8ff20_0, 0, 32;
    %load/vec4 v0x854e8eda0_0;
    %flag_set/vec4 8;
    %flag_get/vec4 8;
    %jmp/0 T_72.2, 8;
    %load/vec4 v0x854e8eee0_0;
    %and;
T_72.2;
    %assign/vec4 v0x854e8b520_0, 0;
    %load/vec4 v0x854e8b520_0;
    %assign/vec4 v0x854e8b5c0_0, 0;
    %pushi/vec4 0, 0, 1;
    %assign/vec4 v0x854e8b3e0_0, 0;
    %load/vec4 v0x854e8b3e0_0;
    %assign/vec4 v0x854e8b480_0, 0;
    %pushi/vec4 0, 0, 1;
    %assign/vec4 v0x854e8b660_0, 0;
    %pushi/vec4 0, 0, 1;
    %assign/vec4 v0x854e919a0_0, 0;
    %pushi/vec4 4294967295, 4294967295, 32;
    %concati/vec4 15, 15, 4;
    %assign/vec4 v0x854e91900_0, 0;
    %load/vec4 v0x854e915e0_0;
    %nor/r;
    %flag_set/vec4 8;
    %jmp/0xz  T_72.3, 8;
    %pushi/vec4 0, 0, 32;
    %assign/vec4 v0x854e914a0_0, 0;
    %pushi/vec4 0, 0, 32;
    %assign/vec4 v0x854e91220_0, 0;
    %pushi/vec4 0, 0, 1;
    %assign/vec4 v0x854e8e940_0, 0;
    %pushi/vec4 0, 0, 1;
    %assign/vec4 v0x854e8e8a0_0, 0;
    %pushi/vec4 0, 0, 1;
    %assign/vec4 v0x854e8e4e0_0, 0;
    %pushi/vec4 0, 0, 1;
    %assign/vec4 v0x854e8e9e0_0, 0;
    %pushi/vec4 0, 0, 1;
    %assign/vec4 v0x854e8e760_0, 0;
    %pushi/vec4 0, 0, 1;
    %assign/vec4 v0x854e8e6c0_0, 0;
    %pushi/vec4 0, 0, 1;
    %assign/vec4 v0x854e8e620_0, 0;
    %pushi/vec4 0, 0, 1;
    %assign/vec4 v0x854e90be0_0, 0;
    %pushi/vec4 0, 0, 1;
    %assign/vec4 v0x854e90b40_0, 0;
    %pushi/vec4 0, 0, 1;
    %assign/vec4 v0x854e8d7c0_0, 0;
    %pushi/vec4 0, 0, 1;
    %assign/vec4 v0x854e8d860_0, 0;
    %pushi/vec4 4294967295, 0, 32;
    %assign/vec4 v0x854e8d900_0, 0;
    %pushi/vec4 0, 0, 32;
    %store/vec4 v0x854e8ff20_0, 0, 32;
    %pushi/vec4 0, 0, 2;
    %assign/vec4 v0x854e8da40_0, 0;
    %pushi/vec4 0, 0, 32;
    %assign/vec4 v0x854e8b700_0, 0;
    %pushi/vec4 0, 0, 32;
    %assign/vec4 v0x854e91860_0, 0;
    %pushi/vec4 1, 0, 1;
    %assign/vec4 v0x854e8e940_0, 0;
    %pushi/vec4 2, 0, 5;
    %assign/vec4 v0x854e8e800_0, 0;
    %pushi/vec4 8176, 0, 32;
    %assign/vec4 v0x854e91400_0, 0;
    %pushi/vec4 64, 0, 8;
    %assign/vec4 v0x854e89ea0_0, 0;
    %jmp T_72.4;
T_72.3 ;
    %load/vec4 v0x854e89ea0_0;
    %dup/vec4;
    %pushi/vec4 128, 0, 8;
    %cmp/u;
    %jmp/1 T_72.5, 6;
    %dup/vec4;
    %pushi/vec4 64, 0, 8;
    %cmp/u;
    %jmp/1 T_72.6, 6;
    %dup/vec4;
    %pushi/vec4 32, 0, 8;
    %cmp/u;
    %jmp/1 T_72.7, 6;
    %dup/vec4;
    %pushi/vec4 16, 0, 8;
    %cmp/u;
    %jmp/1 T_72.8, 6;
    %dup/vec4;
    %pushi/vec4 8, 0, 8;
    %cmp/u;
    %jmp/1 T_72.9, 6;
    %dup/vec4;
    %pushi/vec4 4, 0, 8;
    %cmp/u;
    %jmp/1 T_72.10, 6;
    %dup/vec4;
    %pushi/vec4 2, 0, 8;
    %cmp/u;
    %jmp/1 T_72.11, 6;
    %dup/vec4;
    %pushi/vec4 1, 0, 8;
    %cmp/u;
    %jmp/1 T_72.12, 6;
    %jmp T_72.13;
T_72.5 ;
    %pushi/vec4 1, 0, 1;
    %assign/vec4 v0x854e91a40_0, 0;
    %jmp T_72.13;
T_72.6 ;
    %load/vec4 v0x854e8b520_0;
    %nor/r;
    %flag_set/vec4 8;
    %flag_get/vec4 8;
    %jmp/0 T_72.14, 8;
    %load/vec4 v0x854e8b660_0;
    %nor/r;
    %and;
T_72.14;
    %assign/vec4 v0x854e8eda0_0, 0;
    %pushi/vec4 0, 0, 2;
    %assign/vec4 v0x854e8fc00_0, 0;
    %load/vec4 v0x854e91220_0;
    %store/vec4 v0x854e8a260_0, 0, 32;
    %pushi/vec4 1, 0, 1;
    %dup/vec4;
    %load/vec4 v0x854e8e4e0_0;
    %cmp/u;
    %jmp/1 T_72.15, 6;
    %dup/vec4;
    %load/vec4 v0x854e8e940_0;
    %flag_set/vec4 8;
    %flag_get/vec4 8;
    %jmp/0 T_72.20, 8;
    %load/vec4 v0x854e8e4e0_0;
    %nor/r;
    %and;
T_72.20;
    %cmp/u;
    %jmp/1 T_72.16, 6;
    %dup/vec4;
    %pushi/vec4 0, 0, 1;
    %cmp/u;
    %jmp/1 T_72.17, 6;
    %dup/vec4;
    %pushi/vec4 0, 0, 1;
    %cmp/u;
    %jmp/1 T_72.18, 6;
    %jmp T_72.19;
T_72.15 ;
    %load/vec4 v0x854e8e940_0;
    %flag_set/vec4 8;
    %jmp/0 T_72.21, 8;
    %load/vec4 v0x854e8e8a0_0;
    %flag_set/vec4 9;
    %jmp/0 T_72.23, 9;
    %load/vec4 v0x854e89400_0;
    %jmp/1 T_72.24, 9;
T_72.23 ; End of true expr.
    %load/vec4 v0x854e91400_0;
    %jmp/0 T_72.24, 9;
 ; End of false expr.
    %blend;
T_72.24;
    %pushi/vec4 4294967294, 0, 32;
    %and;
    %jmp/1 T_72.22, 8;
T_72.21 ; End of true expr.
    %load/vec4 v0x854e91220_0;
    %jmp/0 T_72.22, 8;
 ; End of false expr.
    %blend;
T_72.22;
    %store/vec4 v0x854e8a260_0, 0, 32;
    %jmp T_72.19;
T_72.16 ;
    %jmp T_72.19;
T_72.17 ;
    %pushi/vec4 16, 0, 32;
    %store/vec4 v0x854e8a260_0, 0, 32;
    %pushi/vec4 1, 0, 1;
    %assign/vec4 v0x854e8d7c0_0, 0;
    %pushi/vec4 1, 0, 1;
    %assign/vec4 v0x854e8eda0_0, 0;
    %jmp T_72.19;
T_72.18 ;
    %load/vec4 v0x854e8d9a0_0;
    %load/vec4 v0x854e8d900_0;
    %inv;
    %and;
    %assign/vec4 v0x854e8b700_0, 0;
    %load/vec4 v0x854e8ff20_0;
    %load/vec4 v0x854e8d900_0;
    %and;
    %store/vec4 v0x854e8ff20_0, 0, 32;
    %jmp T_72.19;
T_72.19 ;
    %pop/vec4 1;
    %load/vec4 v0x854e8a260_0;
    %assign/vec4 v0x854e914a0_0, 0;
    %load/vec4 v0x854e8a260_0;
    %assign/vec4 v0x854e91220_0, 0;
    %pushi/vec4 0, 0, 1;
    %assign/vec4 v0x854e8e940_0, 0;
    %pushi/vec4 0, 0, 1;
    %assign/vec4 v0x854e8e8a0_0, 0;
    %pushi/vec4 0, 0, 1;
    %assign/vec4 v0x854e8e4e0_0, 0;
    %pushi/vec4 0, 0, 1;
    %assign/vec4 v0x854e8e760_0, 0;
    %pushi/vec4 0, 0, 1;
    %assign/vec4 v0x854e8e6c0_0, 0;
    %pushi/vec4 0, 0, 1;
    %assign/vec4 v0x854e8e620_0, 0;
    %load/vec4 v0x854e8b160_0;
    %assign/vec4 v0x854e8e800_0, 0;
    %load/vec4 v0x854e89cc0_0;
    %assign/vec4 v0x854e8e580_0, 0;
    %load/vec4 v0x854e8b520_0;
    %flag_set/vec4 8;
    %jmp/0xz  T_72.25, 8;
    %load/vec4 v0x854e8d7c0_0;
    %assign/vec4 v0x854e8d860_0, 0;
    %load/vec4 v0x854e8a260_0;
    %load/vec4 v0x854e89cc0_0;
    %flag_set/vec4 8;
    %jmp/0 T_72.27, 8;
    %pushi/vec4 2, 0, 32;
    %jmp/1 T_72.28, 8;
T_72.27 ; End of true expr.
    %pushi/vec4 4, 0, 32;
    %jmp/0 T_72.28, 8;
 ; End of false expr.
    %blend;
T_72.28;
    %add;
    %assign/vec4 v0x854e91220_0, 0;
    %load/vec4 v0x854e8c0a0_0;
    %flag_set/vec4 8;
    %jmp/0xz  T_72.29, 8;
    %pushi/vec4 1, 0, 1;
    %assign/vec4 v0x854e8eda0_0, 0;
    %load/vec4 v0x854e8a260_0;
    %load/vec4 v0x854e8b0c0_0;
    %add;
    %assign/vec4 v0x854e91220_0, 0;
    %pushi/vec4 1, 0, 1;
    %assign/vec4 v0x854e8e4e0_0, 0;
    %jmp T_72.30;
T_72.29 ;
    %pushi/vec4 0, 0, 1;
    %assign/vec4 v0x854e8eda0_0, 0;
    %load/vec4 v0x854e8c140_0;
    %nor/r;
    %flag_set/vec4 8;
    %flag_get/vec4 8;
    %jmp/0 T_72.31, 8;
    %load/vec4 v0x854e8ca00_0;
    %nor/r;
    %and;
T_72.31;
    %assign/vec4 v0x854e8ec60_0, 0;
    %pushi/vec4 32, 0, 8;
    %assign/vec4 v0x854e89ea0_0, 0;
T_72.30 ;
T_72.25 ;
    %jmp T_72.13;
T_72.7 ;
    %pushi/vec4 4294967295, 4294967295, 32;
    %assign/vec4 v0x854e912c0_0, 0;
    %pushi/vec4 4294967295, 4294967295, 32;
    %assign/vec4 v0x854e91360_0, 0;
    %pushi/vec4 1, 0, 1;
    %dup/vec4;
    %pushi/vec4 1, 0, 1;
    %flag_set/vec4 8;
    %flag_get/vec4 8;
    %jmp/0 T_72.46, 8;
    %load/vec4 v0x854e8d4a0_0;
    %and;
T_72.46;
    %cmp/u;
    %jmp/1 T_72.32, 6;
    %dup/vec4;
    %pushi/vec4 0, 0, 1;
    %cmp/u;
    %jmp/1 T_72.33, 6;
    %dup/vec4;
    %load/vec4 v0x854e8df40_0;
    %cmp/u;
    %jmp/1 T_72.34, 6;
    %dup/vec4;
    %pushi/vec4 0, 0, 1;
    %cmp/u;
    %jmp/1 T_72.35, 6;
    %dup/vec4;
    %pushi/vec4 0, 0, 1;
    %cmp/u;
    %jmp/1 T_72.36, 6;
    %dup/vec4;
    %pushi/vec4 0, 0, 1;
    %cmp/u;
    %jmp/1 T_72.37, 6;
    %dup/vec4;
    %pushi/vec4 0, 0, 1;
    %cmp/u;
    %jmp/1 T_72.38, 6;
    %dup/vec4;
    %pushi/vec4 0, 0, 1;
    %cmp/u;
    %jmp/1 T_72.39, 6;
    %dup/vec4;
    %load/vec4 v0x854e8de00_0;
    %flag_set/vec4 8;
    %flag_get/vec4 8;
    %jmp/0 T_72.47, 8;
    %load/vec4 v0x854e8d4a0_0;
    %nor/r;
    %and;
T_72.47;
    %cmp/u;
    %jmp/1 T_72.40, 6;
    %dup/vec4;
    %load/vec4 v0x854e8e260_0;
    %flag_set/vec4 8;
    %flag_get/vec4 8;
    %jmp/0 T_72.48, 8;
    %pushi/vec4 1, 0, 1;
    %and;
T_72.48;
    %cmp/u;
    %jmp/1 T_72.41, 6;
    %dup/vec4;
    %load/vec4 v0x854e8dd60_0;
    %cmp/u;
    %jmp/1 T_72.42, 6;
    %dup/vec4;
    %load/vec4 v0x854e8e260_0;
    %flag_set/vec4 8;
    %flag_get/vec4 8;
    %jmp/0 T_72.49, 8;
    %pushi/vec4 0, 0, 1;
    %and;
T_72.49;
    %cmp/u;
    %jmp/1 T_72.43, 6;
    %load/vec4 v0x854e89fe0_0;
    %assign/vec4 v0x854e912c0_0, 0;
    %load/vec4 v0x854e89fe0_0;
    %assign/vec4 v0x854e8ad00_0, 0;
    %pushi/vec4 1, 0, 1;
    %assign/vec4 v0x854e8ada0_0, 0;
    %load/vec4 v0x854e8a080_0;
    %pad/u 5;
    %assign/vec4 v0x854e91540_0, 0;
    %load/vec4 v0x854e8a080_0;
    %assign/vec4 v0x854e91360_0, 0;
    %load/vec4 v0x854e8a080_0;
    %assign/vec4 v0x854e8ae40_0, 0;
    %pushi/vec4 1, 0, 1;
    %assign/vec4 v0x854e8aee0_0, 0;
    %pushi/vec4 1, 0, 1;
    %dup/vec4;
    %load/vec4 v0x854e8e120_0;
    %cmp/u;
    %jmp/1 T_72.50, 6;
    %dup/vec4;
    %load/vec4 v0x854e8e1c0_0;
    %flag_set/vec4 8;
    %flag_get/vec4 8;
    %jmp/0 T_72.54, 8;
    %pushi/vec4 1, 0, 1;
    %and;
T_72.54;
    %cmp/u;
    %jmp/1 T_72.51, 6;
    %load/vec4 v0x854e8ec60_0;
    %assign/vec4 v0x854e8eda0_0, 0;
    %pushi/vec4 8, 0, 8;
    %assign/vec4 v0x854e89ea0_0, 0;
    %jmp T_72.53;
T_72.50 ;
    %pushi/vec4 2, 0, 8;
    %assign/vec4 v0x854e89ea0_0, 0;
    %pushi/vec4 1, 0, 1;
    %assign/vec4 v0x854e8eda0_0, 0;
    %jmp T_72.53;
T_72.51 ;
    %pushi/vec4 4, 0, 8;
    %assign/vec4 v0x854e89ea0_0, 0;
    %jmp T_72.53;
T_72.53 ;
    %pop/vec4 1;
    %jmp T_72.45;
T_72.32 ;
    %pushi/vec4 128, 0, 8;
    %assign/vec4 v0x854e89ea0_0, 0;
    %jmp T_72.45;
T_72.33 ;
    %pushi/vec4 1, 0, 1;
    %dup/vec4;
    %load/vec4 v0x854e8c780_0;
    %cmp/u;
    %jmp/1 T_72.55, 6;
    %dup/vec4;
    %load/vec4 v0x854e8c820_0;
    %flag_set/vec4 8;
    %flag_get/vec4 8;
    %jmp/0 T_72.60, 8;
    %pushi/vec4 0, 0, 1;
    %and;
T_72.60;
    %cmp/u;
    %jmp/1 T_72.56, 6;
    %dup/vec4;
    %load/vec4 v0x854e8c8c0_0;
    %cmp/u;
    %jmp/1 T_72.57, 6;
    %dup/vec4;
    %load/vec4 v0x854e8c960_0;
    %flag_set/vec4 8;
    %flag_get/vec4 8;
    %jmp/0 T_72.61, 8;
    %pushi/vec4 0, 0, 1;
    %and;
T_72.61;
    %cmp/u;
    %jmp/1 T_72.58, 6;
    %jmp T_72.59;
T_72.55 ;
    %load/vec4 v0x854e89d60_0;
    %parti/s 32, 0, 2;
    %assign/vec4 v0x854e91400_0, 0;
    %jmp T_72.59;
T_72.56 ;
    %load/vec4 v0x854e89d60_0;
    %parti/s 32, 32, 7;
    %assign/vec4 v0x854e91400_0, 0;
    %jmp T_72.59;
T_72.57 ;
    %load/vec4 v0x854e89e00_0;
    %parti/s 32, 0, 2;
    %assign/vec4 v0x854e91400_0, 0;
    %jmp T_72.59;
T_72.58 ;
    %load/vec4 v0x854e89e00_0;
    %parti/s 32, 32, 7;
    %assign/vec4 v0x854e91400_0, 0;
    %jmp T_72.59;
T_72.59 ;
    %pop/vec4 1;
    %pushi/vec4 1, 0, 1;
    %assign/vec4 v0x854e8e940_0, 0;
    %pushi/vec4 64, 0, 8;
    %assign/vec4 v0x854e89ea0_0, 0;
    %jmp T_72.45;
T_72.34 ;
    %load/vec4 v0x854e8c460_0;
    %flag_set/vec4 8;
    %jmp/0 T_72.62, 8;
    %pushi/vec4 0, 0, 32;
    %jmp/1 T_72.63, 8;
T_72.62 ; End of true expr.
    %load/vec4 v0x854e914a0_0;
    %jmp/0 T_72.63, 8;
 ; End of false expr.
    %blend;
T_72.63;
    %assign/vec4 v0x854e912c0_0, 0;
    %load/vec4 v0x854e8b020_0;
    %assign/vec4 v0x854e91360_0, 0;
    %load/vec4 v0x854e8ec60_0;
    %assign/vec4 v0x854e8eda0_0, 0;
    %pushi/vec4 8, 0, 8;
    %assign/vec4 v0x854e89ea0_0, 0;
    %jmp T_72.45;
T_72.35 ;
    %load/vec4 v0x854e89fe0_0;
    %assign/vec4 v0x854e91400_0, 0;
    %load/vec4 v0x854e89fe0_0;
    %assign/vec4 v0x854e8ad00_0, 0;
    %pushi/vec4 1, 0, 1;
    %assign/vec4 v0x854e8ada0_0, 0;
    %pushi/vec4 1, 0, 1;
    %assign/vec4 v0x854e8e940_0, 0;
    %pushi/vec4 64, 0, 8;
    %assign/vec4 v0x854e89ea0_0, 0;
    %jmp T_72.45;
T_72.36 ;
    %load/vec4 v0x854e89fe0_0;
    %assign/vec4 v0x854e91400_0, 0;
    %load/vec4 v0x854e89fe0_0;
    %assign/vec4 v0x854e8ad00_0, 0;
    %pushi/vec4 1, 0, 1;
    %assign/vec4 v0x854e8ada0_0, 0;
    %load/vec4 v0x854e8e800_0;
    %pad/u 32;
    %pushi/vec4 32, 0, 32;
    %or;
    %pad/u 5;
    %assign/vec4 v0x854e8e800_0, 0;
    %pushi/vec4 1, 0, 1;
    %assign/vec4 v0x854e8e940_0, 0;
    %pushi/vec4 64, 0, 8;
    %assign/vec4 v0x854e89ea0_0, 0;
    %jmp T_72.45;
T_72.37 ;
    %pushi/vec4 0, 0, 32;
    %assign/vec4 v0x854e8b700_0, 0;
    %pushi/vec4 0, 0, 1;
    %assign/vec4 v0x854e8d7c0_0, 0;
    %pushi/vec4 1, 0, 1;
    %assign/vec4 v0x854e8e4e0_0, 0;
    %pushi/vec4 1, 0, 1;
    %assign/vec4 v0x854e8e940_0, 0;
    %load/vec4 v0x854e89fe0_0;
    %pushi/vec4 4294967294, 0, 32;
    %and;
    %assign/vec4 v0x854e91400_0, 0;
    %load/vec4 v0x854e89fe0_0;
    %assign/vec4 v0x854e8ad00_0, 0;
    %pushi/vec4 1, 0, 1;
    %assign/vec4 v0x854e8ada0_0, 0;
    %pushi/vec4 64, 0, 8;
    %assign/vec4 v0x854e89ea0_0, 0;
    %jmp T_72.45;
T_72.38 ;
    %pushi/vec4 1, 0, 1;
    %assign/vec4 v0x854e8e940_0, 0;
    %load/vec4 v0x854e8d900_0;
    %assign/vec4 v0x854e91400_0, 0;
    %load/vec4 v0x854e89fe0_0;
    %pushi/vec4 0, 0, 32;
    %or;
    %assign/vec4 v0x854e8d900_0, 0;
    %load/vec4 v0x854e89fe0_0;
    %assign/vec4 v0x854e8ad00_0, 0;
    %pushi/vec4 1, 0, 1;
    %assign/vec4 v0x854e8ada0_0, 0;
    %pushi/vec4 64, 0, 8;
    %assign/vec4 v0x854e89ea0_0, 0;
    %jmp T_72.45;
T_72.39 ;
    %pushi/vec4 1, 0, 1;
    %assign/vec4 v0x854e8e940_0, 0;
    %load/vec4 v0x854e91860_0;
    %assign/vec4 v0x854e91400_0, 0;
    %load/vec4 v0x854e89fe0_0;
    %assign/vec4 v0x854e91860_0, 0;
    %load/vec4 v0x854e89fe0_0;
    %assign/vec4 v0x854e8ad00_0, 0;
    %pushi/vec4 1, 0, 1;
    %assign/vec4 v0x854e8ada0_0, 0;
    %pushi/vec4 64, 0, 8;
    %assign/vec4 v0x854e89ea0_0, 0;
    %jmp T_72.45;
T_72.40 ;
    %load/vec4 v0x854e89fe0_0;
    %assign/vec4 v0x854e912c0_0, 0;
    %load/vec4 v0x854e89fe0_0;
    %assign/vec4 v0x854e8ad00_0, 0;
    %pushi/vec4 1, 0, 1;
    %assign/vec4 v0x854e8ada0_0, 0;
    %pushi/vec4 1, 0, 8;
    %assign/vec4 v0x854e89ea0_0, 0;
    %pushi/vec4 1, 0, 1;
    %assign/vec4 v0x854e8eda0_0, 0;
    %jmp T_72.45;
T_72.41 ;
    %load/vec4 v0x854e89fe0_0;
    %assign/vec4 v0x854e912c0_0, 0;
    %load/vec4 v0x854e89fe0_0;
    %assign/vec4 v0x854e8ad00_0, 0;
    %pushi/vec4 1, 0, 1;
    %assign/vec4 v0x854e8ada0_0, 0;
    %load/vec4 v0x854e8b340_0;
    %assign/vec4 v0x854e91540_0, 0;
    %pushi/vec4 4, 0, 8;
    %assign/vec4 v0x854e89ea0_0, 0;
    %jmp T_72.45;
T_72.42 ;
    %load/vec4 v0x854e89fe0_0;
    %assign/vec4 v0x854e912c0_0, 0;
    %load/vec4 v0x854e89fe0_0;
    %assign/vec4 v0x854e8ad00_0, 0;
    %pushi/vec4 1, 0, 1;
    %assign/vec4 v0x854e8ada0_0, 0;
    %load/vec4 v0x854e8e260_0;
    %flag_set/vec4 9;
    %flag_get/vec4 9;
    %jmp/0 T_72.66, 9;
    %pushi/vec4 0, 0, 1;
    %and;
T_72.66;
    %flag_set/vec4 8;
    %jmp/0 T_72.64, 8;
    %load/vec4 v0x854e8b340_0;
    %pad/u 32;
    %jmp/1 T_72.65, 8;
T_72.64 ; End of true expr.
    %load/vec4 v0x854e8b020_0;
    %jmp/0 T_72.65, 8;
 ; End of false expr.
    %blend;
T_72.65;
    %assign/vec4 v0x854e91360_0, 0;
    %load/vec4 v0x854e8ec60_0;
    %assign/vec4 v0x854e8eda0_0, 0;
    %pushi/vec4 8, 0, 8;
    %assign/vec4 v0x854e89ea0_0, 0;
    %jmp T_72.45;
T_72.43 ;
    %load/vec4 v0x854e89fe0_0;
    %assign/vec4 v0x854e912c0_0, 0;
    %load/vec4 v0x854e89fe0_0;
    %assign/vec4 v0x854e8ad00_0, 0;
    %pushi/vec4 1, 0, 1;
    %assign/vec4 v0x854e8ada0_0, 0;
    %load/vec4 v0x854e8e260_0;
    %flag_set/vec4 9;
    %flag_get/vec4 9;
    %jmp/0 T_72.69, 9;
    %pushi/vec4 0, 0, 1;
    %and;
T_72.69;
    %flag_set/vec4 8;
    %jmp/0 T_72.67, 8;
    %load/vec4 v0x854e8b340_0;
    %pad/u 32;
    %jmp/1 T_72.68, 8;
T_72.67 ; End of true expr.
    %load/vec4 v0x854e8b020_0;
    %jmp/0 T_72.68, 8;
 ; End of false expr.
    %blend;
T_72.68;
    %assign/vec4 v0x854e91360_0, 0;
    %load/vec4 v0x854e8ec60_0;
    %assign/vec4 v0x854e8eda0_0, 0;
    %pushi/vec4 8, 0, 8;
    %assign/vec4 v0x854e89ea0_0, 0;
    %jmp T_72.45;
T_72.45 ;
    %pop/vec4 1;
    %jmp T_72.13;
T_72.8 ;
    %load/vec4 v0x854e8a080_0;
    %pad/u 5;
    %assign/vec4 v0x854e91540_0, 0;
    %load/vec4 v0x854e8a080_0;
    %assign/vec4 v0x854e91360_0, 0;
    %load/vec4 v0x854e8a080_0;
    %assign/vec4 v0x854e8ae40_0, 0;
    %pushi/vec4 1, 0, 1;
    %assign/vec4 v0x854e8aee0_0, 0;
    %pushi/vec4 1, 0, 1;
    %dup/vec4;
    %pushi/vec4 0, 0, 1;
    %cmp/u;
    %jmp/1 T_72.70, 6;
    %dup/vec4;
    %load/vec4 v0x854e8e120_0;
    %cmp/u;
    %jmp/1 T_72.71, 6;
    %dup/vec4;
    %load/vec4 v0x854e8e1c0_0;
    %flag_set/vec4 8;
    %flag_get/vec4 8;
    %jmp/0 T_72.75, 8;
    %pushi/vec4 1, 0, 1;
    %and;
T_72.75;
    %cmp/u;
    %jmp/1 T_72.72, 6;
    %load/vec4 v0x854e8ec60_0;
    %assign/vec4 v0x854e8eda0_0, 0;
    %pushi/vec4 8, 0, 8;
    %assign/vec4 v0x854e89ea0_0, 0;
    %jmp T_72.74;
T_72.70 ;
    %pushi/vec4 1, 0, 1;
    %assign/vec4 v0x854e90be0_0, 0;
    %load/vec4 v0x854e90460_0;
    %flag_set/vec4 8;
    %jmp/0xz  T_72.76, 8;
    %pushi/vec4 1, 0, 1;
    %assign/vec4 v0x854e8eda0_0, 0;
    %pushi/vec4 0, 0, 1;
    %assign/vec4 v0x854e90be0_0, 0;
    %load/vec4 v0x854e903c0_0;
    %assign/vec4 v0x854e91400_0, 0;
    %load/vec4 v0x854e905a0_0;
    %assign/vec4 v0x854e8e940_0, 0;
    %pushi/vec4 64, 0, 8;
    %assign/vec4 v0x854e89ea0_0, 0;
    %jmp T_72.77;
T_72.76 ;
    %pushi/vec4 1, 0, 1;
    %flag_set/vec4 9;
    %flag_get/vec4 9;
    %jmp/0 T_72.80, 9;
    %load/vec4 v0x854e90b40_0;
    %flag_set/vec4 9;
    %flag_get/vec4 9;
    %jmp/1 T_72.81, 9;
    %load/vec4 v0x854e8be80_0;
    %or;
T_72.81;
    %and;
T_72.80;
    %flag_set/vec4 8;
    %jmp/0xz  T_72.78, 8;
    %pushi/vec4 0, 0, 1;
    %assign/vec4 v0x854e90be0_0, 0;
    %pushi/vec4 128, 0, 8;
    %assign/vec4 v0x854e89ea0_0, 0;
T_72.78 ;
T_72.77 ;
    %jmp T_72.74;
T_72.71 ;
    %pushi/vec4 2, 0, 8;
    %assign/vec4 v0x854e89ea0_0, 0;
    %pushi/vec4 1, 0, 1;
    %assign/vec4 v0x854e8eda0_0, 0;
    %jmp T_72.74;
T_72.72 ;
    %pushi/vec4 4, 0, 8;
    %assign/vec4 v0x854e89ea0_0, 0;
    %jmp T_72.74;
T_72.74 ;
    %pop/vec4 1;
    %jmp T_72.13;
T_72.9 ;
    %load/vec4 v0x854e914a0_0;
    %load/vec4 v0x854e8b020_0;
    %add;
    %assign/vec4 v0x854e91400_0, 0;
    %load/vec4 v0x854e8dc20_0;
    %flag_set/vec4 8;
    %jmp/0xz  T_72.82, 8;
    %pushi/vec4 0, 0, 5;
    %assign/vec4 v0x854e8e800_0, 0;
    %load/vec4 v0x854e892c0_0;
    %assign/vec4 v0x854e8e940_0, 0;
    %load/vec4 v0x854e892c0_0;
    %assign/vec4 v0x854e8e4e0_0, 0;
    %load/vec4 v0x854e8eee0_0;
    %flag_set/vec4 8;
    %jmp/0xz  T_72.84, 8;
    %pushi/vec4 64, 0, 8;
    %assign/vec4 v0x854e89ea0_0, 0;
T_72.84 ;
    %load/vec4 v0x854e892c0_0;
    %flag_set/vec4 8;
    %jmp/0xz  T_72.86, 8;
    %pushi/vec4 0, 0, 1;
    %assign/vec4 v0x854e8b520_0, 0;
    %pushi/vec4 1, 0, 1;
    %store/vec4 v0x854e91720_0, 0, 1;
T_72.86 ;
    %jmp T_72.83;
T_72.82 ;
    %load/vec4 v0x854e8c140_0;
    %assign/vec4 v0x854e8e4e0_0, 0;
    %pushi/vec4 1, 0, 1;
    %assign/vec4 v0x854e8e940_0, 0;
    %pushi/vec4 1, 0, 1;
    %assign/vec4 v0x854e8e8a0_0, 0;
    %pushi/vec4 64, 0, 8;
    %assign/vec4 v0x854e89ea0_0, 0;
T_72.83 ;
    %jmp T_72.13;
T_72.10 ;
    %pushi/vec4 1, 0, 1;
    %assign/vec4 v0x854e8e940_0, 0;
    %load/vec4 v0x854e91540_0;
    %pad/u 32;
    %cmpi/e 0, 0, 32;
    %jmp/0xz  T_72.88, 4;
    %load/vec4 v0x854e912c0_0;
    %assign/vec4 v0x854e91400_0, 0;
    %load/vec4 v0x854e8ec60_0;
    %assign/vec4 v0x854e8eda0_0, 0;
    %pushi/vec4 64, 0, 8;
    %assign/vec4 v0x854e89ea0_0, 0;
    %jmp T_72.89;
T_72.88 ;
    %pushi/vec4 1, 0, 1;
    %flag_set/vec4 9;
    %flag_get/vec4 9;
    %jmp/0 T_72.92, 9;
    %pushi/vec4 4, 0, 32;
    %load/vec4 v0x854e91540_0;
    %pad/u 32;
    %cmp/u;
    %flag_get/vec4 4;
    %flag_get/vec4 5;
    %or;
    %and;
T_72.92;
    %flag_set/vec4 8;
    %jmp/0xz  T_72.90, 8;
    %pushi/vec4 1, 0, 1;
    %dup/vec4;
    %load/vec4 v0x854e8cd20_0;
    %flag_set/vec4 8;
    %flag_get/vec4 8;
    %jmp/1 T_72.97, 8;
    %load/vec4 v0x854e8cc80_0;
    %or;
T_72.97;
    %cmp/u;
    %jmp/1 T_72.93, 6;
    %dup/vec4;
    %load/vec4 v0x854e8d220_0;
    %flag_set/vec4 8;
    %flag_get/vec4 8;
    %jmp/1 T_72.98, 8;
    %load/vec4 v0x854e8d180_0;
    %or;
T_72.98;
    %cmp/u;
    %jmp/1 T_72.94, 6;
    %dup/vec4;
    %load/vec4 v0x854e8d0e0_0;
    %flag_set/vec4 8;
    %flag_get/vec4 8;
    %jmp/1 T_72.99, 8;
    %load/vec4 v0x854e8d040_0;
    %or;
T_72.99;
    %cmp/u;
    %jmp/1 T_72.95, 6;
    %jmp T_72.96;
T_72.93 ;
    %load/vec4 v0x854e912c0_0;
    %ix/load 4, 4, 0;
    %flag_set/imm 4, 0;
    %shiftl 4;
    %assign/vec4 v0x854e912c0_0, 0;
    %jmp T_72.96;
T_72.94 ;
    %load/vec4 v0x854e912c0_0;
    %ix/load 4, 4, 0;
    %flag_set/imm 4, 0;
    %shiftr 4;
    %assign/vec4 v0x854e912c0_0, 0;
    %jmp T_72.96;
T_72.95 ;
    %load/vec4 v0x854e912c0_0;
    %ix/load 4, 4, 0;
    %flag_set/imm 4, 0;
    %shiftr/s 4;
    %assign/vec4 v0x854e912c0_0, 0;
    %jmp T_72.96;
T_72.96 ;
    %pop/vec4 1;
    %load/vec4 v0x854e91540_0;
    %subi 4, 0, 5;
    %assign/vec4 v0x854e91540_0, 0;
    %jmp T_72.91;
T_72.90 ;
    %pushi/vec4 1, 0, 1;
    %dup/vec4;
    %load/vec4 v0x854e8cd20_0;
    %flag_set/vec4 8;
    %flag_get/vec4 8;
    %jmp/1 T_72.104, 8;
    %load/vec4 v0x854e8cc80_0;
    %or;
T_72.104;
    %cmp/u;
    %jmp/1 T_72.100, 6;
    %dup/vec4;
    %load/vec4 v0x854e8d220_0;
    %flag_set/vec4 8;
    %flag_get/vec4 8;
    %jmp/1 T_72.105, 8;
    %load/vec4 v0x854e8d180_0;
    %or;
T_72.105;
    %cmp/u;
    %jmp/1 T_72.101, 6;
    %dup/vec4;
    %load/vec4 v0x854e8d0e0_0;
    %flag_set/vec4 8;
    %flag_get/vec4 8;
    %jmp/1 T_72.106, 8;
    %load/vec4 v0x854e8d040_0;
    %or;
T_72.106;
    %cmp/u;
    %jmp/1 T_72.102, 6;
    %jmp T_72.103;
T_72.100 ;
    %load/vec4 v0x854e912c0_0;
    %ix/load 4, 1, 0;
    %flag_set/imm 4, 0;
    %shiftl 4;
    %assign/vec4 v0x854e912c0_0, 0;
    %jmp T_72.103;
T_72.101 ;
    %load/vec4 v0x854e912c0_0;
    %ix/load 4, 1, 0;
    %flag_set/imm 4, 0;
    %shiftr 4;
    %assign/vec4 v0x854e912c0_0, 0;
    %jmp T_72.103;
T_72.102 ;
    %load/vec4 v0x854e912c0_0;
    %ix/load 4, 1, 0;
    %flag_set/imm 4, 0;
    %shiftr/s 4;
    %assign/vec4 v0x854e912c0_0, 0;
    %jmp T_72.103;
T_72.103 ;
    %pop/vec4 1;
    %load/vec4 v0x854e91540_0;
    %subi 1, 0, 5;
    %assign/vec4 v0x854e91540_0, 0;
T_72.91 ;
T_72.89 ;
    %jmp T_72.13;
T_72.11 ;
    %load/vec4 v0x854e8ec60_0;
    %nor/r;
    %flag_set/vec4 8;
    %jmp/1 T_72.109, 8;
    %load/vec4 v0x854e8eee0_0;
    %flag_set/vec4 9;
    %flag_or 8, 9;
T_72.109;
    %jmp/0xz  T_72.107, 8;
    %load/vec4 v0x854e8ee40_0;
    %nor/r;
    %flag_set/vec4 8;
    %jmp/0xz  T_72.110, 8;
    %pushi/vec4 1, 0, 1;
    %dup/vec4;
    %load/vec4 v0x854e8caa0_0;
    %cmp/u;
    %jmp/1 T_72.112, 6;
    %dup/vec4;
    %load/vec4 v0x854e8cbe0_0;
    %cmp/u;
    %jmp/1 T_72.113, 6;
    %dup/vec4;
    %load/vec4 v0x854e8d360_0;
    %cmp/u;
    %jmp/1 T_72.114, 6;
    %jmp T_72.115;
T_72.112 ;
    %pushi/vec4 2, 0, 2;
    %assign/vec4 v0x854e8fc00_0, 0;
    %jmp T_72.115;
T_72.113 ;
    %pushi/vec4 1, 0, 2;
    %assign/vec4 v0x854e8fc00_0, 0;
    %jmp T_72.115;
T_72.114 ;
    %pushi/vec4 0, 0, 2;
    %assign/vec4 v0x854e8fc00_0, 0;
    %jmp T_72.115;
T_72.115 ;
    %pop/vec4 1;
    %load/vec4 v0x854e912c0_0;
    %load/vec4 v0x854e8b020_0;
    %add;
    %assign/vec4 v0x854e912c0_0, 0;
    %pushi/vec4 1, 0, 1;
    %store/vec4 v0x854e917c0_0, 0, 1;
T_72.110 ;
    %load/vec4 v0x854e8ec60_0;
    %nor/r;
    %flag_set/vec4 9;
    %flag_get/vec4 9;
    %jmp/0 T_72.118, 9;
    %load/vec4 v0x854e8eee0_0;
    %and;
T_72.118;
    %flag_set/vec4 8;
    %jmp/0xz  T_72.116, 8;
    %pushi/vec4 64, 0, 8;
    %assign/vec4 v0x854e89ea0_0, 0;
    %pushi/vec4 1, 0, 1;
    %assign/vec4 v0x854e8b520_0, 0;
    %pushi/vec4 1, 0, 1;
    %assign/vec4 v0x854e8b3e0_0, 0;
T_72.116 ;
T_72.107 ;
    %jmp T_72.13;
T_72.12 ;
    %pushi/vec4 1, 0, 1;
    %assign/vec4 v0x854e8e940_0, 0;
    %load/vec4 v0x854e8ec60_0;
    %nor/r;
    %flag_set/vec4 8;
    %jmp/1 T_72.121, 8;
    %load/vec4 v0x854e8eee0_0;
    %flag_set/vec4 9;
    %flag_or 8, 9;
T_72.121;
    %jmp/0xz  T_72.119, 8;
    %load/vec4 v0x854e8ed00_0;
    %nor/r;
    %flag_set/vec4 8;
    %jmp/0xz  T_72.122, 8;
    %pushi/vec4 1, 0, 1;
    %dup/vec4;
    %load/vec4 v0x854e8c1e0_0;
    %flag_set/vec4 8;
    %flag_get/vec4 8;
    %jmp/1 T_72.128, 8;
    %load/vec4 v0x854e8c280_0;
    %or;
T_72.128;
    %cmp/u;
    %jmp/1 T_72.124, 6;
    %dup/vec4;
    %load/vec4 v0x854e8c320_0;
    %flag_set/vec4 8;
    %flag_get/vec4 8;
    %jmp/1 T_72.129, 8;
    %load/vec4 v0x854e8c3c0_0;
    %or;
T_72.129;
    %cmp/u;
    %jmp/1 T_72.125, 6;
    %dup/vec4;
    %load/vec4 v0x854e8c500_0;
    %cmp/u;
    %jmp/1 T_72.126, 6;
    %jmp T_72.127;
T_72.124 ;
    %pushi/vec4 2, 0, 2;
    %assign/vec4 v0x854e8fc00_0, 0;
    %jmp T_72.127;
T_72.125 ;
    %pushi/vec4 1, 0, 2;
    %assign/vec4 v0x854e8fc00_0, 0;
    %jmp T_72.127;
T_72.126 ;
    %pushi/vec4 0, 0, 2;
    %assign/vec4 v0x854e8fc00_0, 0;
    %jmp T_72.127;
T_72.127 ;
    %pop/vec4 1;
    %load/vec4 v0x854e8dea0_0;
    %assign/vec4 v0x854e8e760_0, 0;
    %load/vec4 v0x854e8c320_0;
    %assign/vec4 v0x854e8e6c0_0, 0;
    %load/vec4 v0x854e8c1e0_0;
    %assign/vec4 v0x854e8e620_0, 0;
    %load/vec4 v0x854e912c0_0;
    %load/vec4 v0x854e8b020_0;
    %add;
    %assign/vec4 v0x854e912c0_0, 0;
    %pushi/vec4 1, 0, 1;
    %store/vec4 v0x854e91680_0, 0, 1;
T_72.122 ;
    %load/vec4 v0x854e8ec60_0;
    %nor/r;
    %flag_set/vec4 9;
    %flag_get/vec4 9;
    %jmp/0 T_72.132, 9;
    %load/vec4 v0x854e8eee0_0;
    %and;
T_72.132;
    %flag_set/vec4 8;
    %jmp/0xz  T_72.130, 8;
    %pushi/vec4 1, 0, 1;
    %dup/vec4;
    %load/vec4 v0x854e8e760_0;
    %cmp/u;
    %jmp/1 T_72.133, 6;
    %dup/vec4;
    %load/vec4 v0x854e8e6c0_0;
    %cmp/u;
    %jmp/1 T_72.134, 6;
    %dup/vec4;
    %load/vec4 v0x854e8e620_0;
    %cmp/u;
    %jmp/1 T_72.135, 6;
    %jmp T_72.136;
T_72.133 ;
    %load/vec4 v0x854e8f8e0_0;
    %assign/vec4 v0x854e91400_0, 0;
    %jmp T_72.136;
T_72.134 ;
    %load/vec4 v0x854e8f8e0_0;
    %parti/s 16, 0, 2;
    %pad/s 32;
    %assign/vec4 v0x854e91400_0, 0;
    %jmp T_72.136;
T_72.135 ;
    %load/vec4 v0x854e8f8e0_0;
    %parti/s 8, 0, 2;
    %pad/s 32;
    %assign/vec4 v0x854e91400_0, 0;
    %jmp T_72.136;
T_72.136 ;
    %pop/vec4 1;
    %pushi/vec4 1, 0, 1;
    %assign/vec4 v0x854e8b520_0, 0;
    %pushi/vec4 1, 0, 1;
    %assign/vec4 v0x854e8b3e0_0, 0;
    %pushi/vec4 64, 0, 8;
    %assign/vec4 v0x854e89ea0_0, 0;
T_72.130 ;
T_72.119 ;
    %jmp T_72.13;
T_72.13 ;
    %pop/vec4 1;
T_72.4 ;
    %pushi/vec4 1, 0, 1;
    %flag_set/vec4 10;
    %flag_get/vec4 10;
    %jmp/0 T_72.140, 10;
    %load/vec4 v0x854e915e0_0;
    %and;
T_72.140;
    %flag_set/vec4 9;
    %flag_get/vec4 9;
    %jmp/0 T_72.139, 9;
    %load/vec4 v0x854e8ed00_0;
    %flag_set/vec4 9;
    %flag_get/vec4 9;
    %jmp/1 T_72.141, 9;
    %load/vec4 v0x854e8ee40_0;
    %or;
T_72.141;
    %and;
T_72.139;
    %flag_set/vec4 8;
    %jmp/0xz  T_72.137, 8;
    %load/vec4 v0x854e8fc00_0;
    %pad/u 32;
    %cmpi/e 0, 0, 32;
    %flag_get/vec4 4;
    %jmp/0 T_72.144, 4;
    %load/vec4 v0x854e912c0_0;
    %parti/s 2, 0, 2;
    %pad/u 32;
    %pushi/vec4 0, 0, 32;
    %cmp/ne;
    %flag_get/vec4 4;
    %and;
T_72.144;
    %flag_set/vec4 8;
    %jmp/0xz  T_72.142, 8;
    %pushi/vec4 128, 0, 8;
    %assign/vec4 v0x854e89ea0_0, 0;
T_72.142 ;
    %load/vec4 v0x854e8fc00_0;
    %pad/u 32;
    %cmpi/e 1, 0, 32;
    %flag_get/vec4 4;
    %jmp/0 T_72.147, 4;
    %load/vec4 v0x854e912c0_0;
    %parti/s 1, 0, 2;
    %pad/u 32;
    %pushi/vec4 0, 0, 32;
    %cmp/ne;
    %flag_get/vec4 4;
    %and;
T_72.147;
    %flag_set/vec4 8;
    %jmp/0xz  T_72.145, 8;
    %pushi/vec4 128, 0, 8;
    %assign/vec4 v0x854e89ea0_0, 0;
T_72.145 ;
T_72.137 ;
    %pushi/vec4 1, 0, 1;
    %flag_set/vec4 11;
    %flag_get/vec4 11;
    %jmp/0 T_72.152, 11;
    %load/vec4 v0x854e915e0_0;
    %and;
T_72.152;
    %flag_set/vec4 10;
    %flag_get/vec4 10;
    %jmp/0 T_72.151, 10;
    %load/vec4 v0x854e8eda0_0;
    %and;
T_72.151;
    %flag_set/vec4 9;
    %flag_get/vec4 9;
    %jmp/0 T_72.150, 9;
    %load/vec4 v0x854e914a0_0;
    %parti/s 2, 0, 2;
    %or/r;
    %and;
T_72.150;
    %flag_set/vec4 8;
    %jmp/0xz  T_72.148, 8;
    %pushi/vec4 128, 0, 8;
    %assign/vec4 v0x854e89ea0_0, 0;
T_72.148 ;
    %load/vec4 v0x854e915e0_0;
    %nor/r;
    %flag_set/vec4 8;
    %jmp/1 T_72.155, 8;
    %load/vec4 v0x854e8eee0_0;
    %flag_set/vec4 9;
    %flag_or 8, 9;
T_72.155;
    %jmp/0xz  T_72.153, 8;
    %pushi/vec4 0, 0, 1;
    %assign/vec4 v0x854e8ec60_0, 0;
    %pushi/vec4 0, 0, 1;
    %assign/vec4 v0x854e8eda0_0, 0;
    %pushi/vec4 0, 0, 1;
    %assign/vec4 v0x854e8ed00_0, 0;
    %pushi/vec4 0, 0, 1;
    %assign/vec4 v0x854e8ee40_0, 0;
T_72.153 ;
    %load/vec4 v0x854e91720_0;
    %flag_set/vec4 8;
    %jmp/0xz  T_72.156, 8;
    %pushi/vec4 1, 0, 1;
    %assign/vec4 v0x854e8eda0_0, 0;
T_72.156 ;
    %load/vec4 v0x854e91680_0;
    %flag_set/vec4 8;
    %jmp/0xz  T_72.158, 8;
    %pushi/vec4 1, 0, 1;
    %assign/vec4 v0x854e8ed00_0, 0;
T_72.158 ;
    %load/vec4 v0x854e917c0_0;
    %flag_set/vec4 8;
    %jmp/0xz  T_72.160, 8;
    %pushi/vec4 1, 0, 1;
    %assign/vec4 v0x854e8ee40_0, 0;
T_72.160 ;
    %load/vec4 v0x854e8ff20_0;
    %pushi/vec4 4294967295, 0, 32;
    %and;
    %assign/vec4 v0x854e8d9a0_0, 0;
    %pushi/vec4 4294967295, 4294967295, 32;
    %store/vec4 v0x854e8a260_0, 0, 32;
    %jmp T_72;
    .thread T_72;
    .scope S_0x854e65e00;
T_73 ;
    %wait E_0x8551a98c0;
    %load/vec4 v0x854e93520_0;
    %nor/r;
    %flag_set/vec4 8;
    %jmp/0xz  T_73.0, 8;
    %pushi/vec4 0, 0, 2;
    %assign/vec4 v0x854e93660_0, 0;
    %pushi/vec4 1, 0, 1;
    %assign/vec4 v0x854e93700_0, 0;
    %pushi/vec4 0, 0, 16;
    %assign/vec4 v0x854e933e0_0, 0;
    %pushi/vec4 0, 0, 3;
    %assign/vec4 v0x854e93200_0, 0;
    %pushi/vec4 0, 0, 8;
    %assign/vec4 v0x854e935c0_0, 0;
    %jmp T_73.1;
T_73.0 ;
    %load/vec4 v0x854e93660_0;
    %dup/vec4;
    %pushi/vec4 0, 0, 2;
    %cmp/u;
    %jmp/1 T_73.2, 6;
    %dup/vec4;
    %pushi/vec4 1, 0, 2;
    %cmp/u;
    %jmp/1 T_73.3, 6;
    %dup/vec4;
    %pushi/vec4 2, 0, 2;
    %cmp/u;
    %jmp/1 T_73.4, 6;
    %dup/vec4;
    %pushi/vec4 3, 0, 2;
    %cmp/u;
    %jmp/1 T_73.5, 6;
    %pushi/vec4 0, 0, 2;
    %assign/vec4 v0x854e93660_0, 0;
    %jmp T_73.7;
T_73.2 ;
    %pushi/vec4 1, 0, 1;
    %assign/vec4 v0x854e93700_0, 0;
    %pushi/vec4 0, 0, 16;
    %assign/vec4 v0x854e933e0_0, 0;
    %pushi/vec4 0, 0, 3;
    %assign/vec4 v0x854e93200_0, 0;
    %load/vec4 v0x854e937a0_0;
    %flag_set/vec4 8;
    %jmp/0xz  T_73.8, 8;
    %load/vec4 v0x854e93480_0;
    %assign/vec4 v0x854e935c0_0, 0;
    %pushi/vec4 1, 0, 2;
    %assign/vec4 v0x854e93660_0, 0;
T_73.8 ;
    %jmp T_73.7;
T_73.3 ;
    %pushi/vec4 0, 0, 1;
    %assign/vec4 v0x854e93700_0, 0;
    %load/vec4 v0x854e933e0_0;
    %pad/u 32;
    %cmpi/u 15, 0, 32;
    %jmp/0xz  T_73.10, 5;
    %load/vec4 v0x854e933e0_0;
    %addi 1, 0, 16;
    %assign/vec4 v0x854e933e0_0, 0;
    %jmp T_73.11;
T_73.10 ;
    %pushi/vec4 0, 0, 16;
    %assign/vec4 v0x854e933e0_0, 0;
    %pushi/vec4 2, 0, 2;
    %assign/vec4 v0x854e93660_0, 0;
T_73.11 ;
    %jmp T_73.7;
T_73.4 ;
    %load/vec4 v0x854e935c0_0;
    %load/vec4 v0x854e93200_0;
    %part/u 1;
    %assign/vec4 v0x854e93700_0, 0;
    %load/vec4 v0x854e933e0_0;
    %pad/u 32;
    %cmpi/u 15, 0, 32;
    %jmp/0xz  T_73.12, 5;
    %load/vec4 v0x854e933e0_0;
    %addi 1, 0, 16;
    %assign/vec4 v0x854e933e0_0, 0;
    %jmp T_73.13;
T_73.12 ;
    %pushi/vec4 0, 0, 16;
    %assign/vec4 v0x854e933e0_0, 0;
    %load/vec4 v0x854e93200_0;
    %pad/u 32;
    %cmpi/u 7, 0, 32;
    %jmp/0xz  T_73.14, 5;
    %load/vec4 v0x854e93200_0;
    %addi 1, 0, 3;
    %assign/vec4 v0x854e93200_0, 0;
    %jmp T_73.15;
T_73.14 ;
    %pushi/vec4 0, 0, 3;
    %assign/vec4 v0x854e93200_0, 0;
    %pushi/vec4 3, 0, 2;
    %assign/vec4 v0x854e93660_0, 0;
T_73.15 ;
T_73.13 ;
    %jmp T_73.7;
T_73.5 ;
    %pushi/vec4 1, 0, 1;
    %assign/vec4 v0x854e93700_0, 0;
    %load/vec4 v0x854e933e0_0;
    %pad/u 32;
    %cmpi/u 15, 0, 32;
    %jmp/0xz  T_73.16, 5;
    %load/vec4 v0x854e933e0_0;
    %addi 1, 0, 16;
    %assign/vec4 v0x854e933e0_0, 0;
    %jmp T_73.17;
T_73.16 ;
    %pushi/vec4 0, 0, 16;
    %assign/vec4 v0x854e933e0_0, 0;
    %pushi/vec4 0, 0, 2;
    %assign/vec4 v0x854e93660_0, 0;
T_73.17 ;
    %jmp T_73.7;
T_73.7 ;
    %pop/vec4 1;
T_73.1 ;
    %jmp T_73;
    .thread T_73;
    .scope S_0x854e64d80;
T_74 ;
    %pushi/vec4 0, 0, 32;
    %store/vec4 v0x854e94000_0, 0, 32;
T_74.0 ; Top of for-loop
    %load/vec4 v0x854e94000_0;
    %cmpi/s 2048, 0, 32;
	  %jmp/0xz T_74.1, 5;
    %pushi/vec4 19, 0, 32;
    %ix/getv/s 4, v0x854e94000_0;
    %store/vec4a v0x854e94460, 4, 0;
T_74.2 ; for-loop step statement
    %load/vec4 v0x854e94000_0;
    %addi 1, 0, 32;
    %store/vec4 v0x854e94000_0, 0, 32;
    %jmp T_74.0;
T_74.1 ; for-loop exit label
    %pushi/vec4 0, 0, 32;
    %store/vec4 v0x854e94960_0, 0, 32;
    %pushi/vec4 0, 0, 1;
    %store/vec4 v0x854e94aa0_0, 0, 1;
    %pushi/vec4 0, 0, 8;
    %store/vec4 v0x854e94a00_0, 0, 8;
    %pushi/vec4 0, 0, 1;
    %store/vec4 v0x854e946e0_0, 0, 1;
    %end;
    .thread T_74;
    .scope S_0x854e64d80;
T_75 ;
    %wait E_0x8551a98c0;
    %pushi/vec4 0, 0, 1;
    %assign/vec4 v0x854e94aa0_0, 0;
    %pushi/vec4 0, 0, 1;
    %assign/vec4 v0x854e946e0_0, 0;
    %load/vec4 v0x854e943c0_0;
    %flag_set/vec4 8;
    %jmp/0xz  T_75.0, 8;
    %load/vec4 v0x854e941e0_0;
    %flag_set/vec4 8;
    %jmp/0xz  T_75.2, 8;
    %load/vec4 v0x854e94140_0;
    %load/vec4 v0x854e940a0_0;
    %pad/u 13;
    %ix/vec4 3;
    %ix/load 4, 0, 0; Constant delay
    %assign/vec4/a/d v0x854e94460, 0, 4;
T_75.2 ;
    %jmp T_75.1;
T_75.0 ;
    %load/vec4 v0x854e94780_0;
    %flag_set/vec4 9;
    %flag_get/vec4 9;
    %jmp/0 T_75.6, 9;
    %load/vec4 v0x854e946e0_0;
    %nor/r;
    %and;
T_75.6;
    %flag_set/vec4 8;
    %jmp/0xz  T_75.4, 8;
    %load/vec4 v0x854e93e80_0;
    %flag_set/vec4 8;
    %jmp/0xz  T_75.7, 8;
    %load/vec4 v0x854e948c0_0;
    %cmpi/e 0, 0, 4;
    %jmp/0xz  T_75.9, 4;
    %load/vec4 v0x854e93d40_0;
    %pad/u 13;
    %ix/vec4 4;
    %load/vec4a v0x854e94460, 4;
    %assign/vec4 v0x854e94640_0, 0;
    %jmp T_75.10;
T_75.9 ;
    %load/vec4 v0x854e948c0_0;
    %parti/s 1, 0, 2;
    %flag_set/vec4 8;
    %jmp/0xz  T_75.11, 8;
    %load/vec4 v0x854e94820_0;
    %parti/s 8, 0, 2;
    %load/vec4 v0x854e93d40_0;
    %pad/u 13;
    %ix/vec4 3;
    %ix/load 4, 0, 0; Constant delay
    %assign/vec4/a/d v0x854e94460, 0, 4;
T_75.11 ;
    %load/vec4 v0x854e948c0_0;
    %parti/s 1, 1, 2;
    %flag_set/vec4 8;
    %jmp/0xz  T_75.13, 8;
    %load/vec4 v0x854e94820_0;
    %parti/s 8, 8, 5;
    %load/vec4 v0x854e93d40_0;
    %pad/u 13;
    %ix/vec4 3;
    %ix/load 4, 8, 0; part off
    %ix/load 5, 0, 0; Constant delay
    %assign/vec4/a/d v0x854e94460, 4, 5;
T_75.13 ;
    %load/vec4 v0x854e948c0_0;
    %parti/s 1, 2, 3;
    %flag_set/vec4 8;
    %jmp/0xz  T_75.15, 8;
    %load/vec4 v0x854e94820_0;
    %parti/s 8, 16, 6;
    %load/vec4 v0x854e93d40_0;
    %pad/u 13;
    %ix/vec4 3;
    %ix/load 4, 16, 0; part off
    %ix/load 5, 0, 0; Constant delay
    %assign/vec4/a/d v0x854e94460, 4, 5;
T_75.15 ;
    %load/vec4 v0x854e948c0_0;
    %parti/s 1, 3, 3;
    %flag_set/vec4 8;
    %jmp/0xz  T_75.17, 8;
    %load/vec4 v0x854e94820_0;
    %parti/s 8, 24, 6;
    %load/vec4 v0x854e93d40_0;
    %pad/u 13;
    %ix/vec4 3;
    %ix/load 4, 24, 0; part off
    %ix/load 5, 0, 0; Constant delay
    %assign/vec4/a/d v0x854e94460, 4, 5;
T_75.17 ;
T_75.10 ;
    %pushi/vec4 1, 0, 1;
    %assign/vec4 v0x854e946e0_0, 0;
    %jmp T_75.8;
T_75.7 ;
    %load/vec4 v0x854e93f20_0;
    %flag_set/vec4 8;
    %jmp/0xz  T_75.19, 8;
    %load/vec4 v0x854e94500_0;
    %parti/s 8, 0, 2;
    %dup/vec4;
    %pushi/vec4 0, 0, 8;
    %cmp/u;
    %jmp/1 T_75.21, 6;
    %dup/vec4;
    %pushi/vec4 4, 0, 8;
    %cmp/u;
    %jmp/1 T_75.22, 6;
    %dup/vec4;
    %pushi/vec4 12, 0, 8;
    %cmp/u;
    %jmp/1 T_75.23, 6;
    %pushi/vec4 0, 0, 32;
    %assign/vec4 v0x854e94640_0, 0;
    %pushi/vec4 1, 0, 1;
    %assign/vec4 v0x854e946e0_0, 0;
    %jmp T_75.25;
T_75.21 ;
    %load/vec4 v0x854e948c0_0;
    %cmpi/ne 0, 0, 4;
    %jmp/0xz  T_75.26, 4;
    %load/vec4 v0x854e94820_0;
    %assign/vec4 v0x854e94960_0, 0;
T_75.26 ;
    %load/vec4 v0x854e94960_0;
    %assign/vec4 v0x854e94640_0, 0;
    %pushi/vec4 1, 0, 1;
    %assign/vec4 v0x854e946e0_0, 0;
    %jmp T_75.25;
T_75.22 ;
    %load/vec4 v0x854e948c0_0;
    %cmpi/ne 0, 0, 4;
    %jmp/0xz  T_75.28, 4;
    %load/vec4 v0x854e94820_0;
    %parti/s 8, 0, 2;
    %assign/vec4 v0x854e94a00_0, 0;
    %pushi/vec4 1, 0, 1;
    %assign/vec4 v0x854e94aa0_0, 0;
T_75.28 ;
    %pushi/vec4 0, 0, 32;
    %assign/vec4 v0x854e94640_0, 0;
    %pushi/vec4 1, 0, 1;
    %assign/vec4 v0x854e946e0_0, 0;
    %jmp T_75.25;
T_75.23 ;
    %pushi/vec4 0, 0, 30;
    %load/vec4 v0x854e93b60_0;
    %concat/vec4; draw_concat_vec4
    %assign/vec4 v0x854e94640_0, 0;
    %pushi/vec4 1, 0, 1;
    %assign/vec4 v0x854e946e0_0, 0;
    %jmp T_75.25;
T_75.25 ;
    %pop/vec4 1;
    %jmp T_75.20;
T_75.19 ;
    %pushi/vec4 3735931646, 0, 32;
    %assign/vec4 v0x854e94640_0, 0;
    %pushi/vec4 1, 0, 1;
    %assign/vec4 v0x854e946e0_0, 0;
T_75.20 ;
T_75.8 ;
T_75.4 ;
T_75.1 ;
    %jmp T_75;
    .thread T_75;
    .scope S_0x100c7f970;
T_76 ;
    %pushi/vec4 0, 0, 1;
    %store/vec4 v0x854e95540_0, 0, 1;
    %pushi/vec4 0, 0, 1;
    %store/vec4 v0x854e95860_0, 0, 1;
    %pushi/vec4 1, 0, 1;
    %store/vec4 v0x854e95900_0, 0, 1;
    %pushi/vec4 0, 0, 2;
    %store/vec4 v0x854e954a0_0, 0, 2;
    %end;
    .thread T_76, $init;
    .scope S_0x100c7f970;
T_77 ;
    %delay 5000, 0;
    %load/vec4 v0x854e95540_0;
    %inv;
    %store/vec4 v0x854e95540_0, 0, 1;
    %jmp T_77;
    .thread T_77;
    .scope S_0x100c7f970;
T_78 ;
    %vpi_call/w 4 105 "$dumpfile", "sim/tb_loader.vcd" {0 0 0};
    %vpi_call/w 4 106 "$dumpvars", 32'sb00000000000000000000000000000000, S_0x100c7f970 {0 0 0};
    %pushi/vec4 44041491, 0, 32;
    %ix/load 4, 0, 0;
    %flag_set/imm 4, 0;
    %store/vec4a v0x854e957c0, 4, 0;
    %pushi/vec4 268436919, 0, 32;
    %ix/load 4, 1, 0;
    %flag_set/imm 4, 0;
    %store/vec4a v0x854e957c0, 4, 0;
    %pushi/vec4 10854435, 0, 32;
    %ix/load 4, 2, 0;
    %flag_set/imm 4, 0;
    %store/vec4a v0x854e957c0, 4, 0;
    %pushi/vec4 111, 0, 32;
    %ix/load 4, 3, 0;
    %flag_set/imm 4, 0;
    %store/vec4a v0x854e957c0, 4, 0;
    %pushi/vec4 1, 0, 8;
    %ix/load 4, 0, 0;
    %flag_set/imm 4, 0;
    %store/vec4a v0x854e95360, 4, 0;
    %pushi/vec4 0, 0, 8;
    %ix/load 4, 1, 0;
    %flag_set/imm 4, 0;
    %store/vec4a v0x854e95360, 4, 0;
    %pushi/vec4 0, 0, 8;
    %ix/load 4, 2, 0;
    %flag_set/imm 4, 0;
    %store/vec4a v0x854e95360, 4, 0;
    %pushi/vec4 4, 0, 8;
    %ix/load 4, 3, 0;
    %flag_set/imm 4, 0;
    %store/vec4a v0x854e95360, 4, 0;
    %pushi/vec4 0, 0, 32;
    %store/vec4 v0x854e95a40_0, 0, 32;
T_78.0 ; Top of for-loop
    %load/vec4 v0x854e95a40_0;
    %cmpi/s 4, 0, 32;
	  %jmp/0xz T_78.1, 5;
    %ix/getv/s 4, v0x854e95a40_0;
    %load/vec4a v0x854e957c0, 4;
    %parti/s 8, 0, 2;
    %pushi/vec4 4, 0, 32;
    %load/vec4 v0x854e95a40_0;
    %muli 4, 0, 32;
    %add;
    %addi 0, 0, 32;
    %ix/vec4/s 4;
    %store/vec4a v0x854e95360, 4, 0;
    %ix/getv/s 4, v0x854e95a40_0;
    %load/vec4a v0x854e957c0, 4;
    %parti/s 8, 8, 5;
    %pushi/vec4 4, 0, 32;
    %load/vec4 v0x854e95a40_0;
    %muli 4, 0, 32;
    %add;
    %addi 1, 0, 32;
    %ix/vec4/s 4;
    %store/vec4a v0x854e95360, 4, 0;
    %ix/getv/s 4, v0x854e95a40_0;
    %load/vec4a v0x854e957c0, 4;
    %parti/s 8, 16, 6;
    %pushi/vec4 4, 0, 32;
    %load/vec4 v0x854e95a40_0;
    %muli 4, 0, 32;
    %add;
    %addi 2, 0, 32;
    %ix/vec4/s 4;
    %store/vec4a v0x854e95360, 4, 0;
    %ix/getv/s 4, v0x854e95a40_0;
    %load/vec4a v0x854e957c0, 4;
    %parti/s 8, 24, 6;
    %pushi/vec4 4, 0, 32;
    %load/vec4 v0x854e95a40_0;
    %muli 4, 0, 32;
    %add;
    %addi 3, 0, 32;
    %ix/vec4/s 4;
    %store/vec4a v0x854e95360, 4, 0;
T_78.2 ; for-loop step statement
    %load/vec4 v0x854e95a40_0;
    %addi 1, 0, 32;
    %store/vec4 v0x854e95a40_0, 0, 32;
    %jmp T_78.0;
T_78.1 ; for-loop exit label
    %pushi/vec4 20, 0, 32;
    %store/vec4 v0x854e95400_0, 0, 32;
    %pushi/vec4 65535, 0, 16;
    %store/vec4 v0x854e955e0_0, 0, 16;
    %pushi/vec4 0, 0, 32;
    %store/vec4 v0x854e95720_0, 0, 32;
T_78.3 ; Top of for-loop
    %load/vec4 v0x854e95720_0;
    %load/vec4 v0x854e95400_0;
    %cmp/s;
	  %jmp/0xz T_78.4, 5;
    %load/vec4 v0x854e955e0_0;
    %ix/getv/s 4, v0x854e95720_0;
    %load/vec4a v0x854e95360, 4;
    %store/vec4 v0x854e86da0_0, 0, 8;
    %store/vec4 v0x854e86f80_0, 0, 16;
    %callf/vec4 TD_tb_loader.crc16_next, S_0x854e64c00;
    %store/vec4 v0x854e955e0_0, 0, 16;
T_78.5 ; for-loop step statement
    %load/vec4 v0x854e95720_0;
    %addi 1, 0, 32;
    %store/vec4 v0x854e95720_0, 0, 32;
    %jmp T_78.3;
T_78.4 ; for-loop exit label
    %pushi/vec4 0, 0, 1;
    %store/vec4 v0x854e95860_0, 0, 1;
    %pushi/vec4 20, 0, 32;
T_78.6 %dup/vec4;
    %cmpi/s 0, 0, 32;
    %jmp/1xz T_78.7, 5;
    %jmp/1 T_78.7, 4;
    %subi 1, 0, 32;
    %wait E_0x8551a98c0;
    %jmp T_78.6;
T_78.7 ;
    %pop/vec4 1;
    %pushi/vec4 1, 0, 1;
    %store/vec4 v0x854e95860_0, 0, 1;
    %pushi/vec4 20, 0, 32;
T_78.8 %dup/vec4;
    %cmpi/s 0, 0, 32;
    %jmp/1xz T_78.9, 5;
    %jmp/1 T_78.9, 4;
    %subi 1, 0, 32;
    %wait E_0x8551a98c0;
    %jmp T_78.8;
T_78.9 ;
    %pop/vec4 1;
    %vpi_call/w 4 138 "$display", "[tb] WRITE paketi gonderiliyor (%0d bayt veri)...", v0x854e95400_0 {0 0 0};
    %pushi/vec4 126, 0, 8;
    %store/vec4 v0x854e95180_0, 0, 8;
    %fork TD_tb_loader.uart_send_byte, S_0x854e66100;
    %join;
    %pushi/vec4 0, 0, 32;
    %store/vec4 v0x854e95720_0, 0, 32;
T_78.10 ; Top of for-loop
    %load/vec4 v0x854e95720_0;
    %load/vec4 v0x854e95400_0;
    %cmp/s;
	  %jmp/0xz T_78.11, 5;
    %ix/getv/s 4, v0x854e95720_0;
    %load/vec4a v0x854e95360, 4;
    %store/vec4 v0x854e95180_0, 0, 8;
    %fork TD_tb_loader.uart_send_byte, S_0x854e66100;
    %join;
T_78.12 ; for-loop step statement
    %load/vec4 v0x854e95720_0;
    %addi 1, 0, 32;
    %store/vec4 v0x854e95720_0, 0, 32;
    %jmp T_78.10;
T_78.11 ; for-loop exit label
    %load/vec4 v0x854e955e0_0;
    %parti/s 8, 8, 5;
    %store/vec4 v0x854e95180_0, 0, 8;
    %fork TD_tb_loader.uart_send_byte, S_0x854e66100;
    %join;
    %load/vec4 v0x854e955e0_0;
    %parti/s 8, 0, 2;
    %store/vec4 v0x854e95180_0, 0, 8;
    %fork TD_tb_loader.uart_send_byte, S_0x854e66100;
    %join;
    %fork TD_tb_loader.uart_recv_byte, S_0x854e65f80;
    %join;
    %load/vec4 v0x854e95040_0;
    %store/vec4 v0x854e952c0_0, 0, 8;
    %load/vec4 v0x854e952c0_0;
    %cmpi/e 121, 0, 8;
    %jmp/0xz  T_78.13, 4;
    %vpi_call/w 4 147 "$display", "[tb] WRITE -> ACK (0x79) alindi. OK" {0 0 0};
    %jmp T_78.14;
T_78.13 ;
    %vpi_call/w 4 149 "$display", "[tb] HATA: WRITE yaniti 0x%02x (ACK degil)", v0x854e952c0_0 {0 0 0};
    %vpi_call/w 4 150 "$finish" {0 0 0};
T_78.14 ;
    %pushi/vec4 65535, 0, 16;
    %store/vec4 v0x854e955e0_0, 0, 16;
    %load/vec4 v0x854e955e0_0;
    %pushi/vec4 2, 0, 8;
    %store/vec4 v0x854e86da0_0, 0, 8;
    %store/vec4 v0x854e86f80_0, 0, 16;
    %callf/vec4 TD_tb_loader.crc16_next, S_0x854e64c00;
    %store/vec4 v0x854e955e0_0, 0, 16;
    %vpi_call/w 4 156 "$display", "[tb] RUN paketi gonderiliyor..." {0 0 0};
    %pushi/vec4 126, 0, 8;
    %store/vec4 v0x854e95180_0, 0, 8;
    %fork TD_tb_loader.uart_send_byte, S_0x854e66100;
    %join;
    %pushi/vec4 2, 0, 8;
    %store/vec4 v0x854e95180_0, 0, 8;
    %fork TD_tb_loader.uart_send_byte, S_0x854e66100;
    %join;
    %load/vec4 v0x854e955e0_0;
    %parti/s 8, 8, 5;
    %store/vec4 v0x854e95180_0, 0, 8;
    %fork TD_tb_loader.uart_send_byte, S_0x854e66100;
    %join;
    %load/vec4 v0x854e955e0_0;
    %parti/s 8, 0, 2;
    %store/vec4 v0x854e95180_0, 0, 8;
    %fork TD_tb_loader.uart_send_byte, S_0x854e66100;
    %join;
    %fork TD_tb_loader.uart_recv_byte, S_0x854e65f80;
    %join;
    %load/vec4 v0x854e95040_0;
    %store/vec4 v0x854e952c0_0, 0, 8;
    %load/vec4 v0x854e952c0_0;
    %cmpi/e 121, 0, 8;
    %jmp/0xz  T_78.15, 4;
    %vpi_call/w 4 163 "$display", "[tb] RUN -> ACK (0x79) alindi. Islemci basliyor." {0 0 0};
    %jmp T_78.16;
T_78.15 ;
    %vpi_call/w 4 165 "$display", "[tb] HATA: RUN yaniti 0x%02x", v0x854e952c0_0 {0 0 0};
    %vpi_call/w 4 166 "$finish" {0 0 0};
T_78.16 ;
    %pushi/vec4 200, 0, 32;
T_78.17 %dup/vec4;
    %cmpi/s 0, 0, 32;
    %jmp/1xz T_78.18, 5;
    %jmp/1 T_78.18, 4;
    %subi 1, 0, 32;
    %wait E_0x8551a98c0;
    %jmp T_78.17;
T_78.18 ;
    %pop/vec4 1;
    %load/vec4 v0x854e95680_0;
    %cmpi/e 42, 0, 32;
    %jmp/0xz  T_78.19, 4;
    %vpi_call/w 4 172 "$display", "[tb] BASARILI: GPIO_OUT = %0d (beklenen 42).", v0x854e95680_0 {0 0 0};
    %vpi_call/w 4 173 "$display", "[tb] === LOADER TESTI GECTI ===" {0 0 0};
    %jmp T_78.20;
T_78.19 ;
    %vpi_call/w 4 175 "$display", "[tb] BASARISIZ: GPIO_OUT = %0d (beklenen 42).", v0x854e95680_0 {0 0 0};
T_78.20 ;
    %vpi_call/w 4 178 "$finish" {0 0 0};
    %end;
    .thread T_78;
    .scope S_0x100c7f970;
T_79 ;
    %delay 705032704, 1;
    %vpi_call/w 4 184 "$display", "[tb] TIMEOUT - simulasyon cok uzun surdu." {0 0 0};
    %vpi_call/w 4 185 "$finish" {0 0 0};
    %end;
    .thread T_79;
# The file index is used to find the file name in the following table.
:file_names 9;
    "N/A";
    "<interactive>";
    "-";
    "sim/picorv32.v";
    "/tmp/tb_loader_dbg.v";
    "fpga/tangnano9k/soc_loader.v";
    "fpga/tangnano9k/loader.v";
    "fpga/tangnano9k/uart_rx.v";
    "fpga/uart_tx.v";
