#! /opt/homebrew/Cellar/icarus-verilog/13.0/bin/vvp
:ivl_version "13.0 (stable)" "(v13_0)";
:ivl_delay_selection "TYPICAL";
:vpi_time_precision - 12;
:vpi_module "/opt/homebrew/Cellar/icarus-verilog/13.0/lib/ivl/system.vpi";
:vpi_module "/opt/homebrew/Cellar/icarus-verilog/13.0/lib/ivl/vhdl_sys.vpi";
:vpi_module "/opt/homebrew/Cellar/icarus-verilog/13.0/lib/ivl/vhdl_textio.vpi";
:vpi_module "/opt/homebrew/Cellar/icarus-verilog/13.0/lib/ivl/v2005_math.vpi";
:vpi_module "/opt/homebrew/Cellar/icarus-verilog/13.0/lib/ivl/va_math.vpi";
:vpi_module "/opt/homebrew/Cellar/icarus-verilog/13.0/lib/ivl/v2009.vpi";
S_0x10548ca00 .scope package, "$unit" "$unit" 2 1;
 .timescale 0 0;
S_0x105487020 .scope module, "picorv32_axi" "picorv32_axi" 3 2517;
 .timescale -9 -12;
    .port_info 0 /INPUT 1 "clk";
    .port_info 1 /INPUT 1 "resetn";
    .port_info 2 /OUTPUT 1 "trap";
    .port_info 3 /OUTPUT 1 "mem_axi_awvalid";
    .port_info 4 /INPUT 1 "mem_axi_awready";
    .port_info 5 /OUTPUT 32 "mem_axi_awaddr";
    .port_info 6 /OUTPUT 3 "mem_axi_awprot";
    .port_info 7 /OUTPUT 1 "mem_axi_wvalid";
    .port_info 8 /INPUT 1 "mem_axi_wready";
    .port_info 9 /OUTPUT 32 "mem_axi_wdata";
    .port_info 10 /OUTPUT 4 "mem_axi_wstrb";
    .port_info 11 /INPUT 1 "mem_axi_bvalid";
    .port_info 12 /OUTPUT 1 "mem_axi_bready";
    .port_info 13 /OUTPUT 1 "mem_axi_arvalid";
    .port_info 14 /INPUT 1 "mem_axi_arready";
    .port_info 15 /OUTPUT 32 "mem_axi_araddr";
    .port_info 16 /OUTPUT 3 "mem_axi_arprot";
    .port_info 17 /INPUT 1 "mem_axi_rvalid";
    .port_info 18 /OUTPUT 1 "mem_axi_rready";
    .port_info 19 /INPUT 32 "mem_axi_rdata";
    .port_info 20 /OUTPUT 1 "pcpi_valid";
    .port_info 21 /OUTPUT 32 "pcpi_insn";
    .port_info 22 /OUTPUT 32 "pcpi_rs1";
    .port_info 23 /OUTPUT 32 "pcpi_rs2";
    .port_info 24 /INPUT 1 "pcpi_wr";
    .port_info 25 /INPUT 32 "pcpi_rd";
    .port_info 26 /INPUT 1 "pcpi_wait";
    .port_info 27 /INPUT 1 "pcpi_ready";
    .port_info 28 /INPUT 32 "irq";
    .port_info 29 /OUTPUT 32 "eoi";
    .port_info 30 /OUTPUT 1 "trace_valid";
    .port_info 31 /OUTPUT 36 "trace_data";
P_0xc0110ce00 .param/l "BARREL_SHIFTER" 0 3 2523, C4<0>;
P_0xc0110ce40 .param/l "CATCH_ILLINSN" 0 3 2528, C4<1>;
P_0xc0110ce80 .param/l "CATCH_MISALIGN" 0 3 2527, C4<1>;
P_0xc0110cec0 .param/l "COMPRESSED_ISA" 0 3 2526, C4<0>;
P_0xc0110cf00 .param/l "ENABLE_COUNTERS" 0 3 2518, C4<1>;
P_0xc0110cf40 .param/l "ENABLE_COUNTERS64" 0 3 2519, C4<1>;
P_0xc0110cf80 .param/l "ENABLE_DIV" 0 3 2532, C4<0>;
P_0xc0110cfc0 .param/l "ENABLE_FAST_MUL" 0 3 2531, C4<0>;
P_0xc0110d000 .param/l "ENABLE_IRQ" 0 3 2533, C4<0>;
P_0xc0110d040 .param/l "ENABLE_IRQ_QREGS" 0 3 2534, C4<1>;
P_0xc0110d080 .param/l "ENABLE_IRQ_TIMER" 0 3 2535, C4<1>;
P_0xc0110d0c0 .param/l "ENABLE_MUL" 0 3 2530, C4<0>;
P_0xc0110d100 .param/l "ENABLE_PCPI" 0 3 2529, C4<0>;
P_0xc0110d140 .param/l "ENABLE_REGS_16_31" 0 3 2520, C4<1>;
P_0xc0110d180 .param/l "ENABLE_REGS_DUALPORT" 0 3 2521, C4<1>;
P_0xc0110d1c0 .param/l "ENABLE_TRACE" 0 3 2536, C4<0>;
P_0xc0110d200 .param/l "LATCHED_IRQ" 0 3 2539, C4<11111111111111111111111111111111>;
P_0xc0110d240 .param/l "MASKED_IRQ" 0 3 2538, C4<00000000000000000000000000000000>;
P_0xc0110d280 .param/l "PROGADDR_IRQ" 0 3 2541, C4<00000000000000000000000000010000>;
P_0xc0110d2c0 .param/l "PROGADDR_RESET" 0 3 2540, C4<00000000000000000000000000000000>;
P_0xc0110d300 .param/l "REGS_INIT_ZERO" 0 3 2537, C4<0>;
P_0xc0110d340 .param/l "STACKADDR" 0 3 2542, C4<11111111111111111111111111111111>;
P_0xc0110d380 .param/l "TWO_CYCLE_ALU" 0 3 2525, C4<0>;
P_0xc0110d3c0 .param/l "TWO_CYCLE_COMPARE" 0 3 2524, C4<0>;
P_0xc0110d400 .param/l "TWO_STAGE_SHIFT" 0 3 2522, C4<1>;
o0xc01444310 .functor BUFZ 1, c4<z>; HiZ drive
v0xc00e88320_0 .net "clk", 0 0, o0xc01444310;  0 drivers
v0xc00e883c0_0 .net "eoi", 31 0, v0xc00e81f40_0;  1 drivers
o0xc01447130 .functor BUFZ 32, c4<zzzzzzzzzzzzzzzzzzzzzzzzzzzzzzzz>; HiZ drive
v0xc00e88460_0 .net "irq", 31 0, o0xc01447130;  0 drivers
v0xc00e88500_0 .net "mem_addr", 31 0, v0xc00e85360_0;  1 drivers
v0xc00e885a0_0 .net "mem_axi_araddr", 31 0, L_0xc01061030;  1 drivers
v0xc00e88640_0 .net "mem_axi_arprot", 2 0, L_0xc010d0dc0;  1 drivers
o0xc014443d0 .functor BUFZ 1, c4<z>; HiZ drive
v0xc00e886e0_0 .net "mem_axi_arready", 0 0, o0xc014443d0;  0 drivers
v0xc00e88780_0 .net "mem_axi_arvalid", 0 0, L_0xc00dc9960;  1 drivers
v0xc00e88820_0 .net "mem_axi_awaddr", 31 0, L_0xc01060fc0;  1 drivers
L_0xc01478010 .functor BUFT 1, C4<000>, C4<0>, C4<0>, C4<0>;
v0xc00e888c0_0 .net "mem_axi_awprot", 2 0, L_0xc01478010;  1 drivers
o0xc01444490 .functor BUFZ 1, c4<z>; HiZ drive
v0xc00e88960_0 .net "mem_axi_awready", 0 0, o0xc01444490;  0 drivers
v0xc00e88a00_0 .net "mem_axi_awvalid", 0 0, L_0xc00dc9a40;  1 drivers
v0xc00e88aa0_0 .net "mem_axi_bready", 0 0, L_0xc00dc93b0;  1 drivers
o0xc01444520 .functor BUFZ 1, c4<z>; HiZ drive
v0xc00e88b40_0 .net "mem_axi_bvalid", 0 0, o0xc01444520;  0 drivers
o0xc01444550 .functor BUFZ 32, c4<zzzzzzzzzzzzzzzzzzzzzzzzzzzzzzzz>; HiZ drive
v0xc00e88be0_0 .net "mem_axi_rdata", 31 0, o0xc01444550;  0 drivers
v0xc00e88c80_0 .net "mem_axi_rready", 0 0, L_0xc00dc9490;  1 drivers
o0xc014445b0 .functor BUFZ 1, c4<z>; HiZ drive
v0xc00e88d20_0 .net "mem_axi_rvalid", 0 0, o0xc014445b0;  0 drivers
v0xc00e88dc0_0 .net "mem_axi_wdata", 31 0, L_0xc010610a0;  1 drivers
o0xc01444610 .functor BUFZ 1, c4<z>; HiZ drive
v0xc00e88e60_0 .net "mem_axi_wready", 0 0, o0xc01444610;  0 drivers
v0xc00e88f00_0 .net "mem_axi_wstrb", 3 0, L_0xc01061110;  1 drivers
v0xc00e88fa0_0 .net "mem_axi_wvalid", 0 0, L_0xc00dc92d0;  1 drivers
v0xc00e89040_0 .net "mem_instr", 0 0, v0xc00e857c0_0;  1 drivers
v0xc00e890e0_0 .net "mem_rdata", 31 0, L_0xc01061180;  1 drivers
v0xc00e89180_0 .net "mem_ready", 0 0, L_0xc00dc9340;  1 drivers
v0xc00e89220_0 .net "mem_valid", 0 0, v0xc00e86300_0;  1 drivers
v0xc00e892c0_0 .net "mem_wdata", 31 0, v0xc00e863a0_0;  1 drivers
v0xc00e89360_0 .net "mem_wstrb", 3 0, v0xc00e864e0_0;  1 drivers
v0xc00e89400_0 .net "pcpi_insn", 31 0, v0xc00e86b20_0;  1 drivers
o0xc01447eb0 .functor BUFZ 32, c4<zzzzzzzzzzzzzzzzzzzzzzzzzzzzzzzz>; HiZ drive
v0xc00e894a0_0 .net "pcpi_rd", 31 0, o0xc01447eb0;  0 drivers
o0xc01447ee0 .functor BUFZ 1, c4<z>; HiZ drive
v0xc00e89540_0 .net "pcpi_ready", 0 0, o0xc01447ee0;  0 drivers
v0xc00e895e0_0 .net "pcpi_rs1", 31 0, L_0xc01061500;  1 drivers
v0xc00e89680_0 .net "pcpi_rs2", 31 0, L_0xc01061570;  1 drivers
v0xc00e89720_0 .net "pcpi_valid", 0 0, v0xc00e873e0_0;  1 drivers
o0xc01447fd0 .functor BUFZ 1, c4<z>; HiZ drive
v0xc00e897c0_0 .net "pcpi_wait", 0 0, o0xc01447fd0;  0 drivers
o0xc01448000 .functor BUFZ 1, c4<z>; HiZ drive
v0xc00e89860_0 .net "pcpi_wr", 0 0, o0xc01448000;  0 drivers
o0xc014447c0 .functor BUFZ 1, c4<z>; HiZ drive
v0xc00e89900_0 .net "resetn", 0 0, o0xc014447c0;  0 drivers
v0xc00e899a0_0 .net "trace_data", 35 0, v0xc00e88140_0;  1 drivers
v0xc00e89a40_0 .net "trace_valid", 0 0, v0xc00e881e0_0;  1 drivers
v0xc00e89ae0_0 .net "trap", 0 0, v0xc00e88280_0;  1 drivers
S_0x105484d00 .scope module, "axi_adapter" "picorv32_axi_adapter" 3 2619, 3 2731 0, S_0x105487020;
 .timescale -9 -12;
    .port_info 0 /INPUT 1 "clk";
    .port_info 1 /INPUT 1 "resetn";
    .port_info 2 /OUTPUT 1 "mem_axi_awvalid";
    .port_info 3 /INPUT 1 "mem_axi_awready";
    .port_info 4 /OUTPUT 32 "mem_axi_awaddr";
    .port_info 5 /OUTPUT 3 "mem_axi_awprot";
    .port_info 6 /OUTPUT 1 "mem_axi_wvalid";
    .port_info 7 /INPUT 1 "mem_axi_wready";
    .port_info 8 /OUTPUT 32 "mem_axi_wdata";
    .port_info 9 /OUTPUT 4 "mem_axi_wstrb";
    .port_info 10 /INPUT 1 "mem_axi_bvalid";
    .port_info 11 /OUTPUT 1 "mem_axi_bready";
    .port_info 12 /OUTPUT 1 "mem_axi_arvalid";
    .port_info 13 /INPUT 1 "mem_axi_arready";
    .port_info 14 /OUTPUT 32 "mem_axi_araddr";
    .port_info 15 /OUTPUT 3 "mem_axi_arprot";
    .port_info 16 /INPUT 1 "mem_axi_rvalid";
    .port_info 17 /OUTPUT 1 "mem_axi_rready";
    .port_info 18 /INPUT 32 "mem_axi_rdata";
    .port_info 19 /INPUT 1 "mem_valid";
    .port_info 20 /INPUT 1 "mem_instr";
    .port_info 21 /OUTPUT 1 "mem_ready";
    .port_info 22 /INPUT 32 "mem_addr";
    .port_info 23 /INPUT 32 "mem_wdata";
    .port_info 24 /INPUT 4 "mem_wstrb";
    .port_info 25 /OUTPUT 32 "mem_rdata";
L_0xc00dc99d0 .functor AND 1, v0xc00e86300_0, L_0xc010d0b40, C4<1>, C4<1>;
L_0xc00dc9a40 .functor AND 1, L_0xc00dc99d0, L_0xc010d0be0, C4<1>, C4<1>;
L_0xc01060fc0 .functor BUFZ 32, v0xc00e85360_0, C4<00000000000000000000000000000000>, C4<00000000000000000000000000000000>, C4<00000000000000000000000000000000>;
L_0xc00dc9ab0 .functor AND 1, v0xc00e86300_0, L_0xc010d0c80, C4<1>, C4<1>;
L_0xc00dc9960 .functor AND 1, L_0xc00dc9ab0, L_0xc010d0d20, C4<1>, C4<1>;
L_0xc01061030 .functor BUFZ 32, v0xc00e85360_0, C4<00000000000000000000000000000000>, C4<00000000000000000000000000000000>, C4<00000000000000000000000000000000>;
L_0xc00dc91f0 .functor AND 1, v0xc00e86300_0, L_0xc010d0e60, C4<1>, C4<1>;
L_0xc00dc92d0 .functor AND 1, L_0xc00dc91f0, L_0xc010d0f00, C4<1>, C4<1>;
L_0xc010610a0 .functor BUFZ 32, v0xc00e863a0_0, C4<00000000000000000000000000000000>, C4<00000000000000000000000000000000>, C4<00000000000000000000000000000000>;
L_0xc01061110 .functor BUFZ 4, v0xc00e864e0_0, C4<0000>, C4<0000>, C4<0000>;
L_0xc00dc9340 .functor OR 1, o0xc01444520, o0xc014445b0, C4<0>, C4<0>;
L_0xc00dc93b0 .functor AND 1, v0xc00e86300_0, L_0xc010d0fa0, C4<1>, C4<1>;
L_0xc00dc9490 .functor AND 1, v0xc00e86300_0, L_0xc010d1040, C4<1>, C4<1>;
L_0xc01061180 .functor BUFZ 32, o0xc01444550, C4<00000000000000000000000000000000>, C4<00000000000000000000000000000000>, C4<00000000000000000000000000000000>;
v0xc00dbfde0_0 .net *"_ivl_1", 0 0, L_0xc010d0b40;  1 drivers
v0xc00dbfe80_0 .net *"_ivl_13", 0 0, L_0xc010d0c80;  1 drivers
v0xc00dbff20_0 .net *"_ivl_15", 0 0, L_0xc00dc9ab0;  1 drivers
v0xc00e78000_0 .net *"_ivl_17", 0 0, L_0xc010d0d20;  1 drivers
L_0xc01478058 .functor BUFT 1, C4<100>, C4<0>, C4<0>, C4<0>;
v0xc00e780a0_0 .net/2u *"_ivl_22", 2 0, L_0xc01478058;  1 drivers
L_0xc014780a0 .functor BUFT 1, C4<000>, C4<0>, C4<0>, C4<0>;
v0xc00e78140_0 .net/2u *"_ivl_24", 2 0, L_0xc014780a0;  1 drivers
v0xc00e781e0_0 .net *"_ivl_29", 0 0, L_0xc010d0e60;  1 drivers
v0xc00e78280_0 .net *"_ivl_3", 0 0, L_0xc00dc99d0;  1 drivers
v0xc00e78320_0 .net *"_ivl_31", 0 0, L_0xc00dc91f0;  1 drivers
v0xc00e783c0_0 .net *"_ivl_33", 0 0, L_0xc010d0f00;  1 drivers
v0xc00e78460_0 .net *"_ivl_43", 0 0, L_0xc010d0fa0;  1 drivers
v0xc00e78500_0 .net *"_ivl_47", 0 0, L_0xc010d1040;  1 drivers
v0xc00e785a0_0 .net *"_ivl_5", 0 0, L_0xc010d0be0;  1 drivers
v0xc00e78640_0 .var "ack_arvalid", 0 0;
v0xc00e786e0_0 .var "ack_awvalid", 0 0;
v0xc00e78780_0 .var "ack_wvalid", 0 0;
v0xc00e78820_0 .net "clk", 0 0, o0xc01444310;  alias, 0 drivers
v0xc00e788c0_0 .net "mem_addr", 31 0, v0xc00e85360_0;  alias, 1 drivers
v0xc00e78960_0 .net "mem_axi_araddr", 31 0, L_0xc01061030;  alias, 1 drivers
v0xc00e78a00_0 .net "mem_axi_arprot", 2 0, L_0xc010d0dc0;  alias, 1 drivers
v0xc00e78aa0_0 .net "mem_axi_arready", 0 0, o0xc014443d0;  alias, 0 drivers
v0xc00e78b40_0 .net "mem_axi_arvalid", 0 0, L_0xc00dc9960;  alias, 1 drivers
v0xc00e78be0_0 .net "mem_axi_awaddr", 31 0, L_0xc01060fc0;  alias, 1 drivers
v0xc00e78c80_0 .net "mem_axi_awprot", 2 0, L_0xc01478010;  alias, 1 drivers
v0xc00e78d20_0 .net "mem_axi_awready", 0 0, o0xc01444490;  alias, 0 drivers
v0xc00e78dc0_0 .net "mem_axi_awvalid", 0 0, L_0xc00dc9a40;  alias, 1 drivers
v0xc00e78e60_0 .net "mem_axi_bready", 0 0, L_0xc00dc93b0;  alias, 1 drivers
v0xc00e78f00_0 .net "mem_axi_bvalid", 0 0, o0xc01444520;  alias, 0 drivers
v0xc00e78fa0_0 .net "mem_axi_rdata", 31 0, o0xc01444550;  alias, 0 drivers
v0xc00e79040_0 .net "mem_axi_rready", 0 0, L_0xc00dc9490;  alias, 1 drivers
v0xc00e790e0_0 .net "mem_axi_rvalid", 0 0, o0xc014445b0;  alias, 0 drivers
v0xc00e79180_0 .net "mem_axi_wdata", 31 0, L_0xc010610a0;  alias, 1 drivers
v0xc00e79220_0 .net "mem_axi_wready", 0 0, o0xc01444610;  alias, 0 drivers
v0xc00e792c0_0 .net "mem_axi_wstrb", 3 0, L_0xc01061110;  alias, 1 drivers
v0xc00e79360_0 .net "mem_axi_wvalid", 0 0, L_0xc00dc92d0;  alias, 1 drivers
v0xc00e79400_0 .net "mem_instr", 0 0, v0xc00e857c0_0;  alias, 1 drivers
v0xc00e794a0_0 .net "mem_rdata", 31 0, L_0xc01061180;  alias, 1 drivers
v0xc00e79540_0 .net "mem_ready", 0 0, L_0xc00dc9340;  alias, 1 drivers
v0xc00e795e0_0 .net "mem_valid", 0 0, v0xc00e86300_0;  alias, 1 drivers
v0xc00e79680_0 .net "mem_wdata", 31 0, v0xc00e863a0_0;  alias, 1 drivers
v0xc00e79720_0 .net "mem_wstrb", 3 0, v0xc00e864e0_0;  alias, 1 drivers
v0xc00e797c0_0 .net "resetn", 0 0, o0xc014447c0;  alias, 0 drivers
v0xc00e79860_0 .var "xfer_done", 0 0;
E_0xc00e52f40 .event posedge, v0xc00e78820_0;
L_0xc010d0b40 .reduce/or v0xc00e864e0_0;
L_0xc010d0be0 .reduce/nor v0xc00e786e0_0;
L_0xc010d0c80 .reduce/nor v0xc00e864e0_0;
L_0xc010d0d20 .reduce/nor v0xc00e78640_0;
L_0xc010d0dc0 .functor MUXZ 3, L_0xc014780a0, L_0xc01478058, v0xc00e857c0_0, C4<>;
L_0xc010d0e60 .reduce/or v0xc00e864e0_0;
L_0xc010d0f00 .reduce/nor v0xc00e78780_0;
L_0xc010d0fa0 .reduce/or v0xc00e864e0_0;
L_0xc010d1040 .reduce/nor v0xc00e864e0_0;
S_0x105484e80 .scope module, "picorv32_core" "picorv32" 3 2674, 3 62 0, S_0x105487020;
 .timescale -9 -12;
    .port_info 0 /INPUT 1 "clk";
    .port_info 1 /INPUT 1 "resetn";
    .port_info 2 /OUTPUT 1 "trap";
    .port_info 3 /OUTPUT 1 "mem_valid";
    .port_info 4 /OUTPUT 1 "mem_instr";
    .port_info 5 /INPUT 1 "mem_ready";
    .port_info 6 /OUTPUT 32 "mem_addr";
    .port_info 7 /OUTPUT 32 "mem_wdata";
    .port_info 8 /OUTPUT 4 "mem_wstrb";
    .port_info 9 /INPUT 32 "mem_rdata";
    .port_info 10 /OUTPUT 1 "mem_la_read";
    .port_info 11 /OUTPUT 1 "mem_la_write";
    .port_info 12 /OUTPUT 32 "mem_la_addr";
    .port_info 13 /OUTPUT 32 "mem_la_wdata";
    .port_info 14 /OUTPUT 4 "mem_la_wstrb";
    .port_info 15 /OUTPUT 1 "pcpi_valid";
    .port_info 16 /OUTPUT 32 "pcpi_insn";
    .port_info 17 /OUTPUT 32 "pcpi_rs1";
    .port_info 18 /OUTPUT 32 "pcpi_rs2";
    .port_info 19 /INPUT 1 "pcpi_wr";
    .port_info 20 /INPUT 32 "pcpi_rd";
    .port_info 21 /INPUT 1 "pcpi_wait";
    .port_info 22 /INPUT 1 "pcpi_ready";
    .port_info 23 /INPUT 32 "irq";
    .port_info 24 /OUTPUT 32 "eoi";
    .port_info 25 /OUTPUT 1 "trace_valid";
    .port_info 26 /OUTPUT 36 "trace_data";
P_0x105498ae0 .param/l "BARREL_SHIFTER" 0 3 69, C4<0>;
P_0x105498b20 .param/l "CATCH_ILLINSN" 0 3 74, C4<1>;
P_0x105498b60 .param/l "CATCH_MISALIGN" 0 3 73, C4<1>;
P_0x105498ba0 .param/l "COMPRESSED_ISA" 0 3 72, C4<0>;
P_0x105498be0 .param/l "ENABLE_COUNTERS" 0 3 63, C4<1>;
P_0x105498c20 .param/l "ENABLE_COUNTERS64" 0 3 64, C4<1>;
P_0x105498c60 .param/l "ENABLE_DIV" 0 3 78, C4<0>;
P_0x105498ca0 .param/l "ENABLE_FAST_MUL" 0 3 77, C4<0>;
P_0x105498ce0 .param/l "ENABLE_IRQ" 0 3 79, C4<0>;
P_0x105498d20 .param/l "ENABLE_IRQ_QREGS" 0 3 80, C4<1>;
P_0x105498d60 .param/l "ENABLE_IRQ_TIMER" 0 3 81, C4<1>;
P_0x105498da0 .param/l "ENABLE_MUL" 0 3 76, C4<0>;
P_0x105498de0 .param/l "ENABLE_PCPI" 0 3 75, C4<0>;
P_0x105498e20 .param/l "ENABLE_REGS_16_31" 0 3 65, C4<1>;
P_0x105498e60 .param/l "ENABLE_REGS_DUALPORT" 0 3 66, C4<1>;
P_0x105498ea0 .param/l "ENABLE_TRACE" 0 3 82, C4<0>;
P_0x105498ee0 .param/l "LATCHED_IRQ" 0 3 85, C4<11111111111111111111111111111111>;
P_0x105498f20 .param/l "LATCHED_MEM_RDATA" 0 3 67, C4<0>;
P_0x105498f60 .param/l "MASKED_IRQ" 0 3 84, C4<00000000000000000000000000000000>;
P_0x105498fa0 .param/l "PROGADDR_IRQ" 0 3 87, C4<00000000000000000000000000010000>;
P_0x105498fe0 .param/l "PROGADDR_RESET" 0 3 86, C4<00000000000000000000000000000000>;
P_0x105499020 .param/l "REGS_INIT_ZERO" 0 3 83, C4<0>;
P_0x105499060 .param/l "STACKADDR" 0 3 88, C4<11111111111111111111111111111111>;
P_0x1054990a0 .param/l "TRACE_ADDR" 1 3 172, C4<001000000000000000000000000000000000>;
P_0x1054990e0 .param/l "TRACE_BRANCH" 1 3 171, C4<000100000000000000000000000000000000>;
P_0x105499120 .param/l "TRACE_IRQ" 1 3 173, C4<100000000000000000000000000000000000>;
P_0x105499160 .param/l "TWO_CYCLE_ALU" 0 3 71, C4<0>;
P_0x1054991a0 .param/l "TWO_CYCLE_COMPARE" 0 3 70, C4<0>;
P_0x1054991e0 .param/l "TWO_STAGE_SHIFT" 0 3 68, C4<1>;
P_0x105499220 .param/l "WITH_PCPI" 1 3 169, C4<0>;
P_0x105499260 .param/l "cpu_state_exec" 1 3 1176, C4<00001000>;
P_0x1054992a0 .param/l "cpu_state_fetch" 1 3 1173, C4<01000000>;
P_0x1054992e0 .param/l "cpu_state_ld_rs1" 1 3 1174, C4<00100000>;
P_0x105499320 .param/l "cpu_state_ld_rs2" 1 3 1175, C4<00010000>;
P_0x105499360 .param/l "cpu_state_ldmem" 1 3 1179, C4<00000001>;
P_0x1054993a0 .param/l "cpu_state_shift" 1 3 1177, C4<00000100>;
P_0x1054993e0 .param/l "cpu_state_stmem" 1 3 1178, C4<00000010>;
P_0x105499420 .param/l "cpu_state_trap" 1 3 1172, C4<10000000>;
P_0x105499460 .param/l "irq_buserror" 1 3 163, +C4<00000000000000000000000000000010>;
P_0x1054994a0 .param/l "irq_ebreak" 1 3 162, +C4<00000000000000000000000000000001>;
P_0x1054994e0 .param/l "irq_timer" 1 3 161, +C4<00000000000000000000000000000000>;
P_0x105499520 .param/l "irqregs_offset" 1 3 165, +C4<00000000000000000000000000100000>;
P_0x105499560 .param/l "regfile_size" 1 3 166, +C4<00000000000000000000000000100000>;
P_0x1054995a0 .param/l "regindex_bits" 1 3 167, +C4<00000000000000000000000000000101>;
L_0xc010611f0 .functor BUFZ 1, v0xc00e86300_0, C4<0>, C4<0>, C4<0>;
L_0xc01061260 .functor BUFZ 1, v0xc00e857c0_0, C4<0>, C4<0>, C4<0>;
L_0xc010612d0 .functor BUFZ 1, L_0xc00dc9340, C4<0>, C4<0>, C4<0>;
L_0xc01061340 .functor BUFZ 32, v0xc00e85360_0, C4<00000000000000000000000000000000>, C4<00000000000000000000000000000000>, C4<00000000000000000000000000000000>;
L_0xc010613b0 .functor BUFZ 32, v0xc00e863a0_0, C4<00000000000000000000000000000000>, C4<00000000000000000000000000000000>, C4<00000000000000000000000000000000>;
L_0xc01061420 .functor BUFZ 4, v0xc00e864e0_0, C4<0000>, C4<0000>, C4<0000>;
L_0xc01061490 .functor BUFZ 32, L_0xc01061180, C4<00000000000000000000000000000000>, C4<00000000000000000000000000000000>, C4<00000000000000000000000000000000>;
L_0xc01061500 .functor BUFZ 32, v0xc00e87ac0_0, C4<00000000000000000000000000000000>, C4<00000000000000000000000000000000>, C4<00000000000000000000000000000000>;
L_0xc01061570 .functor BUFZ 32, v0xc00e87b60_0, C4<00000000000000000000000000000000>, C4<00000000000000000000000000000000>, C4<00000000000000000000000000000000>;
L_0xc00dc96c0 .functor AND 1, v0xc00e86300_0, L_0xc00dc9340, C4<1>, C4<1>;
L_0xc014783b8 .functor BUFT 1, C4<0>, C4<0>, C4<0>, C4<0>;
L_0xc00dc9810 .functor AND 1, L_0xc014783b8, v0xc00e855e0_0, C4<1>, C4<1>;
L_0xc00dc8930 .functor OR 1, L_0xc00dc96c0, L_0xc00dc9810, C4<0>, C4<0>;
L_0xc00dc8a10 .functor AND 1, L_0xc00dc8930, L_0xc010d1220, C4<1>, C4<1>;
L_0xc00dc8af0 .functor OR 1, v0xc00e855e0_0, v0xc00e85540_0, C4<0>, C4<0>;
L_0xc00dc8bd0 .functor OR 1, L_0xc00dc8af0, v0xc00e85680_0, C4<0>, C4<0>;
L_0xc00dc8a80 .functor AND 1, L_0xc00dc8a10, L_0xc00dc8bd0, C4<1>, C4<1>;
L_0xc00dc8cb0 .functor AND 1, L_0xc010d12c0, v0xc00e855e0_0, C4<1>, C4<1>;
L_0xc00dc8e00 .functor OR 1, L_0xc00dc8a80, L_0xc00dc8cb0, C4<0>, C4<0>;
L_0xc00dc8f50 .functor AND 1, o0xc014447c0, L_0xc00dc8e00, C4<1>, C4<1>;
L_0xc00dc8070 .functor AND 1, L_0xc010d1400, L_0xc00dc8930, C4<1>, C4<1>;
L_0xc00dc8150 .functor OR 1, L_0xc010d1360, L_0xc00dc8070, C4<0>, C4<0>;
L_0xc00dc81c0 .functor AND 1, L_0xc00dc8f50, L_0xc00dc8150, C4<1>, C4<1>;
L_0xc00dc8230 .functor AND 1, o0xc014447c0, L_0xc010d14a0, C4<1>, C4<1>;
L_0xc00dc8310 .functor AND 1, L_0xc00dc8230, v0xc00e85680_0, C4<1>, C4<1>;
L_0xc00dc83f0 .functor AND 1, L_0xc010d1540, L_0xc010d15e0, C4<1>, C4<1>;
L_0xc00dc8540 .functor OR 1, v0xc00e855e0_0, v0xc00e854a0_0, C4<0>, C4<0>;
L_0xc00dc8690 .functor OR 1, L_0xc00dc8540, v0xc00e85540_0, C4<0>, C4<0>;
L_0xc00dc8770 .functor AND 1, L_0xc00dc83f0, L_0xc00dc8690, C4<1>, C4<1>;
L_0xc01478400 .functor BUFT 1, C4<0>, C4<0>, C4<0>, C4<0>;
L_0xc00dc9b20 .functor OR 1, L_0xc00dc8770, L_0xc01478400, C4<0>, C4<0>;
L_0xc00dc9b90 .functor AND 1, o0xc014447c0, L_0xc00dc9b20, C4<1>, C4<1>;
L_0xc00dc9c00 .functor OR 1, v0xc00e854a0_0, v0xc00e855e0_0, C4<0>, C4<0>;
L_0xc014784d8 .functor BUFT 1, C4<0>, C4<0>, C4<0>, C4<0>;
L_0xc00dc9c70 .functor OR 1, L_0xc00dc8930, L_0xc014784d8, C4<0>, C4<0>;
L_0xc010615e0 .functor BUFZ 32, L_0xc010d1900, C4<00000000000000000000000000000000>, C4<00000000000000000000000000000000>, C4<00000000000000000000000000000000>;
L_0xc01478520 .functor BUFT 1, C4<1>, C4<0>, C4<0>, C4<0>;
L_0xc00dc9ce0 .functor AND 1, L_0xc01478520, L_0xc010d1ae0, C4<1>, C4<1>;
L_0xc00dc9d50 .functor AND 1, v0xc00e85180_0, v0xc00e84d20_0, C4<1>, C4<1>;
L_0xc01478568 .functor BUFT 1, C4<11111111111111111111111111111110>, C4<0>, C4<0>, C4<0>;
L_0xc00dc9dc0 .functor AND 32, v0xc00e87c00_0, L_0xc01478568, C4<11111111111111111111111111111111>, C4<11111111111111111111111111111111>;
L_0xc00dc9e30 .functor AND 1, L_0xc00eaaee0, v0xc00e81d60_0, C4<1>, C4<1>;
L_0xc014785f8 .functor BUFT 1, C4<1>, C4<0>, C4<0>, C4<0>;
L_0xc00dc9ea0 .functor AND 1, L_0xc00dc9e30, L_0xc014785f8, C4<1>, C4<1>;
v0xc00e79900_0 .net *"_ivl_100", 31 0, L_0xc010d1720;  1 drivers
v0xc00e799a0_0 .net *"_ivl_103", 29 0, L_0xc00eaae40;  1 drivers
L_0xc01478490 .functor BUFT 1, C4<00>, C4<0>, C4<0>, C4<0>;
v0xc00e79a40_0 .net/2u *"_ivl_104", 1 0, L_0xc01478490;  1 drivers
v0xc00e79ae0_0 .net *"_ivl_106", 31 0, L_0xc010d17c0;  1 drivers
v0xc00e79b80_0 .net/2u *"_ivl_110", 0 0, L_0xc014784d8;  1 drivers
v0xc00e79c20_0 .net *"_ivl_113", 0 0, L_0xc00dc9c70;  1 drivers
v0xc00e79cc0_0 .net/2u *"_ivl_118", 0 0, L_0xc01478520;  1 drivers
v0xc00e79d60_0 .net *"_ivl_120", 47 0, L_0xc010d1a40;  1 drivers
v0xc00e79e00_0 .net *"_ivl_123", 0 0, L_0xc010d1ae0;  1 drivers
v0xc00e79ea0_0 .net *"_ivl_126", 3 0, L_0xc010d1b80;  1 drivers
v0xc00e79f40_0 .net *"_ivl_131", 0 0, L_0xc00dc9d50;  1 drivers
v0xc00e79fe0_0 .net/2u *"_ivl_132", 31 0, L_0xc01478568;  1 drivers
v0xc00e7a080_0 .net *"_ivl_134", 31 0, L_0xc00dc9dc0;  1 drivers
L_0xc014785b0 .functor BUFT 1, C4<01000000>, C4<0>, C4<0>, C4<0>;
v0xc00e7a120_0 .net/2u *"_ivl_138", 7 0, L_0xc014785b0;  1 drivers
v0xc00e7a1c0_0 .net *"_ivl_140", 0 0, L_0xc00eaaee0;  1 drivers
v0xc00e7a260_0 .net *"_ivl_143", 0 0, L_0xc00dc9e30;  1 drivers
v0xc00e7a300_0 .net/2u *"_ivl_144", 0 0, L_0xc014785f8;  1 drivers
v0xc00e7a3a0_0 .net *"_ivl_25", 0 0, L_0xc00dc96c0;  1 drivers
v0xc00e7a440_0 .net *"_ivl_27", 0 0, L_0xc00dc9810;  1 drivers
v0xc00e7a4e0_0 .net *"_ivl_30", 3 0, L_0xc010d10e0;  1 drivers
v0xc00e7a580_0 .net *"_ivl_35", 0 0, L_0xc010d1220;  1 drivers
v0xc00e7a620_0 .net *"_ivl_37", 0 0, L_0xc00dc8a10;  1 drivers
v0xc00e7a6c0_0 .net *"_ivl_39", 0 0, L_0xc00dc8af0;  1 drivers
v0xc00e7a760_0 .net *"_ivl_41", 0 0, L_0xc00dc8bd0;  1 drivers
v0xc00e7a800_0 .net *"_ivl_43", 0 0, L_0xc00dc8a80;  1 drivers
v0xc00e7a8a0_0 .net *"_ivl_45", 0 0, L_0xc010d12c0;  1 drivers
v0xc00e7a940_0 .net *"_ivl_47", 0 0, L_0xc00dc8cb0;  1 drivers
v0xc00e7a9e0_0 .net *"_ivl_49", 0 0, L_0xc00dc8e00;  1 drivers
v0xc00e7aa80_0 .net *"_ivl_51", 0 0, L_0xc00dc8f50;  1 drivers
v0xc00e7ab20_0 .net *"_ivl_53", 0 0, L_0xc010d1360;  1 drivers
v0xc00e7abc0_0 .net *"_ivl_55", 1 0, L_0xc00eaad00;  1 drivers
v0xc00e7ac60_0 .net *"_ivl_57", 0 0, L_0xc010d1400;  1 drivers
v0xc00e7ad00_0 .net *"_ivl_59", 0 0, L_0xc00dc8070;  1 drivers
v0xc00e7ada0_0 .net *"_ivl_61", 0 0, L_0xc00dc8150;  1 drivers
v0xc00e7ae40_0 .net *"_ivl_65", 0 0, L_0xc010d14a0;  1 drivers
v0xc00e7aee0_0 .net *"_ivl_67", 0 0, L_0xc00dc8230;  1 drivers
v0xc00e7af80_0 .net *"_ivl_71", 0 0, L_0xc010d1540;  1 drivers
v0xc00e7b020_0 .net *"_ivl_73", 0 0, L_0xc010d15e0;  1 drivers
v0xc00e7b0c0_0 .net *"_ivl_75", 0 0, L_0xc00dc83f0;  1 drivers
v0xc00e7b160_0 .net *"_ivl_77", 0 0, L_0xc00dc8540;  1 drivers
v0xc00e7b200_0 .net *"_ivl_79", 0 0, L_0xc00dc8690;  1 drivers
v0xc00e7b2a0_0 .net *"_ivl_81", 0 0, L_0xc00dc8770;  1 drivers
v0xc00e7b340_0 .net/2u *"_ivl_82", 0 0, L_0xc01478400;  1 drivers
v0xc00e7b3e0_0 .net *"_ivl_85", 0 0, L_0xc00dc9b20;  1 drivers
v0xc00e7b480_0 .net *"_ivl_89", 0 0, L_0xc00dc9c00;  1 drivers
v0xc00e7b520_0 .net *"_ivl_91", 29 0, L_0xc00eaada0;  1 drivers
L_0xc01479258 .functor BUFT 1, C4<000000000000000000000000000000>, C4<0>, C4<0>, C4<0>;
v0xc00e7b5c0_0 .net *"_ivl_92", 29 0, L_0xc01479258;  1 drivers
v0xc00e7b660_0 .net *"_ivl_96", 29 0, L_0xc010d1680;  1 drivers
L_0xc01478448 .functor BUFT 1, C4<00>, C4<0>, C4<0>, C4<0>;
v0xc00e7b700_0 .net/2u *"_ivl_98", 1 0, L_0xc01478448;  1 drivers
v0xc00e7b7a0_0 .var "alu_add_sub", 31 0;
v0xc00e7b840_0 .var "alu_eq", 0 0;
v0xc00e7b8e0_0 .var "alu_lts", 0 0;
v0xc00e7b980_0 .var "alu_ltu", 0 0;
v0xc00e7ba20_0 .var "alu_out", 31 0;
v0xc00e7bac0_0 .var "alu_out_0", 0 0;
v0xc00e7bb60_0 .var "alu_out_0_q", 0 0;
v0xc00e7bc00_0 .var "alu_out_q", 31 0;
v0xc00e7bca0_0 .var "alu_shl", 31 0;
v0xc00e7bd40_0 .var "alu_shr", 31 0;
v0xc00e7bde0_0 .var "alu_wait", 0 0;
v0xc00e7be80_0 .var "alu_wait_2", 0 0;
v0xc00e7bf20_0 .var "cached_ascii_instr", 63 0;
v0xc00e80000_0 .var "cached_insn_imm", 31 0;
v0xc00e800a0_0 .var "cached_insn_opcode", 31 0;
v0xc00e80140_0 .var "cached_insn_rd", 4 0;
v0xc00e801e0_0 .var "cached_insn_rs1", 4 0;
v0xc00e80280_0 .var "cached_insn_rs2", 4 0;
v0xc00e80320_0 .var "clear_prefetched_high_word", 0 0;
v0xc00e803c0_0 .var "clear_prefetched_high_word_q", 0 0;
v0xc00e80460_0 .net "clk", 0 0, o0xc01444310;  alias, 0 drivers
v0xc00e80500_0 .var "compressed_instr", 0 0;
v0xc00e805a0_0 .var "count_cycle", 63 0;
v0xc00e80640_0 .var "count_instr", 63 0;
v0xc00e806e0_0 .var "cpu_state", 7 0;
v0xc00e80780 .array "cpuregs", 31 0, 31 0;
v0xc00e80820_0 .var "cpuregs_rs1", 31 0;
v0xc00e808c0_0 .var "cpuregs_rs2", 31 0;
v0xc00e80960_0 .var "cpuregs_wrdata", 31 0;
v0xc00e80a00_0 .var "cpuregs_write", 0 0;
v0xc00e80aa0_0 .var "current_pc", 31 0;
v0xc00e80b40_0 .var "dbg_ascii_instr", 63 0;
v0xc00e80be0_0 .var "dbg_ascii_state", 127 0;
v0xc00e80c80_0 .var "dbg_insn_addr", 31 0;
v0xc00e80d20_0 .var "dbg_insn_imm", 31 0;
v0xc00e80dc0_0 .var "dbg_insn_opcode", 31 0;
v0xc00e80e60_0 .var "dbg_insn_rd", 4 0;
v0xc00e80f00_0 .var "dbg_insn_rs1", 4 0;
v0xc00e80fa0_0 .var "dbg_insn_rs2", 4 0;
v0xc00e81040_0 .net "dbg_mem_addr", 31 0, L_0xc01061340;  1 drivers
v0xc00e810e0_0 .net "dbg_mem_instr", 0 0, L_0xc01061260;  1 drivers
v0xc00e81180_0 .net "dbg_mem_rdata", 31 0, L_0xc01061490;  1 drivers
v0xc00e81220_0 .net "dbg_mem_ready", 0 0, L_0xc010612d0;  1 drivers
v0xc00e812c0_0 .net "dbg_mem_valid", 0 0, L_0xc010611f0;  1 drivers
v0xc00e81360_0 .net "dbg_mem_wdata", 31 0, L_0xc010613b0;  1 drivers
v0xc00e81400_0 .net "dbg_mem_wstrb", 3 0, L_0xc01061420;  1 drivers
v0xc00e814a0_0 .var "dbg_next", 0 0;
v0xc00e81540_0 .var "dbg_rs1val", 31 0;
v0xc00e815e0_0 .var "dbg_rs1val_valid", 0 0;
v0xc00e81680_0 .var "dbg_rs2val", 31 0;
v0xc00e81720_0 .var "dbg_rs2val_valid", 0 0;
v0xc00e817c0_0 .var "dbg_valid_insn", 0 0;
v0xc00e81860_0 .var "decoded_imm", 31 0;
v0xc00e81900_0 .var "decoded_imm_j", 31 0;
v0xc00e819a0_0 .var "decoded_rd", 4 0;
v0xc00e81a40_0 .var "decoded_rs", 4 0;
v0xc00e81ae0_0 .var "decoded_rs1", 4 0;
v0xc00e81b80_0 .var "decoded_rs2", 4 0;
v0xc00e81c20_0 .var "decoder_pseudo_trigger", 0 0;
v0xc00e81cc0_0 .var "decoder_pseudo_trigger_q", 0 0;
v0xc00e81d60_0 .var "decoder_trigger", 0 0;
v0xc00e81e00_0 .var "decoder_trigger_q", 0 0;
v0xc00e81ea0_0 .var "do_waitirq", 0 0;
v0xc00e81f40_0 .var "eoi", 31 0;
v0xc00e81fe0_0 .var "instr_add", 0 0;
v0xc00e82080_0 .var "instr_addi", 0 0;
v0xc00e82120_0 .var "instr_and", 0 0;
v0xc00e821c0_0 .var "instr_andi", 0 0;
v0xc00e82260_0 .var "instr_auipc", 0 0;
v0xc00e82300_0 .var "instr_beq", 0 0;
v0xc00e823a0_0 .var "instr_bge", 0 0;
v0xc00e82440_0 .var "instr_bgeu", 0 0;
v0xc00e824e0_0 .var "instr_blt", 0 0;
v0xc00e82580_0 .var "instr_bltu", 0 0;
v0xc00e82620_0 .var "instr_bne", 0 0;
v0xc00e826c0_0 .var "instr_ecall_ebreak", 0 0;
v0xc00e82760_0 .var "instr_fence", 0 0;
v0xc00e82800_0 .var "instr_getq", 0 0;
v0xc00e828a0_0 .var "instr_jal", 0 0;
v0xc00e82940_0 .var "instr_jalr", 0 0;
v0xc00e829e0_0 .var "instr_lb", 0 0;
v0xc00e82a80_0 .var "instr_lbu", 0 0;
v0xc00e82b20_0 .var "instr_lh", 0 0;
v0xc00e82bc0_0 .var "instr_lhu", 0 0;
v0xc00e82c60_0 .var "instr_lui", 0 0;
v0xc00e82d00_0 .var "instr_lw", 0 0;
v0xc00e82da0_0 .var "instr_maskirq", 0 0;
v0xc00e82e40_0 .var "instr_or", 0 0;
v0xc00e82ee0_0 .var "instr_ori", 0 0;
v0xc00e82f80_0 .var "instr_rdcycle", 0 0;
v0xc00e83020_0 .var "instr_rdcycleh", 0 0;
v0xc00e830c0_0 .var "instr_rdinstr", 0 0;
v0xc00e83160_0 .var "instr_rdinstrh", 0 0;
v0xc00e83200_0 .var "instr_retirq", 0 0;
v0xc00e832a0_0 .var "instr_sb", 0 0;
v0xc00e83340_0 .var "instr_setq", 0 0;
v0xc00e833e0_0 .var "instr_sh", 0 0;
v0xc00e83480_0 .var "instr_sll", 0 0;
v0xc00e83520_0 .var "instr_slli", 0 0;
v0xc00e835c0_0 .var "instr_slt", 0 0;
v0xc00e83660_0 .var "instr_slti", 0 0;
v0xc00e83700_0 .var "instr_sltiu", 0 0;
v0xc00e837a0_0 .var "instr_sltu", 0 0;
v0xc00e83840_0 .var "instr_sra", 0 0;
v0xc00e838e0_0 .var "instr_srai", 0 0;
v0xc00e83980_0 .var "instr_srl", 0 0;
v0xc00e83a20_0 .var "instr_srli", 0 0;
v0xc00e83ac0_0 .var "instr_sub", 0 0;
v0xc00e83b60_0 .var "instr_sw", 0 0;
v0xc00e83c00_0 .var "instr_timer", 0 0;
v0xc00e83ca0_0 .net "instr_trap", 0 0, L_0xc00dc9ce0;  1 drivers
v0xc00e83d40_0 .var "instr_waitirq", 0 0;
v0xc00e83de0_0 .var "instr_xor", 0 0;
v0xc00e83e80_0 .var "instr_xori", 0 0;
v0xc00e83f20_0 .net "irq", 31 0, o0xc01447130;  alias, 0 drivers
v0xc00e84000_0 .var "irq_active", 0 0;
v0xc00e840a0_0 .var "irq_delay", 0 0;
v0xc00e84140_0 .var "irq_mask", 31 0;
v0xc00e841e0_0 .var "irq_pending", 31 0;
v0xc00e84280_0 .var "irq_state", 1 0;
v0xc00e84320_0 .var "is_alu_reg_imm", 0 0;
v0xc00e843c0_0 .var "is_alu_reg_reg", 0 0;
v0xc00e84460_0 .var "is_beq_bne_blt_bge_bltu_bgeu", 0 0;
v0xc00e84500_0 .var "is_compare", 0 0;
v0xc00e845a0_0 .var "is_jalr_addi_slti_sltiu_xori_ori_andi", 0 0;
v0xc00e84640_0 .var "is_lb_lh_lw_lbu_lhu", 0 0;
v0xc00e846e0_0 .var "is_lbu_lhu_lw", 0 0;
v0xc00e84780_0 .var "is_lui_auipc_jal", 0 0;
v0xc00e84820_0 .var "is_lui_auipc_jal_jalr_addi_add_sub", 0 0;
v0xc00e848c0_0 .net "is_rdcycle_rdcycleh_rdinstr_rdinstrh", 0 0, L_0xc010d1c20;  1 drivers
v0xc00e84960_0 .var "is_sb_sh_sw", 0 0;
v0xc00e84a00_0 .var "is_sll_srl_sra", 0 0;
v0xc00e84aa0_0 .var "is_slli_srli_srai", 0 0;
v0xc00e84b40_0 .var "is_slti_blt_slt", 0 0;
v0xc00e84be0_0 .var "is_sltiu_bltu_sltu", 0 0;
v0xc00e84c80_0 .var "last_mem_valid", 0 0;
v0xc00e84d20_0 .var "latched_branch", 0 0;
v0xc00e84dc0_0 .var "latched_compr", 0 0;
v0xc00e84e60_0 .var "latched_is_lb", 0 0;
v0xc00e84f00_0 .var "latched_is_lh", 0 0;
v0xc00e84fa0_0 .var "latched_is_lu", 0 0;
v0xc00e85040_0 .var "latched_rd", 4 0;
v0xc00e850e0_0 .var "latched_stalu", 0 0;
v0xc00e85180_0 .var "latched_store", 0 0;
v0xc00e85220_0 .var "latched_trace", 0 0;
v0xc00e852c0_0 .net "launch_next_insn", 0 0, L_0xc00dc9ea0;  1 drivers
v0xc00e85360_0 .var "mem_addr", 31 0;
v0xc00e85400_0 .net "mem_busy", 0 0, L_0xc010d1180;  1 drivers
v0xc00e854a0_0 .var "mem_do_prefetch", 0 0;
v0xc00e85540_0 .var "mem_do_rdata", 0 0;
v0xc00e855e0_0 .var "mem_do_rinst", 0 0;
v0xc00e85680_0 .var "mem_do_wdata", 0 0;
v0xc00e85720_0 .net "mem_done", 0 0, L_0xc00dc81c0;  1 drivers
v0xc00e857c0_0 .var "mem_instr", 0 0;
v0xc00e85860_0 .net "mem_la_addr", 31 0, L_0xc010d1860;  1 drivers
L_0xc01478328 .functor BUFT 1, C4<0>, C4<0>, C4<0>, C4<0>;
v0xc00e85900_0 .net "mem_la_firstword", 0 0, L_0xc01478328;  1 drivers
v0xc00e859a0_0 .var "mem_la_firstword_reg", 0 0;
L_0xc01478370 .functor BUFT 1, C4<0>, C4<0>, C4<0>, C4<0>;
v0xc00e85a40_0 .net "mem_la_firstword_xfer", 0 0, L_0xc01478370;  1 drivers
v0xc00e85ae0_0 .net "mem_la_read", 0 0, L_0xc00dc9b90;  1 drivers
v0xc00e85b80_0 .var "mem_la_secondword", 0 0;
v0xc00e85c20_0 .net "mem_la_use_prefetched_high_word", 0 0, L_0xc014783b8;  1 drivers
v0xc00e85cc0_0 .var "mem_la_wdata", 31 0;
v0xc00e85d60_0 .net "mem_la_write", 0 0, L_0xc00dc8310;  1 drivers
v0xc00e85e00_0 .var "mem_la_wstrb", 3 0;
v0xc00e85ea0_0 .net "mem_rdata", 31 0, L_0xc01061180;  alias, 1 drivers
v0xc00e85f40_0 .net "mem_rdata_latched", 31 0, L_0xc010615e0;  1 drivers
v0xc00e85fe0_0 .net "mem_rdata_latched_noshuffle", 31 0, L_0xc010d1900;  1 drivers
v0xc00e86080_0 .var "mem_rdata_q", 31 0;
v0xc00e86120_0 .var "mem_rdata_word", 31 0;
v0xc00e861c0_0 .net "mem_ready", 0 0, L_0xc00dc9340;  alias, 1 drivers
v0xc00e86260_0 .var "mem_state", 1 0;
v0xc00e86300_0 .var "mem_valid", 0 0;
v0xc00e863a0_0 .var "mem_wdata", 31 0;
v0xc00e86440_0 .var "mem_wordsize", 1 0;
v0xc00e864e0_0 .var "mem_wstrb", 3 0;
v0xc00e86580_0 .net "mem_xfer", 0 0, L_0xc00dc8930;  1 drivers
v0xc00e86620_0 .var "new_ascii_instr", 63 0;
v0xc00e866c0_0 .var "next_insn_opcode", 31 0;
v0xc00e86760_0 .var "next_irq_pending", 31 0;
v0xc00e86800_0 .net "next_pc", 31 0, L_0xc010d19a0;  1 drivers
L_0xc01478250 .functor BUFT 1, C4<xxxxxxxxxxxxxxxxxxxxxxxxxxxxxxxx>, C4<0>, C4<0>, C4<0>;
v0xc00e868a0_0 .net "pcpi_div_rd", 31 0, L_0xc01478250;  1 drivers
L_0xc014782e0 .functor BUFT 1, C4<0>, C4<0>, C4<0>, C4<0>;
v0xc00e86940_0 .net "pcpi_div_ready", 0 0, L_0xc014782e0;  1 drivers
L_0xc01478298 .functor BUFT 1, C4<0>, C4<0>, C4<0>, C4<0>;
v0xc00e869e0_0 .net "pcpi_div_wait", 0 0, L_0xc01478298;  1 drivers
L_0xc01478208 .functor BUFT 1, C4<0>, C4<0>, C4<0>, C4<0>;
v0xc00e86a80_0 .net "pcpi_div_wr", 0 0, L_0xc01478208;  1 drivers
v0xc00e86b20_0 .var "pcpi_insn", 31 0;
v0xc00e86bc0_0 .var "pcpi_int_rd", 31 0;
v0xc00e86c60_0 .var "pcpi_int_ready", 0 0;
v0xc00e86d00_0 .var "pcpi_int_wait", 0 0;
v0xc00e86da0_0 .var "pcpi_int_wr", 0 0;
L_0xc01478130 .functor BUFT 1, C4<xxxxxxxxxxxxxxxxxxxxxxxxxxxxxxxx>, C4<0>, C4<0>, C4<0>;
v0xc00e86e40_0 .net "pcpi_mul_rd", 31 0, L_0xc01478130;  1 drivers
L_0xc014781c0 .functor BUFT 1, C4<0>, C4<0>, C4<0>, C4<0>;
v0xc00e86ee0_0 .net "pcpi_mul_ready", 0 0, L_0xc014781c0;  1 drivers
L_0xc01478178 .functor BUFT 1, C4<0>, C4<0>, C4<0>, C4<0>;
v0xc00e86f80_0 .net "pcpi_mul_wait", 0 0, L_0xc01478178;  1 drivers
L_0xc014780e8 .functor BUFT 1, C4<0>, C4<0>, C4<0>, C4<0>;
v0xc00e87020_0 .net "pcpi_mul_wr", 0 0, L_0xc014780e8;  1 drivers
v0xc00e870c0_0 .net "pcpi_rd", 31 0, o0xc01447eb0;  alias, 0 drivers
v0xc00e87160_0 .net "pcpi_ready", 0 0, o0xc01447ee0;  alias, 0 drivers
v0xc00e87200_0 .net "pcpi_rs1", 31 0, L_0xc01061500;  alias, 1 drivers
v0xc00e872a0_0 .net "pcpi_rs2", 31 0, L_0xc01061570;  alias, 1 drivers
v0xc00e87340_0 .var "pcpi_timeout", 0 0;
v0xc00e873e0_0 .var "pcpi_valid", 0 0;
v0xc00e87480_0 .net "pcpi_wait", 0 0, o0xc01447fd0;  alias, 0 drivers
v0xc00e87520_0 .net "pcpi_wr", 0 0, o0xc01448000;  alias, 0 drivers
v0xc00e875c0_0 .var "prefetched_high_word", 0 0;
v0xc00e87660_0 .var "q_ascii_instr", 63 0;
v0xc00e87700_0 .var "q_insn_imm", 31 0;
v0xc00e877a0_0 .var "q_insn_opcode", 31 0;
v0xc00e87840_0 .var "q_insn_rd", 4 0;
v0xc00e878e0_0 .var "q_insn_rs1", 4 0;
v0xc00e87980_0 .var "q_insn_rs2", 4 0;
v0xc00e87a20_0 .var "reg_next_pc", 31 0;
v0xc00e87ac0_0 .var "reg_op1", 31 0;
v0xc00e87b60_0 .var "reg_op2", 31 0;
v0xc00e87c00_0 .var "reg_out", 31 0;
v0xc00e87ca0_0 .var "reg_pc", 31 0;
v0xc00e87d40_0 .var "reg_sh", 4 0;
v0xc00e87de0_0 .net "resetn", 0 0, o0xc014447c0;  alias, 0 drivers
v0xc00e87e80_0 .var "set_mem_do_rdata", 0 0;
v0xc00e87f20_0 .var "set_mem_do_rinst", 0 0;
v0xc00e88000_0 .var "set_mem_do_wdata", 0 0;
v0xc00e880a0_0 .var "timer", 31 0;
v0xc00e88140_0 .var "trace_data", 35 0;
v0xc00e881e0_0 .var "trace_valid", 0 0;
v0xc00e88280_0 .var "trap", 0 0;
v0xc00e80780_0 .array/port v0xc00e80780, 0;
v0xc00e80780_1 .array/port v0xc00e80780, 1;
v0xc00e80780_2 .array/port v0xc00e80780, 2;
E_0xc00e52f80/0 .event anyedge, v0xc00e81ae0_0, v0xc00e80780_0, v0xc00e80780_1, v0xc00e80780_2;
v0xc00e80780_3 .array/port v0xc00e80780, 3;
v0xc00e80780_4 .array/port v0xc00e80780, 4;
v0xc00e80780_5 .array/port v0xc00e80780, 5;
v0xc00e80780_6 .array/port v0xc00e80780, 6;
E_0xc00e52f80/1 .event anyedge, v0xc00e80780_3, v0xc00e80780_4, v0xc00e80780_5, v0xc00e80780_6;
v0xc00e80780_7 .array/port v0xc00e80780, 7;
v0xc00e80780_8 .array/port v0xc00e80780, 8;
v0xc00e80780_9 .array/port v0xc00e80780, 9;
v0xc00e80780_10 .array/port v0xc00e80780, 10;
E_0xc00e52f80/2 .event anyedge, v0xc00e80780_7, v0xc00e80780_8, v0xc00e80780_9, v0xc00e80780_10;
v0xc00e80780_11 .array/port v0xc00e80780, 11;
v0xc00e80780_12 .array/port v0xc00e80780, 12;
v0xc00e80780_13 .array/port v0xc00e80780, 13;
v0xc00e80780_14 .array/port v0xc00e80780, 14;
E_0xc00e52f80/3 .event anyedge, v0xc00e80780_11, v0xc00e80780_12, v0xc00e80780_13, v0xc00e80780_14;
v0xc00e80780_15 .array/port v0xc00e80780, 15;
v0xc00e80780_16 .array/port v0xc00e80780, 16;
v0xc00e80780_17 .array/port v0xc00e80780, 17;
v0xc00e80780_18 .array/port v0xc00e80780, 18;
E_0xc00e52f80/4 .event anyedge, v0xc00e80780_15, v0xc00e80780_16, v0xc00e80780_17, v0xc00e80780_18;
v0xc00e80780_19 .array/port v0xc00e80780, 19;
v0xc00e80780_20 .array/port v0xc00e80780, 20;
v0xc00e80780_21 .array/port v0xc00e80780, 21;
v0xc00e80780_22 .array/port v0xc00e80780, 22;
E_0xc00e52f80/5 .event anyedge, v0xc00e80780_19, v0xc00e80780_20, v0xc00e80780_21, v0xc00e80780_22;
v0xc00e80780_23 .array/port v0xc00e80780, 23;
v0xc00e80780_24 .array/port v0xc00e80780, 24;
v0xc00e80780_25 .array/port v0xc00e80780, 25;
v0xc00e80780_26 .array/port v0xc00e80780, 26;
E_0xc00e52f80/6 .event anyedge, v0xc00e80780_23, v0xc00e80780_24, v0xc00e80780_25, v0xc00e80780_26;
v0xc00e80780_27 .array/port v0xc00e80780, 27;
v0xc00e80780_28 .array/port v0xc00e80780, 28;
v0xc00e80780_29 .array/port v0xc00e80780, 29;
v0xc00e80780_30 .array/port v0xc00e80780, 30;
E_0xc00e52f80/7 .event anyedge, v0xc00e80780_27, v0xc00e80780_28, v0xc00e80780_29, v0xc00e80780_30;
v0xc00e80780_31 .array/port v0xc00e80780, 31;
E_0xc00e52f80/8 .event anyedge, v0xc00e80780_31, v0xc00e81b80_0;
E_0xc00e52f80 .event/or E_0xc00e52f80/0, E_0xc00e52f80/1, E_0xc00e52f80/2, E_0xc00e52f80/3, E_0xc00e52f80/4, E_0xc00e52f80/5, E_0xc00e52f80/6, E_0xc00e52f80/7, E_0xc00e52f80/8;
E_0xc00e52fc0/0 .event anyedge, v0xc00e806e0_0, v0xc00e87ca0_0, v0xc00e84dc0_0, v0xc00e84d20_0;
E_0xc00e52fc0/1 .event anyedge, v0xc00e850e0_0, v0xc00e7bc00_0, v0xc00e87c00_0, v0xc00e85180_0;
E_0xc00e52fc0/2 .event anyedge, v0xc00e87a20_0, v0xc00e841e0_0, v0xc00e84140_0;
E_0xc00e52fc0 .event/or E_0xc00e52fc0/0, E_0xc00e52fc0/1, E_0xc00e52fc0/2;
E_0xc00e53000/0 .event anyedge, v0xc00e803c0_0, v0xc00e875c0_0, v0xc00e84d20_0, v0xc00e84280_0;
E_0xc00e53000/1 .event anyedge, v0xc00e797c0_0;
E_0xc00e53000 .event/or E_0xc00e53000/0, E_0xc00e53000/1;
E_0xc00e53040/0 .event anyedge, v0xc00e7b840_0, v0xc00e82300_0, v0xc00e82620_0, v0xc00e7b8e0_0;
E_0xc00e53040/1 .event anyedge, v0xc00e823a0_0, v0xc00e7b980_0, v0xc00e82440_0, v0xc00e84b40_0;
E_0xc00e53040/2 .event anyedge, v0xc00e84be0_0, v0xc00e7b7a0_0, v0xc00e84820_0, v0xc00e7bac0_0;
E_0xc00e53040/3 .event anyedge, v0xc00e84500_0, v0xc00e87ac0_0, v0xc00e87b60_0, v0xc00e83e80_0;
E_0xc00e53040/4 .event anyedge, v0xc00e83de0_0, v0xc00e82ee0_0, v0xc00e82e40_0, v0xc00e821c0_0;
E_0xc00e53040/5 .event anyedge, v0xc00e82120_0, v0xc00e7bca0_0, v0xc00e7bd40_0;
E_0xc00e53040 .event/or E_0xc00e53040/0, E_0xc00e53040/1, E_0xc00e53040/2, E_0xc00e53040/3, E_0xc00e53040/4, E_0xc00e53040/5;
E_0xc00e53080 .event anyedge, v0xc00e806e0_0;
E_0xc00e530c0/0 .event anyedge, v0xc00e87660_0, v0xc00e87700_0, v0xc00e877a0_0, v0xc00e878e0_0;
E_0xc00e530c0/1 .event anyedge, v0xc00e87980_0, v0xc00e87840_0, v0xc00e814a0_0, v0xc00e81cc0_0;
E_0xc00e530c0/2 .event anyedge, v0xc00e7bf20_0, v0xc00e80000_0, v0xc00e800a0_0, v0xc00e801e0_0;
E_0xc00e530c0/3 .event anyedge, v0xc00e80280_0, v0xc00e80140_0, v0xc00e86620_0, v0xc00e866c0_0;
E_0xc00e530c0/4 .event anyedge, v0xc00e81860_0, v0xc00e81ae0_0, v0xc00e81b80_0, v0xc00e819a0_0;
E_0xc00e530c0 .event/or E_0xc00e530c0/0, E_0xc00e530c0/1, E_0xc00e530c0/2, E_0xc00e530c0/3, E_0xc00e530c0/4;
E_0xc00e53100/0 .event anyedge, v0xc00e82c60_0, v0xc00e82260_0, v0xc00e828a0_0, v0xc00e82940_0;
E_0xc00e53100/1 .event anyedge, v0xc00e82300_0, v0xc00e82620_0, v0xc00e824e0_0, v0xc00e823a0_0;
E_0xc00e53100/2 .event anyedge, v0xc00e82580_0, v0xc00e82440_0, v0xc00e829e0_0, v0xc00e82b20_0;
E_0xc00e53100/3 .event anyedge, v0xc00e82d00_0, v0xc00e82a80_0, v0xc00e82bc0_0, v0xc00e832a0_0;
E_0xc00e53100/4 .event anyedge, v0xc00e833e0_0, v0xc00e83b60_0, v0xc00e82080_0, v0xc00e83660_0;
E_0xc00e53100/5 .event anyedge, v0xc00e83700_0, v0xc00e83e80_0, v0xc00e82ee0_0, v0xc00e821c0_0;
E_0xc00e53100/6 .event anyedge, v0xc00e83520_0, v0xc00e83a20_0, v0xc00e838e0_0, v0xc00e81fe0_0;
E_0xc00e53100/7 .event anyedge, v0xc00e83ac0_0, v0xc00e83480_0, v0xc00e835c0_0, v0xc00e837a0_0;
E_0xc00e53100/8 .event anyedge, v0xc00e83de0_0, v0xc00e83980_0, v0xc00e83840_0, v0xc00e82e40_0;
E_0xc00e53100/9 .event anyedge, v0xc00e82120_0, v0xc00e82f80_0, v0xc00e83020_0, v0xc00e830c0_0;
E_0xc00e53100/10 .event anyedge, v0xc00e83160_0, v0xc00e82760_0, v0xc00e82800_0, v0xc00e83340_0;
E_0xc00e53100/11 .event anyedge, v0xc00e83200_0, v0xc00e82da0_0, v0xc00e83d40_0, v0xc00e83c00_0;
E_0xc00e53100 .event/or E_0xc00e53100/0, E_0xc00e53100/1, E_0xc00e53100/2, E_0xc00e53100/3, E_0xc00e53100/4, E_0xc00e53100/5, E_0xc00e53100/6, E_0xc00e53100/7, E_0xc00e53100/8, E_0xc00e53100/9, E_0xc00e53100/10, E_0xc00e53100/11;
E_0xc00e53140 .event anyedge, v0xc00e86440_0, v0xc00e87b60_0, v0xc00e794a0_0, v0xc00e87ac0_0;
E_0xc00e53180 .event anyedge, v0xc00e87020_0, v0xc00e86e40_0, v0xc00e86a80_0, v0xc00e868a0_0;
L_0xc010d10e0 .concat [ 1 1 1 1], v0xc00e85680_0, v0xc00e85540_0, v0xc00e855e0_0, v0xc00e854a0_0;
L_0xc010d1180 .reduce/or L_0xc010d10e0;
L_0xc010d1220 .reduce/or v0xc00e86260_0;
L_0xc010d12c0 .reduce/and v0xc00e86260_0;
L_0xc010d1360 .reduce/nor L_0xc01478328;
L_0xc00eaad00 .part L_0xc010615e0, 0, 2;
L_0xc010d1400 .reduce/nand L_0xc00eaad00;
L_0xc010d14a0 .reduce/nor v0xc00e86260_0;
L_0xc010d1540 .reduce/nor L_0xc014783b8;
L_0xc010d15e0 .reduce/nor v0xc00e86260_0;
L_0xc00eaada0 .part L_0xc010d19a0, 2, 30;
L_0xc010d1680 .arith/sum 30, L_0xc00eaada0, L_0xc01479258;
L_0xc010d1720 .concat [ 2 30 0 0], L_0xc01478448, L_0xc010d1680;
L_0xc00eaae40 .part v0xc00e87ac0_0, 2, 30;
L_0xc010d17c0 .concat [ 2 30 0 0], L_0xc01478490, L_0xc00eaae40;
L_0xc010d1860 .functor MUXZ 32, L_0xc010d17c0, L_0xc010d1720, L_0xc00dc9c00, C4<>;
L_0xc010d1900 .functor MUXZ 32, v0xc00e86080_0, L_0xc01061180, L_0xc00dc9c70, C4<>;
LS_0xc010d1a40_0_0 .concat [ 1 1 1 1], v0xc00e83c00_0, v0xc00e83d40_0, v0xc00e82da0_0, v0xc00e83200_0;
LS_0xc010d1a40_0_4 .concat [ 1 1 1 1], v0xc00e83340_0, v0xc00e82800_0, v0xc00e82760_0, v0xc00e83160_0;
LS_0xc010d1a40_0_8 .concat [ 1 1 1 1], v0xc00e830c0_0, v0xc00e83020_0, v0xc00e82f80_0, v0xc00e82120_0;
LS_0xc010d1a40_0_12 .concat [ 1 1 1 1], v0xc00e82e40_0, v0xc00e83840_0, v0xc00e83980_0, v0xc00e83de0_0;
LS_0xc010d1a40_0_16 .concat [ 1 1 1 1], v0xc00e837a0_0, v0xc00e835c0_0, v0xc00e83480_0, v0xc00e83ac0_0;
LS_0xc010d1a40_0_20 .concat [ 1 1 1 1], v0xc00e81fe0_0, v0xc00e838e0_0, v0xc00e83a20_0, v0xc00e83520_0;
LS_0xc010d1a40_0_24 .concat [ 1 1 1 1], v0xc00e821c0_0, v0xc00e82ee0_0, v0xc00e83e80_0, v0xc00e83700_0;
LS_0xc010d1a40_0_28 .concat [ 1 1 1 1], v0xc00e83660_0, v0xc00e82080_0, v0xc00e83b60_0, v0xc00e833e0_0;
LS_0xc010d1a40_0_32 .concat [ 1 1 1 1], v0xc00e832a0_0, v0xc00e82bc0_0, v0xc00e82a80_0, v0xc00e82d00_0;
LS_0xc010d1a40_0_36 .concat [ 1 1 1 1], v0xc00e82b20_0, v0xc00e829e0_0, v0xc00e82440_0, v0xc00e82580_0;
LS_0xc010d1a40_0_40 .concat [ 1 1 1 1], v0xc00e823a0_0, v0xc00e824e0_0, v0xc00e82620_0, v0xc00e82300_0;
LS_0xc010d1a40_0_44 .concat [ 1 1 1 1], v0xc00e82940_0, v0xc00e828a0_0, v0xc00e82260_0, v0xc00e82c60_0;
LS_0xc010d1a40_1_0 .concat [ 4 4 4 4], LS_0xc010d1a40_0_0, LS_0xc010d1a40_0_4, LS_0xc010d1a40_0_8, LS_0xc010d1a40_0_12;
LS_0xc010d1a40_1_4 .concat [ 4 4 4 4], LS_0xc010d1a40_0_16, LS_0xc010d1a40_0_20, LS_0xc010d1a40_0_24, LS_0xc010d1a40_0_28;
LS_0xc010d1a40_1_8 .concat [ 4 4 4 4], LS_0xc010d1a40_0_32, LS_0xc010d1a40_0_36, LS_0xc010d1a40_0_40, LS_0xc010d1a40_0_44;
L_0xc010d1a40 .concat [ 16 16 16 0], LS_0xc010d1a40_1_0, LS_0xc010d1a40_1_4, LS_0xc010d1a40_1_8;
L_0xc010d1ae0 .reduce/nor L_0xc010d1a40;
L_0xc010d1b80 .concat [ 1 1 1 1], v0xc00e83160_0, v0xc00e830c0_0, v0xc00e83020_0, v0xc00e82f80_0;
L_0xc010d1c20 .reduce/or L_0xc010d1b80;
L_0xc010d19a0 .functor MUXZ 32, v0xc00e87a20_0, L_0xc00dc9dc0, L_0xc00dc9d50, C4<>;
L_0xc00eaaee0 .cmp/eq 8, v0xc00e806e0_0, L_0xc014785b0;
S_0x1054752c0 .scope task, "empty_statement" "empty_statement" 3 214, 3 214 0, S_0x105484e80;
 .timescale -9 -12;
TD_picorv32_axi.picorv32_core.empty_statement ;
    %end;
S_0x1054981e0 .scope generate, "genblk1" "genblk1" 3 285, 3 285 0, S_0x105484e80;
 .timescale -9 -12;
S_0x105483d20 .scope generate, "genblk2" "genblk2" 3 305, 3 305 0, S_0x105484e80;
 .timescale -9 -12;
S_0xc00e7c000 .scope generate, "genblk3" "genblk3" 3 1229, 3 1229 0, S_0x105484e80;
 .timescale -9 -12;
E_0xc00e531c0/0 .event anyedge, v0xc00e83ac0_0, v0xc00e87ac0_0, v0xc00e87b60_0, v0xc00e83840_0;
E_0xc00e531c0/1 .event anyedge, v0xc00e838e0_0;
E_0xc00e531c0 .event/or E_0xc00e531c0/0, E_0xc00e531c0/1;
S_0x1054871a0 .scope module, "picorv32_regs" "picorv32_regs" 3 2174;
 .timescale -9 -12;
    .port_info 0 /INPUT 1 "clk";
    .port_info 1 /INPUT 1 "wen";
    .port_info 2 /INPUT 6 "waddr";
    .port_info 3 /INPUT 6 "raddr1";
    .port_info 4 /INPUT 6 "raddr2";
    .port_info 5 /INPUT 32 "wdata";
    .port_info 6 /OUTPUT 32 "rdata1";
    .port_info 7 /OUTPUT 32 "rdata2";
L_0xc00dc9f10 .functor NOT 5, L_0xc00eab020, C4<00000>, C4<00000>, C4<00000>;
L_0xc01061650 .functor BUFZ 32, L_0xc00eaaf80, C4<00000000000000000000000000000000>, C4<00000000000000000000000000000000>, C4<00000000000000000000000000000000>;
L_0xc00dc9f80 .functor NOT 5, L_0xc00eab160, C4<00000>, C4<00000>, C4<00000>;
L_0xc010616c0 .functor BUFZ 32, L_0xc00eab0c0, C4<00000000000000000000000000000000>, C4<00000000000000000000000000000000>, C4<00000000000000000000000000000000>;
v0xc00e89b80_0 .net *"_ivl_0", 31 0, L_0xc00eaaf80;  1 drivers
v0xc00e89c20_0 .net *"_ivl_12", 31 0, L_0xc00eab0c0;  1 drivers
v0xc00e89cc0_0 .net *"_ivl_15", 4 0, L_0xc00eab160;  1 drivers
v0xc00e89d60_0 .net *"_ivl_16", 4 0, L_0xc00dc9f80;  1 drivers
v0xc00e89e00_0 .net *"_ivl_18", 6 0, L_0xc010d1d60;  1 drivers
L_0xc01478688 .functor BUFT 1, C4<00>, C4<0>, C4<0>, C4<0>;
v0xc00e89ea0_0 .net *"_ivl_21", 1 0, L_0xc01478688;  1 drivers
v0xc00e89f40_0 .net *"_ivl_3", 4 0, L_0xc00eab020;  1 drivers
v0xc00e89fe0_0 .net *"_ivl_4", 4 0, L_0xc00dc9f10;  1 drivers
v0xc00e8a080_0 .net *"_ivl_6", 6 0, L_0xc010d1cc0;  1 drivers
L_0xc01478640 .functor BUFT 1, C4<00>, C4<0>, C4<0>, C4<0>;
v0xc00e8a120_0 .net *"_ivl_9", 1 0, L_0xc01478640;  1 drivers
o0xc014490e0 .functor BUFZ 1, c4<z>; HiZ drive
v0xc00e8a1c0_0 .net "clk", 0 0, o0xc014490e0;  0 drivers
o0xc01449110 .functor BUFZ 6, c4<zzzzzz>; HiZ drive
v0xc00e8a260_0 .net "raddr1", 5 0, o0xc01449110;  0 drivers
o0xc01449140 .functor BUFZ 6, c4<zzzzzz>; HiZ drive
v0xc00e8a300_0 .net "raddr2", 5 0, o0xc01449140;  0 drivers
v0xc00e8a3a0_0 .net "rdata1", 31 0, L_0xc01061650;  1 drivers
v0xc00e8a440_0 .net "rdata2", 31 0, L_0xc010616c0;  1 drivers
v0xc00e8a4e0 .array "regs", 30 0, 31 0;
o0xc014491d0 .functor BUFZ 6, c4<zzzzzz>; HiZ drive
v0xc00e8a580_0 .net "waddr", 5 0, o0xc014491d0;  0 drivers
o0xc01449200 .functor BUFZ 32, c4<zzzzzzzzzzzzzzzzzzzzzzzzzzzzzzzz>; HiZ drive
v0xc00e8a620_0 .net "wdata", 31 0, o0xc01449200;  0 drivers
o0xc01449230 .functor BUFZ 1, c4<z>; HiZ drive
v0xc00e8a6c0_0 .net "wen", 0 0, o0xc01449230;  0 drivers
E_0xc00e53440 .event posedge, v0xc00e8a1c0_0;
L_0xc00eaaf80 .array/port v0xc00e8a4e0, L_0xc010d1cc0;
L_0xc00eab020 .part o0xc01449110, 0, 5;
L_0xc010d1cc0 .concat [ 5 2 0 0], L_0xc00dc9f10, L_0xc01478640;
L_0xc00eab0c0 .array/port v0xc00e8a4e0, L_0xc010d1d60;
L_0xc00eab160 .part o0xc01449140, 0, 5;
L_0xc010d1d60 .concat [ 5 2 0 0], L_0xc00dc9f80, L_0xc01478688;
S_0x1054848c0 .scope module, "picorv32_wb" "picorv32_wb" 3 2815;
 .timescale -9 -12;
    .port_info 0 /OUTPUT 1 "trap";
    .port_info 1 /INPUT 1 "wb_rst_i";
    .port_info 2 /INPUT 1 "wb_clk_i";
    .port_info 3 /OUTPUT 32 "wbm_adr_o";
    .port_info 4 /OUTPUT 32 "wbm_dat_o";
    .port_info 5 /INPUT 32 "wbm_dat_i";
    .port_info 6 /OUTPUT 1 "wbm_we_o";
    .port_info 7 /OUTPUT 4 "wbm_sel_o";
    .port_info 8 /OUTPUT 1 "wbm_stb_o";
    .port_info 9 /INPUT 1 "wbm_ack_i";
    .port_info 10 /OUTPUT 1 "wbm_cyc_o";
    .port_info 11 /OUTPUT 1 "pcpi_valid";
    .port_info 12 /OUTPUT 32 "pcpi_insn";
    .port_info 13 /OUTPUT 32 "pcpi_rs1";
    .port_info 14 /OUTPUT 32 "pcpi_rs2";
    .port_info 15 /INPUT 1 "pcpi_wr";
    .port_info 16 /INPUT 32 "pcpi_rd";
    .port_info 17 /INPUT 1 "pcpi_wait";
    .port_info 18 /INPUT 1 "pcpi_ready";
    .port_info 19 /INPUT 32 "irq";
    .port_info 20 /OUTPUT 32 "eoi";
    .port_info 21 /OUTPUT 1 "trace_valid";
    .port_info 22 /OUTPUT 36 "trace_data";
    .port_info 23 /OUTPUT 1 "mem_instr";
P_0xc0110d500 .param/l "BARREL_SHIFTER" 0 3 2821, C4<0>;
P_0xc0110d540 .param/l "CATCH_ILLINSN" 0 3 2826, C4<1>;
P_0xc0110d580 .param/l "CATCH_MISALIGN" 0 3 2825, C4<1>;
P_0xc0110d5c0 .param/l "COMPRESSED_ISA" 0 3 2824, C4<0>;
P_0xc0110d600 .param/l "ENABLE_COUNTERS" 0 3 2816, C4<1>;
P_0xc0110d640 .param/l "ENABLE_COUNTERS64" 0 3 2817, C4<1>;
P_0xc0110d680 .param/l "ENABLE_DIV" 0 3 2830, C4<0>;
P_0xc0110d6c0 .param/l "ENABLE_FAST_MUL" 0 3 2829, C4<0>;
P_0xc0110d700 .param/l "ENABLE_IRQ" 0 3 2831, C4<0>;
P_0xc0110d740 .param/l "ENABLE_IRQ_QREGS" 0 3 2832, C4<1>;
P_0xc0110d780 .param/l "ENABLE_IRQ_TIMER" 0 3 2833, C4<1>;
P_0xc0110d7c0 .param/l "ENABLE_MUL" 0 3 2828, C4<0>;
P_0xc0110d800 .param/l "ENABLE_PCPI" 0 3 2827, C4<0>;
P_0xc0110d840 .param/l "ENABLE_REGS_16_31" 0 3 2818, C4<1>;
P_0xc0110d880 .param/l "ENABLE_REGS_DUALPORT" 0 3 2819, C4<1>;
P_0xc0110d8c0 .param/l "ENABLE_TRACE" 0 3 2834, C4<0>;
P_0xc0110d900 .param/l "IDLE" 1 3 2989, C4<00>;
P_0xc0110d940 .param/l "LATCHED_IRQ" 0 3 2837, C4<11111111111111111111111111111111>;
P_0xc0110d980 .param/l "MASKED_IRQ" 0 3 2836, C4<00000000000000000000000000000000>;
P_0xc0110d9c0 .param/l "PROGADDR_IRQ" 0 3 2839, C4<00000000000000000000000000010000>;
P_0xc0110da00 .param/l "PROGADDR_RESET" 0 3 2838, C4<00000000000000000000000000000000>;
P_0xc0110da40 .param/l "REGS_INIT_ZERO" 0 3 2835, C4<0>;
P_0xc0110da80 .param/l "STACKADDR" 0 3 2840, C4<11111111111111111111111111111111>;
P_0xc0110dac0 .param/l "TWO_CYCLE_ALU" 0 3 2823, C4<0>;
P_0xc0110db00 .param/l "TWO_CYCLE_COMPARE" 0 3 2822, C4<0>;
P_0xc0110db40 .param/l "TWO_STAGE_SHIFT" 0 3 2820, C4<1>;
P_0xc0110db80 .param/l "WBEND" 1 3 2991, C4<10>;
P_0xc0110dbc0 .param/l "WBSTART" 1 3 2990, C4<01>;
o0xc0144d2e0 .functor BUFZ 1, c4<z>; HiZ drive
L_0xc01061730 .functor BUFZ 1, o0xc0144d2e0, C4<0>, C4<0>, C4<0>;
o0xc0144d310 .functor BUFZ 1, c4<z>; HiZ drive
L_0xc00dc9ff0 .functor NOT 1, o0xc0144d310, C4<0>, C4<0>, C4<0>;
L_0xc00dcaca0 .functor OR 1, L_0xc00eab480, L_0xc00eab520, C4<0>, C4<0>;
L_0xc00dcad10 .functor OR 1, L_0xc00dcaca0, L_0xc00eab5c0, C4<0>, C4<0>;
L_0xc00dcad80 .functor OR 1, L_0xc00dcad10, L_0xc00eab660, C4<0>, C4<0>;
v0xc00e9d180_0 .net *"_ivl_11", 0 0, L_0xc00eab5c0;  1 drivers
v0xc00e9d220_0 .net *"_ivl_12", 0 0, L_0xc00dcad10;  1 drivers
v0xc00e9d2c0_0 .net *"_ivl_15", 0 0, L_0xc00eab660;  1 drivers
v0xc00e9d360_0 .net *"_ivl_5", 0 0, L_0xc00eab480;  1 drivers
v0xc00e9d400_0 .net *"_ivl_7", 0 0, L_0xc00eab520;  1 drivers
v0xc00e9d4a0_0 .net *"_ivl_8", 0 0, L_0xc00dcaca0;  1 drivers
v0xc00e9d540_0 .net "clk", 0 0, L_0xc01061730;  1 drivers
v0xc00e9d5e0_0 .net "eoi", 31 0, v0xc00e96da0_0;  1 drivers
o0xc0144b840 .functor BUFZ 32, c4<zzzzzzzzzzzzzzzzzzzzzzzzzzzzzzzz>; HiZ drive
v0xc00e9d680_0 .net "irq", 31 0, o0xc0144b840;  0 drivers
v0xc00e9d720_0 .net "mem_addr", 31 0, v0xc00e9a1c0_0;  1 drivers
v0xc00e9d7c0_0 .net "mem_instr", 0 0, v0xc00e9a620_0;  1 drivers
v0xc00e9d860_0 .var "mem_rdata", 31 0;
v0xc00e9d900_0 .var "mem_ready", 0 0;
v0xc00e9d9a0_0 .net "mem_valid", 0 0, v0xc00e9b160_0;  1 drivers
v0xc00e9da40_0 .net "mem_wdata", 31 0, v0xc00e9b200_0;  1 drivers
v0xc00e9dae0_0 .net "mem_wstrb", 3 0, v0xc00e9b340_0;  1 drivers
v0xc00e9db80_0 .net "pcpi_insn", 31 0, v0xc00e9b980_0;  1 drivers
o0xc0144c710 .functor BUFZ 32, c4<zzzzzzzzzzzzzzzzzzzzzzzzzzzzzzzz>; HiZ drive
v0xc00e9dc20_0 .net "pcpi_rd", 31 0, o0xc0144c710;  0 drivers
o0xc0144c740 .functor BUFZ 1, c4<z>; HiZ drive
v0xc00e9dcc0_0 .net "pcpi_ready", 0 0, o0xc0144c740;  0 drivers
v0xc00e9dd60_0 .net "pcpi_rs1", 31 0, L_0xc01061ab0;  1 drivers
v0xc00e9de00_0 .net "pcpi_rs2", 31 0, L_0xc01061b20;  1 drivers
v0xc00e9dea0_0 .net "pcpi_valid", 0 0, v0xc00e9c280_0;  1 drivers
o0xc0144c830 .functor BUFZ 1, c4<z>; HiZ drive
v0xc00e9df40_0 .net "pcpi_wait", 0 0, o0xc0144c830;  0 drivers
o0xc0144c860 .functor BUFZ 1, c4<z>; HiZ drive
v0xc00e9dfe0_0 .net "pcpi_wr", 0 0, o0xc0144c860;  0 drivers
v0xc00e9e080_0 .net "resetn", 0 0, L_0xc00dc9ff0;  1 drivers
v0xc00e9e120_0 .var "state", 1 0;
v0xc00e9e1c0_0 .net "trace_data", 35 0, v0xc00e9cfa0_0;  1 drivers
v0xc00e9e260_0 .net "trace_valid", 0 0, v0xc00e9d040_0;  1 drivers
v0xc00e9e300_0 .net "trap", 0 0, v0xc00e9d0e0_0;  1 drivers
v0xc00e9e3a0_0 .net "wb_clk_i", 0 0, o0xc0144d2e0;  0 drivers
v0xc00e9e440_0 .net "wb_rst_i", 0 0, o0xc0144d310;  0 drivers
o0xc0144d340 .functor BUFZ 1, c4<z>; HiZ drive
v0xc00e9e4e0_0 .net "wbm_ack_i", 0 0, o0xc0144d340;  0 drivers
v0xc00e9e580_0 .var "wbm_adr_o", 31 0;
v0xc00e9e620_0 .var "wbm_cyc_o", 0 0;
o0xc0144d3d0 .functor BUFZ 32, c4<zzzzzzzzzzzzzzzzzzzzzzzzzzzzzzzz>; HiZ drive
v0xc00e9e6c0_0 .net "wbm_dat_i", 31 0, o0xc0144d3d0;  0 drivers
v0xc00e9e760_0 .var "wbm_dat_o", 31 0;
v0xc00e9e800_0 .var "wbm_sel_o", 3 0;
v0xc00e9e8a0_0 .var "wbm_stb_o", 0 0;
v0xc00e9e940_0 .var "wbm_we_o", 0 0;
v0xc00e9e9e0_0 .net "we", 0 0, L_0xc00dcad80;  1 drivers
E_0xc00e53480 .event posedge, v0xc00e9e3a0_0;
L_0xc00eab480 .part v0xc00e9b340_0, 0, 1;
L_0xc00eab520 .part v0xc00e9b340_0, 1, 1;
L_0xc00eab5c0 .part v0xc00e9b340_0, 2, 1;
L_0xc00eab660 .part v0xc00e9b340_0, 3, 1;
S_0xc00e7c180 .scope module, "picorv32_core" "picorv32" 3 2938, 3 62 0, S_0x1054848c0;
 .timescale -9 -12;
    .port_info 0 /INPUT 1 "clk";
    .port_info 1 /INPUT 1 "resetn";
    .port_info 2 /OUTPUT 1 "trap";
    .port_info 3 /OUTPUT 1 "mem_valid";
    .port_info 4 /OUTPUT 1 "mem_instr";
    .port_info 5 /INPUT 1 "mem_ready";
    .port_info 6 /OUTPUT 32 "mem_addr";
    .port_info 7 /OUTPUT 32 "mem_wdata";
    .port_info 8 /OUTPUT 4 "mem_wstrb";
    .port_info 9 /INPUT 32 "mem_rdata";
    .port_info 10 /OUTPUT 1 "mem_la_read";
    .port_info 11 /OUTPUT 1 "mem_la_write";
    .port_info 12 /OUTPUT 32 "mem_la_addr";
    .port_info 13 /OUTPUT 32 "mem_la_wdata";
    .port_info 14 /OUTPUT 4 "mem_la_wstrb";
    .port_info 15 /OUTPUT 1 "pcpi_valid";
    .port_info 16 /OUTPUT 32 "pcpi_insn";
    .port_info 17 /OUTPUT 32 "pcpi_rs1";
    .port_info 18 /OUTPUT 32 "pcpi_rs2";
    .port_info 19 /INPUT 1 "pcpi_wr";
    .port_info 20 /INPUT 32 "pcpi_rd";
    .port_info 21 /INPUT 1 "pcpi_wait";
    .port_info 22 /INPUT 1 "pcpi_ready";
    .port_info 23 /INPUT 32 "irq";
    .port_info 24 /OUTPUT 32 "eoi";
    .port_info 25 /OUTPUT 1 "trace_valid";
    .port_info 26 /OUTPUT 36 "trace_data";
P_0xc01148000 .param/l "BARREL_SHIFTER" 0 3 69, C4<0>;
P_0xc01148040 .param/l "CATCH_ILLINSN" 0 3 74, C4<1>;
P_0xc01148080 .param/l "CATCH_MISALIGN" 0 3 73, C4<1>;
P_0xc011480c0 .param/l "COMPRESSED_ISA" 0 3 72, C4<0>;
P_0xc01148100 .param/l "ENABLE_COUNTERS" 0 3 63, C4<1>;
P_0xc01148140 .param/l "ENABLE_COUNTERS64" 0 3 64, C4<1>;
P_0xc01148180 .param/l "ENABLE_DIV" 0 3 78, C4<0>;
P_0xc011481c0 .param/l "ENABLE_FAST_MUL" 0 3 77, C4<0>;
P_0xc01148200 .param/l "ENABLE_IRQ" 0 3 79, C4<0>;
P_0xc01148240 .param/l "ENABLE_IRQ_QREGS" 0 3 80, C4<1>;
P_0xc01148280 .param/l "ENABLE_IRQ_TIMER" 0 3 81, C4<1>;
P_0xc011482c0 .param/l "ENABLE_MUL" 0 3 76, C4<0>;
P_0xc01148300 .param/l "ENABLE_PCPI" 0 3 75, C4<0>;
P_0xc01148340 .param/l "ENABLE_REGS_16_31" 0 3 65, C4<1>;
P_0xc01148380 .param/l "ENABLE_REGS_DUALPORT" 0 3 66, C4<1>;
P_0xc011483c0 .param/l "ENABLE_TRACE" 0 3 82, C4<0>;
P_0xc01148400 .param/l "LATCHED_IRQ" 0 3 85, C4<11111111111111111111111111111111>;
P_0xc01148440 .param/l "LATCHED_MEM_RDATA" 0 3 67, C4<0>;
P_0xc01148480 .param/l "MASKED_IRQ" 0 3 84, C4<00000000000000000000000000000000>;
P_0xc011484c0 .param/l "PROGADDR_IRQ" 0 3 87, C4<00000000000000000000000000010000>;
P_0xc01148500 .param/l "PROGADDR_RESET" 0 3 86, C4<00000000000000000000000000000000>;
P_0xc01148540 .param/l "REGS_INIT_ZERO" 0 3 83, C4<0>;
P_0xc01148580 .param/l "STACKADDR" 0 3 88, C4<11111111111111111111111111111111>;
P_0xc011485c0 .param/l "TRACE_ADDR" 1 3 172, C4<001000000000000000000000000000000000>;
P_0xc01148600 .param/l "TRACE_BRANCH" 1 3 171, C4<000100000000000000000000000000000000>;
P_0xc01148640 .param/l "TRACE_IRQ" 1 3 173, C4<100000000000000000000000000000000000>;
P_0xc01148680 .param/l "TWO_CYCLE_ALU" 0 3 71, C4<0>;
P_0xc011486c0 .param/l "TWO_CYCLE_COMPARE" 0 3 70, C4<0>;
P_0xc01148700 .param/l "TWO_STAGE_SHIFT" 0 3 68, C4<1>;
P_0xc01148740 .param/l "WITH_PCPI" 1 3 169, C4<0>;
P_0xc01148780 .param/l "cpu_state_exec" 1 3 1176, C4<00001000>;
P_0xc011487c0 .param/l "cpu_state_fetch" 1 3 1173, C4<01000000>;
P_0xc01148800 .param/l "cpu_state_ld_rs1" 1 3 1174, C4<00100000>;
P_0xc01148840 .param/l "cpu_state_ld_rs2" 1 3 1175, C4<00010000>;
P_0xc01148880 .param/l "cpu_state_ldmem" 1 3 1179, C4<00000001>;
P_0xc011488c0 .param/l "cpu_state_shift" 1 3 1177, C4<00000100>;
P_0xc01148900 .param/l "cpu_state_stmem" 1 3 1178, C4<00000010>;
P_0xc01148940 .param/l "cpu_state_trap" 1 3 1172, C4<10000000>;
P_0xc01148980 .param/l "irq_buserror" 1 3 163, +C4<00000000000000000000000000000010>;
P_0xc011489c0 .param/l "irq_ebreak" 1 3 162, +C4<00000000000000000000000000000001>;
P_0xc01148a00 .param/l "irq_timer" 1 3 161, +C4<00000000000000000000000000000000>;
P_0xc01148a40 .param/l "irqregs_offset" 1 3 165, +C4<00000000000000000000000000100000>;
P_0xc01148a80 .param/l "regfile_size" 1 3 166, +C4<00000000000000000000000000100000>;
P_0xc01148ac0 .param/l "regindex_bits" 1 3 167, +C4<00000000000000000000000000000101>;
L_0xc010617a0 .functor BUFZ 1, v0xc00e9b160_0, C4<0>, C4<0>, C4<0>;
L_0xc01061810 .functor BUFZ 1, v0xc00e9a620_0, C4<0>, C4<0>, C4<0>;
L_0xc01061880 .functor BUFZ 1, v0xc00e9d900_0, C4<0>, C4<0>, C4<0>;
L_0xc010618f0 .functor BUFZ 32, v0xc00e9a1c0_0, C4<00000000000000000000000000000000>, C4<00000000000000000000000000000000>, C4<00000000000000000000000000000000>;
L_0xc01061960 .functor BUFZ 32, v0xc00e9b200_0, C4<00000000000000000000000000000000>, C4<00000000000000000000000000000000>, C4<00000000000000000000000000000000>;
L_0xc010619d0 .functor BUFZ 4, v0xc00e9b340_0, C4<0000>, C4<0000>, C4<0000>;
L_0xc01061a40 .functor BUFZ 32, v0xc00e9d860_0, C4<00000000000000000000000000000000>, C4<00000000000000000000000000000000>, C4<00000000000000000000000000000000>;
L_0xc01061ab0 .functor BUFZ 32, v0xc00e9c960_0, C4<00000000000000000000000000000000>, C4<00000000000000000000000000000000>, C4<00000000000000000000000000000000>;
L_0xc01061b20 .functor BUFZ 32, v0xc00e9ca00_0, C4<00000000000000000000000000000000>, C4<00000000000000000000000000000000>, C4<00000000000000000000000000000000>;
L_0xc00dca060 .functor AND 1, v0xc00e9b160_0, v0xc00e9d900_0, C4<1>, C4<1>;
L_0xc014789a0 .functor BUFT 1, C4<0>, C4<0>, C4<0>, C4<0>;
L_0xc00dca0d0 .functor AND 1, L_0xc014789a0, v0xc00e9a440_0, C4<1>, C4<1>;
L_0xc00dca140 .functor OR 1, L_0xc00dca060, L_0xc00dca0d0, C4<0>, C4<0>;
L_0xc00dca1b0 .functor AND 1, L_0xc00dca140, L_0xc010d1f40, C4<1>, C4<1>;
L_0xc00dca290 .functor OR 1, v0xc00e9a440_0, v0xc00e9a3a0_0, C4<0>, C4<0>;
L_0xc00dca300 .functor OR 1, L_0xc00dca290, v0xc00e9a4e0_0, C4<0>, C4<0>;
L_0xc00dca220 .functor AND 1, L_0xc00dca1b0, L_0xc00dca300, C4<1>, C4<1>;
L_0xc00dca370 .functor AND 1, L_0xc010d1fe0, v0xc00e9a440_0, C4<1>, C4<1>;
L_0xc00dca3e0 .functor OR 1, L_0xc00dca220, L_0xc00dca370, C4<0>, C4<0>;
L_0xc00dca450 .functor AND 1, L_0xc00dc9ff0, L_0xc00dca3e0, C4<1>, C4<1>;
L_0xc00dca4c0 .functor AND 1, L_0xc010d2120, L_0xc00dca140, C4<1>, C4<1>;
L_0xc00dca530 .functor OR 1, L_0xc010d2080, L_0xc00dca4c0, C4<0>, C4<0>;
L_0xc00dca5a0 .functor AND 1, L_0xc00dca450, L_0xc00dca530, C4<1>, C4<1>;
L_0xc00dca610 .functor AND 1, L_0xc00dc9ff0, L_0xc010d21c0, C4<1>, C4<1>;
L_0xc00dca680 .functor AND 1, L_0xc00dca610, v0xc00e9a4e0_0, C4<1>, C4<1>;
L_0xc00dca6f0 .functor AND 1, L_0xc010d2260, L_0xc010d2300, C4<1>, C4<1>;
L_0xc00dca760 .functor OR 1, v0xc00e9a440_0, v0xc00e9a300_0, C4<0>, C4<0>;
L_0xc00dca7d0 .functor OR 1, L_0xc00dca760, v0xc00e9a3a0_0, C4<0>, C4<0>;
L_0xc00dca840 .functor AND 1, L_0xc00dca6f0, L_0xc00dca7d0, C4<1>, C4<1>;
L_0xc014789e8 .functor BUFT 1, C4<0>, C4<0>, C4<0>, C4<0>;
L_0xc00dca8b0 .functor OR 1, L_0xc00dca840, L_0xc014789e8, C4<0>, C4<0>;
L_0xc00dca920 .functor AND 1, L_0xc00dc9ff0, L_0xc00dca8b0, C4<1>, C4<1>;
L_0xc00dca990 .functor OR 1, v0xc00e9a300_0, v0xc00e9a440_0, C4<0>, C4<0>;
L_0xc01478ac0 .functor BUFT 1, C4<0>, C4<0>, C4<0>, C4<0>;
L_0xc00dcaa00 .functor OR 1, L_0xc00dca140, L_0xc01478ac0, C4<0>, C4<0>;
L_0xc01061b90 .functor BUFZ 32, L_0xc010d2620, C4<00000000000000000000000000000000>, C4<00000000000000000000000000000000>, C4<00000000000000000000000000000000>;
L_0xc01478b08 .functor BUFT 1, C4<1>, C4<0>, C4<0>, C4<0>;
L_0xc00dcaa70 .functor AND 1, L_0xc01478b08, L_0xc010d2800, C4<1>, C4<1>;
L_0xc00dcaae0 .functor AND 1, v0xc00e99fe0_0, v0xc00e99b80_0, C4<1>, C4<1>;
L_0xc01478b50 .functor BUFT 1, C4<11111111111111111111111111111110>, C4<0>, C4<0>, C4<0>;
L_0xc00dcab50 .functor AND 32, v0xc00e9caa0_0, L_0xc01478b50, C4<11111111111111111111111111111111>, C4<11111111111111111111111111111111>;
L_0xc00dcabc0 .functor AND 1, L_0xc00eab3e0, v0xc00e96bc0_0, C4<1>, C4<1>;
L_0xc01478be0 .functor BUFT 1, C4<1>, C4<0>, C4<0>, C4<0>;
L_0xc00dcac30 .functor AND 1, L_0xc00dcabc0, L_0xc01478be0, C4<1>, C4<1>;
v0xc00e8a760_0 .net *"_ivl_100", 31 0, L_0xc010d2440;  1 drivers
v0xc00e8a800_0 .net *"_ivl_103", 29 0, L_0xc00eab340;  1 drivers
L_0xc01478a78 .functor BUFT 1, C4<00>, C4<0>, C4<0>, C4<0>;
v0xc00e8a8a0_0 .net/2u *"_ivl_104", 1 0, L_0xc01478a78;  1 drivers
v0xc00e8a940_0 .net *"_ivl_106", 31 0, L_0xc010d24e0;  1 drivers
v0xc00e8a9e0_0 .net/2u *"_ivl_110", 0 0, L_0xc01478ac0;  1 drivers
v0xc00e8aa80_0 .net *"_ivl_113", 0 0, L_0xc00dcaa00;  1 drivers
v0xc00e8ab20_0 .net/2u *"_ivl_118", 0 0, L_0xc01478b08;  1 drivers
v0xc00e8abc0_0 .net *"_ivl_120", 47 0, L_0xc010d2760;  1 drivers
v0xc00e8ac60_0 .net *"_ivl_123", 0 0, L_0xc010d2800;  1 drivers
v0xc00e8ad00_0 .net *"_ivl_126", 3 0, L_0xc010d28a0;  1 drivers
v0xc00e8ada0_0 .net *"_ivl_131", 0 0, L_0xc00dcaae0;  1 drivers
v0xc00e8ae40_0 .net/2u *"_ivl_132", 31 0, L_0xc01478b50;  1 drivers
v0xc00e8aee0_0 .net *"_ivl_134", 31 0, L_0xc00dcab50;  1 drivers
L_0xc01478b98 .functor BUFT 1, C4<01000000>, C4<0>, C4<0>, C4<0>;
v0xc00e8af80_0 .net/2u *"_ivl_138", 7 0, L_0xc01478b98;  1 drivers
v0xc00e8b020_0 .net *"_ivl_140", 0 0, L_0xc00eab3e0;  1 drivers
v0xc00e8b0c0_0 .net *"_ivl_143", 0 0, L_0xc00dcabc0;  1 drivers
v0xc00e8b160_0 .net/2u *"_ivl_144", 0 0, L_0xc01478be0;  1 drivers
v0xc00e8b200_0 .net *"_ivl_25", 0 0, L_0xc00dca060;  1 drivers
v0xc00e8b2a0_0 .net *"_ivl_27", 0 0, L_0xc00dca0d0;  1 drivers
v0xc00e8b340_0 .net *"_ivl_30", 3 0, L_0xc010d1e00;  1 drivers
v0xc00e8b3e0_0 .net *"_ivl_35", 0 0, L_0xc010d1f40;  1 drivers
v0xc00e8b480_0 .net *"_ivl_37", 0 0, L_0xc00dca1b0;  1 drivers
v0xc00e8b520_0 .net *"_ivl_39", 0 0, L_0xc00dca290;  1 drivers
v0xc00e8b5c0_0 .net *"_ivl_41", 0 0, L_0xc00dca300;  1 drivers
v0xc00e8b660_0 .net *"_ivl_43", 0 0, L_0xc00dca220;  1 drivers
v0xc00e8b700_0 .net *"_ivl_45", 0 0, L_0xc010d1fe0;  1 drivers
v0xc00e8b7a0_0 .net *"_ivl_47", 0 0, L_0xc00dca370;  1 drivers
v0xc00e8b840_0 .net *"_ivl_49", 0 0, L_0xc00dca3e0;  1 drivers
v0xc00e8b8e0_0 .net *"_ivl_51", 0 0, L_0xc00dca450;  1 drivers
v0xc00e8b980_0 .net *"_ivl_53", 0 0, L_0xc010d2080;  1 drivers
v0xc00e8ba20_0 .net *"_ivl_55", 1 0, L_0xc00eab200;  1 drivers
v0xc00e8bac0_0 .net *"_ivl_57", 0 0, L_0xc010d2120;  1 drivers
v0xc00e8bb60_0 .net *"_ivl_59", 0 0, L_0xc00dca4c0;  1 drivers
v0xc00e8bc00_0 .net *"_ivl_61", 0 0, L_0xc00dca530;  1 drivers
v0xc00e8bca0_0 .net *"_ivl_65", 0 0, L_0xc010d21c0;  1 drivers
v0xc00e8bd40_0 .net *"_ivl_67", 0 0, L_0xc00dca610;  1 drivers
v0xc00e8bde0_0 .net *"_ivl_71", 0 0, L_0xc010d2260;  1 drivers
v0xc00e8be80_0 .net *"_ivl_73", 0 0, L_0xc010d2300;  1 drivers
v0xc00e8bf20_0 .net *"_ivl_75", 0 0, L_0xc00dca6f0;  1 drivers
v0xc00e94000_0 .net *"_ivl_77", 0 0, L_0xc00dca760;  1 drivers
v0xc00e940a0_0 .net *"_ivl_79", 0 0, L_0xc00dca7d0;  1 drivers
v0xc00e94140_0 .net *"_ivl_81", 0 0, L_0xc00dca840;  1 drivers
v0xc00e941e0_0 .net/2u *"_ivl_82", 0 0, L_0xc014789e8;  1 drivers
v0xc00e94280_0 .net *"_ivl_85", 0 0, L_0xc00dca8b0;  1 drivers
v0xc00e94320_0 .net *"_ivl_89", 0 0, L_0xc00dca990;  1 drivers
v0xc00e943c0_0 .net *"_ivl_91", 29 0, L_0xc00eab2a0;  1 drivers
L_0xc014792a0 .functor BUFT 1, C4<000000000000000000000000000000>, C4<0>, C4<0>, C4<0>;
v0xc00e94460_0 .net *"_ivl_92", 29 0, L_0xc014792a0;  1 drivers
v0xc00e94500_0 .net *"_ivl_96", 29 0, L_0xc010d23a0;  1 drivers
L_0xc01478a30 .functor BUFT 1, C4<00>, C4<0>, C4<0>, C4<0>;
v0xc00e945a0_0 .net/2u *"_ivl_98", 1 0, L_0xc01478a30;  1 drivers
v0xc00e94640_0 .var "alu_add_sub", 31 0;
v0xc00e946e0_0 .var "alu_eq", 0 0;
v0xc00e94780_0 .var "alu_lts", 0 0;
v0xc00e94820_0 .var "alu_ltu", 0 0;
v0xc00e948c0_0 .var "alu_out", 31 0;
v0xc00e94960_0 .var "alu_out_0", 0 0;
v0xc00e94a00_0 .var "alu_out_0_q", 0 0;
v0xc00e94aa0_0 .var "alu_out_q", 31 0;
v0xc00e94b40_0 .var "alu_shl", 31 0;
v0xc00e94be0_0 .var "alu_shr", 31 0;
v0xc00e94c80_0 .var "alu_wait", 0 0;
v0xc00e94d20_0 .var "alu_wait_2", 0 0;
v0xc00e94dc0_0 .var "cached_ascii_instr", 63 0;
v0xc00e94e60_0 .var "cached_insn_imm", 31 0;
v0xc00e94f00_0 .var "cached_insn_opcode", 31 0;
v0xc00e94fa0_0 .var "cached_insn_rd", 4 0;
v0xc00e95040_0 .var "cached_insn_rs1", 4 0;
v0xc00e950e0_0 .var "cached_insn_rs2", 4 0;
v0xc00e95180_0 .var "clear_prefetched_high_word", 0 0;
v0xc00e95220_0 .var "clear_prefetched_high_word_q", 0 0;
v0xc00e952c0_0 .net "clk", 0 0, L_0xc01061730;  alias, 1 drivers
v0xc00e95360_0 .var "compressed_instr", 0 0;
v0xc00e95400_0 .var "count_cycle", 63 0;
v0xc00e954a0_0 .var "count_instr", 63 0;
v0xc00e95540_0 .var "cpu_state", 7 0;
v0xc00e955e0 .array "cpuregs", 31 0, 31 0;
v0xc00e95680_0 .var "cpuregs_rs1", 31 0;
v0xc00e95720_0 .var "cpuregs_rs2", 31 0;
v0xc00e957c0_0 .var "cpuregs_wrdata", 31 0;
v0xc00e95860_0 .var "cpuregs_write", 0 0;
v0xc00e95900_0 .var "current_pc", 31 0;
v0xc00e959a0_0 .var "dbg_ascii_instr", 63 0;
v0xc00e95a40_0 .var "dbg_ascii_state", 127 0;
v0xc00e95ae0_0 .var "dbg_insn_addr", 31 0;
v0xc00e95b80_0 .var "dbg_insn_imm", 31 0;
v0xc00e95c20_0 .var "dbg_insn_opcode", 31 0;
v0xc00e95cc0_0 .var "dbg_insn_rd", 4 0;
v0xc00e95d60_0 .var "dbg_insn_rs1", 4 0;
v0xc00e95e00_0 .var "dbg_insn_rs2", 4 0;
v0xc00e95ea0_0 .net "dbg_mem_addr", 31 0, L_0xc010618f0;  1 drivers
v0xc00e95f40_0 .net "dbg_mem_instr", 0 0, L_0xc01061810;  1 drivers
v0xc00e95fe0_0 .net "dbg_mem_rdata", 31 0, L_0xc01061a40;  1 drivers
v0xc00e96080_0 .net "dbg_mem_ready", 0 0, L_0xc01061880;  1 drivers
v0xc00e96120_0 .net "dbg_mem_valid", 0 0, L_0xc010617a0;  1 drivers
v0xc00e961c0_0 .net "dbg_mem_wdata", 31 0, L_0xc01061960;  1 drivers
v0xc00e96260_0 .net "dbg_mem_wstrb", 3 0, L_0xc010619d0;  1 drivers
v0xc00e96300_0 .var "dbg_next", 0 0;
v0xc00e963a0_0 .var "dbg_rs1val", 31 0;
v0xc00e96440_0 .var "dbg_rs1val_valid", 0 0;
v0xc00e964e0_0 .var "dbg_rs2val", 31 0;
v0xc00e96580_0 .var "dbg_rs2val_valid", 0 0;
v0xc00e96620_0 .var "dbg_valid_insn", 0 0;
v0xc00e966c0_0 .var "decoded_imm", 31 0;
v0xc00e96760_0 .var "decoded_imm_j", 31 0;
v0xc00e96800_0 .var "decoded_rd", 4 0;
v0xc00e968a0_0 .var "decoded_rs", 4 0;
v0xc00e96940_0 .var "decoded_rs1", 4 0;
v0xc00e969e0_0 .var "decoded_rs2", 4 0;
v0xc00e96a80_0 .var "decoder_pseudo_trigger", 0 0;
v0xc00e96b20_0 .var "decoder_pseudo_trigger_q", 0 0;
v0xc00e96bc0_0 .var "decoder_trigger", 0 0;
v0xc00e96c60_0 .var "decoder_trigger_q", 0 0;
v0xc00e96d00_0 .var "do_waitirq", 0 0;
v0xc00e96da0_0 .var "eoi", 31 0;
v0xc00e96e40_0 .var "instr_add", 0 0;
v0xc00e96ee0_0 .var "instr_addi", 0 0;
v0xc00e96f80_0 .var "instr_and", 0 0;
v0xc00e97020_0 .var "instr_andi", 0 0;
v0xc00e970c0_0 .var "instr_auipc", 0 0;
v0xc00e97160_0 .var "instr_beq", 0 0;
v0xc00e97200_0 .var "instr_bge", 0 0;
v0xc00e972a0_0 .var "instr_bgeu", 0 0;
v0xc00e97340_0 .var "instr_blt", 0 0;
v0xc00e973e0_0 .var "instr_bltu", 0 0;
v0xc00e97480_0 .var "instr_bne", 0 0;
v0xc00e97520_0 .var "instr_ecall_ebreak", 0 0;
v0xc00e975c0_0 .var "instr_fence", 0 0;
v0xc00e97660_0 .var "instr_getq", 0 0;
v0xc00e97700_0 .var "instr_jal", 0 0;
v0xc00e977a0_0 .var "instr_jalr", 0 0;
v0xc00e97840_0 .var "instr_lb", 0 0;
v0xc00e978e0_0 .var "instr_lbu", 0 0;
v0xc00e97980_0 .var "instr_lh", 0 0;
v0xc00e97a20_0 .var "instr_lhu", 0 0;
v0xc00e97ac0_0 .var "instr_lui", 0 0;
v0xc00e97b60_0 .var "instr_lw", 0 0;
v0xc00e97c00_0 .var "instr_maskirq", 0 0;
v0xc00e97ca0_0 .var "instr_or", 0 0;
v0xc00e97d40_0 .var "instr_ori", 0 0;
v0xc00e97de0_0 .var "instr_rdcycle", 0 0;
v0xc00e97e80_0 .var "instr_rdcycleh", 0 0;
v0xc00e97f20_0 .var "instr_rdinstr", 0 0;
v0xc00e98000_0 .var "instr_rdinstrh", 0 0;
v0xc00e980a0_0 .var "instr_retirq", 0 0;
v0xc00e98140_0 .var "instr_sb", 0 0;
v0xc00e981e0_0 .var "instr_setq", 0 0;
v0xc00e98280_0 .var "instr_sh", 0 0;
v0xc00e98320_0 .var "instr_sll", 0 0;
v0xc00e983c0_0 .var "instr_slli", 0 0;
v0xc00e98460_0 .var "instr_slt", 0 0;
v0xc00e98500_0 .var "instr_slti", 0 0;
v0xc00e985a0_0 .var "instr_sltiu", 0 0;
v0xc00e98640_0 .var "instr_sltu", 0 0;
v0xc00e986e0_0 .var "instr_sra", 0 0;
v0xc00e98780_0 .var "instr_srai", 0 0;
v0xc00e98820_0 .var "instr_srl", 0 0;
v0xc00e988c0_0 .var "instr_srli", 0 0;
v0xc00e98960_0 .var "instr_sub", 0 0;
v0xc00e98a00_0 .var "instr_sw", 0 0;
v0xc00e98aa0_0 .var "instr_timer", 0 0;
v0xc00e98b40_0 .net "instr_trap", 0 0, L_0xc00dcaa70;  1 drivers
v0xc00e98be0_0 .var "instr_waitirq", 0 0;
v0xc00e98c80_0 .var "instr_xor", 0 0;
v0xc00e98d20_0 .var "instr_xori", 0 0;
v0xc00e98dc0_0 .net "irq", 31 0, o0xc0144b840;  alias, 0 drivers
v0xc00e98e60_0 .var "irq_active", 0 0;
v0xc00e98f00_0 .var "irq_delay", 0 0;
v0xc00e98fa0_0 .var "irq_mask", 31 0;
v0xc00e99040_0 .var "irq_pending", 31 0;
v0xc00e990e0_0 .var "irq_state", 1 0;
v0xc00e99180_0 .var "is_alu_reg_imm", 0 0;
v0xc00e99220_0 .var "is_alu_reg_reg", 0 0;
v0xc00e992c0_0 .var "is_beq_bne_blt_bge_bltu_bgeu", 0 0;
v0xc00e99360_0 .var "is_compare", 0 0;
v0xc00e99400_0 .var "is_jalr_addi_slti_sltiu_xori_ori_andi", 0 0;
v0xc00e994a0_0 .var "is_lb_lh_lw_lbu_lhu", 0 0;
v0xc00e99540_0 .var "is_lbu_lhu_lw", 0 0;
v0xc00e995e0_0 .var "is_lui_auipc_jal", 0 0;
v0xc00e99680_0 .var "is_lui_auipc_jal_jalr_addi_add_sub", 0 0;
v0xc00e99720_0 .net "is_rdcycle_rdcycleh_rdinstr_rdinstrh", 0 0, L_0xc010d2940;  1 drivers
v0xc00e997c0_0 .var "is_sb_sh_sw", 0 0;
v0xc00e99860_0 .var "is_sll_srl_sra", 0 0;
v0xc00e99900_0 .var "is_slli_srli_srai", 0 0;
v0xc00e999a0_0 .var "is_slti_blt_slt", 0 0;
v0xc00e99a40_0 .var "is_sltiu_bltu_sltu", 0 0;
v0xc00e99ae0_0 .var "last_mem_valid", 0 0;
v0xc00e99b80_0 .var "latched_branch", 0 0;
v0xc00e99c20_0 .var "latched_compr", 0 0;
v0xc00e99cc0_0 .var "latched_is_lb", 0 0;
v0xc00e99d60_0 .var "latched_is_lh", 0 0;
v0xc00e99e00_0 .var "latched_is_lu", 0 0;
v0xc00e99ea0_0 .var "latched_rd", 4 0;
v0xc00e99f40_0 .var "latched_stalu", 0 0;
v0xc00e99fe0_0 .var "latched_store", 0 0;
v0xc00e9a080_0 .var "latched_trace", 0 0;
v0xc00e9a120_0 .net "launch_next_insn", 0 0, L_0xc00dcac30;  1 drivers
v0xc00e9a1c0_0 .var "mem_addr", 31 0;
v0xc00e9a260_0 .net "mem_busy", 0 0, L_0xc010d1ea0;  1 drivers
v0xc00e9a300_0 .var "mem_do_prefetch", 0 0;
v0xc00e9a3a0_0 .var "mem_do_rdata", 0 0;
v0xc00e9a440_0 .var "mem_do_rinst", 0 0;
v0xc00e9a4e0_0 .var "mem_do_wdata", 0 0;
v0xc00e9a580_0 .net "mem_done", 0 0, L_0xc00dca5a0;  1 drivers
v0xc00e9a620_0 .var "mem_instr", 0 0;
v0xc00e9a6c0_0 .net "mem_la_addr", 31 0, L_0xc010d2580;  1 drivers
L_0xc01478910 .functor BUFT 1, C4<0>, C4<0>, C4<0>, C4<0>;
v0xc00e9a760_0 .net "mem_la_firstword", 0 0, L_0xc01478910;  1 drivers
v0xc00e9a800_0 .var "mem_la_firstword_reg", 0 0;
L_0xc01478958 .functor BUFT 1, C4<0>, C4<0>, C4<0>, C4<0>;
v0xc00e9a8a0_0 .net "mem_la_firstword_xfer", 0 0, L_0xc01478958;  1 drivers
v0xc00e9a940_0 .net "mem_la_read", 0 0, L_0xc00dca920;  1 drivers
v0xc00e9a9e0_0 .var "mem_la_secondword", 0 0;
v0xc00e9aa80_0 .net "mem_la_use_prefetched_high_word", 0 0, L_0xc014789a0;  1 drivers
v0xc00e9ab20_0 .var "mem_la_wdata", 31 0;
v0xc00e9abc0_0 .net "mem_la_write", 0 0, L_0xc00dca680;  1 drivers
v0xc00e9ac60_0 .var "mem_la_wstrb", 3 0;
v0xc00e9ad00_0 .net "mem_rdata", 31 0, v0xc00e9d860_0;  1 drivers
v0xc00e9ada0_0 .net "mem_rdata_latched", 31 0, L_0xc01061b90;  1 drivers
v0xc00e9ae40_0 .net "mem_rdata_latched_noshuffle", 31 0, L_0xc010d2620;  1 drivers
v0xc00e9aee0_0 .var "mem_rdata_q", 31 0;
v0xc00e9af80_0 .var "mem_rdata_word", 31 0;
v0xc00e9b020_0 .net "mem_ready", 0 0, v0xc00e9d900_0;  1 drivers
v0xc00e9b0c0_0 .var "mem_state", 1 0;
v0xc00e9b160_0 .var "mem_valid", 0 0;
v0xc00e9b200_0 .var "mem_wdata", 31 0;
v0xc00e9b2a0_0 .var "mem_wordsize", 1 0;
v0xc00e9b340_0 .var "mem_wstrb", 3 0;
v0xc00e9b3e0_0 .net "mem_xfer", 0 0, L_0xc00dca140;  1 drivers
v0xc00e9b480_0 .var "new_ascii_instr", 63 0;
v0xc00e9b520_0 .var "next_insn_opcode", 31 0;
v0xc00e9b5c0_0 .var "next_irq_pending", 31 0;
v0xc00e9b660_0 .net "next_pc", 31 0, L_0xc010d26c0;  1 drivers
L_0xc01478838 .functor BUFT 1, C4<xxxxxxxxxxxxxxxxxxxxxxxxxxxxxxxx>, C4<0>, C4<0>, C4<0>;
v0xc00e9b700_0 .net "pcpi_div_rd", 31 0, L_0xc01478838;  1 drivers
L_0xc014788c8 .functor BUFT 1, C4<0>, C4<0>, C4<0>, C4<0>;
v0xc00e9b7a0_0 .net "pcpi_div_ready", 0 0, L_0xc014788c8;  1 drivers
L_0xc01478880 .functor BUFT 1, C4<0>, C4<0>, C4<0>, C4<0>;
v0xc00e9b840_0 .net "pcpi_div_wait", 0 0, L_0xc01478880;  1 drivers
L_0xc014787f0 .functor BUFT 1, C4<0>, C4<0>, C4<0>, C4<0>;
v0xc00e9b8e0_0 .net "pcpi_div_wr", 0 0, L_0xc014787f0;  1 drivers
v0xc00e9b980_0 .var "pcpi_insn", 31 0;
v0xc00e9ba20_0 .var "pcpi_int_rd", 31 0;
v0xc00e9bac0_0 .var "pcpi_int_ready", 0 0;
v0xc00e9bb60_0 .var "pcpi_int_wait", 0 0;
v0xc00e9bc00_0 .var "pcpi_int_wr", 0 0;
L_0xc01478718 .functor BUFT 1, C4<xxxxxxxxxxxxxxxxxxxxxxxxxxxxxxxx>, C4<0>, C4<0>, C4<0>;
v0xc00e9bca0_0 .net "pcpi_mul_rd", 31 0, L_0xc01478718;  1 drivers
L_0xc014787a8 .functor BUFT 1, C4<0>, C4<0>, C4<0>, C4<0>;
v0xc00e9bd40_0 .net "pcpi_mul_ready", 0 0, L_0xc014787a8;  1 drivers
L_0xc01478760 .functor BUFT 1, C4<0>, C4<0>, C4<0>, C4<0>;
v0xc00e9bde0_0 .net "pcpi_mul_wait", 0 0, L_0xc01478760;  1 drivers
L_0xc014786d0 .functor BUFT 1, C4<0>, C4<0>, C4<0>, C4<0>;
v0xc00e9be80_0 .net "pcpi_mul_wr", 0 0, L_0xc014786d0;  1 drivers
v0xc00e9bf20_0 .net "pcpi_rd", 31 0, o0xc0144c710;  alias, 0 drivers
v0xc00e9c000_0 .net "pcpi_ready", 0 0, o0xc0144c740;  alias, 0 drivers
v0xc00e9c0a0_0 .net "pcpi_rs1", 31 0, L_0xc01061ab0;  alias, 1 drivers
v0xc00e9c140_0 .net "pcpi_rs2", 31 0, L_0xc01061b20;  alias, 1 drivers
v0xc00e9c1e0_0 .var "pcpi_timeout", 0 0;
v0xc00e9c280_0 .var "pcpi_valid", 0 0;
v0xc00e9c320_0 .net "pcpi_wait", 0 0, o0xc0144c830;  alias, 0 drivers
v0xc00e9c3c0_0 .net "pcpi_wr", 0 0, o0xc0144c860;  alias, 0 drivers
v0xc00e9c460_0 .var "prefetched_high_word", 0 0;
v0xc00e9c500_0 .var "q_ascii_instr", 63 0;
v0xc00e9c5a0_0 .var "q_insn_imm", 31 0;
v0xc00e9c640_0 .var "q_insn_opcode", 31 0;
v0xc00e9c6e0_0 .var "q_insn_rd", 4 0;
v0xc00e9c780_0 .var "q_insn_rs1", 4 0;
v0xc00e9c820_0 .var "q_insn_rs2", 4 0;
v0xc00e9c8c0_0 .var "reg_next_pc", 31 0;
v0xc00e9c960_0 .var "reg_op1", 31 0;
v0xc00e9ca00_0 .var "reg_op2", 31 0;
v0xc00e9caa0_0 .var "reg_out", 31 0;
v0xc00e9cb40_0 .var "reg_pc", 31 0;
v0xc00e9cbe0_0 .var "reg_sh", 4 0;
v0xc00e9cc80_0 .net "resetn", 0 0, L_0xc00dc9ff0;  alias, 1 drivers
v0xc00e9cd20_0 .var "set_mem_do_rdata", 0 0;
v0xc00e9cdc0_0 .var "set_mem_do_rinst", 0 0;
v0xc00e9ce60_0 .var "set_mem_do_wdata", 0 0;
v0xc00e9cf00_0 .var "timer", 31 0;
v0xc00e9cfa0_0 .var "trace_data", 35 0;
v0xc00e9d040_0 .var "trace_valid", 0 0;
v0xc00e9d0e0_0 .var "trap", 0 0;
E_0xc00e534c0 .event posedge, v0xc00e952c0_0;
v0xc00e955e0_0 .array/port v0xc00e955e0, 0;
v0xc00e955e0_1 .array/port v0xc00e955e0, 1;
v0xc00e955e0_2 .array/port v0xc00e955e0, 2;
E_0xc00e53500/0 .event anyedge, v0xc00e96940_0, v0xc00e955e0_0, v0xc00e955e0_1, v0xc00e955e0_2;
v0xc00e955e0_3 .array/port v0xc00e955e0, 3;
v0xc00e955e0_4 .array/port v0xc00e955e0, 4;
v0xc00e955e0_5 .array/port v0xc00e955e0, 5;
v0xc00e955e0_6 .array/port v0xc00e955e0, 6;
E_0xc00e53500/1 .event anyedge, v0xc00e955e0_3, v0xc00e955e0_4, v0xc00e955e0_5, v0xc00e955e0_6;
v0xc00e955e0_7 .array/port v0xc00e955e0, 7;
v0xc00e955e0_8 .array/port v0xc00e955e0, 8;
v0xc00e955e0_9 .array/port v0xc00e955e0, 9;
v0xc00e955e0_10 .array/port v0xc00e955e0, 10;
E_0xc00e53500/2 .event anyedge, v0xc00e955e0_7, v0xc00e955e0_8, v0xc00e955e0_9, v0xc00e955e0_10;
v0xc00e955e0_11 .array/port v0xc00e955e0, 11;
v0xc00e955e0_12 .array/port v0xc00e955e0, 12;
v0xc00e955e0_13 .array/port v0xc00e955e0, 13;
v0xc00e955e0_14 .array/port v0xc00e955e0, 14;
E_0xc00e53500/3 .event anyedge, v0xc00e955e0_11, v0xc00e955e0_12, v0xc00e955e0_13, v0xc00e955e0_14;
v0xc00e955e0_15 .array/port v0xc00e955e0, 15;
v0xc00e955e0_16 .array/port v0xc00e955e0, 16;
v0xc00e955e0_17 .array/port v0xc00e955e0, 17;
v0xc00e955e0_18 .array/port v0xc00e955e0, 18;
E_0xc00e53500/4 .event anyedge, v0xc00e955e0_15, v0xc00e955e0_16, v0xc00e955e0_17, v0xc00e955e0_18;
v0xc00e955e0_19 .array/port v0xc00e955e0, 19;
v0xc00e955e0_20 .array/port v0xc00e955e0, 20;
v0xc00e955e0_21 .array/port v0xc00e955e0, 21;
v0xc00e955e0_22 .array/port v0xc00e955e0, 22;
E_0xc00e53500/5 .event anyedge, v0xc00e955e0_19, v0xc00e955e0_20, v0xc00e955e0_21, v0xc00e955e0_22;
v0xc00e955e0_23 .array/port v0xc00e955e0, 23;
v0xc00e955e0_24 .array/port v0xc00e955e0, 24;
v0xc00e955e0_25 .array/port v0xc00e955e0, 25;
v0xc00e955e0_26 .array/port v0xc00e955e0, 26;
E_0xc00e53500/6 .event anyedge, v0xc00e955e0_23, v0xc00e955e0_24, v0xc00e955e0_25, v0xc00e955e0_26;
v0xc00e955e0_27 .array/port v0xc00e955e0, 27;
v0xc00e955e0_28 .array/port v0xc00e955e0, 28;
v0xc00e955e0_29 .array/port v0xc00e955e0, 29;
v0xc00e955e0_30 .array/port v0xc00e955e0, 30;
E_0xc00e53500/7 .event anyedge, v0xc00e955e0_27, v0xc00e955e0_28, v0xc00e955e0_29, v0xc00e955e0_30;
v0xc00e955e0_31 .array/port v0xc00e955e0, 31;
E_0xc00e53500/8 .event anyedge, v0xc00e955e0_31, v0xc00e969e0_0;
E_0xc00e53500 .event/or E_0xc00e53500/0, E_0xc00e53500/1, E_0xc00e53500/2, E_0xc00e53500/3, E_0xc00e53500/4, E_0xc00e53500/5, E_0xc00e53500/6, E_0xc00e53500/7, E_0xc00e53500/8;
E_0xc00e53540/0 .event anyedge, v0xc00e95540_0, v0xc00e9cb40_0, v0xc00e99c20_0, v0xc00e99b80_0;
E_0xc00e53540/1 .event anyedge, v0xc00e99f40_0, v0xc00e94aa0_0, v0xc00e9caa0_0, v0xc00e99fe0_0;
E_0xc00e53540/2 .event anyedge, v0xc00e9c8c0_0, v0xc00e99040_0, v0xc00e98fa0_0;
E_0xc00e53540 .event/or E_0xc00e53540/0, E_0xc00e53540/1, E_0xc00e53540/2;
E_0xc00e53580/0 .event anyedge, v0xc00e95220_0, v0xc00e9c460_0, v0xc00e99b80_0, v0xc00e990e0_0;
E_0xc00e53580/1 .event anyedge, v0xc00e9cc80_0;
E_0xc00e53580 .event/or E_0xc00e53580/0, E_0xc00e53580/1;
E_0xc00e535c0/0 .event anyedge, v0xc00e946e0_0, v0xc00e97160_0, v0xc00e97480_0, v0xc00e94780_0;
E_0xc00e535c0/1 .event anyedge, v0xc00e97200_0, v0xc00e94820_0, v0xc00e972a0_0, v0xc00e999a0_0;
E_0xc00e535c0/2 .event anyedge, v0xc00e99a40_0, v0xc00e94640_0, v0xc00e99680_0, v0xc00e94960_0;
E_0xc00e535c0/3 .event anyedge, v0xc00e99360_0, v0xc00e9c960_0, v0xc00e9ca00_0, v0xc00e98d20_0;
E_0xc00e535c0/4 .event anyedge, v0xc00e98c80_0, v0xc00e97d40_0, v0xc00e97ca0_0, v0xc00e97020_0;
E_0xc00e535c0/5 .event anyedge, v0xc00e96f80_0, v0xc00e94b40_0, v0xc00e94be0_0;
E_0xc00e535c0 .event/or E_0xc00e535c0/0, E_0xc00e535c0/1, E_0xc00e535c0/2, E_0xc00e535c0/3, E_0xc00e535c0/4, E_0xc00e535c0/5;
E_0xc00e53600 .event anyedge, v0xc00e95540_0;
E_0xc00e53640/0 .event anyedge, v0xc00e9c500_0, v0xc00e9c5a0_0, v0xc00e9c640_0, v0xc00e9c780_0;
E_0xc00e53640/1 .event anyedge, v0xc00e9c820_0, v0xc00e9c6e0_0, v0xc00e96300_0, v0xc00e96b20_0;
E_0xc00e53640/2 .event anyedge, v0xc00e94dc0_0, v0xc00e94e60_0, v0xc00e94f00_0, v0xc00e95040_0;
E_0xc00e53640/3 .event anyedge, v0xc00e950e0_0, v0xc00e94fa0_0, v0xc00e9b480_0, v0xc00e9b520_0;
E_0xc00e53640/4 .event anyedge, v0xc00e966c0_0, v0xc00e96940_0, v0xc00e969e0_0, v0xc00e96800_0;
E_0xc00e53640 .event/or E_0xc00e53640/0, E_0xc00e53640/1, E_0xc00e53640/2, E_0xc00e53640/3, E_0xc00e53640/4;
E_0xc00e53680/0 .event anyedge, v0xc00e97ac0_0, v0xc00e970c0_0, v0xc00e97700_0, v0xc00e977a0_0;
E_0xc00e53680/1 .event anyedge, v0xc00e97160_0, v0xc00e97480_0, v0xc00e97340_0, v0xc00e97200_0;
E_0xc00e53680/2 .event anyedge, v0xc00e973e0_0, v0xc00e972a0_0, v0xc00e97840_0, v0xc00e97980_0;
E_0xc00e53680/3 .event anyedge, v0xc00e97b60_0, v0xc00e978e0_0, v0xc00e97a20_0, v0xc00e98140_0;
E_0xc00e53680/4 .event anyedge, v0xc00e98280_0, v0xc00e98a00_0, v0xc00e96ee0_0, v0xc00e98500_0;
E_0xc00e53680/5 .event anyedge, v0xc00e985a0_0, v0xc00e98d20_0, v0xc00e97d40_0, v0xc00e97020_0;
E_0xc00e53680/6 .event anyedge, v0xc00e983c0_0, v0xc00e988c0_0, v0xc00e98780_0, v0xc00e96e40_0;
E_0xc00e53680/7 .event anyedge, v0xc00e98960_0, v0xc00e98320_0, v0xc00e98460_0, v0xc00e98640_0;
E_0xc00e53680/8 .event anyedge, v0xc00e98c80_0, v0xc00e98820_0, v0xc00e986e0_0, v0xc00e97ca0_0;
E_0xc00e53680/9 .event anyedge, v0xc00e96f80_0, v0xc00e97de0_0, v0xc00e97e80_0, v0xc00e97f20_0;
E_0xc00e53680/10 .event anyedge, v0xc00e98000_0, v0xc00e975c0_0, v0xc00e97660_0, v0xc00e981e0_0;
E_0xc00e53680/11 .event anyedge, v0xc00e980a0_0, v0xc00e97c00_0, v0xc00e98be0_0, v0xc00e98aa0_0;
E_0xc00e53680 .event/or E_0xc00e53680/0, E_0xc00e53680/1, E_0xc00e53680/2, E_0xc00e53680/3, E_0xc00e53680/4, E_0xc00e53680/5, E_0xc00e53680/6, E_0xc00e53680/7, E_0xc00e53680/8, E_0xc00e53680/9, E_0xc00e53680/10, E_0xc00e53680/11;
E_0xc00e536c0 .event anyedge, v0xc00e9b2a0_0, v0xc00e9ca00_0, v0xc00e9ad00_0, v0xc00e9c960_0;
E_0xc00e53700 .event anyedge, v0xc00e9be80_0, v0xc00e9bca0_0, v0xc00e9b8e0_0, v0xc00e9b700_0;
L_0xc010d1e00 .concat [ 1 1 1 1], v0xc00e9a4e0_0, v0xc00e9a3a0_0, v0xc00e9a440_0, v0xc00e9a300_0;
L_0xc010d1ea0 .reduce/or L_0xc010d1e00;
L_0xc010d1f40 .reduce/or v0xc00e9b0c0_0;
L_0xc010d1fe0 .reduce/and v0xc00e9b0c0_0;
L_0xc010d2080 .reduce/nor L_0xc01478910;
L_0xc00eab200 .part L_0xc01061b90, 0, 2;
L_0xc010d2120 .reduce/nand L_0xc00eab200;
L_0xc010d21c0 .reduce/nor v0xc00e9b0c0_0;
L_0xc010d2260 .reduce/nor L_0xc014789a0;
L_0xc010d2300 .reduce/nor v0xc00e9b0c0_0;
L_0xc00eab2a0 .part L_0xc010d26c0, 2, 30;
L_0xc010d23a0 .arith/sum 30, L_0xc00eab2a0, L_0xc014792a0;
L_0xc010d2440 .concat [ 2 30 0 0], L_0xc01478a30, L_0xc010d23a0;
L_0xc00eab340 .part v0xc00e9c960_0, 2, 30;
L_0xc010d24e0 .concat [ 2 30 0 0], L_0xc01478a78, L_0xc00eab340;
L_0xc010d2580 .functor MUXZ 32, L_0xc010d24e0, L_0xc010d2440, L_0xc00dca990, C4<>;
L_0xc010d2620 .functor MUXZ 32, v0xc00e9aee0_0, v0xc00e9d860_0, L_0xc00dcaa00, C4<>;
LS_0xc010d2760_0_0 .concat [ 1 1 1 1], v0xc00e98aa0_0, v0xc00e98be0_0, v0xc00e97c00_0, v0xc00e980a0_0;
LS_0xc010d2760_0_4 .concat [ 1 1 1 1], v0xc00e981e0_0, v0xc00e97660_0, v0xc00e975c0_0, v0xc00e98000_0;
LS_0xc010d2760_0_8 .concat [ 1 1 1 1], v0xc00e97f20_0, v0xc00e97e80_0, v0xc00e97de0_0, v0xc00e96f80_0;
LS_0xc010d2760_0_12 .concat [ 1 1 1 1], v0xc00e97ca0_0, v0xc00e986e0_0, v0xc00e98820_0, v0xc00e98c80_0;
LS_0xc010d2760_0_16 .concat [ 1 1 1 1], v0xc00e98640_0, v0xc00e98460_0, v0xc00e98320_0, v0xc00e98960_0;
LS_0xc010d2760_0_20 .concat [ 1 1 1 1], v0xc00e96e40_0, v0xc00e98780_0, v0xc00e988c0_0, v0xc00e983c0_0;
LS_0xc010d2760_0_24 .concat [ 1 1 1 1], v0xc00e97020_0, v0xc00e97d40_0, v0xc00e98d20_0, v0xc00e985a0_0;
LS_0xc010d2760_0_28 .concat [ 1 1 1 1], v0xc00e98500_0, v0xc00e96ee0_0, v0xc00e98a00_0, v0xc00e98280_0;
LS_0xc010d2760_0_32 .concat [ 1 1 1 1], v0xc00e98140_0, v0xc00e97a20_0, v0xc00e978e0_0, v0xc00e97b60_0;
LS_0xc010d2760_0_36 .concat [ 1 1 1 1], v0xc00e97980_0, v0xc00e97840_0, v0xc00e972a0_0, v0xc00e973e0_0;
LS_0xc010d2760_0_40 .concat [ 1 1 1 1], v0xc00e97200_0, v0xc00e97340_0, v0xc00e97480_0, v0xc00e97160_0;
LS_0xc010d2760_0_44 .concat [ 1 1 1 1], v0xc00e977a0_0, v0xc00e97700_0, v0xc00e970c0_0, v0xc00e97ac0_0;
LS_0xc010d2760_1_0 .concat [ 4 4 4 4], LS_0xc010d2760_0_0, LS_0xc010d2760_0_4, LS_0xc010d2760_0_8, LS_0xc010d2760_0_12;
LS_0xc010d2760_1_4 .concat [ 4 4 4 4], LS_0xc010d2760_0_16, LS_0xc010d2760_0_20, LS_0xc010d2760_0_24, LS_0xc010d2760_0_28;
LS_0xc010d2760_1_8 .concat [ 4 4 4 4], LS_0xc010d2760_0_32, LS_0xc010d2760_0_36, LS_0xc010d2760_0_40, LS_0xc010d2760_0_44;
L_0xc010d2760 .concat [ 16 16 16 0], LS_0xc010d2760_1_0, LS_0xc010d2760_1_4, LS_0xc010d2760_1_8;
L_0xc010d2800 .reduce/nor L_0xc010d2760;
L_0xc010d28a0 .concat [ 1 1 1 1], v0xc00e98000_0, v0xc00e97f20_0, v0xc00e97e80_0, v0xc00e97de0_0;
L_0xc010d2940 .reduce/or L_0xc010d28a0;
L_0xc010d26c0 .functor MUXZ 32, v0xc00e9c8c0_0, L_0xc00dcab50, L_0xc00dcaae0, C4<>;
L_0xc00eab3e0 .cmp/eq 8, v0xc00e95540_0, L_0xc01478b98;
S_0xc00e7c480 .scope task, "empty_statement" "empty_statement" 3 214, 3 214 0, S_0xc00e7c180;
 .timescale -9 -12;
TD_picorv32_wb.picorv32_core.empty_statement ;
    %end;
S_0xc00e7c600 .scope generate, "genblk1" "genblk1" 3 285, 3 285 0, S_0xc00e7c180;
 .timescale -9 -12;
S_0xc00e7c780 .scope generate, "genblk2" "genblk2" 3 305, 3 305 0, S_0xc00e7c180;
 .timescale -9 -12;
S_0xc00e7c900 .scope generate, "genblk3" "genblk3" 3 1229, 3 1229 0, S_0xc00e7c180;
 .timescale -9 -12;
E_0xc00e53740/0 .event anyedge, v0xc00e98960_0, v0xc00e9c960_0, v0xc00e9ca00_0, v0xc00e986e0_0;
E_0xc00e53740/1 .event anyedge, v0xc00e98780_0;
E_0xc00e53740 .event/or E_0xc00e53740/0, E_0xc00e53740/1;
S_0x105484a40 .scope module, "tb" "tb" 4 15;
 .timescale -9 -12;
v0xc00eaa580_0 .var "clk", 0 0;
v0xc00eaa620_0 .var/i "cycle_count", 31 0;
v0xc00eaa6c0_0 .var/i "gpio_changes", 31 0;
v0xc00eaa760_0 .net "gpio_out", 31 0, L_0xc01062060;  1 drivers
v0xc00eaa800_0 .var "last_gpio", 31 0;
v0xc00eaa8a0_0 .var/i "max_cycles", 31 0;
v0xc00eaa940_0 .var/i "max_gpio_changes", 31 0;
v0xc00eaa9e0_0 .var "resetn", 0 0;
v0xc00eaaa80_0 .net "sim_done", 0 0, L_0xc010621b0;  1 drivers
v0xc00eaab20_0 .net "uart_data", 7 0, L_0xc01062140;  1 drivers
v0xc00eaabc0_0 .net "uart_valid", 0 0, L_0xc010620d0;  1 drivers
v0xc00eaac60_0 .var "vcd_path", 1023 0;
S_0xc00e7ca80 .scope module, "dut" "soc" 4 32, 5 13 0, S_0x105484a40;
 .timescale -9 -12;
    .port_info 0 /INPUT 1 "clk";
    .port_info 1 /INPUT 1 "resetn";
    .port_info 2 /OUTPUT 32 "gpio_out";
    .port_info 3 /OUTPUT 1 "uart_valid";
    .port_info 4 /OUTPUT 8 "uart_data";
    .port_info 5 /OUTPUT 1 "sim_done";
P_0xc00d55780 .param/str "INIT_FILE" 0 5 16, "\000";
P_0xc00d557c0 .param/l "MEM_WORDS" 1 5 84, +C4<00000000000000000000100000000000>;
L_0xc01062060 .functor BUFZ 32, v0xc00eaa080_0, C4<00000000000000000000000000000000>, C4<00000000000000000000000000000000>, C4<00000000000000000000000000000000>;
L_0xc010620d0 .functor BUFZ 1, v0xc00eaa260_0, C4<0>, C4<0>, C4<0>;
L_0xc01062140 .functor BUFZ 8, v0xc00eaa1c0_0, C4<00000000>, C4<00000000>, C4<00000000>;
L_0xc010621b0 .functor BUFZ 1, v0xc00eaa120_0, C4<0>, C4<0>, C4<0>;
v0xc00ea95e0_0 .net *"_ivl_11", 15 0, L_0xc00eab980;  1 drivers
L_0xc014791c8 .functor BUFT 1, C4<0000000000000000>, C4<0>, C4<0>, C4<0>;
v0xc00ea9680_0 .net/2u *"_ivl_12", 15 0, L_0xc014791c8;  1 drivers
v0xc00ea9720_0 .net *"_ivl_17", 15 0, L_0xc00eabac0;  1 drivers
L_0xc01479210 .functor BUFT 1, C4<0001000000000000>, C4<0>, C4<0>, C4<0>;
v0xc00ea97c0_0 .net/2u *"_ivl_18", 15 0, L_0xc01479210;  1 drivers
v0xc00ea9860_0 .net "bram_word_addr", 12 0, L_0xc00eabc00;  1 drivers
v0xc00ea9900_0 .net "clk", 0 0, v0xc00eaa580_0;  1 drivers
v0xc00ea99a0_0 .net "gpio_out", 31 0, L_0xc01062060;  alias, 1 drivers
v0xc00ea9a40_0 .net "is_bram", 0 0, L_0xc00eaba20;  1 drivers
v0xc00ea9ae0_0 .net "is_io", 0 0, L_0xc00eabb60;  1 drivers
v0xc00ea9b80 .array "mem", 2047 0, 31 0;
v0xc00ea9c20_0 .net "mem_addr", 31 0, v0xc00ea64e0_0;  1 drivers
v0xc00ea9cc0_0 .net "mem_instr", 0 0, v0xc00ea6940_0;  1 drivers
v0xc00ea9d60_0 .var "mem_rdata", 31 0;
v0xc00ea9e00_0 .var "mem_ready", 0 0;
v0xc00ea9ea0_0 .net "mem_valid", 0 0, v0xc00ea7480_0;  1 drivers
v0xc00ea9f40_0 .net "mem_wdata", 31 0, v0xc00ea7520_0;  1 drivers
v0xc00ea9fe0_0 .net "mem_wstrb", 3 0, v0xc00ea7660_0;  1 drivers
v0xc00eaa080_0 .var "r_gpio_out", 31 0;
v0xc00eaa120_0 .var "r_sim_done", 0 0;
v0xc00eaa1c0_0 .var "r_uart_data", 7 0;
v0xc00eaa260_0 .var "r_uart_valid", 0 0;
v0xc00eaa300_0 .net "resetn", 0 0, v0xc00eaa9e0_0;  1 drivers
v0xc00eaa3a0_0 .net "sim_done", 0 0, L_0xc010621b0;  alias, 1 drivers
v0xc00eaa440_0 .net "uart_data", 7 0, L_0xc01062140;  alias, 1 drivers
v0xc00eaa4e0_0 .net "uart_valid", 0 0, L_0xc010620d0;  alias, 1 drivers
L_0xc00eab980 .part v0xc00ea64e0_0, 16, 16;
L_0xc00eaba20 .cmp/eq 16, L_0xc00eab980, L_0xc014791c8;
L_0xc00eabac0 .part v0xc00ea64e0_0, 16, 16;
L_0xc00eabb60 .cmp/eq 16, L_0xc00eabac0, L_0xc01479210;
L_0xc00eabc00 .part v0xc00ea64e0_0, 2, 13;
S_0xc00e7cc00 .scope module, "cpu" "picorv32" 5 56, 3 62 0, S_0xc00e7ca80;
 .timescale -9 -12;
    .port_info 0 /INPUT 1 "clk";
    .port_info 1 /INPUT 1 "resetn";
    .port_info 2 /OUTPUT 1 "trap";
    .port_info 3 /OUTPUT 1 "mem_valid";
    .port_info 4 /OUTPUT 1 "mem_instr";
    .port_info 5 /INPUT 1 "mem_ready";
    .port_info 6 /OUTPUT 32 "mem_addr";
    .port_info 7 /OUTPUT 32 "mem_wdata";
    .port_info 8 /OUTPUT 4 "mem_wstrb";
    .port_info 9 /INPUT 32 "mem_rdata";
    .port_info 10 /OUTPUT 1 "mem_la_read";
    .port_info 11 /OUTPUT 1 "mem_la_write";
    .port_info 12 /OUTPUT 32 "mem_la_addr";
    .port_info 13 /OUTPUT 32 "mem_la_wdata";
    .port_info 14 /OUTPUT 4 "mem_la_wstrb";
    .port_info 15 /OUTPUT 1 "pcpi_valid";
    .port_info 16 /OUTPUT 32 "pcpi_insn";
    .port_info 17 /OUTPUT 32 "pcpi_rs1";
    .port_info 18 /OUTPUT 32 "pcpi_rs2";
    .port_info 19 /INPUT 1 "pcpi_wr";
    .port_info 20 /INPUT 32 "pcpi_rd";
    .port_info 21 /INPUT 1 "pcpi_wait";
    .port_info 22 /INPUT 1 "pcpi_ready";
    .port_info 23 /INPUT 32 "irq";
    .port_info 24 /OUTPUT 32 "eoi";
    .port_info 25 /OUTPUT 1 "trace_valid";
    .port_info 26 /OUTPUT 36 "trace_data";
P_0xc01148c00 .param/l "BARREL_SHIFTER" 0 3 69, C4<0>;
P_0xc01148c40 .param/l "CATCH_ILLINSN" 0 3 74, C4<1>;
P_0xc01148c80 .param/l "CATCH_MISALIGN" 0 3 73, C4<1>;
P_0xc01148cc0 .param/l "COMPRESSED_ISA" 0 3 72, C4<0>;
P_0xc01148d00 .param/l "ENABLE_COUNTERS" 0 3 63, C4<0>;
P_0xc01148d40 .param/l "ENABLE_COUNTERS64" 0 3 64, C4<0>;
P_0xc01148d80 .param/l "ENABLE_DIV" 0 3 78, C4<0>;
P_0xc01148dc0 .param/l "ENABLE_FAST_MUL" 0 3 77, C4<0>;
P_0xc01148e00 .param/l "ENABLE_IRQ" 0 3 79, C4<0>;
P_0xc01148e40 .param/l "ENABLE_IRQ_QREGS" 0 3 80, C4<0>;
P_0xc01148e80 .param/l "ENABLE_IRQ_TIMER" 0 3 81, C4<1>;
P_0xc01148ec0 .param/l "ENABLE_MUL" 0 3 76, C4<0>;
P_0xc01148f00 .param/l "ENABLE_PCPI" 0 3 75, C4<0>;
P_0xc01148f40 .param/l "ENABLE_REGS_16_31" 0 3 65, C4<1>;
P_0xc01148f80 .param/l "ENABLE_REGS_DUALPORT" 0 3 66, C4<1>;
P_0xc01148fc0 .param/l "ENABLE_TRACE" 0 3 82, C4<0>;
P_0xc01149000 .param/l "LATCHED_IRQ" 0 3 85, C4<11111111111111111111111111111111>;
P_0xc01149040 .param/l "LATCHED_MEM_RDATA" 0 3 67, C4<0>;
P_0xc01149080 .param/l "MASKED_IRQ" 0 3 84, C4<00000000000000000000000000000000>;
P_0xc011490c0 .param/l "PROGADDR_IRQ" 0 3 87, C4<00000000000000000000000000010000>;
P_0xc01149100 .param/l "PROGADDR_RESET" 0 3 86, C4<00000000000000000000000000000000>;
P_0xc01149140 .param/l "REGS_INIT_ZERO" 0 3 83, C4<0>;
P_0xc01149180 .param/l "STACKADDR" 0 3 88, C4<00000000000000000001111111110000>;
P_0xc011491c0 .param/l "TRACE_ADDR" 1 3 172, C4<001000000000000000000000000000000000>;
P_0xc01149200 .param/l "TRACE_BRANCH" 1 3 171, C4<000100000000000000000000000000000000>;
P_0xc01149240 .param/l "TRACE_IRQ" 1 3 173, C4<100000000000000000000000000000000000>;
P_0xc01149280 .param/l "TWO_CYCLE_ALU" 0 3 71, C4<0>;
P_0xc011492c0 .param/l "TWO_CYCLE_COMPARE" 0 3 70, C4<0>;
P_0xc01149300 .param/l "TWO_STAGE_SHIFT" 0 3 68, C4<1>;
P_0xc01149340 .param/l "WITH_PCPI" 1 3 169, C4<0>;
P_0xc01149380 .param/l "cpu_state_exec" 1 3 1176, C4<00001000>;
P_0xc011493c0 .param/l "cpu_state_fetch" 1 3 1173, C4<01000000>;
P_0xc01149400 .param/l "cpu_state_ld_rs1" 1 3 1174, C4<00100000>;
P_0xc01149440 .param/l "cpu_state_ld_rs2" 1 3 1175, C4<00010000>;
P_0xc01149480 .param/l "cpu_state_ldmem" 1 3 1179, C4<00000001>;
P_0xc011494c0 .param/l "cpu_state_shift" 1 3 1177, C4<00000100>;
P_0xc01149500 .param/l "cpu_state_stmem" 1 3 1178, C4<00000010>;
P_0xc01149540 .param/l "cpu_state_trap" 1 3 1172, C4<10000000>;
P_0xc01149580 .param/l "irq_buserror" 1 3 163, +C4<00000000000000000000000000000010>;
P_0xc011495c0 .param/l "irq_ebreak" 1 3 162, +C4<00000000000000000000000000000001>;
P_0xc01149600 .param/l "irq_timer" 1 3 161, +C4<00000000000000000000000000000000>;
P_0xc01149640 .param/l "irqregs_offset" 1 3 165, +C4<00000000000000000000000000100000>;
P_0xc01149680 .param/l "regfile_size" 1 3 166, +C4<00000000000000000000000000100000>;
P_0xc011496c0 .param/l "regindex_bits" 1 3 167, +C4<00000000000000000000000000000101>;
L_0xc01061c00 .functor BUFZ 1, v0xc00ea7480_0, C4<0>, C4<0>, C4<0>;
L_0xc01061c70 .functor BUFZ 1, v0xc00ea6940_0, C4<0>, C4<0>, C4<0>;
L_0xc01061ce0 .functor BUFZ 1, v0xc00ea9e00_0, C4<0>, C4<0>, C4<0>;
L_0xc01061d50 .functor BUFZ 32, v0xc00ea64e0_0, C4<00000000000000000000000000000000>, C4<00000000000000000000000000000000>, C4<00000000000000000000000000000000>;
L_0xc01061dc0 .functor BUFZ 32, v0xc00ea7520_0, C4<00000000000000000000000000000000>, C4<00000000000000000000000000000000>, C4<00000000000000000000000000000000>;
L_0xc01061e30 .functor BUFZ 4, v0xc00ea7660_0, C4<0000>, C4<0000>, C4<0000>;
L_0xc01061ea0 .functor BUFZ 32, v0xc00ea9d60_0, C4<00000000000000000000000000000000>, C4<00000000000000000000000000000000>, C4<00000000000000000000000000000000>;
L_0xc01061f10 .functor BUFZ 32, v0xc00ea8c80_0, C4<00000000000000000000000000000000>, C4<00000000000000000000000000000000>, C4<00000000000000000000000000000000>;
L_0xc01061f80 .functor BUFZ 32, v0xc00ea8d20_0, C4<00000000000000000000000000000000>, C4<00000000000000000000000000000000>, C4<00000000000000000000000000000000>;
L_0xc00dcadf0 .functor AND 1, v0xc00ea7480_0, v0xc00ea9e00_0, C4<1>, C4<1>;
L_0xc01478ef8 .functor BUFT 1, C4<0>, C4<0>, C4<0>, C4<0>;
L_0xc00dcae60 .functor AND 1, L_0xc01478ef8, v0xc00ea6760_0, C4<1>, C4<1>;
L_0xc00dcaed0 .functor OR 1, L_0xc00dcadf0, L_0xc00dcae60, C4<0>, C4<0>;
L_0xc00dcaf40 .functor AND 1, L_0xc00dcaed0, L_0xc010d2b20, C4<1>, C4<1>;
L_0xc00dcb020 .functor OR 1, v0xc00ea6760_0, v0xc00ea66c0_0, C4<0>, C4<0>;
L_0xc00dcb090 .functor OR 1, L_0xc00dcb020, v0xc00ea6800_0, C4<0>, C4<0>;
L_0xc00dcafb0 .functor AND 1, L_0xc00dcaf40, L_0xc00dcb090, C4<1>, C4<1>;
L_0xc00dcb100 .functor AND 1, L_0xc010d2bc0, v0xc00ea6760_0, C4<1>, C4<1>;
L_0xc00dcb170 .functor OR 1, L_0xc00dcafb0, L_0xc00dcb100, C4<0>, C4<0>;
L_0xc00dcb1e0 .functor AND 1, v0xc00eaa9e0_0, L_0xc00dcb170, C4<1>, C4<1>;
L_0xc00dcb250 .functor AND 1, L_0xc010d2d00, L_0xc00dcaed0, C4<1>, C4<1>;
L_0xc00dcb2c0 .functor OR 1, L_0xc010d2c60, L_0xc00dcb250, C4<0>, C4<0>;
L_0xc00dcb330 .functor AND 1, L_0xc00dcb1e0, L_0xc00dcb2c0, C4<1>, C4<1>;
L_0xc00dcb3a0 .functor AND 1, v0xc00eaa9e0_0, L_0xc010d2da0, C4<1>, C4<1>;
L_0xc00dcb410 .functor AND 1, L_0xc00dcb3a0, v0xc00ea6800_0, C4<1>, C4<1>;
L_0xc00dcb480 .functor AND 1, L_0xc010d2e40, L_0xc010d2ee0, C4<1>, C4<1>;
L_0xc00dcb4f0 .functor OR 1, v0xc00ea6760_0, v0xc00ea6620_0, C4<0>, C4<0>;
L_0xc00dcb560 .functor OR 1, L_0xc00dcb4f0, v0xc00ea66c0_0, C4<0>, C4<0>;
L_0xc00dcb5d0 .functor AND 1, L_0xc00dcb480, L_0xc00dcb560, C4<1>, C4<1>;
L_0xc01478f40 .functor BUFT 1, C4<0>, C4<0>, C4<0>, C4<0>;
L_0xc00dcb640 .functor OR 1, L_0xc00dcb5d0, L_0xc01478f40, C4<0>, C4<0>;
L_0xc00dcb6b0 .functor AND 1, v0xc00eaa9e0_0, L_0xc00dcb640, C4<1>, C4<1>;
L_0xc00dcb720 .functor OR 1, v0xc00ea6620_0, v0xc00ea6760_0, C4<0>, C4<0>;
L_0xc01479018 .functor BUFT 1, C4<0>, C4<0>, C4<0>, C4<0>;
L_0xc00dcb790 .functor OR 1, L_0xc00dcaed0, L_0xc01479018, C4<0>, C4<0>;
L_0xc01061ff0 .functor BUFZ 32, L_0xc010d3200, C4<00000000000000000000000000000000>, C4<00000000000000000000000000000000>, C4<00000000000000000000000000000000>;
L_0xc01479060 .functor BUFT 1, C4<1>, C4<0>, C4<0>, C4<0>;
L_0xc00dcb800 .functor AND 1, L_0xc01479060, L_0xc010d33e0, C4<1>, C4<1>;
L_0xc00dcb870 .functor AND 1, v0xc00ea6300_0, v0xc00ea5ea0_0, C4<1>, C4<1>;
L_0xc014790a8 .functor BUFT 1, C4<11111111111111111111111111111110>, C4<0>, C4<0>, C4<0>;
L_0xc00dcb8e0 .functor AND 32, v0xc00ea8dc0_0, L_0xc014790a8, C4<11111111111111111111111111111111>, C4<11111111111111111111111111111111>;
L_0xc00dcb950 .functor AND 1, L_0xc00eab8e0, v0xc00ea2ee0_0, C4<1>, C4<1>;
L_0xc01479138 .functor BUFT 1, C4<1>, C4<0>, C4<0>, C4<0>;
L_0xc00dcb9c0 .functor AND 1, L_0xc00dcb950, L_0xc01479138, C4<1>, C4<1>;
v0xc00e9ea80_0 .net *"_ivl_100", 31 0, L_0xc010d3020;  1 drivers
v0xc00e9eb20_0 .net *"_ivl_103", 29 0, L_0xc00eab840;  1 drivers
L_0xc01478fd0 .functor BUFT 1, C4<00>, C4<0>, C4<0>, C4<0>;
v0xc00e9ebc0_0 .net/2u *"_ivl_104", 1 0, L_0xc01478fd0;  1 drivers
v0xc00e9ec60_0 .net *"_ivl_106", 31 0, L_0xc010d30c0;  1 drivers
v0xc00e9ed00_0 .net/2u *"_ivl_110", 0 0, L_0xc01479018;  1 drivers
v0xc00e9eda0_0 .net *"_ivl_113", 0 0, L_0xc00dcb790;  1 drivers
v0xc00e9ee40_0 .net/2u *"_ivl_118", 0 0, L_0xc01479060;  1 drivers
v0xc00e9eee0_0 .net *"_ivl_120", 47 0, L_0xc010d3340;  1 drivers
v0xc00e9ef80_0 .net *"_ivl_123", 0 0, L_0xc010d33e0;  1 drivers
v0xc00e9f020_0 .net *"_ivl_126", 3 0, L_0xc010d3480;  1 drivers
v0xc00e9f0c0_0 .net *"_ivl_131", 0 0, L_0xc00dcb870;  1 drivers
v0xc00e9f160_0 .net/2u *"_ivl_132", 31 0, L_0xc014790a8;  1 drivers
v0xc00e9f200_0 .net *"_ivl_134", 31 0, L_0xc00dcb8e0;  1 drivers
L_0xc014790f0 .functor BUFT 1, C4<01000000>, C4<0>, C4<0>, C4<0>;
v0xc00e9f2a0_0 .net/2u *"_ivl_138", 7 0, L_0xc014790f0;  1 drivers
v0xc00e9f340_0 .net *"_ivl_140", 0 0, L_0xc00eab8e0;  1 drivers
v0xc00e9f3e0_0 .net *"_ivl_143", 0 0, L_0xc00dcb950;  1 drivers
v0xc00e9f480_0 .net/2u *"_ivl_144", 0 0, L_0xc01479138;  1 drivers
v0xc00e9f520_0 .net *"_ivl_25", 0 0, L_0xc00dcadf0;  1 drivers
v0xc00e9f5c0_0 .net *"_ivl_27", 0 0, L_0xc00dcae60;  1 drivers
v0xc00e9f660_0 .net *"_ivl_30", 3 0, L_0xc010d29e0;  1 drivers
v0xc00e9f700_0 .net *"_ivl_35", 0 0, L_0xc010d2b20;  1 drivers
v0xc00e9f7a0_0 .net *"_ivl_37", 0 0, L_0xc00dcaf40;  1 drivers
v0xc00e9f840_0 .net *"_ivl_39", 0 0, L_0xc00dcb020;  1 drivers
v0xc00e9f8e0_0 .net *"_ivl_41", 0 0, L_0xc00dcb090;  1 drivers
v0xc00e9f980_0 .net *"_ivl_43", 0 0, L_0xc00dcafb0;  1 drivers
v0xc00e9fa20_0 .net *"_ivl_45", 0 0, L_0xc010d2bc0;  1 drivers
v0xc00e9fac0_0 .net *"_ivl_47", 0 0, L_0xc00dcb100;  1 drivers
v0xc00e9fb60_0 .net *"_ivl_49", 0 0, L_0xc00dcb170;  1 drivers
v0xc00e9fc00_0 .net *"_ivl_51", 0 0, L_0xc00dcb1e0;  1 drivers
v0xc00e9fca0_0 .net *"_ivl_53", 0 0, L_0xc010d2c60;  1 drivers
v0xc00e9fd40_0 .net *"_ivl_55", 1 0, L_0xc00eab700;  1 drivers
v0xc00e9fde0_0 .net *"_ivl_57", 0 0, L_0xc010d2d00;  1 drivers
v0xc00e9fe80_0 .net *"_ivl_59", 0 0, L_0xc00dcb250;  1 drivers
v0xc00e9ff20_0 .net *"_ivl_61", 0 0, L_0xc00dcb2c0;  1 drivers
v0xc00ea0000_0 .net *"_ivl_65", 0 0, L_0xc010d2da0;  1 drivers
v0xc00ea00a0_0 .net *"_ivl_67", 0 0, L_0xc00dcb3a0;  1 drivers
v0xc00ea0140_0 .net *"_ivl_71", 0 0, L_0xc010d2e40;  1 drivers
v0xc00ea01e0_0 .net *"_ivl_73", 0 0, L_0xc010d2ee0;  1 drivers
v0xc00ea0280_0 .net *"_ivl_75", 0 0, L_0xc00dcb480;  1 drivers
v0xc00ea0320_0 .net *"_ivl_77", 0 0, L_0xc00dcb4f0;  1 drivers
v0xc00ea03c0_0 .net *"_ivl_79", 0 0, L_0xc00dcb560;  1 drivers
v0xc00ea0460_0 .net *"_ivl_81", 0 0, L_0xc00dcb5d0;  1 drivers
v0xc00ea0500_0 .net/2u *"_ivl_82", 0 0, L_0xc01478f40;  1 drivers
v0xc00ea05a0_0 .net *"_ivl_85", 0 0, L_0xc00dcb640;  1 drivers
v0xc00ea0640_0 .net *"_ivl_89", 0 0, L_0xc00dcb720;  1 drivers
v0xc00ea06e0_0 .net *"_ivl_91", 29 0, L_0xc00eab7a0;  1 drivers
L_0xc014792e8 .functor BUFT 1, C4<000000000000000000000000000000>, C4<0>, C4<0>, C4<0>;
v0xc00ea0780_0 .net *"_ivl_92", 29 0, L_0xc014792e8;  1 drivers
v0xc00ea0820_0 .net *"_ivl_96", 29 0, L_0xc010d2f80;  1 drivers
L_0xc01478f88 .functor BUFT 1, C4<00>, C4<0>, C4<0>, C4<0>;
v0xc00ea08c0_0 .net/2u *"_ivl_98", 1 0, L_0xc01478f88;  1 drivers
v0xc00ea0960_0 .var "alu_add_sub", 31 0;
v0xc00ea0a00_0 .var "alu_eq", 0 0;
v0xc00ea0aa0_0 .var "alu_lts", 0 0;
v0xc00ea0b40_0 .var "alu_ltu", 0 0;
v0xc00ea0be0_0 .var "alu_out", 31 0;
v0xc00ea0c80_0 .var "alu_out_0", 0 0;
v0xc00ea0d20_0 .var "alu_out_0_q", 0 0;
v0xc00ea0dc0_0 .var "alu_out_q", 31 0;
v0xc00ea0e60_0 .var "alu_shl", 31 0;
v0xc00ea0f00_0 .var "alu_shr", 31 0;
v0xc00ea0fa0_0 .var "alu_wait", 0 0;
v0xc00ea1040_0 .var "alu_wait_2", 0 0;
v0xc00ea10e0_0 .var "cached_ascii_instr", 63 0;
v0xc00ea1180_0 .var "cached_insn_imm", 31 0;
v0xc00ea1220_0 .var "cached_insn_opcode", 31 0;
v0xc00ea12c0_0 .var "cached_insn_rd", 4 0;
v0xc00ea1360_0 .var "cached_insn_rs1", 4 0;
v0xc00ea1400_0 .var "cached_insn_rs2", 4 0;
v0xc00ea14a0_0 .var "clear_prefetched_high_word", 0 0;
v0xc00ea1540_0 .var "clear_prefetched_high_word_q", 0 0;
v0xc00ea15e0_0 .net "clk", 0 0, v0xc00eaa580_0;  alias, 1 drivers
v0xc00ea1680_0 .var "compressed_instr", 0 0;
v0xc00ea1720_0 .var "count_cycle", 63 0;
v0xc00ea17c0_0 .var "count_instr", 63 0;
v0xc00ea1860_0 .var "cpu_state", 7 0;
v0xc00ea1900 .array "cpuregs", 31 0, 31 0;
v0xc00ea19a0_0 .var "cpuregs_rs1", 31 0;
v0xc00ea1a40_0 .var "cpuregs_rs2", 31 0;
v0xc00ea1ae0_0 .var "cpuregs_wrdata", 31 0;
v0xc00ea1b80_0 .var "cpuregs_write", 0 0;
v0xc00ea1c20_0 .var "current_pc", 31 0;
v0xc00ea1cc0_0 .var "dbg_ascii_instr", 63 0;
v0xc00ea1d60_0 .var "dbg_ascii_state", 127 0;
v0xc00ea1e00_0 .var "dbg_insn_addr", 31 0;
v0xc00ea1ea0_0 .var "dbg_insn_imm", 31 0;
v0xc00ea1f40_0 .var "dbg_insn_opcode", 31 0;
v0xc00ea1fe0_0 .var "dbg_insn_rd", 4 0;
v0xc00ea2080_0 .var "dbg_insn_rs1", 4 0;
v0xc00ea2120_0 .var "dbg_insn_rs2", 4 0;
v0xc00ea21c0_0 .net "dbg_mem_addr", 31 0, L_0xc01061d50;  1 drivers
v0xc00ea2260_0 .net "dbg_mem_instr", 0 0, L_0xc01061c70;  1 drivers
v0xc00ea2300_0 .net "dbg_mem_rdata", 31 0, L_0xc01061ea0;  1 drivers
v0xc00ea23a0_0 .net "dbg_mem_ready", 0 0, L_0xc01061ce0;  1 drivers
v0xc00ea2440_0 .net "dbg_mem_valid", 0 0, L_0xc01061c00;  1 drivers
v0xc00ea24e0_0 .net "dbg_mem_wdata", 31 0, L_0xc01061dc0;  1 drivers
v0xc00ea2580_0 .net "dbg_mem_wstrb", 3 0, L_0xc01061e30;  1 drivers
v0xc00ea2620_0 .var "dbg_next", 0 0;
v0xc00ea26c0_0 .var "dbg_rs1val", 31 0;
v0xc00ea2760_0 .var "dbg_rs1val_valid", 0 0;
v0xc00ea2800_0 .var "dbg_rs2val", 31 0;
v0xc00ea28a0_0 .var "dbg_rs2val_valid", 0 0;
v0xc00ea2940_0 .var "dbg_valid_insn", 0 0;
v0xc00ea29e0_0 .var "decoded_imm", 31 0;
v0xc00ea2a80_0 .var "decoded_imm_j", 31 0;
v0xc00ea2b20_0 .var "decoded_rd", 4 0;
v0xc00ea2bc0_0 .var "decoded_rs", 4 0;
v0xc00ea2c60_0 .var "decoded_rs1", 4 0;
v0xc00ea2d00_0 .var "decoded_rs2", 4 0;
v0xc00ea2da0_0 .var "decoder_pseudo_trigger", 0 0;
v0xc00ea2e40_0 .var "decoder_pseudo_trigger_q", 0 0;
v0xc00ea2ee0_0 .var "decoder_trigger", 0 0;
v0xc00ea2f80_0 .var "decoder_trigger_q", 0 0;
v0xc00ea3020_0 .var "do_waitirq", 0 0;
v0xc00ea30c0_0 .var "eoi", 31 0;
v0xc00ea3160_0 .var "instr_add", 0 0;
v0xc00ea3200_0 .var "instr_addi", 0 0;
v0xc00ea32a0_0 .var "instr_and", 0 0;
v0xc00ea3340_0 .var "instr_andi", 0 0;
v0xc00ea33e0_0 .var "instr_auipc", 0 0;
v0xc00ea3480_0 .var "instr_beq", 0 0;
v0xc00ea3520_0 .var "instr_bge", 0 0;
v0xc00ea35c0_0 .var "instr_bgeu", 0 0;
v0xc00ea3660_0 .var "instr_blt", 0 0;
v0xc00ea3700_0 .var "instr_bltu", 0 0;
v0xc00ea37a0_0 .var "instr_bne", 0 0;
v0xc00ea3840_0 .var "instr_ecall_ebreak", 0 0;
v0xc00ea38e0_0 .var "instr_fence", 0 0;
v0xc00ea3980_0 .var "instr_getq", 0 0;
v0xc00ea3a20_0 .var "instr_jal", 0 0;
v0xc00ea3ac0_0 .var "instr_jalr", 0 0;
v0xc00ea3b60_0 .var "instr_lb", 0 0;
v0xc00ea3c00_0 .var "instr_lbu", 0 0;
v0xc00ea3ca0_0 .var "instr_lh", 0 0;
v0xc00ea3d40_0 .var "instr_lhu", 0 0;
v0xc00ea3de0_0 .var "instr_lui", 0 0;
v0xc00ea3e80_0 .var "instr_lw", 0 0;
v0xc00ea3f20_0 .var "instr_maskirq", 0 0;
v0xc00ea4000_0 .var "instr_or", 0 0;
v0xc00ea40a0_0 .var "instr_ori", 0 0;
v0xc00ea4140_0 .var "instr_rdcycle", 0 0;
v0xc00ea41e0_0 .var "instr_rdcycleh", 0 0;
v0xc00ea4280_0 .var "instr_rdinstr", 0 0;
v0xc00ea4320_0 .var "instr_rdinstrh", 0 0;
v0xc00ea43c0_0 .var "instr_retirq", 0 0;
v0xc00ea4460_0 .var "instr_sb", 0 0;
v0xc00ea4500_0 .var "instr_setq", 0 0;
v0xc00ea45a0_0 .var "instr_sh", 0 0;
v0xc00ea4640_0 .var "instr_sll", 0 0;
v0xc00ea46e0_0 .var "instr_slli", 0 0;
v0xc00ea4780_0 .var "instr_slt", 0 0;
v0xc00ea4820_0 .var "instr_slti", 0 0;
v0xc00ea48c0_0 .var "instr_sltiu", 0 0;
v0xc00ea4960_0 .var "instr_sltu", 0 0;
v0xc00ea4a00_0 .var "instr_sra", 0 0;
v0xc00ea4aa0_0 .var "instr_srai", 0 0;
v0xc00ea4b40_0 .var "instr_srl", 0 0;
v0xc00ea4be0_0 .var "instr_srli", 0 0;
v0xc00ea4c80_0 .var "instr_sub", 0 0;
v0xc00ea4d20_0 .var "instr_sw", 0 0;
v0xc00ea4dc0_0 .var "instr_timer", 0 0;
v0xc00ea4e60_0 .net "instr_trap", 0 0, L_0xc00dcb800;  1 drivers
v0xc00ea4f00_0 .var "instr_waitirq", 0 0;
v0xc00ea4fa0_0 .var "instr_xor", 0 0;
v0xc00ea5040_0 .var "instr_xori", 0 0;
L_0xc01479180 .functor BUFT 1, C4<00000000000000000000000000000000>, C4<0>, C4<0>, C4<0>;
v0xc00ea50e0_0 .net "irq", 31 0, L_0xc01479180;  1 drivers
v0xc00ea5180_0 .var "irq_active", 0 0;
v0xc00ea5220_0 .var "irq_delay", 0 0;
v0xc00ea52c0_0 .var "irq_mask", 31 0;
v0xc00ea5360_0 .var "irq_pending", 31 0;
v0xc00ea5400_0 .var "irq_state", 1 0;
v0xc00ea54a0_0 .var "is_alu_reg_imm", 0 0;
v0xc00ea5540_0 .var "is_alu_reg_reg", 0 0;
v0xc00ea55e0_0 .var "is_beq_bne_blt_bge_bltu_bgeu", 0 0;
v0xc00ea5680_0 .var "is_compare", 0 0;
v0xc00ea5720_0 .var "is_jalr_addi_slti_sltiu_xori_ori_andi", 0 0;
v0xc00ea57c0_0 .var "is_lb_lh_lw_lbu_lhu", 0 0;
v0xc00ea5860_0 .var "is_lbu_lhu_lw", 0 0;
v0xc00ea5900_0 .var "is_lui_auipc_jal", 0 0;
v0xc00ea59a0_0 .var "is_lui_auipc_jal_jalr_addi_add_sub", 0 0;
v0xc00ea5a40_0 .net "is_rdcycle_rdcycleh_rdinstr_rdinstrh", 0 0, L_0xc010d3520;  1 drivers
v0xc00ea5ae0_0 .var "is_sb_sh_sw", 0 0;
v0xc00ea5b80_0 .var "is_sll_srl_sra", 0 0;
v0xc00ea5c20_0 .var "is_slli_srli_srai", 0 0;
v0xc00ea5cc0_0 .var "is_slti_blt_slt", 0 0;
v0xc00ea5d60_0 .var "is_sltiu_bltu_sltu", 0 0;
v0xc00ea5e00_0 .var "last_mem_valid", 0 0;
v0xc00ea5ea0_0 .var "latched_branch", 0 0;
v0xc00ea5f40_0 .var "latched_compr", 0 0;
v0xc00ea5fe0_0 .var "latched_is_lb", 0 0;
v0xc00ea6080_0 .var "latched_is_lh", 0 0;
v0xc00ea6120_0 .var "latched_is_lu", 0 0;
v0xc00ea61c0_0 .var "latched_rd", 4 0;
v0xc00ea6260_0 .var "latched_stalu", 0 0;
v0xc00ea6300_0 .var "latched_store", 0 0;
v0xc00ea63a0_0 .var "latched_trace", 0 0;
v0xc00ea6440_0 .net "launch_next_insn", 0 0, L_0xc00dcb9c0;  1 drivers
v0xc00ea64e0_0 .var "mem_addr", 31 0;
v0xc00ea6580_0 .net "mem_busy", 0 0, L_0xc010d2a80;  1 drivers
v0xc00ea6620_0 .var "mem_do_prefetch", 0 0;
v0xc00ea66c0_0 .var "mem_do_rdata", 0 0;
v0xc00ea6760_0 .var "mem_do_rinst", 0 0;
v0xc00ea6800_0 .var "mem_do_wdata", 0 0;
v0xc00ea68a0_0 .net "mem_done", 0 0, L_0xc00dcb330;  1 drivers
v0xc00ea6940_0 .var "mem_instr", 0 0;
v0xc00ea69e0_0 .net "mem_la_addr", 31 0, L_0xc010d3160;  1 drivers
L_0xc01478e68 .functor BUFT 1, C4<0>, C4<0>, C4<0>, C4<0>;
v0xc00ea6a80_0 .net "mem_la_firstword", 0 0, L_0xc01478e68;  1 drivers
v0xc00ea6b20_0 .var "mem_la_firstword_reg", 0 0;
L_0xc01478eb0 .functor BUFT 1, C4<0>, C4<0>, C4<0>, C4<0>;
v0xc00ea6bc0_0 .net "mem_la_firstword_xfer", 0 0, L_0xc01478eb0;  1 drivers
v0xc00ea6c60_0 .net "mem_la_read", 0 0, L_0xc00dcb6b0;  1 drivers
v0xc00ea6d00_0 .var "mem_la_secondword", 0 0;
v0xc00ea6da0_0 .net "mem_la_use_prefetched_high_word", 0 0, L_0xc01478ef8;  1 drivers
v0xc00ea6e40_0 .var "mem_la_wdata", 31 0;
v0xc00ea6ee0_0 .net "mem_la_write", 0 0, L_0xc00dcb410;  1 drivers
v0xc00ea6f80_0 .var "mem_la_wstrb", 3 0;
v0xc00ea7020_0 .net "mem_rdata", 31 0, v0xc00ea9d60_0;  1 drivers
v0xc00ea70c0_0 .net "mem_rdata_latched", 31 0, L_0xc01061ff0;  1 drivers
v0xc00ea7160_0 .net "mem_rdata_latched_noshuffle", 31 0, L_0xc010d3200;  1 drivers
v0xc00ea7200_0 .var "mem_rdata_q", 31 0;
v0xc00ea72a0_0 .var "mem_rdata_word", 31 0;
v0xc00ea7340_0 .net "mem_ready", 0 0, v0xc00ea9e00_0;  1 drivers
v0xc00ea73e0_0 .var "mem_state", 1 0;
v0xc00ea7480_0 .var "mem_valid", 0 0;
v0xc00ea7520_0 .var "mem_wdata", 31 0;
v0xc00ea75c0_0 .var "mem_wordsize", 1 0;
v0xc00ea7660_0 .var "mem_wstrb", 3 0;
v0xc00ea7700_0 .net "mem_xfer", 0 0, L_0xc00dcaed0;  1 drivers
v0xc00ea77a0_0 .var "new_ascii_instr", 63 0;
v0xc00ea7840_0 .var "next_insn_opcode", 31 0;
v0xc00ea78e0_0 .var "next_irq_pending", 31 0;
v0xc00ea7980_0 .net "next_pc", 31 0, L_0xc010d32a0;  1 drivers
L_0xc01478d90 .functor BUFT 1, C4<xxxxxxxxxxxxxxxxxxxxxxxxxxxxxxxx>, C4<0>, C4<0>, C4<0>;
v0xc00ea7a20_0 .net "pcpi_div_rd", 31 0, L_0xc01478d90;  1 drivers
L_0xc01478e20 .functor BUFT 1, C4<0>, C4<0>, C4<0>, C4<0>;
v0xc00ea7ac0_0 .net "pcpi_div_ready", 0 0, L_0xc01478e20;  1 drivers
L_0xc01478dd8 .functor BUFT 1, C4<0>, C4<0>, C4<0>, C4<0>;
v0xc00ea7b60_0 .net "pcpi_div_wait", 0 0, L_0xc01478dd8;  1 drivers
L_0xc01478d48 .functor BUFT 1, C4<0>, C4<0>, C4<0>, C4<0>;
v0xc00ea7c00_0 .net "pcpi_div_wr", 0 0, L_0xc01478d48;  1 drivers
v0xc00ea7ca0_0 .var "pcpi_insn", 31 0;
v0xc00ea7d40_0 .var "pcpi_int_rd", 31 0;
v0xc00ea7de0_0 .var "pcpi_int_ready", 0 0;
v0xc00ea7e80_0 .var "pcpi_int_wait", 0 0;
v0xc00ea7f20_0 .var "pcpi_int_wr", 0 0;
L_0xc01478c70 .functor BUFT 1, C4<xxxxxxxxxxxxxxxxxxxxxxxxxxxxxxxx>, C4<0>, C4<0>, C4<0>;
v0xc00ea8000_0 .net "pcpi_mul_rd", 31 0, L_0xc01478c70;  1 drivers
L_0xc01478d00 .functor BUFT 1, C4<0>, C4<0>, C4<0>, C4<0>;
v0xc00ea80a0_0 .net "pcpi_mul_ready", 0 0, L_0xc01478d00;  1 drivers
L_0xc01478cb8 .functor BUFT 1, C4<0>, C4<0>, C4<0>, C4<0>;
v0xc00ea8140_0 .net "pcpi_mul_wait", 0 0, L_0xc01478cb8;  1 drivers
L_0xc01478c28 .functor BUFT 1, C4<0>, C4<0>, C4<0>, C4<0>;
v0xc00ea81e0_0 .net "pcpi_mul_wr", 0 0, L_0xc01478c28;  1 drivers
o0xc01450ca0 .functor BUFZ 32, c4<zzzzzzzzzzzzzzzzzzzzzzzzzzzzzzzz>; HiZ drive
v0xc00ea8280_0 .net "pcpi_rd", 31 0, o0xc01450ca0;  0 drivers
o0xc01450cd0 .functor BUFZ 1, c4<z>; HiZ drive
v0xc00ea8320_0 .net "pcpi_ready", 0 0, o0xc01450cd0;  0 drivers
v0xc00ea83c0_0 .net "pcpi_rs1", 31 0, L_0xc01061f10;  1 drivers
v0xc00ea8460_0 .net "pcpi_rs2", 31 0, L_0xc01061f80;  1 drivers
v0xc00ea8500_0 .var "pcpi_timeout", 0 0;
v0xc00ea85a0_0 .var "pcpi_valid", 0 0;
o0xc01450dc0 .functor BUFZ 1, c4<z>; HiZ drive
v0xc00ea8640_0 .net "pcpi_wait", 0 0, o0xc01450dc0;  0 drivers
o0xc01450df0 .functor BUFZ 1, c4<z>; HiZ drive
v0xc00ea86e0_0 .net "pcpi_wr", 0 0, o0xc01450df0;  0 drivers
v0xc00ea8780_0 .var "prefetched_high_word", 0 0;
v0xc00ea8820_0 .var "q_ascii_instr", 63 0;
v0xc00ea88c0_0 .var "q_insn_imm", 31 0;
v0xc00ea8960_0 .var "q_insn_opcode", 31 0;
v0xc00ea8a00_0 .var "q_insn_rd", 4 0;
v0xc00ea8aa0_0 .var "q_insn_rs1", 4 0;
v0xc00ea8b40_0 .var "q_insn_rs2", 4 0;
v0xc00ea8be0_0 .var "reg_next_pc", 31 0;
v0xc00ea8c80_0 .var "reg_op1", 31 0;
v0xc00ea8d20_0 .var "reg_op2", 31 0;
v0xc00ea8dc0_0 .var "reg_out", 31 0;
v0xc00ea8e60_0 .var "reg_pc", 31 0;
v0xc00ea8f00_0 .var "reg_sh", 4 0;
v0xc00ea8fa0_0 .net "resetn", 0 0, v0xc00eaa9e0_0;  alias, 1 drivers
v0xc00ea9040_0 .var "set_mem_do_rdata", 0 0;
v0xc00ea90e0_0 .var "set_mem_do_rinst", 0 0;
v0xc00ea9180_0 .var "set_mem_do_wdata", 0 0;
v0xc00ea9220_0 .var "timer", 31 0;
v0xc00ea92c0_0 .var "trace_data", 35 0;
v0xc00ea9360_0 .var "trace_valid", 0 0;
v0xc00ea9400_0 .var "trap", 0 0;
E_0xc00e53780 .event posedge, v0xc00ea15e0_0;
v0xc00ea1900_0 .array/port v0xc00ea1900, 0;
v0xc00ea1900_1 .array/port v0xc00ea1900, 1;
v0xc00ea1900_2 .array/port v0xc00ea1900, 2;
E_0xc00e537c0/0 .event anyedge, v0xc00ea2c60_0, v0xc00ea1900_0, v0xc00ea1900_1, v0xc00ea1900_2;
v0xc00ea1900_3 .array/port v0xc00ea1900, 3;
v0xc00ea1900_4 .array/port v0xc00ea1900, 4;
v0xc00ea1900_5 .array/port v0xc00ea1900, 5;
v0xc00ea1900_6 .array/port v0xc00ea1900, 6;
E_0xc00e537c0/1 .event anyedge, v0xc00ea1900_3, v0xc00ea1900_4, v0xc00ea1900_5, v0xc00ea1900_6;
v0xc00ea1900_7 .array/port v0xc00ea1900, 7;
v0xc00ea1900_8 .array/port v0xc00ea1900, 8;
v0xc00ea1900_9 .array/port v0xc00ea1900, 9;
v0xc00ea1900_10 .array/port v0xc00ea1900, 10;
E_0xc00e537c0/2 .event anyedge, v0xc00ea1900_7, v0xc00ea1900_8, v0xc00ea1900_9, v0xc00ea1900_10;
v0xc00ea1900_11 .array/port v0xc00ea1900, 11;
v0xc00ea1900_12 .array/port v0xc00ea1900, 12;
v0xc00ea1900_13 .array/port v0xc00ea1900, 13;
v0xc00ea1900_14 .array/port v0xc00ea1900, 14;
E_0xc00e537c0/3 .event anyedge, v0xc00ea1900_11, v0xc00ea1900_12, v0xc00ea1900_13, v0xc00ea1900_14;
v0xc00ea1900_15 .array/port v0xc00ea1900, 15;
v0xc00ea1900_16 .array/port v0xc00ea1900, 16;
v0xc00ea1900_17 .array/port v0xc00ea1900, 17;
v0xc00ea1900_18 .array/port v0xc00ea1900, 18;
E_0xc00e537c0/4 .event anyedge, v0xc00ea1900_15, v0xc00ea1900_16, v0xc00ea1900_17, v0xc00ea1900_18;
v0xc00ea1900_19 .array/port v0xc00ea1900, 19;
v0xc00ea1900_20 .array/port v0xc00ea1900, 20;
v0xc00ea1900_21 .array/port v0xc00ea1900, 21;
v0xc00ea1900_22 .array/port v0xc00ea1900, 22;
E_0xc00e537c0/5 .event anyedge, v0xc00ea1900_19, v0xc00ea1900_20, v0xc00ea1900_21, v0xc00ea1900_22;
v0xc00ea1900_23 .array/port v0xc00ea1900, 23;
v0xc00ea1900_24 .array/port v0xc00ea1900, 24;
v0xc00ea1900_25 .array/port v0xc00ea1900, 25;
v0xc00ea1900_26 .array/port v0xc00ea1900, 26;
E_0xc00e537c0/6 .event anyedge, v0xc00ea1900_23, v0xc00ea1900_24, v0xc00ea1900_25, v0xc00ea1900_26;
v0xc00ea1900_27 .array/port v0xc00ea1900, 27;
v0xc00ea1900_28 .array/port v0xc00ea1900, 28;
v0xc00ea1900_29 .array/port v0xc00ea1900, 29;
v0xc00ea1900_30 .array/port v0xc00ea1900, 30;
E_0xc00e537c0/7 .event anyedge, v0xc00ea1900_27, v0xc00ea1900_28, v0xc00ea1900_29, v0xc00ea1900_30;
v0xc00ea1900_31 .array/port v0xc00ea1900, 31;
E_0xc00e537c0/8 .event anyedge, v0xc00ea1900_31, v0xc00ea2d00_0;
E_0xc00e537c0 .event/or E_0xc00e537c0/0, E_0xc00e537c0/1, E_0xc00e537c0/2, E_0xc00e537c0/3, E_0xc00e537c0/4, E_0xc00e537c0/5, E_0xc00e537c0/6, E_0xc00e537c0/7, E_0xc00e537c0/8;
E_0xc00e53800/0 .event anyedge, v0xc00ea1860_0, v0xc00ea8e60_0, v0xc00ea5f40_0, v0xc00ea5ea0_0;
E_0xc00e53800/1 .event anyedge, v0xc00ea6260_0, v0xc00ea0dc0_0, v0xc00ea8dc0_0, v0xc00ea6300_0;
E_0xc00e53800/2 .event anyedge, v0xc00ea8be0_0, v0xc00ea5360_0, v0xc00ea52c0_0;
E_0xc00e53800 .event/or E_0xc00e53800/0, E_0xc00e53800/1, E_0xc00e53800/2;
E_0xc00e53840/0 .event anyedge, v0xc00ea1540_0, v0xc00ea8780_0, v0xc00ea5ea0_0, v0xc00ea5400_0;
E_0xc00e53840/1 .event anyedge, v0xc00ea8fa0_0;
E_0xc00e53840 .event/or E_0xc00e53840/0, E_0xc00e53840/1;
E_0xc00e53880/0 .event anyedge, v0xc00ea0a00_0, v0xc00ea3480_0, v0xc00ea37a0_0, v0xc00ea0aa0_0;
E_0xc00e53880/1 .event anyedge, v0xc00ea3520_0, v0xc00ea0b40_0, v0xc00ea35c0_0, v0xc00ea5cc0_0;
E_0xc00e53880/2 .event anyedge, v0xc00ea5d60_0, v0xc00ea0960_0, v0xc00ea59a0_0, v0xc00ea0c80_0;
E_0xc00e53880/3 .event anyedge, v0xc00ea5680_0, v0xc00ea8c80_0, v0xc00ea8d20_0, v0xc00ea5040_0;
E_0xc00e53880/4 .event anyedge, v0xc00ea4fa0_0, v0xc00ea40a0_0, v0xc00ea4000_0, v0xc00ea3340_0;
E_0xc00e53880/5 .event anyedge, v0xc00ea32a0_0, v0xc00ea0e60_0, v0xc00ea0f00_0;
E_0xc00e53880 .event/or E_0xc00e53880/0, E_0xc00e53880/1, E_0xc00e53880/2, E_0xc00e53880/3, E_0xc00e53880/4, E_0xc00e53880/5;
E_0xc00e538c0 .event anyedge, v0xc00ea1860_0;
E_0xc00e53900/0 .event anyedge, v0xc00ea8820_0, v0xc00ea88c0_0, v0xc00ea8960_0, v0xc00ea8aa0_0;
E_0xc00e53900/1 .event anyedge, v0xc00ea8b40_0, v0xc00ea8a00_0, v0xc00ea2620_0, v0xc00ea2e40_0;
E_0xc00e53900/2 .event anyedge, v0xc00ea10e0_0, v0xc00ea1180_0, v0xc00ea1220_0, v0xc00ea1360_0;
E_0xc00e53900/3 .event anyedge, v0xc00ea1400_0, v0xc00ea12c0_0, v0xc00ea77a0_0, v0xc00ea7840_0;
E_0xc00e53900/4 .event anyedge, v0xc00ea29e0_0, v0xc00ea2c60_0, v0xc00ea2d00_0, v0xc00ea2b20_0;
E_0xc00e53900 .event/or E_0xc00e53900/0, E_0xc00e53900/1, E_0xc00e53900/2, E_0xc00e53900/3, E_0xc00e53900/4;
E_0xc00e53940/0 .event anyedge, v0xc00ea3de0_0, v0xc00ea33e0_0, v0xc00ea3a20_0, v0xc00ea3ac0_0;
E_0xc00e53940/1 .event anyedge, v0xc00ea3480_0, v0xc00ea37a0_0, v0xc00ea3660_0, v0xc00ea3520_0;
E_0xc00e53940/2 .event anyedge, v0xc00ea3700_0, v0xc00ea35c0_0, v0xc00ea3b60_0, v0xc00ea3ca0_0;
E_0xc00e53940/3 .event anyedge, v0xc00ea3e80_0, v0xc00ea3c00_0, v0xc00ea3d40_0, v0xc00ea4460_0;
E_0xc00e53940/4 .event anyedge, v0xc00ea45a0_0, v0xc00ea4d20_0, v0xc00ea3200_0, v0xc00ea4820_0;
E_0xc00e53940/5 .event anyedge, v0xc00ea48c0_0, v0xc00ea5040_0, v0xc00ea40a0_0, v0xc00ea3340_0;
E_0xc00e53940/6 .event anyedge, v0xc00ea46e0_0, v0xc00ea4be0_0, v0xc00ea4aa0_0, v0xc00ea3160_0;
E_0xc00e53940/7 .event anyedge, v0xc00ea4c80_0, v0xc00ea4640_0, v0xc00ea4780_0, v0xc00ea4960_0;
E_0xc00e53940/8 .event anyedge, v0xc00ea4fa0_0, v0xc00ea4b40_0, v0xc00ea4a00_0, v0xc00ea4000_0;
E_0xc00e53940/9 .event anyedge, v0xc00ea32a0_0, v0xc00ea4140_0, v0xc00ea41e0_0, v0xc00ea4280_0;
E_0xc00e53940/10 .event anyedge, v0xc00ea4320_0, v0xc00ea38e0_0, v0xc00ea3980_0, v0xc00ea4500_0;
E_0xc00e53940/11 .event anyedge, v0xc00ea43c0_0, v0xc00ea3f20_0, v0xc00ea4f00_0, v0xc00ea4dc0_0;
E_0xc00e53940 .event/or E_0xc00e53940/0, E_0xc00e53940/1, E_0xc00e53940/2, E_0xc00e53940/3, E_0xc00e53940/4, E_0xc00e53940/5, E_0xc00e53940/6, E_0xc00e53940/7, E_0xc00e53940/8, E_0xc00e53940/9, E_0xc00e53940/10, E_0xc00e53940/11;
E_0xc00e53980 .event anyedge, v0xc00ea75c0_0, v0xc00ea8d20_0, v0xc00ea7020_0, v0xc00ea8c80_0;
E_0xc00e539c0 .event anyedge, v0xc00ea81e0_0, v0xc00ea8000_0, v0xc00ea7c00_0, v0xc00ea7a20_0;
L_0xc010d29e0 .concat [ 1 1 1 1], v0xc00ea6800_0, v0xc00ea66c0_0, v0xc00ea6760_0, v0xc00ea6620_0;
L_0xc010d2a80 .reduce/or L_0xc010d29e0;
L_0xc010d2b20 .reduce/or v0xc00ea73e0_0;
L_0xc010d2bc0 .reduce/and v0xc00ea73e0_0;
L_0xc010d2c60 .reduce/nor L_0xc01478e68;
L_0xc00eab700 .part L_0xc01061ff0, 0, 2;
L_0xc010d2d00 .reduce/nand L_0xc00eab700;
L_0xc010d2da0 .reduce/nor v0xc00ea73e0_0;
L_0xc010d2e40 .reduce/nor L_0xc01478ef8;
L_0xc010d2ee0 .reduce/nor v0xc00ea73e0_0;
L_0xc00eab7a0 .part L_0xc010d32a0, 2, 30;
L_0xc010d2f80 .arith/sum 30, L_0xc00eab7a0, L_0xc014792e8;
L_0xc010d3020 .concat [ 2 30 0 0], L_0xc01478f88, L_0xc010d2f80;
L_0xc00eab840 .part v0xc00ea8c80_0, 2, 30;
L_0xc010d30c0 .concat [ 2 30 0 0], L_0xc01478fd0, L_0xc00eab840;
L_0xc010d3160 .functor MUXZ 32, L_0xc010d30c0, L_0xc010d3020, L_0xc00dcb720, C4<>;
L_0xc010d3200 .functor MUXZ 32, v0xc00ea7200_0, v0xc00ea9d60_0, L_0xc00dcb790, C4<>;
LS_0xc010d3340_0_0 .concat [ 1 1 1 1], v0xc00ea4dc0_0, v0xc00ea4f00_0, v0xc00ea3f20_0, v0xc00ea43c0_0;
LS_0xc010d3340_0_4 .concat [ 1 1 1 1], v0xc00ea4500_0, v0xc00ea3980_0, v0xc00ea38e0_0, v0xc00ea4320_0;
LS_0xc010d3340_0_8 .concat [ 1 1 1 1], v0xc00ea4280_0, v0xc00ea41e0_0, v0xc00ea4140_0, v0xc00ea32a0_0;
LS_0xc010d3340_0_12 .concat [ 1 1 1 1], v0xc00ea4000_0, v0xc00ea4a00_0, v0xc00ea4b40_0, v0xc00ea4fa0_0;
LS_0xc010d3340_0_16 .concat [ 1 1 1 1], v0xc00ea4960_0, v0xc00ea4780_0, v0xc00ea4640_0, v0xc00ea4c80_0;
LS_0xc010d3340_0_20 .concat [ 1 1 1 1], v0xc00ea3160_0, v0xc00ea4aa0_0, v0xc00ea4be0_0, v0xc00ea46e0_0;
LS_0xc010d3340_0_24 .concat [ 1 1 1 1], v0xc00ea3340_0, v0xc00ea40a0_0, v0xc00ea5040_0, v0xc00ea48c0_0;
LS_0xc010d3340_0_28 .concat [ 1 1 1 1], v0xc00ea4820_0, v0xc00ea3200_0, v0xc00ea4d20_0, v0xc00ea45a0_0;
LS_0xc010d3340_0_32 .concat [ 1 1 1 1], v0xc00ea4460_0, v0xc00ea3d40_0, v0xc00ea3c00_0, v0xc00ea3e80_0;
LS_0xc010d3340_0_36 .concat [ 1 1 1 1], v0xc00ea3ca0_0, v0xc00ea3b60_0, v0xc00ea35c0_0, v0xc00ea3700_0;
LS_0xc010d3340_0_40 .concat [ 1 1 1 1], v0xc00ea3520_0, v0xc00ea3660_0, v0xc00ea37a0_0, v0xc00ea3480_0;
LS_0xc010d3340_0_44 .concat [ 1 1 1 1], v0xc00ea3ac0_0, v0xc00ea3a20_0, v0xc00ea33e0_0, v0xc00ea3de0_0;
LS_0xc010d3340_1_0 .concat [ 4 4 4 4], LS_0xc010d3340_0_0, LS_0xc010d3340_0_4, LS_0xc010d3340_0_8, LS_0xc010d3340_0_12;
LS_0xc010d3340_1_4 .concat [ 4 4 4 4], LS_0xc010d3340_0_16, LS_0xc010d3340_0_20, LS_0xc010d3340_0_24, LS_0xc010d3340_0_28;
LS_0xc010d3340_1_8 .concat [ 4 4 4 4], LS_0xc010d3340_0_32, LS_0xc010d3340_0_36, LS_0xc010d3340_0_40, LS_0xc010d3340_0_44;
L_0xc010d3340 .concat [ 16 16 16 0], LS_0xc010d3340_1_0, LS_0xc010d3340_1_4, LS_0xc010d3340_1_8;
L_0xc010d33e0 .reduce/nor L_0xc010d3340;
L_0xc010d3480 .concat [ 1 1 1 1], v0xc00ea4320_0, v0xc00ea4280_0, v0xc00ea41e0_0, v0xc00ea4140_0;
L_0xc010d3520 .reduce/or L_0xc010d3480;
L_0xc010d32a0 .functor MUXZ 32, v0xc00ea8be0_0, L_0xc00dcb8e0, L_0xc00dcb870, C4<>;
L_0xc00eab8e0 .cmp/eq 8, v0xc00ea1860_0, L_0xc014790f0;
S_0xc00e7cf00 .scope task, "empty_statement" "empty_statement" 3 214, 3 214 0, S_0xc00e7cc00;
 .timescale -9 -12;
TD_tb.dut.cpu.empty_statement ;
    %end;
S_0xc00e7d080 .scope generate, "genblk1" "genblk1" 3 285, 3 285 0, S_0xc00e7cc00;
 .timescale -9 -12;
S_0xc00e7d200 .scope generate, "genblk2" "genblk2" 3 305, 3 305 0, S_0xc00e7cc00;
 .timescale -9 -12;
S_0xc00e7d380 .scope generate, "genblk3" "genblk3" 3 1229, 3 1229 0, S_0xc00e7cc00;
 .timescale -9 -12;
E_0xc00e53a00/0 .event anyedge, v0xc00ea4c80_0, v0xc00ea8c80_0, v0xc00ea8d20_0, v0xc00ea4a00_0;
E_0xc00e53a00/1 .event anyedge, v0xc00ea4aa0_0;
E_0xc00e53a00 .event/or E_0xc00e53a00/0, E_0xc00e53a00/1;
S_0xc00e7d500 .scope begin, "init_block" "init_block" 5 88, 5 88 0, S_0xc00e7ca80;
 .timescale -9 -12;
v0xc00ea94a0_0 .var "hex_path", 1023 0;
v0xc00ea9540_0 .var/i "i", 31 0;
    .scope S_0x105484d00;
T_3 ;
    %wait E_0xc00e52f40;
    %load/vec4 v0xc00e797c0_0;
    %nor/r;
    %flag_set/vec4 8;
    %jmp/0xz  T_3.0, 8;
    %pushi/vec4 0, 0, 1;
    %assign/vec4 v0xc00e786e0_0, 0;
    %jmp T_3.1;
T_3.0 ;
    %load/vec4 v0xc00e795e0_0;
    %flag_set/vec4 8;
    %flag_get/vec4 8;
    %jmp/0 T_3.2, 8;
    %load/vec4 v0xc00e79540_0;
    %and;
T_3.2;
    %assign/vec4 v0xc00e79860_0, 0;
    %load/vec4 v0xc00e78d20_0;
    %flag_set/vec4 9;
    %flag_get/vec4 9;
    %jmp/0 T_3.5, 9;
    %load/vec4 v0xc00e78dc0_0;
    %and;
T_3.5;
    %flag_set/vec4 8;
    %jmp/0xz  T_3.3, 8;
    %pushi/vec4 1, 0, 1;
    %assign/vec4 v0xc00e786e0_0, 0;
T_3.3 ;
    %load/vec4 v0xc00e78aa0_0;
    %flag_set/vec4 9;
    %flag_get/vec4 9;
    %jmp/0 T_3.8, 9;
    %load/vec4 v0xc00e78b40_0;
    %and;
T_3.8;
    %flag_set/vec4 8;
    %jmp/0xz  T_3.6, 8;
    %pushi/vec4 1, 0, 1;
    %assign/vec4 v0xc00e78640_0, 0;
T_3.6 ;
    %load/vec4 v0xc00e79220_0;
    %flag_set/vec4 9;
    %flag_get/vec4 9;
    %jmp/0 T_3.11, 9;
    %load/vec4 v0xc00e79360_0;
    %and;
T_3.11;
    %flag_set/vec4 8;
    %jmp/0xz  T_3.9, 8;
    %pushi/vec4 1, 0, 1;
    %assign/vec4 v0xc00e78780_0, 0;
T_3.9 ;
    %load/vec4 v0xc00e79860_0;
    %flag_set/vec4 8;
    %jmp/1 T_3.14, 8;
    %load/vec4 v0xc00e795e0_0;
    %nor/r;
    %flag_set/vec4 9;
    %flag_or 8, 9;
T_3.14;
    %jmp/0xz  T_3.12, 8;
    %pushi/vec4 0, 0, 1;
    %assign/vec4 v0xc00e786e0_0, 0;
    %pushi/vec4 0, 0, 1;
    %assign/vec4 v0xc00e78640_0, 0;
    %pushi/vec4 0, 0, 1;
    %assign/vec4 v0xc00e78780_0, 0;
T_3.12 ;
T_3.1 ;
    %jmp T_3;
    .thread T_3;
    .scope S_0xc00e7c000;
T_4 ;
    %wait E_0xc00e531c0;
    %load/vec4 v0xc00e83ac0_0;
    %flag_set/vec4 8;
    %jmp/0 T_4.0, 8;
    %load/vec4 v0xc00e87ac0_0;
    %load/vec4 v0xc00e87b60_0;
    %sub;
    %jmp/1 T_4.1, 8;
T_4.0 ; End of true expr.
    %load/vec4 v0xc00e87ac0_0;
    %load/vec4 v0xc00e87b60_0;
    %add;
    %jmp/0 T_4.1, 8;
 ; End of false expr.
    %blend;
T_4.1;
    %store/vec4 v0xc00e7b7a0_0, 0, 32;
    %load/vec4 v0xc00e87ac0_0;
    %load/vec4 v0xc00e87b60_0;
    %cmp/e;
    %flag_get/vec4 4;
    %store/vec4 v0xc00e7b840_0, 0, 1;
    %load/vec4 v0xc00e87ac0_0;
    %load/vec4 v0xc00e87b60_0;
    %cmp/s;
    %flag_get/vec4 5;
    %store/vec4 v0xc00e7b8e0_0, 0, 1;
    %load/vec4 v0xc00e87ac0_0;
    %load/vec4 v0xc00e87b60_0;
    %cmp/u;
    %flag_get/vec4 5;
    %store/vec4 v0xc00e7b980_0, 0, 1;
    %load/vec4 v0xc00e87ac0_0;
    %load/vec4 v0xc00e87b60_0;
    %parti/s 5, 0, 2;
    %ix/vec4 4;
    %shiftl 4;
    %store/vec4 v0xc00e7bca0_0, 0, 32;
    %load/vec4 v0xc00e83840_0;
    %flag_set/vec4 8;
    %jmp/1 T_4.4, 8;
    %load/vec4 v0xc00e838e0_0;
    %flag_set/vec4 9;
    %flag_or 8, 9;
T_4.4;
    %jmp/0 T_4.2, 8;
    %load/vec4 v0xc00e87ac0_0;
    %parti/s 1, 31, 6;
    %jmp/1 T_4.3, 8;
T_4.2 ; End of true expr.
    %pushi/vec4 0, 0, 1;
    %jmp/0 T_4.3, 8;
 ; End of false expr.
    %blend;
T_4.3;
    %load/vec4 v0xc00e87ac0_0;
    %concat/vec4; draw_concat_vec4
    %load/vec4 v0xc00e87b60_0;
    %parti/s 5, 0, 2;
    %ix/vec4 4;
    %shiftr/s 4;
    %pad/s 32;
    %store/vec4 v0xc00e7bd40_0, 0, 32;
    %jmp T_4;
    .thread T_4, $push;
    .scope S_0x105484e80;
T_5 ;
    %end;
    .thread T_5;
    .scope S_0x105484e80;
T_6 ;
    %wait E_0xc00e53180;
    %pushi/vec4 0, 0, 1;
    %store/vec4 v0xc00e86da0_0, 0, 1;
    %pushi/vec4 4294967295, 4294967295, 32;
    %store/vec4 v0xc00e86bc0_0, 0, 32;
    %pushi/vec4 0, 0, 1;
    %store/vec4 v0xc00e86d00_0, 0, 1;
    %pushi/vec4 0, 0, 1;
    %store/vec4 v0xc00e86c60_0, 0, 1;
    %pushi/vec4 1, 0, 1;
    %dup/vec4;
    %pushi/vec4 0, 0, 1;
    %cmp/u;
    %jmp/1 T_6.0, 6;
    %dup/vec4;
    %pushi/vec4 0, 0, 1;
    %cmp/u;
    %jmp/1 T_6.1, 6;
    %dup/vec4;
    %pushi/vec4 0, 0, 1;
    %cmp/u;
    %jmp/1 T_6.2, 6;
    %jmp T_6.3;
T_6.0 ;
    %pushi/vec4 0, 0, 1;
    %store/vec4 v0xc00e86da0_0, 0, 1;
    %pushi/vec4 0, 0, 32;
    %store/vec4 v0xc00e86bc0_0, 0, 32;
    %jmp T_6.3;
T_6.1 ;
    %load/vec4 v0xc00e87020_0;
    %store/vec4 v0xc00e86da0_0, 0, 1;
    %load/vec4 v0xc00e86e40_0;
    %store/vec4 v0xc00e86bc0_0, 0, 32;
    %jmp T_6.3;
T_6.2 ;
    %load/vec4 v0xc00e86a80_0;
    %store/vec4 v0xc00e86da0_0, 0, 1;
    %load/vec4 v0xc00e868a0_0;
    %store/vec4 v0xc00e86bc0_0, 0, 32;
    %jmp T_6.3;
T_6.3 ;
    %pop/vec4 1;
    %jmp T_6;
    .thread T_6, $push;
    .scope S_0x105484e80;
T_7 ;
    %wait E_0xc00e52f40;
    %load/vec4 v0xc00e87de0_0;
    %nor/r;
    %flag_set/vec4 8;
    %jmp/0xz  T_7.0, 8;
    %pushi/vec4 0, 0, 1;
    %assign/vec4 v0xc00e859a0_0, 0;
    %pushi/vec4 0, 0, 1;
    %assign/vec4 v0xc00e84c80_0, 0;
    %jmp T_7.1;
T_7.0 ;
    %load/vec4 v0xc00e84c80_0;
    %nor/r;
    %flag_set/vec4 8;
    %jmp/0xz  T_7.2, 8;
    %load/vec4 v0xc00e85900_0;
    %assign/vec4 v0xc00e859a0_0, 0;
T_7.2 ;
    %load/vec4 v0xc00e86300_0;
    %flag_set/vec4 8;
    %flag_get/vec4 8;
    %jmp/0 T_7.4, 8;
    %load/vec4 v0xc00e861c0_0;
    %nor/r;
    %and;
T_7.4;
    %assign/vec4 v0xc00e84c80_0, 0;
T_7.1 ;
    %jmp T_7;
    .thread T_7;
    .scope S_0x105484e80;
T_8 ;
    %wait E_0xc00e53140;
    %load/vec4 v0xc00e86440_0;
    %dup/vec4;
    %pushi/vec4 0, 0, 2;
    %cmp/u;
    %jmp/1 T_8.0, 6;
    %dup/vec4;
    %pushi/vec4 1, 0, 2;
    %cmp/u;
    %jmp/1 T_8.1, 6;
    %dup/vec4;
    %pushi/vec4 2, 0, 2;
    %cmp/u;
    %jmp/1 T_8.2, 6;
    %jmp T_8.3;
T_8.0 ;
    %load/vec4 v0xc00e87b60_0;
    %store/vec4 v0xc00e85cc0_0, 0, 32;
    %pushi/vec4 15, 0, 4;
    %store/vec4 v0xc00e85e00_0, 0, 4;
    %load/vec4 v0xc00e85ea0_0;
    %store/vec4 v0xc00e86120_0, 0, 32;
    %jmp T_8.3;
T_8.1 ;
    %load/vec4 v0xc00e87b60_0;
    %parti/s 16, 0, 2;
    %replicate 2;
    %store/vec4 v0xc00e85cc0_0, 0, 32;
    %load/vec4 v0xc00e87ac0_0;
    %parti/s 1, 1, 2;
    %flag_set/vec4 8;
    %jmp/0 T_8.4, 8;
    %pushi/vec4 12, 0, 4;
    %jmp/1 T_8.5, 8;
T_8.4 ; End of true expr.
    %pushi/vec4 3, 0, 4;
    %jmp/0 T_8.5, 8;
 ; End of false expr.
    %blend;
T_8.5;
    %store/vec4 v0xc00e85e00_0, 0, 4;
    %load/vec4 v0xc00e87ac0_0;
    %parti/s 1, 1, 2;
    %dup/vec4;
    %pushi/vec4 0, 0, 1;
    %cmp/u;
    %jmp/1 T_8.6, 6;
    %dup/vec4;
    %pushi/vec4 1, 0, 1;
    %cmp/u;
    %jmp/1 T_8.7, 6;
    %jmp T_8.8;
T_8.6 ;
    %pushi/vec4 0, 0, 16;
    %load/vec4 v0xc00e85ea0_0;
    %parti/s 16, 0, 2;
    %concat/vec4; draw_concat_vec4
    %store/vec4 v0xc00e86120_0, 0, 32;
    %jmp T_8.8;
T_8.7 ;
    %pushi/vec4 0, 0, 16;
    %load/vec4 v0xc00e85ea0_0;
    %parti/s 16, 16, 6;
    %concat/vec4; draw_concat_vec4
    %store/vec4 v0xc00e86120_0, 0, 32;
    %jmp T_8.8;
T_8.8 ;
    %pop/vec4 1;
    %jmp T_8.3;
T_8.2 ;
    %load/vec4 v0xc00e87b60_0;
    %parti/s 8, 0, 2;
    %replicate 4;
    %store/vec4 v0xc00e85cc0_0, 0, 32;
    %pushi/vec4 1, 0, 4;
    %load/vec4 v0xc00e87ac0_0;
    %parti/s 2, 0, 2;
    %ix/vec4 4;
    %shiftl 4;
    %store/vec4 v0xc00e85e00_0, 0, 4;
    %load/vec4 v0xc00e87ac0_0;
    %parti/s 2, 0, 2;
    %dup/vec4;
    %pushi/vec4 0, 0, 2;
    %cmp/u;
    %jmp/1 T_8.9, 6;
    %dup/vec4;
    %pushi/vec4 1, 0, 2;
    %cmp/u;
    %jmp/1 T_8.10, 6;
    %dup/vec4;
    %pushi/vec4 2, 0, 2;
    %cmp/u;
    %jmp/1 T_8.11, 6;
    %dup/vec4;
    %pushi/vec4 3, 0, 2;
    %cmp/u;
    %jmp/1 T_8.12, 6;
    %jmp T_8.13;
T_8.9 ;
    %pushi/vec4 0, 0, 24;
    %load/vec4 v0xc00e85ea0_0;
    %parti/s 8, 0, 2;
    %concat/vec4; draw_concat_vec4
    %store/vec4 v0xc00e86120_0, 0, 32;
    %jmp T_8.13;
T_8.10 ;
    %pushi/vec4 0, 0, 24;
    %load/vec4 v0xc00e85ea0_0;
    %parti/s 8, 8, 5;
    %concat/vec4; draw_concat_vec4
    %store/vec4 v0xc00e86120_0, 0, 32;
    %jmp T_8.13;
T_8.11 ;
    %pushi/vec4 0, 0, 24;
    %load/vec4 v0xc00e85ea0_0;
    %parti/s 8, 16, 6;
    %concat/vec4; draw_concat_vec4
    %store/vec4 v0xc00e86120_0, 0, 32;
    %jmp T_8.13;
T_8.12 ;
    %pushi/vec4 0, 0, 24;
    %load/vec4 v0xc00e85ea0_0;
    %parti/s 8, 24, 6;
    %concat/vec4; draw_concat_vec4
    %store/vec4 v0xc00e86120_0, 0, 32;
    %jmp T_8.13;
T_8.13 ;
    %pop/vec4 1;
    %jmp T_8.3;
T_8.3 ;
    %pop/vec4 1;
    %jmp T_8;
    .thread T_8, $push;
    .scope S_0x105484e80;
T_9 ;
    %wait E_0xc00e52f40;
    %load/vec4 v0xc00e86580_0;
    %flag_set/vec4 8;
    %jmp/0xz  T_9.0, 8;
    %load/vec4 v0xc00e85ea0_0;
    %assign/vec4 v0xc00e86080_0, 0;
    %load/vec4 v0xc00e85ea0_0;
    %assign/vec4 v0xc00e866c0_0, 0;
T_9.0 ;
    %jmp T_9;
    .thread T_9;
    .scope S_0x105484e80;
T_10 ;
    %wait E_0xc00e52f40;
    %load/vec4 v0xc00e87de0_0;
    %flag_set/vec4 9;
    %flag_get/vec4 9;
    %jmp/0 T_10.2, 9;
    %load/vec4 v0xc00e88280_0;
    %nor/r;
    %and;
T_10.2;
    %flag_set/vec4 8;
    %jmp/0xz  T_10.0, 8;
    %load/vec4 v0xc00e854a0_0;
    %flag_set/vec4 8;
    %jmp/1 T_10.6, 8;
    %load/vec4 v0xc00e855e0_0;
    %flag_set/vec4 9;
    %flag_or 8, 9;
T_10.6;
    %jmp/1 T_10.5, 8;
    %load/vec4 v0xc00e85540_0;
    %flag_set/vec4 9;
    %flag_or 8, 9;
T_10.5;
    %jmp/0xz  T_10.3, 8;
    %fork TD_picorv32_axi.picorv32_core.empty_statement, S_0x1054752c0;
    %join;
T_10.3 ;
    %load/vec4 v0xc00e854a0_0;
    %flag_set/vec4 8;
    %jmp/1 T_10.9, 8;
    %load/vec4 v0xc00e855e0_0;
    %flag_set/vec4 9;
    %flag_or 8, 9;
T_10.9;
    %jmp/0xz  T_10.7, 8;
    %fork TD_picorv32_axi.picorv32_core.empty_statement, S_0x1054752c0;
    %join;
T_10.7 ;
    %load/vec4 v0xc00e85540_0;
    %flag_set/vec4 8;
    %jmp/0xz  T_10.10, 8;
    %fork TD_picorv32_axi.picorv32_core.empty_statement, S_0x1054752c0;
    %join;
T_10.10 ;
    %load/vec4 v0xc00e85680_0;
    %flag_set/vec4 8;
    %jmp/0xz  T_10.12, 8;
    %fork TD_picorv32_axi.picorv32_core.empty_statement, S_0x1054752c0;
    %join;
T_10.12 ;
    %load/vec4 v0xc00e86260_0;
    %pad/u 32;
    %cmpi/e 2, 0, 32;
    %jmp/1 T_10.16, 4;
    %flag_mov 8, 4;
    %load/vec4 v0xc00e86260_0;
    %pad/u 32;
    %cmpi/e 3, 0, 32;
    %flag_or 4, 8;
T_10.16;
    %jmp/0xz  T_10.14, 4;
    %fork TD_picorv32_axi.picorv32_core.empty_statement, S_0x1054752c0;
    %join;
T_10.14 ;
T_10.0 ;
    %jmp T_10;
    .thread T_10;
    .scope S_0x105484e80;
T_11 ;
    %wait E_0xc00e52f40;
    %load/vec4 v0xc00e87de0_0;
    %nor/r;
    %flag_set/vec4 8;
    %jmp/1 T_11.2, 8;
    %load/vec4 v0xc00e88280_0;
    %flag_set/vec4 9;
    %flag_or 8, 9;
T_11.2;
    %jmp/0xz  T_11.0, 8;
    %load/vec4 v0xc00e87de0_0;
    %nor/r;
    %flag_set/vec4 8;
    %jmp/0xz  T_11.3, 8;
    %pushi/vec4 0, 0, 2;
    %assign/vec4 v0xc00e86260_0, 0;
T_11.3 ;
    %load/vec4 v0xc00e87de0_0;
    %nor/r;
    %flag_set/vec4 8;
    %jmp/1 T_11.7, 8;
    %load/vec4 v0xc00e861c0_0;
    %flag_set/vec4 9;
    %flag_or 8, 9;
T_11.7;
    %jmp/0xz  T_11.5, 8;
    %pushi/vec4 0, 0, 1;
    %assign/vec4 v0xc00e86300_0, 0;
T_11.5 ;
    %pushi/vec4 0, 0, 1;
    %assign/vec4 v0xc00e85b80_0, 0;
    %pushi/vec4 0, 0, 1;
    %assign/vec4 v0xc00e875c0_0, 0;
    %jmp T_11.1;
T_11.0 ;
    %load/vec4 v0xc00e85ae0_0;
    %flag_set/vec4 8;
    %jmp/1 T_11.10, 8;
    %load/vec4 v0xc00e85d60_0;
    %flag_set/vec4 9;
    %flag_or 8, 9;
T_11.10;
    %jmp/0xz  T_11.8, 8;
    %load/vec4 v0xc00e85860_0;
    %assign/vec4 v0xc00e85360_0, 0;
    %load/vec4 v0xc00e85e00_0;
    %load/vec4 v0xc00e85d60_0;
    %replicate 4;
    %and;
    %assign/vec4 v0xc00e864e0_0, 0;
T_11.8 ;
    %load/vec4 v0xc00e85d60_0;
    %flag_set/vec4 8;
    %jmp/0xz  T_11.11, 8;
    %load/vec4 v0xc00e85cc0_0;
    %assign/vec4 v0xc00e863a0_0, 0;
T_11.11 ;
    %load/vec4 v0xc00e86260_0;
    %dup/vec4;
    %pushi/vec4 0, 0, 2;
    %cmp/u;
    %jmp/1 T_11.13, 6;
    %dup/vec4;
    %pushi/vec4 1, 0, 2;
    %cmp/u;
    %jmp/1 T_11.14, 6;
    %dup/vec4;
    %pushi/vec4 2, 0, 2;
    %cmp/u;
    %jmp/1 T_11.15, 6;
    %dup/vec4;
    %pushi/vec4 3, 0, 2;
    %cmp/u;
    %jmp/1 T_11.16, 6;
    %jmp T_11.17;
T_11.13 ;
    %load/vec4 v0xc00e854a0_0;
    %flag_set/vec4 8;
    %jmp/1 T_11.21, 8;
    %load/vec4 v0xc00e855e0_0;
    %flag_set/vec4 9;
    %flag_or 8, 9;
T_11.21;
    %jmp/1 T_11.20, 8;
    %load/vec4 v0xc00e85540_0;
    %flag_set/vec4 9;
    %flag_or 8, 9;
T_11.20;
    %jmp/0xz  T_11.18, 8;
    %load/vec4 v0xc00e85c20_0;
    %nor/r;
    %assign/vec4 v0xc00e86300_0, 0;
    %load/vec4 v0xc00e854a0_0;
    %flag_set/vec4 8;
    %flag_get/vec4 8;
    %jmp/1 T_11.22, 8;
    %load/vec4 v0xc00e855e0_0;
    %or;
T_11.22;
    %assign/vec4 v0xc00e857c0_0, 0;
    %pushi/vec4 0, 0, 4;
    %assign/vec4 v0xc00e864e0_0, 0;
    %pushi/vec4 1, 0, 2;
    %assign/vec4 v0xc00e86260_0, 0;
T_11.18 ;
    %load/vec4 v0xc00e85680_0;
    %flag_set/vec4 8;
    %jmp/0xz  T_11.23, 8;
    %pushi/vec4 1, 0, 1;
    %assign/vec4 v0xc00e86300_0, 0;
    %pushi/vec4 0, 0, 1;
    %assign/vec4 v0xc00e857c0_0, 0;
    %pushi/vec4 2, 0, 2;
    %assign/vec4 v0xc00e86260_0, 0;
T_11.23 ;
    %jmp T_11.17;
T_11.14 ;
    %fork TD_picorv32_axi.picorv32_core.empty_statement, S_0x1054752c0;
    %join;
    %fork TD_picorv32_axi.picorv32_core.empty_statement, S_0x1054752c0;
    %join;
    %fork TD_picorv32_axi.picorv32_core.empty_statement, S_0x1054752c0;
    %join;
    %fork TD_picorv32_axi.picorv32_core.empty_statement, S_0x1054752c0;
    %join;
    %load/vec4 v0xc00e86580_0;
    %flag_set/vec4 8;
    %jmp/0xz  T_11.25, 8;
    %pushi/vec4 0, 0, 1;
    %assign/vec4 v0xc00e86300_0, 0;
    %pushi/vec4 0, 0, 1;
    %assign/vec4 v0xc00e85b80_0, 0;
    %load/vec4 v0xc00e855e0_0;
    %flag_set/vec4 8;
    %jmp/1 T_11.29, 8;
    %load/vec4 v0xc00e85540_0;
    %flag_set/vec4 9;
    %flag_or 8, 9;
T_11.29;
    %jmp/0 T_11.27, 8;
    %pushi/vec4 0, 0, 3;
    %jmp/1 T_11.28, 8;
T_11.27 ; End of true expr.
    %pushi/vec4 3, 0, 3;
    %jmp/0 T_11.28, 8;
 ; End of false expr.
    %blend;
T_11.28;
    %pad/s 2;
    %assign/vec4 v0xc00e86260_0, 0;
T_11.25 ;
    %jmp T_11.17;
T_11.15 ;
    %fork TD_picorv32_axi.picorv32_core.empty_statement, S_0x1054752c0;
    %join;
    %fork TD_picorv32_axi.picorv32_core.empty_statement, S_0x1054752c0;
    %join;
    %load/vec4 v0xc00e86580_0;
    %flag_set/vec4 8;
    %jmp/0xz  T_11.30, 8;
    %pushi/vec4 0, 0, 1;
    %assign/vec4 v0xc00e86300_0, 0;
    %pushi/vec4 0, 0, 2;
    %assign/vec4 v0xc00e86260_0, 0;
T_11.30 ;
    %jmp T_11.17;
T_11.16 ;
    %fork TD_picorv32_axi.picorv32_core.empty_statement, S_0x1054752c0;
    %join;
    %fork TD_picorv32_axi.picorv32_core.empty_statement, S_0x1054752c0;
    %join;
    %load/vec4 v0xc00e855e0_0;
    %flag_set/vec4 8;
    %jmp/0xz  T_11.32, 8;
    %pushi/vec4 0, 0, 2;
    %assign/vec4 v0xc00e86260_0, 0;
T_11.32 ;
    %jmp T_11.17;
T_11.17 ;
    %pop/vec4 1;
T_11.1 ;
    %load/vec4 v0xc00e80320_0;
    %flag_set/vec4 8;
    %jmp/0xz  T_11.34, 8;
    %pushi/vec4 0, 0, 1;
    %assign/vec4 v0xc00e875c0_0, 0;
T_11.34 ;
    %jmp T_11;
    .thread T_11;
    .scope S_0x105484e80;
T_12 ;
    %wait E_0xc00e53100;
    %pushi/vec4 0, 0, 32; draw_string_vec4
    %pushi/vec4 0, 0, 32; draw_string_vec4
    %concat/vec4; draw_string_vec4
    %store/vec4 v0xc00e86620_0, 0, 64;
    %load/vec4 v0xc00e82c60_0;
    %flag_set/vec4 8;
    %jmp/0xz  T_12.0, 8;
    %pushi/vec4 0, 0, 32; draw_string_vec4
    %pushi/vec4 7107945, 0, 32; draw_string_vec4
    %concat/vec4; draw_string_vec4
    %store/vec4 v0xc00e86620_0, 0, 64;
T_12.0 ;
    %load/vec4 v0xc00e82260_0;
    %flag_set/vec4 8;
    %jmp/0xz  T_12.2, 8;
    %pushi/vec4 97, 0, 32; draw_string_vec4
    %pushi/vec4 1969844323, 0, 32; draw_string_vec4
    %concat/vec4; draw_string_vec4
    %store/vec4 v0xc00e86620_0, 0, 64;
T_12.2 ;
    %load/vec4 v0xc00e828a0_0;
    %flag_set/vec4 8;
    %jmp/0xz  T_12.4, 8;
    %pushi/vec4 0, 0, 32; draw_string_vec4
    %pushi/vec4 6971756, 0, 32; draw_string_vec4
    %concat/vec4; draw_string_vec4
    %store/vec4 v0xc00e86620_0, 0, 64;
T_12.4 ;
    %load/vec4 v0xc00e82940_0;
    %flag_set/vec4 8;
    %jmp/0xz  T_12.6, 8;
    %pushi/vec4 0, 0, 32; draw_string_vec4
    %pushi/vec4 1784769650, 0, 32; draw_string_vec4
    %concat/vec4; draw_string_vec4
    %store/vec4 v0xc00e86620_0, 0, 64;
T_12.6 ;
    %load/vec4 v0xc00e82300_0;
    %flag_set/vec4 8;
    %jmp/0xz  T_12.8, 8;
    %pushi/vec4 0, 0, 32; draw_string_vec4
    %pushi/vec4 6448497, 0, 32; draw_string_vec4
    %concat/vec4; draw_string_vec4
    %store/vec4 v0xc00e86620_0, 0, 64;
T_12.8 ;
    %load/vec4 v0xc00e82620_0;
    %flag_set/vec4 8;
    %jmp/0xz  T_12.10, 8;
    %pushi/vec4 0, 0, 32; draw_string_vec4
    %pushi/vec4 6450789, 0, 32; draw_string_vec4
    %concat/vec4; draw_string_vec4
    %store/vec4 v0xc00e86620_0, 0, 64;
T_12.10 ;
    %load/vec4 v0xc00e824e0_0;
    %flag_set/vec4 8;
    %jmp/0xz  T_12.12, 8;
    %pushi/vec4 0, 0, 32; draw_string_vec4
    %pushi/vec4 6450292, 0, 32; draw_string_vec4
    %concat/vec4; draw_string_vec4
    %store/vec4 v0xc00e86620_0, 0, 64;
T_12.12 ;
    %load/vec4 v0xc00e823a0_0;
    %flag_set/vec4 8;
    %jmp/0xz  T_12.14, 8;
    %pushi/vec4 0, 0, 32; draw_string_vec4
    %pushi/vec4 6448997, 0, 32; draw_string_vec4
    %concat/vec4; draw_string_vec4
    %store/vec4 v0xc00e86620_0, 0, 64;
T_12.14 ;
    %load/vec4 v0xc00e82580_0;
    %flag_set/vec4 8;
    %jmp/0xz  T_12.16, 8;
    %pushi/vec4 0, 0, 32; draw_string_vec4
    %pushi/vec4 1651274869, 0, 32; draw_string_vec4
    %concat/vec4; draw_string_vec4
    %store/vec4 v0xc00e86620_0, 0, 64;
T_12.16 ;
    %load/vec4 v0xc00e82440_0;
    %flag_set/vec4 8;
    %jmp/0xz  T_12.18, 8;
    %pushi/vec4 0, 0, 32; draw_string_vec4
    %pushi/vec4 1650943349, 0, 32; draw_string_vec4
    %concat/vec4; draw_string_vec4
    %store/vec4 v0xc00e86620_0, 0, 64;
T_12.18 ;
    %load/vec4 v0xc00e829e0_0;
    %flag_set/vec4 8;
    %jmp/0xz  T_12.20, 8;
    %pushi/vec4 0, 0, 32; draw_string_vec4
    %pushi/vec4 27746, 0, 32; draw_string_vec4
    %concat/vec4; draw_string_vec4
    %store/vec4 v0xc00e86620_0, 0, 64;
T_12.20 ;
    %load/vec4 v0xc00e82b20_0;
    %flag_set/vec4 8;
    %jmp/0xz  T_12.22, 8;
    %pushi/vec4 0, 0, 32; draw_string_vec4
    %pushi/vec4 27752, 0, 32; draw_string_vec4
    %concat/vec4; draw_string_vec4
    %store/vec4 v0xc00e86620_0, 0, 64;
T_12.22 ;
    %load/vec4 v0xc00e82d00_0;
    %flag_set/vec4 8;
    %jmp/0xz  T_12.24, 8;
    %pushi/vec4 0, 0, 32; draw_string_vec4
    %pushi/vec4 27767, 0, 32; draw_string_vec4
    %concat/vec4; draw_string_vec4
    %store/vec4 v0xc00e86620_0, 0, 64;
T_12.24 ;
    %load/vec4 v0xc00e82a80_0;
    %flag_set/vec4 8;
    %jmp/0xz  T_12.26, 8;
    %pushi/vec4 0, 0, 32; draw_string_vec4
    %pushi/vec4 7103093, 0, 32; draw_string_vec4
    %concat/vec4; draw_string_vec4
    %store/vec4 v0xc00e86620_0, 0, 64;
T_12.26 ;
    %load/vec4 v0xc00e82bc0_0;
    %flag_set/vec4 8;
    %jmp/0xz  T_12.28, 8;
    %pushi/vec4 0, 0, 32; draw_string_vec4
    %pushi/vec4 7104629, 0, 32; draw_string_vec4
    %concat/vec4; draw_string_vec4
    %store/vec4 v0xc00e86620_0, 0, 64;
T_12.28 ;
    %load/vec4 v0xc00e832a0_0;
    %flag_set/vec4 8;
    %jmp/0xz  T_12.30, 8;
    %pushi/vec4 0, 0, 32; draw_string_vec4
    %pushi/vec4 29538, 0, 32; draw_string_vec4
    %concat/vec4; draw_string_vec4
    %store/vec4 v0xc00e86620_0, 0, 64;
T_12.30 ;
    %load/vec4 v0xc00e833e0_0;
    %flag_set/vec4 8;
    %jmp/0xz  T_12.32, 8;
    %pushi/vec4 0, 0, 32; draw_string_vec4
    %pushi/vec4 29544, 0, 32; draw_string_vec4
    %concat/vec4; draw_string_vec4
    %store/vec4 v0xc00e86620_0, 0, 64;
T_12.32 ;
    %load/vec4 v0xc00e83b60_0;
    %flag_set/vec4 8;
    %jmp/0xz  T_12.34, 8;
    %pushi/vec4 0, 0, 32; draw_string_vec4
    %pushi/vec4 29559, 0, 32; draw_string_vec4
    %concat/vec4; draw_string_vec4
    %store/vec4 v0xc00e86620_0, 0, 64;
T_12.34 ;
    %load/vec4 v0xc00e82080_0;
    %flag_set/vec4 8;
    %jmp/0xz  T_12.36, 8;
    %pushi/vec4 0, 0, 32; draw_string_vec4
    %pushi/vec4 1633969257, 0, 32; draw_string_vec4
    %concat/vec4; draw_string_vec4
    %store/vec4 v0xc00e86620_0, 0, 64;
T_12.36 ;
    %load/vec4 v0xc00e83660_0;
    %flag_set/vec4 8;
    %jmp/0xz  T_12.38, 8;
    %pushi/vec4 0, 0, 32; draw_string_vec4
    %pushi/vec4 1936487529, 0, 32; draw_string_vec4
    %concat/vec4; draw_string_vec4
    %store/vec4 v0xc00e86620_0, 0, 64;
T_12.38 ;
    %load/vec4 v0xc00e83700_0;
    %flag_set/vec4 8;
    %jmp/0xz  T_12.40, 8;
    %pushi/vec4 115, 0, 32; draw_string_vec4
    %pushi/vec4 1819568501, 0, 32; draw_string_vec4
    %concat/vec4; draw_string_vec4
    %store/vec4 v0xc00e86620_0, 0, 64;
T_12.40 ;
    %load/vec4 v0xc00e83e80_0;
    %flag_set/vec4 8;
    %jmp/0xz  T_12.42, 8;
    %pushi/vec4 0, 0, 32; draw_string_vec4
    %pushi/vec4 2020569705, 0, 32; draw_string_vec4
    %concat/vec4; draw_string_vec4
    %store/vec4 v0xc00e86620_0, 0, 64;
T_12.42 ;
    %load/vec4 v0xc00e82ee0_0;
    %flag_set/vec4 8;
    %jmp/0xz  T_12.44, 8;
    %pushi/vec4 0, 0, 32; draw_string_vec4
    %pushi/vec4 7303785, 0, 32; draw_string_vec4
    %concat/vec4; draw_string_vec4
    %store/vec4 v0xc00e86620_0, 0, 64;
T_12.44 ;
    %load/vec4 v0xc00e821c0_0;
    %flag_set/vec4 8;
    %jmp/0xz  T_12.46, 8;
    %pushi/vec4 0, 0, 32; draw_string_vec4
    %pushi/vec4 1634624617, 0, 32; draw_string_vec4
    %concat/vec4; draw_string_vec4
    %store/vec4 v0xc00e86620_0, 0, 64;
T_12.46 ;
    %load/vec4 v0xc00e83520_0;
    %flag_set/vec4 8;
    %jmp/0xz  T_12.48, 8;
    %pushi/vec4 0, 0, 32; draw_string_vec4
    %pushi/vec4 1936485481, 0, 32; draw_string_vec4
    %concat/vec4; draw_string_vec4
    %store/vec4 v0xc00e86620_0, 0, 64;
T_12.48 ;
    %load/vec4 v0xc00e83a20_0;
    %flag_set/vec4 8;
    %jmp/0xz  T_12.50, 8;
    %pushi/vec4 0, 0, 32; draw_string_vec4
    %pushi/vec4 1936878697, 0, 32; draw_string_vec4
    %concat/vec4; draw_string_vec4
    %store/vec4 v0xc00e86620_0, 0, 64;
T_12.50 ;
    %load/vec4 v0xc00e838e0_0;
    %flag_set/vec4 8;
    %jmp/0xz  T_12.52, 8;
    %pushi/vec4 0, 0, 32; draw_string_vec4
    %pushi/vec4 1936875881, 0, 32; draw_string_vec4
    %concat/vec4; draw_string_vec4
    %store/vec4 v0xc00e86620_0, 0, 64;
T_12.52 ;
    %load/vec4 v0xc00e81fe0_0;
    %flag_set/vec4 8;
    %jmp/0xz  T_12.54, 8;
    %pushi/vec4 0, 0, 32; draw_string_vec4
    %pushi/vec4 6382692, 0, 32; draw_string_vec4
    %concat/vec4; draw_string_vec4
    %store/vec4 v0xc00e86620_0, 0, 64;
T_12.54 ;
    %load/vec4 v0xc00e83ac0_0;
    %flag_set/vec4 8;
    %jmp/0xz  T_12.56, 8;
    %pushi/vec4 0, 0, 32; draw_string_vec4
    %pushi/vec4 7566690, 0, 32; draw_string_vec4
    %concat/vec4; draw_string_vec4
    %store/vec4 v0xc00e86620_0, 0, 64;
T_12.56 ;
    %load/vec4 v0xc00e83480_0;
    %flag_set/vec4 8;
    %jmp/0xz  T_12.58, 8;
    %pushi/vec4 0, 0, 32; draw_string_vec4
    %pushi/vec4 7564396, 0, 32; draw_string_vec4
    %concat/vec4; draw_string_vec4
    %store/vec4 v0xc00e86620_0, 0, 64;
T_12.58 ;
    %load/vec4 v0xc00e835c0_0;
    %flag_set/vec4 8;
    %jmp/0xz  T_12.60, 8;
    %pushi/vec4 0, 0, 32; draw_string_vec4
    %pushi/vec4 7564404, 0, 32; draw_string_vec4
    %concat/vec4; draw_string_vec4
    %store/vec4 v0xc00e86620_0, 0, 64;
T_12.60 ;
    %load/vec4 v0xc00e837a0_0;
    %flag_set/vec4 8;
    %jmp/0xz  T_12.62, 8;
    %pushi/vec4 0, 0, 32; draw_string_vec4
    %pushi/vec4 1936487541, 0, 32; draw_string_vec4
    %concat/vec4; draw_string_vec4
    %store/vec4 v0xc00e86620_0, 0, 64;
T_12.62 ;
    %load/vec4 v0xc00e83de0_0;
    %flag_set/vec4 8;
    %jmp/0xz  T_12.64, 8;
    %pushi/vec4 0, 0, 32; draw_string_vec4
    %pushi/vec4 7892850, 0, 32; draw_string_vec4
    %concat/vec4; draw_string_vec4
    %store/vec4 v0xc00e86620_0, 0, 64;
T_12.64 ;
    %load/vec4 v0xc00e83980_0;
    %flag_set/vec4 8;
    %jmp/0xz  T_12.66, 8;
    %pushi/vec4 0, 0, 32; draw_string_vec4
    %pushi/vec4 7565932, 0, 32; draw_string_vec4
    %concat/vec4; draw_string_vec4
    %store/vec4 v0xc00e86620_0, 0, 64;
T_12.66 ;
    %load/vec4 v0xc00e83840_0;
    %flag_set/vec4 8;
    %jmp/0xz  T_12.68, 8;
    %pushi/vec4 0, 0, 32; draw_string_vec4
    %pushi/vec4 7565921, 0, 32; draw_string_vec4
    %concat/vec4; draw_string_vec4
    %store/vec4 v0xc00e86620_0, 0, 64;
T_12.68 ;
    %load/vec4 v0xc00e82e40_0;
    %flag_set/vec4 8;
    %jmp/0xz  T_12.70, 8;
    %pushi/vec4 0, 0, 32; draw_string_vec4
    %pushi/vec4 28530, 0, 32; draw_string_vec4
    %concat/vec4; draw_string_vec4
    %store/vec4 v0xc00e86620_0, 0, 64;
T_12.70 ;
    %load/vec4 v0xc00e82120_0;
    %flag_set/vec4 8;
    %jmp/0xz  T_12.72, 8;
    %pushi/vec4 0, 0, 32; draw_string_vec4
    %pushi/vec4 6385252, 0, 32; draw_string_vec4
    %concat/vec4; draw_string_vec4
    %store/vec4 v0xc00e86620_0, 0, 64;
T_12.72 ;
    %load/vec4 v0xc00e82f80_0;
    %flag_set/vec4 8;
    %jmp/0xz  T_12.74, 8;
    %pushi/vec4 7496803, 0, 32; draw_string_vec4
    %pushi/vec4 2036558949, 0, 32; draw_string_vec4
    %concat/vec4; draw_string_vec4
    %store/vec4 v0xc00e86620_0, 0, 64;
T_12.74 ;
    %load/vec4 v0xc00e83020_0;
    %flag_set/vec4 8;
    %jmp/0xz  T_12.76, 8;
    %pushi/vec4 1919181689, 0, 32; draw_string_vec4
    %pushi/vec4 1668048232, 0, 32; draw_string_vec4
    %concat/vec4; draw_string_vec4
    %store/vec4 v0xc00e86620_0, 0, 64;
T_12.76 ;
    %load/vec4 v0xc00e830c0_0;
    %flag_set/vec4 8;
    %jmp/0xz  T_12.78, 8;
    %pushi/vec4 7496809, 0, 32; draw_string_vec4
    %pushi/vec4 1853060210, 0, 32; draw_string_vec4
    %concat/vec4; draw_string_vec4
    %store/vec4 v0xc00e86620_0, 0, 64;
T_12.78 ;
    %load/vec4 v0xc00e83160_0;
    %flag_set/vec4 8;
    %jmp/0xz  T_12.80, 8;
    %pushi/vec4 1919183214, 0, 32; draw_string_vec4
    %pushi/vec4 1937011304, 0, 32; draw_string_vec4
    %concat/vec4; draw_string_vec4
    %store/vec4 v0xc00e86620_0, 0, 64;
T_12.80 ;
    %load/vec4 v0xc00e82760_0;
    %flag_set/vec4 8;
    %jmp/0xz  T_12.82, 8;
    %pushi/vec4 102, 0, 32; draw_string_vec4
    %pushi/vec4 1701733221, 0, 32; draw_string_vec4
    %concat/vec4; draw_string_vec4
    %store/vec4 v0xc00e86620_0, 0, 64;
T_12.82 ;
    %load/vec4 v0xc00e82800_0;
    %flag_set/vec4 8;
    %jmp/0xz  T_12.84, 8;
    %pushi/vec4 0, 0, 32; draw_string_vec4
    %pushi/vec4 1734702193, 0, 32; draw_string_vec4
    %concat/vec4; draw_string_vec4
    %store/vec4 v0xc00e86620_0, 0, 64;
T_12.84 ;
    %load/vec4 v0xc00e83340_0;
    %flag_set/vec4 8;
    %jmp/0xz  T_12.86, 8;
    %pushi/vec4 0, 0, 32; draw_string_vec4
    %pushi/vec4 1936028785, 0, 32; draw_string_vec4
    %concat/vec4; draw_string_vec4
    %store/vec4 v0xc00e86620_0, 0, 64;
T_12.86 ;
    %load/vec4 v0xc00e83200_0;
    %flag_set/vec4 8;
    %jmp/0xz  T_12.88, 8;
    %pushi/vec4 29285, 0, 32; draw_string_vec4
    %pushi/vec4 1953067633, 0, 32; draw_string_vec4
    %concat/vec4; draw_string_vec4
    %store/vec4 v0xc00e86620_0, 0, 64;
T_12.88 ;
    %load/vec4 v0xc00e82da0_0;
    %flag_set/vec4 8;
    %jmp/0xz  T_12.90, 8;
    %pushi/vec4 7168371, 0, 32; draw_string_vec4
    %pushi/vec4 1802072689, 0, 32; draw_string_vec4
    %concat/vec4; draw_string_vec4
    %store/vec4 v0xc00e86620_0, 0, 64;
T_12.90 ;
    %load/vec4 v0xc00e83d40_0;
    %flag_set/vec4 8;
    %jmp/0xz  T_12.92, 8;
    %pushi/vec4 7823721, 0, 32; draw_string_vec4
    %pushi/vec4 1953067633, 0, 32; draw_string_vec4
    %concat/vec4; draw_string_vec4
    %store/vec4 v0xc00e86620_0, 0, 64;
T_12.92 ;
    %load/vec4 v0xc00e83c00_0;
    %flag_set/vec4 8;
    %jmp/0xz  T_12.94, 8;
    %pushi/vec4 116, 0, 32; draw_string_vec4
    %pushi/vec4 1768777074, 0, 32; draw_string_vec4
    %concat/vec4; draw_string_vec4
    %store/vec4 v0xc00e86620_0, 0, 64;
T_12.94 ;
    %jmp T_12;
    .thread T_12, $push;
    .scope S_0x105484e80;
T_13 ;
    %wait E_0xc00e52f40;
    %load/vec4 v0xc00e80b40_0;
    %assign/vec4 v0xc00e87660_0, 0;
    %load/vec4 v0xc00e80d20_0;
    %assign/vec4 v0xc00e87700_0, 0;
    %load/vec4 v0xc00e80dc0_0;
    %assign/vec4 v0xc00e877a0_0, 0;
    %load/vec4 v0xc00e80f00_0;
    %assign/vec4 v0xc00e878e0_0, 0;
    %load/vec4 v0xc00e80fa0_0;
    %assign/vec4 v0xc00e87980_0, 0;
    %load/vec4 v0xc00e80e60_0;
    %assign/vec4 v0xc00e87840_0, 0;
    %load/vec4 v0xc00e852c0_0;
    %assign/vec4 v0xc00e814a0_0, 0;
    %load/vec4 v0xc00e87de0_0;
    %nor/r;
    %flag_set/vec4 8;
    %jmp/1 T_13.2, 8;
    %load/vec4 v0xc00e88280_0;
    %flag_set/vec4 9;
    %flag_or 8, 9;
T_13.2;
    %jmp/0xz  T_13.0, 8;
    %pushi/vec4 0, 0, 1;
    %assign/vec4 v0xc00e817c0_0, 0;
    %jmp T_13.1;
T_13.0 ;
    %load/vec4 v0xc00e852c0_0;
    %flag_set/vec4 8;
    %jmp/0xz  T_13.3, 8;
    %pushi/vec4 1, 0, 1;
    %assign/vec4 v0xc00e817c0_0, 0;
T_13.3 ;
T_13.1 ;
    %load/vec4 v0xc00e81e00_0;
    %flag_set/vec4 8;
    %jmp/0xz  T_13.5, 8;
    %load/vec4 v0xc00e86620_0;
    %assign/vec4 v0xc00e7bf20_0, 0;
    %load/vec4 v0xc00e81860_0;
    %assign/vec4 v0xc00e80000_0, 0;
    %load/vec4 v0xc00e866c0_0;
    %parti/s 2, 0, 2;
    %and/r;
    %flag_set/vec4 8;
    %jmp/0xz  T_13.7, 8;
    %load/vec4 v0xc00e866c0_0;
    %assign/vec4 v0xc00e800a0_0, 0;
    %jmp T_13.8;
T_13.7 ;
    %pushi/vec4 0, 0, 16;
    %load/vec4 v0xc00e866c0_0;
    %parti/s 16, 0, 2;
    %concat/vec4; draw_concat_vec4
    %assign/vec4 v0xc00e800a0_0, 0;
T_13.8 ;
    %load/vec4 v0xc00e81ae0_0;
    %assign/vec4 v0xc00e801e0_0, 0;
    %load/vec4 v0xc00e81b80_0;
    %assign/vec4 v0xc00e80280_0, 0;
    %load/vec4 v0xc00e819a0_0;
    %assign/vec4 v0xc00e80140_0, 0;
T_13.5 ;
    %load/vec4 v0xc00e852c0_0;
    %flag_set/vec4 8;
    %jmp/0xz  T_13.9, 8;
    %load/vec4 v0xc00e86800_0;
    %assign/vec4 v0xc00e80c80_0, 0;
T_13.9 ;
    %jmp T_13;
    .thread T_13;
    .scope S_0x105484e80;
T_14 ;
    %wait E_0xc00e530c0;
    %load/vec4 v0xc00e87660_0;
    %store/vec4 v0xc00e80b40_0, 0, 64;
    %load/vec4 v0xc00e87700_0;
    %store/vec4 v0xc00e80d20_0, 0, 32;
    %load/vec4 v0xc00e877a0_0;
    %store/vec4 v0xc00e80dc0_0, 0, 32;
    %load/vec4 v0xc00e878e0_0;
    %store/vec4 v0xc00e80f00_0, 0, 5;
    %load/vec4 v0xc00e87980_0;
    %store/vec4 v0xc00e80fa0_0, 0, 5;
    %load/vec4 v0xc00e87840_0;
    %store/vec4 v0xc00e80e60_0, 0, 5;
    %load/vec4 v0xc00e814a0_0;
    %flag_set/vec4 8;
    %jmp/0xz  T_14.0, 8;
    %load/vec4 v0xc00e81cc0_0;
    %flag_set/vec4 8;
    %jmp/0xz  T_14.2, 8;
    %load/vec4 v0xc00e7bf20_0;
    %store/vec4 v0xc00e80b40_0, 0, 64;
    %load/vec4 v0xc00e80000_0;
    %store/vec4 v0xc00e80d20_0, 0, 32;
    %load/vec4 v0xc00e800a0_0;
    %store/vec4 v0xc00e80dc0_0, 0, 32;
    %load/vec4 v0xc00e801e0_0;
    %store/vec4 v0xc00e80f00_0, 0, 5;
    %load/vec4 v0xc00e80280_0;
    %store/vec4 v0xc00e80fa0_0, 0, 5;
    %load/vec4 v0xc00e80140_0;
    %store/vec4 v0xc00e80e60_0, 0, 5;
    %jmp T_14.3;
T_14.2 ;
    %load/vec4 v0xc00e86620_0;
    %store/vec4 v0xc00e80b40_0, 0, 64;
    %load/vec4 v0xc00e866c0_0;
    %parti/s 2, 0, 2;
    %and/r;
    %flag_set/vec4 8;
    %jmp/0xz  T_14.4, 8;
    %load/vec4 v0xc00e866c0_0;
    %store/vec4 v0xc00e80dc0_0, 0, 32;
    %jmp T_14.5;
T_14.4 ;
    %pushi/vec4 0, 0, 16;
    %load/vec4 v0xc00e866c0_0;
    %parti/s 16, 0, 2;
    %concat/vec4; draw_concat_vec4
    %store/vec4 v0xc00e80dc0_0, 0, 32;
T_14.5 ;
    %load/vec4 v0xc00e81860_0;
    %store/vec4 v0xc00e80d20_0, 0, 32;
    %load/vec4 v0xc00e81ae0_0;
    %store/vec4 v0xc00e80f00_0, 0, 5;
    %load/vec4 v0xc00e81b80_0;
    %store/vec4 v0xc00e80fa0_0, 0, 5;
    %load/vec4 v0xc00e819a0_0;
    %store/vec4 v0xc00e80e60_0, 0, 5;
T_14.3 ;
T_14.0 ;
    %jmp T_14;
    .thread T_14, $push;
    .scope S_0x105484e80;
T_15 ;
    %wait E_0xc00e52f40;
    %load/vec4 v0xc00e82c60_0;
    %load/vec4 v0xc00e82260_0;
    %concat/vec4; draw_concat_vec4
    %load/vec4 v0xc00e828a0_0;
    %concat/vec4; draw_concat_vec4
    %or/r;
    %assign/vec4 v0xc00e84780_0, 0;
    %load/vec4 v0xc00e82c60_0;
    %load/vec4 v0xc00e82260_0;
    %concat/vec4; draw_concat_vec4
    %load/vec4 v0xc00e828a0_0;
    %concat/vec4; draw_concat_vec4
    %load/vec4 v0xc00e82940_0;
    %concat/vec4; draw_concat_vec4
    %load/vec4 v0xc00e82080_0;
    %concat/vec4; draw_concat_vec4
    %load/vec4 v0xc00e81fe0_0;
    %concat/vec4; draw_concat_vec4
    %load/vec4 v0xc00e83ac0_0;
    %concat/vec4; draw_concat_vec4
    %or/r;
    %assign/vec4 v0xc00e84820_0, 0;
    %load/vec4 v0xc00e83660_0;
    %load/vec4 v0xc00e824e0_0;
    %concat/vec4; draw_concat_vec4
    %load/vec4 v0xc00e835c0_0;
    %concat/vec4; draw_concat_vec4
    %or/r;
    %assign/vec4 v0xc00e84b40_0, 0;
    %load/vec4 v0xc00e83700_0;
    %load/vec4 v0xc00e82580_0;
    %concat/vec4; draw_concat_vec4
    %load/vec4 v0xc00e837a0_0;
    %concat/vec4; draw_concat_vec4
    %or/r;
    %assign/vec4 v0xc00e84be0_0, 0;
    %load/vec4 v0xc00e82a80_0;
    %load/vec4 v0xc00e82bc0_0;
    %concat/vec4; draw_concat_vec4
    %load/vec4 v0xc00e82d00_0;
    %concat/vec4; draw_concat_vec4
    %or/r;
    %assign/vec4 v0xc00e846e0_0, 0;
    %load/vec4 v0xc00e84460_0;
    %load/vec4 v0xc00e83660_0;
    %concat/vec4; draw_concat_vec4
    %load/vec4 v0xc00e835c0_0;
    %concat/vec4; draw_concat_vec4
    %load/vec4 v0xc00e83700_0;
    %concat/vec4; draw_concat_vec4
    %load/vec4 v0xc00e837a0_0;
    %concat/vec4; draw_concat_vec4
    %or/r;
    %assign/vec4 v0xc00e84500_0, 0;
    %load/vec4 v0xc00e855e0_0;
    %flag_set/vec4 9;
    %flag_get/vec4 9;
    %jmp/0 T_15.2, 9;
    %load/vec4 v0xc00e85720_0;
    %and;
T_15.2;
    %flag_set/vec4 8;
    %jmp/0xz  T_15.0, 8;
    %load/vec4 v0xc00e85f40_0;
    %parti/s 7, 0, 2;
    %pushi/vec4 55, 0, 7;
    %cmp/e;
    %flag_get/vec4 4;
    %assign/vec4 v0xc00e82c60_0, 0;
    %load/vec4 v0xc00e85f40_0;
    %parti/s 7, 0, 2;
    %pushi/vec4 23, 0, 7;
    %cmp/e;
    %flag_get/vec4 4;
    %assign/vec4 v0xc00e82260_0, 0;
    %load/vec4 v0xc00e85f40_0;
    %parti/s 7, 0, 2;
    %pushi/vec4 111, 0, 7;
    %cmp/e;
    %flag_get/vec4 4;
    %assign/vec4 v0xc00e828a0_0, 0;
    %load/vec4 v0xc00e85f40_0;
    %parti/s 7, 0, 2;
    %cmpi/e 103, 0, 7;
    %flag_get/vec4 4;
    %jmp/0 T_15.3, 4;
    %load/vec4 v0xc00e85f40_0;
    %parti/s 3, 12, 5;
    %pushi/vec4 0, 0, 3;
    %cmp/e;
    %flag_get/vec4 4;
    %and;
T_15.3;
    %assign/vec4 v0xc00e82940_0, 0;
    %load/vec4 v0xc00e85f40_0;
    %parti/s 7, 0, 2;
    %cmpi/e 11, 0, 7;
    %flag_get/vec4 4;
    %jmp/0 T_15.5, 4;
    %load/vec4 v0xc00e85f40_0;
    %parti/s 7, 25, 6;
    %pushi/vec4 2, 0, 7;
    %cmp/e;
    %flag_get/vec4 4;
    %and;
T_15.5;
    %flag_set/vec4 8;
    %flag_get/vec4 8;
    %jmp/0 T_15.4, 8;
    %pushi/vec4 0, 0, 1;
    %and;
T_15.4;
    %assign/vec4 v0xc00e83200_0, 0;
    %load/vec4 v0xc00e85f40_0;
    %parti/s 7, 0, 2;
    %cmpi/e 11, 0, 7;
    %flag_get/vec4 4;
    %jmp/0 T_15.7, 4;
    %load/vec4 v0xc00e85f40_0;
    %parti/s 7, 25, 6;
    %pushi/vec4 4, 0, 7;
    %cmp/e;
    %flag_get/vec4 4;
    %and;
T_15.7;
    %flag_set/vec4 8;
    %flag_get/vec4 8;
    %jmp/0 T_15.6, 8;
    %pushi/vec4 0, 0, 1;
    %and;
T_15.6;
    %assign/vec4 v0xc00e83d40_0, 0;
    %load/vec4 v0xc00e85f40_0;
    %parti/s 7, 0, 2;
    %pushi/vec4 99, 0, 7;
    %cmp/e;
    %flag_get/vec4 4;
    %assign/vec4 v0xc00e84460_0, 0;
    %load/vec4 v0xc00e85f40_0;
    %parti/s 7, 0, 2;
    %pushi/vec4 3, 0, 7;
    %cmp/e;
    %flag_get/vec4 4;
    %assign/vec4 v0xc00e84640_0, 0;
    %load/vec4 v0xc00e85f40_0;
    %parti/s 7, 0, 2;
    %pushi/vec4 35, 0, 7;
    %cmp/e;
    %flag_get/vec4 4;
    %assign/vec4 v0xc00e84960_0, 0;
    %load/vec4 v0xc00e85f40_0;
    %parti/s 7, 0, 2;
    %pushi/vec4 19, 0, 7;
    %cmp/e;
    %flag_get/vec4 4;
    %assign/vec4 v0xc00e84320_0, 0;
    %load/vec4 v0xc00e85f40_0;
    %parti/s 7, 0, 2;
    %pushi/vec4 51, 0, 7;
    %cmp/e;
    %flag_get/vec4 4;
    %assign/vec4 v0xc00e843c0_0, 0;
    %load/vec4 v0xc00e85f40_0;
    %parti/s 20, 12, 5;
    %concati/vec4 0, 0, 1;
    %pad/s 32;
    %split/vec4 1;
    %ix/load 5, 0, 0;
    %ix/load 4, 0, 0;
    %flag_set/imm 4, 0;
    %assign/vec4/off/d v0xc00e81900_0, 4, 5;
    %split/vec4 8;
    %ix/load 5, 0, 0;
    %ix/load 4, 12, 0;
    %flag_set/imm 4, 0;
    %assign/vec4/off/d v0xc00e81900_0, 4, 5;
    %split/vec4 1;
    %ix/load 5, 0, 0;
    %ix/load 4, 11, 0;
    %flag_set/imm 4, 0;
    %assign/vec4/off/d v0xc00e81900_0, 4, 5;
    %split/vec4 10;
    %ix/load 5, 0, 0;
    %ix/load 4, 1, 0;
    %flag_set/imm 4, 0;
    %assign/vec4/off/d v0xc00e81900_0, 4, 5;
    %ix/load 5, 0, 0;
    %ix/load 4, 20, 0;
    %flag_set/imm 4, 0;
    %assign/vec4/off/d v0xc00e81900_0, 4, 5;
    %load/vec4 v0xc00e85f40_0;
    %parti/s 5, 7, 4;
    %assign/vec4 v0xc00e819a0_0, 0;
    %load/vec4 v0xc00e85f40_0;
    %parti/s 5, 15, 5;
    %assign/vec4 v0xc00e81ae0_0, 0;
    %load/vec4 v0xc00e85f40_0;
    %parti/s 5, 20, 6;
    %assign/vec4 v0xc00e81b80_0, 0;
    %load/vec4 v0xc00e85f40_0;
    %parti/s 7, 0, 2;
    %cmpi/e 11, 0, 7;
    %flag_get/vec4 4;
    %jmp/0 T_15.12, 4;
    %load/vec4 v0xc00e85f40_0;
    %parti/s 7, 25, 6;
    %pushi/vec4 0, 0, 7;
    %cmp/e;
    %flag_get/vec4 4;
    %and;
T_15.12;
    %flag_set/vec4 10;
    %flag_get/vec4 10;
    %jmp/0 T_15.11, 10;
    %pushi/vec4 0, 0, 1;
    %and;
T_15.11;
    %flag_set/vec4 9;
    %flag_get/vec4 9;
    %jmp/0 T_15.10, 9;
    %pushi/vec4 1, 0, 1;
    %and;
T_15.10;
    %flag_set/vec4 8;
    %jmp/0xz  T_15.8, 8;
    %pushi/vec4 1, 0, 1;
    %ix/load 5, 0, 0;
    %ix/load 4, 4, 0;
    %flag_set/imm 4, 0;
    %assign/vec4/off/d v0xc00e81ae0_0, 4, 5;
T_15.8 ;
    %load/vec4 v0xc00e85f40_0;
    %parti/s 7, 0, 2;
    %cmpi/e 11, 0, 7;
    %flag_get/vec4 4;
    %jmp/0 T_15.16, 4;
    %load/vec4 v0xc00e85f40_0;
    %parti/s 7, 25, 6;
    %pushi/vec4 2, 0, 7;
    %cmp/e;
    %flag_get/vec4 4;
    %and;
T_15.16;
    %flag_set/vec4 9;
    %flag_get/vec4 9;
    %jmp/0 T_15.15, 9;
    %pushi/vec4 0, 0, 1;
    %and;
T_15.15;
    %flag_set/vec4 8;
    %jmp/0xz  T_15.13, 8;
    %pushi/vec4 0, 0, 5;
    %assign/vec4 v0xc00e81ae0_0, 0;
T_15.13 ;
    %pushi/vec4 0, 0, 1;
    %assign/vec4 v0xc00e80500_0, 0;
T_15.0 ;
    %load/vec4 v0xc00e81d60_0;
    %flag_set/vec4 9;
    %flag_get/vec4 9;
    %jmp/0 T_15.19, 9;
    %load/vec4 v0xc00e81c20_0;
    %nor/r;
    %and;
T_15.19;
    %flag_set/vec4 8;
    %jmp/0xz  T_15.17, 8;
    %pushi/vec4 4294967295, 4294967295, 32;
    %assign/vec4 v0xc00e86b20_0, 0;
    %load/vec4 v0xc00e84460_0;
    %flag_set/vec4 8;
    %flag_get/vec4 8;
    %jmp/0 T_15.20, 8;
    %load/vec4 v0xc00e86080_0;
    %parti/s 3, 12, 5;
    %pushi/vec4 0, 0, 3;
    %cmp/e;
    %flag_get/vec4 4;
    %and;
T_15.20;
    %assign/vec4 v0xc00e82300_0, 0;
    %load/vec4 v0xc00e84460_0;
    %flag_set/vec4 8;
    %flag_get/vec4 8;
    %jmp/0 T_15.21, 8;
    %load/vec4 v0xc00e86080_0;
    %parti/s 3, 12, 5;
    %pushi/vec4 1, 0, 3;
    %cmp/e;
    %flag_get/vec4 4;
    %and;
T_15.21;
    %assign/vec4 v0xc00e82620_0, 0;
    %load/vec4 v0xc00e84460_0;
    %flag_set/vec4 8;
    %flag_get/vec4 8;
    %jmp/0 T_15.22, 8;
    %load/vec4 v0xc00e86080_0;
    %parti/s 3, 12, 5;
    %pushi/vec4 4, 0, 3;
    %cmp/e;
    %flag_get/vec4 4;
    %and;
T_15.22;
    %assign/vec4 v0xc00e824e0_0, 0;
    %load/vec4 v0xc00e84460_0;
    %flag_set/vec4 8;
    %flag_get/vec4 8;
    %jmp/0 T_15.23, 8;
    %load/vec4 v0xc00e86080_0;
    %parti/s 3, 12, 5;
    %pushi/vec4 5, 0, 3;
    %cmp/e;
    %flag_get/vec4 4;
    %and;
T_15.23;
    %assign/vec4 v0xc00e823a0_0, 0;
    %load/vec4 v0xc00e84460_0;
    %flag_set/vec4 8;
    %flag_get/vec4 8;
    %jmp/0 T_15.24, 8;
    %load/vec4 v0xc00e86080_0;
    %parti/s 3, 12, 5;
    %pushi/vec4 6, 0, 3;
    %cmp/e;
    %flag_get/vec4 4;
    %and;
T_15.24;
    %assign/vec4 v0xc00e82580_0, 0;
    %load/vec4 v0xc00e84460_0;
    %flag_set/vec4 8;
    %flag_get/vec4 8;
    %jmp/0 T_15.25, 8;
    %load/vec4 v0xc00e86080_0;
    %parti/s 3, 12, 5;
    %pushi/vec4 7, 0, 3;
    %cmp/e;
    %flag_get/vec4 4;
    %and;
T_15.25;
    %assign/vec4 v0xc00e82440_0, 0;
    %load/vec4 v0xc00e84640_0;
    %flag_set/vec4 8;
    %flag_get/vec4 8;
    %jmp/0 T_15.26, 8;
    %load/vec4 v0xc00e86080_0;
    %parti/s 3, 12, 5;
    %pushi/vec4 0, 0, 3;
    %cmp/e;
    %flag_get/vec4 4;
    %and;
T_15.26;
    %assign/vec4 v0xc00e829e0_0, 0;
    %load/vec4 v0xc00e84640_0;
    %flag_set/vec4 8;
    %flag_get/vec4 8;
    %jmp/0 T_15.27, 8;
    %load/vec4 v0xc00e86080_0;
    %parti/s 3, 12, 5;
    %pushi/vec4 1, 0, 3;
    %cmp/e;
    %flag_get/vec4 4;
    %and;
T_15.27;
    %assign/vec4 v0xc00e82b20_0, 0;
    %load/vec4 v0xc00e84640_0;
    %flag_set/vec4 8;
    %flag_get/vec4 8;
    %jmp/0 T_15.28, 8;
    %load/vec4 v0xc00e86080_0;
    %parti/s 3, 12, 5;
    %pushi/vec4 2, 0, 3;
    %cmp/e;
    %flag_get/vec4 4;
    %and;
T_15.28;
    %assign/vec4 v0xc00e82d00_0, 0;
    %load/vec4 v0xc00e84640_0;
    %flag_set/vec4 8;
    %flag_get/vec4 8;
    %jmp/0 T_15.29, 8;
    %load/vec4 v0xc00e86080_0;
    %parti/s 3, 12, 5;
    %pushi/vec4 4, 0, 3;
    %cmp/e;
    %flag_get/vec4 4;
    %and;
T_15.29;
    %assign/vec4 v0xc00e82a80_0, 0;
    %load/vec4 v0xc00e84640_0;
    %flag_set/vec4 8;
    %flag_get/vec4 8;
    %jmp/0 T_15.30, 8;
    %load/vec4 v0xc00e86080_0;
    %parti/s 3, 12, 5;
    %pushi/vec4 5, 0, 3;
    %cmp/e;
    %flag_get/vec4 4;
    %and;
T_15.30;
    %assign/vec4 v0xc00e82bc0_0, 0;
    %load/vec4 v0xc00e84960_0;
    %flag_set/vec4 8;
    %flag_get/vec4 8;
    %jmp/0 T_15.31, 8;
    %load/vec4 v0xc00e86080_0;
    %parti/s 3, 12, 5;
    %pushi/vec4 0, 0, 3;
    %cmp/e;
    %flag_get/vec4 4;
    %and;
T_15.31;
    %assign/vec4 v0xc00e832a0_0, 0;
    %load/vec4 v0xc00e84960_0;
    %flag_set/vec4 8;
    %flag_get/vec4 8;
    %jmp/0 T_15.32, 8;
    %load/vec4 v0xc00e86080_0;
    %parti/s 3, 12, 5;
    %pushi/vec4 1, 0, 3;
    %cmp/e;
    %flag_get/vec4 4;
    %and;
T_15.32;
    %assign/vec4 v0xc00e833e0_0, 0;
    %load/vec4 v0xc00e84960_0;
    %flag_set/vec4 8;
    %flag_get/vec4 8;
    %jmp/0 T_15.33, 8;
    %load/vec4 v0xc00e86080_0;
    %parti/s 3, 12, 5;
    %pushi/vec4 2, 0, 3;
    %cmp/e;
    %flag_get/vec4 4;
    %and;
T_15.33;
    %assign/vec4 v0xc00e83b60_0, 0;
    %load/vec4 v0xc00e84320_0;
    %flag_set/vec4 8;
    %flag_get/vec4 8;
    %jmp/0 T_15.34, 8;
    %load/vec4 v0xc00e86080_0;
    %parti/s 3, 12, 5;
    %pushi/vec4 0, 0, 3;
    %cmp/e;
    %flag_get/vec4 4;
    %and;
T_15.34;
    %assign/vec4 v0xc00e82080_0, 0;
    %load/vec4 v0xc00e84320_0;
    %flag_set/vec4 8;
    %flag_get/vec4 8;
    %jmp/0 T_15.35, 8;
    %load/vec4 v0xc00e86080_0;
    %parti/s 3, 12, 5;
    %pushi/vec4 2, 0, 3;
    %cmp/e;
    %flag_get/vec4 4;
    %and;
T_15.35;
    %assign/vec4 v0xc00e83660_0, 0;
    %load/vec4 v0xc00e84320_0;
    %flag_set/vec4 8;
    %flag_get/vec4 8;
    %jmp/0 T_15.36, 8;
    %load/vec4 v0xc00e86080_0;
    %parti/s 3, 12, 5;
    %pushi/vec4 3, 0, 3;
    %cmp/e;
    %flag_get/vec4 4;
    %and;
T_15.36;
    %assign/vec4 v0xc00e83700_0, 0;
    %load/vec4 v0xc00e84320_0;
    %flag_set/vec4 8;
    %flag_get/vec4 8;
    %jmp/0 T_15.37, 8;
    %load/vec4 v0xc00e86080_0;
    %parti/s 3, 12, 5;
    %pushi/vec4 4, 0, 3;
    %cmp/e;
    %flag_get/vec4 4;
    %and;
T_15.37;
    %assign/vec4 v0xc00e83e80_0, 0;
    %load/vec4 v0xc00e84320_0;
    %flag_set/vec4 8;
    %flag_get/vec4 8;
    %jmp/0 T_15.38, 8;
    %load/vec4 v0xc00e86080_0;
    %parti/s 3, 12, 5;
    %pushi/vec4 6, 0, 3;
    %cmp/e;
    %flag_get/vec4 4;
    %and;
T_15.38;
    %assign/vec4 v0xc00e82ee0_0, 0;
    %load/vec4 v0xc00e84320_0;
    %flag_set/vec4 8;
    %flag_get/vec4 8;
    %jmp/0 T_15.39, 8;
    %load/vec4 v0xc00e86080_0;
    %parti/s 3, 12, 5;
    %pushi/vec4 7, 0, 3;
    %cmp/e;
    %flag_get/vec4 4;
    %and;
T_15.39;
    %assign/vec4 v0xc00e821c0_0, 0;
    %load/vec4 v0xc00e84320_0;
    %flag_set/vec4 9;
    %flag_get/vec4 9;
    %jmp/0 T_15.41, 9;
    %load/vec4 v0xc00e86080_0;
    %parti/s 3, 12, 5;
    %pushi/vec4 1, 0, 3;
    %cmp/e;
    %flag_get/vec4 4;
    %and;
T_15.41;
    %flag_set/vec4 8;
    %flag_get/vec4 8;
    %jmp/0 T_15.40, 8;
    %load/vec4 v0xc00e86080_0;
    %parti/s 7, 25, 6;
    %pushi/vec4 0, 0, 7;
    %cmp/e;
    %flag_get/vec4 4;
    %and;
T_15.40;
    %assign/vec4 v0xc00e83520_0, 0;
    %load/vec4 v0xc00e84320_0;
    %flag_set/vec4 9;
    %flag_get/vec4 9;
    %jmp/0 T_15.43, 9;
    %load/vec4 v0xc00e86080_0;
    %parti/s 3, 12, 5;
    %pushi/vec4 5, 0, 3;
    %cmp/e;
    %flag_get/vec4 4;
    %and;
T_15.43;
    %flag_set/vec4 8;
    %flag_get/vec4 8;
    %jmp/0 T_15.42, 8;
    %load/vec4 v0xc00e86080_0;
    %parti/s 7, 25, 6;
    %pushi/vec4 0, 0, 7;
    %cmp/e;
    %flag_get/vec4 4;
    %and;
T_15.42;
    %assign/vec4 v0xc00e83a20_0, 0;
    %load/vec4 v0xc00e84320_0;
    %flag_set/vec4 9;
    %flag_get/vec4 9;
    %jmp/0 T_15.45, 9;
    %load/vec4 v0xc00e86080_0;
    %parti/s 3, 12, 5;
    %pushi/vec4 5, 0, 3;
    %cmp/e;
    %flag_get/vec4 4;
    %and;
T_15.45;
    %flag_set/vec4 8;
    %flag_get/vec4 8;
    %jmp/0 T_15.44, 8;
    %load/vec4 v0xc00e86080_0;
    %parti/s 7, 25, 6;
    %pushi/vec4 32, 0, 7;
    %cmp/e;
    %flag_get/vec4 4;
    %and;
T_15.44;
    %assign/vec4 v0xc00e838e0_0, 0;
    %load/vec4 v0xc00e843c0_0;
    %flag_set/vec4 9;
    %flag_get/vec4 9;
    %jmp/0 T_15.47, 9;
    %load/vec4 v0xc00e86080_0;
    %parti/s 3, 12, 5;
    %pushi/vec4 0, 0, 3;
    %cmp/e;
    %flag_get/vec4 4;
    %and;
T_15.47;
    %flag_set/vec4 8;
    %flag_get/vec4 8;
    %jmp/0 T_15.46, 8;
    %load/vec4 v0xc00e86080_0;
    %parti/s 7, 25, 6;
    %pushi/vec4 0, 0, 7;
    %cmp/e;
    %flag_get/vec4 4;
    %and;
T_15.46;
    %assign/vec4 v0xc00e81fe0_0, 0;
    %load/vec4 v0xc00e843c0_0;
    %flag_set/vec4 9;
    %flag_get/vec4 9;
    %jmp/0 T_15.49, 9;
    %load/vec4 v0xc00e86080_0;
    %parti/s 3, 12, 5;
    %pushi/vec4 0, 0, 3;
    %cmp/e;
    %flag_get/vec4 4;
    %and;
T_15.49;
    %flag_set/vec4 8;
    %flag_get/vec4 8;
    %jmp/0 T_15.48, 8;
    %load/vec4 v0xc00e86080_0;
    %parti/s 7, 25, 6;
    %pushi/vec4 32, 0, 7;
    %cmp/e;
    %flag_get/vec4 4;
    %and;
T_15.48;
    %assign/vec4 v0xc00e83ac0_0, 0;
    %load/vec4 v0xc00e843c0_0;
    %flag_set/vec4 9;
    %flag_get/vec4 9;
    %jmp/0 T_15.51, 9;
    %load/vec4 v0xc00e86080_0;
    %parti/s 3, 12, 5;
    %pushi/vec4 1, 0, 3;
    %cmp/e;
    %flag_get/vec4 4;
    %and;
T_15.51;
    %flag_set/vec4 8;
    %flag_get/vec4 8;
    %jmp/0 T_15.50, 8;
    %load/vec4 v0xc00e86080_0;
    %parti/s 7, 25, 6;
    %pushi/vec4 0, 0, 7;
    %cmp/e;
    %flag_get/vec4 4;
    %and;
T_15.50;
    %assign/vec4 v0xc00e83480_0, 0;
    %load/vec4 v0xc00e843c0_0;
    %flag_set/vec4 9;
    %flag_get/vec4 9;
    %jmp/0 T_15.53, 9;
    %load/vec4 v0xc00e86080_0;
    %parti/s 3, 12, 5;
    %pushi/vec4 2, 0, 3;
    %cmp/e;
    %flag_get/vec4 4;
    %and;
T_15.53;
    %flag_set/vec4 8;
    %flag_get/vec4 8;
    %jmp/0 T_15.52, 8;
    %load/vec4 v0xc00e86080_0;
    %parti/s 7, 25, 6;
    %pushi/vec4 0, 0, 7;
    %cmp/e;
    %flag_get/vec4 4;
    %and;
T_15.52;
    %assign/vec4 v0xc00e835c0_0, 0;
    %load/vec4 v0xc00e843c0_0;
    %flag_set/vec4 9;
    %flag_get/vec4 9;
    %jmp/0 T_15.55, 9;
    %load/vec4 v0xc00e86080_0;
    %parti/s 3, 12, 5;
    %pushi/vec4 3, 0, 3;
    %cmp/e;
    %flag_get/vec4 4;
    %and;
T_15.55;
    %flag_set/vec4 8;
    %flag_get/vec4 8;
    %jmp/0 T_15.54, 8;
    %load/vec4 v0xc00e86080_0;
    %parti/s 7, 25, 6;
    %pushi/vec4 0, 0, 7;
    %cmp/e;
    %flag_get/vec4 4;
    %and;
T_15.54;
    %assign/vec4 v0xc00e837a0_0, 0;
    %load/vec4 v0xc00e843c0_0;
    %flag_set/vec4 9;
    %flag_get/vec4 9;
    %jmp/0 T_15.57, 9;
    %load/vec4 v0xc00e86080_0;
    %parti/s 3, 12, 5;
    %pushi/vec4 4, 0, 3;
    %cmp/e;
    %flag_get/vec4 4;
    %and;
T_15.57;
    %flag_set/vec4 8;
    %flag_get/vec4 8;
    %jmp/0 T_15.56, 8;
    %load/vec4 v0xc00e86080_0;
    %parti/s 7, 25, 6;
    %pushi/vec4 0, 0, 7;
    %cmp/e;
    %flag_get/vec4 4;
    %and;
T_15.56;
    %assign/vec4 v0xc00e83de0_0, 0;
    %load/vec4 v0xc00e843c0_0;
    %flag_set/vec4 9;
    %flag_get/vec4 9;
    %jmp/0 T_15.59, 9;
    %load/vec4 v0xc00e86080_0;
    %parti/s 3, 12, 5;
    %pushi/vec4 5, 0, 3;
    %cmp/e;
    %flag_get/vec4 4;
    %and;
T_15.59;
    %flag_set/vec4 8;
    %flag_get/vec4 8;
    %jmp/0 T_15.58, 8;
    %load/vec4 v0xc00e86080_0;
    %parti/s 7, 25, 6;
    %pushi/vec4 0, 0, 7;
    %cmp/e;
    %flag_get/vec4 4;
    %and;
T_15.58;
    %assign/vec4 v0xc00e83980_0, 0;
    %load/vec4 v0xc00e843c0_0;
    %flag_set/vec4 9;
    %flag_get/vec4 9;
    %jmp/0 T_15.61, 9;
    %load/vec4 v0xc00e86080_0;
    %parti/s 3, 12, 5;
    %pushi/vec4 5, 0, 3;
    %cmp/e;
    %flag_get/vec4 4;
    %and;
T_15.61;
    %flag_set/vec4 8;
    %flag_get/vec4 8;
    %jmp/0 T_15.60, 8;
    %load/vec4 v0xc00e86080_0;
    %parti/s 7, 25, 6;
    %pushi/vec4 32, 0, 7;
    %cmp/e;
    %flag_get/vec4 4;
    %and;
T_15.60;
    %assign/vec4 v0xc00e83840_0, 0;
    %load/vec4 v0xc00e843c0_0;
    %flag_set/vec4 9;
    %flag_get/vec4 9;
    %jmp/0 T_15.63, 9;
    %load/vec4 v0xc00e86080_0;
    %parti/s 3, 12, 5;
    %pushi/vec4 6, 0, 3;
    %cmp/e;
    %flag_get/vec4 4;
    %and;
T_15.63;
    %flag_set/vec4 8;
    %flag_get/vec4 8;
    %jmp/0 T_15.62, 8;
    %load/vec4 v0xc00e86080_0;
    %parti/s 7, 25, 6;
    %pushi/vec4 0, 0, 7;
    %cmp/e;
    %flag_get/vec4 4;
    %and;
T_15.62;
    %assign/vec4 v0xc00e82e40_0, 0;
    %load/vec4 v0xc00e843c0_0;
    %flag_set/vec4 9;
    %flag_get/vec4 9;
    %jmp/0 T_15.65, 9;
    %load/vec4 v0xc00e86080_0;
    %parti/s 3, 12, 5;
    %pushi/vec4 7, 0, 3;
    %cmp/e;
    %flag_get/vec4 4;
    %and;
T_15.65;
    %flag_set/vec4 8;
    %flag_get/vec4 8;
    %jmp/0 T_15.64, 8;
    %load/vec4 v0xc00e86080_0;
    %parti/s 7, 25, 6;
    %pushi/vec4 0, 0, 7;
    %cmp/e;
    %flag_get/vec4 4;
    %and;
T_15.64;
    %assign/vec4 v0xc00e82120_0, 0;
    %load/vec4 v0xc00e86080_0;
    %parti/s 7, 0, 2;
    %cmpi/e 115, 0, 7;
    %flag_get/vec4 4;
    %jmp/0 T_15.68, 4;
    %load/vec4 v0xc00e86080_0;
    %parti/s 20, 12, 5;
    %pad/u 32;
    %pushi/vec4 786434, 0, 32;
    %cmp/e;
    %flag_get/vec4 4;
    %and;
T_15.68;
    %flag_set/vec4 8;
    %jmp/1 T_15.67, 8;
    %load/vec4 v0xc00e86080_0;
    %parti/s 7, 0, 2;
    %cmpi/e 115, 0, 7;
    %flag_get/vec4 4;
    %jmp/0 T_15.69, 4;
    %load/vec4 v0xc00e86080_0;
    %parti/s 20, 12, 5;
    %pad/u 32;
    %pushi/vec4 786690, 0, 32;
    %cmp/e;
    %flag_get/vec4 4;
    %and;
T_15.69;
    %flag_set/vec4 9;
    %flag_or 8, 9;
T_15.67;
    %flag_get/vec4 8;
    %jmp/0 T_15.66, 8;
    %pushi/vec4 1, 0, 1;
    %and;
T_15.66;
    %assign/vec4 v0xc00e82f80_0, 0;
    %load/vec4 v0xc00e86080_0;
    %parti/s 7, 0, 2;
    %cmpi/e 115, 0, 7;
    %flag_get/vec4 4;
    %jmp/0 T_15.73, 4;
    %load/vec4 v0xc00e86080_0;
    %parti/s 20, 12, 5;
    %pad/u 32;
    %pushi/vec4 819202, 0, 32;
    %cmp/e;
    %flag_get/vec4 4;
    %and;
T_15.73;
    %flag_set/vec4 9;
    %jmp/1 T_15.72, 9;
    %load/vec4 v0xc00e86080_0;
    %parti/s 7, 0, 2;
    %cmpi/e 115, 0, 7;
    %flag_get/vec4 4;
    %jmp/0 T_15.74, 4;
    %load/vec4 v0xc00e86080_0;
    %parti/s 20, 12, 5;
    %pad/u 32;
    %pushi/vec4 819458, 0, 32;
    %cmp/e;
    %flag_get/vec4 4;
    %and;
T_15.74;
    %flag_set/vec4 10;
    %flag_or 9, 10;
T_15.72;
    %flag_get/vec4 9;
    %jmp/0 T_15.71, 9;
    %pushi/vec4 1, 0, 1;
    %and;
T_15.71;
    %flag_set/vec4 8;
    %flag_get/vec4 8;
    %jmp/0 T_15.70, 8;
    %pushi/vec4 1, 0, 1;
    %and;
T_15.70;
    %assign/vec4 v0xc00e83020_0, 0;
    %load/vec4 v0xc00e86080_0;
    %parti/s 7, 0, 2;
    %cmpi/e 115, 0, 7;
    %flag_get/vec4 4;
    %jmp/0 T_15.76, 4;
    %load/vec4 v0xc00e86080_0;
    %parti/s 20, 12, 5;
    %pad/u 32;
    %pushi/vec4 786946, 0, 32;
    %cmp/e;
    %flag_get/vec4 4;
    %and;
T_15.76;
    %flag_set/vec4 8;
    %flag_get/vec4 8;
    %jmp/0 T_15.75, 8;
    %pushi/vec4 1, 0, 1;
    %and;
T_15.75;
    %assign/vec4 v0xc00e830c0_0, 0;
    %load/vec4 v0xc00e86080_0;
    %parti/s 7, 0, 2;
    %cmpi/e 115, 0, 7;
    %flag_get/vec4 4;
    %jmp/0 T_15.79, 4;
    %load/vec4 v0xc00e86080_0;
    %parti/s 20, 12, 5;
    %pad/u 32;
    %pushi/vec4 819714, 0, 32;
    %cmp/e;
    %flag_get/vec4 4;
    %and;
T_15.79;
    %flag_set/vec4 9;
    %flag_get/vec4 9;
    %jmp/0 T_15.78, 9;
    %pushi/vec4 1, 0, 1;
    %and;
T_15.78;
    %flag_set/vec4 8;
    %flag_get/vec4 8;
    %jmp/0 T_15.77, 8;
    %pushi/vec4 1, 0, 1;
    %and;
T_15.77;
    %assign/vec4 v0xc00e83160_0, 0;
    %load/vec4 v0xc00e86080_0;
    %parti/s 7, 0, 2;
    %cmpi/e 115, 0, 7;
    %flag_get/vec4 4;
    %jmp/0 T_15.82, 4;
    %load/vec4 v0xc00e86080_0;
    %parti/s 11, 21, 6;
    %nor/r;
    %and;
T_15.82;
    %flag_set/vec4 9;
    %flag_get/vec4 9;
    %jmp/0 T_15.81, 9;
    %load/vec4 v0xc00e86080_0;
    %parti/s 13, 7, 4;
    %nor/r;
    %and;
T_15.81;
    %flag_set/vec4 8;
    %flag_get/vec4 8;
    %jmp/1 T_15.80, 8;
    %pushi/vec4 0, 0, 1;
    %or;
T_15.80;
    %assign/vec4 v0xc00e826c0_0, 0;
    %load/vec4 v0xc00e86080_0;
    %parti/s 7, 0, 2;
    %cmpi/e 15, 0, 7;
    %flag_get/vec4 4;
    %jmp/0 T_15.83, 4;
    %load/vec4 v0xc00e86080_0;
    %parti/s 3, 12, 5;
    %nor/r;
    %and;
T_15.83;
    %assign/vec4 v0xc00e82760_0, 0;
    %load/vec4 v0xc00e86080_0;
    %parti/s 7, 0, 2;
    %cmpi/e 11, 0, 7;
    %flag_get/vec4 4;
    %jmp/0 T_15.86, 4;
    %load/vec4 v0xc00e86080_0;
    %parti/s 7, 25, 6;
    %pushi/vec4 0, 0, 7;
    %cmp/e;
    %flag_get/vec4 4;
    %and;
T_15.86;
    %flag_set/vec4 9;
    %flag_get/vec4 9;
    %jmp/0 T_15.85, 9;
    %pushi/vec4 0, 0, 1;
    %and;
T_15.85;
    %flag_set/vec4 8;
    %flag_get/vec4 8;
    %jmp/0 T_15.84, 8;
    %pushi/vec4 1, 0, 1;
    %and;
T_15.84;
    %assign/vec4 v0xc00e82800_0, 0;
    %load/vec4 v0xc00e86080_0;
    %parti/s 7, 0, 2;
    %cmpi/e 11, 0, 7;
    %flag_get/vec4 4;
    %jmp/0 T_15.89, 4;
    %load/vec4 v0xc00e86080_0;
    %parti/s 7, 25, 6;
    %pushi/vec4 1, 0, 7;
    %cmp/e;
    %flag_get/vec4 4;
    %and;
T_15.89;
    %flag_set/vec4 9;
    %flag_get/vec4 9;
    %jmp/0 T_15.88, 9;
    %pushi/vec4 0, 0, 1;
    %and;
T_15.88;
    %flag_set/vec4 8;
    %flag_get/vec4 8;
    %jmp/0 T_15.87, 8;
    %pushi/vec4 1, 0, 1;
    %and;
T_15.87;
    %assign/vec4 v0xc00e83340_0, 0;
    %load/vec4 v0xc00e86080_0;
    %parti/s 7, 0, 2;
    %cmpi/e 11, 0, 7;
    %flag_get/vec4 4;
    %jmp/0 T_15.91, 4;
    %load/vec4 v0xc00e86080_0;
    %parti/s 7, 25, 6;
    %pushi/vec4 3, 0, 7;
    %cmp/e;
    %flag_get/vec4 4;
    %and;
T_15.91;
    %flag_set/vec4 8;
    %flag_get/vec4 8;
    %jmp/0 T_15.90, 8;
    %pushi/vec4 0, 0, 1;
    %and;
T_15.90;
    %assign/vec4 v0xc00e82da0_0, 0;
    %load/vec4 v0xc00e86080_0;
    %parti/s 7, 0, 2;
    %cmpi/e 11, 0, 7;
    %flag_get/vec4 4;
    %jmp/0 T_15.94, 4;
    %load/vec4 v0xc00e86080_0;
    %parti/s 7, 25, 6;
    %pushi/vec4 5, 0, 7;
    %cmp/e;
    %flag_get/vec4 4;
    %and;
T_15.94;
    %flag_set/vec4 9;
    %flag_get/vec4 9;
    %jmp/0 T_15.93, 9;
    %pushi/vec4 0, 0, 1;
    %and;
T_15.93;
    %flag_set/vec4 8;
    %flag_get/vec4 8;
    %jmp/0 T_15.92, 8;
    %pushi/vec4 1, 0, 1;
    %and;
T_15.92;
    %assign/vec4 v0xc00e83c00_0, 0;
    %load/vec4 v0xc00e84320_0;
    %flag_set/vec4 8;
    %flag_get/vec4 8;
    %jmp/0 T_15.95, 8;
    %load/vec4 v0xc00e86080_0;
    %parti/s 3, 12, 5;
    %cmpi/e 1, 0, 3;
    %flag_get/vec4 4;
    %jmp/0 T_15.96, 4;
    %load/vec4 v0xc00e86080_0;
    %parti/s 7, 25, 6;
    %pushi/vec4 0, 0, 7;
    %cmp/e;
    %flag_get/vec4 4;
    %and;
T_15.96;
    %load/vec4 v0xc00e86080_0;
    %parti/s 3, 12, 5;
    %cmpi/e 5, 0, 3;
    %flag_get/vec4 4;
    %jmp/0 T_15.97, 4;
    %load/vec4 v0xc00e86080_0;
    %parti/s 7, 25, 6;
    %pushi/vec4 0, 0, 7;
    %cmp/e;
    %flag_get/vec4 4;
    %and;
T_15.97;
    %concat/vec4; draw_concat_vec4
    %load/vec4 v0xc00e86080_0;
    %parti/s 3, 12, 5;
    %cmpi/e 5, 0, 3;
    %flag_get/vec4 4;
    %jmp/0 T_15.98, 4;
    %load/vec4 v0xc00e86080_0;
    %parti/s 7, 25, 6;
    %pushi/vec4 32, 0, 7;
    %cmp/e;
    %flag_get/vec4 4;
    %and;
T_15.98;
    %concat/vec4; draw_concat_vec4
    %or/r;
    %and;
T_15.95;
    %assign/vec4 v0xc00e84aa0_0, 0;
    %load/vec4 v0xc00e82940_0;
    %flag_set/vec4 8;
    %flag_get/vec4 8;
    %jmp/1 T_15.99, 8;
    %load/vec4 v0xc00e84320_0;
    %flag_set/vec4 8;
    %flag_get/vec4 8;
    %jmp/0 T_15.100, 8;
    %load/vec4 v0xc00e86080_0;
    %parti/s 3, 12, 5;
    %pushi/vec4 0, 0, 3;
    %cmp/e;
    %flag_get/vec4 4;
    %load/vec4 v0xc00e86080_0;
    %parti/s 3, 12, 5;
    %pushi/vec4 2, 0, 3;
    %cmp/e;
    %flag_get/vec4 4;
    %concat/vec4; draw_concat_vec4
    %load/vec4 v0xc00e86080_0;
    %parti/s 3, 12, 5;
    %pushi/vec4 3, 0, 3;
    %cmp/e;
    %flag_get/vec4 4;
    %concat/vec4; draw_concat_vec4
    %load/vec4 v0xc00e86080_0;
    %parti/s 3, 12, 5;
    %pushi/vec4 4, 0, 3;
    %cmp/e;
    %flag_get/vec4 4;
    %concat/vec4; draw_concat_vec4
    %load/vec4 v0xc00e86080_0;
    %parti/s 3, 12, 5;
    %pushi/vec4 6, 0, 3;
    %cmp/e;
    %flag_get/vec4 4;
    %concat/vec4; draw_concat_vec4
    %load/vec4 v0xc00e86080_0;
    %parti/s 3, 12, 5;
    %pushi/vec4 7, 0, 3;
    %cmp/e;
    %flag_get/vec4 4;
    %concat/vec4; draw_concat_vec4
    %or/r;
    %and;
T_15.100;
    %or;
T_15.99;
    %assign/vec4 v0xc00e845a0_0, 0;
    %load/vec4 v0xc00e843c0_0;
    %flag_set/vec4 8;
    %flag_get/vec4 8;
    %jmp/0 T_15.101, 8;
    %load/vec4 v0xc00e86080_0;
    %parti/s 3, 12, 5;
    %cmpi/e 1, 0, 3;
    %flag_get/vec4 4;
    %jmp/0 T_15.102, 4;
    %load/vec4 v0xc00e86080_0;
    %parti/s 7, 25, 6;
    %pushi/vec4 0, 0, 7;
    %cmp/e;
    %flag_get/vec4 4;
    %and;
T_15.102;
    %load/vec4 v0xc00e86080_0;
    %parti/s 3, 12, 5;
    %cmpi/e 5, 0, 3;
    %flag_get/vec4 4;
    %jmp/0 T_15.103, 4;
    %load/vec4 v0xc00e86080_0;
    %parti/s 7, 25, 6;
    %pushi/vec4 0, 0, 7;
    %cmp/e;
    %flag_get/vec4 4;
    %and;
T_15.103;
    %concat/vec4; draw_concat_vec4
    %load/vec4 v0xc00e86080_0;
    %parti/s 3, 12, 5;
    %cmpi/e 5, 0, 3;
    %flag_get/vec4 4;
    %jmp/0 T_15.104, 4;
    %load/vec4 v0xc00e86080_0;
    %parti/s 7, 25, 6;
    %pushi/vec4 32, 0, 7;
    %cmp/e;
    %flag_get/vec4 4;
    %and;
T_15.104;
    %concat/vec4; draw_concat_vec4
    %or/r;
    %and;
T_15.101;
    %assign/vec4 v0xc00e84a00_0, 0;
    %pushi/vec4 0, 0, 1;
    %assign/vec4 v0xc00e84820_0, 0;
    %pushi/vec4 0, 0, 1;
    %assign/vec4 v0xc00e84500_0, 0;
    %pushi/vec4 1, 0, 1;
    %dup/vec4;
    %load/vec4 v0xc00e828a0_0;
    %cmp/u;
    %jmp/1 T_15.105, 6;
    %dup/vec4;
    %load/vec4 v0xc00e82c60_0;
    %load/vec4 v0xc00e82260_0;
    %concat/vec4; draw_concat_vec4
    %or/r;
    %cmp/u;
    %jmp/1 T_15.106, 6;
    %dup/vec4;
    %load/vec4 v0xc00e82940_0;
    %load/vec4 v0xc00e84640_0;
    %concat/vec4; draw_concat_vec4
    %load/vec4 v0xc00e84320_0;
    %concat/vec4; draw_concat_vec4
    %or/r;
    %cmp/u;
    %jmp/1 T_15.107, 6;
    %dup/vec4;
    %load/vec4 v0xc00e84460_0;
    %cmp/u;
    %jmp/1 T_15.108, 6;
    %dup/vec4;
    %load/vec4 v0xc00e84960_0;
    %cmp/u;
    %jmp/1 T_15.109, 6;
    %pushi/vec4 1, 1, 32;
    %assign/vec4 v0xc00e81860_0, 0;
    %jmp T_15.111;
T_15.105 ;
    %load/vec4 v0xc00e81900_0;
    %assign/vec4 v0xc00e81860_0, 0;
    %jmp T_15.111;
T_15.106 ;
    %load/vec4 v0xc00e86080_0;
    %parti/s 20, 12, 5;
    %pad/u 32;
    %ix/load 4, 12, 0;
    %flag_set/imm 4, 0;
    %shiftl 4;
    %assign/vec4 v0xc00e81860_0, 0;
    %jmp T_15.111;
T_15.107 ;
    %load/vec4 v0xc00e86080_0;
    %parti/s 12, 20, 6;
    %pad/s 32;
    %assign/vec4 v0xc00e81860_0, 0;
    %jmp T_15.111;
T_15.108 ;
    %load/vec4 v0xc00e86080_0;
    %parti/s 1, 31, 6;
    %load/vec4 v0xc00e86080_0;
    %parti/s 1, 7, 4;
    %concat/vec4; draw_concat_vec4
    %load/vec4 v0xc00e86080_0;
    %parti/s 6, 25, 6;
    %concat/vec4; draw_concat_vec4
    %load/vec4 v0xc00e86080_0;
    %parti/s 4, 8, 5;
    %concat/vec4; draw_concat_vec4
    %concati/vec4 0, 0, 1;
    %pad/s 32;
    %assign/vec4 v0xc00e81860_0, 0;
    %jmp T_15.111;
T_15.109 ;
    %load/vec4 v0xc00e86080_0;
    %parti/s 7, 25, 6;
    %load/vec4 v0xc00e86080_0;
    %parti/s 5, 7, 4;
    %concat/vec4; draw_concat_vec4
    %pad/s 32;
    %assign/vec4 v0xc00e81860_0, 0;
    %jmp T_15.111;
T_15.111 ;
    %pop/vec4 1;
T_15.17 ;
    %load/vec4 v0xc00e87de0_0;
    %nor/r;
    %flag_set/vec4 8;
    %jmp/0xz  T_15.112, 8;
    %pushi/vec4 0, 0, 1;
    %assign/vec4 v0xc00e84460_0, 0;
    %pushi/vec4 0, 0, 1;
    %assign/vec4 v0xc00e84500_0, 0;
    %pushi/vec4 0, 0, 1;
    %assign/vec4 v0xc00e82300_0, 0;
    %pushi/vec4 0, 0, 1;
    %assign/vec4 v0xc00e82620_0, 0;
    %pushi/vec4 0, 0, 1;
    %assign/vec4 v0xc00e824e0_0, 0;
    %pushi/vec4 0, 0, 1;
    %assign/vec4 v0xc00e823a0_0, 0;
    %pushi/vec4 0, 0, 1;
    %assign/vec4 v0xc00e82580_0, 0;
    %pushi/vec4 0, 0, 1;
    %assign/vec4 v0xc00e82440_0, 0;
    %pushi/vec4 0, 0, 1;
    %assign/vec4 v0xc00e82080_0, 0;
    %pushi/vec4 0, 0, 1;
    %assign/vec4 v0xc00e83660_0, 0;
    %pushi/vec4 0, 0, 1;
    %assign/vec4 v0xc00e83700_0, 0;
    %pushi/vec4 0, 0, 1;
    %assign/vec4 v0xc00e83e80_0, 0;
    %pushi/vec4 0, 0, 1;
    %assign/vec4 v0xc00e82ee0_0, 0;
    %pushi/vec4 0, 0, 1;
    %assign/vec4 v0xc00e821c0_0, 0;
    %pushi/vec4 0, 0, 1;
    %assign/vec4 v0xc00e81fe0_0, 0;
    %pushi/vec4 0, 0, 1;
    %assign/vec4 v0xc00e83ac0_0, 0;
    %pushi/vec4 0, 0, 1;
    %assign/vec4 v0xc00e83480_0, 0;
    %pushi/vec4 0, 0, 1;
    %assign/vec4 v0xc00e835c0_0, 0;
    %pushi/vec4 0, 0, 1;
    %assign/vec4 v0xc00e837a0_0, 0;
    %pushi/vec4 0, 0, 1;
    %assign/vec4 v0xc00e83de0_0, 0;
    %pushi/vec4 0, 0, 1;
    %assign/vec4 v0xc00e83980_0, 0;
    %pushi/vec4 0, 0, 1;
    %assign/vec4 v0xc00e83840_0, 0;
    %pushi/vec4 0, 0, 1;
    %assign/vec4 v0xc00e82e40_0, 0;
    %pushi/vec4 0, 0, 1;
    %assign/vec4 v0xc00e82120_0, 0;
    %pushi/vec4 0, 0, 1;
    %assign/vec4 v0xc00e82760_0, 0;
T_15.112 ;
    %jmp T_15;
    .thread T_15;
    .scope S_0x105484e80;
T_16 ;
    %wait E_0xc00e53080;
    %pushi/vec4 0, 0, 32; draw_string_vec4
    %pushi/vec4 0, 0, 32; draw_string_vec4
    %concat/vec4; draw_string_vec4
    %pushi/vec4 0, 0, 32; draw_string_vec4
    %concat/vec4; draw_string_vec4
    %pushi/vec4 0, 0, 32; draw_string_vec4
    %concat/vec4; draw_string_vec4
    %store/vec4 v0xc00e80be0_0, 0, 128;
    %load/vec4 v0xc00e806e0_0;
    %cmpi/e 128, 0, 8;
    %jmp/0xz  T_16.0, 4;
    %pushi/vec4 0, 0, 32; draw_string_vec4
    %pushi/vec4 0, 0, 32; draw_string_vec4
    %concat/vec4; draw_string_vec4
    %pushi/vec4 0, 0, 32; draw_string_vec4
    %concat/vec4; draw_string_vec4
    %pushi/vec4 1953653104, 0, 32; draw_string_vec4
    %concat/vec4; draw_string_vec4
    %store/vec4 v0xc00e80be0_0, 0, 128;
T_16.0 ;
    %load/vec4 v0xc00e806e0_0;
    %cmpi/e 64, 0, 8;
    %jmp/0xz  T_16.2, 4;
    %pushi/vec4 0, 0, 32; draw_string_vec4
    %pushi/vec4 0, 0, 32; draw_string_vec4
    %concat/vec4; draw_string_vec4
    %pushi/vec4 102, 0, 32; draw_string_vec4
    %concat/vec4; draw_string_vec4
    %pushi/vec4 1702126440, 0, 32; draw_string_vec4
    %concat/vec4; draw_string_vec4
    %store/vec4 v0xc00e80be0_0, 0, 128;
T_16.2 ;
    %load/vec4 v0xc00e806e0_0;
    %cmpi/e 32, 0, 8;
    %jmp/0xz  T_16.4, 4;
    %pushi/vec4 0, 0, 32; draw_string_vec4
    %pushi/vec4 0, 0, 32; draw_string_vec4
    %concat/vec4; draw_string_vec4
    %pushi/vec4 27748, 0, 32; draw_string_vec4
    %concat/vec4; draw_string_vec4
    %pushi/vec4 1601336113, 0, 32; draw_string_vec4
    %concat/vec4; draw_string_vec4
    %store/vec4 v0xc00e80be0_0, 0, 128;
T_16.4 ;
    %load/vec4 v0xc00e806e0_0;
    %cmpi/e 16, 0, 8;
    %jmp/0xz  T_16.6, 4;
    %pushi/vec4 0, 0, 32; draw_string_vec4
    %pushi/vec4 0, 0, 32; draw_string_vec4
    %concat/vec4; draw_string_vec4
    %pushi/vec4 27748, 0, 32; draw_string_vec4
    %concat/vec4; draw_string_vec4
    %pushi/vec4 1601336114, 0, 32; draw_string_vec4
    %concat/vec4; draw_string_vec4
    %store/vec4 v0xc00e80be0_0, 0, 128;
T_16.6 ;
    %load/vec4 v0xc00e806e0_0;
    %cmpi/e 8, 0, 8;
    %jmp/0xz  T_16.8, 4;
    %pushi/vec4 0, 0, 32; draw_string_vec4
    %pushi/vec4 0, 0, 32; draw_string_vec4
    %concat/vec4; draw_string_vec4
    %pushi/vec4 0, 0, 32; draw_string_vec4
    %concat/vec4; draw_string_vec4
    %pushi/vec4 1702389091, 0, 32; draw_string_vec4
    %concat/vec4; draw_string_vec4
    %store/vec4 v0xc00e80be0_0, 0, 128;
T_16.8 ;
    %load/vec4 v0xc00e806e0_0;
    %cmpi/e 4, 0, 8;
    %jmp/0xz  T_16.10, 4;
    %pushi/vec4 0, 0, 32; draw_string_vec4
    %pushi/vec4 0, 0, 32; draw_string_vec4
    %concat/vec4; draw_string_vec4
    %pushi/vec4 115, 0, 32; draw_string_vec4
    %concat/vec4; draw_string_vec4
    %pushi/vec4 1751737972, 0, 32; draw_string_vec4
    %concat/vec4; draw_string_vec4
    %store/vec4 v0xc00e80be0_0, 0, 128;
T_16.10 ;
    %load/vec4 v0xc00e806e0_0;
    %cmpi/e 2, 0, 8;
    %jmp/0xz  T_16.12, 4;
    %pushi/vec4 0, 0, 32; draw_string_vec4
    %pushi/vec4 0, 0, 32; draw_string_vec4
    %concat/vec4; draw_string_vec4
    %pushi/vec4 115, 0, 32; draw_string_vec4
    %concat/vec4; draw_string_vec4
    %pushi/vec4 1953326445, 0, 32; draw_string_vec4
    %concat/vec4; draw_string_vec4
    %store/vec4 v0xc00e80be0_0, 0, 128;
T_16.12 ;
    %load/vec4 v0xc00e806e0_0;
    %cmpi/e 1, 0, 8;
    %jmp/0xz  T_16.14, 4;
    %pushi/vec4 0, 0, 32; draw_string_vec4
    %pushi/vec4 0, 0, 32; draw_string_vec4
    %concat/vec4; draw_string_vec4
    %pushi/vec4 108, 0, 32; draw_string_vec4
    %concat/vec4; draw_string_vec4
    %pushi/vec4 1684890989, 0, 32; draw_string_vec4
    %concat/vec4; draw_string_vec4
    %store/vec4 v0xc00e80be0_0, 0, 128;
T_16.14 ;
    %jmp T_16;
    .thread T_16, $push;
    .scope S_0x105484e80;
T_17 ;
    %wait E_0xc00e53040;
    %pushi/vec4 1, 1, 1;
    %store/vec4 v0xc00e7bac0_0, 0, 1;
    %pushi/vec4 1, 0, 1;
    %dup/vec4;
    %load/vec4 v0xc00e82300_0;
    %cmp/u;
    %jmp/1 T_17.0, 6;
    %dup/vec4;
    %load/vec4 v0xc00e82620_0;
    %cmp/u;
    %jmp/1 T_17.1, 6;
    %dup/vec4;
    %load/vec4 v0xc00e823a0_0;
    %cmp/u;
    %jmp/1 T_17.2, 6;
    %dup/vec4;
    %load/vec4 v0xc00e82440_0;
    %cmp/u;
    %jmp/1 T_17.3, 6;
    %dup/vec4;
    %load/vec4 v0xc00e84b40_0;
    %flag_set/vec4 8;
    %flag_get/vec4 8;
    %jmp/0 T_17.7, 8;
    %pushi/vec4 1, 0, 1;
    %and;
T_17.7;
    %cmp/u;
    %jmp/1 T_17.4, 6;
    %dup/vec4;
    %load/vec4 v0xc00e84be0_0;
    %flag_set/vec4 8;
    %flag_get/vec4 8;
    %jmp/0 T_17.8, 8;
    %pushi/vec4 1, 0, 1;
    %and;
T_17.8;
    %cmp/u;
    %jmp/1 T_17.5, 6;
    %jmp T_17.6;
T_17.0 ;
    %load/vec4 v0xc00e7b840_0;
    %store/vec4 v0xc00e7bac0_0, 0, 1;
    %jmp T_17.6;
T_17.1 ;
    %load/vec4 v0xc00e7b840_0;
    %nor/r;
    %store/vec4 v0xc00e7bac0_0, 0, 1;
    %jmp T_17.6;
T_17.2 ;
    %load/vec4 v0xc00e7b8e0_0;
    %nor/r;
    %store/vec4 v0xc00e7bac0_0, 0, 1;
    %jmp T_17.6;
T_17.3 ;
    %load/vec4 v0xc00e7b980_0;
    %nor/r;
    %store/vec4 v0xc00e7bac0_0, 0, 1;
    %jmp T_17.6;
T_17.4 ;
    %load/vec4 v0xc00e7b8e0_0;
    %store/vec4 v0xc00e7bac0_0, 0, 1;
    %jmp T_17.6;
T_17.5 ;
    %load/vec4 v0xc00e7b980_0;
    %store/vec4 v0xc00e7bac0_0, 0, 1;
    %jmp T_17.6;
T_17.6 ;
    %pop/vec4 1;
    %pushi/vec4 4294967295, 4294967295, 32;
    %store/vec4 v0xc00e7ba20_0, 0, 32;
    %pushi/vec4 1, 0, 1;
    %dup/vec4;
    %load/vec4 v0xc00e84820_0;
    %cmp/u;
    %jmp/1 T_17.9, 6;
    %dup/vec4;
    %load/vec4 v0xc00e84500_0;
    %cmp/u;
    %jmp/1 T_17.10, 6;
    %dup/vec4;
    %load/vec4 v0xc00e83e80_0;
    %flag_set/vec4 8;
    %flag_get/vec4 8;
    %jmp/1 T_17.17, 8;
    %load/vec4 v0xc00e83de0_0;
    %or;
T_17.17;
    %cmp/u;
    %jmp/1 T_17.11, 6;
    %dup/vec4;
    %load/vec4 v0xc00e82ee0_0;
    %flag_set/vec4 8;
    %flag_get/vec4 8;
    %jmp/1 T_17.18, 8;
    %load/vec4 v0xc00e82e40_0;
    %or;
T_17.18;
    %cmp/u;
    %jmp/1 T_17.12, 6;
    %dup/vec4;
    %load/vec4 v0xc00e821c0_0;
    %flag_set/vec4 8;
    %flag_get/vec4 8;
    %jmp/1 T_17.19, 8;
    %load/vec4 v0xc00e82120_0;
    %or;
T_17.19;
    %cmp/u;
    %jmp/1 T_17.13, 6;
    %dup/vec4;
    %pushi/vec4 0, 0, 1;
    %cmp/u;
    %jmp/1 T_17.14, 6;
    %dup/vec4;
    %pushi/vec4 0, 0, 1;
    %cmp/u;
    %jmp/1 T_17.15, 6;
    %jmp T_17.16;
T_17.9 ;
    %load/vec4 v0xc00e7b7a0_0;
    %store/vec4 v0xc00e7ba20_0, 0, 32;
    %jmp T_17.16;
T_17.10 ;
    %load/vec4 v0xc00e7bac0_0;
    %pad/u 32;
    %store/vec4 v0xc00e7ba20_0, 0, 32;
    %jmp T_17.16;
T_17.11 ;
    %load/vec4 v0xc00e87ac0_0;
    %load/vec4 v0xc00e87b60_0;
    %xor;
    %store/vec4 v0xc00e7ba20_0, 0, 32;
    %jmp T_17.16;
T_17.12 ;
    %load/vec4 v0xc00e87ac0_0;
    %load/vec4 v0xc00e87b60_0;
    %or;
    %store/vec4 v0xc00e7ba20_0, 0, 32;
    %jmp T_17.16;
T_17.13 ;
    %load/vec4 v0xc00e87ac0_0;
    %load/vec4 v0xc00e87b60_0;
    %and;
    %store/vec4 v0xc00e7ba20_0, 0, 32;
    %jmp T_17.16;
T_17.14 ;
    %load/vec4 v0xc00e7bca0_0;
    %store/vec4 v0xc00e7ba20_0, 0, 32;
    %jmp T_17.16;
T_17.15 ;
    %load/vec4 v0xc00e7bd40_0;
    %store/vec4 v0xc00e7ba20_0, 0, 32;
    %jmp T_17.16;
T_17.16 ;
    %pop/vec4 1;
    %jmp T_17;
    .thread T_17, $push;
    .scope S_0x105484e80;
T_18 ;
    %wait E_0xc00e52f40;
    %load/vec4 v0xc00e80320_0;
    %assign/vec4 v0xc00e803c0_0, 0;
    %jmp T_18;
    .thread T_18;
    .scope S_0x105484e80;
T_19 ;
    %wait E_0xc00e53000;
    %load/vec4 v0xc00e803c0_0;
    %store/vec4 v0xc00e80320_0, 0, 1;
    %load/vec4 v0xc00e875c0_0;
    %nor/r;
    %flag_set/vec4 8;
    %jmp/0xz  T_19.0, 8;
    %pushi/vec4 0, 0, 1;
    %store/vec4 v0xc00e80320_0, 0, 1;
T_19.0 ;
    %load/vec4 v0xc00e84d20_0;
    %flag_set/vec4 8;
    %jmp/1 T_19.5, 8;
    %load/vec4 v0xc00e84280_0;
    %cmpi/ne 0, 0, 2;
    %flag_or 8, 4;
T_19.5;
    %jmp/1 T_19.4, 8;
    %load/vec4 v0xc00e87de0_0;
    %nor/r;
    %flag_set/vec4 9;
    %flag_or 8, 9;
T_19.4;
    %jmp/0xz  T_19.2, 8;
    %pushi/vec4 0, 0, 1;
    %store/vec4 v0xc00e80320_0, 0, 1;
T_19.2 ;
    %jmp T_19;
    .thread T_19, $push;
    .scope S_0x105484e80;
T_20 ;
    %wait E_0xc00e52fc0;
    %pushi/vec4 0, 0, 1;
    %store/vec4 v0xc00e80a00_0, 0, 1;
    %pushi/vec4 4294967295, 4294967295, 32;
    %store/vec4 v0xc00e80960_0, 0, 32;
    %load/vec4 v0xc00e806e0_0;
    %cmpi/e 64, 0, 8;
    %jmp/0xz  T_20.0, 4;
    %pushi/vec4 1, 0, 1;
    %dup/vec4;
    %load/vec4 v0xc00e84d20_0;
    %cmp/u;
    %jmp/1 T_20.2, 6;
    %dup/vec4;
    %load/vec4 v0xc00e85180_0;
    %flag_set/vec4 8;
    %flag_get/vec4 8;
    %jmp/0 T_20.7, 8;
    %load/vec4 v0xc00e84d20_0;
    %nor/r;
    %and;
T_20.7;
    %cmp/u;
    %jmp/1 T_20.3, 6;
    %dup/vec4;
    %pushi/vec4 0, 0, 1;
    %cmp/u;
    %jmp/1 T_20.4, 6;
    %dup/vec4;
    %pushi/vec4 0, 0, 1;
    %cmp/u;
    %jmp/1 T_20.5, 6;
    %jmp T_20.6;
T_20.2 ;
    %load/vec4 v0xc00e87ca0_0;
    %load/vec4 v0xc00e84dc0_0;
    %flag_set/vec4 8;
    %jmp/0 T_20.8, 8;
    %pushi/vec4 2, 0, 32;
    %jmp/1 T_20.9, 8;
T_20.8 ; End of true expr.
    %pushi/vec4 4, 0, 32;
    %jmp/0 T_20.9, 8;
 ; End of false expr.
    %blend;
T_20.9;
    %add;
    %store/vec4 v0xc00e80960_0, 0, 32;
    %pushi/vec4 1, 0, 1;
    %store/vec4 v0xc00e80a00_0, 0, 1;
    %jmp T_20.6;
T_20.3 ;
    %load/vec4 v0xc00e850e0_0;
    %flag_set/vec4 8;
    %jmp/0 T_20.10, 8;
    %load/vec4 v0xc00e7bc00_0;
    %jmp/1 T_20.11, 8;
T_20.10 ; End of true expr.
    %load/vec4 v0xc00e87c00_0;
    %jmp/0 T_20.11, 8;
 ; End of false expr.
    %blend;
T_20.11;
    %store/vec4 v0xc00e80960_0, 0, 32;
    %pushi/vec4 1, 0, 1;
    %store/vec4 v0xc00e80a00_0, 0, 1;
    %jmp T_20.6;
T_20.4 ;
    %load/vec4 v0xc00e87a20_0;
    %load/vec4 v0xc00e84dc0_0;
    %pad/u 32;
    %or;
    %store/vec4 v0xc00e80960_0, 0, 32;
    %pushi/vec4 1, 0, 1;
    %store/vec4 v0xc00e80a00_0, 0, 1;
    %jmp T_20.6;
T_20.5 ;
    %load/vec4 v0xc00e841e0_0;
    %load/vec4 v0xc00e84140_0;
    %inv;
    %and;
    %store/vec4 v0xc00e80960_0, 0, 32;
    %pushi/vec4 1, 0, 1;
    %store/vec4 v0xc00e80a00_0, 0, 1;
    %jmp T_20.6;
T_20.6 ;
    %pop/vec4 1;
T_20.0 ;
    %jmp T_20;
    .thread T_20, $push;
    .scope S_0x105484e80;
T_21 ;
    %wait E_0xc00e52f40;
    %load/vec4 v0xc00e87de0_0;
    %flag_set/vec4 10;
    %flag_get/vec4 10;
    %jmp/0 T_21.3, 10;
    %load/vec4 v0xc00e80a00_0;
    %and;
T_21.3;
    %flag_set/vec4 9;
    %flag_get/vec4 9;
    %jmp/0 T_21.2, 9;
    %load/vec4 v0xc00e85040_0;
    %pushi/vec4 0, 0, 5;
    %cmp/ne;
    %flag_get/vec4 4;
    %and;
T_21.2;
    %flag_set/vec4 8;
    %jmp/0xz  T_21.0, 8;
    %load/vec4 v0xc00e80960_0;
    %load/vec4 v0xc00e85040_0;
    %pad/u 7;
    %ix/vec4 3;
    %ix/load 4, 0, 0; Constant delay
    %assign/vec4/a/d v0xc00e80780, 0, 4;
T_21.0 ;
    %jmp T_21;
    .thread T_21;
    .scope S_0x105484e80;
T_22 ;
    %wait E_0xc00e52f80;
    %pushi/vec4 31, 31, 5;
    %store/vec4 v0xc00e81a40_0, 0, 5;
    %load/vec4 v0xc00e81ae0_0;
    %cmpi/ne 0, 0, 5;
    %flag_mov 8, 4;
    %jmp/0 T_22.0, 8;
    %load/vec4 v0xc00e81ae0_0;
    %pad/u 7;
    %ix/vec4 4;
    %load/vec4a v0xc00e80780, 4;
    %jmp/1 T_22.1, 8;
T_22.0 ; End of true expr.
    %pushi/vec4 0, 0, 32;
    %jmp/0 T_22.1, 8;
 ; End of false expr.
    %blend;
T_22.1;
    %store/vec4 v0xc00e80820_0, 0, 32;
    %load/vec4 v0xc00e81b80_0;
    %cmpi/ne 0, 0, 5;
    %flag_mov 8, 4;
    %jmp/0 T_22.2, 8;
    %load/vec4 v0xc00e81b80_0;
    %pad/u 7;
    %ix/vec4 4;
    %load/vec4a v0xc00e80780, 4;
    %jmp/1 T_22.3, 8;
T_22.2 ; End of true expr.
    %pushi/vec4 0, 0, 32;
    %jmp/0 T_22.3, 8;
 ; End of false expr.
    %blend;
T_22.3;
    %store/vec4 v0xc00e808c0_0, 0, 32;
    %jmp T_22;
    .thread T_22, $push;
    .scope S_0x105484e80;
T_23 ;
    %wait E_0xc00e52f40;
    %pushi/vec4 0, 0, 1;
    %assign/vec4 v0xc00e88280_0, 0;
    %pushi/vec4 31, 31, 5;
    %assign/vec4 v0xc00e87d40_0, 0;
    %pushi/vec4 4294967295, 4294967295, 32;
    %assign/vec4 v0xc00e87c00_0, 0;
    %pushi/vec4 0, 0, 1;
    %store/vec4 v0xc00e87f20_0, 0, 1;
    %pushi/vec4 0, 0, 1;
    %store/vec4 v0xc00e87e80_0, 0, 1;
    %pushi/vec4 0, 0, 1;
    %store/vec4 v0xc00e88000_0, 0, 1;
    %load/vec4 v0xc00e7bac0_0;
    %assign/vec4 v0xc00e7bb60_0, 0;
    %load/vec4 v0xc00e7ba20_0;
    %assign/vec4 v0xc00e7bc00_0, 0;
    %pushi/vec4 0, 0, 1;
    %assign/vec4 v0xc00e7bde0_0, 0;
    %pushi/vec4 0, 0, 1;
    %assign/vec4 v0xc00e7be80_0, 0;
    %load/vec4 v0xc00e852c0_0;
    %flag_set/vec4 8;
    %jmp/0xz  T_23.0, 8;
    %pushi/vec4 4294967295, 4294967295, 32;
    %assign/vec4 v0xc00e81540_0, 0;
    %pushi/vec4 4294967295, 4294967295, 32;
    %assign/vec4 v0xc00e81680_0, 0;
    %pushi/vec4 0, 0, 1;
    %assign/vec4 v0xc00e815e0_0, 0;
    %pushi/vec4 0, 0, 1;
    %assign/vec4 v0xc00e81720_0, 0;
T_23.0 ;
    %load/vec4 v0xc00e87de0_0;
    %flag_set/vec4 8;
    %jmp/0 T_23.2, 8;
    %load/vec4 v0xc00e805a0_0;
    %addi 1, 0, 64;
    %jmp/1 T_23.3, 8;
T_23.2 ; End of true expr.
    %pushi/vec4 0, 0, 64;
    %jmp/0 T_23.3, 8;
 ; End of false expr.
    %blend;
T_23.3;
    %assign/vec4 v0xc00e805a0_0, 0;
    %pushi/vec4 4294967295, 4294967295, 32;
    %store/vec4 v0xc00e86760_0, 0, 32;
    %load/vec4 v0xc00e855e0_0;
    %flag_set/vec4 8;
    %flag_get/vec4 8;
    %jmp/0 T_23.4, 8;
    %load/vec4 v0xc00e85720_0;
    %and;
T_23.4;
    %assign/vec4 v0xc00e81d60_0, 0;
    %load/vec4 v0xc00e81d60_0;
    %assign/vec4 v0xc00e81e00_0, 0;
    %pushi/vec4 0, 0, 1;
    %assign/vec4 v0xc00e81c20_0, 0;
    %load/vec4 v0xc00e81c20_0;
    %assign/vec4 v0xc00e81cc0_0, 0;
    %pushi/vec4 0, 0, 1;
    %assign/vec4 v0xc00e81ea0_0, 0;
    %pushi/vec4 0, 0, 1;
    %assign/vec4 v0xc00e881e0_0, 0;
    %pushi/vec4 4294967295, 4294967295, 32;
    %concati/vec4 15, 15, 4;
    %assign/vec4 v0xc00e88140_0, 0;
    %load/vec4 v0xc00e87de0_0;
    %nor/r;
    %flag_set/vec4 8;
    %jmp/0xz  T_23.5, 8;
    %pushi/vec4 0, 0, 32;
    %assign/vec4 v0xc00e87ca0_0, 0;
    %pushi/vec4 0, 0, 32;
    %assign/vec4 v0xc00e87a20_0, 0;
    %pushi/vec4 0, 0, 64;
    %assign/vec4 v0xc00e80640_0, 0;
    %pushi/vec4 0, 0, 1;
    %assign/vec4 v0xc00e85180_0, 0;
    %pushi/vec4 0, 0, 1;
    %assign/vec4 v0xc00e850e0_0, 0;
    %pushi/vec4 0, 0, 1;
    %assign/vec4 v0xc00e84d20_0, 0;
    %pushi/vec4 0, 0, 1;
    %assign/vec4 v0xc00e85220_0, 0;
    %pushi/vec4 0, 0, 1;
    %assign/vec4 v0xc00e84fa0_0, 0;
    %pushi/vec4 0, 0, 1;
    %assign/vec4 v0xc00e84f00_0, 0;
    %pushi/vec4 0, 0, 1;
    %assign/vec4 v0xc00e84e60_0, 0;
    %pushi/vec4 0, 0, 1;
    %assign/vec4 v0xc00e873e0_0, 0;
    %pushi/vec4 0, 0, 1;
    %assign/vec4 v0xc00e87340_0, 0;
    %pushi/vec4 0, 0, 1;
    %assign/vec4 v0xc00e84000_0, 0;
    %pushi/vec4 0, 0, 1;
    %assign/vec4 v0xc00e840a0_0, 0;
    %pushi/vec4 4294967295, 0, 32;
    %assign/vec4 v0xc00e84140_0, 0;
    %pushi/vec4 0, 0, 32;
    %store/vec4 v0xc00e86760_0, 0, 32;
    %pushi/vec4 0, 0, 2;
    %assign/vec4 v0xc00e84280_0, 0;
    %pushi/vec4 0, 0, 32;
    %assign/vec4 v0xc00e81f40_0, 0;
    %pushi/vec4 0, 0, 32;
    %assign/vec4 v0xc00e880a0_0, 0;
    %pushi/vec4 64, 0, 8;
    %assign/vec4 v0xc00e806e0_0, 0;
    %jmp T_23.6;
T_23.5 ;
    %load/vec4 v0xc00e806e0_0;
    %dup/vec4;
    %pushi/vec4 128, 0, 8;
    %cmp/u;
    %jmp/1 T_23.7, 6;
    %dup/vec4;
    %pushi/vec4 64, 0, 8;
    %cmp/u;
    %jmp/1 T_23.8, 6;
    %dup/vec4;
    %pushi/vec4 32, 0, 8;
    %cmp/u;
    %jmp/1 T_23.9, 6;
    %dup/vec4;
    %pushi/vec4 16, 0, 8;
    %cmp/u;
    %jmp/1 T_23.10, 6;
    %dup/vec4;
    %pushi/vec4 8, 0, 8;
    %cmp/u;
    %jmp/1 T_23.11, 6;
    %dup/vec4;
    %pushi/vec4 4, 0, 8;
    %cmp/u;
    %jmp/1 T_23.12, 6;
    %dup/vec4;
    %pushi/vec4 2, 0, 8;
    %cmp/u;
    %jmp/1 T_23.13, 6;
    %dup/vec4;
    %pushi/vec4 1, 0, 8;
    %cmp/u;
    %jmp/1 T_23.14, 6;
    %jmp T_23.15;
T_23.7 ;
    %pushi/vec4 1, 0, 1;
    %assign/vec4 v0xc00e88280_0, 0;
    %jmp T_23.15;
T_23.8 ;
    %load/vec4 v0xc00e81d60_0;
    %nor/r;
    %flag_set/vec4 8;
    %flag_get/vec4 8;
    %jmp/0 T_23.16, 8;
    %load/vec4 v0xc00e81ea0_0;
    %nor/r;
    %and;
T_23.16;
    %assign/vec4 v0xc00e855e0_0, 0;
    %pushi/vec4 0, 0, 2;
    %assign/vec4 v0xc00e86440_0, 0;
    %load/vec4 v0xc00e87a20_0;
    %store/vec4 v0xc00e80aa0_0, 0, 32;
    %pushi/vec4 1, 0, 1;
    %dup/vec4;
    %load/vec4 v0xc00e84d20_0;
    %cmp/u;
    %jmp/1 T_23.17, 6;
    %dup/vec4;
    %load/vec4 v0xc00e85180_0;
    %flag_set/vec4 8;
    %flag_get/vec4 8;
    %jmp/0 T_23.22, 8;
    %load/vec4 v0xc00e84d20_0;
    %nor/r;
    %and;
T_23.22;
    %cmp/u;
    %jmp/1 T_23.18, 6;
    %dup/vec4;
    %pushi/vec4 0, 0, 1;
    %cmp/u;
    %jmp/1 T_23.19, 6;
    %dup/vec4;
    %pushi/vec4 0, 0, 1;
    %cmp/u;
    %jmp/1 T_23.20, 6;
    %jmp T_23.21;
T_23.17 ;
    %load/vec4 v0xc00e85180_0;
    %flag_set/vec4 8;
    %jmp/0 T_23.23, 8;
    %load/vec4 v0xc00e850e0_0;
    %flag_set/vec4 9;
    %jmp/0 T_23.25, 9;
    %load/vec4 v0xc00e7bc00_0;
    %jmp/1 T_23.26, 9;
T_23.25 ; End of true expr.
    %load/vec4 v0xc00e87c00_0;
    %jmp/0 T_23.26, 9;
 ; End of false expr.
    %blend;
T_23.26;
    %pushi/vec4 4294967294, 0, 32;
    %and;
    %jmp/1 T_23.24, 8;
T_23.23 ; End of true expr.
    %load/vec4 v0xc00e87a20_0;
    %jmp/0 T_23.24, 8;
 ; End of false expr.
    %blend;
T_23.24;
    %store/vec4 v0xc00e80aa0_0, 0, 32;
    %jmp T_23.21;
T_23.18 ;
    %jmp T_23.21;
T_23.19 ;
    %pushi/vec4 16, 0, 32;
    %store/vec4 v0xc00e80aa0_0, 0, 32;
    %pushi/vec4 1, 0, 1;
    %assign/vec4 v0xc00e84000_0, 0;
    %pushi/vec4 1, 0, 1;
    %assign/vec4 v0xc00e855e0_0, 0;
    %jmp T_23.21;
T_23.20 ;
    %load/vec4 v0xc00e841e0_0;
    %load/vec4 v0xc00e84140_0;
    %inv;
    %and;
    %assign/vec4 v0xc00e81f40_0, 0;
    %load/vec4 v0xc00e86760_0;
    %load/vec4 v0xc00e84140_0;
    %and;
    %store/vec4 v0xc00e86760_0, 0, 32;
    %jmp T_23.21;
T_23.21 ;
    %pop/vec4 1;
    %load/vec4 v0xc00e80aa0_0;
    %assign/vec4 v0xc00e87ca0_0, 0;
    %load/vec4 v0xc00e80aa0_0;
    %assign/vec4 v0xc00e87a20_0, 0;
    %pushi/vec4 0, 0, 1;
    %assign/vec4 v0xc00e85180_0, 0;
    %pushi/vec4 0, 0, 1;
    %assign/vec4 v0xc00e850e0_0, 0;
    %pushi/vec4 0, 0, 1;
    %assign/vec4 v0xc00e84d20_0, 0;
    %pushi/vec4 0, 0, 1;
    %assign/vec4 v0xc00e84fa0_0, 0;
    %pushi/vec4 0, 0, 1;
    %assign/vec4 v0xc00e84f00_0, 0;
    %pushi/vec4 0, 0, 1;
    %assign/vec4 v0xc00e84e60_0, 0;
    %load/vec4 v0xc00e819a0_0;
    %assign/vec4 v0xc00e85040_0, 0;
    %load/vec4 v0xc00e80500_0;
    %assign/vec4 v0xc00e84dc0_0, 0;
    %load/vec4 v0xc00e81d60_0;
    %flag_set/vec4 8;
    %jmp/0xz  T_23.27, 8;
    %load/vec4 v0xc00e84000_0;
    %assign/vec4 v0xc00e840a0_0, 0;
    %load/vec4 v0xc00e80aa0_0;
    %load/vec4 v0xc00e80500_0;
    %flag_set/vec4 8;
    %jmp/0 T_23.29, 8;
    %pushi/vec4 2, 0, 32;
    %jmp/1 T_23.30, 8;
T_23.29 ; End of true expr.
    %pushi/vec4 4, 0, 32;
    %jmp/0 T_23.30, 8;
 ; End of false expr.
    %blend;
T_23.30;
    %add;
    %assign/vec4 v0xc00e87a20_0, 0;
    %load/vec4 v0xc00e80640_0;
    %addi 1, 0, 64;
    %assign/vec4 v0xc00e80640_0, 0;
    %load/vec4 v0xc00e828a0_0;
    %flag_set/vec4 8;
    %jmp/0xz  T_23.31, 8;
    %pushi/vec4 1, 0, 1;
    %assign/vec4 v0xc00e855e0_0, 0;
    %load/vec4 v0xc00e80aa0_0;
    %load/vec4 v0xc00e81900_0;
    %add;
    %assign/vec4 v0xc00e87a20_0, 0;
    %pushi/vec4 1, 0, 1;
    %assign/vec4 v0xc00e84d20_0, 0;
    %jmp T_23.32;
T_23.31 ;
    %pushi/vec4 0, 0, 1;
    %assign/vec4 v0xc00e855e0_0, 0;
    %load/vec4 v0xc00e82940_0;
    %nor/r;
    %flag_set/vec4 8;
    %flag_get/vec4 8;
    %jmp/0 T_23.33, 8;
    %load/vec4 v0xc00e83200_0;
    %nor/r;
    %and;
T_23.33;
    %assign/vec4 v0xc00e854a0_0, 0;
    %pushi/vec4 32, 0, 8;
    %assign/vec4 v0xc00e806e0_0, 0;
T_23.32 ;
T_23.27 ;
    %jmp T_23.15;
T_23.9 ;
    %pushi/vec4 4294967295, 4294967295, 32;
    %assign/vec4 v0xc00e87ac0_0, 0;
    %pushi/vec4 4294967295, 4294967295, 32;
    %assign/vec4 v0xc00e87b60_0, 0;
    %pushi/vec4 1, 0, 1;
    %dup/vec4;
    %pushi/vec4 1, 0, 1;
    %flag_set/vec4 8;
    %flag_get/vec4 8;
    %jmp/0 T_23.48, 8;
    %load/vec4 v0xc00e83ca0_0;
    %and;
T_23.48;
    %cmp/u;
    %jmp/1 T_23.34, 6;
    %dup/vec4;
    %pushi/vec4 1, 0, 1;
    %flag_set/vec4 8;
    %flag_get/vec4 8;
    %jmp/0 T_23.49, 8;
    %load/vec4 v0xc00e848c0_0;
    %and;
T_23.49;
    %cmp/u;
    %jmp/1 T_23.35, 6;
    %dup/vec4;
    %load/vec4 v0xc00e84780_0;
    %cmp/u;
    %jmp/1 T_23.36, 6;
    %dup/vec4;
    %pushi/vec4 0, 0, 1;
    %cmp/u;
    %jmp/1 T_23.37, 6;
    %dup/vec4;
    %pushi/vec4 0, 0, 1;
    %cmp/u;
    %jmp/1 T_23.38, 6;
    %dup/vec4;
    %pushi/vec4 0, 0, 1;
    %cmp/u;
    %jmp/1 T_23.39, 6;
    %dup/vec4;
    %pushi/vec4 0, 0, 1;
    %cmp/u;
    %jmp/1 T_23.40, 6;
    %dup/vec4;
    %pushi/vec4 0, 0, 1;
    %cmp/u;
    %jmp/1 T_23.41, 6;
    %dup/vec4;
    %load/vec4 v0xc00e84640_0;
    %flag_set/vec4 8;
    %flag_get/vec4 8;
    %jmp/0 T_23.50, 8;
    %load/vec4 v0xc00e83ca0_0;
    %nor/r;
    %and;
T_23.50;
    %cmp/u;
    %jmp/1 T_23.42, 6;
    %dup/vec4;
    %load/vec4 v0xc00e84aa0_0;
    %flag_set/vec4 8;
    %flag_get/vec4 8;
    %jmp/0 T_23.51, 8;
    %pushi/vec4 1, 0, 1;
    %and;
T_23.51;
    %cmp/u;
    %jmp/1 T_23.43, 6;
    %dup/vec4;
    %load/vec4 v0xc00e845a0_0;
    %cmp/u;
    %jmp/1 T_23.44, 6;
    %dup/vec4;
    %load/vec4 v0xc00e84aa0_0;
    %flag_set/vec4 8;
    %flag_get/vec4 8;
    %jmp/0 T_23.52, 8;
    %pushi/vec4 0, 0, 1;
    %and;
T_23.52;
    %cmp/u;
    %jmp/1 T_23.45, 6;
    %load/vec4 v0xc00e80820_0;
    %assign/vec4 v0xc00e87ac0_0, 0;
    %load/vec4 v0xc00e80820_0;
    %assign/vec4 v0xc00e81540_0, 0;
    %pushi/vec4 1, 0, 1;
    %assign/vec4 v0xc00e815e0_0, 0;
    %load/vec4 v0xc00e808c0_0;
    %pad/u 5;
    %assign/vec4 v0xc00e87d40_0, 0;
    %load/vec4 v0xc00e808c0_0;
    %assign/vec4 v0xc00e87b60_0, 0;
    %load/vec4 v0xc00e808c0_0;
    %assign/vec4 v0xc00e81680_0, 0;
    %pushi/vec4 1, 0, 1;
    %assign/vec4 v0xc00e81720_0, 0;
    %pushi/vec4 1, 0, 1;
    %dup/vec4;
    %load/vec4 v0xc00e84960_0;
    %cmp/u;
    %jmp/1 T_23.53, 6;
    %dup/vec4;
    %load/vec4 v0xc00e84a00_0;
    %flag_set/vec4 8;
    %flag_get/vec4 8;
    %jmp/0 T_23.57, 8;
    %pushi/vec4 1, 0, 1;
    %and;
T_23.57;
    %cmp/u;
    %jmp/1 T_23.54, 6;
    %load/vec4 v0xc00e854a0_0;
    %assign/vec4 v0xc00e855e0_0, 0;
    %pushi/vec4 8, 0, 8;
    %assign/vec4 v0xc00e806e0_0, 0;
    %jmp T_23.56;
T_23.53 ;
    %pushi/vec4 2, 0, 8;
    %assign/vec4 v0xc00e806e0_0, 0;
    %pushi/vec4 1, 0, 1;
    %assign/vec4 v0xc00e855e0_0, 0;
    %jmp T_23.56;
T_23.54 ;
    %pushi/vec4 4, 0, 8;
    %assign/vec4 v0xc00e806e0_0, 0;
    %jmp T_23.56;
T_23.56 ;
    %pop/vec4 1;
    %jmp T_23.47;
T_23.34 ;
    %pushi/vec4 128, 0, 8;
    %assign/vec4 v0xc00e806e0_0, 0;
    %jmp T_23.47;
T_23.35 ;
    %pushi/vec4 1, 0, 1;
    %dup/vec4;
    %load/vec4 v0xc00e82f80_0;
    %cmp/u;
    %jmp/1 T_23.58, 6;
    %dup/vec4;
    %load/vec4 v0xc00e83020_0;
    %flag_set/vec4 8;
    %flag_get/vec4 8;
    %jmp/0 T_23.63, 8;
    %pushi/vec4 1, 0, 1;
    %and;
T_23.63;
    %cmp/u;
    %jmp/1 T_23.59, 6;
    %dup/vec4;
    %load/vec4 v0xc00e830c0_0;
    %cmp/u;
    %jmp/1 T_23.60, 6;
    %dup/vec4;
    %load/vec4 v0xc00e83160_0;
    %flag_set/vec4 8;
    %flag_get/vec4 8;
    %jmp/0 T_23.64, 8;
    %pushi/vec4 1, 0, 1;
    %and;
T_23.64;
    %cmp/u;
    %jmp/1 T_23.61, 6;
    %jmp T_23.62;
T_23.58 ;
    %load/vec4 v0xc00e805a0_0;
    %parti/s 32, 0, 2;
    %assign/vec4 v0xc00e87c00_0, 0;
    %jmp T_23.62;
T_23.59 ;
    %load/vec4 v0xc00e805a0_0;
    %parti/s 32, 32, 7;
    %assign/vec4 v0xc00e87c00_0, 0;
    %jmp T_23.62;
T_23.60 ;
    %load/vec4 v0xc00e80640_0;
    %parti/s 32, 0, 2;
    %assign/vec4 v0xc00e87c00_0, 0;
    %jmp T_23.62;
T_23.61 ;
    %load/vec4 v0xc00e80640_0;
    %parti/s 32, 32, 7;
    %assign/vec4 v0xc00e87c00_0, 0;
    %jmp T_23.62;
T_23.62 ;
    %pop/vec4 1;
    %pushi/vec4 1, 0, 1;
    %assign/vec4 v0xc00e85180_0, 0;
    %pushi/vec4 64, 0, 8;
    %assign/vec4 v0xc00e806e0_0, 0;
    %jmp T_23.47;
T_23.36 ;
    %load/vec4 v0xc00e82c60_0;
    %flag_set/vec4 8;
    %jmp/0 T_23.65, 8;
    %pushi/vec4 0, 0, 32;
    %jmp/1 T_23.66, 8;
T_23.65 ; End of true expr.
    %load/vec4 v0xc00e87ca0_0;
    %jmp/0 T_23.66, 8;
 ; End of false expr.
    %blend;
T_23.66;
    %assign/vec4 v0xc00e87ac0_0, 0;
    %load/vec4 v0xc00e81860_0;
    %assign/vec4 v0xc00e87b60_0, 0;
    %load/vec4 v0xc00e854a0_0;
    %assign/vec4 v0xc00e855e0_0, 0;
    %pushi/vec4 8, 0, 8;
    %assign/vec4 v0xc00e806e0_0, 0;
    %jmp T_23.47;
T_23.37 ;
    %load/vec4 v0xc00e80820_0;
    %assign/vec4 v0xc00e87c00_0, 0;
    %load/vec4 v0xc00e80820_0;
    %assign/vec4 v0xc00e81540_0, 0;
    %pushi/vec4 1, 0, 1;
    %assign/vec4 v0xc00e815e0_0, 0;
    %pushi/vec4 1, 0, 1;
    %assign/vec4 v0xc00e85180_0, 0;
    %pushi/vec4 64, 0, 8;
    %assign/vec4 v0xc00e806e0_0, 0;
    %jmp T_23.47;
T_23.38 ;
    %load/vec4 v0xc00e80820_0;
    %assign/vec4 v0xc00e87c00_0, 0;
    %load/vec4 v0xc00e80820_0;
    %assign/vec4 v0xc00e81540_0, 0;
    %pushi/vec4 1, 0, 1;
    %assign/vec4 v0xc00e815e0_0, 0;
    %load/vec4 v0xc00e85040_0;
    %pad/u 32;
    %pushi/vec4 32, 0, 32;
    %or;
    %pad/u 5;
    %assign/vec4 v0xc00e85040_0, 0;
    %pushi/vec4 1, 0, 1;
    %assign/vec4 v0xc00e85180_0, 0;
    %pushi/vec4 64, 0, 8;
    %assign/vec4 v0xc00e806e0_0, 0;
    %jmp T_23.47;
T_23.39 ;
    %pushi/vec4 0, 0, 32;
    %assign/vec4 v0xc00e81f40_0, 0;
    %pushi/vec4 0, 0, 1;
    %assign/vec4 v0xc00e84000_0, 0;
    %pushi/vec4 1, 0, 1;
    %assign/vec4 v0xc00e84d20_0, 0;
    %pushi/vec4 1, 0, 1;
    %assign/vec4 v0xc00e85180_0, 0;
    %load/vec4 v0xc00e80820_0;
    %pushi/vec4 4294967294, 0, 32;
    %and;
    %assign/vec4 v0xc00e87c00_0, 0;
    %load/vec4 v0xc00e80820_0;
    %assign/vec4 v0xc00e81540_0, 0;
    %pushi/vec4 1, 0, 1;
    %assign/vec4 v0xc00e815e0_0, 0;
    %pushi/vec4 64, 0, 8;
    %assign/vec4 v0xc00e806e0_0, 0;
    %jmp T_23.47;
T_23.40 ;
    %pushi/vec4 1, 0, 1;
    %assign/vec4 v0xc00e85180_0, 0;
    %load/vec4 v0xc00e84140_0;
    %assign/vec4 v0xc00e87c00_0, 0;
    %load/vec4 v0xc00e80820_0;
    %pushi/vec4 0, 0, 32;
    %or;
    %assign/vec4 v0xc00e84140_0, 0;
    %load/vec4 v0xc00e80820_0;
    %assign/vec4 v0xc00e81540_0, 0;
    %pushi/vec4 1, 0, 1;
    %assign/vec4 v0xc00e815e0_0, 0;
    %pushi/vec4 64, 0, 8;
    %assign/vec4 v0xc00e806e0_0, 0;
    %jmp T_23.47;
T_23.41 ;
    %pushi/vec4 1, 0, 1;
    %assign/vec4 v0xc00e85180_0, 0;
    %load/vec4 v0xc00e880a0_0;
    %assign/vec4 v0xc00e87c00_0, 0;
    %load/vec4 v0xc00e80820_0;
    %assign/vec4 v0xc00e880a0_0, 0;
    %load/vec4 v0xc00e80820_0;
    %assign/vec4 v0xc00e81540_0, 0;
    %pushi/vec4 1, 0, 1;
    %assign/vec4 v0xc00e815e0_0, 0;
    %pushi/vec4 64, 0, 8;
    %assign/vec4 v0xc00e806e0_0, 0;
    %jmp T_23.47;
T_23.42 ;
    %load/vec4 v0xc00e80820_0;
    %assign/vec4 v0xc00e87ac0_0, 0;
    %load/vec4 v0xc00e80820_0;
    %assign/vec4 v0xc00e81540_0, 0;
    %pushi/vec4 1, 0, 1;
    %assign/vec4 v0xc00e815e0_0, 0;
    %pushi/vec4 1, 0, 8;
    %assign/vec4 v0xc00e806e0_0, 0;
    %pushi/vec4 1, 0, 1;
    %assign/vec4 v0xc00e855e0_0, 0;
    %jmp T_23.47;
T_23.43 ;
    %load/vec4 v0xc00e80820_0;
    %assign/vec4 v0xc00e87ac0_0, 0;
    %load/vec4 v0xc00e80820_0;
    %assign/vec4 v0xc00e81540_0, 0;
    %pushi/vec4 1, 0, 1;
    %assign/vec4 v0xc00e815e0_0, 0;
    %load/vec4 v0xc00e81b80_0;
    %assign/vec4 v0xc00e87d40_0, 0;
    %pushi/vec4 4, 0, 8;
    %assign/vec4 v0xc00e806e0_0, 0;
    %jmp T_23.47;
T_23.44 ;
    %load/vec4 v0xc00e80820_0;
    %assign/vec4 v0xc00e87ac0_0, 0;
    %load/vec4 v0xc00e80820_0;
    %assign/vec4 v0xc00e81540_0, 0;
    %pushi/vec4 1, 0, 1;
    %assign/vec4 v0xc00e815e0_0, 0;
    %load/vec4 v0xc00e84aa0_0;
    %flag_set/vec4 9;
    %flag_get/vec4 9;
    %jmp/0 T_23.69, 9;
    %pushi/vec4 0, 0, 1;
    %and;
T_23.69;
    %flag_set/vec4 8;
    %jmp/0 T_23.67, 8;
    %load/vec4 v0xc00e81b80_0;
    %pad/u 32;
    %jmp/1 T_23.68, 8;
T_23.67 ; End of true expr.
    %load/vec4 v0xc00e81860_0;
    %jmp/0 T_23.68, 8;
 ; End of false expr.
    %blend;
T_23.68;
    %assign/vec4 v0xc00e87b60_0, 0;
    %load/vec4 v0xc00e854a0_0;
    %assign/vec4 v0xc00e855e0_0, 0;
    %pushi/vec4 8, 0, 8;
    %assign/vec4 v0xc00e806e0_0, 0;
    %jmp T_23.47;
T_23.45 ;
    %load/vec4 v0xc00e80820_0;
    %assign/vec4 v0xc00e87ac0_0, 0;
    %load/vec4 v0xc00e80820_0;
    %assign/vec4 v0xc00e81540_0, 0;
    %pushi/vec4 1, 0, 1;
    %assign/vec4 v0xc00e815e0_0, 0;
    %load/vec4 v0xc00e84aa0_0;
    %flag_set/vec4 9;
    %flag_get/vec4 9;
    %jmp/0 T_23.72, 9;
    %pushi/vec4 0, 0, 1;
    %and;
T_23.72;
    %flag_set/vec4 8;
    %jmp/0 T_23.70, 8;
    %load/vec4 v0xc00e81b80_0;
    %pad/u 32;
    %jmp/1 T_23.71, 8;
T_23.70 ; End of true expr.
    %load/vec4 v0xc00e81860_0;
    %jmp/0 T_23.71, 8;
 ; End of false expr.
    %blend;
T_23.71;
    %assign/vec4 v0xc00e87b60_0, 0;
    %load/vec4 v0xc00e854a0_0;
    %assign/vec4 v0xc00e855e0_0, 0;
    %pushi/vec4 8, 0, 8;
    %assign/vec4 v0xc00e806e0_0, 0;
    %jmp T_23.47;
T_23.47 ;
    %pop/vec4 1;
    %jmp T_23.15;
T_23.10 ;
    %load/vec4 v0xc00e808c0_0;
    %pad/u 5;
    %assign/vec4 v0xc00e87d40_0, 0;
    %load/vec4 v0xc00e808c0_0;
    %assign/vec4 v0xc00e87b60_0, 0;
    %load/vec4 v0xc00e808c0_0;
    %assign/vec4 v0xc00e81680_0, 0;
    %pushi/vec4 1, 0, 1;
    %assign/vec4 v0xc00e81720_0, 0;
    %pushi/vec4 1, 0, 1;
    %dup/vec4;
    %pushi/vec4 0, 0, 1;
    %cmp/u;
    %jmp/1 T_23.73, 6;
    %dup/vec4;
    %load/vec4 v0xc00e84960_0;
    %cmp/u;
    %jmp/1 T_23.74, 6;
    %dup/vec4;
    %load/vec4 v0xc00e84a00_0;
    %flag_set/vec4 8;
    %flag_get/vec4 8;
    %jmp/0 T_23.78, 8;
    %pushi/vec4 1, 0, 1;
    %and;
T_23.78;
    %cmp/u;
    %jmp/1 T_23.75, 6;
    %load/vec4 v0xc00e854a0_0;
    %assign/vec4 v0xc00e855e0_0, 0;
    %pushi/vec4 8, 0, 8;
    %assign/vec4 v0xc00e806e0_0, 0;
    %jmp T_23.77;
T_23.73 ;
    %pushi/vec4 1, 0, 1;
    %assign/vec4 v0xc00e873e0_0, 0;
    %load/vec4 v0xc00e86c60_0;
    %flag_set/vec4 8;
    %jmp/0xz  T_23.79, 8;
    %pushi/vec4 1, 0, 1;
    %assign/vec4 v0xc00e855e0_0, 0;
    %pushi/vec4 0, 0, 1;
    %assign/vec4 v0xc00e873e0_0, 0;
    %load/vec4 v0xc00e86bc0_0;
    %assign/vec4 v0xc00e87c00_0, 0;
    %load/vec4 v0xc00e86da0_0;
    %assign/vec4 v0xc00e85180_0, 0;
    %pushi/vec4 64, 0, 8;
    %assign/vec4 v0xc00e806e0_0, 0;
    %jmp T_23.80;
T_23.79 ;
    %pushi/vec4 1, 0, 1;
    %flag_set/vec4 9;
    %flag_get/vec4 9;
    %jmp/0 T_23.83, 9;
    %load/vec4 v0xc00e87340_0;
    %flag_set/vec4 9;
    %flag_get/vec4 9;
    %jmp/1 T_23.84, 9;
    %load/vec4 v0xc00e826c0_0;
    %or;
T_23.84;
    %and;
T_23.83;
    %flag_set/vec4 8;
    %jmp/0xz  T_23.81, 8;
    %pushi/vec4 0, 0, 1;
    %assign/vec4 v0xc00e873e0_0, 0;
    %pushi/vec4 128, 0, 8;
    %assign/vec4 v0xc00e806e0_0, 0;
T_23.81 ;
T_23.80 ;
    %jmp T_23.77;
T_23.74 ;
    %pushi/vec4 2, 0, 8;
    %assign/vec4 v0xc00e806e0_0, 0;
    %pushi/vec4 1, 0, 1;
    %assign/vec4 v0xc00e855e0_0, 0;
    %jmp T_23.77;
T_23.75 ;
    %pushi/vec4 4, 0, 8;
    %assign/vec4 v0xc00e806e0_0, 0;
    %jmp T_23.77;
T_23.77 ;
    %pop/vec4 1;
    %jmp T_23.15;
T_23.11 ;
    %load/vec4 v0xc00e87ca0_0;
    %load/vec4 v0xc00e81860_0;
    %add;
    %assign/vec4 v0xc00e87c00_0, 0;
    %load/vec4 v0xc00e84460_0;
    %flag_set/vec4 8;
    %jmp/0xz  T_23.85, 8;
    %pushi/vec4 0, 0, 5;
    %assign/vec4 v0xc00e85040_0, 0;
    %load/vec4 v0xc00e7bac0_0;
    %assign/vec4 v0xc00e85180_0, 0;
    %load/vec4 v0xc00e7bac0_0;
    %assign/vec4 v0xc00e84d20_0, 0;
    %load/vec4 v0xc00e85720_0;
    %flag_set/vec4 8;
    %jmp/0xz  T_23.87, 8;
    %pushi/vec4 64, 0, 8;
    %assign/vec4 v0xc00e806e0_0, 0;
T_23.87 ;
    %load/vec4 v0xc00e7bac0_0;
    %flag_set/vec4 8;
    %jmp/0xz  T_23.89, 8;
    %pushi/vec4 0, 0, 1;
    %assign/vec4 v0xc00e81d60_0, 0;
    %pushi/vec4 1, 0, 1;
    %store/vec4 v0xc00e87f20_0, 0, 1;
T_23.89 ;
    %jmp T_23.86;
T_23.85 ;
    %load/vec4 v0xc00e82940_0;
    %assign/vec4 v0xc00e84d20_0, 0;
    %pushi/vec4 1, 0, 1;
    %assign/vec4 v0xc00e85180_0, 0;
    %pushi/vec4 1, 0, 1;
    %assign/vec4 v0xc00e850e0_0, 0;
    %pushi/vec4 64, 0, 8;
    %assign/vec4 v0xc00e806e0_0, 0;
T_23.86 ;
    %jmp T_23.15;
T_23.12 ;
    %pushi/vec4 1, 0, 1;
    %assign/vec4 v0xc00e85180_0, 0;
    %load/vec4 v0xc00e87d40_0;
    %pad/u 32;
    %cmpi/e 0, 0, 32;
    %jmp/0xz  T_23.91, 4;
    %load/vec4 v0xc00e87ac0_0;
    %assign/vec4 v0xc00e87c00_0, 0;
    %load/vec4 v0xc00e854a0_0;
    %assign/vec4 v0xc00e855e0_0, 0;
    %pushi/vec4 64, 0, 8;
    %assign/vec4 v0xc00e806e0_0, 0;
    %jmp T_23.92;
T_23.91 ;
    %pushi/vec4 1, 0, 1;
    %flag_set/vec4 9;
    %flag_get/vec4 9;
    %jmp/0 T_23.95, 9;
    %pushi/vec4 4, 0, 32;
    %load/vec4 v0xc00e87d40_0;
    %pad/u 32;
    %cmp/u;
    %flag_get/vec4 4;
    %flag_get/vec4 5;
    %or;
    %and;
T_23.95;
    %flag_set/vec4 8;
    %jmp/0xz  T_23.93, 8;
    %pushi/vec4 1, 0, 1;
    %dup/vec4;
    %load/vec4 v0xc00e83520_0;
    %flag_set/vec4 8;
    %flag_get/vec4 8;
    %jmp/1 T_23.100, 8;
    %load/vec4 v0xc00e83480_0;
    %or;
T_23.100;
    %cmp/u;
    %jmp/1 T_23.96, 6;
    %dup/vec4;
    %load/vec4 v0xc00e83a20_0;
    %flag_set/vec4 8;
    %flag_get/vec4 8;
    %jmp/1 T_23.101, 8;
    %load/vec4 v0xc00e83980_0;
    %or;
T_23.101;
    %cmp/u;
    %jmp/1 T_23.97, 6;
    %dup/vec4;
    %load/vec4 v0xc00e838e0_0;
    %flag_set/vec4 8;
    %flag_get/vec4 8;
    %jmp/1 T_23.102, 8;
    %load/vec4 v0xc00e83840_0;
    %or;
T_23.102;
    %cmp/u;
    %jmp/1 T_23.98, 6;
    %jmp T_23.99;
T_23.96 ;
    %load/vec4 v0xc00e87ac0_0;
    %ix/load 4, 4, 0;
    %flag_set/imm 4, 0;
    %shiftl 4;
    %assign/vec4 v0xc00e87ac0_0, 0;
    %jmp T_23.99;
T_23.97 ;
    %load/vec4 v0xc00e87ac0_0;
    %ix/load 4, 4, 0;
    %flag_set/imm 4, 0;
    %shiftr 4;
    %assign/vec4 v0xc00e87ac0_0, 0;
    %jmp T_23.99;
T_23.98 ;
    %load/vec4 v0xc00e87ac0_0;
    %ix/load 4, 4, 0;
    %flag_set/imm 4, 0;
    %shiftr/s 4;
    %assign/vec4 v0xc00e87ac0_0, 0;
    %jmp T_23.99;
T_23.99 ;
    %pop/vec4 1;
    %load/vec4 v0xc00e87d40_0;
    %subi 4, 0, 5;
    %assign/vec4 v0xc00e87d40_0, 0;
    %jmp T_23.94;
T_23.93 ;
    %pushi/vec4 1, 0, 1;
    %dup/vec4;
    %load/vec4 v0xc00e83520_0;
    %flag_set/vec4 8;
    %flag_get/vec4 8;
    %jmp/1 T_23.107, 8;
    %load/vec4 v0xc00e83480_0;
    %or;
T_23.107;
    %cmp/u;
    %jmp/1 T_23.103, 6;
    %dup/vec4;
    %load/vec4 v0xc00e83a20_0;
    %flag_set/vec4 8;
    %flag_get/vec4 8;
    %jmp/1 T_23.108, 8;
    %load/vec4 v0xc00e83980_0;
    %or;
T_23.108;
    %cmp/u;
    %jmp/1 T_23.104, 6;
    %dup/vec4;
    %load/vec4 v0xc00e838e0_0;
    %flag_set/vec4 8;
    %flag_get/vec4 8;
    %jmp/1 T_23.109, 8;
    %load/vec4 v0xc00e83840_0;
    %or;
T_23.109;
    %cmp/u;
    %jmp/1 T_23.105, 6;
    %jmp T_23.106;
T_23.103 ;
    %load/vec4 v0xc00e87ac0_0;
    %ix/load 4, 1, 0;
    %flag_set/imm 4, 0;
    %shiftl 4;
    %assign/vec4 v0xc00e87ac0_0, 0;
    %jmp T_23.106;
T_23.104 ;
    %load/vec4 v0xc00e87ac0_0;
    %ix/load 4, 1, 0;
    %flag_set/imm 4, 0;
    %shiftr 4;
    %assign/vec4 v0xc00e87ac0_0, 0;
    %jmp T_23.106;
T_23.105 ;
    %load/vec4 v0xc00e87ac0_0;
    %ix/load 4, 1, 0;
    %flag_set/imm 4, 0;
    %shiftr/s 4;
    %assign/vec4 v0xc00e87ac0_0, 0;
    %jmp T_23.106;
T_23.106 ;
    %pop/vec4 1;
    %load/vec4 v0xc00e87d40_0;
    %subi 1, 0, 5;
    %assign/vec4 v0xc00e87d40_0, 0;
T_23.94 ;
T_23.92 ;
    %jmp T_23.15;
T_23.13 ;
    %load/vec4 v0xc00e854a0_0;
    %nor/r;
    %flag_set/vec4 8;
    %jmp/1 T_23.112, 8;
    %load/vec4 v0xc00e85720_0;
    %flag_set/vec4 9;
    %flag_or 8, 9;
T_23.112;
    %jmp/0xz  T_23.110, 8;
    %load/vec4 v0xc00e85680_0;
    %nor/r;
    %flag_set/vec4 8;
    %jmp/0xz  T_23.113, 8;
    %pushi/vec4 1, 0, 1;
    %dup/vec4;
    %load/vec4 v0xc00e832a0_0;
    %cmp/u;
    %jmp/1 T_23.115, 6;
    %dup/vec4;
    %load/vec4 v0xc00e833e0_0;
    %cmp/u;
    %jmp/1 T_23.116, 6;
    %dup/vec4;
    %load/vec4 v0xc00e83b60_0;
    %cmp/u;
    %jmp/1 T_23.117, 6;
    %jmp T_23.118;
T_23.115 ;
    %pushi/vec4 2, 0, 2;
    %assign/vec4 v0xc00e86440_0, 0;
    %jmp T_23.118;
T_23.116 ;
    %pushi/vec4 1, 0, 2;
    %assign/vec4 v0xc00e86440_0, 0;
    %jmp T_23.118;
T_23.117 ;
    %pushi/vec4 0, 0, 2;
    %assign/vec4 v0xc00e86440_0, 0;
    %jmp T_23.118;
T_23.118 ;
    %pop/vec4 1;
    %load/vec4 v0xc00e87ac0_0;
    %load/vec4 v0xc00e81860_0;
    %add;
    %assign/vec4 v0xc00e87ac0_0, 0;
    %pushi/vec4 1, 0, 1;
    %store/vec4 v0xc00e88000_0, 0, 1;
T_23.113 ;
    %load/vec4 v0xc00e854a0_0;
    %nor/r;
    %flag_set/vec4 9;
    %flag_get/vec4 9;
    %jmp/0 T_23.121, 9;
    %load/vec4 v0xc00e85720_0;
    %and;
T_23.121;
    %flag_set/vec4 8;
    %jmp/0xz  T_23.119, 8;
    %pushi/vec4 64, 0, 8;
    %assign/vec4 v0xc00e806e0_0, 0;
    %pushi/vec4 1, 0, 1;
    %assign/vec4 v0xc00e81d60_0, 0;
    %pushi/vec4 1, 0, 1;
    %assign/vec4 v0xc00e81c20_0, 0;
T_23.119 ;
T_23.110 ;
    %jmp T_23.15;
T_23.14 ;
    %pushi/vec4 1, 0, 1;
    %assign/vec4 v0xc00e85180_0, 0;
    %load/vec4 v0xc00e854a0_0;
    %nor/r;
    %flag_set/vec4 8;
    %jmp/1 T_23.124, 8;
    %load/vec4 v0xc00e85720_0;
    %flag_set/vec4 9;
    %flag_or 8, 9;
T_23.124;
    %jmp/0xz  T_23.122, 8;
    %load/vec4 v0xc00e85540_0;
    %nor/r;
    %flag_set/vec4 8;
    %jmp/0xz  T_23.125, 8;
    %pushi/vec4 1, 0, 1;
    %dup/vec4;
    %load/vec4 v0xc00e829e0_0;
    %flag_set/vec4 8;
    %flag_get/vec4 8;
    %jmp/1 T_23.131, 8;
    %load/vec4 v0xc00e82a80_0;
    %or;
T_23.131;
    %cmp/u;
    %jmp/1 T_23.127, 6;
    %dup/vec4;
    %load/vec4 v0xc00e82b20_0;
    %flag_set/vec4 8;
    %flag_get/vec4 8;
    %jmp/1 T_23.132, 8;
    %load/vec4 v0xc00e82bc0_0;
    %or;
T_23.132;
    %cmp/u;
    %jmp/1 T_23.128, 6;
    %dup/vec4;
    %load/vec4 v0xc00e82d00_0;
    %cmp/u;
    %jmp/1 T_23.129, 6;
    %jmp T_23.130;
T_23.127 ;
    %pushi/vec4 2, 0, 2;
    %assign/vec4 v0xc00e86440_0, 0;
    %jmp T_23.130;
T_23.128 ;
    %pushi/vec4 1, 0, 2;
    %assign/vec4 v0xc00e86440_0, 0;
    %jmp T_23.130;
T_23.129 ;
    %pushi/vec4 0, 0, 2;
    %assign/vec4 v0xc00e86440_0, 0;
    %jmp T_23.130;
T_23.130 ;
    %pop/vec4 1;
    %load/vec4 v0xc00e846e0_0;
    %assign/vec4 v0xc00e84fa0_0, 0;
    %load/vec4 v0xc00e82b20_0;
    %assign/vec4 v0xc00e84f00_0, 0;
    %load/vec4 v0xc00e829e0_0;
    %assign/vec4 v0xc00e84e60_0, 0;
    %load/vec4 v0xc00e87ac0_0;
    %load/vec4 v0xc00e81860_0;
    %add;
    %assign/vec4 v0xc00e87ac0_0, 0;
    %pushi/vec4 1, 0, 1;
    %store/vec4 v0xc00e87e80_0, 0, 1;
T_23.125 ;
    %load/vec4 v0xc00e854a0_0;
    %nor/r;
    %flag_set/vec4 9;
    %flag_get/vec4 9;
    %jmp/0 T_23.135, 9;
    %load/vec4 v0xc00e85720_0;
    %and;
T_23.135;
    %flag_set/vec4 8;
    %jmp/0xz  T_23.133, 8;
    %pushi/vec4 1, 0, 1;
    %dup/vec4;
    %load/vec4 v0xc00e84fa0_0;
    %cmp/u;
    %jmp/1 T_23.136, 6;
    %dup/vec4;
    %load/vec4 v0xc00e84f00_0;
    %cmp/u;
    %jmp/1 T_23.137, 6;
    %dup/vec4;
    %load/vec4 v0xc00e84e60_0;
    %cmp/u;
    %jmp/1 T_23.138, 6;
    %jmp T_23.139;
T_23.136 ;
    %load/vec4 v0xc00e86120_0;
    %assign/vec4 v0xc00e87c00_0, 0;
    %jmp T_23.139;
T_23.137 ;
    %load/vec4 v0xc00e86120_0;
    %parti/s 16, 0, 2;
    %pad/s 32;
    %assign/vec4 v0xc00e87c00_0, 0;
    %jmp T_23.139;
T_23.138 ;
    %load/vec4 v0xc00e86120_0;
    %parti/s 8, 0, 2;
    %pad/s 32;
    %assign/vec4 v0xc00e87c00_0, 0;
    %jmp T_23.139;
T_23.139 ;
    %pop/vec4 1;
    %pushi/vec4 1, 0, 1;
    %assign/vec4 v0xc00e81d60_0, 0;
    %pushi/vec4 1, 0, 1;
    %assign/vec4 v0xc00e81c20_0, 0;
    %pushi/vec4 64, 0, 8;
    %assign/vec4 v0xc00e806e0_0, 0;
T_23.133 ;
T_23.122 ;
    %jmp T_23.15;
T_23.15 ;
    %pop/vec4 1;
T_23.6 ;
    %pushi/vec4 1, 0, 1;
    %flag_set/vec4 10;
    %flag_get/vec4 10;
    %jmp/0 T_23.143, 10;
    %load/vec4 v0xc00e87de0_0;
    %and;
T_23.143;
    %flag_set/vec4 9;
    %flag_get/vec4 9;
    %jmp/0 T_23.142, 9;
    %load/vec4 v0xc00e85540_0;
    %flag_set/vec4 9;
    %flag_get/vec4 9;
    %jmp/1 T_23.144, 9;
    %load/vec4 v0xc00e85680_0;
    %or;
T_23.144;
    %and;
T_23.142;
    %flag_set/vec4 8;
    %jmp/0xz  T_23.140, 8;
    %load/vec4 v0xc00e86440_0;
    %pad/u 32;
    %cmpi/e 0, 0, 32;
    %flag_get/vec4 4;
    %jmp/0 T_23.147, 4;
    %load/vec4 v0xc00e87ac0_0;
    %parti/s 2, 0, 2;
    %pad/u 32;
    %pushi/vec4 0, 0, 32;
    %cmp/ne;
    %flag_get/vec4 4;
    %and;
T_23.147;
    %flag_set/vec4 8;
    %jmp/0xz  T_23.145, 8;
    %pushi/vec4 128, 0, 8;
    %assign/vec4 v0xc00e806e0_0, 0;
T_23.145 ;
    %load/vec4 v0xc00e86440_0;
    %pad/u 32;
    %cmpi/e 1, 0, 32;
    %flag_get/vec4 4;
    %jmp/0 T_23.150, 4;
    %load/vec4 v0xc00e87ac0_0;
    %parti/s 1, 0, 2;
    %pad/u 32;
    %pushi/vec4 0, 0, 32;
    %cmp/ne;
    %flag_get/vec4 4;
    %and;
T_23.150;
    %flag_set/vec4 8;
    %jmp/0xz  T_23.148, 8;
    %pushi/vec4 128, 0, 8;
    %assign/vec4 v0xc00e806e0_0, 0;
T_23.148 ;
T_23.140 ;
    %pushi/vec4 1, 0, 1;
    %flag_set/vec4 11;
    %flag_get/vec4 11;
    %jmp/0 T_23.155, 11;
    %load/vec4 v0xc00e87de0_0;
    %and;
T_23.155;
    %flag_set/vec4 10;
    %flag_get/vec4 10;
    %jmp/0 T_23.154, 10;
    %load/vec4 v0xc00e855e0_0;
    %and;
T_23.154;
    %flag_set/vec4 9;
    %flag_get/vec4 9;
    %jmp/0 T_23.153, 9;
    %load/vec4 v0xc00e87ca0_0;
    %parti/s 2, 0, 2;
    %or/r;
    %and;
T_23.153;
    %flag_set/vec4 8;
    %jmp/0xz  T_23.151, 8;
    %pushi/vec4 128, 0, 8;
    %assign/vec4 v0xc00e806e0_0, 0;
T_23.151 ;
    %load/vec4 v0xc00e87de0_0;
    %nor/r;
    %flag_set/vec4 8;
    %jmp/1 T_23.158, 8;
    %load/vec4 v0xc00e85720_0;
    %flag_set/vec4 9;
    %flag_or 8, 9;
T_23.158;
    %jmp/0xz  T_23.156, 8;
    %pushi/vec4 0, 0, 1;
    %assign/vec4 v0xc00e854a0_0, 0;
    %pushi/vec4 0, 0, 1;
    %assign/vec4 v0xc00e855e0_0, 0;
    %pushi/vec4 0, 0, 1;
    %assign/vec4 v0xc00e85540_0, 0;
    %pushi/vec4 0, 0, 1;
    %assign/vec4 v0xc00e85680_0, 0;
T_23.156 ;
    %load/vec4 v0xc00e87f20_0;
    %flag_set/vec4 8;
    %jmp/0xz  T_23.159, 8;
    %pushi/vec4 1, 0, 1;
    %assign/vec4 v0xc00e855e0_0, 0;
T_23.159 ;
    %load/vec4 v0xc00e87e80_0;
    %flag_set/vec4 8;
    %jmp/0xz  T_23.161, 8;
    %pushi/vec4 1, 0, 1;
    %assign/vec4 v0xc00e85540_0, 0;
T_23.161 ;
    %load/vec4 v0xc00e88000_0;
    %flag_set/vec4 8;
    %jmp/0xz  T_23.163, 8;
    %pushi/vec4 1, 0, 1;
    %assign/vec4 v0xc00e85680_0, 0;
T_23.163 ;
    %load/vec4 v0xc00e86760_0;
    %pushi/vec4 4294967295, 0, 32;
    %and;
    %assign/vec4 v0xc00e841e0_0, 0;
    %pushi/vec4 4294967295, 4294967295, 32;
    %store/vec4 v0xc00e80aa0_0, 0, 32;
    %jmp T_23;
    .thread T_23;
    .scope S_0x1054871a0;
T_24 ;
    %wait E_0xc00e53440;
    %load/vec4 v0xc00e8a6c0_0;
    %flag_set/vec4 8;
    %jmp/0xz  T_24.0, 8;
    %load/vec4 v0xc00e8a620_0;
    %load/vec4 v0xc00e8a580_0;
    %parti/s 5, 0, 2;
    %inv;
    %pad/u 7;
    %ix/vec4 3;
    %ix/load 4, 0, 0; Constant delay
    %assign/vec4/a/d v0xc00e8a4e0, 0, 4;
T_24.0 ;
    %jmp T_24;
    .thread T_24;
    .scope S_0xc00e7c900;
T_25 ;
    %wait E_0xc00e53740;
    %load/vec4 v0xc00e98960_0;
    %flag_set/vec4 8;
    %jmp/0 T_25.0, 8;
    %load/vec4 v0xc00e9c960_0;
    %load/vec4 v0xc00e9ca00_0;
    %sub;
    %jmp/1 T_25.1, 8;
T_25.0 ; End of true expr.
    %load/vec4 v0xc00e9c960_0;
    %load/vec4 v0xc00e9ca00_0;
    %add;
    %jmp/0 T_25.1, 8;
 ; End of false expr.
    %blend;
T_25.1;
    %store/vec4 v0xc00e94640_0, 0, 32;
    %load/vec4 v0xc00e9c960_0;
    %load/vec4 v0xc00e9ca00_0;
    %cmp/e;
    %flag_get/vec4 4;
    %store/vec4 v0xc00e946e0_0, 0, 1;
    %load/vec4 v0xc00e9c960_0;
    %load/vec4 v0xc00e9ca00_0;
    %cmp/s;
    %flag_get/vec4 5;
    %store/vec4 v0xc00e94780_0, 0, 1;
    %load/vec4 v0xc00e9c960_0;
    %load/vec4 v0xc00e9ca00_0;
    %cmp/u;
    %flag_get/vec4 5;
    %store/vec4 v0xc00e94820_0, 0, 1;
    %load/vec4 v0xc00e9c960_0;
    %load/vec4 v0xc00e9ca00_0;
    %parti/s 5, 0, 2;
    %ix/vec4 4;
    %shiftl 4;
    %store/vec4 v0xc00e94b40_0, 0, 32;
    %load/vec4 v0xc00e986e0_0;
    %flag_set/vec4 8;
    %jmp/1 T_25.4, 8;
    %load/vec4 v0xc00e98780_0;
    %flag_set/vec4 9;
    %flag_or 8, 9;
T_25.4;
    %jmp/0 T_25.2, 8;
    %load/vec4 v0xc00e9c960_0;
    %parti/s 1, 31, 6;
    %jmp/1 T_25.3, 8;
T_25.2 ; End of true expr.
    %pushi/vec4 0, 0, 1;
    %jmp/0 T_25.3, 8;
 ; End of false expr.
    %blend;
T_25.3;
    %load/vec4 v0xc00e9c960_0;
    %concat/vec4; draw_concat_vec4
    %load/vec4 v0xc00e9ca00_0;
    %parti/s 5, 0, 2;
    %ix/vec4 4;
    %shiftr/s 4;
    %pad/s 32;
    %store/vec4 v0xc00e94be0_0, 0, 32;
    %jmp T_25;
    .thread T_25, $push;
    .scope S_0xc00e7c180;
T_26 ;
    %end;
    .thread T_26;
    .scope S_0xc00e7c180;
T_27 ;
    %wait E_0xc00e53700;
    %pushi/vec4 0, 0, 1;
    %store/vec4 v0xc00e9bc00_0, 0, 1;
    %pushi/vec4 4294967295, 4294967295, 32;
    %store/vec4 v0xc00e9ba20_0, 0, 32;
    %pushi/vec4 0, 0, 1;
    %store/vec4 v0xc00e9bb60_0, 0, 1;
    %pushi/vec4 0, 0, 1;
    %store/vec4 v0xc00e9bac0_0, 0, 1;
    %pushi/vec4 1, 0, 1;
    %dup/vec4;
    %pushi/vec4 0, 0, 1;
    %cmp/u;
    %jmp/1 T_27.0, 6;
    %dup/vec4;
    %pushi/vec4 0, 0, 1;
    %cmp/u;
    %jmp/1 T_27.1, 6;
    %dup/vec4;
    %pushi/vec4 0, 0, 1;
    %cmp/u;
    %jmp/1 T_27.2, 6;
    %jmp T_27.3;
T_27.0 ;
    %pushi/vec4 0, 0, 1;
    %store/vec4 v0xc00e9bc00_0, 0, 1;
    %pushi/vec4 0, 0, 32;
    %store/vec4 v0xc00e9ba20_0, 0, 32;
    %jmp T_27.3;
T_27.1 ;
    %load/vec4 v0xc00e9be80_0;
    %store/vec4 v0xc00e9bc00_0, 0, 1;
    %load/vec4 v0xc00e9bca0_0;
    %store/vec4 v0xc00e9ba20_0, 0, 32;
    %jmp T_27.3;
T_27.2 ;
    %load/vec4 v0xc00e9b8e0_0;
    %store/vec4 v0xc00e9bc00_0, 0, 1;
    %load/vec4 v0xc00e9b700_0;
    %store/vec4 v0xc00e9ba20_0, 0, 32;
    %jmp T_27.3;
T_27.3 ;
    %pop/vec4 1;
    %jmp T_27;
    .thread T_27, $push;
    .scope S_0xc00e7c180;
T_28 ;
    %wait E_0xc00e534c0;
    %load/vec4 v0xc00e9cc80_0;
    %nor/r;
    %flag_set/vec4 8;
    %jmp/0xz  T_28.0, 8;
    %pushi/vec4 0, 0, 1;
    %assign/vec4 v0xc00e9a800_0, 0;
    %pushi/vec4 0, 0, 1;
    %assign/vec4 v0xc00e99ae0_0, 0;
    %jmp T_28.1;
T_28.0 ;
    %load/vec4 v0xc00e99ae0_0;
    %nor/r;
    %flag_set/vec4 8;
    %jmp/0xz  T_28.2, 8;
    %load/vec4 v0xc00e9a760_0;
    %assign/vec4 v0xc00e9a800_0, 0;
T_28.2 ;
    %load/vec4 v0xc00e9b160_0;
    %flag_set/vec4 8;
    %flag_get/vec4 8;
    %jmp/0 T_28.4, 8;
    %load/vec4 v0xc00e9b020_0;
    %nor/r;
    %and;
T_28.4;
    %assign/vec4 v0xc00e99ae0_0, 0;
T_28.1 ;
    %jmp T_28;
    .thread T_28;
    .scope S_0xc00e7c180;
T_29 ;
    %wait E_0xc00e536c0;
    %load/vec4 v0xc00e9b2a0_0;
    %dup/vec4;
    %pushi/vec4 0, 0, 2;
    %cmp/u;
    %jmp/1 T_29.0, 6;
    %dup/vec4;
    %pushi/vec4 1, 0, 2;
    %cmp/u;
    %jmp/1 T_29.1, 6;
    %dup/vec4;
    %pushi/vec4 2, 0, 2;
    %cmp/u;
    %jmp/1 T_29.2, 6;
    %jmp T_29.3;
T_29.0 ;
    %load/vec4 v0xc00e9ca00_0;
    %store/vec4 v0xc00e9ab20_0, 0, 32;
    %pushi/vec4 15, 0, 4;
    %store/vec4 v0xc00e9ac60_0, 0, 4;
    %load/vec4 v0xc00e9ad00_0;
    %store/vec4 v0xc00e9af80_0, 0, 32;
    %jmp T_29.3;
T_29.1 ;
    %load/vec4 v0xc00e9ca00_0;
    %parti/s 16, 0, 2;
    %replicate 2;
    %store/vec4 v0xc00e9ab20_0, 0, 32;
    %load/vec4 v0xc00e9c960_0;
    %parti/s 1, 1, 2;
    %flag_set/vec4 8;
    %jmp/0 T_29.4, 8;
    %pushi/vec4 12, 0, 4;
    %jmp/1 T_29.5, 8;
T_29.4 ; End of true expr.
    %pushi/vec4 3, 0, 4;
    %jmp/0 T_29.5, 8;
 ; End of false expr.
    %blend;
T_29.5;
    %store/vec4 v0xc00e9ac60_0, 0, 4;
    %load/vec4 v0xc00e9c960_0;
    %parti/s 1, 1, 2;
    %dup/vec4;
    %pushi/vec4 0, 0, 1;
    %cmp/u;
    %jmp/1 T_29.6, 6;
    %dup/vec4;
    %pushi/vec4 1, 0, 1;
    %cmp/u;
    %jmp/1 T_29.7, 6;
    %jmp T_29.8;
T_29.6 ;
    %pushi/vec4 0, 0, 16;
    %load/vec4 v0xc00e9ad00_0;
    %parti/s 16, 0, 2;
    %concat/vec4; draw_concat_vec4
    %store/vec4 v0xc00e9af80_0, 0, 32;
    %jmp T_29.8;
T_29.7 ;
    %pushi/vec4 0, 0, 16;
    %load/vec4 v0xc00e9ad00_0;
    %parti/s 16, 16, 6;
    %concat/vec4; draw_concat_vec4
    %store/vec4 v0xc00e9af80_0, 0, 32;
    %jmp T_29.8;
T_29.8 ;
    %pop/vec4 1;
    %jmp T_29.3;
T_29.2 ;
    %load/vec4 v0xc00e9ca00_0;
    %parti/s 8, 0, 2;
    %replicate 4;
    %store/vec4 v0xc00e9ab20_0, 0, 32;
    %pushi/vec4 1, 0, 4;
    %load/vec4 v0xc00e9c960_0;
    %parti/s 2, 0, 2;
    %ix/vec4 4;
    %shiftl 4;
    %store/vec4 v0xc00e9ac60_0, 0, 4;
    %load/vec4 v0xc00e9c960_0;
    %parti/s 2, 0, 2;
    %dup/vec4;
    %pushi/vec4 0, 0, 2;
    %cmp/u;
    %jmp/1 T_29.9, 6;
    %dup/vec4;
    %pushi/vec4 1, 0, 2;
    %cmp/u;
    %jmp/1 T_29.10, 6;
    %dup/vec4;
    %pushi/vec4 2, 0, 2;
    %cmp/u;
    %jmp/1 T_29.11, 6;
    %dup/vec4;
    %pushi/vec4 3, 0, 2;
    %cmp/u;
    %jmp/1 T_29.12, 6;
    %jmp T_29.13;
T_29.9 ;
    %pushi/vec4 0, 0, 24;
    %load/vec4 v0xc00e9ad00_0;
    %parti/s 8, 0, 2;
    %concat/vec4; draw_concat_vec4
    %store/vec4 v0xc00e9af80_0, 0, 32;
    %jmp T_29.13;
T_29.10 ;
    %pushi/vec4 0, 0, 24;
    %load/vec4 v0xc00e9ad00_0;
    %parti/s 8, 8, 5;
    %concat/vec4; draw_concat_vec4
    %store/vec4 v0xc00e9af80_0, 0, 32;
    %jmp T_29.13;
T_29.11 ;
    %pushi/vec4 0, 0, 24;
    %load/vec4 v0xc00e9ad00_0;
    %parti/s 8, 16, 6;
    %concat/vec4; draw_concat_vec4
    %store/vec4 v0xc00e9af80_0, 0, 32;
    %jmp T_29.13;
T_29.12 ;
    %pushi/vec4 0, 0, 24;
    %load/vec4 v0xc00e9ad00_0;
    %parti/s 8, 24, 6;
    %concat/vec4; draw_concat_vec4
    %store/vec4 v0xc00e9af80_0, 0, 32;
    %jmp T_29.13;
T_29.13 ;
    %pop/vec4 1;
    %jmp T_29.3;
T_29.3 ;
    %pop/vec4 1;
    %jmp T_29;
    .thread T_29, $push;
    .scope S_0xc00e7c180;
T_30 ;
    %wait E_0xc00e534c0;
    %load/vec4 v0xc00e9b3e0_0;
    %flag_set/vec4 8;
    %jmp/0xz  T_30.0, 8;
    %load/vec4 v0xc00e9ad00_0;
    %assign/vec4 v0xc00e9aee0_0, 0;
    %load/vec4 v0xc00e9ad00_0;
    %assign/vec4 v0xc00e9b520_0, 0;
T_30.0 ;
    %jmp T_30;
    .thread T_30;
    .scope S_0xc00e7c180;
T_31 ;
    %wait E_0xc00e534c0;
    %load/vec4 v0xc00e9cc80_0;
    %flag_set/vec4 9;
    %flag_get/vec4 9;
    %jmp/0 T_31.2, 9;
    %load/vec4 v0xc00e9d0e0_0;
    %nor/r;
    %and;
T_31.2;
    %flag_set/vec4 8;
    %jmp/0xz  T_31.0, 8;
    %load/vec4 v0xc00e9a300_0;
    %flag_set/vec4 8;
    %jmp/1 T_31.6, 8;
    %load/vec4 v0xc00e9a440_0;
    %flag_set/vec4 9;
    %flag_or 8, 9;
T_31.6;
    %jmp/1 T_31.5, 8;
    %load/vec4 v0xc00e9a3a0_0;
    %flag_set/vec4 9;
    %flag_or 8, 9;
T_31.5;
    %jmp/0xz  T_31.3, 8;
    %fork TD_picorv32_wb.picorv32_core.empty_statement, S_0xc00e7c480;
    %join;
T_31.3 ;
    %load/vec4 v0xc00e9a300_0;
    %flag_set/vec4 8;
    %jmp/1 T_31.9, 8;
    %load/vec4 v0xc00e9a440_0;
    %flag_set/vec4 9;
    %flag_or 8, 9;
T_31.9;
    %jmp/0xz  T_31.7, 8;
    %fork TD_picorv32_wb.picorv32_core.empty_statement, S_0xc00e7c480;
    %join;
T_31.7 ;
    %load/vec4 v0xc00e9a3a0_0;
    %flag_set/vec4 8;
    %jmp/0xz  T_31.10, 8;
    %fork TD_picorv32_wb.picorv32_core.empty_statement, S_0xc00e7c480;
    %join;
T_31.10 ;
    %load/vec4 v0xc00e9a4e0_0;
    %flag_set/vec4 8;
    %jmp/0xz  T_31.12, 8;
    %fork TD_picorv32_wb.picorv32_core.empty_statement, S_0xc00e7c480;
    %join;
T_31.12 ;
    %load/vec4 v0xc00e9b0c0_0;
    %pad/u 32;
    %cmpi/e 2, 0, 32;
    %jmp/1 T_31.16, 4;
    %flag_mov 8, 4;
    %load/vec4 v0xc00e9b0c0_0;
    %pad/u 32;
    %cmpi/e 3, 0, 32;
    %flag_or 4, 8;
T_31.16;
    %jmp/0xz  T_31.14, 4;
    %fork TD_picorv32_wb.picorv32_core.empty_statement, S_0xc00e7c480;
    %join;
T_31.14 ;
T_31.0 ;
    %jmp T_31;
    .thread T_31;
    .scope S_0xc00e7c180;
T_32 ;
    %wait E_0xc00e534c0;
    %load/vec4 v0xc00e9cc80_0;
    %nor/r;
    %flag_set/vec4 8;
    %jmp/1 T_32.2, 8;
    %load/vec4 v0xc00e9d0e0_0;
    %flag_set/vec4 9;
    %flag_or 8, 9;
T_32.2;
    %jmp/0xz  T_32.0, 8;
    %load/vec4 v0xc00e9cc80_0;
    %nor/r;
    %flag_set/vec4 8;
    %jmp/0xz  T_32.3, 8;
    %pushi/vec4 0, 0, 2;
    %assign/vec4 v0xc00e9b0c0_0, 0;
T_32.3 ;
    %load/vec4 v0xc00e9cc80_0;
    %nor/r;
    %flag_set/vec4 8;
    %jmp/1 T_32.7, 8;
    %load/vec4 v0xc00e9b020_0;
    %flag_set/vec4 9;
    %flag_or 8, 9;
T_32.7;
    %jmp/0xz  T_32.5, 8;
    %pushi/vec4 0, 0, 1;
    %assign/vec4 v0xc00e9b160_0, 0;
T_32.5 ;
    %pushi/vec4 0, 0, 1;
    %assign/vec4 v0xc00e9a9e0_0, 0;
    %pushi/vec4 0, 0, 1;
    %assign/vec4 v0xc00e9c460_0, 0;
    %jmp T_32.1;
T_32.0 ;
    %load/vec4 v0xc00e9a940_0;
    %flag_set/vec4 8;
    %jmp/1 T_32.10, 8;
    %load/vec4 v0xc00e9abc0_0;
    %flag_set/vec4 9;
    %flag_or 8, 9;
T_32.10;
    %jmp/0xz  T_32.8, 8;
    %load/vec4 v0xc00e9a6c0_0;
    %assign/vec4 v0xc00e9a1c0_0, 0;
    %load/vec4 v0xc00e9ac60_0;
    %load/vec4 v0xc00e9abc0_0;
    %replicate 4;
    %and;
    %assign/vec4 v0xc00e9b340_0, 0;
T_32.8 ;
    %load/vec4 v0xc00e9abc0_0;
    %flag_set/vec4 8;
    %jmp/0xz  T_32.11, 8;
    %load/vec4 v0xc00e9ab20_0;
    %assign/vec4 v0xc00e9b200_0, 0;
T_32.11 ;
    %load/vec4 v0xc00e9b0c0_0;
    %dup/vec4;
    %pushi/vec4 0, 0, 2;
    %cmp/u;
    %jmp/1 T_32.13, 6;
    %dup/vec4;
    %pushi/vec4 1, 0, 2;
    %cmp/u;
    %jmp/1 T_32.14, 6;
    %dup/vec4;
    %pushi/vec4 2, 0, 2;
    %cmp/u;
    %jmp/1 T_32.15, 6;
    %dup/vec4;
    %pushi/vec4 3, 0, 2;
    %cmp/u;
    %jmp/1 T_32.16, 6;
    %jmp T_32.17;
T_32.13 ;
    %load/vec4 v0xc00e9a300_0;
    %flag_set/vec4 8;
    %jmp/1 T_32.21, 8;
    %load/vec4 v0xc00e9a440_0;
    %flag_set/vec4 9;
    %flag_or 8, 9;
T_32.21;
    %jmp/1 T_32.20, 8;
    %load/vec4 v0xc00e9a3a0_0;
    %flag_set/vec4 9;
    %flag_or 8, 9;
T_32.20;
    %jmp/0xz  T_32.18, 8;
    %load/vec4 v0xc00e9aa80_0;
    %nor/r;
    %assign/vec4 v0xc00e9b160_0, 0;
    %load/vec4 v0xc00e9a300_0;
    %flag_set/vec4 8;
    %flag_get/vec4 8;
    %jmp/1 T_32.22, 8;
    %load/vec4 v0xc00e9a440_0;
    %or;
T_32.22;
    %assign/vec4 v0xc00e9a620_0, 0;
    %pushi/vec4 0, 0, 4;
    %assign/vec4 v0xc00e9b340_0, 0;
    %pushi/vec4 1, 0, 2;
    %assign/vec4 v0xc00e9b0c0_0, 0;
T_32.18 ;
    %load/vec4 v0xc00e9a4e0_0;
    %flag_set/vec4 8;
    %jmp/0xz  T_32.23, 8;
    %pushi/vec4 1, 0, 1;
    %assign/vec4 v0xc00e9b160_0, 0;
    %pushi/vec4 0, 0, 1;
    %assign/vec4 v0xc00e9a620_0, 0;
    %pushi/vec4 2, 0, 2;
    %assign/vec4 v0xc00e9b0c0_0, 0;
T_32.23 ;
    %jmp T_32.17;
T_32.14 ;
    %fork TD_picorv32_wb.picorv32_core.empty_statement, S_0xc00e7c480;
    %join;
    %fork TD_picorv32_wb.picorv32_core.empty_statement, S_0xc00e7c480;
    %join;
    %fork TD_picorv32_wb.picorv32_core.empty_statement, S_0xc00e7c480;
    %join;
    %fork TD_picorv32_wb.picorv32_core.empty_statement, S_0xc00e7c480;
    %join;
    %load/vec4 v0xc00e9b3e0_0;
    %flag_set/vec4 8;
    %jmp/0xz  T_32.25, 8;
    %pushi/vec4 0, 0, 1;
    %assign/vec4 v0xc00e9b160_0, 0;
    %pushi/vec4 0, 0, 1;
    %assign/vec4 v0xc00e9a9e0_0, 0;
    %load/vec4 v0xc00e9a440_0;
    %flag_set/vec4 8;
    %jmp/1 T_32.29, 8;
    %load/vec4 v0xc00e9a3a0_0;
    %flag_set/vec4 9;
    %flag_or 8, 9;
T_32.29;
    %jmp/0 T_32.27, 8;
    %pushi/vec4 0, 0, 3;
    %jmp/1 T_32.28, 8;
T_32.27 ; End of true expr.
    %pushi/vec4 3, 0, 3;
    %jmp/0 T_32.28, 8;
 ; End of false expr.
    %blend;
T_32.28;
    %pad/s 2;
    %assign/vec4 v0xc00e9b0c0_0, 0;
T_32.25 ;
    %jmp T_32.17;
T_32.15 ;
    %fork TD_picorv32_wb.picorv32_core.empty_statement, S_0xc00e7c480;
    %join;
    %fork TD_picorv32_wb.picorv32_core.empty_statement, S_0xc00e7c480;
    %join;
    %load/vec4 v0xc00e9b3e0_0;
    %flag_set/vec4 8;
    %jmp/0xz  T_32.30, 8;
    %pushi/vec4 0, 0, 1;
    %assign/vec4 v0xc00e9b160_0, 0;
    %pushi/vec4 0, 0, 2;
    %assign/vec4 v0xc00e9b0c0_0, 0;
T_32.30 ;
    %jmp T_32.17;
T_32.16 ;
    %fork TD_picorv32_wb.picorv32_core.empty_statement, S_0xc00e7c480;
    %join;
    %fork TD_picorv32_wb.picorv32_core.empty_statement, S_0xc00e7c480;
    %join;
    %load/vec4 v0xc00e9a440_0;
    %flag_set/vec4 8;
    %jmp/0xz  T_32.32, 8;
    %pushi/vec4 0, 0, 2;
    %assign/vec4 v0xc00e9b0c0_0, 0;
T_32.32 ;
    %jmp T_32.17;
T_32.17 ;
    %pop/vec4 1;
T_32.1 ;
    %load/vec4 v0xc00e95180_0;
    %flag_set/vec4 8;
    %jmp/0xz  T_32.34, 8;
    %pushi/vec4 0, 0, 1;
    %assign/vec4 v0xc00e9c460_0, 0;
T_32.34 ;
    %jmp T_32;
    .thread T_32;
    .scope S_0xc00e7c180;
T_33 ;
    %wait E_0xc00e53680;
    %pushi/vec4 0, 0, 32; draw_string_vec4
    %pushi/vec4 0, 0, 32; draw_string_vec4
    %concat/vec4; draw_string_vec4
    %store/vec4 v0xc00e9b480_0, 0, 64;
    %load/vec4 v0xc00e97ac0_0;
    %flag_set/vec4 8;
    %jmp/0xz  T_33.0, 8;
    %pushi/vec4 0, 0, 32; draw_string_vec4
    %pushi/vec4 7107945, 0, 32; draw_string_vec4
    %concat/vec4; draw_string_vec4
    %store/vec4 v0xc00e9b480_0, 0, 64;
T_33.0 ;
    %load/vec4 v0xc00e970c0_0;
    %flag_set/vec4 8;
    %jmp/0xz  T_33.2, 8;
    %pushi/vec4 97, 0, 32; draw_string_vec4
    %pushi/vec4 1969844323, 0, 32; draw_string_vec4
    %concat/vec4; draw_string_vec4
    %store/vec4 v0xc00e9b480_0, 0, 64;
T_33.2 ;
    %load/vec4 v0xc00e97700_0;
    %flag_set/vec4 8;
    %jmp/0xz  T_33.4, 8;
    %pushi/vec4 0, 0, 32; draw_string_vec4
    %pushi/vec4 6971756, 0, 32; draw_string_vec4
    %concat/vec4; draw_string_vec4
    %store/vec4 v0xc00e9b480_0, 0, 64;
T_33.4 ;
    %load/vec4 v0xc00e977a0_0;
    %flag_set/vec4 8;
    %jmp/0xz  T_33.6, 8;
    %pushi/vec4 0, 0, 32; draw_string_vec4
    %pushi/vec4 1784769650, 0, 32; draw_string_vec4
    %concat/vec4; draw_string_vec4
    %store/vec4 v0xc00e9b480_0, 0, 64;
T_33.6 ;
    %load/vec4 v0xc00e97160_0;
    %flag_set/vec4 8;
    %jmp/0xz  T_33.8, 8;
    %pushi/vec4 0, 0, 32; draw_string_vec4
    %pushi/vec4 6448497, 0, 32; draw_string_vec4
    %concat/vec4; draw_string_vec4
    %store/vec4 v0xc00e9b480_0, 0, 64;
T_33.8 ;
    %load/vec4 v0xc00e97480_0;
    %flag_set/vec4 8;
    %jmp/0xz  T_33.10, 8;
    %pushi/vec4 0, 0, 32; draw_string_vec4
    %pushi/vec4 6450789, 0, 32; draw_string_vec4
    %concat/vec4; draw_string_vec4
    %store/vec4 v0xc00e9b480_0, 0, 64;
T_33.10 ;
    %load/vec4 v0xc00e97340_0;
    %flag_set/vec4 8;
    %jmp/0xz  T_33.12, 8;
    %pushi/vec4 0, 0, 32; draw_string_vec4
    %pushi/vec4 6450292, 0, 32; draw_string_vec4
    %concat/vec4; draw_string_vec4
    %store/vec4 v0xc00e9b480_0, 0, 64;
T_33.12 ;
    %load/vec4 v0xc00e97200_0;
    %flag_set/vec4 8;
    %jmp/0xz  T_33.14, 8;
    %pushi/vec4 0, 0, 32; draw_string_vec4
    %pushi/vec4 6448997, 0, 32; draw_string_vec4
    %concat/vec4; draw_string_vec4
    %store/vec4 v0xc00e9b480_0, 0, 64;
T_33.14 ;
    %load/vec4 v0xc00e973e0_0;
    %flag_set/vec4 8;
    %jmp/0xz  T_33.16, 8;
    %pushi/vec4 0, 0, 32; draw_string_vec4
    %pushi/vec4 1651274869, 0, 32; draw_string_vec4
    %concat/vec4; draw_string_vec4
    %store/vec4 v0xc00e9b480_0, 0, 64;
T_33.16 ;
    %load/vec4 v0xc00e972a0_0;
    %flag_set/vec4 8;
    %jmp/0xz  T_33.18, 8;
    %pushi/vec4 0, 0, 32; draw_string_vec4
    %pushi/vec4 1650943349, 0, 32; draw_string_vec4
    %concat/vec4; draw_string_vec4
    %store/vec4 v0xc00e9b480_0, 0, 64;
T_33.18 ;
    %load/vec4 v0xc00e97840_0;
    %flag_set/vec4 8;
    %jmp/0xz  T_33.20, 8;
    %pushi/vec4 0, 0, 32; draw_string_vec4
    %pushi/vec4 27746, 0, 32; draw_string_vec4
    %concat/vec4; draw_string_vec4
    %store/vec4 v0xc00e9b480_0, 0, 64;
T_33.20 ;
    %load/vec4 v0xc00e97980_0;
    %flag_set/vec4 8;
    %jmp/0xz  T_33.22, 8;
    %pushi/vec4 0, 0, 32; draw_string_vec4
    %pushi/vec4 27752, 0, 32; draw_string_vec4
    %concat/vec4; draw_string_vec4
    %store/vec4 v0xc00e9b480_0, 0, 64;
T_33.22 ;
    %load/vec4 v0xc00e97b60_0;
    %flag_set/vec4 8;
    %jmp/0xz  T_33.24, 8;
    %pushi/vec4 0, 0, 32; draw_string_vec4
    %pushi/vec4 27767, 0, 32; draw_string_vec4
    %concat/vec4; draw_string_vec4
    %store/vec4 v0xc00e9b480_0, 0, 64;
T_33.24 ;
    %load/vec4 v0xc00e978e0_0;
    %flag_set/vec4 8;
    %jmp/0xz  T_33.26, 8;
    %pushi/vec4 0, 0, 32; draw_string_vec4
    %pushi/vec4 7103093, 0, 32; draw_string_vec4
    %concat/vec4; draw_string_vec4
    %store/vec4 v0xc00e9b480_0, 0, 64;
T_33.26 ;
    %load/vec4 v0xc00e97a20_0;
    %flag_set/vec4 8;
    %jmp/0xz  T_33.28, 8;
    %pushi/vec4 0, 0, 32; draw_string_vec4
    %pushi/vec4 7104629, 0, 32; draw_string_vec4
    %concat/vec4; draw_string_vec4
    %store/vec4 v0xc00e9b480_0, 0, 64;
T_33.28 ;
    %load/vec4 v0xc00e98140_0;
    %flag_set/vec4 8;
    %jmp/0xz  T_33.30, 8;
    %pushi/vec4 0, 0, 32; draw_string_vec4
    %pushi/vec4 29538, 0, 32; draw_string_vec4
    %concat/vec4; draw_string_vec4
    %store/vec4 v0xc00e9b480_0, 0, 64;
T_33.30 ;
    %load/vec4 v0xc00e98280_0;
    %flag_set/vec4 8;
    %jmp/0xz  T_33.32, 8;
    %pushi/vec4 0, 0, 32; draw_string_vec4
    %pushi/vec4 29544, 0, 32; draw_string_vec4
    %concat/vec4; draw_string_vec4
    %store/vec4 v0xc00e9b480_0, 0, 64;
T_33.32 ;
    %load/vec4 v0xc00e98a00_0;
    %flag_set/vec4 8;
    %jmp/0xz  T_33.34, 8;
    %pushi/vec4 0, 0, 32; draw_string_vec4
    %pushi/vec4 29559, 0, 32; draw_string_vec4
    %concat/vec4; draw_string_vec4
    %store/vec4 v0xc00e9b480_0, 0, 64;
T_33.34 ;
    %load/vec4 v0xc00e96ee0_0;
    %flag_set/vec4 8;
    %jmp/0xz  T_33.36, 8;
    %pushi/vec4 0, 0, 32; draw_string_vec4
    %pushi/vec4 1633969257, 0, 32; draw_string_vec4
    %concat/vec4; draw_string_vec4
    %store/vec4 v0xc00e9b480_0, 0, 64;
T_33.36 ;
    %load/vec4 v0xc00e98500_0;
    %flag_set/vec4 8;
    %jmp/0xz  T_33.38, 8;
    %pushi/vec4 0, 0, 32; draw_string_vec4
    %pushi/vec4 1936487529, 0, 32; draw_string_vec4
    %concat/vec4; draw_string_vec4
    %store/vec4 v0xc00e9b480_0, 0, 64;
T_33.38 ;
    %load/vec4 v0xc00e985a0_0;
    %flag_set/vec4 8;
    %jmp/0xz  T_33.40, 8;
    %pushi/vec4 115, 0, 32; draw_string_vec4
    %pushi/vec4 1819568501, 0, 32; draw_string_vec4
    %concat/vec4; draw_string_vec4
    %store/vec4 v0xc00e9b480_0, 0, 64;
T_33.40 ;
    %load/vec4 v0xc00e98d20_0;
    %flag_set/vec4 8;
    %jmp/0xz  T_33.42, 8;
    %pushi/vec4 0, 0, 32; draw_string_vec4
    %pushi/vec4 2020569705, 0, 32; draw_string_vec4
    %concat/vec4; draw_string_vec4
    %store/vec4 v0xc00e9b480_0, 0, 64;
T_33.42 ;
    %load/vec4 v0xc00e97d40_0;
    %flag_set/vec4 8;
    %jmp/0xz  T_33.44, 8;
    %pushi/vec4 0, 0, 32; draw_string_vec4
    %pushi/vec4 7303785, 0, 32; draw_string_vec4
    %concat/vec4; draw_string_vec4
    %store/vec4 v0xc00e9b480_0, 0, 64;
T_33.44 ;
    %load/vec4 v0xc00e97020_0;
    %flag_set/vec4 8;
    %jmp/0xz  T_33.46, 8;
    %pushi/vec4 0, 0, 32; draw_string_vec4
    %pushi/vec4 1634624617, 0, 32; draw_string_vec4
    %concat/vec4; draw_string_vec4
    %store/vec4 v0xc00e9b480_0, 0, 64;
T_33.46 ;
    %load/vec4 v0xc00e983c0_0;
    %flag_set/vec4 8;
    %jmp/0xz  T_33.48, 8;
    %pushi/vec4 0, 0, 32; draw_string_vec4
    %pushi/vec4 1936485481, 0, 32; draw_string_vec4
    %concat/vec4; draw_string_vec4
    %store/vec4 v0xc00e9b480_0, 0, 64;
T_33.48 ;
    %load/vec4 v0xc00e988c0_0;
    %flag_set/vec4 8;
    %jmp/0xz  T_33.50, 8;
    %pushi/vec4 0, 0, 32; draw_string_vec4
    %pushi/vec4 1936878697, 0, 32; draw_string_vec4
    %concat/vec4; draw_string_vec4
    %store/vec4 v0xc00e9b480_0, 0, 64;
T_33.50 ;
    %load/vec4 v0xc00e98780_0;
    %flag_set/vec4 8;
    %jmp/0xz  T_33.52, 8;
    %pushi/vec4 0, 0, 32; draw_string_vec4
    %pushi/vec4 1936875881, 0, 32; draw_string_vec4
    %concat/vec4; draw_string_vec4
    %store/vec4 v0xc00e9b480_0, 0, 64;
T_33.52 ;
    %load/vec4 v0xc00e96e40_0;
    %flag_set/vec4 8;
    %jmp/0xz  T_33.54, 8;
    %pushi/vec4 0, 0, 32; draw_string_vec4
    %pushi/vec4 6382692, 0, 32; draw_string_vec4
    %concat/vec4; draw_string_vec4
    %store/vec4 v0xc00e9b480_0, 0, 64;
T_33.54 ;
    %load/vec4 v0xc00e98960_0;
    %flag_set/vec4 8;
    %jmp/0xz  T_33.56, 8;
    %pushi/vec4 0, 0, 32; draw_string_vec4
    %pushi/vec4 7566690, 0, 32; draw_string_vec4
    %concat/vec4; draw_string_vec4
    %store/vec4 v0xc00e9b480_0, 0, 64;
T_33.56 ;
    %load/vec4 v0xc00e98320_0;
    %flag_set/vec4 8;
    %jmp/0xz  T_33.58, 8;
    %pushi/vec4 0, 0, 32; draw_string_vec4
    %pushi/vec4 7564396, 0, 32; draw_string_vec4
    %concat/vec4; draw_string_vec4
    %store/vec4 v0xc00e9b480_0, 0, 64;
T_33.58 ;
    %load/vec4 v0xc00e98460_0;
    %flag_set/vec4 8;
    %jmp/0xz  T_33.60, 8;
    %pushi/vec4 0, 0, 32; draw_string_vec4
    %pushi/vec4 7564404, 0, 32; draw_string_vec4
    %concat/vec4; draw_string_vec4
    %store/vec4 v0xc00e9b480_0, 0, 64;
T_33.60 ;
    %load/vec4 v0xc00e98640_0;
    %flag_set/vec4 8;
    %jmp/0xz  T_33.62, 8;
    %pushi/vec4 0, 0, 32; draw_string_vec4
    %pushi/vec4 1936487541, 0, 32; draw_string_vec4
    %concat/vec4; draw_string_vec4
    %store/vec4 v0xc00e9b480_0, 0, 64;
T_33.62 ;
    %load/vec4 v0xc00e98c80_0;
    %flag_set/vec4 8;
    %jmp/0xz  T_33.64, 8;
    %pushi/vec4 0, 0, 32; draw_string_vec4
    %pushi/vec4 7892850, 0, 32; draw_string_vec4
    %concat/vec4; draw_string_vec4
    %store/vec4 v0xc00e9b480_0, 0, 64;
T_33.64 ;
    %load/vec4 v0xc00e98820_0;
    %flag_set/vec4 8;
    %jmp/0xz  T_33.66, 8;
    %pushi/vec4 0, 0, 32; draw_string_vec4
    %pushi/vec4 7565932, 0, 32; draw_string_vec4
    %concat/vec4; draw_string_vec4
    %store/vec4 v0xc00e9b480_0, 0, 64;
T_33.66 ;
    %load/vec4 v0xc00e986e0_0;
    %flag_set/vec4 8;
    %jmp/0xz  T_33.68, 8;
    %pushi/vec4 0, 0, 32; draw_string_vec4
    %pushi/vec4 7565921, 0, 32; draw_string_vec4
    %concat/vec4; draw_string_vec4
    %store/vec4 v0xc00e9b480_0, 0, 64;
T_33.68 ;
    %load/vec4 v0xc00e97ca0_0;
    %flag_set/vec4 8;
    %jmp/0xz  T_33.70, 8;
    %pushi/vec4 0, 0, 32; draw_string_vec4
    %pushi/vec4 28530, 0, 32; draw_string_vec4
    %concat/vec4; draw_string_vec4
    %store/vec4 v0xc00e9b480_0, 0, 64;
T_33.70 ;
    %load/vec4 v0xc00e96f80_0;
    %flag_set/vec4 8;
    %jmp/0xz  T_33.72, 8;
    %pushi/vec4 0, 0, 32; draw_string_vec4
    %pushi/vec4 6385252, 0, 32; draw_string_vec4
    %concat/vec4; draw_string_vec4
    %store/vec4 v0xc00e9b480_0, 0, 64;
T_33.72 ;
    %load/vec4 v0xc00e97de0_0;
    %flag_set/vec4 8;
    %jmp/0xz  T_33.74, 8;
    %pushi/vec4 7496803, 0, 32; draw_string_vec4
    %pushi/vec4 2036558949, 0, 32; draw_string_vec4
    %concat/vec4; draw_string_vec4
    %store/vec4 v0xc00e9b480_0, 0, 64;
T_33.74 ;
    %load/vec4 v0xc00e97e80_0;
    %flag_set/vec4 8;
    %jmp/0xz  T_33.76, 8;
    %pushi/vec4 1919181689, 0, 32; draw_string_vec4
    %pushi/vec4 1668048232, 0, 32; draw_string_vec4
    %concat/vec4; draw_string_vec4
    %store/vec4 v0xc00e9b480_0, 0, 64;
T_33.76 ;
    %load/vec4 v0xc00e97f20_0;
    %flag_set/vec4 8;
    %jmp/0xz  T_33.78, 8;
    %pushi/vec4 7496809, 0, 32; draw_string_vec4
    %pushi/vec4 1853060210, 0, 32; draw_string_vec4
    %concat/vec4; draw_string_vec4
    %store/vec4 v0xc00e9b480_0, 0, 64;
T_33.78 ;
    %load/vec4 v0xc00e98000_0;
    %flag_set/vec4 8;
    %jmp/0xz  T_33.80, 8;
    %pushi/vec4 1919183214, 0, 32; draw_string_vec4
    %pushi/vec4 1937011304, 0, 32; draw_string_vec4
    %concat/vec4; draw_string_vec4
    %store/vec4 v0xc00e9b480_0, 0, 64;
T_33.80 ;
    %load/vec4 v0xc00e975c0_0;
    %flag_set/vec4 8;
    %jmp/0xz  T_33.82, 8;
    %pushi/vec4 102, 0, 32; draw_string_vec4
    %pushi/vec4 1701733221, 0, 32; draw_string_vec4
    %concat/vec4; draw_string_vec4
    %store/vec4 v0xc00e9b480_0, 0, 64;
T_33.82 ;
    %load/vec4 v0xc00e97660_0;
    %flag_set/vec4 8;
    %jmp/0xz  T_33.84, 8;
    %pushi/vec4 0, 0, 32; draw_string_vec4
    %pushi/vec4 1734702193, 0, 32; draw_string_vec4
    %concat/vec4; draw_string_vec4
    %store/vec4 v0xc00e9b480_0, 0, 64;
T_33.84 ;
    %load/vec4 v0xc00e981e0_0;
    %flag_set/vec4 8;
    %jmp/0xz  T_33.86, 8;
    %pushi/vec4 0, 0, 32; draw_string_vec4
    %pushi/vec4 1936028785, 0, 32; draw_string_vec4
    %concat/vec4; draw_string_vec4
    %store/vec4 v0xc00e9b480_0, 0, 64;
T_33.86 ;
    %load/vec4 v0xc00e980a0_0;
    %flag_set/vec4 8;
    %jmp/0xz  T_33.88, 8;
    %pushi/vec4 29285, 0, 32; draw_string_vec4
    %pushi/vec4 1953067633, 0, 32; draw_string_vec4
    %concat/vec4; draw_string_vec4
    %store/vec4 v0xc00e9b480_0, 0, 64;
T_33.88 ;
    %load/vec4 v0xc00e97c00_0;
    %flag_set/vec4 8;
    %jmp/0xz  T_33.90, 8;
    %pushi/vec4 7168371, 0, 32; draw_string_vec4
    %pushi/vec4 1802072689, 0, 32; draw_string_vec4
    %concat/vec4; draw_string_vec4
    %store/vec4 v0xc00e9b480_0, 0, 64;
T_33.90 ;
    %load/vec4 v0xc00e98be0_0;
    %flag_set/vec4 8;
    %jmp/0xz  T_33.92, 8;
    %pushi/vec4 7823721, 0, 32; draw_string_vec4
    %pushi/vec4 1953067633, 0, 32; draw_string_vec4
    %concat/vec4; draw_string_vec4
    %store/vec4 v0xc00e9b480_0, 0, 64;
T_33.92 ;
    %load/vec4 v0xc00e98aa0_0;
    %flag_set/vec4 8;
    %jmp/0xz  T_33.94, 8;
    %pushi/vec4 116, 0, 32; draw_string_vec4
    %pushi/vec4 1768777074, 0, 32; draw_string_vec4
    %concat/vec4; draw_string_vec4
    %store/vec4 v0xc00e9b480_0, 0, 64;
T_33.94 ;
    %jmp T_33;
    .thread T_33, $push;
    .scope S_0xc00e7c180;
T_34 ;
    %wait E_0xc00e534c0;
    %load/vec4 v0xc00e959a0_0;
    %assign/vec4 v0xc00e9c500_0, 0;
    %load/vec4 v0xc00e95b80_0;
    %assign/vec4 v0xc00e9c5a0_0, 0;
    %load/vec4 v0xc00e95c20_0;
    %assign/vec4 v0xc00e9c640_0, 0;
    %load/vec4 v0xc00e95d60_0;
    %assign/vec4 v0xc00e9c780_0, 0;
    %load/vec4 v0xc00e95e00_0;
    %assign/vec4 v0xc00e9c820_0, 0;
    %load/vec4 v0xc00e95cc0_0;
    %assign/vec4 v0xc00e9c6e0_0, 0;
    %load/vec4 v0xc00e9a120_0;
    %assign/vec4 v0xc00e96300_0, 0;
    %load/vec4 v0xc00e9cc80_0;
    %nor/r;
    %flag_set/vec4 8;
    %jmp/1 T_34.2, 8;
    %load/vec4 v0xc00e9d0e0_0;
    %flag_set/vec4 9;
    %flag_or 8, 9;
T_34.2;
    %jmp/0xz  T_34.0, 8;
    %pushi/vec4 0, 0, 1;
    %assign/vec4 v0xc00e96620_0, 0;
    %jmp T_34.1;
T_34.0 ;
    %load/vec4 v0xc00e9a120_0;
    %flag_set/vec4 8;
    %jmp/0xz  T_34.3, 8;
    %pushi/vec4 1, 0, 1;
    %assign/vec4 v0xc00e96620_0, 0;
T_34.3 ;
T_34.1 ;
    %load/vec4 v0xc00e96c60_0;
    %flag_set/vec4 8;
    %jmp/0xz  T_34.5, 8;
    %load/vec4 v0xc00e9b480_0;
    %assign/vec4 v0xc00e94dc0_0, 0;
    %load/vec4 v0xc00e966c0_0;
    %assign/vec4 v0xc00e94e60_0, 0;
    %load/vec4 v0xc00e9b520_0;
    %parti/s 2, 0, 2;
    %and/r;
    %flag_set/vec4 8;
    %jmp/0xz  T_34.7, 8;
    %load/vec4 v0xc00e9b520_0;
    %assign/vec4 v0xc00e94f00_0, 0;
    %jmp T_34.8;
T_34.7 ;
    %pushi/vec4 0, 0, 16;
    %load/vec4 v0xc00e9b520_0;
    %parti/s 16, 0, 2;
    %concat/vec4; draw_concat_vec4
    %assign/vec4 v0xc00e94f00_0, 0;
T_34.8 ;
    %load/vec4 v0xc00e96940_0;
    %assign/vec4 v0xc00e95040_0, 0;
    %load/vec4 v0xc00e969e0_0;
    %assign/vec4 v0xc00e950e0_0, 0;
    %load/vec4 v0xc00e96800_0;
    %assign/vec4 v0xc00e94fa0_0, 0;
T_34.5 ;
    %load/vec4 v0xc00e9a120_0;
    %flag_set/vec4 8;
    %jmp/0xz  T_34.9, 8;
    %load/vec4 v0xc00e9b660_0;
    %assign/vec4 v0xc00e95ae0_0, 0;
T_34.9 ;
    %jmp T_34;
    .thread T_34;
    .scope S_0xc00e7c180;
T_35 ;
    %wait E_0xc00e53640;
    %load/vec4 v0xc00e9c500_0;
    %store/vec4 v0xc00e959a0_0, 0, 64;
    %load/vec4 v0xc00e9c5a0_0;
    %store/vec4 v0xc00e95b80_0, 0, 32;
    %load/vec4 v0xc00e9c640_0;
    %store/vec4 v0xc00e95c20_0, 0, 32;
    %load/vec4 v0xc00e9c780_0;
    %store/vec4 v0xc00e95d60_0, 0, 5;
    %load/vec4 v0xc00e9c820_0;
    %store/vec4 v0xc00e95e00_0, 0, 5;
    %load/vec4 v0xc00e9c6e0_0;
    %store/vec4 v0xc00e95cc0_0, 0, 5;
    %load/vec4 v0xc00e96300_0;
    %flag_set/vec4 8;
    %jmp/0xz  T_35.0, 8;
    %load/vec4 v0xc00e96b20_0;
    %flag_set/vec4 8;
    %jmp/0xz  T_35.2, 8;
    %load/vec4 v0xc00e94dc0_0;
    %store/vec4 v0xc00e959a0_0, 0, 64;
    %load/vec4 v0xc00e94e60_0;
    %store/vec4 v0xc00e95b80_0, 0, 32;
    %load/vec4 v0xc00e94f00_0;
    %store/vec4 v0xc00e95c20_0, 0, 32;
    %load/vec4 v0xc00e95040_0;
    %store/vec4 v0xc00e95d60_0, 0, 5;
    %load/vec4 v0xc00e950e0_0;
    %store/vec4 v0xc00e95e00_0, 0, 5;
    %load/vec4 v0xc00e94fa0_0;
    %store/vec4 v0xc00e95cc0_0, 0, 5;
    %jmp T_35.3;
T_35.2 ;
    %load/vec4 v0xc00e9b480_0;
    %store/vec4 v0xc00e959a0_0, 0, 64;
    %load/vec4 v0xc00e9b520_0;
    %parti/s 2, 0, 2;
    %and/r;
    %flag_set/vec4 8;
    %jmp/0xz  T_35.4, 8;
    %load/vec4 v0xc00e9b520_0;
    %store/vec4 v0xc00e95c20_0, 0, 32;
    %jmp T_35.5;
T_35.4 ;
    %pushi/vec4 0, 0, 16;
    %load/vec4 v0xc00e9b520_0;
    %parti/s 16, 0, 2;
    %concat/vec4; draw_concat_vec4
    %store/vec4 v0xc00e95c20_0, 0, 32;
T_35.5 ;
    %load/vec4 v0xc00e966c0_0;
    %store/vec4 v0xc00e95b80_0, 0, 32;
    %load/vec4 v0xc00e96940_0;
    %store/vec4 v0xc00e95d60_0, 0, 5;
    %load/vec4 v0xc00e969e0_0;
    %store/vec4 v0xc00e95e00_0, 0, 5;
    %load/vec4 v0xc00e96800_0;
    %store/vec4 v0xc00e95cc0_0, 0, 5;
T_35.3 ;
T_35.0 ;
    %jmp T_35;
    .thread T_35, $push;
    .scope S_0xc00e7c180;
T_36 ;
    %wait E_0xc00e534c0;
    %load/vec4 v0xc00e97ac0_0;
    %load/vec4 v0xc00e970c0_0;
    %concat/vec4; draw_concat_vec4
    %load/vec4 v0xc00e97700_0;
    %concat/vec4; draw_concat_vec4
    %or/r;
    %assign/vec4 v0xc00e995e0_0, 0;
    %load/vec4 v0xc00e97ac0_0;
    %load/vec4 v0xc00e970c0_0;
    %concat/vec4; draw_concat_vec4
    %load/vec4 v0xc00e97700_0;
    %concat/vec4; draw_concat_vec4
    %load/vec4 v0xc00e977a0_0;
    %concat/vec4; draw_concat_vec4
    %load/vec4 v0xc00e96ee0_0;
    %concat/vec4; draw_concat_vec4
    %load/vec4 v0xc00e96e40_0;
    %concat/vec4; draw_concat_vec4
    %load/vec4 v0xc00e98960_0;
    %concat/vec4; draw_concat_vec4
    %or/r;
    %assign/vec4 v0xc00e99680_0, 0;
    %load/vec4 v0xc00e98500_0;
    %load/vec4 v0xc00e97340_0;
    %concat/vec4; draw_concat_vec4
    %load/vec4 v0xc00e98460_0;
    %concat/vec4; draw_concat_vec4
    %or/r;
    %assign/vec4 v0xc00e999a0_0, 0;
    %load/vec4 v0xc00e985a0_0;
    %load/vec4 v0xc00e973e0_0;
    %concat/vec4; draw_concat_vec4
    %load/vec4 v0xc00e98640_0;
    %concat/vec4; draw_concat_vec4
    %or/r;
    %assign/vec4 v0xc00e99a40_0, 0;
    %load/vec4 v0xc00e978e0_0;
    %load/vec4 v0xc00e97a20_0;
    %concat/vec4; draw_concat_vec4
    %load/vec4 v0xc00e97b60_0;
    %concat/vec4; draw_concat_vec4
    %or/r;
    %assign/vec4 v0xc00e99540_0, 0;
    %load/vec4 v0xc00e992c0_0;
    %load/vec4 v0xc00e98500_0;
    %concat/vec4; draw_concat_vec4
    %load/vec4 v0xc00e98460_0;
    %concat/vec4; draw_concat_vec4
    %load/vec4 v0xc00e985a0_0;
    %concat/vec4; draw_concat_vec4
    %load/vec4 v0xc00e98640_0;
    %concat/vec4; draw_concat_vec4
    %or/r;
    %assign/vec4 v0xc00e99360_0, 0;
    %load/vec4 v0xc00e9a440_0;
    %flag_set/vec4 9;
    %flag_get/vec4 9;
    %jmp/0 T_36.2, 9;
    %load/vec4 v0xc00e9a580_0;
    %and;
T_36.2;
    %flag_set/vec4 8;
    %jmp/0xz  T_36.0, 8;
    %load/vec4 v0xc00e9ada0_0;
    %parti/s 7, 0, 2;
    %pushi/vec4 55, 0, 7;
    %cmp/e;
    %flag_get/vec4 4;
    %assign/vec4 v0xc00e97ac0_0, 0;
    %load/vec4 v0xc00e9ada0_0;
    %parti/s 7, 0, 2;
    %pushi/vec4 23, 0, 7;
    %cmp/e;
    %flag_get/vec4 4;
    %assign/vec4 v0xc00e970c0_0, 0;
    %load/vec4 v0xc00e9ada0_0;
    %parti/s 7, 0, 2;
    %pushi/vec4 111, 0, 7;
    %cmp/e;
    %flag_get/vec4 4;
    %assign/vec4 v0xc00e97700_0, 0;
    %load/vec4 v0xc00e9ada0_0;
    %parti/s 7, 0, 2;
    %cmpi/e 103, 0, 7;
    %flag_get/vec4 4;
    %jmp/0 T_36.3, 4;
    %load/vec4 v0xc00e9ada0_0;
    %parti/s 3, 12, 5;
    %pushi/vec4 0, 0, 3;
    %cmp/e;
    %flag_get/vec4 4;
    %and;
T_36.3;
    %assign/vec4 v0xc00e977a0_0, 0;
    %load/vec4 v0xc00e9ada0_0;
    %parti/s 7, 0, 2;
    %cmpi/e 11, 0, 7;
    %flag_get/vec4 4;
    %jmp/0 T_36.5, 4;
    %load/vec4 v0xc00e9ada0_0;
    %parti/s 7, 25, 6;
    %pushi/vec4 2, 0, 7;
    %cmp/e;
    %flag_get/vec4 4;
    %and;
T_36.5;
    %flag_set/vec4 8;
    %flag_get/vec4 8;
    %jmp/0 T_36.4, 8;
    %pushi/vec4 0, 0, 1;
    %and;
T_36.4;
    %assign/vec4 v0xc00e980a0_0, 0;
    %load/vec4 v0xc00e9ada0_0;
    %parti/s 7, 0, 2;
    %cmpi/e 11, 0, 7;
    %flag_get/vec4 4;
    %jmp/0 T_36.7, 4;
    %load/vec4 v0xc00e9ada0_0;
    %parti/s 7, 25, 6;
    %pushi/vec4 4, 0, 7;
    %cmp/e;
    %flag_get/vec4 4;
    %and;
T_36.7;
    %flag_set/vec4 8;
    %flag_get/vec4 8;
    %jmp/0 T_36.6, 8;
    %pushi/vec4 0, 0, 1;
    %and;
T_36.6;
    %assign/vec4 v0xc00e98be0_0, 0;
    %load/vec4 v0xc00e9ada0_0;
    %parti/s 7, 0, 2;
    %pushi/vec4 99, 0, 7;
    %cmp/e;
    %flag_get/vec4 4;
    %assign/vec4 v0xc00e992c0_0, 0;
    %load/vec4 v0xc00e9ada0_0;
    %parti/s 7, 0, 2;
    %pushi/vec4 3, 0, 7;
    %cmp/e;
    %flag_get/vec4 4;
    %assign/vec4 v0xc00e994a0_0, 0;
    %load/vec4 v0xc00e9ada0_0;
    %parti/s 7, 0, 2;
    %pushi/vec4 35, 0, 7;
    %cmp/e;
    %flag_get/vec4 4;
    %assign/vec4 v0xc00e997c0_0, 0;
    %load/vec4 v0xc00e9ada0_0;
    %parti/s 7, 0, 2;
    %pushi/vec4 19, 0, 7;
    %cmp/e;
    %flag_get/vec4 4;
    %assign/vec4 v0xc00e99180_0, 0;
    %load/vec4 v0xc00e9ada0_0;
    %parti/s 7, 0, 2;
    %pushi/vec4 51, 0, 7;
    %cmp/e;
    %flag_get/vec4 4;
    %assign/vec4 v0xc00e99220_0, 0;
    %load/vec4 v0xc00e9ada0_0;
    %parti/s 20, 12, 5;
    %concati/vec4 0, 0, 1;
    %pad/s 32;
    %split/vec4 1;
    %ix/load 5, 0, 0;
    %ix/load 4, 0, 0;
    %flag_set/imm 4, 0;
    %assign/vec4/off/d v0xc00e96760_0, 4, 5;
    %split/vec4 8;
    %ix/load 5, 0, 0;
    %ix/load 4, 12, 0;
    %flag_set/imm 4, 0;
    %assign/vec4/off/d v0xc00e96760_0, 4, 5;
    %split/vec4 1;
    %ix/load 5, 0, 0;
    %ix/load 4, 11, 0;
    %flag_set/imm 4, 0;
    %assign/vec4/off/d v0xc00e96760_0, 4, 5;
    %split/vec4 10;
    %ix/load 5, 0, 0;
    %ix/load 4, 1, 0;
    %flag_set/imm 4, 0;
    %assign/vec4/off/d v0xc00e96760_0, 4, 5;
    %ix/load 5, 0, 0;
    %ix/load 4, 20, 0;
    %flag_set/imm 4, 0;
    %assign/vec4/off/d v0xc00e96760_0, 4, 5;
    %load/vec4 v0xc00e9ada0_0;
    %parti/s 5, 7, 4;
    %assign/vec4 v0xc00e96800_0, 0;
    %load/vec4 v0xc00e9ada0_0;
    %parti/s 5, 15, 5;
    %assign/vec4 v0xc00e96940_0, 0;
    %load/vec4 v0xc00e9ada0_0;
    %parti/s 5, 20, 6;
    %assign/vec4 v0xc00e969e0_0, 0;
    %load/vec4 v0xc00e9ada0_0;
    %parti/s 7, 0, 2;
    %cmpi/e 11, 0, 7;
    %flag_get/vec4 4;
    %jmp/0 T_36.12, 4;
    %load/vec4 v0xc00e9ada0_0;
    %parti/s 7, 25, 6;
    %pushi/vec4 0, 0, 7;
    %cmp/e;
    %flag_get/vec4 4;
    %and;
T_36.12;
    %flag_set/vec4 10;
    %flag_get/vec4 10;
    %jmp/0 T_36.11, 10;
    %pushi/vec4 0, 0, 1;
    %and;
T_36.11;
    %flag_set/vec4 9;
    %flag_get/vec4 9;
    %jmp/0 T_36.10, 9;
    %pushi/vec4 1, 0, 1;
    %and;
T_36.10;
    %flag_set/vec4 8;
    %jmp/0xz  T_36.8, 8;
    %pushi/vec4 1, 0, 1;
    %ix/load 5, 0, 0;
    %ix/load 4, 4, 0;
    %flag_set/imm 4, 0;
    %assign/vec4/off/d v0xc00e96940_0, 4, 5;
T_36.8 ;
    %load/vec4 v0xc00e9ada0_0;
    %parti/s 7, 0, 2;
    %cmpi/e 11, 0, 7;
    %flag_get/vec4 4;
    %jmp/0 T_36.16, 4;
    %load/vec4 v0xc00e9ada0_0;
    %parti/s 7, 25, 6;
    %pushi/vec4 2, 0, 7;
    %cmp/e;
    %flag_get/vec4 4;
    %and;
T_36.16;
    %flag_set/vec4 9;
    %flag_get/vec4 9;
    %jmp/0 T_36.15, 9;
    %pushi/vec4 0, 0, 1;
    %and;
T_36.15;
    %flag_set/vec4 8;
    %jmp/0xz  T_36.13, 8;
    %pushi/vec4 0, 0, 5;
    %assign/vec4 v0xc00e96940_0, 0;
T_36.13 ;
    %pushi/vec4 0, 0, 1;
    %assign/vec4 v0xc00e95360_0, 0;
T_36.0 ;
    %load/vec4 v0xc00e96bc0_0;
    %flag_set/vec4 9;
    %flag_get/vec4 9;
    %jmp/0 T_36.19, 9;
    %load/vec4 v0xc00e96a80_0;
    %nor/r;
    %and;
T_36.19;
    %flag_set/vec4 8;
    %jmp/0xz  T_36.17, 8;
    %pushi/vec4 4294967295, 4294967295, 32;
    %assign/vec4 v0xc00e9b980_0, 0;
    %load/vec4 v0xc00e992c0_0;
    %flag_set/vec4 8;
    %flag_get/vec4 8;
    %jmp/0 T_36.20, 8;
    %load/vec4 v0xc00e9aee0_0;
    %parti/s 3, 12, 5;
    %pushi/vec4 0, 0, 3;
    %cmp/e;
    %flag_get/vec4 4;
    %and;
T_36.20;
    %assign/vec4 v0xc00e97160_0, 0;
    %load/vec4 v0xc00e992c0_0;
    %flag_set/vec4 8;
    %flag_get/vec4 8;
    %jmp/0 T_36.21, 8;
    %load/vec4 v0xc00e9aee0_0;
    %parti/s 3, 12, 5;
    %pushi/vec4 1, 0, 3;
    %cmp/e;
    %flag_get/vec4 4;
    %and;
T_36.21;
    %assign/vec4 v0xc00e97480_0, 0;
    %load/vec4 v0xc00e992c0_0;
    %flag_set/vec4 8;
    %flag_get/vec4 8;
    %jmp/0 T_36.22, 8;
    %load/vec4 v0xc00e9aee0_0;
    %parti/s 3, 12, 5;
    %pushi/vec4 4, 0, 3;
    %cmp/e;
    %flag_get/vec4 4;
    %and;
T_36.22;
    %assign/vec4 v0xc00e97340_0, 0;
    %load/vec4 v0xc00e992c0_0;
    %flag_set/vec4 8;
    %flag_get/vec4 8;
    %jmp/0 T_36.23, 8;
    %load/vec4 v0xc00e9aee0_0;
    %parti/s 3, 12, 5;
    %pushi/vec4 5, 0, 3;
    %cmp/e;
    %flag_get/vec4 4;
    %and;
T_36.23;
    %assign/vec4 v0xc00e97200_0, 0;
    %load/vec4 v0xc00e992c0_0;
    %flag_set/vec4 8;
    %flag_get/vec4 8;
    %jmp/0 T_36.24, 8;
    %load/vec4 v0xc00e9aee0_0;
    %parti/s 3, 12, 5;
    %pushi/vec4 6, 0, 3;
    %cmp/e;
    %flag_get/vec4 4;
    %and;
T_36.24;
    %assign/vec4 v0xc00e973e0_0, 0;
    %load/vec4 v0xc00e992c0_0;
    %flag_set/vec4 8;
    %flag_get/vec4 8;
    %jmp/0 T_36.25, 8;
    %load/vec4 v0xc00e9aee0_0;
    %parti/s 3, 12, 5;
    %pushi/vec4 7, 0, 3;
    %cmp/e;
    %flag_get/vec4 4;
    %and;
T_36.25;
    %assign/vec4 v0xc00e972a0_0, 0;
    %load/vec4 v0xc00e994a0_0;
    %flag_set/vec4 8;
    %flag_get/vec4 8;
    %jmp/0 T_36.26, 8;
    %load/vec4 v0xc00e9aee0_0;
    %parti/s 3, 12, 5;
    %pushi/vec4 0, 0, 3;
    %cmp/e;
    %flag_get/vec4 4;
    %and;
T_36.26;
    %assign/vec4 v0xc00e97840_0, 0;
    %load/vec4 v0xc00e994a0_0;
    %flag_set/vec4 8;
    %flag_get/vec4 8;
    %jmp/0 T_36.27, 8;
    %load/vec4 v0xc00e9aee0_0;
    %parti/s 3, 12, 5;
    %pushi/vec4 1, 0, 3;
    %cmp/e;
    %flag_get/vec4 4;
    %and;
T_36.27;
    %assign/vec4 v0xc00e97980_0, 0;
    %load/vec4 v0xc00e994a0_0;
    %flag_set/vec4 8;
    %flag_get/vec4 8;
    %jmp/0 T_36.28, 8;
    %load/vec4 v0xc00e9aee0_0;
    %parti/s 3, 12, 5;
    %pushi/vec4 2, 0, 3;
    %cmp/e;
    %flag_get/vec4 4;
    %and;
T_36.28;
    %assign/vec4 v0xc00e97b60_0, 0;
    %load/vec4 v0xc00e994a0_0;
    %flag_set/vec4 8;
    %flag_get/vec4 8;
    %jmp/0 T_36.29, 8;
    %load/vec4 v0xc00e9aee0_0;
    %parti/s 3, 12, 5;
    %pushi/vec4 4, 0, 3;
    %cmp/e;
    %flag_get/vec4 4;
    %and;
T_36.29;
    %assign/vec4 v0xc00e978e0_0, 0;
    %load/vec4 v0xc00e994a0_0;
    %flag_set/vec4 8;
    %flag_get/vec4 8;
    %jmp/0 T_36.30, 8;
    %load/vec4 v0xc00e9aee0_0;
    %parti/s 3, 12, 5;
    %pushi/vec4 5, 0, 3;
    %cmp/e;
    %flag_get/vec4 4;
    %and;
T_36.30;
    %assign/vec4 v0xc00e97a20_0, 0;
    %load/vec4 v0xc00e997c0_0;
    %flag_set/vec4 8;
    %flag_get/vec4 8;
    %jmp/0 T_36.31, 8;
    %load/vec4 v0xc00e9aee0_0;
    %parti/s 3, 12, 5;
    %pushi/vec4 0, 0, 3;
    %cmp/e;
    %flag_get/vec4 4;
    %and;
T_36.31;
    %assign/vec4 v0xc00e98140_0, 0;
    %load/vec4 v0xc00e997c0_0;
    %flag_set/vec4 8;
    %flag_get/vec4 8;
    %jmp/0 T_36.32, 8;
    %load/vec4 v0xc00e9aee0_0;
    %parti/s 3, 12, 5;
    %pushi/vec4 1, 0, 3;
    %cmp/e;
    %flag_get/vec4 4;
    %and;
T_36.32;
    %assign/vec4 v0xc00e98280_0, 0;
    %load/vec4 v0xc00e997c0_0;
    %flag_set/vec4 8;
    %flag_get/vec4 8;
    %jmp/0 T_36.33, 8;
    %load/vec4 v0xc00e9aee0_0;
    %parti/s 3, 12, 5;
    %pushi/vec4 2, 0, 3;
    %cmp/e;
    %flag_get/vec4 4;
    %and;
T_36.33;
    %assign/vec4 v0xc00e98a00_0, 0;
    %load/vec4 v0xc00e99180_0;
    %flag_set/vec4 8;
    %flag_get/vec4 8;
    %jmp/0 T_36.34, 8;
    %load/vec4 v0xc00e9aee0_0;
    %parti/s 3, 12, 5;
    %pushi/vec4 0, 0, 3;
    %cmp/e;
    %flag_get/vec4 4;
    %and;
T_36.34;
    %assign/vec4 v0xc00e96ee0_0, 0;
    %load/vec4 v0xc00e99180_0;
    %flag_set/vec4 8;
    %flag_get/vec4 8;
    %jmp/0 T_36.35, 8;
    %load/vec4 v0xc00e9aee0_0;
    %parti/s 3, 12, 5;
    %pushi/vec4 2, 0, 3;
    %cmp/e;
    %flag_get/vec4 4;
    %and;
T_36.35;
    %assign/vec4 v0xc00e98500_0, 0;
    %load/vec4 v0xc00e99180_0;
    %flag_set/vec4 8;
    %flag_get/vec4 8;
    %jmp/0 T_36.36, 8;
    %load/vec4 v0xc00e9aee0_0;
    %parti/s 3, 12, 5;
    %pushi/vec4 3, 0, 3;
    %cmp/e;
    %flag_get/vec4 4;
    %and;
T_36.36;
    %assign/vec4 v0xc00e985a0_0, 0;
    %load/vec4 v0xc00e99180_0;
    %flag_set/vec4 8;
    %flag_get/vec4 8;
    %jmp/0 T_36.37, 8;
    %load/vec4 v0xc00e9aee0_0;
    %parti/s 3, 12, 5;
    %pushi/vec4 4, 0, 3;
    %cmp/e;
    %flag_get/vec4 4;
    %and;
T_36.37;
    %assign/vec4 v0xc00e98d20_0, 0;
    %load/vec4 v0xc00e99180_0;
    %flag_set/vec4 8;
    %flag_get/vec4 8;
    %jmp/0 T_36.38, 8;
    %load/vec4 v0xc00e9aee0_0;
    %parti/s 3, 12, 5;
    %pushi/vec4 6, 0, 3;
    %cmp/e;
    %flag_get/vec4 4;
    %and;
T_36.38;
    %assign/vec4 v0xc00e97d40_0, 0;
    %load/vec4 v0xc00e99180_0;
    %flag_set/vec4 8;
    %flag_get/vec4 8;
    %jmp/0 T_36.39, 8;
    %load/vec4 v0xc00e9aee0_0;
    %parti/s 3, 12, 5;
    %pushi/vec4 7, 0, 3;
    %cmp/e;
    %flag_get/vec4 4;
    %and;
T_36.39;
    %assign/vec4 v0xc00e97020_0, 0;
    %load/vec4 v0xc00e99180_0;
    %flag_set/vec4 9;
    %flag_get/vec4 9;
    %jmp/0 T_36.41, 9;
    %load/vec4 v0xc00e9aee0_0;
    %parti/s 3, 12, 5;
    %pushi/vec4 1, 0, 3;
    %cmp/e;
    %flag_get/vec4 4;
    %and;
T_36.41;
    %flag_set/vec4 8;
    %flag_get/vec4 8;
    %jmp/0 T_36.40, 8;
    %load/vec4 v0xc00e9aee0_0;
    %parti/s 7, 25, 6;
    %pushi/vec4 0, 0, 7;
    %cmp/e;
    %flag_get/vec4 4;
    %and;
T_36.40;
    %assign/vec4 v0xc00e983c0_0, 0;
    %load/vec4 v0xc00e99180_0;
    %flag_set/vec4 9;
    %flag_get/vec4 9;
    %jmp/0 T_36.43, 9;
    %load/vec4 v0xc00e9aee0_0;
    %parti/s 3, 12, 5;
    %pushi/vec4 5, 0, 3;
    %cmp/e;
    %flag_get/vec4 4;
    %and;
T_36.43;
    %flag_set/vec4 8;
    %flag_get/vec4 8;
    %jmp/0 T_36.42, 8;
    %load/vec4 v0xc00e9aee0_0;
    %parti/s 7, 25, 6;
    %pushi/vec4 0, 0, 7;
    %cmp/e;
    %flag_get/vec4 4;
    %and;
T_36.42;
    %assign/vec4 v0xc00e988c0_0, 0;
    %load/vec4 v0xc00e99180_0;
    %flag_set/vec4 9;
    %flag_get/vec4 9;
    %jmp/0 T_36.45, 9;
    %load/vec4 v0xc00e9aee0_0;
    %parti/s 3, 12, 5;
    %pushi/vec4 5, 0, 3;
    %cmp/e;
    %flag_get/vec4 4;
    %and;
T_36.45;
    %flag_set/vec4 8;
    %flag_get/vec4 8;
    %jmp/0 T_36.44, 8;
    %load/vec4 v0xc00e9aee0_0;
    %parti/s 7, 25, 6;
    %pushi/vec4 32, 0, 7;
    %cmp/e;
    %flag_get/vec4 4;
    %and;
T_36.44;
    %assign/vec4 v0xc00e98780_0, 0;
    %load/vec4 v0xc00e99220_0;
    %flag_set/vec4 9;
    %flag_get/vec4 9;
    %jmp/0 T_36.47, 9;
    %load/vec4 v0xc00e9aee0_0;
    %parti/s 3, 12, 5;
    %pushi/vec4 0, 0, 3;
    %cmp/e;
    %flag_get/vec4 4;
    %and;
T_36.47;
    %flag_set/vec4 8;
    %flag_get/vec4 8;
    %jmp/0 T_36.46, 8;
    %load/vec4 v0xc00e9aee0_0;
    %parti/s 7, 25, 6;
    %pushi/vec4 0, 0, 7;
    %cmp/e;
    %flag_get/vec4 4;
    %and;
T_36.46;
    %assign/vec4 v0xc00e96e40_0, 0;
    %load/vec4 v0xc00e99220_0;
    %flag_set/vec4 9;
    %flag_get/vec4 9;
    %jmp/0 T_36.49, 9;
    %load/vec4 v0xc00e9aee0_0;
    %parti/s 3, 12, 5;
    %pushi/vec4 0, 0, 3;
    %cmp/e;
    %flag_get/vec4 4;
    %and;
T_36.49;
    %flag_set/vec4 8;
    %flag_get/vec4 8;
    %jmp/0 T_36.48, 8;
    %load/vec4 v0xc00e9aee0_0;
    %parti/s 7, 25, 6;
    %pushi/vec4 32, 0, 7;
    %cmp/e;
    %flag_get/vec4 4;
    %and;
T_36.48;
    %assign/vec4 v0xc00e98960_0, 0;
    %load/vec4 v0xc00e99220_0;
    %flag_set/vec4 9;
    %flag_get/vec4 9;
    %jmp/0 T_36.51, 9;
    %load/vec4 v0xc00e9aee0_0;
    %parti/s 3, 12, 5;
    %pushi/vec4 1, 0, 3;
    %cmp/e;
    %flag_get/vec4 4;
    %and;
T_36.51;
    %flag_set/vec4 8;
    %flag_get/vec4 8;
    %jmp/0 T_36.50, 8;
    %load/vec4 v0xc00e9aee0_0;
    %parti/s 7, 25, 6;
    %pushi/vec4 0, 0, 7;
    %cmp/e;
    %flag_get/vec4 4;
    %and;
T_36.50;
    %assign/vec4 v0xc00e98320_0, 0;
    %load/vec4 v0xc00e99220_0;
    %flag_set/vec4 9;
    %flag_get/vec4 9;
    %jmp/0 T_36.53, 9;
    %load/vec4 v0xc00e9aee0_0;
    %parti/s 3, 12, 5;
    %pushi/vec4 2, 0, 3;
    %cmp/e;
    %flag_get/vec4 4;
    %and;
T_36.53;
    %flag_set/vec4 8;
    %flag_get/vec4 8;
    %jmp/0 T_36.52, 8;
    %load/vec4 v0xc00e9aee0_0;
    %parti/s 7, 25, 6;
    %pushi/vec4 0, 0, 7;
    %cmp/e;
    %flag_get/vec4 4;
    %and;
T_36.52;
    %assign/vec4 v0xc00e98460_0, 0;
    %load/vec4 v0xc00e99220_0;
    %flag_set/vec4 9;
    %flag_get/vec4 9;
    %jmp/0 T_36.55, 9;
    %load/vec4 v0xc00e9aee0_0;
    %parti/s 3, 12, 5;
    %pushi/vec4 3, 0, 3;
    %cmp/e;
    %flag_get/vec4 4;
    %and;
T_36.55;
    %flag_set/vec4 8;
    %flag_get/vec4 8;
    %jmp/0 T_36.54, 8;
    %load/vec4 v0xc00e9aee0_0;
    %parti/s 7, 25, 6;
    %pushi/vec4 0, 0, 7;
    %cmp/e;
    %flag_get/vec4 4;
    %and;
T_36.54;
    %assign/vec4 v0xc00e98640_0, 0;
    %load/vec4 v0xc00e99220_0;
    %flag_set/vec4 9;
    %flag_get/vec4 9;
    %jmp/0 T_36.57, 9;
    %load/vec4 v0xc00e9aee0_0;
    %parti/s 3, 12, 5;
    %pushi/vec4 4, 0, 3;
    %cmp/e;
    %flag_get/vec4 4;
    %and;
T_36.57;
    %flag_set/vec4 8;
    %flag_get/vec4 8;
    %jmp/0 T_36.56, 8;
    %load/vec4 v0xc00e9aee0_0;
    %parti/s 7, 25, 6;
    %pushi/vec4 0, 0, 7;
    %cmp/e;
    %flag_get/vec4 4;
    %and;
T_36.56;
    %assign/vec4 v0xc00e98c80_0, 0;
    %load/vec4 v0xc00e99220_0;
    %flag_set/vec4 9;
    %flag_get/vec4 9;
    %jmp/0 T_36.59, 9;
    %load/vec4 v0xc00e9aee0_0;
    %parti/s 3, 12, 5;
    %pushi/vec4 5, 0, 3;
    %cmp/e;
    %flag_get/vec4 4;
    %and;
T_36.59;
    %flag_set/vec4 8;
    %flag_get/vec4 8;
    %jmp/0 T_36.58, 8;
    %load/vec4 v0xc00e9aee0_0;
    %parti/s 7, 25, 6;
    %pushi/vec4 0, 0, 7;
    %cmp/e;
    %flag_get/vec4 4;
    %and;
T_36.58;
    %assign/vec4 v0xc00e98820_0, 0;
    %load/vec4 v0xc00e99220_0;
    %flag_set/vec4 9;
    %flag_get/vec4 9;
    %jmp/0 T_36.61, 9;
    %load/vec4 v0xc00e9aee0_0;
    %parti/s 3, 12, 5;
    %pushi/vec4 5, 0, 3;
    %cmp/e;
    %flag_get/vec4 4;
    %and;
T_36.61;
    %flag_set/vec4 8;
    %flag_get/vec4 8;
    %jmp/0 T_36.60, 8;
    %load/vec4 v0xc00e9aee0_0;
    %parti/s 7, 25, 6;
    %pushi/vec4 32, 0, 7;
    %cmp/e;
    %flag_get/vec4 4;
    %and;
T_36.60;
    %assign/vec4 v0xc00e986e0_0, 0;
    %load/vec4 v0xc00e99220_0;
    %flag_set/vec4 9;
    %flag_get/vec4 9;
    %jmp/0 T_36.63, 9;
    %load/vec4 v0xc00e9aee0_0;
    %parti/s 3, 12, 5;
    %pushi/vec4 6, 0, 3;
    %cmp/e;
    %flag_get/vec4 4;
    %and;
T_36.63;
    %flag_set/vec4 8;
    %flag_get/vec4 8;
    %jmp/0 T_36.62, 8;
    %load/vec4 v0xc00e9aee0_0;
    %parti/s 7, 25, 6;
    %pushi/vec4 0, 0, 7;
    %cmp/e;
    %flag_get/vec4 4;
    %and;
T_36.62;
    %assign/vec4 v0xc00e97ca0_0, 0;
    %load/vec4 v0xc00e99220_0;
    %flag_set/vec4 9;
    %flag_get/vec4 9;
    %jmp/0 T_36.65, 9;
    %load/vec4 v0xc00e9aee0_0;
    %parti/s 3, 12, 5;
    %pushi/vec4 7, 0, 3;
    %cmp/e;
    %flag_get/vec4 4;
    %and;
T_36.65;
    %flag_set/vec4 8;
    %flag_get/vec4 8;
    %jmp/0 T_36.64, 8;
    %load/vec4 v0xc00e9aee0_0;
    %parti/s 7, 25, 6;
    %pushi/vec4 0, 0, 7;
    %cmp/e;
    %flag_get/vec4 4;
    %and;
T_36.64;
    %assign/vec4 v0xc00e96f80_0, 0;
    %load/vec4 v0xc00e9aee0_0;
    %parti/s 7, 0, 2;
    %cmpi/e 115, 0, 7;
    %flag_get/vec4 4;
    %jmp/0 T_36.68, 4;
    %load/vec4 v0xc00e9aee0_0;
    %parti/s 20, 12, 5;
    %pad/u 32;
    %pushi/vec4 786434, 0, 32;
    %cmp/e;
    %flag_get/vec4 4;
    %and;
T_36.68;
    %flag_set/vec4 8;
    %jmp/1 T_36.67, 8;
    %load/vec4 v0xc00e9aee0_0;
    %parti/s 7, 0, 2;
    %cmpi/e 115, 0, 7;
    %flag_get/vec4 4;
    %jmp/0 T_36.69, 4;
    %load/vec4 v0xc00e9aee0_0;
    %parti/s 20, 12, 5;
    %pad/u 32;
    %pushi/vec4 786690, 0, 32;
    %cmp/e;
    %flag_get/vec4 4;
    %and;
T_36.69;
    %flag_set/vec4 9;
    %flag_or 8, 9;
T_36.67;
    %flag_get/vec4 8;
    %jmp/0 T_36.66, 8;
    %pushi/vec4 1, 0, 1;
    %and;
T_36.66;
    %assign/vec4 v0xc00e97de0_0, 0;
    %load/vec4 v0xc00e9aee0_0;
    %parti/s 7, 0, 2;
    %cmpi/e 115, 0, 7;
    %flag_get/vec4 4;
    %jmp/0 T_36.73, 4;
    %load/vec4 v0xc00e9aee0_0;
    %parti/s 20, 12, 5;
    %pad/u 32;
    %pushi/vec4 819202, 0, 32;
    %cmp/e;
    %flag_get/vec4 4;
    %and;
T_36.73;
    %flag_set/vec4 9;
    %jmp/1 T_36.72, 9;
    %load/vec4 v0xc00e9aee0_0;
    %parti/s 7, 0, 2;
    %cmpi/e 115, 0, 7;
    %flag_get/vec4 4;
    %jmp/0 T_36.74, 4;
    %load/vec4 v0xc00e9aee0_0;
    %parti/s 20, 12, 5;
    %pad/u 32;
    %pushi/vec4 819458, 0, 32;
    %cmp/e;
    %flag_get/vec4 4;
    %and;
T_36.74;
    %flag_set/vec4 10;
    %flag_or 9, 10;
T_36.72;
    %flag_get/vec4 9;
    %jmp/0 T_36.71, 9;
    %pushi/vec4 1, 0, 1;
    %and;
T_36.71;
    %flag_set/vec4 8;
    %flag_get/vec4 8;
    %jmp/0 T_36.70, 8;
    %pushi/vec4 1, 0, 1;
    %and;
T_36.70;
    %assign/vec4 v0xc00e97e80_0, 0;
    %load/vec4 v0xc00e9aee0_0;
    %parti/s 7, 0, 2;
    %cmpi/e 115, 0, 7;
    %flag_get/vec4 4;
    %jmp/0 T_36.76, 4;
    %load/vec4 v0xc00e9aee0_0;
    %parti/s 20, 12, 5;
    %pad/u 32;
    %pushi/vec4 786946, 0, 32;
    %cmp/e;
    %flag_get/vec4 4;
    %and;
T_36.76;
    %flag_set/vec4 8;
    %flag_get/vec4 8;
    %jmp/0 T_36.75, 8;
    %pushi/vec4 1, 0, 1;
    %and;
T_36.75;
    %assign/vec4 v0xc00e97f20_0, 0;
    %load/vec4 v0xc00e9aee0_0;
    %parti/s 7, 0, 2;
    %cmpi/e 115, 0, 7;
    %flag_get/vec4 4;
    %jmp/0 T_36.79, 4;
    %load/vec4 v0xc00e9aee0_0;
    %parti/s 20, 12, 5;
    %pad/u 32;
    %pushi/vec4 819714, 0, 32;
    %cmp/e;
    %flag_get/vec4 4;
    %and;
T_36.79;
    %flag_set/vec4 9;
    %flag_get/vec4 9;
    %jmp/0 T_36.78, 9;
    %pushi/vec4 1, 0, 1;
    %and;
T_36.78;
    %flag_set/vec4 8;
    %flag_get/vec4 8;
    %jmp/0 T_36.77, 8;
    %pushi/vec4 1, 0, 1;
    %and;
T_36.77;
    %assign/vec4 v0xc00e98000_0, 0;
    %load/vec4 v0xc00e9aee0_0;
    %parti/s 7, 0, 2;
    %cmpi/e 115, 0, 7;
    %flag_get/vec4 4;
    %jmp/0 T_36.82, 4;
    %load/vec4 v0xc00e9aee0_0;
    %parti/s 11, 21, 6;
    %nor/r;
    %and;
T_36.82;
    %flag_set/vec4 9;
    %flag_get/vec4 9;
    %jmp/0 T_36.81, 9;
    %load/vec4 v0xc00e9aee0_0;
    %parti/s 13, 7, 4;
    %nor/r;
    %and;
T_36.81;
    %flag_set/vec4 8;
    %flag_get/vec4 8;
    %jmp/1 T_36.80, 8;
    %pushi/vec4 0, 0, 1;
    %or;
T_36.80;
    %assign/vec4 v0xc00e97520_0, 0;
    %load/vec4 v0xc00e9aee0_0;
    %parti/s 7, 0, 2;
    %cmpi/e 15, 0, 7;
    %flag_get/vec4 4;
    %jmp/0 T_36.83, 4;
    %load/vec4 v0xc00e9aee0_0;
    %parti/s 3, 12, 5;
    %nor/r;
    %and;
T_36.83;
    %assign/vec4 v0xc00e975c0_0, 0;
    %load/vec4 v0xc00e9aee0_0;
    %parti/s 7, 0, 2;
    %cmpi/e 11, 0, 7;
    %flag_get/vec4 4;
    %jmp/0 T_36.86, 4;
    %load/vec4 v0xc00e9aee0_0;
    %parti/s 7, 25, 6;
    %pushi/vec4 0, 0, 7;
    %cmp/e;
    %flag_get/vec4 4;
    %and;
T_36.86;
    %flag_set/vec4 9;
    %flag_get/vec4 9;
    %jmp/0 T_36.85, 9;
    %pushi/vec4 0, 0, 1;
    %and;
T_36.85;
    %flag_set/vec4 8;
    %flag_get/vec4 8;
    %jmp/0 T_36.84, 8;
    %pushi/vec4 1, 0, 1;
    %and;
T_36.84;
    %assign/vec4 v0xc00e97660_0, 0;
    %load/vec4 v0xc00e9aee0_0;
    %parti/s 7, 0, 2;
    %cmpi/e 11, 0, 7;
    %flag_get/vec4 4;
    %jmp/0 T_36.89, 4;
    %load/vec4 v0xc00e9aee0_0;
    %parti/s 7, 25, 6;
    %pushi/vec4 1, 0, 7;
    %cmp/e;
    %flag_get/vec4 4;
    %and;
T_36.89;
    %flag_set/vec4 9;
    %flag_get/vec4 9;
    %jmp/0 T_36.88, 9;
    %pushi/vec4 0, 0, 1;
    %and;
T_36.88;
    %flag_set/vec4 8;
    %flag_get/vec4 8;
    %jmp/0 T_36.87, 8;
    %pushi/vec4 1, 0, 1;
    %and;
T_36.87;
    %assign/vec4 v0xc00e981e0_0, 0;
    %load/vec4 v0xc00e9aee0_0;
    %parti/s 7, 0, 2;
    %cmpi/e 11, 0, 7;
    %flag_get/vec4 4;
    %jmp/0 T_36.91, 4;
    %load/vec4 v0xc00e9aee0_0;
    %parti/s 7, 25, 6;
    %pushi/vec4 3, 0, 7;
    %cmp/e;
    %flag_get/vec4 4;
    %and;
T_36.91;
    %flag_set/vec4 8;
    %flag_get/vec4 8;
    %jmp/0 T_36.90, 8;
    %pushi/vec4 0, 0, 1;
    %and;
T_36.90;
    %assign/vec4 v0xc00e97c00_0, 0;
    %load/vec4 v0xc00e9aee0_0;
    %parti/s 7, 0, 2;
    %cmpi/e 11, 0, 7;
    %flag_get/vec4 4;
    %jmp/0 T_36.94, 4;
    %load/vec4 v0xc00e9aee0_0;
    %parti/s 7, 25, 6;
    %pushi/vec4 5, 0, 7;
    %cmp/e;
    %flag_get/vec4 4;
    %and;
T_36.94;
    %flag_set/vec4 9;
    %flag_get/vec4 9;
    %jmp/0 T_36.93, 9;
    %pushi/vec4 0, 0, 1;
    %and;
T_36.93;
    %flag_set/vec4 8;
    %flag_get/vec4 8;
    %jmp/0 T_36.92, 8;
    %pushi/vec4 1, 0, 1;
    %and;
T_36.92;
    %assign/vec4 v0xc00e98aa0_0, 0;
    %load/vec4 v0xc00e99180_0;
    %flag_set/vec4 8;
    %flag_get/vec4 8;
    %jmp/0 T_36.95, 8;
    %load/vec4 v0xc00e9aee0_0;
    %parti/s 3, 12, 5;
    %cmpi/e 1, 0, 3;
    %flag_get/vec4 4;
    %jmp/0 T_36.96, 4;
    %load/vec4 v0xc00e9aee0_0;
    %parti/s 7, 25, 6;
    %pushi/vec4 0, 0, 7;
    %cmp/e;
    %flag_get/vec4 4;
    %and;
T_36.96;
    %load/vec4 v0xc00e9aee0_0;
    %parti/s 3, 12, 5;
    %cmpi/e 5, 0, 3;
    %flag_get/vec4 4;
    %jmp/0 T_36.97, 4;
    %load/vec4 v0xc00e9aee0_0;
    %parti/s 7, 25, 6;
    %pushi/vec4 0, 0, 7;
    %cmp/e;
    %flag_get/vec4 4;
    %and;
T_36.97;
    %concat/vec4; draw_concat_vec4
    %load/vec4 v0xc00e9aee0_0;
    %parti/s 3, 12, 5;
    %cmpi/e 5, 0, 3;
    %flag_get/vec4 4;
    %jmp/0 T_36.98, 4;
    %load/vec4 v0xc00e9aee0_0;
    %parti/s 7, 25, 6;
    %pushi/vec4 32, 0, 7;
    %cmp/e;
    %flag_get/vec4 4;
    %and;
T_36.98;
    %concat/vec4; draw_concat_vec4
    %or/r;
    %and;
T_36.95;
    %assign/vec4 v0xc00e99900_0, 0;
    %load/vec4 v0xc00e977a0_0;
    %flag_set/vec4 8;
    %flag_get/vec4 8;
    %jmp/1 T_36.99, 8;
    %load/vec4 v0xc00e99180_0;
    %flag_set/vec4 8;
    %flag_get/vec4 8;
    %jmp/0 T_36.100, 8;
    %load/vec4 v0xc00e9aee0_0;
    %parti/s 3, 12, 5;
    %pushi/vec4 0, 0, 3;
    %cmp/e;
    %flag_get/vec4 4;
    %load/vec4 v0xc00e9aee0_0;
    %parti/s 3, 12, 5;
    %pushi/vec4 2, 0, 3;
    %cmp/e;
    %flag_get/vec4 4;
    %concat/vec4; draw_concat_vec4
    %load/vec4 v0xc00e9aee0_0;
    %parti/s 3, 12, 5;
    %pushi/vec4 3, 0, 3;
    %cmp/e;
    %flag_get/vec4 4;
    %concat/vec4; draw_concat_vec4
    %load/vec4 v0xc00e9aee0_0;
    %parti/s 3, 12, 5;
    %pushi/vec4 4, 0, 3;
    %cmp/e;
    %flag_get/vec4 4;
    %concat/vec4; draw_concat_vec4
    %load/vec4 v0xc00e9aee0_0;
    %parti/s 3, 12, 5;
    %pushi/vec4 6, 0, 3;
    %cmp/e;
    %flag_get/vec4 4;
    %concat/vec4; draw_concat_vec4
    %load/vec4 v0xc00e9aee0_0;
    %parti/s 3, 12, 5;
    %pushi/vec4 7, 0, 3;
    %cmp/e;
    %flag_get/vec4 4;
    %concat/vec4; draw_concat_vec4
    %or/r;
    %and;
T_36.100;
    %or;
T_36.99;
    %assign/vec4 v0xc00e99400_0, 0;
    %load/vec4 v0xc00e99220_0;
    %flag_set/vec4 8;
    %flag_get/vec4 8;
    %jmp/0 T_36.101, 8;
    %load/vec4 v0xc00e9aee0_0;
    %parti/s 3, 12, 5;
    %cmpi/e 1, 0, 3;
    %flag_get/vec4 4;
    %jmp/0 T_36.102, 4;
    %load/vec4 v0xc00e9aee0_0;
    %parti/s 7, 25, 6;
    %pushi/vec4 0, 0, 7;
    %cmp/e;
    %flag_get/vec4 4;
    %and;
T_36.102;
    %load/vec4 v0xc00e9aee0_0;
    %parti/s 3, 12, 5;
    %cmpi/e 5, 0, 3;
    %flag_get/vec4 4;
    %jmp/0 T_36.103, 4;
    %load/vec4 v0xc00e9aee0_0;
    %parti/s 7, 25, 6;
    %pushi/vec4 0, 0, 7;
    %cmp/e;
    %flag_get/vec4 4;
    %and;
T_36.103;
    %concat/vec4; draw_concat_vec4
    %load/vec4 v0xc00e9aee0_0;
    %parti/s 3, 12, 5;
    %cmpi/e 5, 0, 3;
    %flag_get/vec4 4;
    %jmp/0 T_36.104, 4;
    %load/vec4 v0xc00e9aee0_0;
    %parti/s 7, 25, 6;
    %pushi/vec4 32, 0, 7;
    %cmp/e;
    %flag_get/vec4 4;
    %and;
T_36.104;
    %concat/vec4; draw_concat_vec4
    %or/r;
    %and;
T_36.101;
    %assign/vec4 v0xc00e99860_0, 0;
    %pushi/vec4 0, 0, 1;
    %assign/vec4 v0xc00e99680_0, 0;
    %pushi/vec4 0, 0, 1;
    %assign/vec4 v0xc00e99360_0, 0;
    %pushi/vec4 1, 0, 1;
    %dup/vec4;
    %load/vec4 v0xc00e97700_0;
    %cmp/u;
    %jmp/1 T_36.105, 6;
    %dup/vec4;
    %load/vec4 v0xc00e97ac0_0;
    %load/vec4 v0xc00e970c0_0;
    %concat/vec4; draw_concat_vec4
    %or/r;
    %cmp/u;
    %jmp/1 T_36.106, 6;
    %dup/vec4;
    %load/vec4 v0xc00e977a0_0;
    %load/vec4 v0xc00e994a0_0;
    %concat/vec4; draw_concat_vec4
    %load/vec4 v0xc00e99180_0;
    %concat/vec4; draw_concat_vec4
    %or/r;
    %cmp/u;
    %jmp/1 T_36.107, 6;
    %dup/vec4;
    %load/vec4 v0xc00e992c0_0;
    %cmp/u;
    %jmp/1 T_36.108, 6;
    %dup/vec4;
    %load/vec4 v0xc00e997c0_0;
    %cmp/u;
    %jmp/1 T_36.109, 6;
    %pushi/vec4 1, 1, 32;
    %assign/vec4 v0xc00e966c0_0, 0;
    %jmp T_36.111;
T_36.105 ;
    %load/vec4 v0xc00e96760_0;
    %assign/vec4 v0xc00e966c0_0, 0;
    %jmp T_36.111;
T_36.106 ;
    %load/vec4 v0xc00e9aee0_0;
    %parti/s 20, 12, 5;
    %pad/u 32;
    %ix/load 4, 12, 0;
    %flag_set/imm 4, 0;
    %shiftl 4;
    %assign/vec4 v0xc00e966c0_0, 0;
    %jmp T_36.111;
T_36.107 ;
    %load/vec4 v0xc00e9aee0_0;
    %parti/s 12, 20, 6;
    %pad/s 32;
    %assign/vec4 v0xc00e966c0_0, 0;
    %jmp T_36.111;
T_36.108 ;
    %load/vec4 v0xc00e9aee0_0;
    %parti/s 1, 31, 6;
    %load/vec4 v0xc00e9aee0_0;
    %parti/s 1, 7, 4;
    %concat/vec4; draw_concat_vec4
    %load/vec4 v0xc00e9aee0_0;
    %parti/s 6, 25, 6;
    %concat/vec4; draw_concat_vec4
    %load/vec4 v0xc00e9aee0_0;
    %parti/s 4, 8, 5;
    %concat/vec4; draw_concat_vec4
    %concati/vec4 0, 0, 1;
    %pad/s 32;
    %assign/vec4 v0xc00e966c0_0, 0;
    %jmp T_36.111;
T_36.109 ;
    %load/vec4 v0xc00e9aee0_0;
    %parti/s 7, 25, 6;
    %load/vec4 v0xc00e9aee0_0;
    %parti/s 5, 7, 4;
    %concat/vec4; draw_concat_vec4
    %pad/s 32;
    %assign/vec4 v0xc00e966c0_0, 0;
    %jmp T_36.111;
T_36.111 ;
    %pop/vec4 1;
T_36.17 ;
    %load/vec4 v0xc00e9cc80_0;
    %nor/r;
    %flag_set/vec4 8;
    %jmp/0xz  T_36.112, 8;
    %pushi/vec4 0, 0, 1;
    %assign/vec4 v0xc00e992c0_0, 0;
    %pushi/vec4 0, 0, 1;
    %assign/vec4 v0xc00e99360_0, 0;
    %pushi/vec4 0, 0, 1;
    %assign/vec4 v0xc00e97160_0, 0;
    %pushi/vec4 0, 0, 1;
    %assign/vec4 v0xc00e97480_0, 0;
    %pushi/vec4 0, 0, 1;
    %assign/vec4 v0xc00e97340_0, 0;
    %pushi/vec4 0, 0, 1;
    %assign/vec4 v0xc00e97200_0, 0;
    %pushi/vec4 0, 0, 1;
    %assign/vec4 v0xc00e973e0_0, 0;
    %pushi/vec4 0, 0, 1;
    %assign/vec4 v0xc00e972a0_0, 0;
    %pushi/vec4 0, 0, 1;
    %assign/vec4 v0xc00e96ee0_0, 0;
    %pushi/vec4 0, 0, 1;
    %assign/vec4 v0xc00e98500_0, 0;
    %pushi/vec4 0, 0, 1;
    %assign/vec4 v0xc00e985a0_0, 0;
    %pushi/vec4 0, 0, 1;
    %assign/vec4 v0xc00e98d20_0, 0;
    %pushi/vec4 0, 0, 1;
    %assign/vec4 v0xc00e97d40_0, 0;
    %pushi/vec4 0, 0, 1;
    %assign/vec4 v0xc00e97020_0, 0;
    %pushi/vec4 0, 0, 1;
    %assign/vec4 v0xc00e96e40_0, 0;
    %pushi/vec4 0, 0, 1;
    %assign/vec4 v0xc00e98960_0, 0;
    %pushi/vec4 0, 0, 1;
    %assign/vec4 v0xc00e98320_0, 0;
    %pushi/vec4 0, 0, 1;
    %assign/vec4 v0xc00e98460_0, 0;
    %pushi/vec4 0, 0, 1;
    %assign/vec4 v0xc00e98640_0, 0;
    %pushi/vec4 0, 0, 1;
    %assign/vec4 v0xc00e98c80_0, 0;
    %pushi/vec4 0, 0, 1;
    %assign/vec4 v0xc00e98820_0, 0;
    %pushi/vec4 0, 0, 1;
    %assign/vec4 v0xc00e986e0_0, 0;
    %pushi/vec4 0, 0, 1;
    %assign/vec4 v0xc00e97ca0_0, 0;
    %pushi/vec4 0, 0, 1;
    %assign/vec4 v0xc00e96f80_0, 0;
    %pushi/vec4 0, 0, 1;
    %assign/vec4 v0xc00e975c0_0, 0;
T_36.112 ;
    %jmp T_36;
    .thread T_36;
    .scope S_0xc00e7c180;
T_37 ;
    %wait E_0xc00e53600;
    %pushi/vec4 0, 0, 32; draw_string_vec4
    %pushi/vec4 0, 0, 32; draw_string_vec4
    %concat/vec4; draw_string_vec4
    %pushi/vec4 0, 0, 32; draw_string_vec4
    %concat/vec4; draw_string_vec4
    %pushi/vec4 0, 0, 32; draw_string_vec4
    %concat/vec4; draw_string_vec4
    %store/vec4 v0xc00e95a40_0, 0, 128;
    %load/vec4 v0xc00e95540_0;
    %cmpi/e 128, 0, 8;
    %jmp/0xz  T_37.0, 4;
    %pushi/vec4 0, 0, 32; draw_string_vec4
    %pushi/vec4 0, 0, 32; draw_string_vec4
    %concat/vec4; draw_string_vec4
    %pushi/vec4 0, 0, 32; draw_string_vec4
    %concat/vec4; draw_string_vec4
    %pushi/vec4 1953653104, 0, 32; draw_string_vec4
    %concat/vec4; draw_string_vec4
    %store/vec4 v0xc00e95a40_0, 0, 128;
T_37.0 ;
    %load/vec4 v0xc00e95540_0;
    %cmpi/e 64, 0, 8;
    %jmp/0xz  T_37.2, 4;
    %pushi/vec4 0, 0, 32; draw_string_vec4
    %pushi/vec4 0, 0, 32; draw_string_vec4
    %concat/vec4; draw_string_vec4
    %pushi/vec4 102, 0, 32; draw_string_vec4
    %concat/vec4; draw_string_vec4
    %pushi/vec4 1702126440, 0, 32; draw_string_vec4
    %concat/vec4; draw_string_vec4
    %store/vec4 v0xc00e95a40_0, 0, 128;
T_37.2 ;
    %load/vec4 v0xc00e95540_0;
    %cmpi/e 32, 0, 8;
    %jmp/0xz  T_37.4, 4;
    %pushi/vec4 0, 0, 32; draw_string_vec4
    %pushi/vec4 0, 0, 32; draw_string_vec4
    %concat/vec4; draw_string_vec4
    %pushi/vec4 27748, 0, 32; draw_string_vec4
    %concat/vec4; draw_string_vec4
    %pushi/vec4 1601336113, 0, 32; draw_string_vec4
    %concat/vec4; draw_string_vec4
    %store/vec4 v0xc00e95a40_0, 0, 128;
T_37.4 ;
    %load/vec4 v0xc00e95540_0;
    %cmpi/e 16, 0, 8;
    %jmp/0xz  T_37.6, 4;
    %pushi/vec4 0, 0, 32; draw_string_vec4
    %pushi/vec4 0, 0, 32; draw_string_vec4
    %concat/vec4; draw_string_vec4
    %pushi/vec4 27748, 0, 32; draw_string_vec4
    %concat/vec4; draw_string_vec4
    %pushi/vec4 1601336114, 0, 32; draw_string_vec4
    %concat/vec4; draw_string_vec4
    %store/vec4 v0xc00e95a40_0, 0, 128;
T_37.6 ;
    %load/vec4 v0xc00e95540_0;
    %cmpi/e 8, 0, 8;
    %jmp/0xz  T_37.8, 4;
    %pushi/vec4 0, 0, 32; draw_string_vec4
    %pushi/vec4 0, 0, 32; draw_string_vec4
    %concat/vec4; draw_string_vec4
    %pushi/vec4 0, 0, 32; draw_string_vec4
    %concat/vec4; draw_string_vec4
    %pushi/vec4 1702389091, 0, 32; draw_string_vec4
    %concat/vec4; draw_string_vec4
    %store/vec4 v0xc00e95a40_0, 0, 128;
T_37.8 ;
    %load/vec4 v0xc00e95540_0;
    %cmpi/e 4, 0, 8;
    %jmp/0xz  T_37.10, 4;
    %pushi/vec4 0, 0, 32; draw_string_vec4
    %pushi/vec4 0, 0, 32; draw_string_vec4
    %concat/vec4; draw_string_vec4
    %pushi/vec4 115, 0, 32; draw_string_vec4
    %concat/vec4; draw_string_vec4
    %pushi/vec4 1751737972, 0, 32; draw_string_vec4
    %concat/vec4; draw_string_vec4
    %store/vec4 v0xc00e95a40_0, 0, 128;
T_37.10 ;
    %load/vec4 v0xc00e95540_0;
    %cmpi/e 2, 0, 8;
    %jmp/0xz  T_37.12, 4;
    %pushi/vec4 0, 0, 32; draw_string_vec4
    %pushi/vec4 0, 0, 32; draw_string_vec4
    %concat/vec4; draw_string_vec4
    %pushi/vec4 115, 0, 32; draw_string_vec4
    %concat/vec4; draw_string_vec4
    %pushi/vec4 1953326445, 0, 32; draw_string_vec4
    %concat/vec4; draw_string_vec4
    %store/vec4 v0xc00e95a40_0, 0, 128;
T_37.12 ;
    %load/vec4 v0xc00e95540_0;
    %cmpi/e 1, 0, 8;
    %jmp/0xz  T_37.14, 4;
    %pushi/vec4 0, 0, 32; draw_string_vec4
    %pushi/vec4 0, 0, 32; draw_string_vec4
    %concat/vec4; draw_string_vec4
    %pushi/vec4 108, 0, 32; draw_string_vec4
    %concat/vec4; draw_string_vec4
    %pushi/vec4 1684890989, 0, 32; draw_string_vec4
    %concat/vec4; draw_string_vec4
    %store/vec4 v0xc00e95a40_0, 0, 128;
T_37.14 ;
    %jmp T_37;
    .thread T_37, $push;
    .scope S_0xc00e7c180;
T_38 ;
    %wait E_0xc00e535c0;
    %pushi/vec4 1, 1, 1;
    %store/vec4 v0xc00e94960_0, 0, 1;
    %pushi/vec4 1, 0, 1;
    %dup/vec4;
    %load/vec4 v0xc00e97160_0;
    %cmp/u;
    %jmp/1 T_38.0, 6;
    %dup/vec4;
    %load/vec4 v0xc00e97480_0;
    %cmp/u;
    %jmp/1 T_38.1, 6;
    %dup/vec4;
    %load/vec4 v0xc00e97200_0;
    %cmp/u;
    %jmp/1 T_38.2, 6;
    %dup/vec4;
    %load/vec4 v0xc00e972a0_0;
    %cmp/u;
    %jmp/1 T_38.3, 6;
    %dup/vec4;
    %load/vec4 v0xc00e999a0_0;
    %flag_set/vec4 8;
    %flag_get/vec4 8;
    %jmp/0 T_38.7, 8;
    %pushi/vec4 1, 0, 1;
    %and;
T_38.7;
    %cmp/u;
    %jmp/1 T_38.4, 6;
    %dup/vec4;
    %load/vec4 v0xc00e99a40_0;
    %flag_set/vec4 8;
    %flag_get/vec4 8;
    %jmp/0 T_38.8, 8;
    %pushi/vec4 1, 0, 1;
    %and;
T_38.8;
    %cmp/u;
    %jmp/1 T_38.5, 6;
    %jmp T_38.6;
T_38.0 ;
    %load/vec4 v0xc00e946e0_0;
    %store/vec4 v0xc00e94960_0, 0, 1;
    %jmp T_38.6;
T_38.1 ;
    %load/vec4 v0xc00e946e0_0;
    %nor/r;
    %store/vec4 v0xc00e94960_0, 0, 1;
    %jmp T_38.6;
T_38.2 ;
    %load/vec4 v0xc00e94780_0;
    %nor/r;
    %store/vec4 v0xc00e94960_0, 0, 1;
    %jmp T_38.6;
T_38.3 ;
    %load/vec4 v0xc00e94820_0;
    %nor/r;
    %store/vec4 v0xc00e94960_0, 0, 1;
    %jmp T_38.6;
T_38.4 ;
    %load/vec4 v0xc00e94780_0;
    %store/vec4 v0xc00e94960_0, 0, 1;
    %jmp T_38.6;
T_38.5 ;
    %load/vec4 v0xc00e94820_0;
    %store/vec4 v0xc00e94960_0, 0, 1;
    %jmp T_38.6;
T_38.6 ;
    %pop/vec4 1;
    %pushi/vec4 4294967295, 4294967295, 32;
    %store/vec4 v0xc00e948c0_0, 0, 32;
    %pushi/vec4 1, 0, 1;
    %dup/vec4;
    %load/vec4 v0xc00e99680_0;
    %cmp/u;
    %jmp/1 T_38.9, 6;
    %dup/vec4;
    %load/vec4 v0xc00e99360_0;
    %cmp/u;
    %jmp/1 T_38.10, 6;
    %dup/vec4;
    %load/vec4 v0xc00e98d20_0;
    %flag_set/vec4 8;
    %flag_get/vec4 8;
    %jmp/1 T_38.17, 8;
    %load/vec4 v0xc00e98c80_0;
    %or;
T_38.17;
    %cmp/u;
    %jmp/1 T_38.11, 6;
    %dup/vec4;
    %load/vec4 v0xc00e97d40_0;
    %flag_set/vec4 8;
    %flag_get/vec4 8;
    %jmp/1 T_38.18, 8;
    %load/vec4 v0xc00e97ca0_0;
    %or;
T_38.18;
    %cmp/u;
    %jmp/1 T_38.12, 6;
    %dup/vec4;
    %load/vec4 v0xc00e97020_0;
    %flag_set/vec4 8;
    %flag_get/vec4 8;
    %jmp/1 T_38.19, 8;
    %load/vec4 v0xc00e96f80_0;
    %or;
T_38.19;
    %cmp/u;
    %jmp/1 T_38.13, 6;
    %dup/vec4;
    %pushi/vec4 0, 0, 1;
    %cmp/u;
    %jmp/1 T_38.14, 6;
    %dup/vec4;
    %pushi/vec4 0, 0, 1;
    %cmp/u;
    %jmp/1 T_38.15, 6;
    %jmp T_38.16;
T_38.9 ;
    %load/vec4 v0xc00e94640_0;
    %store/vec4 v0xc00e948c0_0, 0, 32;
    %jmp T_38.16;
T_38.10 ;
    %load/vec4 v0xc00e94960_0;
    %pad/u 32;
    %store/vec4 v0xc00e948c0_0, 0, 32;
    %jmp T_38.16;
T_38.11 ;
    %load/vec4 v0xc00e9c960_0;
    %load/vec4 v0xc00e9ca00_0;
    %xor;
    %store/vec4 v0xc00e948c0_0, 0, 32;
    %jmp T_38.16;
T_38.12 ;
    %load/vec4 v0xc00e9c960_0;
    %load/vec4 v0xc00e9ca00_0;
    %or;
    %store/vec4 v0xc00e948c0_0, 0, 32;
    %jmp T_38.16;
T_38.13 ;
    %load/vec4 v0xc00e9c960_0;
    %load/vec4 v0xc00e9ca00_0;
    %and;
    %store/vec4 v0xc00e948c0_0, 0, 32;
    %jmp T_38.16;
T_38.14 ;
    %load/vec4 v0xc00e94b40_0;
    %store/vec4 v0xc00e948c0_0, 0, 32;
    %jmp T_38.16;
T_38.15 ;
    %load/vec4 v0xc00e94be0_0;
    %store/vec4 v0xc00e948c0_0, 0, 32;
    %jmp T_38.16;
T_38.16 ;
    %pop/vec4 1;
    %jmp T_38;
    .thread T_38, $push;
    .scope S_0xc00e7c180;
T_39 ;
    %wait E_0xc00e534c0;
    %load/vec4 v0xc00e95180_0;
    %assign/vec4 v0xc00e95220_0, 0;
    %jmp T_39;
    .thread T_39;
    .scope S_0xc00e7c180;
T_40 ;
    %wait E_0xc00e53580;
    %load/vec4 v0xc00e95220_0;
    %store/vec4 v0xc00e95180_0, 0, 1;
    %load/vec4 v0xc00e9c460_0;
    %nor/r;
    %flag_set/vec4 8;
    %jmp/0xz  T_40.0, 8;
    %pushi/vec4 0, 0, 1;
    %store/vec4 v0xc00e95180_0, 0, 1;
T_40.0 ;
    %load/vec4 v0xc00e99b80_0;
    %flag_set/vec4 8;
    %jmp/1 T_40.5, 8;
    %load/vec4 v0xc00e990e0_0;
    %cmpi/ne 0, 0, 2;
    %flag_or 8, 4;
T_40.5;
    %jmp/1 T_40.4, 8;
    %load/vec4 v0xc00e9cc80_0;
    %nor/r;
    %flag_set/vec4 9;
    %flag_or 8, 9;
T_40.4;
    %jmp/0xz  T_40.2, 8;
    %pushi/vec4 0, 0, 1;
    %store/vec4 v0xc00e95180_0, 0, 1;
T_40.2 ;
    %jmp T_40;
    .thread T_40, $push;
    .scope S_0xc00e7c180;
T_41 ;
    %wait E_0xc00e53540;
    %pushi/vec4 0, 0, 1;
    %store/vec4 v0xc00e95860_0, 0, 1;
    %pushi/vec4 4294967295, 4294967295, 32;
    %store/vec4 v0xc00e957c0_0, 0, 32;
    %load/vec4 v0xc00e95540_0;
    %cmpi/e 64, 0, 8;
    %jmp/0xz  T_41.0, 4;
    %pushi/vec4 1, 0, 1;
    %dup/vec4;
    %load/vec4 v0xc00e99b80_0;
    %cmp/u;
    %jmp/1 T_41.2, 6;
    %dup/vec4;
    %load/vec4 v0xc00e99fe0_0;
    %flag_set/vec4 8;
    %flag_get/vec4 8;
    %jmp/0 T_41.7, 8;
    %load/vec4 v0xc00e99b80_0;
    %nor/r;
    %and;
T_41.7;
    %cmp/u;
    %jmp/1 T_41.3, 6;
    %dup/vec4;
    %pushi/vec4 0, 0, 1;
    %cmp/u;
    %jmp/1 T_41.4, 6;
    %dup/vec4;
    %pushi/vec4 0, 0, 1;
    %cmp/u;
    %jmp/1 T_41.5, 6;
    %jmp T_41.6;
T_41.2 ;
    %load/vec4 v0xc00e9cb40_0;
    %load/vec4 v0xc00e99c20_0;
    %flag_set/vec4 8;
    %jmp/0 T_41.8, 8;
    %pushi/vec4 2, 0, 32;
    %jmp/1 T_41.9, 8;
T_41.8 ; End of true expr.
    %pushi/vec4 4, 0, 32;
    %jmp/0 T_41.9, 8;
 ; End of false expr.
    %blend;
T_41.9;
    %add;
    %store/vec4 v0xc00e957c0_0, 0, 32;
    %pushi/vec4 1, 0, 1;
    %store/vec4 v0xc00e95860_0, 0, 1;
    %jmp T_41.6;
T_41.3 ;
    %load/vec4 v0xc00e99f40_0;
    %flag_set/vec4 8;
    %jmp/0 T_41.10, 8;
    %load/vec4 v0xc00e94aa0_0;
    %jmp/1 T_41.11, 8;
T_41.10 ; End of true expr.
    %load/vec4 v0xc00e9caa0_0;
    %jmp/0 T_41.11, 8;
 ; End of false expr.
    %blend;
T_41.11;
    %store/vec4 v0xc00e957c0_0, 0, 32;
    %pushi/vec4 1, 0, 1;
    %store/vec4 v0xc00e95860_0, 0, 1;
    %jmp T_41.6;
T_41.4 ;
    %load/vec4 v0xc00e9c8c0_0;
    %load/vec4 v0xc00e99c20_0;
    %pad/u 32;
    %or;
    %store/vec4 v0xc00e957c0_0, 0, 32;
    %pushi/vec4 1, 0, 1;
    %store/vec4 v0xc00e95860_0, 0, 1;
    %jmp T_41.6;
T_41.5 ;
    %load/vec4 v0xc00e99040_0;
    %load/vec4 v0xc00e98fa0_0;
    %inv;
    %and;
    %store/vec4 v0xc00e957c0_0, 0, 32;
    %pushi/vec4 1, 0, 1;
    %store/vec4 v0xc00e95860_0, 0, 1;
    %jmp T_41.6;
T_41.6 ;
    %pop/vec4 1;
T_41.0 ;
    %jmp T_41;
    .thread T_41, $push;
    .scope S_0xc00e7c180;
T_42 ;
    %wait E_0xc00e534c0;
    %load/vec4 v0xc00e9cc80_0;
    %flag_set/vec4 10;
    %flag_get/vec4 10;
    %jmp/0 T_42.3, 10;
    %load/vec4 v0xc00e95860_0;
    %and;
T_42.3;
    %flag_set/vec4 9;
    %flag_get/vec4 9;
    %jmp/0 T_42.2, 9;
    %load/vec4 v0xc00e99ea0_0;
    %pushi/vec4 0, 0, 5;
    %cmp/ne;
    %flag_get/vec4 4;
    %and;
T_42.2;
    %flag_set/vec4 8;
    %jmp/0xz  T_42.0, 8;
    %load/vec4 v0xc00e957c0_0;
    %load/vec4 v0xc00e99ea0_0;
    %pad/u 7;
    %ix/vec4 3;
    %ix/load 4, 0, 0; Constant delay
    %assign/vec4/a/d v0xc00e955e0, 0, 4;
T_42.0 ;
    %jmp T_42;
    .thread T_42;
    .scope S_0xc00e7c180;
T_43 ;
    %wait E_0xc00e53500;
    %pushi/vec4 31, 31, 5;
    %store/vec4 v0xc00e968a0_0, 0, 5;
    %load/vec4 v0xc00e96940_0;
    %cmpi/ne 0, 0, 5;
    %flag_mov 8, 4;
    %jmp/0 T_43.0, 8;
    %load/vec4 v0xc00e96940_0;
    %pad/u 7;
    %ix/vec4 4;
    %load/vec4a v0xc00e955e0, 4;
    %jmp/1 T_43.1, 8;
T_43.0 ; End of true expr.
    %pushi/vec4 0, 0, 32;
    %jmp/0 T_43.1, 8;
 ; End of false expr.
    %blend;
T_43.1;
    %store/vec4 v0xc00e95680_0, 0, 32;
    %load/vec4 v0xc00e969e0_0;
    %cmpi/ne 0, 0, 5;
    %flag_mov 8, 4;
    %jmp/0 T_43.2, 8;
    %load/vec4 v0xc00e969e0_0;
    %pad/u 7;
    %ix/vec4 4;
    %load/vec4a v0xc00e955e0, 4;
    %jmp/1 T_43.3, 8;
T_43.2 ; End of true expr.
    %pushi/vec4 0, 0, 32;
    %jmp/0 T_43.3, 8;
 ; End of false expr.
    %blend;
T_43.3;
    %store/vec4 v0xc00e95720_0, 0, 32;
    %jmp T_43;
    .thread T_43, $push;
    .scope S_0xc00e7c180;
T_44 ;
    %wait E_0xc00e534c0;
    %pushi/vec4 0, 0, 1;
    %assign/vec4 v0xc00e9d0e0_0, 0;
    %pushi/vec4 31, 31, 5;
    %assign/vec4 v0xc00e9cbe0_0, 0;
    %pushi/vec4 4294967295, 4294967295, 32;
    %assign/vec4 v0xc00e9caa0_0, 0;
    %pushi/vec4 0, 0, 1;
    %store/vec4 v0xc00e9cdc0_0, 0, 1;
    %pushi/vec4 0, 0, 1;
    %store/vec4 v0xc00e9cd20_0, 0, 1;
    %pushi/vec4 0, 0, 1;
    %store/vec4 v0xc00e9ce60_0, 0, 1;
    %load/vec4 v0xc00e94960_0;
    %assign/vec4 v0xc00e94a00_0, 0;
    %load/vec4 v0xc00e948c0_0;
    %assign/vec4 v0xc00e94aa0_0, 0;
    %pushi/vec4 0, 0, 1;
    %assign/vec4 v0xc00e94c80_0, 0;
    %pushi/vec4 0, 0, 1;
    %assign/vec4 v0xc00e94d20_0, 0;
    %load/vec4 v0xc00e9a120_0;
    %flag_set/vec4 8;
    %jmp/0xz  T_44.0, 8;
    %pushi/vec4 4294967295, 4294967295, 32;
    %assign/vec4 v0xc00e963a0_0, 0;
    %pushi/vec4 4294967295, 4294967295, 32;
    %assign/vec4 v0xc00e964e0_0, 0;
    %pushi/vec4 0, 0, 1;
    %assign/vec4 v0xc00e96440_0, 0;
    %pushi/vec4 0, 0, 1;
    %assign/vec4 v0xc00e96580_0, 0;
T_44.0 ;
    %load/vec4 v0xc00e9cc80_0;
    %flag_set/vec4 8;
    %jmp/0 T_44.2, 8;
    %load/vec4 v0xc00e95400_0;
    %addi 1, 0, 64;
    %jmp/1 T_44.3, 8;
T_44.2 ; End of true expr.
    %pushi/vec4 0, 0, 64;
    %jmp/0 T_44.3, 8;
 ; End of false expr.
    %blend;
T_44.3;
    %assign/vec4 v0xc00e95400_0, 0;
    %pushi/vec4 4294967295, 4294967295, 32;
    %store/vec4 v0xc00e9b5c0_0, 0, 32;
    %load/vec4 v0xc00e9a440_0;
    %flag_set/vec4 8;
    %flag_get/vec4 8;
    %jmp/0 T_44.4, 8;
    %load/vec4 v0xc00e9a580_0;
    %and;
T_44.4;
    %assign/vec4 v0xc00e96bc0_0, 0;
    %load/vec4 v0xc00e96bc0_0;
    %assign/vec4 v0xc00e96c60_0, 0;
    %pushi/vec4 0, 0, 1;
    %assign/vec4 v0xc00e96a80_0, 0;
    %load/vec4 v0xc00e96a80_0;
    %assign/vec4 v0xc00e96b20_0, 0;
    %pushi/vec4 0, 0, 1;
    %assign/vec4 v0xc00e96d00_0, 0;
    %pushi/vec4 0, 0, 1;
    %assign/vec4 v0xc00e9d040_0, 0;
    %pushi/vec4 4294967295, 4294967295, 32;
    %concati/vec4 15, 15, 4;
    %assign/vec4 v0xc00e9cfa0_0, 0;
    %load/vec4 v0xc00e9cc80_0;
    %nor/r;
    %flag_set/vec4 8;
    %jmp/0xz  T_44.5, 8;
    %pushi/vec4 0, 0, 32;
    %assign/vec4 v0xc00e9cb40_0, 0;
    %pushi/vec4 0, 0, 32;
    %assign/vec4 v0xc00e9c8c0_0, 0;
    %pushi/vec4 0, 0, 64;
    %assign/vec4 v0xc00e954a0_0, 0;
    %pushi/vec4 0, 0, 1;
    %assign/vec4 v0xc00e99fe0_0, 0;
    %pushi/vec4 0, 0, 1;
    %assign/vec4 v0xc00e99f40_0, 0;
    %pushi/vec4 0, 0, 1;
    %assign/vec4 v0xc00e99b80_0, 0;
    %pushi/vec4 0, 0, 1;
    %assign/vec4 v0xc00e9a080_0, 0;
    %pushi/vec4 0, 0, 1;
    %assign/vec4 v0xc00e99e00_0, 0;
    %pushi/vec4 0, 0, 1;
    %assign/vec4 v0xc00e99d60_0, 0;
    %pushi/vec4 0, 0, 1;
    %assign/vec4 v0xc00e99cc0_0, 0;
    %pushi/vec4 0, 0, 1;
    %assign/vec4 v0xc00e9c280_0, 0;
    %pushi/vec4 0, 0, 1;
    %assign/vec4 v0xc00e9c1e0_0, 0;
    %pushi/vec4 0, 0, 1;
    %assign/vec4 v0xc00e98e60_0, 0;
    %pushi/vec4 0, 0, 1;
    %assign/vec4 v0xc00e98f00_0, 0;
    %pushi/vec4 4294967295, 0, 32;
    %assign/vec4 v0xc00e98fa0_0, 0;
    %pushi/vec4 0, 0, 32;
    %store/vec4 v0xc00e9b5c0_0, 0, 32;
    %pushi/vec4 0, 0, 2;
    %assign/vec4 v0xc00e990e0_0, 0;
    %pushi/vec4 0, 0, 32;
    %assign/vec4 v0xc00e96da0_0, 0;
    %pushi/vec4 0, 0, 32;
    %assign/vec4 v0xc00e9cf00_0, 0;
    %pushi/vec4 64, 0, 8;
    %assign/vec4 v0xc00e95540_0, 0;
    %jmp T_44.6;
T_44.5 ;
    %load/vec4 v0xc00e95540_0;
    %dup/vec4;
    %pushi/vec4 128, 0, 8;
    %cmp/u;
    %jmp/1 T_44.7, 6;
    %dup/vec4;
    %pushi/vec4 64, 0, 8;
    %cmp/u;
    %jmp/1 T_44.8, 6;
    %dup/vec4;
    %pushi/vec4 32, 0, 8;
    %cmp/u;
    %jmp/1 T_44.9, 6;
    %dup/vec4;
    %pushi/vec4 16, 0, 8;
    %cmp/u;
    %jmp/1 T_44.10, 6;
    %dup/vec4;
    %pushi/vec4 8, 0, 8;
    %cmp/u;
    %jmp/1 T_44.11, 6;
    %dup/vec4;
    %pushi/vec4 4, 0, 8;
    %cmp/u;
    %jmp/1 T_44.12, 6;
    %dup/vec4;
    %pushi/vec4 2, 0, 8;
    %cmp/u;
    %jmp/1 T_44.13, 6;
    %dup/vec4;
    %pushi/vec4 1, 0, 8;
    %cmp/u;
    %jmp/1 T_44.14, 6;
    %jmp T_44.15;
T_44.7 ;
    %pushi/vec4 1, 0, 1;
    %assign/vec4 v0xc00e9d0e0_0, 0;
    %jmp T_44.15;
T_44.8 ;
    %load/vec4 v0xc00e96bc0_0;
    %nor/r;
    %flag_set/vec4 8;
    %flag_get/vec4 8;
    %jmp/0 T_44.16, 8;
    %load/vec4 v0xc00e96d00_0;
    %nor/r;
    %and;
T_44.16;
    %assign/vec4 v0xc00e9a440_0, 0;
    %pushi/vec4 0, 0, 2;
    %assign/vec4 v0xc00e9b2a0_0, 0;
    %load/vec4 v0xc00e9c8c0_0;
    %store/vec4 v0xc00e95900_0, 0, 32;
    %pushi/vec4 1, 0, 1;
    %dup/vec4;
    %load/vec4 v0xc00e99b80_0;
    %cmp/u;
    %jmp/1 T_44.17, 6;
    %dup/vec4;
    %load/vec4 v0xc00e99fe0_0;
    %flag_set/vec4 8;
    %flag_get/vec4 8;
    %jmp/0 T_44.22, 8;
    %load/vec4 v0xc00e99b80_0;
    %nor/r;
    %and;
T_44.22;
    %cmp/u;
    %jmp/1 T_44.18, 6;
    %dup/vec4;
    %pushi/vec4 0, 0, 1;
    %cmp/u;
    %jmp/1 T_44.19, 6;
    %dup/vec4;
    %pushi/vec4 0, 0, 1;
    %cmp/u;
    %jmp/1 T_44.20, 6;
    %jmp T_44.21;
T_44.17 ;
    %load/vec4 v0xc00e99fe0_0;
    %flag_set/vec4 8;
    %jmp/0 T_44.23, 8;
    %load/vec4 v0xc00e99f40_0;
    %flag_set/vec4 9;
    %jmp/0 T_44.25, 9;
    %load/vec4 v0xc00e94aa0_0;
    %jmp/1 T_44.26, 9;
T_44.25 ; End of true expr.
    %load/vec4 v0xc00e9caa0_0;
    %jmp/0 T_44.26, 9;
 ; End of false expr.
    %blend;
T_44.26;
    %pushi/vec4 4294967294, 0, 32;
    %and;
    %jmp/1 T_44.24, 8;
T_44.23 ; End of true expr.
    %load/vec4 v0xc00e9c8c0_0;
    %jmp/0 T_44.24, 8;
 ; End of false expr.
    %blend;
T_44.24;
    %store/vec4 v0xc00e95900_0, 0, 32;
    %jmp T_44.21;
T_44.18 ;
    %jmp T_44.21;
T_44.19 ;
    %pushi/vec4 16, 0, 32;
    %store/vec4 v0xc00e95900_0, 0, 32;
    %pushi/vec4 1, 0, 1;
    %assign/vec4 v0xc00e98e60_0, 0;
    %pushi/vec4 1, 0, 1;
    %assign/vec4 v0xc00e9a440_0, 0;
    %jmp T_44.21;
T_44.20 ;
    %load/vec4 v0xc00e99040_0;
    %load/vec4 v0xc00e98fa0_0;
    %inv;
    %and;
    %assign/vec4 v0xc00e96da0_0, 0;
    %load/vec4 v0xc00e9b5c0_0;
    %load/vec4 v0xc00e98fa0_0;
    %and;
    %store/vec4 v0xc00e9b5c0_0, 0, 32;
    %jmp T_44.21;
T_44.21 ;
    %pop/vec4 1;
    %load/vec4 v0xc00e95900_0;
    %assign/vec4 v0xc00e9cb40_0, 0;
    %load/vec4 v0xc00e95900_0;
    %assign/vec4 v0xc00e9c8c0_0, 0;
    %pushi/vec4 0, 0, 1;
    %assign/vec4 v0xc00e99fe0_0, 0;
    %pushi/vec4 0, 0, 1;
    %assign/vec4 v0xc00e99f40_0, 0;
    %pushi/vec4 0, 0, 1;
    %assign/vec4 v0xc00e99b80_0, 0;
    %pushi/vec4 0, 0, 1;
    %assign/vec4 v0xc00e99e00_0, 0;
    %pushi/vec4 0, 0, 1;
    %assign/vec4 v0xc00e99d60_0, 0;
    %pushi/vec4 0, 0, 1;
    %assign/vec4 v0xc00e99cc0_0, 0;
    %load/vec4 v0xc00e96800_0;
    %assign/vec4 v0xc00e99ea0_0, 0;
    %load/vec4 v0xc00e95360_0;
    %assign/vec4 v0xc00e99c20_0, 0;
    %load/vec4 v0xc00e96bc0_0;
    %flag_set/vec4 8;
    %jmp/0xz  T_44.27, 8;
    %load/vec4 v0xc00e98e60_0;
    %assign/vec4 v0xc00e98f00_0, 0;
    %load/vec4 v0xc00e95900_0;
    %load/vec4 v0xc00e95360_0;
    %flag_set/vec4 8;
    %jmp/0 T_44.29, 8;
    %pushi/vec4 2, 0, 32;
    %jmp/1 T_44.30, 8;
T_44.29 ; End of true expr.
    %pushi/vec4 4, 0, 32;
    %jmp/0 T_44.30, 8;
 ; End of false expr.
    %blend;
T_44.30;
    %add;
    %assign/vec4 v0xc00e9c8c0_0, 0;
    %load/vec4 v0xc00e954a0_0;
    %addi 1, 0, 64;
    %assign/vec4 v0xc00e954a0_0, 0;
    %load/vec4 v0xc00e97700_0;
    %flag_set/vec4 8;
    %jmp/0xz  T_44.31, 8;
    %pushi/vec4 1, 0, 1;
    %assign/vec4 v0xc00e9a440_0, 0;
    %load/vec4 v0xc00e95900_0;
    %load/vec4 v0xc00e96760_0;
    %add;
    %assign/vec4 v0xc00e9c8c0_0, 0;
    %pushi/vec4 1, 0, 1;
    %assign/vec4 v0xc00e99b80_0, 0;
    %jmp T_44.32;
T_44.31 ;
    %pushi/vec4 0, 0, 1;
    %assign/vec4 v0xc00e9a440_0, 0;
    %load/vec4 v0xc00e977a0_0;
    %nor/r;
    %flag_set/vec4 8;
    %flag_get/vec4 8;
    %jmp/0 T_44.33, 8;
    %load/vec4 v0xc00e980a0_0;
    %nor/r;
    %and;
T_44.33;
    %assign/vec4 v0xc00e9a300_0, 0;
    %pushi/vec4 32, 0, 8;
    %assign/vec4 v0xc00e95540_0, 0;
T_44.32 ;
T_44.27 ;
    %jmp T_44.15;
T_44.9 ;
    %pushi/vec4 4294967295, 4294967295, 32;
    %assign/vec4 v0xc00e9c960_0, 0;
    %pushi/vec4 4294967295, 4294967295, 32;
    %assign/vec4 v0xc00e9ca00_0, 0;
    %pushi/vec4 1, 0, 1;
    %dup/vec4;
    %pushi/vec4 1, 0, 1;
    %flag_set/vec4 8;
    %flag_get/vec4 8;
    %jmp/0 T_44.48, 8;
    %load/vec4 v0xc00e98b40_0;
    %and;
T_44.48;
    %cmp/u;
    %jmp/1 T_44.34, 6;
    %dup/vec4;
    %pushi/vec4 1, 0, 1;
    %flag_set/vec4 8;
    %flag_get/vec4 8;
    %jmp/0 T_44.49, 8;
    %load/vec4 v0xc00e99720_0;
    %and;
T_44.49;
    %cmp/u;
    %jmp/1 T_44.35, 6;
    %dup/vec4;
    %load/vec4 v0xc00e995e0_0;
    %cmp/u;
    %jmp/1 T_44.36, 6;
    %dup/vec4;
    %pushi/vec4 0, 0, 1;
    %cmp/u;
    %jmp/1 T_44.37, 6;
    %dup/vec4;
    %pushi/vec4 0, 0, 1;
    %cmp/u;
    %jmp/1 T_44.38, 6;
    %dup/vec4;
    %pushi/vec4 0, 0, 1;
    %cmp/u;
    %jmp/1 T_44.39, 6;
    %dup/vec4;
    %pushi/vec4 0, 0, 1;
    %cmp/u;
    %jmp/1 T_44.40, 6;
    %dup/vec4;
    %pushi/vec4 0, 0, 1;
    %cmp/u;
    %jmp/1 T_44.41, 6;
    %dup/vec4;
    %load/vec4 v0xc00e994a0_0;
    %flag_set/vec4 8;
    %flag_get/vec4 8;
    %jmp/0 T_44.50, 8;
    %load/vec4 v0xc00e98b40_0;
    %nor/r;
    %and;
T_44.50;
    %cmp/u;
    %jmp/1 T_44.42, 6;
    %dup/vec4;
    %load/vec4 v0xc00e99900_0;
    %flag_set/vec4 8;
    %flag_get/vec4 8;
    %jmp/0 T_44.51, 8;
    %pushi/vec4 1, 0, 1;
    %and;
T_44.51;
    %cmp/u;
    %jmp/1 T_44.43, 6;
    %dup/vec4;
    %load/vec4 v0xc00e99400_0;
    %cmp/u;
    %jmp/1 T_44.44, 6;
    %dup/vec4;
    %load/vec4 v0xc00e99900_0;
    %flag_set/vec4 8;
    %flag_get/vec4 8;
    %jmp/0 T_44.52, 8;
    %pushi/vec4 0, 0, 1;
    %and;
T_44.52;
    %cmp/u;
    %jmp/1 T_44.45, 6;
    %load/vec4 v0xc00e95680_0;
    %assign/vec4 v0xc00e9c960_0, 0;
    %load/vec4 v0xc00e95680_0;
    %assign/vec4 v0xc00e963a0_0, 0;
    %pushi/vec4 1, 0, 1;
    %assign/vec4 v0xc00e96440_0, 0;
    %load/vec4 v0xc00e95720_0;
    %pad/u 5;
    %assign/vec4 v0xc00e9cbe0_0, 0;
    %load/vec4 v0xc00e95720_0;
    %assign/vec4 v0xc00e9ca00_0, 0;
    %load/vec4 v0xc00e95720_0;
    %assign/vec4 v0xc00e964e0_0, 0;
    %pushi/vec4 1, 0, 1;
    %assign/vec4 v0xc00e96580_0, 0;
    %pushi/vec4 1, 0, 1;
    %dup/vec4;
    %load/vec4 v0xc00e997c0_0;
    %cmp/u;
    %jmp/1 T_44.53, 6;
    %dup/vec4;
    %load/vec4 v0xc00e99860_0;
    %flag_set/vec4 8;
    %flag_get/vec4 8;
    %jmp/0 T_44.57, 8;
    %pushi/vec4 1, 0, 1;
    %and;
T_44.57;
    %cmp/u;
    %jmp/1 T_44.54, 6;
    %load/vec4 v0xc00e9a300_0;
    %assign/vec4 v0xc00e9a440_0, 0;
    %pushi/vec4 8, 0, 8;
    %assign/vec4 v0xc00e95540_0, 0;
    %jmp T_44.56;
T_44.53 ;
    %pushi/vec4 2, 0, 8;
    %assign/vec4 v0xc00e95540_0, 0;
    %pushi/vec4 1, 0, 1;
    %assign/vec4 v0xc00e9a440_0, 0;
    %jmp T_44.56;
T_44.54 ;
    %pushi/vec4 4, 0, 8;
    %assign/vec4 v0xc00e95540_0, 0;
    %jmp T_44.56;
T_44.56 ;
    %pop/vec4 1;
    %jmp T_44.47;
T_44.34 ;
    %pushi/vec4 128, 0, 8;
    %assign/vec4 v0xc00e95540_0, 0;
    %jmp T_44.47;
T_44.35 ;
    %pushi/vec4 1, 0, 1;
    %dup/vec4;
    %load/vec4 v0xc00e97de0_0;
    %cmp/u;
    %jmp/1 T_44.58, 6;
    %dup/vec4;
    %load/vec4 v0xc00e97e80_0;
    %flag_set/vec4 8;
    %flag_get/vec4 8;
    %jmp/0 T_44.63, 8;
    %pushi/vec4 1, 0, 1;
    %and;
T_44.63;
    %cmp/u;
    %jmp/1 T_44.59, 6;
    %dup/vec4;
    %load/vec4 v0xc00e97f20_0;
    %cmp/u;
    %jmp/1 T_44.60, 6;
    %dup/vec4;
    %load/vec4 v0xc00e98000_0;
    %flag_set/vec4 8;
    %flag_get/vec4 8;
    %jmp/0 T_44.64, 8;
    %pushi/vec4 1, 0, 1;
    %and;
T_44.64;
    %cmp/u;
    %jmp/1 T_44.61, 6;
    %jmp T_44.62;
T_44.58 ;
    %load/vec4 v0xc00e95400_0;
    %parti/s 32, 0, 2;
    %assign/vec4 v0xc00e9caa0_0, 0;
    %jmp T_44.62;
T_44.59 ;
    %load/vec4 v0xc00e95400_0;
    %parti/s 32, 32, 7;
    %assign/vec4 v0xc00e9caa0_0, 0;
    %jmp T_44.62;
T_44.60 ;
    %load/vec4 v0xc00e954a0_0;
    %parti/s 32, 0, 2;
    %assign/vec4 v0xc00e9caa0_0, 0;
    %jmp T_44.62;
T_44.61 ;
    %load/vec4 v0xc00e954a0_0;
    %parti/s 32, 32, 7;
    %assign/vec4 v0xc00e9caa0_0, 0;
    %jmp T_44.62;
T_44.62 ;
    %pop/vec4 1;
    %pushi/vec4 1, 0, 1;
    %assign/vec4 v0xc00e99fe0_0, 0;
    %pushi/vec4 64, 0, 8;
    %assign/vec4 v0xc00e95540_0, 0;
    %jmp T_44.47;
T_44.36 ;
    %load/vec4 v0xc00e97ac0_0;
    %flag_set/vec4 8;
    %jmp/0 T_44.65, 8;
    %pushi/vec4 0, 0, 32;
    %jmp/1 T_44.66, 8;
T_44.65 ; End of true expr.
    %load/vec4 v0xc00e9cb40_0;
    %jmp/0 T_44.66, 8;
 ; End of false expr.
    %blend;
T_44.66;
    %assign/vec4 v0xc00e9c960_0, 0;
    %load/vec4 v0xc00e966c0_0;
    %assign/vec4 v0xc00e9ca00_0, 0;
    %load/vec4 v0xc00e9a300_0;
    %assign/vec4 v0xc00e9a440_0, 0;
    %pushi/vec4 8, 0, 8;
    %assign/vec4 v0xc00e95540_0, 0;
    %jmp T_44.47;
T_44.37 ;
    %load/vec4 v0xc00e95680_0;
    %assign/vec4 v0xc00e9caa0_0, 0;
    %load/vec4 v0xc00e95680_0;
    %assign/vec4 v0xc00e963a0_0, 0;
    %pushi/vec4 1, 0, 1;
    %assign/vec4 v0xc00e96440_0, 0;
    %pushi/vec4 1, 0, 1;
    %assign/vec4 v0xc00e99fe0_0, 0;
    %pushi/vec4 64, 0, 8;
    %assign/vec4 v0xc00e95540_0, 0;
    %jmp T_44.47;
T_44.38 ;
    %load/vec4 v0xc00e95680_0;
    %assign/vec4 v0xc00e9caa0_0, 0;
    %load/vec4 v0xc00e95680_0;
    %assign/vec4 v0xc00e963a0_0, 0;
    %pushi/vec4 1, 0, 1;
    %assign/vec4 v0xc00e96440_0, 0;
    %load/vec4 v0xc00e99ea0_0;
    %pad/u 32;
    %pushi/vec4 32, 0, 32;
    %or;
    %pad/u 5;
    %assign/vec4 v0xc00e99ea0_0, 0;
    %pushi/vec4 1, 0, 1;
    %assign/vec4 v0xc00e99fe0_0, 0;
    %pushi/vec4 64, 0, 8;
    %assign/vec4 v0xc00e95540_0, 0;
    %jmp T_44.47;
T_44.39 ;
    %pushi/vec4 0, 0, 32;
    %assign/vec4 v0xc00e96da0_0, 0;
    %pushi/vec4 0, 0, 1;
    %assign/vec4 v0xc00e98e60_0, 0;
    %pushi/vec4 1, 0, 1;
    %assign/vec4 v0xc00e99b80_0, 0;
    %pushi/vec4 1, 0, 1;
    %assign/vec4 v0xc00e99fe0_0, 0;
    %load/vec4 v0xc00e95680_0;
    %pushi/vec4 4294967294, 0, 32;
    %and;
    %assign/vec4 v0xc00e9caa0_0, 0;
    %load/vec4 v0xc00e95680_0;
    %assign/vec4 v0xc00e963a0_0, 0;
    %pushi/vec4 1, 0, 1;
    %assign/vec4 v0xc00e96440_0, 0;
    %pushi/vec4 64, 0, 8;
    %assign/vec4 v0xc00e95540_0, 0;
    %jmp T_44.47;
T_44.40 ;
    %pushi/vec4 1, 0, 1;
    %assign/vec4 v0xc00e99fe0_0, 0;
    %load/vec4 v0xc00e98fa0_0;
    %assign/vec4 v0xc00e9caa0_0, 0;
    %load/vec4 v0xc00e95680_0;
    %pushi/vec4 0, 0, 32;
    %or;
    %assign/vec4 v0xc00e98fa0_0, 0;
    %load/vec4 v0xc00e95680_0;
    %assign/vec4 v0xc00e963a0_0, 0;
    %pushi/vec4 1, 0, 1;
    %assign/vec4 v0xc00e96440_0, 0;
    %pushi/vec4 64, 0, 8;
    %assign/vec4 v0xc00e95540_0, 0;
    %jmp T_44.47;
T_44.41 ;
    %pushi/vec4 1, 0, 1;
    %assign/vec4 v0xc00e99fe0_0, 0;
    %load/vec4 v0xc00e9cf00_0;
    %assign/vec4 v0xc00e9caa0_0, 0;
    %load/vec4 v0xc00e95680_0;
    %assign/vec4 v0xc00e9cf00_0, 0;
    %load/vec4 v0xc00e95680_0;
    %assign/vec4 v0xc00e963a0_0, 0;
    %pushi/vec4 1, 0, 1;
    %assign/vec4 v0xc00e96440_0, 0;
    %pushi/vec4 64, 0, 8;
    %assign/vec4 v0xc00e95540_0, 0;
    %jmp T_44.47;
T_44.42 ;
    %load/vec4 v0xc00e95680_0;
    %assign/vec4 v0xc00e9c960_0, 0;
    %load/vec4 v0xc00e95680_0;
    %assign/vec4 v0xc00e963a0_0, 0;
    %pushi/vec4 1, 0, 1;
    %assign/vec4 v0xc00e96440_0, 0;
    %pushi/vec4 1, 0, 8;
    %assign/vec4 v0xc00e95540_0, 0;
    %pushi/vec4 1, 0, 1;
    %assign/vec4 v0xc00e9a440_0, 0;
    %jmp T_44.47;
T_44.43 ;
    %load/vec4 v0xc00e95680_0;
    %assign/vec4 v0xc00e9c960_0, 0;
    %load/vec4 v0xc00e95680_0;
    %assign/vec4 v0xc00e963a0_0, 0;
    %pushi/vec4 1, 0, 1;
    %assign/vec4 v0xc00e96440_0, 0;
    %load/vec4 v0xc00e969e0_0;
    %assign/vec4 v0xc00e9cbe0_0, 0;
    %pushi/vec4 4, 0, 8;
    %assign/vec4 v0xc00e95540_0, 0;
    %jmp T_44.47;
T_44.44 ;
    %load/vec4 v0xc00e95680_0;
    %assign/vec4 v0xc00e9c960_0, 0;
    %load/vec4 v0xc00e95680_0;
    %assign/vec4 v0xc00e963a0_0, 0;
    %pushi/vec4 1, 0, 1;
    %assign/vec4 v0xc00e96440_0, 0;
    %load/vec4 v0xc00e99900_0;
    %flag_set/vec4 9;
    %flag_get/vec4 9;
    %jmp/0 T_44.69, 9;
    %pushi/vec4 0, 0, 1;
    %and;
T_44.69;
    %flag_set/vec4 8;
    %jmp/0 T_44.67, 8;
    %load/vec4 v0xc00e969e0_0;
    %pad/u 32;
    %jmp/1 T_44.68, 8;
T_44.67 ; End of true expr.
    %load/vec4 v0xc00e966c0_0;
    %jmp/0 T_44.68, 8;
 ; End of false expr.
    %blend;
T_44.68;
    %assign/vec4 v0xc00e9ca00_0, 0;
    %load/vec4 v0xc00e9a300_0;
    %assign/vec4 v0xc00e9a440_0, 0;
    %pushi/vec4 8, 0, 8;
    %assign/vec4 v0xc00e95540_0, 0;
    %jmp T_44.47;
T_44.45 ;
    %load/vec4 v0xc00e95680_0;
    %assign/vec4 v0xc00e9c960_0, 0;
    %load/vec4 v0xc00e95680_0;
    %assign/vec4 v0xc00e963a0_0, 0;
    %pushi/vec4 1, 0, 1;
    %assign/vec4 v0xc00e96440_0, 0;
    %load/vec4 v0xc00e99900_0;
    %flag_set/vec4 9;
    %flag_get/vec4 9;
    %jmp/0 T_44.72, 9;
    %pushi/vec4 0, 0, 1;
    %and;
T_44.72;
    %flag_set/vec4 8;
    %jmp/0 T_44.70, 8;
    %load/vec4 v0xc00e969e0_0;
    %pad/u 32;
    %jmp/1 T_44.71, 8;
T_44.70 ; End of true expr.
    %load/vec4 v0xc00e966c0_0;
    %jmp/0 T_44.71, 8;
 ; End of false expr.
    %blend;
T_44.71;
    %assign/vec4 v0xc00e9ca00_0, 0;
    %load/vec4 v0xc00e9a300_0;
    %assign/vec4 v0xc00e9a440_0, 0;
    %pushi/vec4 8, 0, 8;
    %assign/vec4 v0xc00e95540_0, 0;
    %jmp T_44.47;
T_44.47 ;
    %pop/vec4 1;
    %jmp T_44.15;
T_44.10 ;
    %load/vec4 v0xc00e95720_0;
    %pad/u 5;
    %assign/vec4 v0xc00e9cbe0_0, 0;
    %load/vec4 v0xc00e95720_0;
    %assign/vec4 v0xc00e9ca00_0, 0;
    %load/vec4 v0xc00e95720_0;
    %assign/vec4 v0xc00e964e0_0, 0;
    %pushi/vec4 1, 0, 1;
    %assign/vec4 v0xc00e96580_0, 0;
    %pushi/vec4 1, 0, 1;
    %dup/vec4;
    %pushi/vec4 0, 0, 1;
    %cmp/u;
    %jmp/1 T_44.73, 6;
    %dup/vec4;
    %load/vec4 v0xc00e997c0_0;
    %cmp/u;
    %jmp/1 T_44.74, 6;
    %dup/vec4;
    %load/vec4 v0xc00e99860_0;
    %flag_set/vec4 8;
    %flag_get/vec4 8;
    %jmp/0 T_44.78, 8;
    %pushi/vec4 1, 0, 1;
    %and;
T_44.78;
    %cmp/u;
    %jmp/1 T_44.75, 6;
    %load/vec4 v0xc00e9a300_0;
    %assign/vec4 v0xc00e9a440_0, 0;
    %pushi/vec4 8, 0, 8;
    %assign/vec4 v0xc00e95540_0, 0;
    %jmp T_44.77;
T_44.73 ;
    %pushi/vec4 1, 0, 1;
    %assign/vec4 v0xc00e9c280_0, 0;
    %load/vec4 v0xc00e9bac0_0;
    %flag_set/vec4 8;
    %jmp/0xz  T_44.79, 8;
    %pushi/vec4 1, 0, 1;
    %assign/vec4 v0xc00e9a440_0, 0;
    %pushi/vec4 0, 0, 1;
    %assign/vec4 v0xc00e9c280_0, 0;
    %load/vec4 v0xc00e9ba20_0;
    %assign/vec4 v0xc00e9caa0_0, 0;
    %load/vec4 v0xc00e9bc00_0;
    %assign/vec4 v0xc00e99fe0_0, 0;
    %pushi/vec4 64, 0, 8;
    %assign/vec4 v0xc00e95540_0, 0;
    %jmp T_44.80;
T_44.79 ;
    %pushi/vec4 1, 0, 1;
    %flag_set/vec4 9;
    %flag_get/vec4 9;
    %jmp/0 T_44.83, 9;
    %load/vec4 v0xc00e9c1e0_0;
    %flag_set/vec4 9;
    %flag_get/vec4 9;
    %jmp/1 T_44.84, 9;
    %load/vec4 v0xc00e97520_0;
    %or;
T_44.84;
    %and;
T_44.83;
    %flag_set/vec4 8;
    %jmp/0xz  T_44.81, 8;
    %pushi/vec4 0, 0, 1;
    %assign/vec4 v0xc00e9c280_0, 0;
    %pushi/vec4 128, 0, 8;
    %assign/vec4 v0xc00e95540_0, 0;
T_44.81 ;
T_44.80 ;
    %jmp T_44.77;
T_44.74 ;
    %pushi/vec4 2, 0, 8;
    %assign/vec4 v0xc00e95540_0, 0;
    %pushi/vec4 1, 0, 1;
    %assign/vec4 v0xc00e9a440_0, 0;
    %jmp T_44.77;
T_44.75 ;
    %pushi/vec4 4, 0, 8;
    %assign/vec4 v0xc00e95540_0, 0;
    %jmp T_44.77;
T_44.77 ;
    %pop/vec4 1;
    %jmp T_44.15;
T_44.11 ;
    %load/vec4 v0xc00e9cb40_0;
    %load/vec4 v0xc00e966c0_0;
    %add;
    %assign/vec4 v0xc00e9caa0_0, 0;
    %load/vec4 v0xc00e992c0_0;
    %flag_set/vec4 8;
    %jmp/0xz  T_44.85, 8;
    %pushi/vec4 0, 0, 5;
    %assign/vec4 v0xc00e99ea0_0, 0;
    %load/vec4 v0xc00e94960_0;
    %assign/vec4 v0xc00e99fe0_0, 0;
    %load/vec4 v0xc00e94960_0;
    %assign/vec4 v0xc00e99b80_0, 0;
    %load/vec4 v0xc00e9a580_0;
    %flag_set/vec4 8;
    %jmp/0xz  T_44.87, 8;
    %pushi/vec4 64, 0, 8;
    %assign/vec4 v0xc00e95540_0, 0;
T_44.87 ;
    %load/vec4 v0xc00e94960_0;
    %flag_set/vec4 8;
    %jmp/0xz  T_44.89, 8;
    %pushi/vec4 0, 0, 1;
    %assign/vec4 v0xc00e96bc0_0, 0;
    %pushi/vec4 1, 0, 1;
    %store/vec4 v0xc00e9cdc0_0, 0, 1;
T_44.89 ;
    %jmp T_44.86;
T_44.85 ;
    %load/vec4 v0xc00e977a0_0;
    %assign/vec4 v0xc00e99b80_0, 0;
    %pushi/vec4 1, 0, 1;
    %assign/vec4 v0xc00e99fe0_0, 0;
    %pushi/vec4 1, 0, 1;
    %assign/vec4 v0xc00e99f40_0, 0;
    %pushi/vec4 64, 0, 8;
    %assign/vec4 v0xc00e95540_0, 0;
T_44.86 ;
    %jmp T_44.15;
T_44.12 ;
    %pushi/vec4 1, 0, 1;
    %assign/vec4 v0xc00e99fe0_0, 0;
    %load/vec4 v0xc00e9cbe0_0;
    %pad/u 32;
    %cmpi/e 0, 0, 32;
    %jmp/0xz  T_44.91, 4;
    %load/vec4 v0xc00e9c960_0;
    %assign/vec4 v0xc00e9caa0_0, 0;
    %load/vec4 v0xc00e9a300_0;
    %assign/vec4 v0xc00e9a440_0, 0;
    %pushi/vec4 64, 0, 8;
    %assign/vec4 v0xc00e95540_0, 0;
    %jmp T_44.92;
T_44.91 ;
    %pushi/vec4 1, 0, 1;
    %flag_set/vec4 9;
    %flag_get/vec4 9;
    %jmp/0 T_44.95, 9;
    %pushi/vec4 4, 0, 32;
    %load/vec4 v0xc00e9cbe0_0;
    %pad/u 32;
    %cmp/u;
    %flag_get/vec4 4;
    %flag_get/vec4 5;
    %or;
    %and;
T_44.95;
    %flag_set/vec4 8;
    %jmp/0xz  T_44.93, 8;
    %pushi/vec4 1, 0, 1;
    %dup/vec4;
    %load/vec4 v0xc00e983c0_0;
    %flag_set/vec4 8;
    %flag_get/vec4 8;
    %jmp/1 T_44.100, 8;
    %load/vec4 v0xc00e98320_0;
    %or;
T_44.100;
    %cmp/u;
    %jmp/1 T_44.96, 6;
    %dup/vec4;
    %load/vec4 v0xc00e988c0_0;
    %flag_set/vec4 8;
    %flag_get/vec4 8;
    %jmp/1 T_44.101, 8;
    %load/vec4 v0xc00e98820_0;
    %or;
T_44.101;
    %cmp/u;
    %jmp/1 T_44.97, 6;
    %dup/vec4;
    %load/vec4 v0xc00e98780_0;
    %flag_set/vec4 8;
    %flag_get/vec4 8;
    %jmp/1 T_44.102, 8;
    %load/vec4 v0xc00e986e0_0;
    %or;
T_44.102;
    %cmp/u;
    %jmp/1 T_44.98, 6;
    %jmp T_44.99;
T_44.96 ;
    %load/vec4 v0xc00e9c960_0;
    %ix/load 4, 4, 0;
    %flag_set/imm 4, 0;
    %shiftl 4;
    %assign/vec4 v0xc00e9c960_0, 0;
    %jmp T_44.99;
T_44.97 ;
    %load/vec4 v0xc00e9c960_0;
    %ix/load 4, 4, 0;
    %flag_set/imm 4, 0;
    %shiftr 4;
    %assign/vec4 v0xc00e9c960_0, 0;
    %jmp T_44.99;
T_44.98 ;
    %load/vec4 v0xc00e9c960_0;
    %ix/load 4, 4, 0;
    %flag_set/imm 4, 0;
    %shiftr/s 4;
    %assign/vec4 v0xc00e9c960_0, 0;
    %jmp T_44.99;
T_44.99 ;
    %pop/vec4 1;
    %load/vec4 v0xc00e9cbe0_0;
    %subi 4, 0, 5;
    %assign/vec4 v0xc00e9cbe0_0, 0;
    %jmp T_44.94;
T_44.93 ;
    %pushi/vec4 1, 0, 1;
    %dup/vec4;
    %load/vec4 v0xc00e983c0_0;
    %flag_set/vec4 8;
    %flag_get/vec4 8;
    %jmp/1 T_44.107, 8;
    %load/vec4 v0xc00e98320_0;
    %or;
T_44.107;
    %cmp/u;
    %jmp/1 T_44.103, 6;
    %dup/vec4;
    %load/vec4 v0xc00e988c0_0;
    %flag_set/vec4 8;
    %flag_get/vec4 8;
    %jmp/1 T_44.108, 8;
    %load/vec4 v0xc00e98820_0;
    %or;
T_44.108;
    %cmp/u;
    %jmp/1 T_44.104, 6;
    %dup/vec4;
    %load/vec4 v0xc00e98780_0;
    %flag_set/vec4 8;
    %flag_get/vec4 8;
    %jmp/1 T_44.109, 8;
    %load/vec4 v0xc00e986e0_0;
    %or;
T_44.109;
    %cmp/u;
    %jmp/1 T_44.105, 6;
    %jmp T_44.106;
T_44.103 ;
    %load/vec4 v0xc00e9c960_0;
    %ix/load 4, 1, 0;
    %flag_set/imm 4, 0;
    %shiftl 4;
    %assign/vec4 v0xc00e9c960_0, 0;
    %jmp T_44.106;
T_44.104 ;
    %load/vec4 v0xc00e9c960_0;
    %ix/load 4, 1, 0;
    %flag_set/imm 4, 0;
    %shiftr 4;
    %assign/vec4 v0xc00e9c960_0, 0;
    %jmp T_44.106;
T_44.105 ;
    %load/vec4 v0xc00e9c960_0;
    %ix/load 4, 1, 0;
    %flag_set/imm 4, 0;
    %shiftr/s 4;
    %assign/vec4 v0xc00e9c960_0, 0;
    %jmp T_44.106;
T_44.106 ;
    %pop/vec4 1;
    %load/vec4 v0xc00e9cbe0_0;
    %subi 1, 0, 5;
    %assign/vec4 v0xc00e9cbe0_0, 0;
T_44.94 ;
T_44.92 ;
    %jmp T_44.15;
T_44.13 ;
    %load/vec4 v0xc00e9a300_0;
    %nor/r;
    %flag_set/vec4 8;
    %jmp/1 T_44.112, 8;
    %load/vec4 v0xc00e9a580_0;
    %flag_set/vec4 9;
    %flag_or 8, 9;
T_44.112;
    %jmp/0xz  T_44.110, 8;
    %load/vec4 v0xc00e9a4e0_0;
    %nor/r;
    %flag_set/vec4 8;
    %jmp/0xz  T_44.113, 8;
    %pushi/vec4 1, 0, 1;
    %dup/vec4;
    %load/vec4 v0xc00e98140_0;
    %cmp/u;
    %jmp/1 T_44.115, 6;
    %dup/vec4;
    %load/vec4 v0xc00e98280_0;
    %cmp/u;
    %jmp/1 T_44.116, 6;
    %dup/vec4;
    %load/vec4 v0xc00e98a00_0;
    %cmp/u;
    %jmp/1 T_44.117, 6;
    %jmp T_44.118;
T_44.115 ;
    %pushi/vec4 2, 0, 2;
    %assign/vec4 v0xc00e9b2a0_0, 0;
    %jmp T_44.118;
T_44.116 ;
    %pushi/vec4 1, 0, 2;
    %assign/vec4 v0xc00e9b2a0_0, 0;
    %jmp T_44.118;
T_44.117 ;
    %pushi/vec4 0, 0, 2;
    %assign/vec4 v0xc00e9b2a0_0, 0;
    %jmp T_44.118;
T_44.118 ;
    %pop/vec4 1;
    %load/vec4 v0xc00e9c960_0;
    %load/vec4 v0xc00e966c0_0;
    %add;
    %assign/vec4 v0xc00e9c960_0, 0;
    %pushi/vec4 1, 0, 1;
    %store/vec4 v0xc00e9ce60_0, 0, 1;
T_44.113 ;
    %load/vec4 v0xc00e9a300_0;
    %nor/r;
    %flag_set/vec4 9;
    %flag_get/vec4 9;
    %jmp/0 T_44.121, 9;
    %load/vec4 v0xc00e9a580_0;
    %and;
T_44.121;
    %flag_set/vec4 8;
    %jmp/0xz  T_44.119, 8;
    %pushi/vec4 64, 0, 8;
    %assign/vec4 v0xc00e95540_0, 0;
    %pushi/vec4 1, 0, 1;
    %assign/vec4 v0xc00e96bc0_0, 0;
    %pushi/vec4 1, 0, 1;
    %assign/vec4 v0xc00e96a80_0, 0;
T_44.119 ;
T_44.110 ;
    %jmp T_44.15;
T_44.14 ;
    %pushi/vec4 1, 0, 1;
    %assign/vec4 v0xc00e99fe0_0, 0;
    %load/vec4 v0xc00e9a300_0;
    %nor/r;
    %flag_set/vec4 8;
    %jmp/1 T_44.124, 8;
    %load/vec4 v0xc00e9a580_0;
    %flag_set/vec4 9;
    %flag_or 8, 9;
T_44.124;
    %jmp/0xz  T_44.122, 8;
    %load/vec4 v0xc00e9a3a0_0;
    %nor/r;
    %flag_set/vec4 8;
    %jmp/0xz  T_44.125, 8;
    %pushi/vec4 1, 0, 1;
    %dup/vec4;
    %load/vec4 v0xc00e97840_0;
    %flag_set/vec4 8;
    %flag_get/vec4 8;
    %jmp/1 T_44.131, 8;
    %load/vec4 v0xc00e978e0_0;
    %or;
T_44.131;
    %cmp/u;
    %jmp/1 T_44.127, 6;
    %dup/vec4;
    %load/vec4 v0xc00e97980_0;
    %flag_set/vec4 8;
    %flag_get/vec4 8;
    %jmp/1 T_44.132, 8;
    %load/vec4 v0xc00e97a20_0;
    %or;
T_44.132;
    %cmp/u;
    %jmp/1 T_44.128, 6;
    %dup/vec4;
    %load/vec4 v0xc00e97b60_0;
    %cmp/u;
    %jmp/1 T_44.129, 6;
    %jmp T_44.130;
T_44.127 ;
    %pushi/vec4 2, 0, 2;
    %assign/vec4 v0xc00e9b2a0_0, 0;
    %jmp T_44.130;
T_44.128 ;
    %pushi/vec4 1, 0, 2;
    %assign/vec4 v0xc00e9b2a0_0, 0;
    %jmp T_44.130;
T_44.129 ;
    %pushi/vec4 0, 0, 2;
    %assign/vec4 v0xc00e9b2a0_0, 0;
    %jmp T_44.130;
T_44.130 ;
    %pop/vec4 1;
    %load/vec4 v0xc00e99540_0;
    %assign/vec4 v0xc00e99e00_0, 0;
    %load/vec4 v0xc00e97980_0;
    %assign/vec4 v0xc00e99d60_0, 0;
    %load/vec4 v0xc00e97840_0;
    %assign/vec4 v0xc00e99cc0_0, 0;
    %load/vec4 v0xc00e9c960_0;
    %load/vec4 v0xc00e966c0_0;
    %add;
    %assign/vec4 v0xc00e9c960_0, 0;
    %pushi/vec4 1, 0, 1;
    %store/vec4 v0xc00e9cd20_0, 0, 1;
T_44.125 ;
    %load/vec4 v0xc00e9a300_0;
    %nor/r;
    %flag_set/vec4 9;
    %flag_get/vec4 9;
    %jmp/0 T_44.135, 9;
    %load/vec4 v0xc00e9a580_0;
    %and;
T_44.135;
    %flag_set/vec4 8;
    %jmp/0xz  T_44.133, 8;
    %pushi/vec4 1, 0, 1;
    %dup/vec4;
    %load/vec4 v0xc00e99e00_0;
    %cmp/u;
    %jmp/1 T_44.136, 6;
    %dup/vec4;
    %load/vec4 v0xc00e99d60_0;
    %cmp/u;
    %jmp/1 T_44.137, 6;
    %dup/vec4;
    %load/vec4 v0xc00e99cc0_0;
    %cmp/u;
    %jmp/1 T_44.138, 6;
    %jmp T_44.139;
T_44.136 ;
    %load/vec4 v0xc00e9af80_0;
    %assign/vec4 v0xc00e9caa0_0, 0;
    %jmp T_44.139;
T_44.137 ;
    %load/vec4 v0xc00e9af80_0;
    %parti/s 16, 0, 2;
    %pad/s 32;
    %assign/vec4 v0xc00e9caa0_0, 0;
    %jmp T_44.139;
T_44.138 ;
    %load/vec4 v0xc00e9af80_0;
    %parti/s 8, 0, 2;
    %pad/s 32;
    %assign/vec4 v0xc00e9caa0_0, 0;
    %jmp T_44.139;
T_44.139 ;
    %pop/vec4 1;
    %pushi/vec4 1, 0, 1;
    %assign/vec4 v0xc00e96bc0_0, 0;
    %pushi/vec4 1, 0, 1;
    %assign/vec4 v0xc00e96a80_0, 0;
    %pushi/vec4 64, 0, 8;
    %assign/vec4 v0xc00e95540_0, 0;
T_44.133 ;
T_44.122 ;
    %jmp T_44.15;
T_44.15 ;
    %pop/vec4 1;
T_44.6 ;
    %pushi/vec4 1, 0, 1;
    %flag_set/vec4 10;
    %flag_get/vec4 10;
    %jmp/0 T_44.143, 10;
    %load/vec4 v0xc00e9cc80_0;
    %and;
T_44.143;
    %flag_set/vec4 9;
    %flag_get/vec4 9;
    %jmp/0 T_44.142, 9;
    %load/vec4 v0xc00e9a3a0_0;
    %flag_set/vec4 9;
    %flag_get/vec4 9;
    %jmp/1 T_44.144, 9;
    %load/vec4 v0xc00e9a4e0_0;
    %or;
T_44.144;
    %and;
T_44.142;
    %flag_set/vec4 8;
    %jmp/0xz  T_44.140, 8;
    %load/vec4 v0xc00e9b2a0_0;
    %pad/u 32;
    %cmpi/e 0, 0, 32;
    %flag_get/vec4 4;
    %jmp/0 T_44.147, 4;
    %load/vec4 v0xc00e9c960_0;
    %parti/s 2, 0, 2;
    %pad/u 32;
    %pushi/vec4 0, 0, 32;
    %cmp/ne;
    %flag_get/vec4 4;
    %and;
T_44.147;
    %flag_set/vec4 8;
    %jmp/0xz  T_44.145, 8;
    %pushi/vec4 128, 0, 8;
    %assign/vec4 v0xc00e95540_0, 0;
T_44.145 ;
    %load/vec4 v0xc00e9b2a0_0;
    %pad/u 32;
    %cmpi/e 1, 0, 32;
    %flag_get/vec4 4;
    %jmp/0 T_44.150, 4;
    %load/vec4 v0xc00e9c960_0;
    %parti/s 1, 0, 2;
    %pad/u 32;
    %pushi/vec4 0, 0, 32;
    %cmp/ne;
    %flag_get/vec4 4;
    %and;
T_44.150;
    %flag_set/vec4 8;
    %jmp/0xz  T_44.148, 8;
    %pushi/vec4 128, 0, 8;
    %assign/vec4 v0xc00e95540_0, 0;
T_44.148 ;
T_44.140 ;
    %pushi/vec4 1, 0, 1;
    %flag_set/vec4 11;
    %flag_get/vec4 11;
    %jmp/0 T_44.155, 11;
    %load/vec4 v0xc00e9cc80_0;
    %and;
T_44.155;
    %flag_set/vec4 10;
    %flag_get/vec4 10;
    %jmp/0 T_44.154, 10;
    %load/vec4 v0xc00e9a440_0;
    %and;
T_44.154;
    %flag_set/vec4 9;
    %flag_get/vec4 9;
    %jmp/0 T_44.153, 9;
    %load/vec4 v0xc00e9cb40_0;
    %parti/s 2, 0, 2;
    %or/r;
    %and;
T_44.153;
    %flag_set/vec4 8;
    %jmp/0xz  T_44.151, 8;
    %pushi/vec4 128, 0, 8;
    %assign/vec4 v0xc00e95540_0, 0;
T_44.151 ;
    %load/vec4 v0xc00e9cc80_0;
    %nor/r;
    %flag_set/vec4 8;
    %jmp/1 T_44.158, 8;
    %load/vec4 v0xc00e9a580_0;
    %flag_set/vec4 9;
    %flag_or 8, 9;
T_44.158;
    %jmp/0xz  T_44.156, 8;
    %pushi/vec4 0, 0, 1;
    %assign/vec4 v0xc00e9a300_0, 0;
    %pushi/vec4 0, 0, 1;
    %assign/vec4 v0xc00e9a440_0, 0;
    %pushi/vec4 0, 0, 1;
    %assign/vec4 v0xc00e9a3a0_0, 0;
    %pushi/vec4 0, 0, 1;
    %assign/vec4 v0xc00e9a4e0_0, 0;
T_44.156 ;
    %load/vec4 v0xc00e9cdc0_0;
    %flag_set/vec4 8;
    %jmp/0xz  T_44.159, 8;
    %pushi/vec4 1, 0, 1;
    %assign/vec4 v0xc00e9a440_0, 0;
T_44.159 ;
    %load/vec4 v0xc00e9cd20_0;
    %flag_set/vec4 8;
    %jmp/0xz  T_44.161, 8;
    %pushi/vec4 1, 0, 1;
    %assign/vec4 v0xc00e9a3a0_0, 0;
T_44.161 ;
    %load/vec4 v0xc00e9ce60_0;
    %flag_set/vec4 8;
    %jmp/0xz  T_44.163, 8;
    %pushi/vec4 1, 0, 1;
    %assign/vec4 v0xc00e9a4e0_0, 0;
T_44.163 ;
    %load/vec4 v0xc00e9b5c0_0;
    %pushi/vec4 4294967295, 0, 32;
    %and;
    %assign/vec4 v0xc00e99040_0, 0;
    %pushi/vec4 4294967295, 4294967295, 32;
    %store/vec4 v0xc00e95900_0, 0, 32;
    %jmp T_44;
    .thread T_44;
    .scope S_0x1054848c0;
T_45 ;
    %wait E_0xc00e53480;
    %load/vec4 v0xc00e9e440_0;
    %flag_set/vec4 8;
    %jmp/0xz  T_45.0, 8;
    %pushi/vec4 0, 0, 32;
    %assign/vec4 v0xc00e9e580_0, 0;
    %pushi/vec4 0, 0, 32;
    %assign/vec4 v0xc00e9e760_0, 0;
    %pushi/vec4 0, 0, 1;
    %assign/vec4 v0xc00e9e940_0, 0;
    %pushi/vec4 0, 0, 4;
    %assign/vec4 v0xc00e9e800_0, 0;
    %pushi/vec4 0, 0, 1;
    %assign/vec4 v0xc00e9e8a0_0, 0;
    %pushi/vec4 0, 0, 1;
    %assign/vec4 v0xc00e9e620_0, 0;
    %pushi/vec4 0, 0, 2;
    %assign/vec4 v0xc00e9e120_0, 0;
    %jmp T_45.1;
T_45.0 ;
    %load/vec4 v0xc00e9e120_0;
    %dup/vec4;
    %pushi/vec4 0, 0, 2;
    %cmp/u;
    %jmp/1 T_45.2, 6;
    %dup/vec4;
    %pushi/vec4 1, 0, 2;
    %cmp/u;
    %jmp/1 T_45.3, 6;
    %dup/vec4;
    %pushi/vec4 2, 0, 2;
    %cmp/u;
    %jmp/1 T_45.4, 6;
    %pushi/vec4 0, 0, 2;
    %assign/vec4 v0xc00e9e120_0, 0;
    %jmp T_45.6;
T_45.2 ;
    %load/vec4 v0xc00e9d9a0_0;
    %flag_set/vec4 8;
    %jmp/0xz  T_45.7, 8;
    %load/vec4 v0xc00e9d720_0;
    %assign/vec4 v0xc00e9e580_0, 0;
    %load/vec4 v0xc00e9da40_0;
    %assign/vec4 v0xc00e9e760_0, 0;
    %load/vec4 v0xc00e9e9e0_0;
    %assign/vec4 v0xc00e9e940_0, 0;
    %load/vec4 v0xc00e9dae0_0;
    %assign/vec4 v0xc00e9e800_0, 0;
    %pushi/vec4 1, 0, 1;
    %assign/vec4 v0xc00e9e8a0_0, 0;
    %pushi/vec4 1, 0, 1;
    %assign/vec4 v0xc00e9e620_0, 0;
    %pushi/vec4 1, 0, 2;
    %assign/vec4 v0xc00e9e120_0, 0;
    %jmp T_45.8;
T_45.7 ;
    %pushi/vec4 0, 0, 1;
    %assign/vec4 v0xc00e9d900_0, 0;
    %pushi/vec4 0, 0, 1;
    %assign/vec4 v0xc00e9e8a0_0, 0;
    %pushi/vec4 0, 0, 1;
    %assign/vec4 v0xc00e9e620_0, 0;
    %pushi/vec4 0, 0, 1;
    %assign/vec4 v0xc00e9e940_0, 0;
T_45.8 ;
    %jmp T_45.6;
T_45.3 ;
    %load/vec4 v0xc00e9e4e0_0;
    %flag_set/vec4 8;
    %jmp/0xz  T_45.9, 8;
    %load/vec4 v0xc00e9e6c0_0;
    %assign/vec4 v0xc00e9d860_0, 0;
    %pushi/vec4 1, 0, 1;
    %assign/vec4 v0xc00e9d900_0, 0;
    %pushi/vec4 2, 0, 2;
    %assign/vec4 v0xc00e9e120_0, 0;
    %pushi/vec4 0, 0, 1;
    %assign/vec4 v0xc00e9e8a0_0, 0;
    %pushi/vec4 0, 0, 1;
    %assign/vec4 v0xc00e9e620_0, 0;
    %pushi/vec4 0, 0, 1;
    %assign/vec4 v0xc00e9e940_0, 0;
T_45.9 ;
    %jmp T_45.6;
T_45.4 ;
    %pushi/vec4 0, 0, 1;
    %assign/vec4 v0xc00e9d900_0, 0;
    %pushi/vec4 0, 0, 2;
    %assign/vec4 v0xc00e9e120_0, 0;
    %jmp T_45.6;
T_45.6 ;
    %pop/vec4 1;
T_45.1 ;
    %jmp T_45;
    .thread T_45;
    .scope S_0xc00e7d380;
T_46 ;
    %wait E_0xc00e53a00;
    %load/vec4 v0xc00ea4c80_0;
    %flag_set/vec4 8;
    %jmp/0 T_46.0, 8;
    %load/vec4 v0xc00ea8c80_0;
    %load/vec4 v0xc00ea8d20_0;
    %sub;
    %jmp/1 T_46.1, 8;
T_46.0 ; End of true expr.
    %load/vec4 v0xc00ea8c80_0;
    %load/vec4 v0xc00ea8d20_0;
    %add;
    %jmp/0 T_46.1, 8;
 ; End of false expr.
    %blend;
T_46.1;
    %store/vec4 v0xc00ea0960_0, 0, 32;
    %load/vec4 v0xc00ea8c80_0;
    %load/vec4 v0xc00ea8d20_0;
    %cmp/e;
    %flag_get/vec4 4;
    %store/vec4 v0xc00ea0a00_0, 0, 1;
    %load/vec4 v0xc00ea8c80_0;
    %load/vec4 v0xc00ea8d20_0;
    %cmp/s;
    %flag_get/vec4 5;
    %store/vec4 v0xc00ea0aa0_0, 0, 1;
    %load/vec4 v0xc00ea8c80_0;
    %load/vec4 v0xc00ea8d20_0;
    %cmp/u;
    %flag_get/vec4 5;
    %store/vec4 v0xc00ea0b40_0, 0, 1;
    %load/vec4 v0xc00ea8c80_0;
    %load/vec4 v0xc00ea8d20_0;
    %parti/s 5, 0, 2;
    %ix/vec4 4;
    %shiftl 4;
    %store/vec4 v0xc00ea0e60_0, 0, 32;
    %load/vec4 v0xc00ea4a00_0;
    %flag_set/vec4 8;
    %jmp/1 T_46.4, 8;
    %load/vec4 v0xc00ea4aa0_0;
    %flag_set/vec4 9;
    %flag_or 8, 9;
T_46.4;
    %jmp/0 T_46.2, 8;
    %load/vec4 v0xc00ea8c80_0;
    %parti/s 1, 31, 6;
    %jmp/1 T_46.3, 8;
T_46.2 ; End of true expr.
    %pushi/vec4 0, 0, 1;
    %jmp/0 T_46.3, 8;
 ; End of false expr.
    %blend;
T_46.3;
    %load/vec4 v0xc00ea8c80_0;
    %concat/vec4; draw_concat_vec4
    %load/vec4 v0xc00ea8d20_0;
    %parti/s 5, 0, 2;
    %ix/vec4 4;
    %shiftr/s 4;
    %pad/s 32;
    %store/vec4 v0xc00ea0f00_0, 0, 32;
    %jmp T_46;
    .thread T_46, $push;
    .scope S_0xc00e7cc00;
T_47 ;
    %end;
    .thread T_47;
    .scope S_0xc00e7cc00;
T_48 ;
    %wait E_0xc00e539c0;
    %pushi/vec4 0, 0, 1;
    %store/vec4 v0xc00ea7f20_0, 0, 1;
    %pushi/vec4 4294967295, 4294967295, 32;
    %store/vec4 v0xc00ea7d40_0, 0, 32;
    %pushi/vec4 0, 0, 1;
    %store/vec4 v0xc00ea7e80_0, 0, 1;
    %pushi/vec4 0, 0, 1;
    %store/vec4 v0xc00ea7de0_0, 0, 1;
    %pushi/vec4 1, 0, 1;
    %dup/vec4;
    %pushi/vec4 0, 0, 1;
    %cmp/u;
    %jmp/1 T_48.0, 6;
    %dup/vec4;
    %pushi/vec4 0, 0, 1;
    %cmp/u;
    %jmp/1 T_48.1, 6;
    %dup/vec4;
    %pushi/vec4 0, 0, 1;
    %cmp/u;
    %jmp/1 T_48.2, 6;
    %jmp T_48.3;
T_48.0 ;
    %pushi/vec4 0, 0, 1;
    %store/vec4 v0xc00ea7f20_0, 0, 1;
    %pushi/vec4 0, 0, 32;
    %store/vec4 v0xc00ea7d40_0, 0, 32;
    %jmp T_48.3;
T_48.1 ;
    %load/vec4 v0xc00ea81e0_0;
    %store/vec4 v0xc00ea7f20_0, 0, 1;
    %load/vec4 v0xc00ea8000_0;
    %store/vec4 v0xc00ea7d40_0, 0, 32;
    %jmp T_48.3;
T_48.2 ;
    %load/vec4 v0xc00ea7c00_0;
    %store/vec4 v0xc00ea7f20_0, 0, 1;
    %load/vec4 v0xc00ea7a20_0;
    %store/vec4 v0xc00ea7d40_0, 0, 32;
    %jmp T_48.3;
T_48.3 ;
    %pop/vec4 1;
    %jmp T_48;
    .thread T_48, $push;
    .scope S_0xc00e7cc00;
T_49 ;
    %wait E_0xc00e53780;
    %load/vec4 v0xc00ea8fa0_0;
    %nor/r;
    %flag_set/vec4 8;
    %jmp/0xz  T_49.0, 8;
    %pushi/vec4 0, 0, 1;
    %assign/vec4 v0xc00ea6b20_0, 0;
    %pushi/vec4 0, 0, 1;
    %assign/vec4 v0xc00ea5e00_0, 0;
    %jmp T_49.1;
T_49.0 ;
    %load/vec4 v0xc00ea5e00_0;
    %nor/r;
    %flag_set/vec4 8;
    %jmp/0xz  T_49.2, 8;
    %load/vec4 v0xc00ea6a80_0;
    %assign/vec4 v0xc00ea6b20_0, 0;
T_49.2 ;
    %load/vec4 v0xc00ea7480_0;
    %flag_set/vec4 8;
    %flag_get/vec4 8;
    %jmp/0 T_49.4, 8;
    %load/vec4 v0xc00ea7340_0;
    %nor/r;
    %and;
T_49.4;
    %assign/vec4 v0xc00ea5e00_0, 0;
T_49.1 ;
    %jmp T_49;
    .thread T_49;
    .scope S_0xc00e7cc00;
T_50 ;
    %wait E_0xc00e53980;
    %load/vec4 v0xc00ea75c0_0;
    %dup/vec4;
    %pushi/vec4 0, 0, 2;
    %cmp/u;
    %jmp/1 T_50.0, 6;
    %dup/vec4;
    %pushi/vec4 1, 0, 2;
    %cmp/u;
    %jmp/1 T_50.1, 6;
    %dup/vec4;
    %pushi/vec4 2, 0, 2;
    %cmp/u;
    %jmp/1 T_50.2, 6;
    %jmp T_50.3;
T_50.0 ;
    %load/vec4 v0xc00ea8d20_0;
    %store/vec4 v0xc00ea6e40_0, 0, 32;
    %pushi/vec4 15, 0, 4;
    %store/vec4 v0xc00ea6f80_0, 0, 4;
    %load/vec4 v0xc00ea7020_0;
    %store/vec4 v0xc00ea72a0_0, 0, 32;
    %jmp T_50.3;
T_50.1 ;
    %load/vec4 v0xc00ea8d20_0;
    %parti/s 16, 0, 2;
    %replicate 2;
    %store/vec4 v0xc00ea6e40_0, 0, 32;
    %load/vec4 v0xc00ea8c80_0;
    %parti/s 1, 1, 2;
    %flag_set/vec4 8;
    %jmp/0 T_50.4, 8;
    %pushi/vec4 12, 0, 4;
    %jmp/1 T_50.5, 8;
T_50.4 ; End of true expr.
    %pushi/vec4 3, 0, 4;
    %jmp/0 T_50.5, 8;
 ; End of false expr.
    %blend;
T_50.5;
    %store/vec4 v0xc00ea6f80_0, 0, 4;
    %load/vec4 v0xc00ea8c80_0;
    %parti/s 1, 1, 2;
    %dup/vec4;
    %pushi/vec4 0, 0, 1;
    %cmp/u;
    %jmp/1 T_50.6, 6;
    %dup/vec4;
    %pushi/vec4 1, 0, 1;
    %cmp/u;
    %jmp/1 T_50.7, 6;
    %jmp T_50.8;
T_50.6 ;
    %pushi/vec4 0, 0, 16;
    %load/vec4 v0xc00ea7020_0;
    %parti/s 16, 0, 2;
    %concat/vec4; draw_concat_vec4
    %store/vec4 v0xc00ea72a0_0, 0, 32;
    %jmp T_50.8;
T_50.7 ;
    %pushi/vec4 0, 0, 16;
    %load/vec4 v0xc00ea7020_0;
    %parti/s 16, 16, 6;
    %concat/vec4; draw_concat_vec4
    %store/vec4 v0xc00ea72a0_0, 0, 32;
    %jmp T_50.8;
T_50.8 ;
    %pop/vec4 1;
    %jmp T_50.3;
T_50.2 ;
    %load/vec4 v0xc00ea8d20_0;
    %parti/s 8, 0, 2;
    %replicate 4;
    %store/vec4 v0xc00ea6e40_0, 0, 32;
    %pushi/vec4 1, 0, 4;
    %load/vec4 v0xc00ea8c80_0;
    %parti/s 2, 0, 2;
    %ix/vec4 4;
    %shiftl 4;
    %store/vec4 v0xc00ea6f80_0, 0, 4;
    %load/vec4 v0xc00ea8c80_0;
    %parti/s 2, 0, 2;
    %dup/vec4;
    %pushi/vec4 0, 0, 2;
    %cmp/u;
    %jmp/1 T_50.9, 6;
    %dup/vec4;
    %pushi/vec4 1, 0, 2;
    %cmp/u;
    %jmp/1 T_50.10, 6;
    %dup/vec4;
    %pushi/vec4 2, 0, 2;
    %cmp/u;
    %jmp/1 T_50.11, 6;
    %dup/vec4;
    %pushi/vec4 3, 0, 2;
    %cmp/u;
    %jmp/1 T_50.12, 6;
    %jmp T_50.13;
T_50.9 ;
    %pushi/vec4 0, 0, 24;
    %load/vec4 v0xc00ea7020_0;
    %parti/s 8, 0, 2;
    %concat/vec4; draw_concat_vec4
    %store/vec4 v0xc00ea72a0_0, 0, 32;
    %jmp T_50.13;
T_50.10 ;
    %pushi/vec4 0, 0, 24;
    %load/vec4 v0xc00ea7020_0;
    %parti/s 8, 8, 5;
    %concat/vec4; draw_concat_vec4
    %store/vec4 v0xc00ea72a0_0, 0, 32;
    %jmp T_50.13;
T_50.11 ;
    %pushi/vec4 0, 0, 24;
    %load/vec4 v0xc00ea7020_0;
    %parti/s 8, 16, 6;
    %concat/vec4; draw_concat_vec4
    %store/vec4 v0xc00ea72a0_0, 0, 32;
    %jmp T_50.13;
T_50.12 ;
    %pushi/vec4 0, 0, 24;
    %load/vec4 v0xc00ea7020_0;
    %parti/s 8, 24, 6;
    %concat/vec4; draw_concat_vec4
    %store/vec4 v0xc00ea72a0_0, 0, 32;
    %jmp T_50.13;
T_50.13 ;
    %pop/vec4 1;
    %jmp T_50.3;
T_50.3 ;
    %pop/vec4 1;
    %jmp T_50;
    .thread T_50, $push;
    .scope S_0xc00e7cc00;
T_51 ;
    %wait E_0xc00e53780;
    %load/vec4 v0xc00ea7700_0;
    %flag_set/vec4 8;
    %jmp/0xz  T_51.0, 8;
    %load/vec4 v0xc00ea7020_0;
    %assign/vec4 v0xc00ea7200_0, 0;
    %load/vec4 v0xc00ea7020_0;
    %assign/vec4 v0xc00ea7840_0, 0;
T_51.0 ;
    %jmp T_51;
    .thread T_51;
    .scope S_0xc00e7cc00;
T_52 ;
    %wait E_0xc00e53780;
    %load/vec4 v0xc00ea8fa0_0;
    %flag_set/vec4 9;
    %flag_get/vec4 9;
    %jmp/0 T_52.2, 9;
    %load/vec4 v0xc00ea9400_0;
    %nor/r;
    %and;
T_52.2;
    %flag_set/vec4 8;
    %jmp/0xz  T_52.0, 8;
    %load/vec4 v0xc00ea6620_0;
    %flag_set/vec4 8;
    %jmp/1 T_52.6, 8;
    %load/vec4 v0xc00ea6760_0;
    %flag_set/vec4 9;
    %flag_or 8, 9;
T_52.6;
    %jmp/1 T_52.5, 8;
    %load/vec4 v0xc00ea66c0_0;
    %flag_set/vec4 9;
    %flag_or 8, 9;
T_52.5;
    %jmp/0xz  T_52.3, 8;
    %fork TD_tb.dut.cpu.empty_statement, S_0xc00e7cf00;
    %join;
T_52.3 ;
    %load/vec4 v0xc00ea6620_0;
    %flag_set/vec4 8;
    %jmp/1 T_52.9, 8;
    %load/vec4 v0xc00ea6760_0;
    %flag_set/vec4 9;
    %flag_or 8, 9;
T_52.9;
    %jmp/0xz  T_52.7, 8;
    %fork TD_tb.dut.cpu.empty_statement, S_0xc00e7cf00;
    %join;
T_52.7 ;
    %load/vec4 v0xc00ea66c0_0;
    %flag_set/vec4 8;
    %jmp/0xz  T_52.10, 8;
    %fork TD_tb.dut.cpu.empty_statement, S_0xc00e7cf00;
    %join;
T_52.10 ;
    %load/vec4 v0xc00ea6800_0;
    %flag_set/vec4 8;
    %jmp/0xz  T_52.12, 8;
    %fork TD_tb.dut.cpu.empty_statement, S_0xc00e7cf00;
    %join;
T_52.12 ;
    %load/vec4 v0xc00ea73e0_0;
    %pad/u 32;
    %cmpi/e 2, 0, 32;
    %jmp/1 T_52.16, 4;
    %flag_mov 8, 4;
    %load/vec4 v0xc00ea73e0_0;
    %pad/u 32;
    %cmpi/e 3, 0, 32;
    %flag_or 4, 8;
T_52.16;
    %jmp/0xz  T_52.14, 4;
    %fork TD_tb.dut.cpu.empty_statement, S_0xc00e7cf00;
    %join;
T_52.14 ;
T_52.0 ;
    %jmp T_52;
    .thread T_52;
    .scope S_0xc00e7cc00;
T_53 ;
    %wait E_0xc00e53780;
    %load/vec4 v0xc00ea8fa0_0;
    %nor/r;
    %flag_set/vec4 8;
    %jmp/1 T_53.2, 8;
    %load/vec4 v0xc00ea9400_0;
    %flag_set/vec4 9;
    %flag_or 8, 9;
T_53.2;
    %jmp/0xz  T_53.0, 8;
    %load/vec4 v0xc00ea8fa0_0;
    %nor/r;
    %flag_set/vec4 8;
    %jmp/0xz  T_53.3, 8;
    %pushi/vec4 0, 0, 2;
    %assign/vec4 v0xc00ea73e0_0, 0;
T_53.3 ;
    %load/vec4 v0xc00ea8fa0_0;
    %nor/r;
    %flag_set/vec4 8;
    %jmp/1 T_53.7, 8;
    %load/vec4 v0xc00ea7340_0;
    %flag_set/vec4 9;
    %flag_or 8, 9;
T_53.7;
    %jmp/0xz  T_53.5, 8;
    %pushi/vec4 0, 0, 1;
    %assign/vec4 v0xc00ea7480_0, 0;
T_53.5 ;
    %pushi/vec4 0, 0, 1;
    %assign/vec4 v0xc00ea6d00_0, 0;
    %pushi/vec4 0, 0, 1;
    %assign/vec4 v0xc00ea8780_0, 0;
    %jmp T_53.1;
T_53.0 ;
    %load/vec4 v0xc00ea6c60_0;
    %flag_set/vec4 8;
    %jmp/1 T_53.10, 8;
    %load/vec4 v0xc00ea6ee0_0;
    %flag_set/vec4 9;
    %flag_or 8, 9;
T_53.10;
    %jmp/0xz  T_53.8, 8;
    %load/vec4 v0xc00ea69e0_0;
    %assign/vec4 v0xc00ea64e0_0, 0;
    %load/vec4 v0xc00ea6f80_0;
    %load/vec4 v0xc00ea6ee0_0;
    %replicate 4;
    %and;
    %assign/vec4 v0xc00ea7660_0, 0;
T_53.8 ;
    %load/vec4 v0xc00ea6ee0_0;
    %flag_set/vec4 8;
    %jmp/0xz  T_53.11, 8;
    %load/vec4 v0xc00ea6e40_0;
    %assign/vec4 v0xc00ea7520_0, 0;
T_53.11 ;
    %load/vec4 v0xc00ea73e0_0;
    %dup/vec4;
    %pushi/vec4 0, 0, 2;
    %cmp/u;
    %jmp/1 T_53.13, 6;
    %dup/vec4;
    %pushi/vec4 1, 0, 2;
    %cmp/u;
    %jmp/1 T_53.14, 6;
    %dup/vec4;
    %pushi/vec4 2, 0, 2;
    %cmp/u;
    %jmp/1 T_53.15, 6;
    %dup/vec4;
    %pushi/vec4 3, 0, 2;
    %cmp/u;
    %jmp/1 T_53.16, 6;
    %jmp T_53.17;
T_53.13 ;
    %load/vec4 v0xc00ea6620_0;
    %flag_set/vec4 8;
    %jmp/1 T_53.21, 8;
    %load/vec4 v0xc00ea6760_0;
    %flag_set/vec4 9;
    %flag_or 8, 9;
T_53.21;
    %jmp/1 T_53.20, 8;
    %load/vec4 v0xc00ea66c0_0;
    %flag_set/vec4 9;
    %flag_or 8, 9;
T_53.20;
    %jmp/0xz  T_53.18, 8;
    %load/vec4 v0xc00ea6da0_0;
    %nor/r;
    %assign/vec4 v0xc00ea7480_0, 0;
    %load/vec4 v0xc00ea6620_0;
    %flag_set/vec4 8;
    %flag_get/vec4 8;
    %jmp/1 T_53.22, 8;
    %load/vec4 v0xc00ea6760_0;
    %or;
T_53.22;
    %assign/vec4 v0xc00ea6940_0, 0;
    %pushi/vec4 0, 0, 4;
    %assign/vec4 v0xc00ea7660_0, 0;
    %pushi/vec4 1, 0, 2;
    %assign/vec4 v0xc00ea73e0_0, 0;
T_53.18 ;
    %load/vec4 v0xc00ea6800_0;
    %flag_set/vec4 8;
    %jmp/0xz  T_53.23, 8;
    %pushi/vec4 1, 0, 1;
    %assign/vec4 v0xc00ea7480_0, 0;
    %pushi/vec4 0, 0, 1;
    %assign/vec4 v0xc00ea6940_0, 0;
    %pushi/vec4 2, 0, 2;
    %assign/vec4 v0xc00ea73e0_0, 0;
T_53.23 ;
    %jmp T_53.17;
T_53.14 ;
    %fork TD_tb.dut.cpu.empty_statement, S_0xc00e7cf00;
    %join;
    %fork TD_tb.dut.cpu.empty_statement, S_0xc00e7cf00;
    %join;
    %fork TD_tb.dut.cpu.empty_statement, S_0xc00e7cf00;
    %join;
    %fork TD_tb.dut.cpu.empty_statement, S_0xc00e7cf00;
    %join;
    %load/vec4 v0xc00ea7700_0;
    %flag_set/vec4 8;
    %jmp/0xz  T_53.25, 8;
    %pushi/vec4 0, 0, 1;
    %assign/vec4 v0xc00ea7480_0, 0;
    %pushi/vec4 0, 0, 1;
    %assign/vec4 v0xc00ea6d00_0, 0;
    %load/vec4 v0xc00ea6760_0;
    %flag_set/vec4 8;
    %jmp/1 T_53.29, 8;
    %load/vec4 v0xc00ea66c0_0;
    %flag_set/vec4 9;
    %flag_or 8, 9;
T_53.29;
    %jmp/0 T_53.27, 8;
    %pushi/vec4 0, 0, 3;
    %jmp/1 T_53.28, 8;
T_53.27 ; End of true expr.
    %pushi/vec4 3, 0, 3;
    %jmp/0 T_53.28, 8;
 ; End of false expr.
    %blend;
T_53.28;
    %pad/s 2;
    %assign/vec4 v0xc00ea73e0_0, 0;
T_53.25 ;
    %jmp T_53.17;
T_53.15 ;
    %fork TD_tb.dut.cpu.empty_statement, S_0xc00e7cf00;
    %join;
    %fork TD_tb.dut.cpu.empty_statement, S_0xc00e7cf00;
    %join;
    %load/vec4 v0xc00ea7700_0;
    %flag_set/vec4 8;
    %jmp/0xz  T_53.30, 8;
    %pushi/vec4 0, 0, 1;
    %assign/vec4 v0xc00ea7480_0, 0;
    %pushi/vec4 0, 0, 2;
    %assign/vec4 v0xc00ea73e0_0, 0;
T_53.30 ;
    %jmp T_53.17;
T_53.16 ;
    %fork TD_tb.dut.cpu.empty_statement, S_0xc00e7cf00;
    %join;
    %fork TD_tb.dut.cpu.empty_statement, S_0xc00e7cf00;
    %join;
    %load/vec4 v0xc00ea6760_0;
    %flag_set/vec4 8;
    %jmp/0xz  T_53.32, 8;
    %pushi/vec4 0, 0, 2;
    %assign/vec4 v0xc00ea73e0_0, 0;
T_53.32 ;
    %jmp T_53.17;
T_53.17 ;
    %pop/vec4 1;
T_53.1 ;
    %load/vec4 v0xc00ea14a0_0;
    %flag_set/vec4 8;
    %jmp/0xz  T_53.34, 8;
    %pushi/vec4 0, 0, 1;
    %assign/vec4 v0xc00ea8780_0, 0;
T_53.34 ;
    %jmp T_53;
    .thread T_53;
    .scope S_0xc00e7cc00;
T_54 ;
    %wait E_0xc00e53940;
    %pushi/vec4 0, 0, 32; draw_string_vec4
    %pushi/vec4 0, 0, 32; draw_string_vec4
    %concat/vec4; draw_string_vec4
    %store/vec4 v0xc00ea77a0_0, 0, 64;
    %load/vec4 v0xc00ea3de0_0;
    %flag_set/vec4 8;
    %jmp/0xz  T_54.0, 8;
    %pushi/vec4 0, 0, 32; draw_string_vec4
    %pushi/vec4 7107945, 0, 32; draw_string_vec4
    %concat/vec4; draw_string_vec4
    %store/vec4 v0xc00ea77a0_0, 0, 64;
T_54.0 ;
    %load/vec4 v0xc00ea33e0_0;
    %flag_set/vec4 8;
    %jmp/0xz  T_54.2, 8;
    %pushi/vec4 97, 0, 32; draw_string_vec4
    %pushi/vec4 1969844323, 0, 32; draw_string_vec4
    %concat/vec4; draw_string_vec4
    %store/vec4 v0xc00ea77a0_0, 0, 64;
T_54.2 ;
    %load/vec4 v0xc00ea3a20_0;
    %flag_set/vec4 8;
    %jmp/0xz  T_54.4, 8;
    %pushi/vec4 0, 0, 32; draw_string_vec4
    %pushi/vec4 6971756, 0, 32; draw_string_vec4
    %concat/vec4; draw_string_vec4
    %store/vec4 v0xc00ea77a0_0, 0, 64;
T_54.4 ;
    %load/vec4 v0xc00ea3ac0_0;
    %flag_set/vec4 8;
    %jmp/0xz  T_54.6, 8;
    %pushi/vec4 0, 0, 32; draw_string_vec4
    %pushi/vec4 1784769650, 0, 32; draw_string_vec4
    %concat/vec4; draw_string_vec4
    %store/vec4 v0xc00ea77a0_0, 0, 64;
T_54.6 ;
    %load/vec4 v0xc00ea3480_0;
    %flag_set/vec4 8;
    %jmp/0xz  T_54.8, 8;
    %pushi/vec4 0, 0, 32; draw_string_vec4
    %pushi/vec4 6448497, 0, 32; draw_string_vec4
    %concat/vec4; draw_string_vec4
    %store/vec4 v0xc00ea77a0_0, 0, 64;
T_54.8 ;
    %load/vec4 v0xc00ea37a0_0;
    %flag_set/vec4 8;
    %jmp/0xz  T_54.10, 8;
    %pushi/vec4 0, 0, 32; draw_string_vec4
    %pushi/vec4 6450789, 0, 32; draw_string_vec4
    %concat/vec4; draw_string_vec4
    %store/vec4 v0xc00ea77a0_0, 0, 64;
T_54.10 ;
    %load/vec4 v0xc00ea3660_0;
    %flag_set/vec4 8;
    %jmp/0xz  T_54.12, 8;
    %pushi/vec4 0, 0, 32; draw_string_vec4
    %pushi/vec4 6450292, 0, 32; draw_string_vec4
    %concat/vec4; draw_string_vec4
    %store/vec4 v0xc00ea77a0_0, 0, 64;
T_54.12 ;
    %load/vec4 v0xc00ea3520_0;
    %flag_set/vec4 8;
    %jmp/0xz  T_54.14, 8;
    %pushi/vec4 0, 0, 32; draw_string_vec4
    %pushi/vec4 6448997, 0, 32; draw_string_vec4
    %concat/vec4; draw_string_vec4
    %store/vec4 v0xc00ea77a0_0, 0, 64;
T_54.14 ;
    %load/vec4 v0xc00ea3700_0;
    %flag_set/vec4 8;
    %jmp/0xz  T_54.16, 8;
    %pushi/vec4 0, 0, 32; draw_string_vec4
    %pushi/vec4 1651274869, 0, 32; draw_string_vec4
    %concat/vec4; draw_string_vec4
    %store/vec4 v0xc00ea77a0_0, 0, 64;
T_54.16 ;
    %load/vec4 v0xc00ea35c0_0;
    %flag_set/vec4 8;
    %jmp/0xz  T_54.18, 8;
    %pushi/vec4 0, 0, 32; draw_string_vec4
    %pushi/vec4 1650943349, 0, 32; draw_string_vec4
    %concat/vec4; draw_string_vec4
    %store/vec4 v0xc00ea77a0_0, 0, 64;
T_54.18 ;
    %load/vec4 v0xc00ea3b60_0;
    %flag_set/vec4 8;
    %jmp/0xz  T_54.20, 8;
    %pushi/vec4 0, 0, 32; draw_string_vec4
    %pushi/vec4 27746, 0, 32; draw_string_vec4
    %concat/vec4; draw_string_vec4
    %store/vec4 v0xc00ea77a0_0, 0, 64;
T_54.20 ;
    %load/vec4 v0xc00ea3ca0_0;
    %flag_set/vec4 8;
    %jmp/0xz  T_54.22, 8;
    %pushi/vec4 0, 0, 32; draw_string_vec4
    %pushi/vec4 27752, 0, 32; draw_string_vec4
    %concat/vec4; draw_string_vec4
    %store/vec4 v0xc00ea77a0_0, 0, 64;
T_54.22 ;
    %load/vec4 v0xc00ea3e80_0;
    %flag_set/vec4 8;
    %jmp/0xz  T_54.24, 8;
    %pushi/vec4 0, 0, 32; draw_string_vec4
    %pushi/vec4 27767, 0, 32; draw_string_vec4
    %concat/vec4; draw_string_vec4
    %store/vec4 v0xc00ea77a0_0, 0, 64;
T_54.24 ;
    %load/vec4 v0xc00ea3c00_0;
    %flag_set/vec4 8;
    %jmp/0xz  T_54.26, 8;
    %pushi/vec4 0, 0, 32; draw_string_vec4
    %pushi/vec4 7103093, 0, 32; draw_string_vec4
    %concat/vec4; draw_string_vec4
    %store/vec4 v0xc00ea77a0_0, 0, 64;
T_54.26 ;
    %load/vec4 v0xc00ea3d40_0;
    %flag_set/vec4 8;
    %jmp/0xz  T_54.28, 8;
    %pushi/vec4 0, 0, 32; draw_string_vec4
    %pushi/vec4 7104629, 0, 32; draw_string_vec4
    %concat/vec4; draw_string_vec4
    %store/vec4 v0xc00ea77a0_0, 0, 64;
T_54.28 ;
    %load/vec4 v0xc00ea4460_0;
    %flag_set/vec4 8;
    %jmp/0xz  T_54.30, 8;
    %pushi/vec4 0, 0, 32; draw_string_vec4
    %pushi/vec4 29538, 0, 32; draw_string_vec4
    %concat/vec4; draw_string_vec4
    %store/vec4 v0xc00ea77a0_0, 0, 64;
T_54.30 ;
    %load/vec4 v0xc00ea45a0_0;
    %flag_set/vec4 8;
    %jmp/0xz  T_54.32, 8;
    %pushi/vec4 0, 0, 32; draw_string_vec4
    %pushi/vec4 29544, 0, 32; draw_string_vec4
    %concat/vec4; draw_string_vec4
    %store/vec4 v0xc00ea77a0_0, 0, 64;
T_54.32 ;
    %load/vec4 v0xc00ea4d20_0;
    %flag_set/vec4 8;
    %jmp/0xz  T_54.34, 8;
    %pushi/vec4 0, 0, 32; draw_string_vec4
    %pushi/vec4 29559, 0, 32; draw_string_vec4
    %concat/vec4; draw_string_vec4
    %store/vec4 v0xc00ea77a0_0, 0, 64;
T_54.34 ;
    %load/vec4 v0xc00ea3200_0;
    %flag_set/vec4 8;
    %jmp/0xz  T_54.36, 8;
    %pushi/vec4 0, 0, 32; draw_string_vec4
    %pushi/vec4 1633969257, 0, 32; draw_string_vec4
    %concat/vec4; draw_string_vec4
    %store/vec4 v0xc00ea77a0_0, 0, 64;
T_54.36 ;
    %load/vec4 v0xc00ea4820_0;
    %flag_set/vec4 8;
    %jmp/0xz  T_54.38, 8;
    %pushi/vec4 0, 0, 32; draw_string_vec4
    %pushi/vec4 1936487529, 0, 32; draw_string_vec4
    %concat/vec4; draw_string_vec4
    %store/vec4 v0xc00ea77a0_0, 0, 64;
T_54.38 ;
    %load/vec4 v0xc00ea48c0_0;
    %flag_set/vec4 8;
    %jmp/0xz  T_54.40, 8;
    %pushi/vec4 115, 0, 32; draw_string_vec4
    %pushi/vec4 1819568501, 0, 32; draw_string_vec4
    %concat/vec4; draw_string_vec4
    %store/vec4 v0xc00ea77a0_0, 0, 64;
T_54.40 ;
    %load/vec4 v0xc00ea5040_0;
    %flag_set/vec4 8;
    %jmp/0xz  T_54.42, 8;
    %pushi/vec4 0, 0, 32; draw_string_vec4
    %pushi/vec4 2020569705, 0, 32; draw_string_vec4
    %concat/vec4; draw_string_vec4
    %store/vec4 v0xc00ea77a0_0, 0, 64;
T_54.42 ;
    %load/vec4 v0xc00ea40a0_0;
    %flag_set/vec4 8;
    %jmp/0xz  T_54.44, 8;
    %pushi/vec4 0, 0, 32; draw_string_vec4
    %pushi/vec4 7303785, 0, 32; draw_string_vec4
    %concat/vec4; draw_string_vec4
    %store/vec4 v0xc00ea77a0_0, 0, 64;
T_54.44 ;
    %load/vec4 v0xc00ea3340_0;
    %flag_set/vec4 8;
    %jmp/0xz  T_54.46, 8;
    %pushi/vec4 0, 0, 32; draw_string_vec4
    %pushi/vec4 1634624617, 0, 32; draw_string_vec4
    %concat/vec4; draw_string_vec4
    %store/vec4 v0xc00ea77a0_0, 0, 64;
T_54.46 ;
    %load/vec4 v0xc00ea46e0_0;
    %flag_set/vec4 8;
    %jmp/0xz  T_54.48, 8;
    %pushi/vec4 0, 0, 32; draw_string_vec4
    %pushi/vec4 1936485481, 0, 32; draw_string_vec4
    %concat/vec4; draw_string_vec4
    %store/vec4 v0xc00ea77a0_0, 0, 64;
T_54.48 ;
    %load/vec4 v0xc00ea4be0_0;
    %flag_set/vec4 8;
    %jmp/0xz  T_54.50, 8;
    %pushi/vec4 0, 0, 32; draw_string_vec4
    %pushi/vec4 1936878697, 0, 32; draw_string_vec4
    %concat/vec4; draw_string_vec4
    %store/vec4 v0xc00ea77a0_0, 0, 64;
T_54.50 ;
    %load/vec4 v0xc00ea4aa0_0;
    %flag_set/vec4 8;
    %jmp/0xz  T_54.52, 8;
    %pushi/vec4 0, 0, 32; draw_string_vec4
    %pushi/vec4 1936875881, 0, 32; draw_string_vec4
    %concat/vec4; draw_string_vec4
    %store/vec4 v0xc00ea77a0_0, 0, 64;
T_54.52 ;
    %load/vec4 v0xc00ea3160_0;
    %flag_set/vec4 8;
    %jmp/0xz  T_54.54, 8;
    %pushi/vec4 0, 0, 32; draw_string_vec4
    %pushi/vec4 6382692, 0, 32; draw_string_vec4
    %concat/vec4; draw_string_vec4
    %store/vec4 v0xc00ea77a0_0, 0, 64;
T_54.54 ;
    %load/vec4 v0xc00ea4c80_0;
    %flag_set/vec4 8;
    %jmp/0xz  T_54.56, 8;
    %pushi/vec4 0, 0, 32; draw_string_vec4
    %pushi/vec4 7566690, 0, 32; draw_string_vec4
    %concat/vec4; draw_string_vec4
    %store/vec4 v0xc00ea77a0_0, 0, 64;
T_54.56 ;
    %load/vec4 v0xc00ea4640_0;
    %flag_set/vec4 8;
    %jmp/0xz  T_54.58, 8;
    %pushi/vec4 0, 0, 32; draw_string_vec4
    %pushi/vec4 7564396, 0, 32; draw_string_vec4
    %concat/vec4; draw_string_vec4
    %store/vec4 v0xc00ea77a0_0, 0, 64;
T_54.58 ;
    %load/vec4 v0xc00ea4780_0;
    %flag_set/vec4 8;
    %jmp/0xz  T_54.60, 8;
    %pushi/vec4 0, 0, 32; draw_string_vec4
    %pushi/vec4 7564404, 0, 32; draw_string_vec4
    %concat/vec4; draw_string_vec4
    %store/vec4 v0xc00ea77a0_0, 0, 64;
T_54.60 ;
    %load/vec4 v0xc00ea4960_0;
    %flag_set/vec4 8;
    %jmp/0xz  T_54.62, 8;
    %pushi/vec4 0, 0, 32; draw_string_vec4
    %pushi/vec4 1936487541, 0, 32; draw_string_vec4
    %concat/vec4; draw_string_vec4
    %store/vec4 v0xc00ea77a0_0, 0, 64;
T_54.62 ;
    %load/vec4 v0xc00ea4fa0_0;
    %flag_set/vec4 8;
    %jmp/0xz  T_54.64, 8;
    %pushi/vec4 0, 0, 32; draw_string_vec4
    %pushi/vec4 7892850, 0, 32; draw_string_vec4
    %concat/vec4; draw_string_vec4
    %store/vec4 v0xc00ea77a0_0, 0, 64;
T_54.64 ;
    %load/vec4 v0xc00ea4b40_0;
    %flag_set/vec4 8;
    %jmp/0xz  T_54.66, 8;
    %pushi/vec4 0, 0, 32; draw_string_vec4
    %pushi/vec4 7565932, 0, 32; draw_string_vec4
    %concat/vec4; draw_string_vec4
    %store/vec4 v0xc00ea77a0_0, 0, 64;
T_54.66 ;
    %load/vec4 v0xc00ea4a00_0;
    %flag_set/vec4 8;
    %jmp/0xz  T_54.68, 8;
    %pushi/vec4 0, 0, 32; draw_string_vec4
    %pushi/vec4 7565921, 0, 32; draw_string_vec4
    %concat/vec4; draw_string_vec4
    %store/vec4 v0xc00ea77a0_0, 0, 64;
T_54.68 ;
    %load/vec4 v0xc00ea4000_0;
    %flag_set/vec4 8;
    %jmp/0xz  T_54.70, 8;
    %pushi/vec4 0, 0, 32; draw_string_vec4
    %pushi/vec4 28530, 0, 32; draw_string_vec4
    %concat/vec4; draw_string_vec4
    %store/vec4 v0xc00ea77a0_0, 0, 64;
T_54.70 ;
    %load/vec4 v0xc00ea32a0_0;
    %flag_set/vec4 8;
    %jmp/0xz  T_54.72, 8;
    %pushi/vec4 0, 0, 32; draw_string_vec4
    %pushi/vec4 6385252, 0, 32; draw_string_vec4
    %concat/vec4; draw_string_vec4
    %store/vec4 v0xc00ea77a0_0, 0, 64;
T_54.72 ;
    %load/vec4 v0xc00ea4140_0;
    %flag_set/vec4 8;
    %jmp/0xz  T_54.74, 8;
    %pushi/vec4 7496803, 0, 32; draw_string_vec4
    %pushi/vec4 2036558949, 0, 32; draw_string_vec4
    %concat/vec4; draw_string_vec4
    %store/vec4 v0xc00ea77a0_0, 0, 64;
T_54.74 ;
    %load/vec4 v0xc00ea41e0_0;
    %flag_set/vec4 8;
    %jmp/0xz  T_54.76, 8;
    %pushi/vec4 1919181689, 0, 32; draw_string_vec4
    %pushi/vec4 1668048232, 0, 32; draw_string_vec4
    %concat/vec4; draw_string_vec4
    %store/vec4 v0xc00ea77a0_0, 0, 64;
T_54.76 ;
    %load/vec4 v0xc00ea4280_0;
    %flag_set/vec4 8;
    %jmp/0xz  T_54.78, 8;
    %pushi/vec4 7496809, 0, 32; draw_string_vec4
    %pushi/vec4 1853060210, 0, 32; draw_string_vec4
    %concat/vec4; draw_string_vec4
    %store/vec4 v0xc00ea77a0_0, 0, 64;
T_54.78 ;
    %load/vec4 v0xc00ea4320_0;
    %flag_set/vec4 8;
    %jmp/0xz  T_54.80, 8;
    %pushi/vec4 1919183214, 0, 32; draw_string_vec4
    %pushi/vec4 1937011304, 0, 32; draw_string_vec4
    %concat/vec4; draw_string_vec4
    %store/vec4 v0xc00ea77a0_0, 0, 64;
T_54.80 ;
    %load/vec4 v0xc00ea38e0_0;
    %flag_set/vec4 8;
    %jmp/0xz  T_54.82, 8;
    %pushi/vec4 102, 0, 32; draw_string_vec4
    %pushi/vec4 1701733221, 0, 32; draw_string_vec4
    %concat/vec4; draw_string_vec4
    %store/vec4 v0xc00ea77a0_0, 0, 64;
T_54.82 ;
    %load/vec4 v0xc00ea3980_0;
    %flag_set/vec4 8;
    %jmp/0xz  T_54.84, 8;
    %pushi/vec4 0, 0, 32; draw_string_vec4
    %pushi/vec4 1734702193, 0, 32; draw_string_vec4
    %concat/vec4; draw_string_vec4
    %store/vec4 v0xc00ea77a0_0, 0, 64;
T_54.84 ;
    %load/vec4 v0xc00ea4500_0;
    %flag_set/vec4 8;
    %jmp/0xz  T_54.86, 8;
    %pushi/vec4 0, 0, 32; draw_string_vec4
    %pushi/vec4 1936028785, 0, 32; draw_string_vec4
    %concat/vec4; draw_string_vec4
    %store/vec4 v0xc00ea77a0_0, 0, 64;
T_54.86 ;
    %load/vec4 v0xc00ea43c0_0;
    %flag_set/vec4 8;
    %jmp/0xz  T_54.88, 8;
    %pushi/vec4 29285, 0, 32; draw_string_vec4
    %pushi/vec4 1953067633, 0, 32; draw_string_vec4
    %concat/vec4; draw_string_vec4
    %store/vec4 v0xc00ea77a0_0, 0, 64;
T_54.88 ;
    %load/vec4 v0xc00ea3f20_0;
    %flag_set/vec4 8;
    %jmp/0xz  T_54.90, 8;
    %pushi/vec4 7168371, 0, 32; draw_string_vec4
    %pushi/vec4 1802072689, 0, 32; draw_string_vec4
    %concat/vec4; draw_string_vec4
    %store/vec4 v0xc00ea77a0_0, 0, 64;
T_54.90 ;
    %load/vec4 v0xc00ea4f00_0;
    %flag_set/vec4 8;
    %jmp/0xz  T_54.92, 8;
    %pushi/vec4 7823721, 0, 32; draw_string_vec4
    %pushi/vec4 1953067633, 0, 32; draw_string_vec4
    %concat/vec4; draw_string_vec4
    %store/vec4 v0xc00ea77a0_0, 0, 64;
T_54.92 ;
    %load/vec4 v0xc00ea4dc0_0;
    %flag_set/vec4 8;
    %jmp/0xz  T_54.94, 8;
    %pushi/vec4 116, 0, 32; draw_string_vec4
    %pushi/vec4 1768777074, 0, 32; draw_string_vec4
    %concat/vec4; draw_string_vec4
    %store/vec4 v0xc00ea77a0_0, 0, 64;
T_54.94 ;
    %jmp T_54;
    .thread T_54, $push;
    .scope S_0xc00e7cc00;
T_55 ;
    %wait E_0xc00e53780;
    %load/vec4 v0xc00ea1cc0_0;
    %assign/vec4 v0xc00ea8820_0, 0;
    %load/vec4 v0xc00ea1ea0_0;
    %assign/vec4 v0xc00ea88c0_0, 0;
    %load/vec4 v0xc00ea1f40_0;
    %assign/vec4 v0xc00ea8960_0, 0;
    %load/vec4 v0xc00ea2080_0;
    %assign/vec4 v0xc00ea8aa0_0, 0;
    %load/vec4 v0xc00ea2120_0;
    %assign/vec4 v0xc00ea8b40_0, 0;
    %load/vec4 v0xc00ea1fe0_0;
    %assign/vec4 v0xc00ea8a00_0, 0;
    %load/vec4 v0xc00ea6440_0;
    %assign/vec4 v0xc00ea2620_0, 0;
    %load/vec4 v0xc00ea8fa0_0;
    %nor/r;
    %flag_set/vec4 8;
    %jmp/1 T_55.2, 8;
    %load/vec4 v0xc00ea9400_0;
    %flag_set/vec4 9;
    %flag_or 8, 9;
T_55.2;
    %jmp/0xz  T_55.0, 8;
    %pushi/vec4 0, 0, 1;
    %assign/vec4 v0xc00ea2940_0, 0;
    %jmp T_55.1;
T_55.0 ;
    %load/vec4 v0xc00ea6440_0;
    %flag_set/vec4 8;
    %jmp/0xz  T_55.3, 8;
    %pushi/vec4 1, 0, 1;
    %assign/vec4 v0xc00ea2940_0, 0;
T_55.3 ;
T_55.1 ;
    %load/vec4 v0xc00ea2f80_0;
    %flag_set/vec4 8;
    %jmp/0xz  T_55.5, 8;
    %load/vec4 v0xc00ea77a0_0;
    %assign/vec4 v0xc00ea10e0_0, 0;
    %load/vec4 v0xc00ea29e0_0;
    %assign/vec4 v0xc00ea1180_0, 0;
    %load/vec4 v0xc00ea7840_0;
    %parti/s 2, 0, 2;
    %and/r;
    %flag_set/vec4 8;
    %jmp/0xz  T_55.7, 8;
    %load/vec4 v0xc00ea7840_0;
    %assign/vec4 v0xc00ea1220_0, 0;
    %jmp T_55.8;
T_55.7 ;
    %pushi/vec4 0, 0, 16;
    %load/vec4 v0xc00ea7840_0;
    %parti/s 16, 0, 2;
    %concat/vec4; draw_concat_vec4
    %assign/vec4 v0xc00ea1220_0, 0;
T_55.8 ;
    %load/vec4 v0xc00ea2c60_0;
    %assign/vec4 v0xc00ea1360_0, 0;
    %load/vec4 v0xc00ea2d00_0;
    %assign/vec4 v0xc00ea1400_0, 0;
    %load/vec4 v0xc00ea2b20_0;
    %assign/vec4 v0xc00ea12c0_0, 0;
T_55.5 ;
    %load/vec4 v0xc00ea6440_0;
    %flag_set/vec4 8;
    %jmp/0xz  T_55.9, 8;
    %load/vec4 v0xc00ea7980_0;
    %assign/vec4 v0xc00ea1e00_0, 0;
T_55.9 ;
    %jmp T_55;
    .thread T_55;
    .scope S_0xc00e7cc00;
T_56 ;
    %wait E_0xc00e53900;
    %load/vec4 v0xc00ea8820_0;
    %store/vec4 v0xc00ea1cc0_0, 0, 64;
    %load/vec4 v0xc00ea88c0_0;
    %store/vec4 v0xc00ea1ea0_0, 0, 32;
    %load/vec4 v0xc00ea8960_0;
    %store/vec4 v0xc00ea1f40_0, 0, 32;
    %load/vec4 v0xc00ea8aa0_0;
    %store/vec4 v0xc00ea2080_0, 0, 5;
    %load/vec4 v0xc00ea8b40_0;
    %store/vec4 v0xc00ea2120_0, 0, 5;
    %load/vec4 v0xc00ea8a00_0;
    %store/vec4 v0xc00ea1fe0_0, 0, 5;
    %load/vec4 v0xc00ea2620_0;
    %flag_set/vec4 8;
    %jmp/0xz  T_56.0, 8;
    %load/vec4 v0xc00ea2e40_0;
    %flag_set/vec4 8;
    %jmp/0xz  T_56.2, 8;
    %load/vec4 v0xc00ea10e0_0;
    %store/vec4 v0xc00ea1cc0_0, 0, 64;
    %load/vec4 v0xc00ea1180_0;
    %store/vec4 v0xc00ea1ea0_0, 0, 32;
    %load/vec4 v0xc00ea1220_0;
    %store/vec4 v0xc00ea1f40_0, 0, 32;
    %load/vec4 v0xc00ea1360_0;
    %store/vec4 v0xc00ea2080_0, 0, 5;
    %load/vec4 v0xc00ea1400_0;
    %store/vec4 v0xc00ea2120_0, 0, 5;
    %load/vec4 v0xc00ea12c0_0;
    %store/vec4 v0xc00ea1fe0_0, 0, 5;
    %jmp T_56.3;
T_56.2 ;
    %load/vec4 v0xc00ea77a0_0;
    %store/vec4 v0xc00ea1cc0_0, 0, 64;
    %load/vec4 v0xc00ea7840_0;
    %parti/s 2, 0, 2;
    %and/r;
    %flag_set/vec4 8;
    %jmp/0xz  T_56.4, 8;
    %load/vec4 v0xc00ea7840_0;
    %store/vec4 v0xc00ea1f40_0, 0, 32;
    %jmp T_56.5;
T_56.4 ;
    %pushi/vec4 0, 0, 16;
    %load/vec4 v0xc00ea7840_0;
    %parti/s 16, 0, 2;
    %concat/vec4; draw_concat_vec4
    %store/vec4 v0xc00ea1f40_0, 0, 32;
T_56.5 ;
    %load/vec4 v0xc00ea29e0_0;
    %store/vec4 v0xc00ea1ea0_0, 0, 32;
    %load/vec4 v0xc00ea2c60_0;
    %store/vec4 v0xc00ea2080_0, 0, 5;
    %load/vec4 v0xc00ea2d00_0;
    %store/vec4 v0xc00ea2120_0, 0, 5;
    %load/vec4 v0xc00ea2b20_0;
    %store/vec4 v0xc00ea1fe0_0, 0, 5;
T_56.3 ;
T_56.0 ;
    %jmp T_56;
    .thread T_56, $push;
    .scope S_0xc00e7cc00;
T_57 ;
    %wait E_0xc00e53780;
    %load/vec4 v0xc00ea3de0_0;
    %load/vec4 v0xc00ea33e0_0;
    %concat/vec4; draw_concat_vec4
    %load/vec4 v0xc00ea3a20_0;
    %concat/vec4; draw_concat_vec4
    %or/r;
    %assign/vec4 v0xc00ea5900_0, 0;
    %load/vec4 v0xc00ea3de0_0;
    %load/vec4 v0xc00ea33e0_0;
    %concat/vec4; draw_concat_vec4
    %load/vec4 v0xc00ea3a20_0;
    %concat/vec4; draw_concat_vec4
    %load/vec4 v0xc00ea3ac0_0;
    %concat/vec4; draw_concat_vec4
    %load/vec4 v0xc00ea3200_0;
    %concat/vec4; draw_concat_vec4
    %load/vec4 v0xc00ea3160_0;
    %concat/vec4; draw_concat_vec4
    %load/vec4 v0xc00ea4c80_0;
    %concat/vec4; draw_concat_vec4
    %or/r;
    %assign/vec4 v0xc00ea59a0_0, 0;
    %load/vec4 v0xc00ea4820_0;
    %load/vec4 v0xc00ea3660_0;
    %concat/vec4; draw_concat_vec4
    %load/vec4 v0xc00ea4780_0;
    %concat/vec4; draw_concat_vec4
    %or/r;
    %assign/vec4 v0xc00ea5cc0_0, 0;
    %load/vec4 v0xc00ea48c0_0;
    %load/vec4 v0xc00ea3700_0;
    %concat/vec4; draw_concat_vec4
    %load/vec4 v0xc00ea4960_0;
    %concat/vec4; draw_concat_vec4
    %or/r;
    %assign/vec4 v0xc00ea5d60_0, 0;
    %load/vec4 v0xc00ea3c00_0;
    %load/vec4 v0xc00ea3d40_0;
    %concat/vec4; draw_concat_vec4
    %load/vec4 v0xc00ea3e80_0;
    %concat/vec4; draw_concat_vec4
    %or/r;
    %assign/vec4 v0xc00ea5860_0, 0;
    %load/vec4 v0xc00ea55e0_0;
    %load/vec4 v0xc00ea4820_0;
    %concat/vec4; draw_concat_vec4
    %load/vec4 v0xc00ea4780_0;
    %concat/vec4; draw_concat_vec4
    %load/vec4 v0xc00ea48c0_0;
    %concat/vec4; draw_concat_vec4
    %load/vec4 v0xc00ea4960_0;
    %concat/vec4; draw_concat_vec4
    %or/r;
    %assign/vec4 v0xc00ea5680_0, 0;
    %load/vec4 v0xc00ea6760_0;
    %flag_set/vec4 9;
    %flag_get/vec4 9;
    %jmp/0 T_57.2, 9;
    %load/vec4 v0xc00ea68a0_0;
    %and;
T_57.2;
    %flag_set/vec4 8;
    %jmp/0xz  T_57.0, 8;
    %load/vec4 v0xc00ea70c0_0;
    %parti/s 7, 0, 2;
    %pushi/vec4 55, 0, 7;
    %cmp/e;
    %flag_get/vec4 4;
    %assign/vec4 v0xc00ea3de0_0, 0;
    %load/vec4 v0xc00ea70c0_0;
    %parti/s 7, 0, 2;
    %pushi/vec4 23, 0, 7;
    %cmp/e;
    %flag_get/vec4 4;
    %assign/vec4 v0xc00ea33e0_0, 0;
    %load/vec4 v0xc00ea70c0_0;
    %parti/s 7, 0, 2;
    %pushi/vec4 111, 0, 7;
    %cmp/e;
    %flag_get/vec4 4;
    %assign/vec4 v0xc00ea3a20_0, 0;
    %load/vec4 v0xc00ea70c0_0;
    %parti/s 7, 0, 2;
    %cmpi/e 103, 0, 7;
    %flag_get/vec4 4;
    %jmp/0 T_57.3, 4;
    %load/vec4 v0xc00ea70c0_0;
    %parti/s 3, 12, 5;
    %pushi/vec4 0, 0, 3;
    %cmp/e;
    %flag_get/vec4 4;
    %and;
T_57.3;
    %assign/vec4 v0xc00ea3ac0_0, 0;
    %load/vec4 v0xc00ea70c0_0;
    %parti/s 7, 0, 2;
    %cmpi/e 11, 0, 7;
    %flag_get/vec4 4;
    %jmp/0 T_57.5, 4;
    %load/vec4 v0xc00ea70c0_0;
    %parti/s 7, 25, 6;
    %pushi/vec4 2, 0, 7;
    %cmp/e;
    %flag_get/vec4 4;
    %and;
T_57.5;
    %flag_set/vec4 8;
    %flag_get/vec4 8;
    %jmp/0 T_57.4, 8;
    %pushi/vec4 0, 0, 1;
    %and;
T_57.4;
    %assign/vec4 v0xc00ea43c0_0, 0;
    %load/vec4 v0xc00ea70c0_0;
    %parti/s 7, 0, 2;
    %cmpi/e 11, 0, 7;
    %flag_get/vec4 4;
    %jmp/0 T_57.7, 4;
    %load/vec4 v0xc00ea70c0_0;
    %parti/s 7, 25, 6;
    %pushi/vec4 4, 0, 7;
    %cmp/e;
    %flag_get/vec4 4;
    %and;
T_57.7;
    %flag_set/vec4 8;
    %flag_get/vec4 8;
    %jmp/0 T_57.6, 8;
    %pushi/vec4 0, 0, 1;
    %and;
T_57.6;
    %assign/vec4 v0xc00ea4f00_0, 0;
    %load/vec4 v0xc00ea70c0_0;
    %parti/s 7, 0, 2;
    %pushi/vec4 99, 0, 7;
    %cmp/e;
    %flag_get/vec4 4;
    %assign/vec4 v0xc00ea55e0_0, 0;
    %load/vec4 v0xc00ea70c0_0;
    %parti/s 7, 0, 2;
    %pushi/vec4 3, 0, 7;
    %cmp/e;
    %flag_get/vec4 4;
    %assign/vec4 v0xc00ea57c0_0, 0;
    %load/vec4 v0xc00ea70c0_0;
    %parti/s 7, 0, 2;
    %pushi/vec4 35, 0, 7;
    %cmp/e;
    %flag_get/vec4 4;
    %assign/vec4 v0xc00ea5ae0_0, 0;
    %load/vec4 v0xc00ea70c0_0;
    %parti/s 7, 0, 2;
    %pushi/vec4 19, 0, 7;
    %cmp/e;
    %flag_get/vec4 4;
    %assign/vec4 v0xc00ea54a0_0, 0;
    %load/vec4 v0xc00ea70c0_0;
    %parti/s 7, 0, 2;
    %pushi/vec4 51, 0, 7;
    %cmp/e;
    %flag_get/vec4 4;
    %assign/vec4 v0xc00ea5540_0, 0;
    %load/vec4 v0xc00ea70c0_0;
    %parti/s 20, 12, 5;
    %concati/vec4 0, 0, 1;
    %pad/s 32;
    %split/vec4 1;
    %ix/load 5, 0, 0;
    %ix/load 4, 0, 0;
    %flag_set/imm 4, 0;
    %assign/vec4/off/d v0xc00ea2a80_0, 4, 5;
    %split/vec4 8;
    %ix/load 5, 0, 0;
    %ix/load 4, 12, 0;
    %flag_set/imm 4, 0;
    %assign/vec4/off/d v0xc00ea2a80_0, 4, 5;
    %split/vec4 1;
    %ix/load 5, 0, 0;
    %ix/load 4, 11, 0;
    %flag_set/imm 4, 0;
    %assign/vec4/off/d v0xc00ea2a80_0, 4, 5;
    %split/vec4 10;
    %ix/load 5, 0, 0;
    %ix/load 4, 1, 0;
    %flag_set/imm 4, 0;
    %assign/vec4/off/d v0xc00ea2a80_0, 4, 5;
    %ix/load 5, 0, 0;
    %ix/load 4, 20, 0;
    %flag_set/imm 4, 0;
    %assign/vec4/off/d v0xc00ea2a80_0, 4, 5;
    %load/vec4 v0xc00ea70c0_0;
    %parti/s 5, 7, 4;
    %assign/vec4 v0xc00ea2b20_0, 0;
    %load/vec4 v0xc00ea70c0_0;
    %parti/s 5, 15, 5;
    %assign/vec4 v0xc00ea2c60_0, 0;
    %load/vec4 v0xc00ea70c0_0;
    %parti/s 5, 20, 6;
    %assign/vec4 v0xc00ea2d00_0, 0;
    %load/vec4 v0xc00ea70c0_0;
    %parti/s 7, 0, 2;
    %cmpi/e 11, 0, 7;
    %flag_get/vec4 4;
    %jmp/0 T_57.12, 4;
    %load/vec4 v0xc00ea70c0_0;
    %parti/s 7, 25, 6;
    %pushi/vec4 0, 0, 7;
    %cmp/e;
    %flag_get/vec4 4;
    %and;
T_57.12;
    %flag_set/vec4 10;
    %flag_get/vec4 10;
    %jmp/0 T_57.11, 10;
    %pushi/vec4 0, 0, 1;
    %and;
T_57.11;
    %flag_set/vec4 9;
    %flag_get/vec4 9;
    %jmp/0 T_57.10, 9;
    %pushi/vec4 0, 0, 1;
    %and;
T_57.10;
    %flag_set/vec4 8;
    %jmp/0xz  T_57.8, 8;
    %pushi/vec4 1, 0, 1;
    %ix/load 5, 0, 0;
    %ix/load 4, 4, 0;
    %flag_set/imm 4, 0;
    %assign/vec4/off/d v0xc00ea2c60_0, 4, 5;
T_57.8 ;
    %load/vec4 v0xc00ea70c0_0;
    %parti/s 7, 0, 2;
    %cmpi/e 11, 0, 7;
    %flag_get/vec4 4;
    %jmp/0 T_57.16, 4;
    %load/vec4 v0xc00ea70c0_0;
    %parti/s 7, 25, 6;
    %pushi/vec4 2, 0, 7;
    %cmp/e;
    %flag_get/vec4 4;
    %and;
T_57.16;
    %flag_set/vec4 9;
    %flag_get/vec4 9;
    %jmp/0 T_57.15, 9;
    %pushi/vec4 0, 0, 1;
    %and;
T_57.15;
    %flag_set/vec4 8;
    %jmp/0xz  T_57.13, 8;
    %pushi/vec4 3, 0, 5;
    %assign/vec4 v0xc00ea2c60_0, 0;
T_57.13 ;
    %pushi/vec4 0, 0, 1;
    %assign/vec4 v0xc00ea1680_0, 0;
T_57.0 ;
    %load/vec4 v0xc00ea2ee0_0;
    %flag_set/vec4 9;
    %flag_get/vec4 9;
    %jmp/0 T_57.19, 9;
    %load/vec4 v0xc00ea2da0_0;
    %nor/r;
    %and;
T_57.19;
    %flag_set/vec4 8;
    %jmp/0xz  T_57.17, 8;
    %pushi/vec4 4294967295, 4294967295, 32;
    %assign/vec4 v0xc00ea7ca0_0, 0;
    %load/vec4 v0xc00ea55e0_0;
    %flag_set/vec4 8;
    %flag_get/vec4 8;
    %jmp/0 T_57.20, 8;
    %load/vec4 v0xc00ea7200_0;
    %parti/s 3, 12, 5;
    %pushi/vec4 0, 0, 3;
    %cmp/e;
    %flag_get/vec4 4;
    %and;
T_57.20;
    %assign/vec4 v0xc00ea3480_0, 0;
    %load/vec4 v0xc00ea55e0_0;
    %flag_set/vec4 8;
    %flag_get/vec4 8;
    %jmp/0 T_57.21, 8;
    %load/vec4 v0xc00ea7200_0;
    %parti/s 3, 12, 5;
    %pushi/vec4 1, 0, 3;
    %cmp/e;
    %flag_get/vec4 4;
    %and;
T_57.21;
    %assign/vec4 v0xc00ea37a0_0, 0;
    %load/vec4 v0xc00ea55e0_0;
    %flag_set/vec4 8;
    %flag_get/vec4 8;
    %jmp/0 T_57.22, 8;
    %load/vec4 v0xc00ea7200_0;
    %parti/s 3, 12, 5;
    %pushi/vec4 4, 0, 3;
    %cmp/e;
    %flag_get/vec4 4;
    %and;
T_57.22;
    %assign/vec4 v0xc00ea3660_0, 0;
    %load/vec4 v0xc00ea55e0_0;
    %flag_set/vec4 8;
    %flag_get/vec4 8;
    %jmp/0 T_57.23, 8;
    %load/vec4 v0xc00ea7200_0;
    %parti/s 3, 12, 5;
    %pushi/vec4 5, 0, 3;
    %cmp/e;
    %flag_get/vec4 4;
    %and;
T_57.23;
    %assign/vec4 v0xc00ea3520_0, 0;
    %load/vec4 v0xc00ea55e0_0;
    %flag_set/vec4 8;
    %flag_get/vec4 8;
    %jmp/0 T_57.24, 8;
    %load/vec4 v0xc00ea7200_0;
    %parti/s 3, 12, 5;
    %pushi/vec4 6, 0, 3;
    %cmp/e;
    %flag_get/vec4 4;
    %and;
T_57.24;
    %assign/vec4 v0xc00ea3700_0, 0;
    %load/vec4 v0xc00ea55e0_0;
    %flag_set/vec4 8;
    %flag_get/vec4 8;
    %jmp/0 T_57.25, 8;
    %load/vec4 v0xc00ea7200_0;
    %parti/s 3, 12, 5;
    %pushi/vec4 7, 0, 3;
    %cmp/e;
    %flag_get/vec4 4;
    %and;
T_57.25;
    %assign/vec4 v0xc00ea35c0_0, 0;
    %load/vec4 v0xc00ea57c0_0;
    %flag_set/vec4 8;
    %flag_get/vec4 8;
    %jmp/0 T_57.26, 8;
    %load/vec4 v0xc00ea7200_0;
    %parti/s 3, 12, 5;
    %pushi/vec4 0, 0, 3;
    %cmp/e;
    %flag_get/vec4 4;
    %and;
T_57.26;
    %assign/vec4 v0xc00ea3b60_0, 0;
    %load/vec4 v0xc00ea57c0_0;
    %flag_set/vec4 8;
    %flag_get/vec4 8;
    %jmp/0 T_57.27, 8;
    %load/vec4 v0xc00ea7200_0;
    %parti/s 3, 12, 5;
    %pushi/vec4 1, 0, 3;
    %cmp/e;
    %flag_get/vec4 4;
    %and;
T_57.27;
    %assign/vec4 v0xc00ea3ca0_0, 0;
    %load/vec4 v0xc00ea57c0_0;
    %flag_set/vec4 8;
    %flag_get/vec4 8;
    %jmp/0 T_57.28, 8;
    %load/vec4 v0xc00ea7200_0;
    %parti/s 3, 12, 5;
    %pushi/vec4 2, 0, 3;
    %cmp/e;
    %flag_get/vec4 4;
    %and;
T_57.28;
    %assign/vec4 v0xc00ea3e80_0, 0;
    %load/vec4 v0xc00ea57c0_0;
    %flag_set/vec4 8;
    %flag_get/vec4 8;
    %jmp/0 T_57.29, 8;
    %load/vec4 v0xc00ea7200_0;
    %parti/s 3, 12, 5;
    %pushi/vec4 4, 0, 3;
    %cmp/e;
    %flag_get/vec4 4;
    %and;
T_57.29;
    %assign/vec4 v0xc00ea3c00_0, 0;
    %load/vec4 v0xc00ea57c0_0;
    %flag_set/vec4 8;
    %flag_get/vec4 8;
    %jmp/0 T_57.30, 8;
    %load/vec4 v0xc00ea7200_0;
    %parti/s 3, 12, 5;
    %pushi/vec4 5, 0, 3;
    %cmp/e;
    %flag_get/vec4 4;
    %and;
T_57.30;
    %assign/vec4 v0xc00ea3d40_0, 0;
    %load/vec4 v0xc00ea5ae0_0;
    %flag_set/vec4 8;
    %flag_get/vec4 8;
    %jmp/0 T_57.31, 8;
    %load/vec4 v0xc00ea7200_0;
    %parti/s 3, 12, 5;
    %pushi/vec4 0, 0, 3;
    %cmp/e;
    %flag_get/vec4 4;
    %and;
T_57.31;
    %assign/vec4 v0xc00ea4460_0, 0;
    %load/vec4 v0xc00ea5ae0_0;
    %flag_set/vec4 8;
    %flag_get/vec4 8;
    %jmp/0 T_57.32, 8;
    %load/vec4 v0xc00ea7200_0;
    %parti/s 3, 12, 5;
    %pushi/vec4 1, 0, 3;
    %cmp/e;
    %flag_get/vec4 4;
    %and;
T_57.32;
    %assign/vec4 v0xc00ea45a0_0, 0;
    %load/vec4 v0xc00ea5ae0_0;
    %flag_set/vec4 8;
    %flag_get/vec4 8;
    %jmp/0 T_57.33, 8;
    %load/vec4 v0xc00ea7200_0;
    %parti/s 3, 12, 5;
    %pushi/vec4 2, 0, 3;
    %cmp/e;
    %flag_get/vec4 4;
    %and;
T_57.33;
    %assign/vec4 v0xc00ea4d20_0, 0;
    %load/vec4 v0xc00ea54a0_0;
    %flag_set/vec4 8;
    %flag_get/vec4 8;
    %jmp/0 T_57.34, 8;
    %load/vec4 v0xc00ea7200_0;
    %parti/s 3, 12, 5;
    %pushi/vec4 0, 0, 3;
    %cmp/e;
    %flag_get/vec4 4;
    %and;
T_57.34;
    %assign/vec4 v0xc00ea3200_0, 0;
    %load/vec4 v0xc00ea54a0_0;
    %flag_set/vec4 8;
    %flag_get/vec4 8;
    %jmp/0 T_57.35, 8;
    %load/vec4 v0xc00ea7200_0;
    %parti/s 3, 12, 5;
    %pushi/vec4 2, 0, 3;
    %cmp/e;
    %flag_get/vec4 4;
    %and;
T_57.35;
    %assign/vec4 v0xc00ea4820_0, 0;
    %load/vec4 v0xc00ea54a0_0;
    %flag_set/vec4 8;
    %flag_get/vec4 8;
    %jmp/0 T_57.36, 8;
    %load/vec4 v0xc00ea7200_0;
    %parti/s 3, 12, 5;
    %pushi/vec4 3, 0, 3;
    %cmp/e;
    %flag_get/vec4 4;
    %and;
T_57.36;
    %assign/vec4 v0xc00ea48c0_0, 0;
    %load/vec4 v0xc00ea54a0_0;
    %flag_set/vec4 8;
    %flag_get/vec4 8;
    %jmp/0 T_57.37, 8;
    %load/vec4 v0xc00ea7200_0;
    %parti/s 3, 12, 5;
    %pushi/vec4 4, 0, 3;
    %cmp/e;
    %flag_get/vec4 4;
    %and;
T_57.37;
    %assign/vec4 v0xc00ea5040_0, 0;
    %load/vec4 v0xc00ea54a0_0;
    %flag_set/vec4 8;
    %flag_get/vec4 8;
    %jmp/0 T_57.38, 8;
    %load/vec4 v0xc00ea7200_0;
    %parti/s 3, 12, 5;
    %pushi/vec4 6, 0, 3;
    %cmp/e;
    %flag_get/vec4 4;
    %and;
T_57.38;
    %assign/vec4 v0xc00ea40a0_0, 0;
    %load/vec4 v0xc00ea54a0_0;
    %flag_set/vec4 8;
    %flag_get/vec4 8;
    %jmp/0 T_57.39, 8;
    %load/vec4 v0xc00ea7200_0;
    %parti/s 3, 12, 5;
    %pushi/vec4 7, 0, 3;
    %cmp/e;
    %flag_get/vec4 4;
    %and;
T_57.39;
    %assign/vec4 v0xc00ea3340_0, 0;
    %load/vec4 v0xc00ea54a0_0;
    %flag_set/vec4 9;
    %flag_get/vec4 9;
    %jmp/0 T_57.41, 9;
    %load/vec4 v0xc00ea7200_0;
    %parti/s 3, 12, 5;
    %pushi/vec4 1, 0, 3;
    %cmp/e;
    %flag_get/vec4 4;
    %and;
T_57.41;
    %flag_set/vec4 8;
    %flag_get/vec4 8;
    %jmp/0 T_57.40, 8;
    %load/vec4 v0xc00ea7200_0;
    %parti/s 7, 25, 6;
    %pushi/vec4 0, 0, 7;
    %cmp/e;
    %flag_get/vec4 4;
    %and;
T_57.40;
    %assign/vec4 v0xc00ea46e0_0, 0;
    %load/vec4 v0xc00ea54a0_0;
    %flag_set/vec4 9;
    %flag_get/vec4 9;
    %jmp/0 T_57.43, 9;
    %load/vec4 v0xc00ea7200_0;
    %parti/s 3, 12, 5;
    %pushi/vec4 5, 0, 3;
    %cmp/e;
    %flag_get/vec4 4;
    %and;
T_57.43;
    %flag_set/vec4 8;
    %flag_get/vec4 8;
    %jmp/0 T_57.42, 8;
    %load/vec4 v0xc00ea7200_0;
    %parti/s 7, 25, 6;
    %pushi/vec4 0, 0, 7;
    %cmp/e;
    %flag_get/vec4 4;
    %and;
T_57.42;
    %assign/vec4 v0xc00ea4be0_0, 0;
    %load/vec4 v0xc00ea54a0_0;
    %flag_set/vec4 9;
    %flag_get/vec4 9;
    %jmp/0 T_57.45, 9;
    %load/vec4 v0xc00ea7200_0;
    %parti/s 3, 12, 5;
    %pushi/vec4 5, 0, 3;
    %cmp/e;
    %flag_get/vec4 4;
    %and;
T_57.45;
    %flag_set/vec4 8;
    %flag_get/vec4 8;
    %jmp/0 T_57.44, 8;
    %load/vec4 v0xc00ea7200_0;
    %parti/s 7, 25, 6;
    %pushi/vec4 32, 0, 7;
    %cmp/e;
    %flag_get/vec4 4;
    %and;
T_57.44;
    %assign/vec4 v0xc00ea4aa0_0, 0;
    %load/vec4 v0xc00ea5540_0;
    %flag_set/vec4 9;
    %flag_get/vec4 9;
    %jmp/0 T_57.47, 9;
    %load/vec4 v0xc00ea7200_0;
    %parti/s 3, 12, 5;
    %pushi/vec4 0, 0, 3;
    %cmp/e;
    %flag_get/vec4 4;
    %and;
T_57.47;
    %flag_set/vec4 8;
    %flag_get/vec4 8;
    %jmp/0 T_57.46, 8;
    %load/vec4 v0xc00ea7200_0;
    %parti/s 7, 25, 6;
    %pushi/vec4 0, 0, 7;
    %cmp/e;
    %flag_get/vec4 4;
    %and;
T_57.46;
    %assign/vec4 v0xc00ea3160_0, 0;
    %load/vec4 v0xc00ea5540_0;
    %flag_set/vec4 9;
    %flag_get/vec4 9;
    %jmp/0 T_57.49, 9;
    %load/vec4 v0xc00ea7200_0;
    %parti/s 3, 12, 5;
    %pushi/vec4 0, 0, 3;
    %cmp/e;
    %flag_get/vec4 4;
    %and;
T_57.49;
    %flag_set/vec4 8;
    %flag_get/vec4 8;
    %jmp/0 T_57.48, 8;
    %load/vec4 v0xc00ea7200_0;
    %parti/s 7, 25, 6;
    %pushi/vec4 32, 0, 7;
    %cmp/e;
    %flag_get/vec4 4;
    %and;
T_57.48;
    %assign/vec4 v0xc00ea4c80_0, 0;
    %load/vec4 v0xc00ea5540_0;
    %flag_set/vec4 9;
    %flag_get/vec4 9;
    %jmp/0 T_57.51, 9;
    %load/vec4 v0xc00ea7200_0;
    %parti/s 3, 12, 5;
    %pushi/vec4 1, 0, 3;
    %cmp/e;
    %flag_get/vec4 4;
    %and;
T_57.51;
    %flag_set/vec4 8;
    %flag_get/vec4 8;
    %jmp/0 T_57.50, 8;
    %load/vec4 v0xc00ea7200_0;
    %parti/s 7, 25, 6;
    %pushi/vec4 0, 0, 7;
    %cmp/e;
    %flag_get/vec4 4;
    %and;
T_57.50;
    %assign/vec4 v0xc00ea4640_0, 0;
    %load/vec4 v0xc00ea5540_0;
    %flag_set/vec4 9;
    %flag_get/vec4 9;
    %jmp/0 T_57.53, 9;
    %load/vec4 v0xc00ea7200_0;
    %parti/s 3, 12, 5;
    %pushi/vec4 2, 0, 3;
    %cmp/e;
    %flag_get/vec4 4;
    %and;
T_57.53;
    %flag_set/vec4 8;
    %flag_get/vec4 8;
    %jmp/0 T_57.52, 8;
    %load/vec4 v0xc00ea7200_0;
    %parti/s 7, 25, 6;
    %pushi/vec4 0, 0, 7;
    %cmp/e;
    %flag_get/vec4 4;
    %and;
T_57.52;
    %assign/vec4 v0xc00ea4780_0, 0;
    %load/vec4 v0xc00ea5540_0;
    %flag_set/vec4 9;
    %flag_get/vec4 9;
    %jmp/0 T_57.55, 9;
    %load/vec4 v0xc00ea7200_0;
    %parti/s 3, 12, 5;
    %pushi/vec4 3, 0, 3;
    %cmp/e;
    %flag_get/vec4 4;
    %and;
T_57.55;
    %flag_set/vec4 8;
    %flag_get/vec4 8;
    %jmp/0 T_57.54, 8;
    %load/vec4 v0xc00ea7200_0;
    %parti/s 7, 25, 6;
    %pushi/vec4 0, 0, 7;
    %cmp/e;
    %flag_get/vec4 4;
    %and;
T_57.54;
    %assign/vec4 v0xc00ea4960_0, 0;
    %load/vec4 v0xc00ea5540_0;
    %flag_set/vec4 9;
    %flag_get/vec4 9;
    %jmp/0 T_57.57, 9;
    %load/vec4 v0xc00ea7200_0;
    %parti/s 3, 12, 5;
    %pushi/vec4 4, 0, 3;
    %cmp/e;
    %flag_get/vec4 4;
    %and;
T_57.57;
    %flag_set/vec4 8;
    %flag_get/vec4 8;
    %jmp/0 T_57.56, 8;
    %load/vec4 v0xc00ea7200_0;
    %parti/s 7, 25, 6;
    %pushi/vec4 0, 0, 7;
    %cmp/e;
    %flag_get/vec4 4;
    %and;
T_57.56;
    %assign/vec4 v0xc00ea4fa0_0, 0;
    %load/vec4 v0xc00ea5540_0;
    %flag_set/vec4 9;
    %flag_get/vec4 9;
    %jmp/0 T_57.59, 9;
    %load/vec4 v0xc00ea7200_0;
    %parti/s 3, 12, 5;
    %pushi/vec4 5, 0, 3;
    %cmp/e;
    %flag_get/vec4 4;
    %and;
T_57.59;
    %flag_set/vec4 8;
    %flag_get/vec4 8;
    %jmp/0 T_57.58, 8;
    %load/vec4 v0xc00ea7200_0;
    %parti/s 7, 25, 6;
    %pushi/vec4 0, 0, 7;
    %cmp/e;
    %flag_get/vec4 4;
    %and;
T_57.58;
    %assign/vec4 v0xc00ea4b40_0, 0;
    %load/vec4 v0xc00ea5540_0;
    %flag_set/vec4 9;
    %flag_get/vec4 9;
    %jmp/0 T_57.61, 9;
    %load/vec4 v0xc00ea7200_0;
    %parti/s 3, 12, 5;
    %pushi/vec4 5, 0, 3;
    %cmp/e;
    %flag_get/vec4 4;
    %and;
T_57.61;
    %flag_set/vec4 8;
    %flag_get/vec4 8;
    %jmp/0 T_57.60, 8;
    %load/vec4 v0xc00ea7200_0;
    %parti/s 7, 25, 6;
    %pushi/vec4 32, 0, 7;
    %cmp/e;
    %flag_get/vec4 4;
    %and;
T_57.60;
    %assign/vec4 v0xc00ea4a00_0, 0;
    %load/vec4 v0xc00ea5540_0;
    %flag_set/vec4 9;
    %flag_get/vec4 9;
    %jmp/0 T_57.63, 9;
    %load/vec4 v0xc00ea7200_0;
    %parti/s 3, 12, 5;
    %pushi/vec4 6, 0, 3;
    %cmp/e;
    %flag_get/vec4 4;
    %and;
T_57.63;
    %flag_set/vec4 8;
    %flag_get/vec4 8;
    %jmp/0 T_57.62, 8;
    %load/vec4 v0xc00ea7200_0;
    %parti/s 7, 25, 6;
    %pushi/vec4 0, 0, 7;
    %cmp/e;
    %flag_get/vec4 4;
    %and;
T_57.62;
    %assign/vec4 v0xc00ea4000_0, 0;
    %load/vec4 v0xc00ea5540_0;
    %flag_set/vec4 9;
    %flag_get/vec4 9;
    %jmp/0 T_57.65, 9;
    %load/vec4 v0xc00ea7200_0;
    %parti/s 3, 12, 5;
    %pushi/vec4 7, 0, 3;
    %cmp/e;
    %flag_get/vec4 4;
    %and;
T_57.65;
    %flag_set/vec4 8;
    %flag_get/vec4 8;
    %jmp/0 T_57.64, 8;
    %load/vec4 v0xc00ea7200_0;
    %parti/s 7, 25, 6;
    %pushi/vec4 0, 0, 7;
    %cmp/e;
    %flag_get/vec4 4;
    %and;
T_57.64;
    %assign/vec4 v0xc00ea32a0_0, 0;
    %load/vec4 v0xc00ea7200_0;
    %parti/s 7, 0, 2;
    %cmpi/e 115, 0, 7;
    %flag_get/vec4 4;
    %jmp/0 T_57.68, 4;
    %load/vec4 v0xc00ea7200_0;
    %parti/s 20, 12, 5;
    %pad/u 32;
    %pushi/vec4 786434, 0, 32;
    %cmp/e;
    %flag_get/vec4 4;
    %and;
T_57.68;
    %flag_set/vec4 8;
    %jmp/1 T_57.67, 8;
    %load/vec4 v0xc00ea7200_0;
    %parti/s 7, 0, 2;
    %cmpi/e 115, 0, 7;
    %flag_get/vec4 4;
    %jmp/0 T_57.69, 4;
    %load/vec4 v0xc00ea7200_0;
    %parti/s 20, 12, 5;
    %pad/u 32;
    %pushi/vec4 786690, 0, 32;
    %cmp/e;
    %flag_get/vec4 4;
    %and;
T_57.69;
    %flag_set/vec4 9;
    %flag_or 8, 9;
T_57.67;
    %flag_get/vec4 8;
    %jmp/0 T_57.66, 8;
    %pushi/vec4 0, 0, 1;
    %and;
T_57.66;
    %assign/vec4 v0xc00ea4140_0, 0;
    %load/vec4 v0xc00ea7200_0;
    %parti/s 7, 0, 2;
    %cmpi/e 115, 0, 7;
    %flag_get/vec4 4;
    %jmp/0 T_57.73, 4;
    %load/vec4 v0xc00ea7200_0;
    %parti/s 20, 12, 5;
    %pad/u 32;
    %pushi/vec4 819202, 0, 32;
    %cmp/e;
    %flag_get/vec4 4;
    %and;
T_57.73;
    %flag_set/vec4 9;
    %jmp/1 T_57.72, 9;
    %load/vec4 v0xc00ea7200_0;
    %parti/s 7, 0, 2;
    %cmpi/e 115, 0, 7;
    %flag_get/vec4 4;
    %jmp/0 T_57.74, 4;
    %load/vec4 v0xc00ea7200_0;
    %parti/s 20, 12, 5;
    %pad/u 32;
    %pushi/vec4 819458, 0, 32;
    %cmp/e;
    %flag_get/vec4 4;
    %and;
T_57.74;
    %flag_set/vec4 10;
    %flag_or 9, 10;
T_57.72;
    %flag_get/vec4 9;
    %jmp/0 T_57.71, 9;
    %pushi/vec4 0, 0, 1;
    %and;
T_57.71;
    %flag_set/vec4 8;
    %flag_get/vec4 8;
    %jmp/0 T_57.70, 8;
    %pushi/vec4 0, 0, 1;
    %and;
T_57.70;
    %assign/vec4 v0xc00ea41e0_0, 0;
    %load/vec4 v0xc00ea7200_0;
    %parti/s 7, 0, 2;
    %cmpi/e 115, 0, 7;
    %flag_get/vec4 4;
    %jmp/0 T_57.76, 4;
    %load/vec4 v0xc00ea7200_0;
    %parti/s 20, 12, 5;
    %pad/u 32;
    %pushi/vec4 786946, 0, 32;
    %cmp/e;
    %flag_get/vec4 4;
    %and;
T_57.76;
    %flag_set/vec4 8;
    %flag_get/vec4 8;
    %jmp/0 T_57.75, 8;
    %pushi/vec4 0, 0, 1;
    %and;
T_57.75;
    %assign/vec4 v0xc00ea4280_0, 0;
    %load/vec4 v0xc00ea7200_0;
    %parti/s 7, 0, 2;
    %cmpi/e 115, 0, 7;
    %flag_get/vec4 4;
    %jmp/0 T_57.79, 4;
    %load/vec4 v0xc00ea7200_0;
    %parti/s 20, 12, 5;
    %pad/u 32;
    %pushi/vec4 819714, 0, 32;
    %cmp/e;
    %flag_get/vec4 4;
    %and;
T_57.79;
    %flag_set/vec4 9;
    %flag_get/vec4 9;
    %jmp/0 T_57.78, 9;
    %pushi/vec4 0, 0, 1;
    %and;
T_57.78;
    %flag_set/vec4 8;
    %flag_get/vec4 8;
    %jmp/0 T_57.77, 8;
    %pushi/vec4 0, 0, 1;
    %and;
T_57.77;
    %assign/vec4 v0xc00ea4320_0, 0;
    %load/vec4 v0xc00ea7200_0;
    %parti/s 7, 0, 2;
    %cmpi/e 115, 0, 7;
    %flag_get/vec4 4;
    %jmp/0 T_57.82, 4;
    %load/vec4 v0xc00ea7200_0;
    %parti/s 11, 21, 6;
    %nor/r;
    %and;
T_57.82;
    %flag_set/vec4 9;
    %flag_get/vec4 9;
    %jmp/0 T_57.81, 9;
    %load/vec4 v0xc00ea7200_0;
    %parti/s 13, 7, 4;
    %nor/r;
    %and;
T_57.81;
    %flag_set/vec4 8;
    %flag_get/vec4 8;
    %jmp/1 T_57.80, 8;
    %pushi/vec4 0, 0, 1;
    %or;
T_57.80;
    %assign/vec4 v0xc00ea3840_0, 0;
    %load/vec4 v0xc00ea7200_0;
    %parti/s 7, 0, 2;
    %cmpi/e 15, 0, 7;
    %flag_get/vec4 4;
    %jmp/0 T_57.83, 4;
    %load/vec4 v0xc00ea7200_0;
    %parti/s 3, 12, 5;
    %nor/r;
    %and;
T_57.83;
    %assign/vec4 v0xc00ea38e0_0, 0;
    %load/vec4 v0xc00ea7200_0;
    %parti/s 7, 0, 2;
    %cmpi/e 11, 0, 7;
    %flag_get/vec4 4;
    %jmp/0 T_57.86, 4;
    %load/vec4 v0xc00ea7200_0;
    %parti/s 7, 25, 6;
    %pushi/vec4 0, 0, 7;
    %cmp/e;
    %flag_get/vec4 4;
    %and;
T_57.86;
    %flag_set/vec4 9;
    %flag_get/vec4 9;
    %jmp/0 T_57.85, 9;
    %pushi/vec4 0, 0, 1;
    %and;
T_57.85;
    %flag_set/vec4 8;
    %flag_get/vec4 8;
    %jmp/0 T_57.84, 8;
    %pushi/vec4 0, 0, 1;
    %and;
T_57.84;
    %assign/vec4 v0xc00ea3980_0, 0;
    %load/vec4 v0xc00ea7200_0;
    %parti/s 7, 0, 2;
    %cmpi/e 11, 0, 7;
    %flag_get/vec4 4;
    %jmp/0 T_57.89, 4;
    %load/vec4 v0xc00ea7200_0;
    %parti/s 7, 25, 6;
    %pushi/vec4 1, 0, 7;
    %cmp/e;
    %flag_get/vec4 4;
    %and;
T_57.89;
    %flag_set/vec4 9;
    %flag_get/vec4 9;
    %jmp/0 T_57.88, 9;
    %pushi/vec4 0, 0, 1;
    %and;
T_57.88;
    %flag_set/vec4 8;
    %flag_get/vec4 8;
    %jmp/0 T_57.87, 8;
    %pushi/vec4 0, 0, 1;
    %and;
T_57.87;
    %assign/vec4 v0xc00ea4500_0, 0;
    %load/vec4 v0xc00ea7200_0;
    %parti/s 7, 0, 2;
    %cmpi/e 11, 0, 7;
    %flag_get/vec4 4;
    %jmp/0 T_57.91, 4;
    %load/vec4 v0xc00ea7200_0;
    %parti/s 7, 25, 6;
    %pushi/vec4 3, 0, 7;
    %cmp/e;
    %flag_get/vec4 4;
    %and;
T_57.91;
    %flag_set/vec4 8;
    %flag_get/vec4 8;
    %jmp/0 T_57.90, 8;
    %pushi/vec4 0, 0, 1;
    %and;
T_57.90;
    %assign/vec4 v0xc00ea3f20_0, 0;
    %load/vec4 v0xc00ea7200_0;
    %parti/s 7, 0, 2;
    %cmpi/e 11, 0, 7;
    %flag_get/vec4 4;
    %jmp/0 T_57.94, 4;
    %load/vec4 v0xc00ea7200_0;
    %parti/s 7, 25, 6;
    %pushi/vec4 5, 0, 7;
    %cmp/e;
    %flag_get/vec4 4;
    %and;
T_57.94;
    %flag_set/vec4 9;
    %flag_get/vec4 9;
    %jmp/0 T_57.93, 9;
    %pushi/vec4 0, 0, 1;
    %and;
T_57.93;
    %flag_set/vec4 8;
    %flag_get/vec4 8;
    %jmp/0 T_57.92, 8;
    %pushi/vec4 1, 0, 1;
    %and;
T_57.92;
    %assign/vec4 v0xc00ea4dc0_0, 0;
    %load/vec4 v0xc00ea54a0_0;
    %flag_set/vec4 8;
    %flag_get/vec4 8;
    %jmp/0 T_57.95, 8;
    %load/vec4 v0xc00ea7200_0;
    %parti/s 3, 12, 5;
    %cmpi/e 1, 0, 3;
    %flag_get/vec4 4;
    %jmp/0 T_57.96, 4;
    %load/vec4 v0xc00ea7200_0;
    %parti/s 7, 25, 6;
    %pushi/vec4 0, 0, 7;
    %cmp/e;
    %flag_get/vec4 4;
    %and;
T_57.96;
    %load/vec4 v0xc00ea7200_0;
    %parti/s 3, 12, 5;
    %cmpi/e 5, 0, 3;
    %flag_get/vec4 4;
    %jmp/0 T_57.97, 4;
    %load/vec4 v0xc00ea7200_0;
    %parti/s 7, 25, 6;
    %pushi/vec4 0, 0, 7;
    %cmp/e;
    %flag_get/vec4 4;
    %and;
T_57.97;
    %concat/vec4; draw_concat_vec4
    %load/vec4 v0xc00ea7200_0;
    %parti/s 3, 12, 5;
    %cmpi/e 5, 0, 3;
    %flag_get/vec4 4;
    %jmp/0 T_57.98, 4;
    %load/vec4 v0xc00ea7200_0;
    %parti/s 7, 25, 6;
    %pushi/vec4 32, 0, 7;
    %cmp/e;
    %flag_get/vec4 4;
    %and;
T_57.98;
    %concat/vec4; draw_concat_vec4
    %or/r;
    %and;
T_57.95;
    %assign/vec4 v0xc00ea5c20_0, 0;
    %load/vec4 v0xc00ea3ac0_0;
    %flag_set/vec4 8;
    %flag_get/vec4 8;
    %jmp/1 T_57.99, 8;
    %load/vec4 v0xc00ea54a0_0;
    %flag_set/vec4 8;
    %flag_get/vec4 8;
    %jmp/0 T_57.100, 8;
    %load/vec4 v0xc00ea7200_0;
    %parti/s 3, 12, 5;
    %pushi/vec4 0, 0, 3;
    %cmp/e;
    %flag_get/vec4 4;
    %load/vec4 v0xc00ea7200_0;
    %parti/s 3, 12, 5;
    %pushi/vec4 2, 0, 3;
    %cmp/e;
    %flag_get/vec4 4;
    %concat/vec4; draw_concat_vec4
    %load/vec4 v0xc00ea7200_0;
    %parti/s 3, 12, 5;
    %pushi/vec4 3, 0, 3;
    %cmp/e;
    %flag_get/vec4 4;
    %concat/vec4; draw_concat_vec4
    %load/vec4 v0xc00ea7200_0;
    %parti/s 3, 12, 5;
    %pushi/vec4 4, 0, 3;
    %cmp/e;
    %flag_get/vec4 4;
    %concat/vec4; draw_concat_vec4
    %load/vec4 v0xc00ea7200_0;
    %parti/s 3, 12, 5;
    %pushi/vec4 6, 0, 3;
    %cmp/e;
    %flag_get/vec4 4;
    %concat/vec4; draw_concat_vec4
    %load/vec4 v0xc00ea7200_0;
    %parti/s 3, 12, 5;
    %pushi/vec4 7, 0, 3;
    %cmp/e;
    %flag_get/vec4 4;
    %concat/vec4; draw_concat_vec4
    %or/r;
    %and;
T_57.100;
    %or;
T_57.99;
    %assign/vec4 v0xc00ea5720_0, 0;
    %load/vec4 v0xc00ea5540_0;
    %flag_set/vec4 8;
    %flag_get/vec4 8;
    %jmp/0 T_57.101, 8;
    %load/vec4 v0xc00ea7200_0;
    %parti/s 3, 12, 5;
    %cmpi/e 1, 0, 3;
    %flag_get/vec4 4;
    %jmp/0 T_57.102, 4;
    %load/vec4 v0xc00ea7200_0;
    %parti/s 7, 25, 6;
    %pushi/vec4 0, 0, 7;
    %cmp/e;
    %flag_get/vec4 4;
    %and;
T_57.102;
    %load/vec4 v0xc00ea7200_0;
    %parti/s 3, 12, 5;
    %cmpi/e 5, 0, 3;
    %flag_get/vec4 4;
    %jmp/0 T_57.103, 4;
    %load/vec4 v0xc00ea7200_0;
    %parti/s 7, 25, 6;
    %pushi/vec4 0, 0, 7;
    %cmp/e;
    %flag_get/vec4 4;
    %and;
T_57.103;
    %concat/vec4; draw_concat_vec4
    %load/vec4 v0xc00ea7200_0;
    %parti/s 3, 12, 5;
    %cmpi/e 5, 0, 3;
    %flag_get/vec4 4;
    %jmp/0 T_57.104, 4;
    %load/vec4 v0xc00ea7200_0;
    %parti/s 7, 25, 6;
    %pushi/vec4 32, 0, 7;
    %cmp/e;
    %flag_get/vec4 4;
    %and;
T_57.104;
    %concat/vec4; draw_concat_vec4
    %or/r;
    %and;
T_57.101;
    %assign/vec4 v0xc00ea5b80_0, 0;
    %pushi/vec4 0, 0, 1;
    %assign/vec4 v0xc00ea59a0_0, 0;
    %pushi/vec4 0, 0, 1;
    %assign/vec4 v0xc00ea5680_0, 0;
    %pushi/vec4 1, 0, 1;
    %dup/vec4;
    %load/vec4 v0xc00ea3a20_0;
    %cmp/u;
    %jmp/1 T_57.105, 6;
    %dup/vec4;
    %load/vec4 v0xc00ea3de0_0;
    %load/vec4 v0xc00ea33e0_0;
    %concat/vec4; draw_concat_vec4
    %or/r;
    %cmp/u;
    %jmp/1 T_57.106, 6;
    %dup/vec4;
    %load/vec4 v0xc00ea3ac0_0;
    %load/vec4 v0xc00ea57c0_0;
    %concat/vec4; draw_concat_vec4
    %load/vec4 v0xc00ea54a0_0;
    %concat/vec4; draw_concat_vec4
    %or/r;
    %cmp/u;
    %jmp/1 T_57.107, 6;
    %dup/vec4;
    %load/vec4 v0xc00ea55e0_0;
    %cmp/u;
    %jmp/1 T_57.108, 6;
    %dup/vec4;
    %load/vec4 v0xc00ea5ae0_0;
    %cmp/u;
    %jmp/1 T_57.109, 6;
    %pushi/vec4 1, 1, 32;
    %assign/vec4 v0xc00ea29e0_0, 0;
    %jmp T_57.111;
T_57.105 ;
    %load/vec4 v0xc00ea2a80_0;
    %assign/vec4 v0xc00ea29e0_0, 0;
    %jmp T_57.111;
T_57.106 ;
    %load/vec4 v0xc00ea7200_0;
    %parti/s 20, 12, 5;
    %pad/u 32;
    %ix/load 4, 12, 0;
    %flag_set/imm 4, 0;
    %shiftl 4;
    %assign/vec4 v0xc00ea29e0_0, 0;
    %jmp T_57.111;
T_57.107 ;
    %load/vec4 v0xc00ea7200_0;
    %parti/s 12, 20, 6;
    %pad/s 32;
    %assign/vec4 v0xc00ea29e0_0, 0;
    %jmp T_57.111;
T_57.108 ;
    %load/vec4 v0xc00ea7200_0;
    %parti/s 1, 31, 6;
    %load/vec4 v0xc00ea7200_0;
    %parti/s 1, 7, 4;
    %concat/vec4; draw_concat_vec4
    %load/vec4 v0xc00ea7200_0;
    %parti/s 6, 25, 6;
    %concat/vec4; draw_concat_vec4
    %load/vec4 v0xc00ea7200_0;
    %parti/s 4, 8, 5;
    %concat/vec4; draw_concat_vec4
    %concati/vec4 0, 0, 1;
    %pad/s 32;
    %assign/vec4 v0xc00ea29e0_0, 0;
    %jmp T_57.111;
T_57.109 ;
    %load/vec4 v0xc00ea7200_0;
    %parti/s 7, 25, 6;
    %load/vec4 v0xc00ea7200_0;
    %parti/s 5, 7, 4;
    %concat/vec4; draw_concat_vec4
    %pad/s 32;
    %assign/vec4 v0xc00ea29e0_0, 0;
    %jmp T_57.111;
T_57.111 ;
    %pop/vec4 1;
T_57.17 ;
    %load/vec4 v0xc00ea8fa0_0;
    %nor/r;
    %flag_set/vec4 8;
    %jmp/0xz  T_57.112, 8;
    %pushi/vec4 0, 0, 1;
    %assign/vec4 v0xc00ea55e0_0, 0;
    %pushi/vec4 0, 0, 1;
    %assign/vec4 v0xc00ea5680_0, 0;
    %pushi/vec4 0, 0, 1;
    %assign/vec4 v0xc00ea3480_0, 0;
    %pushi/vec4 0, 0, 1;
    %assign/vec4 v0xc00ea37a0_0, 0;
    %pushi/vec4 0, 0, 1;
    %assign/vec4 v0xc00ea3660_0, 0;
    %pushi/vec4 0, 0, 1;
    %assign/vec4 v0xc00ea3520_0, 0;
    %pushi/vec4 0, 0, 1;
    %assign/vec4 v0xc00ea3700_0, 0;
    %pushi/vec4 0, 0, 1;
    %assign/vec4 v0xc00ea35c0_0, 0;
    %pushi/vec4 0, 0, 1;
    %assign/vec4 v0xc00ea3200_0, 0;
    %pushi/vec4 0, 0, 1;
    %assign/vec4 v0xc00ea4820_0, 0;
    %pushi/vec4 0, 0, 1;
    %assign/vec4 v0xc00ea48c0_0, 0;
    %pushi/vec4 0, 0, 1;
    %assign/vec4 v0xc00ea5040_0, 0;
    %pushi/vec4 0, 0, 1;
    %assign/vec4 v0xc00ea40a0_0, 0;
    %pushi/vec4 0, 0, 1;
    %assign/vec4 v0xc00ea3340_0, 0;
    %pushi/vec4 0, 0, 1;
    %assign/vec4 v0xc00ea3160_0, 0;
    %pushi/vec4 0, 0, 1;
    %assign/vec4 v0xc00ea4c80_0, 0;
    %pushi/vec4 0, 0, 1;
    %assign/vec4 v0xc00ea4640_0, 0;
    %pushi/vec4 0, 0, 1;
    %assign/vec4 v0xc00ea4780_0, 0;
    %pushi/vec4 0, 0, 1;
    %assign/vec4 v0xc00ea4960_0, 0;
    %pushi/vec4 0, 0, 1;
    %assign/vec4 v0xc00ea4fa0_0, 0;
    %pushi/vec4 0, 0, 1;
    %assign/vec4 v0xc00ea4b40_0, 0;
    %pushi/vec4 0, 0, 1;
    %assign/vec4 v0xc00ea4a00_0, 0;
    %pushi/vec4 0, 0, 1;
    %assign/vec4 v0xc00ea4000_0, 0;
    %pushi/vec4 0, 0, 1;
    %assign/vec4 v0xc00ea32a0_0, 0;
    %pushi/vec4 0, 0, 1;
    %assign/vec4 v0xc00ea38e0_0, 0;
T_57.112 ;
    %jmp T_57;
    .thread T_57;
    .scope S_0xc00e7cc00;
T_58 ;
    %wait E_0xc00e538c0;
    %pushi/vec4 0, 0, 32; draw_string_vec4
    %pushi/vec4 0, 0, 32; draw_string_vec4
    %concat/vec4; draw_string_vec4
    %pushi/vec4 0, 0, 32; draw_string_vec4
    %concat/vec4; draw_string_vec4
    %pushi/vec4 0, 0, 32; draw_string_vec4
    %concat/vec4; draw_string_vec4
    %store/vec4 v0xc00ea1d60_0, 0, 128;
    %load/vec4 v0xc00ea1860_0;
    %cmpi/e 128, 0, 8;
    %jmp/0xz  T_58.0, 4;
    %pushi/vec4 0, 0, 32; draw_string_vec4
    %pushi/vec4 0, 0, 32; draw_string_vec4
    %concat/vec4; draw_string_vec4
    %pushi/vec4 0, 0, 32; draw_string_vec4
    %concat/vec4; draw_string_vec4
    %pushi/vec4 1953653104, 0, 32; draw_string_vec4
    %concat/vec4; draw_string_vec4
    %store/vec4 v0xc00ea1d60_0, 0, 128;
T_58.0 ;
    %load/vec4 v0xc00ea1860_0;
    %cmpi/e 64, 0, 8;
    %jmp/0xz  T_58.2, 4;
    %pushi/vec4 0, 0, 32; draw_string_vec4
    %pushi/vec4 0, 0, 32; draw_string_vec4
    %concat/vec4; draw_string_vec4
    %pushi/vec4 102, 0, 32; draw_string_vec4
    %concat/vec4; draw_string_vec4
    %pushi/vec4 1702126440, 0, 32; draw_string_vec4
    %concat/vec4; draw_string_vec4
    %store/vec4 v0xc00ea1d60_0, 0, 128;
T_58.2 ;
    %load/vec4 v0xc00ea1860_0;
    %cmpi/e 32, 0, 8;
    %jmp/0xz  T_58.4, 4;
    %pushi/vec4 0, 0, 32; draw_string_vec4
    %pushi/vec4 0, 0, 32; draw_string_vec4
    %concat/vec4; draw_string_vec4
    %pushi/vec4 27748, 0, 32; draw_string_vec4
    %concat/vec4; draw_string_vec4
    %pushi/vec4 1601336113, 0, 32; draw_string_vec4
    %concat/vec4; draw_string_vec4
    %store/vec4 v0xc00ea1d60_0, 0, 128;
T_58.4 ;
    %load/vec4 v0xc00ea1860_0;
    %cmpi/e 16, 0, 8;
    %jmp/0xz  T_58.6, 4;
    %pushi/vec4 0, 0, 32; draw_string_vec4
    %pushi/vec4 0, 0, 32; draw_string_vec4
    %concat/vec4; draw_string_vec4
    %pushi/vec4 27748, 0, 32; draw_string_vec4
    %concat/vec4; draw_string_vec4
    %pushi/vec4 1601336114, 0, 32; draw_string_vec4
    %concat/vec4; draw_string_vec4
    %store/vec4 v0xc00ea1d60_0, 0, 128;
T_58.6 ;
    %load/vec4 v0xc00ea1860_0;
    %cmpi/e 8, 0, 8;
    %jmp/0xz  T_58.8, 4;
    %pushi/vec4 0, 0, 32; draw_string_vec4
    %pushi/vec4 0, 0, 32; draw_string_vec4
    %concat/vec4; draw_string_vec4
    %pushi/vec4 0, 0, 32; draw_string_vec4
    %concat/vec4; draw_string_vec4
    %pushi/vec4 1702389091, 0, 32; draw_string_vec4
    %concat/vec4; draw_string_vec4
    %store/vec4 v0xc00ea1d60_0, 0, 128;
T_58.8 ;
    %load/vec4 v0xc00ea1860_0;
    %cmpi/e 4, 0, 8;
    %jmp/0xz  T_58.10, 4;
    %pushi/vec4 0, 0, 32; draw_string_vec4
    %pushi/vec4 0, 0, 32; draw_string_vec4
    %concat/vec4; draw_string_vec4
    %pushi/vec4 115, 0, 32; draw_string_vec4
    %concat/vec4; draw_string_vec4
    %pushi/vec4 1751737972, 0, 32; draw_string_vec4
    %concat/vec4; draw_string_vec4
    %store/vec4 v0xc00ea1d60_0, 0, 128;
T_58.10 ;
    %load/vec4 v0xc00ea1860_0;
    %cmpi/e 2, 0, 8;
    %jmp/0xz  T_58.12, 4;
    %pushi/vec4 0, 0, 32; draw_string_vec4
    %pushi/vec4 0, 0, 32; draw_string_vec4
    %concat/vec4; draw_string_vec4
    %pushi/vec4 115, 0, 32; draw_string_vec4
    %concat/vec4; draw_string_vec4
    %pushi/vec4 1953326445, 0, 32; draw_string_vec4
    %concat/vec4; draw_string_vec4
    %store/vec4 v0xc00ea1d60_0, 0, 128;
T_58.12 ;
    %load/vec4 v0xc00ea1860_0;
    %cmpi/e 1, 0, 8;
    %jmp/0xz  T_58.14, 4;
    %pushi/vec4 0, 0, 32; draw_string_vec4
    %pushi/vec4 0, 0, 32; draw_string_vec4
    %concat/vec4; draw_string_vec4
    %pushi/vec4 108, 0, 32; draw_string_vec4
    %concat/vec4; draw_string_vec4
    %pushi/vec4 1684890989, 0, 32; draw_string_vec4
    %concat/vec4; draw_string_vec4
    %store/vec4 v0xc00ea1d60_0, 0, 128;
T_58.14 ;
    %jmp T_58;
    .thread T_58, $push;
    .scope S_0xc00e7cc00;
T_59 ;
    %wait E_0xc00e53880;
    %pushi/vec4 1, 1, 1;
    %store/vec4 v0xc00ea0c80_0, 0, 1;
    %pushi/vec4 1, 0, 1;
    %dup/vec4;
    %load/vec4 v0xc00ea3480_0;
    %cmp/u;
    %jmp/1 T_59.0, 6;
    %dup/vec4;
    %load/vec4 v0xc00ea37a0_0;
    %cmp/u;
    %jmp/1 T_59.1, 6;
    %dup/vec4;
    %load/vec4 v0xc00ea3520_0;
    %cmp/u;
    %jmp/1 T_59.2, 6;
    %dup/vec4;
    %load/vec4 v0xc00ea35c0_0;
    %cmp/u;
    %jmp/1 T_59.3, 6;
    %dup/vec4;
    %load/vec4 v0xc00ea5cc0_0;
    %flag_set/vec4 8;
    %flag_get/vec4 8;
    %jmp/0 T_59.7, 8;
    %pushi/vec4 1, 0, 1;
    %and;
T_59.7;
    %cmp/u;
    %jmp/1 T_59.4, 6;
    %dup/vec4;
    %load/vec4 v0xc00ea5d60_0;
    %flag_set/vec4 8;
    %flag_get/vec4 8;
    %jmp/0 T_59.8, 8;
    %pushi/vec4 1, 0, 1;
    %and;
T_59.8;
    %cmp/u;
    %jmp/1 T_59.5, 6;
    %jmp T_59.6;
T_59.0 ;
    %load/vec4 v0xc00ea0a00_0;
    %store/vec4 v0xc00ea0c80_0, 0, 1;
    %jmp T_59.6;
T_59.1 ;
    %load/vec4 v0xc00ea0a00_0;
    %nor/r;
    %store/vec4 v0xc00ea0c80_0, 0, 1;
    %jmp T_59.6;
T_59.2 ;
    %load/vec4 v0xc00ea0aa0_0;
    %nor/r;
    %store/vec4 v0xc00ea0c80_0, 0, 1;
    %jmp T_59.6;
T_59.3 ;
    %load/vec4 v0xc00ea0b40_0;
    %nor/r;
    %store/vec4 v0xc00ea0c80_0, 0, 1;
    %jmp T_59.6;
T_59.4 ;
    %load/vec4 v0xc00ea0aa0_0;
    %store/vec4 v0xc00ea0c80_0, 0, 1;
    %jmp T_59.6;
T_59.5 ;
    %load/vec4 v0xc00ea0b40_0;
    %store/vec4 v0xc00ea0c80_0, 0, 1;
    %jmp T_59.6;
T_59.6 ;
    %pop/vec4 1;
    %pushi/vec4 4294967295, 4294967295, 32;
    %store/vec4 v0xc00ea0be0_0, 0, 32;
    %pushi/vec4 1, 0, 1;
    %dup/vec4;
    %load/vec4 v0xc00ea59a0_0;
    %cmp/u;
    %jmp/1 T_59.9, 6;
    %dup/vec4;
    %load/vec4 v0xc00ea5680_0;
    %cmp/u;
    %jmp/1 T_59.10, 6;
    %dup/vec4;
    %load/vec4 v0xc00ea5040_0;
    %flag_set/vec4 8;
    %flag_get/vec4 8;
    %jmp/1 T_59.17, 8;
    %load/vec4 v0xc00ea4fa0_0;
    %or;
T_59.17;
    %cmp/u;
    %jmp/1 T_59.11, 6;
    %dup/vec4;
    %load/vec4 v0xc00ea40a0_0;
    %flag_set/vec4 8;
    %flag_get/vec4 8;
    %jmp/1 T_59.18, 8;
    %load/vec4 v0xc00ea4000_0;
    %or;
T_59.18;
    %cmp/u;
    %jmp/1 T_59.12, 6;
    %dup/vec4;
    %load/vec4 v0xc00ea3340_0;
    %flag_set/vec4 8;
    %flag_get/vec4 8;
    %jmp/1 T_59.19, 8;
    %load/vec4 v0xc00ea32a0_0;
    %or;
T_59.19;
    %cmp/u;
    %jmp/1 T_59.13, 6;
    %dup/vec4;
    %pushi/vec4 0, 0, 1;
    %cmp/u;
    %jmp/1 T_59.14, 6;
    %dup/vec4;
    %pushi/vec4 0, 0, 1;
    %cmp/u;
    %jmp/1 T_59.15, 6;
    %jmp T_59.16;
T_59.9 ;
    %load/vec4 v0xc00ea0960_0;
    %store/vec4 v0xc00ea0be0_0, 0, 32;
    %jmp T_59.16;
T_59.10 ;
    %load/vec4 v0xc00ea0c80_0;
    %pad/u 32;
    %store/vec4 v0xc00ea0be0_0, 0, 32;
    %jmp T_59.16;
T_59.11 ;
    %load/vec4 v0xc00ea8c80_0;
    %load/vec4 v0xc00ea8d20_0;
    %xor;
    %store/vec4 v0xc00ea0be0_0, 0, 32;
    %jmp T_59.16;
T_59.12 ;
    %load/vec4 v0xc00ea8c80_0;
    %load/vec4 v0xc00ea8d20_0;
    %or;
    %store/vec4 v0xc00ea0be0_0, 0, 32;
    %jmp T_59.16;
T_59.13 ;
    %load/vec4 v0xc00ea8c80_0;
    %load/vec4 v0xc00ea8d20_0;
    %and;
    %store/vec4 v0xc00ea0be0_0, 0, 32;
    %jmp T_59.16;
T_59.14 ;
    %load/vec4 v0xc00ea0e60_0;
    %store/vec4 v0xc00ea0be0_0, 0, 32;
    %jmp T_59.16;
T_59.15 ;
    %load/vec4 v0xc00ea0f00_0;
    %store/vec4 v0xc00ea0be0_0, 0, 32;
    %jmp T_59.16;
T_59.16 ;
    %pop/vec4 1;
    %jmp T_59;
    .thread T_59, $push;
    .scope S_0xc00e7cc00;
T_60 ;
    %wait E_0xc00e53780;
    %load/vec4 v0xc00ea14a0_0;
    %assign/vec4 v0xc00ea1540_0, 0;
    %jmp T_60;
    .thread T_60;
    .scope S_0xc00e7cc00;
T_61 ;
    %wait E_0xc00e53840;
    %load/vec4 v0xc00ea1540_0;
    %store/vec4 v0xc00ea14a0_0, 0, 1;
    %load/vec4 v0xc00ea8780_0;
    %nor/r;
    %flag_set/vec4 8;
    %jmp/0xz  T_61.0, 8;
    %pushi/vec4 0, 0, 1;
    %store/vec4 v0xc00ea14a0_0, 0, 1;
T_61.0 ;
    %load/vec4 v0xc00ea5ea0_0;
    %flag_set/vec4 8;
    %jmp/1 T_61.5, 8;
    %load/vec4 v0xc00ea5400_0;
    %cmpi/ne 0, 0, 2;
    %flag_or 8, 4;
T_61.5;
    %jmp/1 T_61.4, 8;
    %load/vec4 v0xc00ea8fa0_0;
    %nor/r;
    %flag_set/vec4 9;
    %flag_or 8, 9;
T_61.4;
    %jmp/0xz  T_61.2, 8;
    %pushi/vec4 0, 0, 1;
    %store/vec4 v0xc00ea14a0_0, 0, 1;
T_61.2 ;
    %jmp T_61;
    .thread T_61, $push;
    .scope S_0xc00e7cc00;
T_62 ;
    %wait E_0xc00e53800;
    %pushi/vec4 0, 0, 1;
    %store/vec4 v0xc00ea1b80_0, 0, 1;
    %pushi/vec4 4294967295, 4294967295, 32;
    %store/vec4 v0xc00ea1ae0_0, 0, 32;
    %load/vec4 v0xc00ea1860_0;
    %cmpi/e 64, 0, 8;
    %jmp/0xz  T_62.0, 4;
    %pushi/vec4 1, 0, 1;
    %dup/vec4;
    %load/vec4 v0xc00ea5ea0_0;
    %cmp/u;
    %jmp/1 T_62.2, 6;
    %dup/vec4;
    %load/vec4 v0xc00ea6300_0;
    %flag_set/vec4 8;
    %flag_get/vec4 8;
    %jmp/0 T_62.7, 8;
    %load/vec4 v0xc00ea5ea0_0;
    %nor/r;
    %and;
T_62.7;
    %cmp/u;
    %jmp/1 T_62.3, 6;
    %dup/vec4;
    %pushi/vec4 0, 0, 1;
    %cmp/u;
    %jmp/1 T_62.4, 6;
    %dup/vec4;
    %pushi/vec4 0, 0, 1;
    %cmp/u;
    %jmp/1 T_62.5, 6;
    %jmp T_62.6;
T_62.2 ;
    %load/vec4 v0xc00ea8e60_0;
    %load/vec4 v0xc00ea5f40_0;
    %flag_set/vec4 8;
    %jmp/0 T_62.8, 8;
    %pushi/vec4 2, 0, 32;
    %jmp/1 T_62.9, 8;
T_62.8 ; End of true expr.
    %pushi/vec4 4, 0, 32;
    %jmp/0 T_62.9, 8;
 ; End of false expr.
    %blend;
T_62.9;
    %add;
    %store/vec4 v0xc00ea1ae0_0, 0, 32;
    %pushi/vec4 1, 0, 1;
    %store/vec4 v0xc00ea1b80_0, 0, 1;
    %jmp T_62.6;
T_62.3 ;
    %load/vec4 v0xc00ea6260_0;
    %flag_set/vec4 8;
    %jmp/0 T_62.10, 8;
    %load/vec4 v0xc00ea0dc0_0;
    %jmp/1 T_62.11, 8;
T_62.10 ; End of true expr.
    %load/vec4 v0xc00ea8dc0_0;
    %jmp/0 T_62.11, 8;
 ; End of false expr.
    %blend;
T_62.11;
    %store/vec4 v0xc00ea1ae0_0, 0, 32;
    %pushi/vec4 1, 0, 1;
    %store/vec4 v0xc00ea1b80_0, 0, 1;
    %jmp T_62.6;
T_62.4 ;
    %load/vec4 v0xc00ea8be0_0;
    %load/vec4 v0xc00ea5f40_0;
    %pad/u 32;
    %or;
    %store/vec4 v0xc00ea1ae0_0, 0, 32;
    %pushi/vec4 1, 0, 1;
    %store/vec4 v0xc00ea1b80_0, 0, 1;
    %jmp T_62.6;
T_62.5 ;
    %load/vec4 v0xc00ea5360_0;
    %load/vec4 v0xc00ea52c0_0;
    %inv;
    %and;
    %store/vec4 v0xc00ea1ae0_0, 0, 32;
    %pushi/vec4 1, 0, 1;
    %store/vec4 v0xc00ea1b80_0, 0, 1;
    %jmp T_62.6;
T_62.6 ;
    %pop/vec4 1;
T_62.0 ;
    %jmp T_62;
    .thread T_62, $push;
    .scope S_0xc00e7cc00;
T_63 ;
    %wait E_0xc00e53780;
    %load/vec4 v0xc00ea8fa0_0;
    %flag_set/vec4 10;
    %flag_get/vec4 10;
    %jmp/0 T_63.3, 10;
    %load/vec4 v0xc00ea1b80_0;
    %and;
T_63.3;
    %flag_set/vec4 9;
    %flag_get/vec4 9;
    %jmp/0 T_63.2, 9;
    %load/vec4 v0xc00ea61c0_0;
    %pushi/vec4 0, 0, 5;
    %cmp/ne;
    %flag_get/vec4 4;
    %and;
T_63.2;
    %flag_set/vec4 8;
    %jmp/0xz  T_63.0, 8;
    %load/vec4 v0xc00ea1ae0_0;
    %load/vec4 v0xc00ea61c0_0;
    %pad/u 7;
    %ix/vec4 3;
    %ix/load 4, 0, 0; Constant delay
    %assign/vec4/a/d v0xc00ea1900, 0, 4;
T_63.0 ;
    %jmp T_63;
    .thread T_63;
    .scope S_0xc00e7cc00;
T_64 ;
    %wait E_0xc00e537c0;
    %pushi/vec4 31, 31, 5;
    %store/vec4 v0xc00ea2bc0_0, 0, 5;
    %load/vec4 v0xc00ea2c60_0;
    %cmpi/ne 0, 0, 5;
    %flag_mov 8, 4;
    %jmp/0 T_64.0, 8;
    %load/vec4 v0xc00ea2c60_0;
    %pad/u 7;
    %ix/vec4 4;
    %load/vec4a v0xc00ea1900, 4;
    %jmp/1 T_64.1, 8;
T_64.0 ; End of true expr.
    %pushi/vec4 0, 0, 32;
    %jmp/0 T_64.1, 8;
 ; End of false expr.
    %blend;
T_64.1;
    %store/vec4 v0xc00ea19a0_0, 0, 32;
    %load/vec4 v0xc00ea2d00_0;
    %cmpi/ne 0, 0, 5;
    %flag_mov 8, 4;
    %jmp/0 T_64.2, 8;
    %load/vec4 v0xc00ea2d00_0;
    %pad/u 7;
    %ix/vec4 4;
    %load/vec4a v0xc00ea1900, 4;
    %jmp/1 T_64.3, 8;
T_64.2 ; End of true expr.
    %pushi/vec4 0, 0, 32;
    %jmp/0 T_64.3, 8;
 ; End of false expr.
    %blend;
T_64.3;
    %store/vec4 v0xc00ea1a40_0, 0, 32;
    %jmp T_64;
    .thread T_64, $push;
    .scope S_0xc00e7cc00;
T_65 ;
    %wait E_0xc00e53780;
    %pushi/vec4 0, 0, 1;
    %assign/vec4 v0xc00ea9400_0, 0;
    %pushi/vec4 31, 31, 5;
    %assign/vec4 v0xc00ea8f00_0, 0;
    %pushi/vec4 4294967295, 4294967295, 32;
    %assign/vec4 v0xc00ea8dc0_0, 0;
    %pushi/vec4 0, 0, 1;
    %store/vec4 v0xc00ea90e0_0, 0, 1;
    %pushi/vec4 0, 0, 1;
    %store/vec4 v0xc00ea9040_0, 0, 1;
    %pushi/vec4 0, 0, 1;
    %store/vec4 v0xc00ea9180_0, 0, 1;
    %load/vec4 v0xc00ea0c80_0;
    %assign/vec4 v0xc00ea0d20_0, 0;
    %load/vec4 v0xc00ea0be0_0;
    %assign/vec4 v0xc00ea0dc0_0, 0;
    %pushi/vec4 0, 0, 1;
    %assign/vec4 v0xc00ea0fa0_0, 0;
    %pushi/vec4 0, 0, 1;
    %assign/vec4 v0xc00ea1040_0, 0;
    %load/vec4 v0xc00ea6440_0;
    %flag_set/vec4 8;
    %jmp/0xz  T_65.0, 8;
    %pushi/vec4 4294967295, 4294967295, 32;
    %assign/vec4 v0xc00ea26c0_0, 0;
    %pushi/vec4 4294967295, 4294967295, 32;
    %assign/vec4 v0xc00ea2800_0, 0;
    %pushi/vec4 0, 0, 1;
    %assign/vec4 v0xc00ea2760_0, 0;
    %pushi/vec4 0, 0, 1;
    %assign/vec4 v0xc00ea28a0_0, 0;
T_65.0 ;
    %pushi/vec4 4294967295, 4294967295, 32;
    %concati/vec4 4294967295, 4294967295, 32;
    %assign/vec4 v0xc00ea1720_0, 0;
    %pushi/vec4 4294967295, 4294967295, 32;
    %concati/vec4 4294967295, 4294967295, 32;
    %assign/vec4 v0xc00ea17c0_0, 0;
    %pushi/vec4 4294967295, 4294967295, 32;
    %store/vec4 v0xc00ea78e0_0, 0, 32;
    %load/vec4 v0xc00ea6760_0;
    %flag_set/vec4 8;
    %flag_get/vec4 8;
    %jmp/0 T_65.2, 8;
    %load/vec4 v0xc00ea68a0_0;
    %and;
T_65.2;
    %assign/vec4 v0xc00ea2ee0_0, 0;
    %load/vec4 v0xc00ea2ee0_0;
    %assign/vec4 v0xc00ea2f80_0, 0;
    %pushi/vec4 0, 0, 1;
    %assign/vec4 v0xc00ea2da0_0, 0;
    %load/vec4 v0xc00ea2da0_0;
    %assign/vec4 v0xc00ea2e40_0, 0;
    %pushi/vec4 0, 0, 1;
    %assign/vec4 v0xc00ea3020_0, 0;
    %pushi/vec4 0, 0, 1;
    %assign/vec4 v0xc00ea9360_0, 0;
    %pushi/vec4 4294967295, 4294967295, 32;
    %concati/vec4 15, 15, 4;
    %assign/vec4 v0xc00ea92c0_0, 0;
    %load/vec4 v0xc00ea8fa0_0;
    %nor/r;
    %flag_set/vec4 8;
    %jmp/0xz  T_65.3, 8;
    %pushi/vec4 0, 0, 32;
    %assign/vec4 v0xc00ea8e60_0, 0;
    %pushi/vec4 0, 0, 32;
    %assign/vec4 v0xc00ea8be0_0, 0;
    %pushi/vec4 0, 0, 1;
    %assign/vec4 v0xc00ea6300_0, 0;
    %pushi/vec4 0, 0, 1;
    %assign/vec4 v0xc00ea6260_0, 0;
    %pushi/vec4 0, 0, 1;
    %assign/vec4 v0xc00ea5ea0_0, 0;
    %pushi/vec4 0, 0, 1;
    %assign/vec4 v0xc00ea63a0_0, 0;
    %pushi/vec4 0, 0, 1;
    %assign/vec4 v0xc00ea6120_0, 0;
    %pushi/vec4 0, 0, 1;
    %assign/vec4 v0xc00ea6080_0, 0;
    %pushi/vec4 0, 0, 1;
    %assign/vec4 v0xc00ea5fe0_0, 0;
    %pushi/vec4 0, 0, 1;
    %assign/vec4 v0xc00ea85a0_0, 0;
    %pushi/vec4 0, 0, 1;
    %assign/vec4 v0xc00ea8500_0, 0;
    %pushi/vec4 0, 0, 1;
    %assign/vec4 v0xc00ea5180_0, 0;
    %pushi/vec4 0, 0, 1;
    %assign/vec4 v0xc00ea5220_0, 0;
    %pushi/vec4 4294967295, 0, 32;
    %assign/vec4 v0xc00ea52c0_0, 0;
    %pushi/vec4 0, 0, 32;
    %store/vec4 v0xc00ea78e0_0, 0, 32;
    %pushi/vec4 0, 0, 2;
    %assign/vec4 v0xc00ea5400_0, 0;
    %pushi/vec4 0, 0, 32;
    %assign/vec4 v0xc00ea30c0_0, 0;
    %pushi/vec4 0, 0, 32;
    %assign/vec4 v0xc00ea9220_0, 0;
    %pushi/vec4 1, 0, 1;
    %assign/vec4 v0xc00ea6300_0, 0;
    %pushi/vec4 2, 0, 5;
    %assign/vec4 v0xc00ea61c0_0, 0;
    %pushi/vec4 8176, 0, 32;
    %assign/vec4 v0xc00ea8dc0_0, 0;
    %pushi/vec4 64, 0, 8;
    %assign/vec4 v0xc00ea1860_0, 0;
    %jmp T_65.4;
T_65.3 ;
    %load/vec4 v0xc00ea1860_0;
    %dup/vec4;
    %pushi/vec4 128, 0, 8;
    %cmp/u;
    %jmp/1 T_65.5, 6;
    %dup/vec4;
    %pushi/vec4 64, 0, 8;
    %cmp/u;
    %jmp/1 T_65.6, 6;
    %dup/vec4;
    %pushi/vec4 32, 0, 8;
    %cmp/u;
    %jmp/1 T_65.7, 6;
    %dup/vec4;
    %pushi/vec4 16, 0, 8;
    %cmp/u;
    %jmp/1 T_65.8, 6;
    %dup/vec4;
    %pushi/vec4 8, 0, 8;
    %cmp/u;
    %jmp/1 T_65.9, 6;
    %dup/vec4;
    %pushi/vec4 4, 0, 8;
    %cmp/u;
    %jmp/1 T_65.10, 6;
    %dup/vec4;
    %pushi/vec4 2, 0, 8;
    %cmp/u;
    %jmp/1 T_65.11, 6;
    %dup/vec4;
    %pushi/vec4 1, 0, 8;
    %cmp/u;
    %jmp/1 T_65.12, 6;
    %jmp T_65.13;
T_65.5 ;
    %pushi/vec4 1, 0, 1;
    %assign/vec4 v0xc00ea9400_0, 0;
    %jmp T_65.13;
T_65.6 ;
    %load/vec4 v0xc00ea2ee0_0;
    %nor/r;
    %flag_set/vec4 8;
    %flag_get/vec4 8;
    %jmp/0 T_65.14, 8;
    %load/vec4 v0xc00ea3020_0;
    %nor/r;
    %and;
T_65.14;
    %assign/vec4 v0xc00ea6760_0, 0;
    %pushi/vec4 0, 0, 2;
    %assign/vec4 v0xc00ea75c0_0, 0;
    %load/vec4 v0xc00ea8be0_0;
    %store/vec4 v0xc00ea1c20_0, 0, 32;
    %pushi/vec4 1, 0, 1;
    %dup/vec4;
    %load/vec4 v0xc00ea5ea0_0;
    %cmp/u;
    %jmp/1 T_65.15, 6;
    %dup/vec4;
    %load/vec4 v0xc00ea6300_0;
    %flag_set/vec4 8;
    %flag_get/vec4 8;
    %jmp/0 T_65.20, 8;
    %load/vec4 v0xc00ea5ea0_0;
    %nor/r;
    %and;
T_65.20;
    %cmp/u;
    %jmp/1 T_65.16, 6;
    %dup/vec4;
    %pushi/vec4 0, 0, 1;
    %cmp/u;
    %jmp/1 T_65.17, 6;
    %dup/vec4;
    %pushi/vec4 0, 0, 1;
    %cmp/u;
    %jmp/1 T_65.18, 6;
    %jmp T_65.19;
T_65.15 ;
    %load/vec4 v0xc00ea6300_0;
    %flag_set/vec4 8;
    %jmp/0 T_65.21, 8;
    %load/vec4 v0xc00ea6260_0;
    %flag_set/vec4 9;
    %jmp/0 T_65.23, 9;
    %load/vec4 v0xc00ea0dc0_0;
    %jmp/1 T_65.24, 9;
T_65.23 ; End of true expr.
    %load/vec4 v0xc00ea8dc0_0;
    %jmp/0 T_65.24, 9;
 ; End of false expr.
    %blend;
T_65.24;
    %pushi/vec4 4294967294, 0, 32;
    %and;
    %jmp/1 T_65.22, 8;
T_65.21 ; End of true expr.
    %load/vec4 v0xc00ea8be0_0;
    %jmp/0 T_65.22, 8;
 ; End of false expr.
    %blend;
T_65.22;
    %store/vec4 v0xc00ea1c20_0, 0, 32;
    %jmp T_65.19;
T_65.16 ;
    %jmp T_65.19;
T_65.17 ;
    %pushi/vec4 16, 0, 32;
    %store/vec4 v0xc00ea1c20_0, 0, 32;
    %pushi/vec4 1, 0, 1;
    %assign/vec4 v0xc00ea5180_0, 0;
    %pushi/vec4 1, 0, 1;
    %assign/vec4 v0xc00ea6760_0, 0;
    %jmp T_65.19;
T_65.18 ;
    %load/vec4 v0xc00ea5360_0;
    %load/vec4 v0xc00ea52c0_0;
    %inv;
    %and;
    %assign/vec4 v0xc00ea30c0_0, 0;
    %load/vec4 v0xc00ea78e0_0;
    %load/vec4 v0xc00ea52c0_0;
    %and;
    %store/vec4 v0xc00ea78e0_0, 0, 32;
    %jmp T_65.19;
T_65.19 ;
    %pop/vec4 1;
    %load/vec4 v0xc00ea1c20_0;
    %assign/vec4 v0xc00ea8e60_0, 0;
    %load/vec4 v0xc00ea1c20_0;
    %assign/vec4 v0xc00ea8be0_0, 0;
    %pushi/vec4 0, 0, 1;
    %assign/vec4 v0xc00ea6300_0, 0;
    %pushi/vec4 0, 0, 1;
    %assign/vec4 v0xc00ea6260_0, 0;
    %pushi/vec4 0, 0, 1;
    %assign/vec4 v0xc00ea5ea0_0, 0;
    %pushi/vec4 0, 0, 1;
    %assign/vec4 v0xc00ea6120_0, 0;
    %pushi/vec4 0, 0, 1;
    %assign/vec4 v0xc00ea6080_0, 0;
    %pushi/vec4 0, 0, 1;
    %assign/vec4 v0xc00ea5fe0_0, 0;
    %load/vec4 v0xc00ea2b20_0;
    %assign/vec4 v0xc00ea61c0_0, 0;
    %load/vec4 v0xc00ea1680_0;
    %assign/vec4 v0xc00ea5f40_0, 0;
    %load/vec4 v0xc00ea2ee0_0;
    %flag_set/vec4 8;
    %jmp/0xz  T_65.25, 8;
    %load/vec4 v0xc00ea5180_0;
    %assign/vec4 v0xc00ea5220_0, 0;
    %load/vec4 v0xc00ea1c20_0;
    %load/vec4 v0xc00ea1680_0;
    %flag_set/vec4 8;
    %jmp/0 T_65.27, 8;
    %pushi/vec4 2, 0, 32;
    %jmp/1 T_65.28, 8;
T_65.27 ; End of true expr.
    %pushi/vec4 4, 0, 32;
    %jmp/0 T_65.28, 8;
 ; End of false expr.
    %blend;
T_65.28;
    %add;
    %assign/vec4 v0xc00ea8be0_0, 0;
    %load/vec4 v0xc00ea3a20_0;
    %flag_set/vec4 8;
    %jmp/0xz  T_65.29, 8;
    %pushi/vec4 1, 0, 1;
    %assign/vec4 v0xc00ea6760_0, 0;
    %load/vec4 v0xc00ea1c20_0;
    %load/vec4 v0xc00ea2a80_0;
    %add;
    %assign/vec4 v0xc00ea8be0_0, 0;
    %pushi/vec4 1, 0, 1;
    %assign/vec4 v0xc00ea5ea0_0, 0;
    %jmp T_65.30;
T_65.29 ;
    %pushi/vec4 0, 0, 1;
    %assign/vec4 v0xc00ea6760_0, 0;
    %load/vec4 v0xc00ea3ac0_0;
    %nor/r;
    %flag_set/vec4 8;
    %flag_get/vec4 8;
    %jmp/0 T_65.31, 8;
    %load/vec4 v0xc00ea43c0_0;
    %nor/r;
    %and;
T_65.31;
    %assign/vec4 v0xc00ea6620_0, 0;
    %pushi/vec4 32, 0, 8;
    %assign/vec4 v0xc00ea1860_0, 0;
T_65.30 ;
T_65.25 ;
    %jmp T_65.13;
T_65.7 ;
    %pushi/vec4 4294967295, 4294967295, 32;
    %assign/vec4 v0xc00ea8c80_0, 0;
    %pushi/vec4 4294967295, 4294967295, 32;
    %assign/vec4 v0xc00ea8d20_0, 0;
    %pushi/vec4 1, 0, 1;
    %dup/vec4;
    %pushi/vec4 1, 0, 1;
    %flag_set/vec4 8;
    %flag_get/vec4 8;
    %jmp/0 T_65.46, 8;
    %load/vec4 v0xc00ea4e60_0;
    %and;
T_65.46;
    %cmp/u;
    %jmp/1 T_65.32, 6;
    %dup/vec4;
    %pushi/vec4 0, 0, 1;
    %cmp/u;
    %jmp/1 T_65.33, 6;
    %dup/vec4;
    %load/vec4 v0xc00ea5900_0;
    %cmp/u;
    %jmp/1 T_65.34, 6;
    %dup/vec4;
    %pushi/vec4 0, 0, 1;
    %cmp/u;
    %jmp/1 T_65.35, 6;
    %dup/vec4;
    %pushi/vec4 0, 0, 1;
    %cmp/u;
    %jmp/1 T_65.36, 6;
    %dup/vec4;
    %pushi/vec4 0, 0, 1;
    %cmp/u;
    %jmp/1 T_65.37, 6;
    %dup/vec4;
    %pushi/vec4 0, 0, 1;
    %cmp/u;
    %jmp/1 T_65.38, 6;
    %dup/vec4;
    %pushi/vec4 0, 0, 1;
    %cmp/u;
    %jmp/1 T_65.39, 6;
    %dup/vec4;
    %load/vec4 v0xc00ea57c0_0;
    %flag_set/vec4 8;
    %flag_get/vec4 8;
    %jmp/0 T_65.47, 8;
    %load/vec4 v0xc00ea4e60_0;
    %nor/r;
    %and;
T_65.47;
    %cmp/u;
    %jmp/1 T_65.40, 6;
    %dup/vec4;
    %load/vec4 v0xc00ea5c20_0;
    %flag_set/vec4 8;
    %flag_get/vec4 8;
    %jmp/0 T_65.48, 8;
    %pushi/vec4 1, 0, 1;
    %and;
T_65.48;
    %cmp/u;
    %jmp/1 T_65.41, 6;
    %dup/vec4;
    %load/vec4 v0xc00ea5720_0;
    %cmp/u;
    %jmp/1 T_65.42, 6;
    %dup/vec4;
    %load/vec4 v0xc00ea5c20_0;
    %flag_set/vec4 8;
    %flag_get/vec4 8;
    %jmp/0 T_65.49, 8;
    %pushi/vec4 0, 0, 1;
    %and;
T_65.49;
    %cmp/u;
    %jmp/1 T_65.43, 6;
    %load/vec4 v0xc00ea19a0_0;
    %assign/vec4 v0xc00ea8c80_0, 0;
    %load/vec4 v0xc00ea19a0_0;
    %assign/vec4 v0xc00ea26c0_0, 0;
    %pushi/vec4 1, 0, 1;
    %assign/vec4 v0xc00ea2760_0, 0;
    %load/vec4 v0xc00ea1a40_0;
    %pad/u 5;
    %assign/vec4 v0xc00ea8f00_0, 0;
    %load/vec4 v0xc00ea1a40_0;
    %assign/vec4 v0xc00ea8d20_0, 0;
    %load/vec4 v0xc00ea1a40_0;
    %assign/vec4 v0xc00ea2800_0, 0;
    %pushi/vec4 1, 0, 1;
    %assign/vec4 v0xc00ea28a0_0, 0;
    %pushi/vec4 1, 0, 1;
    %dup/vec4;
    %load/vec4 v0xc00ea5ae0_0;
    %cmp/u;
    %jmp/1 T_65.50, 6;
    %dup/vec4;
    %load/vec4 v0xc00ea5b80_0;
    %flag_set/vec4 8;
    %flag_get/vec4 8;
    %jmp/0 T_65.54, 8;
    %pushi/vec4 1, 0, 1;
    %and;
T_65.54;
    %cmp/u;
    %jmp/1 T_65.51, 6;
    %load/vec4 v0xc00ea6620_0;
    %assign/vec4 v0xc00ea6760_0, 0;
    %pushi/vec4 8, 0, 8;
    %assign/vec4 v0xc00ea1860_0, 0;
    %jmp T_65.53;
T_65.50 ;
    %pushi/vec4 2, 0, 8;
    %assign/vec4 v0xc00ea1860_0, 0;
    %pushi/vec4 1, 0, 1;
    %assign/vec4 v0xc00ea6760_0, 0;
    %jmp T_65.53;
T_65.51 ;
    %pushi/vec4 4, 0, 8;
    %assign/vec4 v0xc00ea1860_0, 0;
    %jmp T_65.53;
T_65.53 ;
    %pop/vec4 1;
    %jmp T_65.45;
T_65.32 ;
    %pushi/vec4 128, 0, 8;
    %assign/vec4 v0xc00ea1860_0, 0;
    %jmp T_65.45;
T_65.33 ;
    %pushi/vec4 1, 0, 1;
    %dup/vec4;
    %load/vec4 v0xc00ea4140_0;
    %cmp/u;
    %jmp/1 T_65.55, 6;
    %dup/vec4;
    %load/vec4 v0xc00ea41e0_0;
    %flag_set/vec4 8;
    %flag_get/vec4 8;
    %jmp/0 T_65.60, 8;
    %pushi/vec4 0, 0, 1;
    %and;
T_65.60;
    %cmp/u;
    %jmp/1 T_65.56, 6;
    %dup/vec4;
    %load/vec4 v0xc00ea4280_0;
    %cmp/u;
    %jmp/1 T_65.57, 6;
    %dup/vec4;
    %load/vec4 v0xc00ea4320_0;
    %flag_set/vec4 8;
    %flag_get/vec4 8;
    %jmp/0 T_65.61, 8;
    %pushi/vec4 0, 0, 1;
    %and;
T_65.61;
    %cmp/u;
    %jmp/1 T_65.58, 6;
    %jmp T_65.59;
T_65.55 ;
    %load/vec4 v0xc00ea1720_0;
    %parti/s 32, 0, 2;
    %assign/vec4 v0xc00ea8dc0_0, 0;
    %jmp T_65.59;
T_65.56 ;
    %load/vec4 v0xc00ea1720_0;
    %parti/s 32, 32, 7;
    %assign/vec4 v0xc00ea8dc0_0, 0;
    %jmp T_65.59;
T_65.57 ;
    %load/vec4 v0xc00ea17c0_0;
    %parti/s 32, 0, 2;
    %assign/vec4 v0xc00ea8dc0_0, 0;
    %jmp T_65.59;
T_65.58 ;
    %load/vec4 v0xc00ea17c0_0;
    %parti/s 32, 32, 7;
    %assign/vec4 v0xc00ea8dc0_0, 0;
    %jmp T_65.59;
T_65.59 ;
    %pop/vec4 1;
    %pushi/vec4 1, 0, 1;
    %assign/vec4 v0xc00ea6300_0, 0;
    %pushi/vec4 64, 0, 8;
    %assign/vec4 v0xc00ea1860_0, 0;
    %jmp T_65.45;
T_65.34 ;
    %load/vec4 v0xc00ea3de0_0;
    %flag_set/vec4 8;
    %jmp/0 T_65.62, 8;
    %pushi/vec4 0, 0, 32;
    %jmp/1 T_65.63, 8;
T_65.62 ; End of true expr.
    %load/vec4 v0xc00ea8e60_0;
    %jmp/0 T_65.63, 8;
 ; End of false expr.
    %blend;
T_65.63;
    %assign/vec4 v0xc00ea8c80_0, 0;
    %load/vec4 v0xc00ea29e0_0;
    %assign/vec4 v0xc00ea8d20_0, 0;
    %load/vec4 v0xc00ea6620_0;
    %assign/vec4 v0xc00ea6760_0, 0;
    %pushi/vec4 8, 0, 8;
    %assign/vec4 v0xc00ea1860_0, 0;
    %jmp T_65.45;
T_65.35 ;
    %load/vec4 v0xc00ea19a0_0;
    %assign/vec4 v0xc00ea8dc0_0, 0;
    %load/vec4 v0xc00ea19a0_0;
    %assign/vec4 v0xc00ea26c0_0, 0;
    %pushi/vec4 1, 0, 1;
    %assign/vec4 v0xc00ea2760_0, 0;
    %pushi/vec4 1, 0, 1;
    %assign/vec4 v0xc00ea6300_0, 0;
    %pushi/vec4 64, 0, 8;
    %assign/vec4 v0xc00ea1860_0, 0;
    %jmp T_65.45;
T_65.36 ;
    %load/vec4 v0xc00ea19a0_0;
    %assign/vec4 v0xc00ea8dc0_0, 0;
    %load/vec4 v0xc00ea19a0_0;
    %assign/vec4 v0xc00ea26c0_0, 0;
    %pushi/vec4 1, 0, 1;
    %assign/vec4 v0xc00ea2760_0, 0;
    %load/vec4 v0xc00ea61c0_0;
    %pad/u 32;
    %pushi/vec4 32, 0, 32;
    %or;
    %pad/u 5;
    %assign/vec4 v0xc00ea61c0_0, 0;
    %pushi/vec4 1, 0, 1;
    %assign/vec4 v0xc00ea6300_0, 0;
    %pushi/vec4 64, 0, 8;
    %assign/vec4 v0xc00ea1860_0, 0;
    %jmp T_65.45;
T_65.37 ;
    %pushi/vec4 0, 0, 32;
    %assign/vec4 v0xc00ea30c0_0, 0;
    %pushi/vec4 0, 0, 1;
    %assign/vec4 v0xc00ea5180_0, 0;
    %pushi/vec4 1, 0, 1;
    %assign/vec4 v0xc00ea5ea0_0, 0;
    %pushi/vec4 1, 0, 1;
    %assign/vec4 v0xc00ea6300_0, 0;
    %load/vec4 v0xc00ea19a0_0;
    %pushi/vec4 4294967294, 0, 32;
    %and;
    %assign/vec4 v0xc00ea8dc0_0, 0;
    %load/vec4 v0xc00ea19a0_0;
    %assign/vec4 v0xc00ea26c0_0, 0;
    %pushi/vec4 1, 0, 1;
    %assign/vec4 v0xc00ea2760_0, 0;
    %pushi/vec4 64, 0, 8;
    %assign/vec4 v0xc00ea1860_0, 0;
    %jmp T_65.45;
T_65.38 ;
    %pushi/vec4 1, 0, 1;
    %assign/vec4 v0xc00ea6300_0, 0;
    %load/vec4 v0xc00ea52c0_0;
    %assign/vec4 v0xc00ea8dc0_0, 0;
    %load/vec4 v0xc00ea19a0_0;
    %pushi/vec4 0, 0, 32;
    %or;
    %assign/vec4 v0xc00ea52c0_0, 0;
    %load/vec4 v0xc00ea19a0_0;
    %assign/vec4 v0xc00ea26c0_0, 0;
    %pushi/vec4 1, 0, 1;
    %assign/vec4 v0xc00ea2760_0, 0;
    %pushi/vec4 64, 0, 8;
    %assign/vec4 v0xc00ea1860_0, 0;
    %jmp T_65.45;
T_65.39 ;
    %pushi/vec4 1, 0, 1;
    %assign/vec4 v0xc00ea6300_0, 0;
    %load/vec4 v0xc00ea9220_0;
    %assign/vec4 v0xc00ea8dc0_0, 0;
    %load/vec4 v0xc00ea19a0_0;
    %assign/vec4 v0xc00ea9220_0, 0;
    %load/vec4 v0xc00ea19a0_0;
    %assign/vec4 v0xc00ea26c0_0, 0;
    %pushi/vec4 1, 0, 1;
    %assign/vec4 v0xc00ea2760_0, 0;
    %pushi/vec4 64, 0, 8;
    %assign/vec4 v0xc00ea1860_0, 0;
    %jmp T_65.45;
T_65.40 ;
    %load/vec4 v0xc00ea19a0_0;
    %assign/vec4 v0xc00ea8c80_0, 0;
    %load/vec4 v0xc00ea19a0_0;
    %assign/vec4 v0xc00ea26c0_0, 0;
    %pushi/vec4 1, 0, 1;
    %assign/vec4 v0xc00ea2760_0, 0;
    %pushi/vec4 1, 0, 8;
    %assign/vec4 v0xc00ea1860_0, 0;
    %pushi/vec4 1, 0, 1;
    %assign/vec4 v0xc00ea6760_0, 0;
    %jmp T_65.45;
T_65.41 ;
    %load/vec4 v0xc00ea19a0_0;
    %assign/vec4 v0xc00ea8c80_0, 0;
    %load/vec4 v0xc00ea19a0_0;
    %assign/vec4 v0xc00ea26c0_0, 0;
    %pushi/vec4 1, 0, 1;
    %assign/vec4 v0xc00ea2760_0, 0;
    %load/vec4 v0xc00ea2d00_0;
    %assign/vec4 v0xc00ea8f00_0, 0;
    %pushi/vec4 4, 0, 8;
    %assign/vec4 v0xc00ea1860_0, 0;
    %jmp T_65.45;
T_65.42 ;
    %load/vec4 v0xc00ea19a0_0;
    %assign/vec4 v0xc00ea8c80_0, 0;
    %load/vec4 v0xc00ea19a0_0;
    %assign/vec4 v0xc00ea26c0_0, 0;
    %pushi/vec4 1, 0, 1;
    %assign/vec4 v0xc00ea2760_0, 0;
    %load/vec4 v0xc00ea5c20_0;
    %flag_set/vec4 9;
    %flag_get/vec4 9;
    %jmp/0 T_65.66, 9;
    %pushi/vec4 0, 0, 1;
    %and;
T_65.66;
    %flag_set/vec4 8;
    %jmp/0 T_65.64, 8;
    %load/vec4 v0xc00ea2d00_0;
    %pad/u 32;
    %jmp/1 T_65.65, 8;
T_65.64 ; End of true expr.
    %load/vec4 v0xc00ea29e0_0;
    %jmp/0 T_65.65, 8;
 ; End of false expr.
    %blend;
T_65.65;
    %assign/vec4 v0xc00ea8d20_0, 0;
    %load/vec4 v0xc00ea6620_0;
    %assign/vec4 v0xc00ea6760_0, 0;
    %pushi/vec4 8, 0, 8;
    %assign/vec4 v0xc00ea1860_0, 0;
    %jmp T_65.45;
T_65.43 ;
    %load/vec4 v0xc00ea19a0_0;
    %assign/vec4 v0xc00ea8c80_0, 0;
    %load/vec4 v0xc00ea19a0_0;
    %assign/vec4 v0xc00ea26c0_0, 0;
    %pushi/vec4 1, 0, 1;
    %assign/vec4 v0xc00ea2760_0, 0;
    %load/vec4 v0xc00ea5c20_0;
    %flag_set/vec4 9;
    %flag_get/vec4 9;
    %jmp/0 T_65.69, 9;
    %pushi/vec4 0, 0, 1;
    %and;
T_65.69;
    %flag_set/vec4 8;
    %jmp/0 T_65.67, 8;
    %load/vec4 v0xc00ea2d00_0;
    %pad/u 32;
    %jmp/1 T_65.68, 8;
T_65.67 ; End of true expr.
    %load/vec4 v0xc00ea29e0_0;
    %jmp/0 T_65.68, 8;
 ; End of false expr.
    %blend;
T_65.68;
    %assign/vec4 v0xc00ea8d20_0, 0;
    %load/vec4 v0xc00ea6620_0;
    %assign/vec4 v0xc00ea6760_0, 0;
    %pushi/vec4 8, 0, 8;
    %assign/vec4 v0xc00ea1860_0, 0;
    %jmp T_65.45;
T_65.45 ;
    %pop/vec4 1;
    %jmp T_65.13;
T_65.8 ;
    %load/vec4 v0xc00ea1a40_0;
    %pad/u 5;
    %assign/vec4 v0xc00ea8f00_0, 0;
    %load/vec4 v0xc00ea1a40_0;
    %assign/vec4 v0xc00ea8d20_0, 0;
    %load/vec4 v0xc00ea1a40_0;
    %assign/vec4 v0xc00ea2800_0, 0;
    %pushi/vec4 1, 0, 1;
    %assign/vec4 v0xc00ea28a0_0, 0;
    %pushi/vec4 1, 0, 1;
    %dup/vec4;
    %pushi/vec4 0, 0, 1;
    %cmp/u;
    %jmp/1 T_65.70, 6;
    %dup/vec4;
    %load/vec4 v0xc00ea5ae0_0;
    %cmp/u;
    %jmp/1 T_65.71, 6;
    %dup/vec4;
    %load/vec4 v0xc00ea5b80_0;
    %flag_set/vec4 8;
    %flag_get/vec4 8;
    %jmp/0 T_65.75, 8;
    %pushi/vec4 1, 0, 1;
    %and;
T_65.75;
    %cmp/u;
    %jmp/1 T_65.72, 6;
    %load/vec4 v0xc00ea6620_0;
    %assign/vec4 v0xc00ea6760_0, 0;
    %pushi/vec4 8, 0, 8;
    %assign/vec4 v0xc00ea1860_0, 0;
    %jmp T_65.74;
T_65.70 ;
    %pushi/vec4 1, 0, 1;
    %assign/vec4 v0xc00ea85a0_0, 0;
    %load/vec4 v0xc00ea7de0_0;
    %flag_set/vec4 8;
    %jmp/0xz  T_65.76, 8;
    %pushi/vec4 1, 0, 1;
    %assign/vec4 v0xc00ea6760_0, 0;
    %pushi/vec4 0, 0, 1;
    %assign/vec4 v0xc00ea85a0_0, 0;
    %load/vec4 v0xc00ea7d40_0;
    %assign/vec4 v0xc00ea8dc0_0, 0;
    %load/vec4 v0xc00ea7f20_0;
    %assign/vec4 v0xc00ea6300_0, 0;
    %pushi/vec4 64, 0, 8;
    %assign/vec4 v0xc00ea1860_0, 0;
    %jmp T_65.77;
T_65.76 ;
    %pushi/vec4 1, 0, 1;
    %flag_set/vec4 9;
    %flag_get/vec4 9;
    %jmp/0 T_65.80, 9;
    %load/vec4 v0xc00ea8500_0;
    %flag_set/vec4 9;
    %flag_get/vec4 9;
    %jmp/1 T_65.81, 9;
    %load/vec4 v0xc00ea3840_0;
    %or;
T_65.81;
    %and;
T_65.80;
    %flag_set/vec4 8;
    %jmp/0xz  T_65.78, 8;
    %pushi/vec4 0, 0, 1;
    %assign/vec4 v0xc00ea85a0_0, 0;
    %pushi/vec4 128, 0, 8;
    %assign/vec4 v0xc00ea1860_0, 0;
T_65.78 ;
T_65.77 ;
    %jmp T_65.74;
T_65.71 ;
    %pushi/vec4 2, 0, 8;
    %assign/vec4 v0xc00ea1860_0, 0;
    %pushi/vec4 1, 0, 1;
    %assign/vec4 v0xc00ea6760_0, 0;
    %jmp T_65.74;
T_65.72 ;
    %pushi/vec4 4, 0, 8;
    %assign/vec4 v0xc00ea1860_0, 0;
    %jmp T_65.74;
T_65.74 ;
    %pop/vec4 1;
    %jmp T_65.13;
T_65.9 ;
    %load/vec4 v0xc00ea8e60_0;
    %load/vec4 v0xc00ea29e0_0;
    %add;
    %assign/vec4 v0xc00ea8dc0_0, 0;
    %load/vec4 v0xc00ea55e0_0;
    %flag_set/vec4 8;
    %jmp/0xz  T_65.82, 8;
    %pushi/vec4 0, 0, 5;
    %assign/vec4 v0xc00ea61c0_0, 0;
    %load/vec4 v0xc00ea0c80_0;
    %assign/vec4 v0xc00ea6300_0, 0;
    %load/vec4 v0xc00ea0c80_0;
    %assign/vec4 v0xc00ea5ea0_0, 0;
    %load/vec4 v0xc00ea68a0_0;
    %flag_set/vec4 8;
    %jmp/0xz  T_65.84, 8;
    %pushi/vec4 64, 0, 8;
    %assign/vec4 v0xc00ea1860_0, 0;
T_65.84 ;
    %load/vec4 v0xc00ea0c80_0;
    %flag_set/vec4 8;
    %jmp/0xz  T_65.86, 8;
    %pushi/vec4 0, 0, 1;
    %assign/vec4 v0xc00ea2ee0_0, 0;
    %pushi/vec4 1, 0, 1;
    %store/vec4 v0xc00ea90e0_0, 0, 1;
T_65.86 ;
    %jmp T_65.83;
T_65.82 ;
    %load/vec4 v0xc00ea3ac0_0;
    %assign/vec4 v0xc00ea5ea0_0, 0;
    %pushi/vec4 1, 0, 1;
    %assign/vec4 v0xc00ea6300_0, 0;
    %pushi/vec4 1, 0, 1;
    %assign/vec4 v0xc00ea6260_0, 0;
    %pushi/vec4 64, 0, 8;
    %assign/vec4 v0xc00ea1860_0, 0;
T_65.83 ;
    %jmp T_65.13;
T_65.10 ;
    %pushi/vec4 1, 0, 1;
    %assign/vec4 v0xc00ea6300_0, 0;
    %load/vec4 v0xc00ea8f00_0;
    %pad/u 32;
    %cmpi/e 0, 0, 32;
    %jmp/0xz  T_65.88, 4;
    %load/vec4 v0xc00ea8c80_0;
    %assign/vec4 v0xc00ea8dc0_0, 0;
    %load/vec4 v0xc00ea6620_0;
    %assign/vec4 v0xc00ea6760_0, 0;
    %pushi/vec4 64, 0, 8;
    %assign/vec4 v0xc00ea1860_0, 0;
    %jmp T_65.89;
T_65.88 ;
    %pushi/vec4 1, 0, 1;
    %flag_set/vec4 9;
    %flag_get/vec4 9;
    %jmp/0 T_65.92, 9;
    %pushi/vec4 4, 0, 32;
    %load/vec4 v0xc00ea8f00_0;
    %pad/u 32;
    %cmp/u;
    %flag_get/vec4 4;
    %flag_get/vec4 5;
    %or;
    %and;
T_65.92;
    %flag_set/vec4 8;
    %jmp/0xz  T_65.90, 8;
    %pushi/vec4 1, 0, 1;
    %dup/vec4;
    %load/vec4 v0xc00ea46e0_0;
    %flag_set/vec4 8;
    %flag_get/vec4 8;
    %jmp/1 T_65.97, 8;
    %load/vec4 v0xc00ea4640_0;
    %or;
T_65.97;
    %cmp/u;
    %jmp/1 T_65.93, 6;
    %dup/vec4;
    %load/vec4 v0xc00ea4be0_0;
    %flag_set/vec4 8;
    %flag_get/vec4 8;
    %jmp/1 T_65.98, 8;
    %load/vec4 v0xc00ea4b40_0;
    %or;
T_65.98;
    %cmp/u;
    %jmp/1 T_65.94, 6;
    %dup/vec4;
    %load/vec4 v0xc00ea4aa0_0;
    %flag_set/vec4 8;
    %flag_get/vec4 8;
    %jmp/1 T_65.99, 8;
    %load/vec4 v0xc00ea4a00_0;
    %or;
T_65.99;
    %cmp/u;
    %jmp/1 T_65.95, 6;
    %jmp T_65.96;
T_65.93 ;
    %load/vec4 v0xc00ea8c80_0;
    %ix/load 4, 4, 0;
    %flag_set/imm 4, 0;
    %shiftl 4;
    %assign/vec4 v0xc00ea8c80_0, 0;
    %jmp T_65.96;
T_65.94 ;
    %load/vec4 v0xc00ea8c80_0;
    %ix/load 4, 4, 0;
    %flag_set/imm 4, 0;
    %shiftr 4;
    %assign/vec4 v0xc00ea8c80_0, 0;
    %jmp T_65.96;
T_65.95 ;
    %load/vec4 v0xc00ea8c80_0;
    %ix/load 4, 4, 0;
    %flag_set/imm 4, 0;
    %shiftr/s 4;
    %assign/vec4 v0xc00ea8c80_0, 0;
    %jmp T_65.96;
T_65.96 ;
    %pop/vec4 1;
    %load/vec4 v0xc00ea8f00_0;
    %subi 4, 0, 5;
    %assign/vec4 v0xc00ea8f00_0, 0;
    %jmp T_65.91;
T_65.90 ;
    %pushi/vec4 1, 0, 1;
    %dup/vec4;
    %load/vec4 v0xc00ea46e0_0;
    %flag_set/vec4 8;
    %flag_get/vec4 8;
    %jmp/1 T_65.104, 8;
    %load/vec4 v0xc00ea4640_0;
    %or;
T_65.104;
    %cmp/u;
    %jmp/1 T_65.100, 6;
    %dup/vec4;
    %load/vec4 v0xc00ea4be0_0;
    %flag_set/vec4 8;
    %flag_get/vec4 8;
    %jmp/1 T_65.105, 8;
    %load/vec4 v0xc00ea4b40_0;
    %or;
T_65.105;
    %cmp/u;
    %jmp/1 T_65.101, 6;
    %dup/vec4;
    %load/vec4 v0xc00ea4aa0_0;
    %flag_set/vec4 8;
    %flag_get/vec4 8;
    %jmp/1 T_65.106, 8;
    %load/vec4 v0xc00ea4a00_0;
    %or;
T_65.106;
    %cmp/u;
    %jmp/1 T_65.102, 6;
    %jmp T_65.103;
T_65.100 ;
    %load/vec4 v0xc00ea8c80_0;
    %ix/load 4, 1, 0;
    %flag_set/imm 4, 0;
    %shiftl 4;
    %assign/vec4 v0xc00ea8c80_0, 0;
    %jmp T_65.103;
T_65.101 ;
    %load/vec4 v0xc00ea8c80_0;
    %ix/load 4, 1, 0;
    %flag_set/imm 4, 0;
    %shiftr 4;
    %assign/vec4 v0xc00ea8c80_0, 0;
    %jmp T_65.103;
T_65.102 ;
    %load/vec4 v0xc00ea8c80_0;
    %ix/load 4, 1, 0;
    %flag_set/imm 4, 0;
    %shiftr/s 4;
    %assign/vec4 v0xc00ea8c80_0, 0;
    %jmp T_65.103;
T_65.103 ;
    %pop/vec4 1;
    %load/vec4 v0xc00ea8f00_0;
    %subi 1, 0, 5;
    %assign/vec4 v0xc00ea8f00_0, 0;
T_65.91 ;
T_65.89 ;
    %jmp T_65.13;
T_65.11 ;
    %load/vec4 v0xc00ea6620_0;
    %nor/r;
    %flag_set/vec4 8;
    %jmp/1 T_65.109, 8;
    %load/vec4 v0xc00ea68a0_0;
    %flag_set/vec4 9;
    %flag_or 8, 9;
T_65.109;
    %jmp/0xz  T_65.107, 8;
    %load/vec4 v0xc00ea6800_0;
    %nor/r;
    %flag_set/vec4 8;
    %jmp/0xz  T_65.110, 8;
    %pushi/vec4 1, 0, 1;
    %dup/vec4;
    %load/vec4 v0xc00ea4460_0;
    %cmp/u;
    %jmp/1 T_65.112, 6;
    %dup/vec4;
    %load/vec4 v0xc00ea45a0_0;
    %cmp/u;
    %jmp/1 T_65.113, 6;
    %dup/vec4;
    %load/vec4 v0xc00ea4d20_0;
    %cmp/u;
    %jmp/1 T_65.114, 6;
    %jmp T_65.115;
T_65.112 ;
    %pushi/vec4 2, 0, 2;
    %assign/vec4 v0xc00ea75c0_0, 0;
    %jmp T_65.115;
T_65.113 ;
    %pushi/vec4 1, 0, 2;
    %assign/vec4 v0xc00ea75c0_0, 0;
    %jmp T_65.115;
T_65.114 ;
    %pushi/vec4 0, 0, 2;
    %assign/vec4 v0xc00ea75c0_0, 0;
    %jmp T_65.115;
T_65.115 ;
    %pop/vec4 1;
    %load/vec4 v0xc00ea8c80_0;
    %load/vec4 v0xc00ea29e0_0;
    %add;
    %assign/vec4 v0xc00ea8c80_0, 0;
    %pushi/vec4 1, 0, 1;
    %store/vec4 v0xc00ea9180_0, 0, 1;
T_65.110 ;
    %load/vec4 v0xc00ea6620_0;
    %nor/r;
    %flag_set/vec4 9;
    %flag_get/vec4 9;
    %jmp/0 T_65.118, 9;
    %load/vec4 v0xc00ea68a0_0;
    %and;
T_65.118;
    %flag_set/vec4 8;
    %jmp/0xz  T_65.116, 8;
    %pushi/vec4 64, 0, 8;
    %assign/vec4 v0xc00ea1860_0, 0;
    %pushi/vec4 1, 0, 1;
    %assign/vec4 v0xc00ea2ee0_0, 0;
    %pushi/vec4 1, 0, 1;
    %assign/vec4 v0xc00ea2da0_0, 0;
T_65.116 ;
T_65.107 ;
    %jmp T_65.13;
T_65.12 ;
    %pushi/vec4 1, 0, 1;
    %assign/vec4 v0xc00ea6300_0, 0;
    %load/vec4 v0xc00ea6620_0;
    %nor/r;
    %flag_set/vec4 8;
    %jmp/1 T_65.121, 8;
    %load/vec4 v0xc00ea68a0_0;
    %flag_set/vec4 9;
    %flag_or 8, 9;
T_65.121;
    %jmp/0xz  T_65.119, 8;
    %load/vec4 v0xc00ea66c0_0;
    %nor/r;
    %flag_set/vec4 8;
    %jmp/0xz  T_65.122, 8;
    %pushi/vec4 1, 0, 1;
    %dup/vec4;
    %load/vec4 v0xc00ea3b60_0;
    %flag_set/vec4 8;
    %flag_get/vec4 8;
    %jmp/1 T_65.128, 8;
    %load/vec4 v0xc00ea3c00_0;
    %or;
T_65.128;
    %cmp/u;
    %jmp/1 T_65.124, 6;
    %dup/vec4;
    %load/vec4 v0xc00ea3ca0_0;
    %flag_set/vec4 8;
    %flag_get/vec4 8;
    %jmp/1 T_65.129, 8;
    %load/vec4 v0xc00ea3d40_0;
    %or;
T_65.129;
    %cmp/u;
    %jmp/1 T_65.125, 6;
    %dup/vec4;
    %load/vec4 v0xc00ea3e80_0;
    %cmp/u;
    %jmp/1 T_65.126, 6;
    %jmp T_65.127;
T_65.124 ;
    %pushi/vec4 2, 0, 2;
    %assign/vec4 v0xc00ea75c0_0, 0;
    %jmp T_65.127;
T_65.125 ;
    %pushi/vec4 1, 0, 2;
    %assign/vec4 v0xc00ea75c0_0, 0;
    %jmp T_65.127;
T_65.126 ;
    %pushi/vec4 0, 0, 2;
    %assign/vec4 v0xc00ea75c0_0, 0;
    %jmp T_65.127;
T_65.127 ;
    %pop/vec4 1;
    %load/vec4 v0xc00ea5860_0;
    %assign/vec4 v0xc00ea6120_0, 0;
    %load/vec4 v0xc00ea3ca0_0;
    %assign/vec4 v0xc00ea6080_0, 0;
    %load/vec4 v0xc00ea3b60_0;
    %assign/vec4 v0xc00ea5fe0_0, 0;
    %load/vec4 v0xc00ea8c80_0;
    %load/vec4 v0xc00ea29e0_0;
    %add;
    %assign/vec4 v0xc00ea8c80_0, 0;
    %pushi/vec4 1, 0, 1;
    %store/vec4 v0xc00ea9040_0, 0, 1;
T_65.122 ;
    %load/vec4 v0xc00ea6620_0;
    %nor/r;
    %flag_set/vec4 9;
    %flag_get/vec4 9;
    %jmp/0 T_65.132, 9;
    %load/vec4 v0xc00ea68a0_0;
    %and;
T_65.132;
    %flag_set/vec4 8;
    %jmp/0xz  T_65.130, 8;
    %pushi/vec4 1, 0, 1;
    %dup/vec4;
    %load/vec4 v0xc00ea6120_0;
    %cmp/u;
    %jmp/1 T_65.133, 6;
    %dup/vec4;
    %load/vec4 v0xc00ea6080_0;
    %cmp/u;
    %jmp/1 T_65.134, 6;
    %dup/vec4;
    %load/vec4 v0xc00ea5fe0_0;
    %cmp/u;
    %jmp/1 T_65.135, 6;
    %jmp T_65.136;
T_65.133 ;
    %load/vec4 v0xc00ea72a0_0;
    %assign/vec4 v0xc00ea8dc0_0, 0;
    %jmp T_65.136;
T_65.134 ;
    %load/vec4 v0xc00ea72a0_0;
    %parti/s 16, 0, 2;
    %pad/s 32;
    %assign/vec4 v0xc00ea8dc0_0, 0;
    %jmp T_65.136;
T_65.135 ;
    %load/vec4 v0xc00ea72a0_0;
    %parti/s 8, 0, 2;
    %pad/s 32;
    %assign/vec4 v0xc00ea8dc0_0, 0;
    %jmp T_65.136;
T_65.136 ;
    %pop/vec4 1;
    %pushi/vec4 1, 0, 1;
    %assign/vec4 v0xc00ea2ee0_0, 0;
    %pushi/vec4 1, 0, 1;
    %assign/vec4 v0xc00ea2da0_0, 0;
    %pushi/vec4 64, 0, 8;
    %assign/vec4 v0xc00ea1860_0, 0;
T_65.130 ;
T_65.119 ;
    %jmp T_65.13;
T_65.13 ;
    %pop/vec4 1;
T_65.4 ;
    %pushi/vec4 1, 0, 1;
    %flag_set/vec4 10;
    %flag_get/vec4 10;
    %jmp/0 T_65.140, 10;
    %load/vec4 v0xc00ea8fa0_0;
    %and;
T_65.140;
    %flag_set/vec4 9;
    %flag_get/vec4 9;
    %jmp/0 T_65.139, 9;
    %load/vec4 v0xc00ea66c0_0;
    %flag_set/vec4 9;
    %flag_get/vec4 9;
    %jmp/1 T_65.141, 9;
    %load/vec4 v0xc00ea6800_0;
    %or;
T_65.141;
    %and;
T_65.139;
    %flag_set/vec4 8;
    %jmp/0xz  T_65.137, 8;
    %load/vec4 v0xc00ea75c0_0;
    %pad/u 32;
    %cmpi/e 0, 0, 32;
    %flag_get/vec4 4;
    %jmp/0 T_65.144, 4;
    %load/vec4 v0xc00ea8c80_0;
    %parti/s 2, 0, 2;
    %pad/u 32;
    %pushi/vec4 0, 0, 32;
    %cmp/ne;
    %flag_get/vec4 4;
    %and;
T_65.144;
    %flag_set/vec4 8;
    %jmp/0xz  T_65.142, 8;
    %pushi/vec4 128, 0, 8;
    %assign/vec4 v0xc00ea1860_0, 0;
T_65.142 ;
    %load/vec4 v0xc00ea75c0_0;
    %pad/u 32;
    %cmpi/e 1, 0, 32;
    %flag_get/vec4 4;
    %jmp/0 T_65.147, 4;
    %load/vec4 v0xc00ea8c80_0;
    %parti/s 1, 0, 2;
    %pad/u 32;
    %pushi/vec4 0, 0, 32;
    %cmp/ne;
    %flag_get/vec4 4;
    %and;
T_65.147;
    %flag_set/vec4 8;
    %jmp/0xz  T_65.145, 8;
    %pushi/vec4 128, 0, 8;
    %assign/vec4 v0xc00ea1860_0, 0;
T_65.145 ;
T_65.137 ;
    %pushi/vec4 1, 0, 1;
    %flag_set/vec4 11;
    %flag_get/vec4 11;
    %jmp/0 T_65.152, 11;
    %load/vec4 v0xc00ea8fa0_0;
    %and;
T_65.152;
    %flag_set/vec4 10;
    %flag_get/vec4 10;
    %jmp/0 T_65.151, 10;
    %load/vec4 v0xc00ea6760_0;
    %and;
T_65.151;
    %flag_set/vec4 9;
    %flag_get/vec4 9;
    %jmp/0 T_65.150, 9;
    %load/vec4 v0xc00ea8e60_0;
    %parti/s 2, 0, 2;
    %or/r;
    %and;
T_65.150;
    %flag_set/vec4 8;
    %jmp/0xz  T_65.148, 8;
    %pushi/vec4 128, 0, 8;
    %assign/vec4 v0xc00ea1860_0, 0;
T_65.148 ;
    %load/vec4 v0xc00ea8fa0_0;
    %nor/r;
    %flag_set/vec4 8;
    %jmp/1 T_65.155, 8;
    %load/vec4 v0xc00ea68a0_0;
    %flag_set/vec4 9;
    %flag_or 8, 9;
T_65.155;
    %jmp/0xz  T_65.153, 8;
    %pushi/vec4 0, 0, 1;
    %assign/vec4 v0xc00ea6620_0, 0;
    %pushi/vec4 0, 0, 1;
    %assign/vec4 v0xc00ea6760_0, 0;
    %pushi/vec4 0, 0, 1;
    %assign/vec4 v0xc00ea66c0_0, 0;
    %pushi/vec4 0, 0, 1;
    %assign/vec4 v0xc00ea6800_0, 0;
T_65.153 ;
    %load/vec4 v0xc00ea90e0_0;
    %flag_set/vec4 8;
    %jmp/0xz  T_65.156, 8;
    %pushi/vec4 1, 0, 1;
    %assign/vec4 v0xc00ea6760_0, 0;
T_65.156 ;
    %load/vec4 v0xc00ea9040_0;
    %flag_set/vec4 8;
    %jmp/0xz  T_65.158, 8;
    %pushi/vec4 1, 0, 1;
    %assign/vec4 v0xc00ea66c0_0, 0;
T_65.158 ;
    %load/vec4 v0xc00ea9180_0;
    %flag_set/vec4 8;
    %jmp/0xz  T_65.160, 8;
    %pushi/vec4 1, 0, 1;
    %assign/vec4 v0xc00ea6800_0, 0;
T_65.160 ;
    %load/vec4 v0xc00ea78e0_0;
    %pushi/vec4 4294967295, 0, 32;
    %and;
    %assign/vec4 v0xc00ea5360_0, 0;
    %pushi/vec4 4294967295, 4294967295, 32;
    %store/vec4 v0xc00ea1c20_0, 0, 32;
    %jmp T_65;
    .thread T_65;
    .scope S_0xc00e7ca80;
T_66 ;
    %fork t_1, S_0xc00e7d500;
    %jmp t_0;
    .scope S_0xc00e7d500;
t_1 ;
    %pushi/vec4 0, 0, 32;
    %store/vec4 v0xc00ea9540_0, 0, 32;
T_66.0 ; Top of for-loop
    %load/vec4 v0xc00ea9540_0;
    %cmpi/s 2048, 0, 32;
	  %jmp/0xz T_66.1, 5;
    %pushi/vec4 19, 0, 32;
    %ix/getv/s 4, v0xc00ea9540_0;
    %store/vec4a v0xc00ea9b80, 4, 0;
T_66.2 ; for-loop step statement
    %load/vec4 v0xc00ea9540_0;
    %addi 1, 0, 32;
    %store/vec4 v0xc00ea9540_0, 0, 32;
    %jmp T_66.0;
T_66.1 ; for-loop exit label
    %vpi_func 5 97 "$value$plusargs" 32, "hex=%s", v0xc00ea94a0_0 {0 0 0};
    %cmpi/ne 0, 0, 32;
    %jmp/0xz  T_66.3, 4;
    %vpi_call/w 5 98 "$display", "[soc] $readmemh %0s", v0xc00ea94a0_0 {0 0 0};
    %vpi_call/w 5 99 "$readmemh", v0xc00ea94a0_0, v0xc00ea9b80 {0 0 0};
T_66.3 ;
    %end;
    .scope S_0xc00e7ca80;
t_0 %join;
    %end;
    .thread T_66;
    .scope S_0xc00e7ca80;
T_67 ;
    %pushi/vec4 0, 0, 32;
    %store/vec4 v0xc00eaa080_0, 0, 32;
    %pushi/vec4 0, 0, 1;
    %store/vec4 v0xc00eaa120_0, 0, 1;
    %pushi/vec4 0, 0, 1;
    %store/vec4 v0xc00eaa260_0, 0, 1;
    %pushi/vec4 0, 0, 8;
    %store/vec4 v0xc00eaa1c0_0, 0, 8;
    %end;
    .thread T_67;
    .scope S_0xc00e7ca80;
T_68 ;
    %wait E_0xc00e53780;
    %pushi/vec4 0, 0, 1;
    %assign/vec4 v0xc00eaa260_0, 0;
    %pushi/vec4 0, 0, 1;
    %assign/vec4 v0xc00ea9e00_0, 0;
    %pushi/vec4 0, 0, 32;
    %assign/vec4 v0xc00ea9d60_0, 0;
    %load/vec4 v0xc00ea9ea0_0;
    %flag_set/vec4 9;
    %flag_get/vec4 9;
    %jmp/0 T_68.2, 9;
    %load/vec4 v0xc00ea9e00_0;
    %nor/r;
    %and;
T_68.2;
    %flag_set/vec4 8;
    %jmp/0xz  T_68.0, 8;
    %load/vec4 v0xc00ea9a40_0;
    %flag_set/vec4 8;
    %jmp/0xz  T_68.3, 8;
    %load/vec4 v0xc00ea9fe0_0;
    %cmpi/e 0, 0, 4;
    %jmp/0xz  T_68.5, 4;
    %ix/getv 4, v0xc00ea9860_0;
    %load/vec4a v0xc00ea9b80, 4;
    %assign/vec4 v0xc00ea9d60_0, 0;
    %jmp T_68.6;
T_68.5 ;
    %load/vec4 v0xc00ea9fe0_0;
    %parti/s 1, 0, 2;
    %flag_set/vec4 8;
    %jmp/0xz  T_68.7, 8;
    %load/vec4 v0xc00ea9f40_0;
    %parti/s 8, 0, 2;
    %ix/getv 3, v0xc00ea9860_0;
    %ix/load 4, 0, 0; Constant delay
    %assign/vec4/a/d v0xc00ea9b80, 0, 4;
T_68.7 ;
    %load/vec4 v0xc00ea9fe0_0;
    %parti/s 1, 1, 2;
    %flag_set/vec4 8;
    %jmp/0xz  T_68.9, 8;
    %load/vec4 v0xc00ea9f40_0;
    %parti/s 8, 8, 5;
    %ix/getv 3, v0xc00ea9860_0;
    %ix/load 4, 8, 0; part off
    %ix/load 5, 0, 0; Constant delay
    %assign/vec4/a/d v0xc00ea9b80, 4, 5;
T_68.9 ;
    %load/vec4 v0xc00ea9fe0_0;
    %parti/s 1, 2, 3;
    %flag_set/vec4 8;
    %jmp/0xz  T_68.11, 8;
    %load/vec4 v0xc00ea9f40_0;
    %parti/s 8, 16, 6;
    %ix/getv 3, v0xc00ea9860_0;
    %ix/load 4, 16, 0; part off
    %ix/load 5, 0, 0; Constant delay
    %assign/vec4/a/d v0xc00ea9b80, 4, 5;
T_68.11 ;
    %load/vec4 v0xc00ea9fe0_0;
    %parti/s 1, 3, 3;
    %flag_set/vec4 8;
    %jmp/0xz  T_68.13, 8;
    %load/vec4 v0xc00ea9f40_0;
    %parti/s 8, 24, 6;
    %ix/getv 3, v0xc00ea9860_0;
    %ix/load 4, 24, 0; part off
    %ix/load 5, 0, 0; Constant delay
    %assign/vec4/a/d v0xc00ea9b80, 4, 5;
T_68.13 ;
T_68.6 ;
    %pushi/vec4 1, 0, 1;
    %assign/vec4 v0xc00ea9e00_0, 0;
    %jmp T_68.4;
T_68.3 ;
    %load/vec4 v0xc00ea9ae0_0;
    %flag_set/vec4 8;
    %jmp/0xz  T_68.15, 8;
    %load/vec4 v0xc00ea9c20_0;
    %parti/s 8, 0, 2;
    %dup/vec4;
    %pushi/vec4 0, 0, 8;
    %cmp/u;
    %jmp/1 T_68.17, 6;
    %dup/vec4;
    %pushi/vec4 4, 0, 8;
    %cmp/u;
    %jmp/1 T_68.18, 6;
    %dup/vec4;
    %pushi/vec4 8, 0, 8;
    %cmp/u;
    %jmp/1 T_68.19, 6;
    %pushi/vec4 0, 0, 32;
    %assign/vec4 v0xc00ea9d60_0, 0;
    %pushi/vec4 1, 0, 1;
    %assign/vec4 v0xc00ea9e00_0, 0;
    %jmp T_68.21;
T_68.17 ;
    %load/vec4 v0xc00ea9fe0_0;
    %cmpi/ne 0, 0, 4;
    %jmp/0xz  T_68.22, 4;
    %load/vec4 v0xc00ea9f40_0;
    %assign/vec4 v0xc00eaa080_0, 0;
T_68.22 ;
    %load/vec4 v0xc00eaa080_0;
    %assign/vec4 v0xc00ea9d60_0, 0;
    %pushi/vec4 1, 0, 1;
    %assign/vec4 v0xc00ea9e00_0, 0;
    %jmp T_68.21;
T_68.18 ;
    %load/vec4 v0xc00ea9fe0_0;
    %cmpi/ne 0, 0, 4;
    %jmp/0xz  T_68.24, 4;
    %load/vec4 v0xc00ea9f40_0;
    %parti/s 8, 0, 2;
    %assign/vec4 v0xc00eaa1c0_0, 0;
    %pushi/vec4 1, 0, 1;
    %assign/vec4 v0xc00eaa260_0, 0;
    %vpi_call/w 5 166 "$write", "%c", &PV<v0xc00ea9f40_0, 0, 8> {0 0 0};
    %vpi_call/w 5 167 "$fflush" {0 0 0};
T_68.24 ;
    %pushi/vec4 0, 0, 32;
    %assign/vec4 v0xc00ea9d60_0, 0;
    %pushi/vec4 1, 0, 1;
    %assign/vec4 v0xc00ea9e00_0, 0;
    %jmp T_68.21;
T_68.19 ;
    %load/vec4 v0xc00ea9fe0_0;
    %cmpi/ne 0, 0, 4;
    %jmp/0xz  T_68.26, 4;
    %load/vec4 v0xc00ea9f40_0;
    %parti/s 1, 0, 2;
    %assign/vec4 v0xc00eaa120_0, 0;
T_68.26 ;
    %pushi/vec4 0, 0, 31;
    %load/vec4 v0xc00eaa120_0;
    %concat/vec4; draw_concat_vec4
    %assign/vec4 v0xc00ea9d60_0, 0;
    %pushi/vec4 1, 0, 1;
    %assign/vec4 v0xc00ea9e00_0, 0;
    %jmp T_68.21;
T_68.21 ;
    %pop/vec4 1;
    %jmp T_68.16;
T_68.15 ;
    %pushi/vec4 3735931646, 0, 32;
    %assign/vec4 v0xc00ea9d60_0, 0;
    %pushi/vec4 1, 0, 1;
    %assign/vec4 v0xc00ea9e00_0, 0;
T_68.16 ;
T_68.4 ;
T_68.0 ;
    %jmp T_68;
    .thread T_68;
    .scope S_0x105484a40;
T_69 ;
    %pushi/vec4 0, 0, 1;
    %store/vec4 v0xc00eaa580_0, 0, 1;
    %pushi/vec4 0, 0, 1;
    %store/vec4 v0xc00eaa9e0_0, 0, 1;
    %pushi/vec4 0, 0, 32;
    %store/vec4 v0xc00eaa800_0, 0, 32;
    %pushi/vec4 0, 0, 32;
    %store/vec4 v0xc00eaa6c0_0, 0, 32;
    %pushi/vec4 0, 0, 32;
    %store/vec4 v0xc00eaa940_0, 0, 32;
    %pushi/vec4 200000, 0, 32;
    %store/vec4 v0xc00eaa8a0_0, 0, 32;
    %pushi/vec4 0, 0, 32;
    %store/vec4 v0xc00eaa620_0, 0, 32;
    %end;
    .thread T_69, $init;
    .scope S_0x105484a40;
T_70 ;
    %delay 10000, 0;
    %load/vec4 v0xc00eaa580_0;
    %inv;
    %store/vec4 v0xc00eaa580_0, 0, 1;
    %jmp T_70;
    .thread T_70;
    .scope S_0x105484a40;
T_71 ;
    %delay 100000, 0;
    %pushi/vec4 1, 0, 1;
    %store/vec4 v0xc00eaa9e0_0, 0, 1;
    %end;
    .thread T_71;
    .scope S_0x105484a40;
T_72 ;
    %wait E_0xc00e53780;
    %load/vec4 v0xc00eaa9e0_0;
    %flag_set/vec4 8;
    %jmp/0xz  T_72.0, 8;
    %load/vec4 v0xc00eaa760_0;
    %load/vec4 v0xc00eaa800_0;
    %cmp/ne;
    %jmp/0xz  T_72.2, 6;
    %vpi_call/w 4 51 "$display", "[gpio %0t] 0x%08x", $time, v0xc00eaa760_0 {0 0 0};
    %load/vec4 v0xc00eaa760_0;
    %assign/vec4 v0xc00eaa800_0, 0;
    %load/vec4 v0xc00eaa6c0_0;
    %addi 1, 0, 32;
    %assign/vec4 v0xc00eaa6c0_0, 0;
    %load/vec4 v0xc00eaa940_0;
    %cmpi/ne 0, 0, 32;
    %flag_get/vec4 4;
    %jmp/0 T_72.6, 4;
    %load/vec4 v0xc00eaa940_0;
    %load/vec4 v0xc00eaa6c0_0;
    %addi 1, 0, 32;
    %cmp/s;
    %flag_get/vec4 4;
    %flag_get/vec4 5;
    %or;
    %and;
T_72.6;
    %flag_set/vec4 8;
    %jmp/0xz  T_72.4, 8;
    %vpi_call/w 4 55 "$display", "[tb] max_gpio (%0d) saglandi, durduruluyor.", v0xc00eaa940_0 {0 0 0};
    %vpi_call/w 4 57 "$finish" {0 0 0};
T_72.4 ;
T_72.2 ;
T_72.0 ;
    %jmp T_72;
    .thread T_72;
    .scope S_0x105484a40;
T_73 ;
    %wait E_0xc00e53780;
    %load/vec4 v0xc00eaa9e0_0;
    %flag_set/vec4 9;
    %flag_get/vec4 9;
    %jmp/0 T_73.2, 9;
    %load/vec4 v0xc00eaaa80_0;
    %and;
T_73.2;
    %flag_set/vec4 8;
    %jmp/0xz  T_73.0, 8;
    %vpi_call/w 4 68 "$display", "[tb] sim_done set, durduruluyor (cycle=%0t).", $time {0 0 0};
    %vpi_call/w 4 69 "$finish" {0 0 0};
T_73.0 ;
    %jmp T_73;
    .thread T_73;
    .scope S_0x105484a40;
T_74 ;
    %wait E_0xc00e53780;
    %load/vec4 v0xc00eaa9e0_0;
    %flag_set/vec4 8;
    %jmp/0xz  T_74.0, 8;
    %load/vec4 v0xc00eaa620_0;
    %addi 1, 0, 32;
    %assign/vec4 v0xc00eaa620_0, 0;
    %load/vec4 v0xc00eaa8a0_0;
    %load/vec4 v0xc00eaa620_0;
    %cmp/s;
    %flag_or 5, 4;
    %jmp/0xz  T_74.2, 5;
    %vpi_call/w 4 83 "$display", "[tb] max_cycles (%0d) asildi, durduruluyor.", v0xc00eaa8a0_0 {0 0 0};
    %vpi_call/w 4 85 "$finish" {0 0 0};
T_74.2 ;
T_74.0 ;
    %jmp T_74;
    .thread T_74;
    .scope S_0x105484a40;
T_75 ;
    %vpi_func 4 96 "$value$plusargs" 32, "cycles=%d", v0xc00eaa8a0_0 {0 0 0};
    %nor/r;
    %flag_set/vec4 8;
    %jmp/0xz  T_75.0, 8;
    %pushi/vec4 200000, 0, 32;
    %store/vec4 v0xc00eaa8a0_0, 0, 32;
T_75.0 ;
    %vpi_func 4 98 "$value$plusargs" 32, "max_gpio=%d", v0xc00eaa940_0 {0 0 0};
    %nor/r;
    %flag_set/vec4 8;
    %jmp/0xz  T_75.2, 8;
    %pushi/vec4 0, 0, 32;
    %store/vec4 v0xc00eaa940_0, 0, 32;
T_75.2 ;
    %vpi_func 4 101 "$value$plusargs" 32, "trace=%s", v0xc00eaac60_0 {0 0 0};
    %cmpi/ne 0, 0, 32;
    %jmp/0xz  T_75.4, 4;
    %vpi_call/w 4 102 "$dumpfile", v0xc00eaac60_0 {0 0 0};
    %vpi_call/w 4 103 "$dumpvars", 32'sb00000000000000000000000000000000, S_0x105484a40 {0 0 0};
T_75.4 ;
    %vpi_call/w 4 106 "$display", "[tb] PicoRV32 SoC simulasyonu basliyor (max_cycles=%0d, max_gpio=%0d).", v0xc00eaa8a0_0, v0xc00eaa940_0 {0 0 0};
    %end;
    .thread T_75;
# The file index is used to find the file name in the following table.
:file_names 6;
    "N/A";
    "<interactive>";
    "-";
    "/Users/atakansever/Documents/GitHub/picorv32-assembler/sim/picorv32.v";
    "/Users/atakansever/Documents/GitHub/picorv32-assembler/sim/tb.v";
    "/Users/atakansever/Documents/GitHub/picorv32-assembler/sim/soc.v";
